customer_id,customer_unique_id,customer_zip_code_prefix,customer_city,customer_state
0004164d20a9e969af783496f3408652,104bdb7e6a6cdceaa88c3ea5fa6b2b93,13272,valinhos,SP
0028ff36263a86bf679df7c863a0a0ba,0659763dba9821af49728668716e1084,28895,rio das ostras,RJ
003177b3eeca50af17750f53802c9a09,20681391edaed7eccd918d4a74f8a570,58052,joao pessoa,PB
00330644cccc5db0276fa836976306fe,385ec0e1c5bcf488115ca06b26ec9f8b,20021,rio de janeiro,RJ
00447b6bd39c4a0f6366b05948f9e2e3,3c9e98b59c61b1ccdba1108eca8c61d4,87710,paranavai,PR
0050ee32fbb93383fb0d9e3d8ee89a07,0301e2b22f44b5a060987ecf49f8ada8,78400,diamantino,MT
007182cdc3e8e2d3d4ce0b00b9004630,0c4f8b6f80f0dbddbdce3882d2242be9,01251,sao paulo,SP
00791d8bb3acb245dc0b865656e18fff,56b6eede1b10925212f054a7ba614796,37410,tres coracoes,MG
008d16b47540f172f75b765d5ea1eed0,35757a3cfd70b9aeab443c4dc1d8ad30,02804,sao paulo,SP
00b2b9682f5c2a1f7cf1312ce6a0ea9d,949b75abf6fdda78201547bf5f4c07f5,12236,sao jose dos campos,SP
00cca8735b2e7b89dc267f378e5c9e8d,c118a3dba2fb79861a948df731adc128,12570,aparecida,SP
00d97ddbc2cafa83bc2412d11da98d88,10e640a7ba92ae8164a1f2adba8bf44c,13650,santa cruz das palmeiras,SP
00da48d824214ffba48ab43f5b1d29a0,1500da334da019c68fda219f942ba38a,95040,caxias do sul,RS
00f8ac751ae484a82adb20b42ad1aca7,cf9546de2a77aa119bba565138bf5d34,85801,cascavel,PR
0137bbd3e8c493cfa735b98ef18bd1c6,9403933633aca7e3c413927cbf0ccfd5,30140,belo horizonte,MG
0137f0a46fd3e941f09ead2566bd6408,f8935f608ed11f06cec5ab977057511a,88526,lages,SC
013c39ad671a385ad47e7d108dc6517b,9e72470a3139f0c9b6ea5d48a0007423,25961,teresopolis,RJ
014945a1b791b4b3585bc9d2e8a85d82,f9440ee3262032e0f0ea6ab93edad013,05346,sao paulo,SP
01571872abf22fe5f1be95d63d768575,a78c6edd8ba14885a70e81135fa5fa2d,38057,uberaba,MG
0163303a840691e9f9378d1e41f4849a,2db30afa2e791f20edcaf11c2522572d,60744,fortaleza,CE
0165051ac7514aff1b132007d915622f,ebfd11f20986b88de98c61d9609c569f,42840,abrantes,BA
01813ee9f6884594643a63fc9eaf76a1,d4598f80bbe611f529f578021c1f7a07,14802,araraquara,SP
018346fb20f70801a88a7b8c6dbc2e31,ead836024f59595707c0fb51d9c3463b,48800,monte santo,BA
01961d1b276640f460e6061e7f28873f,60dce986762313a6e0b5d1ff0ecde379,02936,sao paulo,SP
01980baf1c23e7437caf43ce20455d0d,05dc31852040e5e6837f220db434be1c,22780,rio de janeiro,RJ
01a52718e4ca43d2cc1da7c9209a6325,dbceb1472a69b0b7b0a56d0b9c9893f7,11520,cubatao,SP
01a61e75bd333a349351fba370520597,51498d611c600d2fbc05374a3928cfb2,02475,sao paulo,SP
01a672f8689f3c466770ff1883deabe5,6e2fa574b5d96d05551f67cff12f7a54,04821,sao paulo,SP
01aefa3a069cf73167ddbe7725755c2c,8d6edc318022d1d2b7dad49d0053f295,19700,paraguacu paulista,SP
01d443a484536e8a8c520f79dd9f6ad4,c7a71f7c54e8e3cad9f4fedeb13f45af,89820,xanxere,SC
01d581c1d75cd6e7a5315b20589b9944,b5bf139e95255dcdc5eba1fa8e4ff98e,03324,sao paulo,SP
01e5e7553c95f21eda0aaf0da6e0e4d1,02da4d32a2cf298f82d850d77481da0c,08710,mogi das cruzes,SP
01e92a3b160b9a3751ffc7cf52dbed77,7ca927e2dc1febee7484b42dfac3c9d3,11925,ilha comprida,SP
01edba0c1380aa0c91437bee4b7193a5,321606e7fd388f26b3a6ab005fa494f8,14403,franca,SP
01ee3674cbbee7421ea03a3549f0c74d,6b7d9529319d329dfa074692573fb187,58040,joao pessoa,PB
01f4581bf20e14d770c5de782d7ee783,2a07bb527e9136109981057d48af3924,13564,sao carlos,SP
01fb9c979f94a851f92484ae6d6bc41d,2ce5ab213c50be66dd4b323e0cdd09ef,15780,santa rita d'oeste,SP
0218de8038240591323aa1f89630a1e8,77001b080dd723bc9a22e538e5e06e41,06463,barueri,SP
0225ea6650051752e6352a65f4316c49,7fb1599a88a6b7d15f100b29908d25bd,09790,sao bernardo do campo,SP
0237d2fa2b48e6fe5e53c09fc74a5cda,ddc3194f4dbd1455cc8722aeefcc8224,31660,belo horizonte,MG
0253cea0ff18bf585307f88ea4fbd5ab,161a24b37c2040a1a6cba28e417684b0,15720,palmeira d'oeste,SP
026134c333097d60a052ab271aa99159,0398b8575daf8b69af233f7b7c39fb02,28200,sao joao da barra,RJ
02628c7e9eed8af6043c70257a7a87c1,39cf8faf26661df0e27872cb60f9bb50,89086,indaial,SC
026ae2477af95b832998d23578eb4336,972a82354438a79c4b859515df4148ae,24210,niteroi,RJ
0299a3ec7aac3a18ea88cfa6cf8a74f5,abe351201e61437f658332cdce4c3c52,12260,paraibuna,SP
02a0087b3657817949973dc48134dece,bb40e4b6e1062e6280c6a272fccf0567,27265,volta redonda,RJ
02aba7ae34101544b479f4487f53fb28,ed08dce6ea329e23c1a6049542082b60,19027,presidente prudente,SP
02afc864fbc233378368b0c0980f576c,7c2f052b624ffd95256127dd8236903e,05468,sao paulo,SP
02b7163ebab30c1560be4d0ead691b00,189b4604b8f7cdc22fb7291a6dd5a164,83560,itaperucu,PR
02d1b5b8831241174c6ef13efd35abbd,7c08375cd96553acf4ed275609fd22e7,45000,vitoria da conquista,BA
02d683623fe8a7afb049181a823afefa,651de09e1045c7dda126e0227f81e531,29157,cariacica,ES
02d93c4e652308b5edeee1ab3e13eab5,b2377deab9b0f65aed08b2baf26467b8,59500,macau,RN
02e3c16610531c771a70c55725f36cfc,85c57268150ebfe427de7685cb34a418,36300,sao joao del rei,MG
02f84ba9cea5411cab9f0eab87bb9c5b,8c8bc67c372d5c409fbf1a340205ddca,22775,rio de janeiro,RJ
02fa7cd4dbbaf1b6794f6f78b0918985,0d3bcb1f77dada007752678d338e47f6,07195,guarulhos,SP
02fcee476755e629f2a4113550450b24,38fb3a44470e308a1f68847d62cf00b7,06766,taboao da serra,SP
03058eb4c0764d7c06ca841cd71ba6f1,d2931dde96daf36474fb9258d8db337a,18077,sorocaba,SP
0306418261763252d46c47f9251e76e2,470adde7d91f2694e38b79cb314252fb,88351,brusque,SC
030eadebe042e915dc4d1fd5abcfe620,b580ec11fa741f3835dc28a7ee995ed3,02856,sao paulo,SP
031d6ed886ccf5805f9da926fbe0fba1,3eff47149425984172e11e18a974e80e,88045,florianopolis,SC
03265354a307d917a63a8f486ac4f277,7279c4c46c5b3fe9b4ae34751011a6a4,38600,paracatu,MG
032ca2b9ba3cd98c0b7f814f2e156f2d,8881b4f658d50b6c099683fbe9ef52a9,35570,formiga,MG
03377b1b4b82e780549eeea3cac8f25a,d5bec12f4115d7cc77dfc90b598becd1,36301,sao joao del rei,MG
0349b833ebc99262c2369a6e20732960,1068cc67ce615ce1bdc2636466448f14,94120,gravatai,RS
034ec80100c45d578f08af297f2b84c9,dec8632530ce2c58e688e63cbc5105e6,28943,sao pedro da aldeia,RJ
03561aef46e7dc993d752d9edf39d31c,effe219869e5a4e0869c3a27b75b56df,93042,sao leopoldo,RS
035c08a68b237ef4afc82109e61a7380,e4469e5047c00b0188885853d357d2ab,04116,sao paulo,SP
0361232bf2b929e19323dfc2843ee554,5f5c98eeb7493cc2ba1a27b73207ea6b,80250,curitiba,PR
0378e1381c730d4504ebc07d23b5bda1,39fd40b7766d6d39bdcc6276541a26a2,49095,aracaju,SE
0385c8d2e645df58096ed14446b5374d,d692a6bff91d35ab9f35ff12a3cc3d10,28735,quissama,RJ
03c75f8dfffde486ab30360f6e689a4f,b61dd513f7cca03e7c2c55fb80fa1772,01214,sao paulo,SP
03de10b74e57b7aa7c13361497c5c51a,0a4d6a36550c3e446052d9e974c47af9,37410,tres coracoes,MG
03e1bb403bc199280f2d3338138c1e4a,8072f84e99d0b4222e3af8eaae114331,21311,rio de janeiro,RJ
03e6182153ba8bbdff8a0236ee161c8f,e96ea4cb3453ea98a7d774de540651e6,36260,alto rio doce,MG
03f0e10539f9f25c2614e50a42464f36,ee59b3e5ddc6f6f92640127ef0c79784,29285,piuma,ES
0400b2f1a68d9a8cae29fe11727ceebe,4ef36808638d570c5fb593b3f111e993,06516,santana de parnaiba,SP
040e8bf7215dd067e3be59eebc2dd6b4,9fe2436fed5311e54beaf61ff1fbcf12,58865,sao bento,PB
04172bd08c3ce1f9546706d7c239d62e,e13c72a5f3d75d4e9ff55feaf7c6a34f,32040,contagem,MG
041cb229c816ff7ddc6e6bd21df556b7,8def2fed2130bb3f799d89f4d6a334e0,45465,teolandia,BA
041d0eb3170569956add1abb9d1681e3,4656190b9bceacd90dcb3b30bf0ebaa0,13483,limeira,SP
043e4ab7fb6ce15a641ee24c596a1e4e,230ebc94e875c79bf04984abbc45dbad,90690,porto alegre,RS
045b31c2888ad0ee254e1387e410ee89,050555c26479bbb8ba0740c37e7454d0,04675,sao paulo,SP
045d1980b25d907232ab04bab9299c82,8d1a2e101cf7b1718f7a0193cd9e3cb6,26060,nova iguacu,RJ
046ba797126ef91632351367c0845f9a,afb52dda5fa21ced63c86f5f05ffb3f5,48430,paripiranga,BA
0474f888bb532eb4cc657abfd37c9d44,413ce1f9ef6d348584397f99571faccc,04623,sao paulo,SP
047965eae6564b51ea05b945966ec595,fa09d685759fe05a524c8563253344f3,45600,itabuna,BA
0491083e2ce781339e49382f4ccee438,ebe45b12f9bb37fb0832dcc00b58c4ce,07152,guarulhos,SP
0499e8d702425ef8b10da2172f9fec96,fae05fe601dcbdbc9d5888b0f9c4b732,81270,curitiba,PR
04ab012a558c5d12ae6037840f85a860,4ce627d55383d1d22fb03e7555cbdc50,03568,sao paulo,SP
04c29bffd4d52318bc9315f4507336fa,ee9c9833d35430156b449bf350eec5e0,20261,rio de janeiro,RJ
04e0f25cc5098641d43654cbb7e73f6b,51c4c9378d32e822b9dade00eaeae998,06764,taboao da serra,SP
04fc2ecbb192c71163629f423d57a13d,e3ea2c912c287a7112962ed5bd521712,14140,cravinhos,SP
0503eb802fe69a16beabc757cdfa27a7,32c8a33ddd22427d707685f155234d1d,08810,mogi das cruzes,SP
050a44e2a689099514443c37f6b36c6f,214742e7862ed2c70b22d62a8e68ad56,17570,oriente,SP
0517275619c2cf3f948fd80048339422,cc344e22d5f33eb4ad85fb088ea60833,29300,cachoeiro de itapemirim,ES
051eca5824715d378df187a46e1005e5,7e7f74ebcb61f6fba286b37002d3f93c,60530,fortaleza,CE
052451bf64a77a9180aef297df1f2020,d6a99105f5450823125a2ad741a581b4,16074,aracatuba,SP
052c33d5b6909c0fe63290cb7bd7c08a,0cadff7d5cd315b0367ce51a17c41814,14096,ribeirao preto,SP
0533b52812f900967b365e6621ce9413,a60f1a0f0cd8fb2f1f68348c98841558,05411,sao paulo,SP
053bc4c013d7589b292fe166ecba6786,82ce4edd273acdd79680c741648b5811,74255,goiania,GO
053fbd86c4da63d8983a3246fc3ae18c,9ecba8c06988a5b29202735b599903cb,78057,cuiaba,MT
054768a77848b10d24141691cddd0ed1,e61abfc55382f5862e43b1c41ae93c17,99400,espumoso,RS
054bbe007936c85bde1a019ea0d47780,d0d7a334e7a8cdfd54b7cd33d827bf80,11070,santos,SP
054bd8842309379cd9f34431efde1239,bac1f311e403ffbccc91a3faa105a936,05019,sao paulo,SP
056b8fbe81db69afef46a5c38b8f9732,3c041797018efae6e8811ac22d146890,18051,sorocaba,SP
056da52b4e48dfc71f202b78016c2ffa,dbd77eeacbb93cd97caddff078f3b381,12712,cruzeiro,SP
0572b0398e8e296548ecc2ab61f79934,359529c96224e12f1b74d573e332398d,66070,belem,PA
0597c9c022748f4c23f019f01b8286f4,9b364462480c4a10d2c83bcfc2d3dc20,29285,piuma,ES
059c2f7d60ef651891a4eadb829bb4f4,71d482c2b03b9f2bf48f8ffbc5be7f7c,96065,pelotas,RS
05bd9751942c8aa2386dfb7459379105,fbc6de82dbc3e5f02f4a62e0aecb4b7e,57025,maceio,AL
05c4fd1bc109e6a9fac6865351e626f8,0b4d8b4f642b4d75f17d530a7a4bdf5c,08253,sao paulo,SP
05ebc27279c0c9082b56bbd6a1441a4b,25084c562406811ccea6b10655d1fff9,06293,osasco,SP
05f74b0eb7b097f9b6180c90576decbf,ffca77d46c6d7d815549a5e4482dba2f,04431,sao paulo,SP
05f830d6d4afd135824b04ce45d20f00,d07fdfa2b78ab36b0f339706aa4f5a09,94960,cachoeirinha,RS
0613b148440366189657a47f27dd5c5f,b0244718d4393188d94d5dce8224f2ff,80010,curitiba,PR
0614d7d74e030d9359a2857dc995e710,a5aba56840224d31f54661155229b79e,94967,cachoeirinha,RS
061a2277159342ce2a3bc5a603856fca,de5a8050cfd9767aebbc1cf8d87daa83,21361,rio de janeiro,RJ
0636c00ff07cc01420d79a193b3496f3,f6f30d20a5c7a5090e26fcc45046286c,26165,belford roxo,RJ
063720fcf0e8243cd82180e83332190a,c8ecf3a1042466096e265a69e8604f46,15950,santa adelia,SP
06401c6722a944337475e6baed34e4ec,5e7b4092b484399489b25d10d7b28096,84660,general carneiro,PR
06475b1ce34b05233619d42030f3c3ab,80b08a8c27a1040245ac55ed0fa0429a,67125,ananindeua,PA
06656bf78bcb39c3852e16abd900c1f2,e55edfb92c19a7c7836068f345250c87,02227,sao paulo,SP
066e5acdd1a429b05b4bcb0c8f8273d3,36cb06fed5371d8e5ae0074141da1ae2,71215,brasilia,DF
067fc5b946c13af561c35e8c6aaa1dd0,cab990a33edd2081f35570a285bf0dca,08590,itaquaquecetuba,SP
068496092363b0e16a6a289da4212d87,62ee5aba44454459ca4b138f017c30ba,09132,santo andre,SP
069f68677638153043f70401d8c08d2d,0ec45df207185ce87471703175856499,83408,colombo,PR
06a552b13fb2cc33c6fde4ff1de4c9c9,435ca69b2991db5926ec1af18d4d27fd,04187,sao paulo,SP
06b423fab94edc97504290952ef19d97,56375a87398786ce5391d3e1814d5a92,36039,juiz de fora,MG
06d794c6d5ca7136fd073d1c0b7fe2fa,e75d5f2ec6f73addaac73723ce86c60a,09180,santo andre,SP
070571ebd72c8abf80e793aa0faa32f8,ce062bc310d6e7ef233195118e090f1e,22080,rio de janeiro,RJ
0707585f9631a5166364cf8730a8ecf2,936a5096d9291b0cf4450c5c1131921c,07250,guarulhos,SP
07193e2fc8e6b8a63e6c080a3cff4d89,ac1ce9b3fc0bbdc4d72c814871b23c35,36088,juiz de fora,MG
071d9f8e80f0f0415885e9aac5814700,dc0ad7294670a9c92b0af89e43ed44d8,11030,santos,SP
072a4d5c91be7fd81a21c401668a27a0,f27b6301acd2953a9cf320c1be3eeb7b,86800,apucarana,PR
073148eec23ea309392759e3e9943d4d,82fa3ba1037d792628f782e2811d76d2,23088,rio de janeiro,RJ
0734e8ed607954bb0d89e1d9435cec68,d1f6133b9a20c8f5d401f476b7706c61,31140,belo horizonte,MG
075e31dfbe61654855be4e32392358e5,a8b4071c5bd64c07c369d13a5e72489b,05014,sao paulo,SP
07639b3edaab833c39efd14a1a950199,b14dd6df9a4322eb6558d4309b0f79f9,30431,belo horizonte,MG
0798dfe8bcdfc6b4a6e0c4b44300b5ca,aff8a08dea554515329d540bc0fb1967,22753,rio de janeiro,RJ
079d166717f416a1460152c6436631ff,599d29e41a2993d9cede1df0d346ab7a,22250,rio de janeiro,RJ
07a41bea02321e3258b602c6f8dd4ff4,71048f40f553973d48d6fe35d01a3afb,66913,belem,PA
07a7e5b0029e354e4428f755cc1988bb,8a4fee7db73ccd4a26a67ab745ba6e12,18684,lencois paulista,SP
07ae746c23c06957d56ae4f0a3f7b3fe,2f3d09b69266cbab293052a3f0701f61,21221,rio de janeiro,RJ
07b7a2a5a3ebe3920967901fd96c0a5f,34adb50767b04238054ca1f76ceabe58,09688,sao bernardo do campo,SP
07dae321287a775e433119f7cc3a774b,5aa242b4cb7fbcc14f377f1ab84f98e7,02043,sao paulo,SP
07e4b8e04c04a18508d3e4999e460f8f,2d263f9fadc3b4e4e25d65ac93dcc6e3,89120,timbo,SC
07e9c547c9d2b7d8ac9a35e81dbd1d89,f4b056f3ca53d48ed82f8c9671cddb64,11702,praia grande,SP
0802da9993945877f32ed71ab7800b6f,b2c80924e40eb8711702a1b9bc2c7e58,55345,iati,PE
0816e830480fc8a07ea1d535160a544b,4ef160d0614da965cc0737ab753c006d,87015,maringa,PR
082805d32249e17183cfb56ccb67b5cf,339f6d44a550afdaf2a4a9a29d091d16,02230,sao paulo,SP
082d42b7dccd6b23d9bad4f1c9be3f6b,13d5564cf2901c72e00fb2e2344a98a3,55800,nazare da mata,PE
0839786620cd7ef6e2da4abca81ac42d,7cc84ca2c968110de3d5fdd67e5d0589,12403,pindamonhangaba,SP
0843fd3baa42b70bf995bb83753bfe90,35ffdc750d13d77f2c0f2bde57693c41,20020,rio de janeiro,RJ
0864f6601de6547b99cb81aa5742a119,70c979e1f75c51572ddd307f0969ca4e,25550,sao joao de meriti,RJ
086752a19f026192b7993e4e8a3bbc9e,925751a747a151a7fa97f2f686d028c3,52060,recife,PE
08724baa3d9128d270080acf34f2a5fd,b576806119d9c13cabc9cd0c95158c60,38057,uberaba,MG
0879e009db1e47cc3e144dd67b38b4f2,34728d8e24570a2c5be957176d56f1af,37464,itanhandu,MG
0888cf44bc996a137f289aacb49925f1,fb72d21d05847399e89c4488f468cc75,36972,martins soares,MG
08a01db5764bdab850af621dc71a35bf,1d22874e942b46c8b1d4bcb9af693d69,03308,sao paulo,SP
08ad03bbb59f24c6f7842e991d1c6324,2b04e235c755a98c3a0faf08f3a35303,06900,embu-guacu,SP
08b0c3ca77cbc85b646e774a1ac760cc,969a073e5e07991b03418169d7fccd36,21070,rio de janeiro,RJ
08b56a0a9c6eff4619a9a141b4dd37e2,915e75e4cb2d49ca4f2f11df06c57b06,38415,uberlandia,MG
08c93b091ea536bc40e8e9436c24f7cd,d29d20c2b98be8a4cdfb197a5e0a391d,95870,bom retiro do sul,RS
08cc63a3c19e9e887d0d4c9d74b58acf,35173058d3ac45f25ca1e8a216011e9a,96820,santa cruz do sul,RS
08e67c772d6a0d150aabc46eda41b466,c75c6472c97395f646052da1c2e574f1,13284,vinhedo,SP
08ea352a9be2e6189b99ed79cdd73c81,2deb710213ca0c110cbfa0fdc047658b,20541,rio de janeiro,RJ
08ee0fea033270eb52f02441559cff94,e5ddbb86adf64741833628d157d73f0b,23015,rio de janeiro,RJ
08fa82297b802757b9b02ced94f8a9e3,e41b91e110b3f72d6bd2f4f7f055b666,21220,rio de janeiro,RJ
08fc5058d39f827b41d726cac116dfbc,cb4089906a5a7ccaf87fb50cf413779d,04116,sao paulo,SP
08ffdbf0b21cffff0d50f69e34097e6f,35a2b7648173b71e6d64851f211abace,64016,teresina,PI
0910359fc88a7c2610a39c0d417bd2a0,bb9de7a757d93065939c7da2a3cd8ce4,55590,ipojuca,PE
09164c039db9837e7eeeda0a0318973c,428cd6d84d62e171bfd2cf805d163aa0,88113,sao jose,SC
0926ef97ab333a4afea77827d3cbe32c,8eb02bcfcb2deb1871afa092fbc732c9,09391,maua,SP
092e7549898890c03675da13f2561938,132887169bcb5123730977ca9a99125f,09180,santo andre,SP
09346ec9309d948658f658d1ae15d43e,4434e1cf18f189d86a659cf9ab3f57dd,05777,sao paulo,SP
094560467d8afd775d9f89d00cf1e682,ccf9bb2d5ab02b4928415360e23e6e8e,86140,primeiro de maio,PR
09684cc1c5d0fdf71ff51b9f99843ea3,47378ac106776bb71ad23c50f9d83fca,45820,eunapolis,BA
097c40e3f812fb54de808f30537ee3e4,4efdb2c26e4674bd3d71e85471b4fb51,13185,hortolandia,SP
0980d72e94bede8b0f7d8a4cd32511c8,f7094d4271d1de526d9a9f47d1d5ddda,35162,ipatinga,MG
099dd240798668d46c5989ed873226c2,ff62140413ed2eb86784fb43d2003e48,06083,osasco,SP
09e0df89238876c0ae98f6eb0fbe08c4,5ede8fb528303cdb7aec5f9c70ab1522,11730,mongagua,SP
09fdefd1702f72c144ad0de71d639900,84ca535d59fea2119e5a15627cdbc1ca,04334,sao paulo,SP
0a014efd7c067b6527b82c28abef318d,04ae551b5f47d2ad463a30d96c15ca7f,24230,niteroi,RJ
0a03a6a1d24de1a847f6a8a26d5ab014,cf587ddafc6594d449e7c643883a7aab,26032,nova iguacu,RJ
0a0700ae1606e3682281763fc7f1b50a,e979170783d20d90448808ffa2567548,22430,rio de janeiro,RJ
0a0a7db3f0b06e9fd2888ebab0f8a694,ee568389580761e3d6965d5770ff2c00,60332,fortaleza,CE
0a19df098ca05e7b026022a068f216f4,98604f5822a62e29afd0aab27caba202,21815,rio de janeiro,RJ
0a1be8bb3e919bc8876626808609a2af,fc685f5d020dbc22ef7dae7822f336dc,38320,santa vitoria,MG
0a40d14cc5b7e11effd9b7a72ddbb24a,46b243ee048230f4654606f3728afbd5,37660,paraisopolis,MG
0a41d003cc1f61f988e15625679c1d67,572632349b72abc4677277f1faaa9af7,88330,balneario camboriu,SC
0a47c5efd6d0836c1b1532cb4b78cda7,5b15fc4c03e0cbf91ec544e8ef531614,04044,sao paulo,SP
0a48cecb7f6b0b7314b5dd2eea0367d8,2825e09d18caaf979fc068920029467e,03412,sao paulo,SP
0a504dda1e89540d0924bb3fdc81b343,91b5b122bd771ff14d51f20b26a1241b,19815,assis,SP
0a757255f246d2d0d2a59368280e27bf,09c6714474a00b7982d406b4af1b29af,04710,sao paulo,SP
0a791c41f6f639d2cdeba44d05e6ef04,002ae492472e45ad6ebeb7a625409392,72547,brasilia,DF
0a89509ed51bf4b266a89f0dde0fa883,810581f011b77fb9ffb69c1c6d3c55ae,75060,anapolis,GO
0a9d4a8cc8cc049accf5701f9756b280,a3dd09511fd6587452c2685627862345,04571,sao paulo,SP
0aa02a8c623a27ee600a55779391bdea,2d97657d968183cd1ba73cdb7d440fdf,36570,vicosa,MG
0aa76d5f7e9e7b8305d6a6759fe8120b,5f3c76215fd76f8ceea500f0a731a735,30672,belo horizonte,MG
0aa91d0cd690f66d4d4e1c9cc82652c7,78eb66fbac97124593fe5f03d545a9f1,74366,goiania,GO
0ab15f44d01c48d43ada758313530fd8,518011c65ce63c1fb5154ed66df8bbfe,09960,diadema,SP
0ac60131bb66f24dcdcbbd6cc502c0f6,62a1ff98f54eeafd0e86b697194cac9b,58035,joao pessoa,PB
0ad829f98fc1e26d27a0d8f8df329ab2,57a7e4b99d307beb7d7f0f8ca175fd84,02915,sao paulo,SP
0adbcea65a531588e0a7c68142d54192,b5e6527dc5f242231eb0248668eb2646,96445,acegua,RS
0ae1f70aec3c222c780ca0bfae1f1ced,ec4ea83b730a66c09400b99656e03934,50770,recife,PE
0af90dc6248673cdc112c7ce66a7372c,64510e766d989ff92d22b0b2c2c04884,07600,mairipora,SP
0afa45aa9b2befa48d4056a9037aeaaf,3ef6f3712c0d045d9546a3cbcb7d65d3,38065,uberaba,MG
0b0744596a26951c22c400dcf85c6e96,77b32e765fd8cdded5c63bcb0ff889a4,17514,marilia,SP
0b07568bfcc48faa6a88e17970605a31,fc99edf80f878dcc87ff154a08cef437,93020,sao leopoldo,RS
0b0d6095c5555fe083844281f6b093bb,e90598185d2427a35e32ef241a5c04aa,11075,santos,SP
0b20fc582fea416e9e4d5b39dc2add1b,8201f0d0cd279f26987cf0df3b72f266,38180,araxa,MG
0b31586b5082359faf1b2861230a17b7,4934acb6cb4376bcd391ce359a915564,02241,sao paulo,SP
0b3266fa3a88c132be21f0cc1ab9a113,f799f3fb6001f51f8230e022db5de1b2,08041,sao paulo,SP
0b35cf387e2b991b1a6928a3cb351f0a,0b21a574354d2ed360d0b1b4762e41c9,12246,sao jose dos campos,SP
0b625a2816bc92763dff9538ee30414a,7c109fe64245f4bbb7a68a877c45f637,07141,guarulhos,SP
0b6f07bb76585814879c04843fdbe504,5717e85e7a0afe8a692e9820e5060445,99250,serafina correa,RS
0b7217d43bc1197dbb53b68db699798d,73ee177ac4ef603b3520cecd3c1de213,09570,sao caetano do sul,SP
0b7d82e753f361401ca599732423ae82,1d29a14c46ef620ab9328be1fa9ad423,20521,rio de janeiro,RJ
0bb40a0d7f0a7d3380f5543254ee0dbc,db2f1a41ca73d34699805d7f4c1d4de7,31365,belo horizonte,MG
0bba7338d5cd321c76f2b47afca91c9b,30a81e307f19e822e7199139fe52b1b0,39820,novo cruzeiro,MG
0bc2c14672dbd55d2657dc1913bdd03a,e1d01ab557759cb60095b085ff6ade4f,36205,barbacena,MG
0bc92ea0f454d4bce3665b5716cfa58d,c6b1d0d394ba367ae48f9bb69158231b,18090,sorocaba,SP
0bcb83f11459548493b5bb7a3df7c996,10aedefb974a292765b5daeeb4177526,17212,jau,SP
0bcc6ae89ebd572cfccf2dd35a46987a,cc025521d96a3005316b61cde71907db,23087,rio de janeiro,RJ
0bd601a41ab5cd6262b57cbb2bcf0f2e,c26714e5c4bdc619234e2c57c0798403,91210,porto alegre,RS
0c19a47cf78648bc68d3e9e3d4fce3bf,48d53c274b8fa24d790d2113ce1946f3,32341,contagem,MG
0c32da3090365f1c34eaa407bd52778a,6faf12196f13db59a69a92ff91568816,29550,jeronimo monteiro,ES
0c337f608f8ac9445aba813206134fbc,582a0b0552cc0678f7b96d538250c36d,23932,angra dos reis,RJ
0c43610fd930ed4eee8f18b6a89a1755,980349653e7fe046c6ecce32d729bab3,09560,sao caetano do sul,SP
0c443d05e8d9a031f5a2f4d8eeeb3fd1,05af4d441293afa8f7d8a960b3caf4b0,18207,itapetininga,SP
0c4d8a4392b18fe20a9a5f0a9189e0e7,428b1908d7e8c637019379bf44dfec4e,12900,braganca paulista,SP
0c5be6b354afcc24ff40642e4538268a,4f44a385b3f93b433eaa7936b1ae045f,13506,rio claro,SP
0c6473e9ab7d84f5b34b6aceaebd024a,37588c120b0cf79780234db155681a2e,22745,rio de janeiro,RJ
0c6d158c02fecb2c22f93b1edb42846b,d1b681f344d65ec9ed3772b90de2d386,37810,guaranesia,MG
0c8050459705eab48d6faf4b118109be,23a77d53d020df90a645854f07cbd8ef,08735,mogi das cruzes,SP
0c82057d8f7095f51c7b46cbe30229a6,e49711ef161d2a621285a0ddd51a7d98,29101,vila velha,ES
0c89c6b8a3eb1a427ae8f50fa500f009,1877e8a26a2618e9e3322b8f322c01fa,13504,rio claro,SP
0c97e8cae92b456d9477d51b046cb813,7df29fec2ab7ea4fd3cddb21314c8f03,37706,pocos de caldas,MG
0cba5ae69e1d511fdf214aa4ab92740b,90dc9cb47f1e585ff87ba74dbbc82e8f,32671,betim,MG
0cbe168a97e6c609efc3b68817fcc92f,076631f9ad2719c4fde47d451ce18104,22783,rio de janeiro,RJ
0ccce07336490a0be9bbcc78b70ff35b,e34759a74542ebac6726b4d02394fe02,21031,rio de janeiro,RJ
0cd47abbc8d9c815ff586e5b21280105,23ae02cdcd126d779864e941c1202249,12970,piracaia,SP
0cf44a827f1bda40bb968f6c0393aec8,80d0037495c69b62744f1c230b693c28,08120,sao paulo,SP
0cfe7792c4a6d243bbd920c0d71a9c46,a41e937d755a54ca5d48e3e34d3a4de6,29163,serra,ES
0d011c0f29cd74c1b0313cc32294b787,167fc7fc6cdcd97f9a597ef3c365a815,13485,limeira,SP
0d0f6b38e873757a949a9c3624b21a93,5e0aa142dc4760e62a74c1830cbf91b1,29845,boa esperanca,ES
0d14d28bc941474750feb2e030e54460,329932a796b9bc326d71e3b932182cdf,04849,sao paulo,SP
0d16bb7bd7c4cb2b20965e3ae4ba43e8,87791a6a620fc43afecf8567fe8365e8,71065,brasilia,DF
0d3652cb1fda41494f012955e8d483d8,cf9b4f5bd0cc8759d7115915f197d975,04543,sao paulo,SP
0d380cd86105a9cb8abf440e29132168,671b97e69e72a66b0be36e82406fc42a,09951,diadema,SP
0d3bc44d03120f413b33f62f0037d1b5,3ab5f644490e3bd3a743ca4e43710859,05017,sao paulo,SP
0d3ef975f64f9faa709568c6b48b5f97,c7620313ad8f336ef1a86409c44858fb,22720,rio de janeiro,RJ
0d41b93aa65d7ebb7b8b1f091ef6644c,184a10e1b37c850d78c7c5539cecb036,88101,sao jose,SC
0d475ec1ce439eb41eef87f144b30d3f,9eb1e6e4ad8e8e4a87dc87fda7e002a4,07082,guarulhos,SP
0d49e6cf6c6049404ab247c5d1ea4aa3,639c0608dce3b89a89bb5a9077dfec48,59071,natal,RN
0d4f8e1cec254ed9c1fd1b02d26fabf8,cae8d7d8ea325e8755c68853f86fad23,95555,capao da canoa,RS
0d65ae359b1b72bba4ae28fb255acf75,a90e373bc4cbe53829d41a1adbbbab94,28800,rio bonito,RJ
0d76279b65c015e327c53010755bd67d,3c8fecf1ca48550923916e2885531248,03818,sao paulo,SP
0d772db64a20cbf2f1bea1c6682b29d0,12d9b81697247da56cbe2421f1f6778c,01311,sao paulo,SP
0d790691b3b4bbbf5ed30d3fde7b5073,ebcbefa0cdc3865ed7e77fd47d7a7bde,90150,porto alegre,RS
0d8a449d198d88f6a8df2a7272000cb2,e610b1bd6ce6a51c34ed60f6964118df,76190,palmeiras de goias,GO
0d9042bd800016a09f39508f92f969a1,8d6ad7bcf10f8952e05cc715c8877b72,08220,sao paulo,SP
0d9406fc091e557580d0d2171f268d88,8beb6684c9cdfea633ec7f48e16f1a84,38400,uberlandia,MG
0d9feda3f375cdf2c05353795e024a5e,5ba6756bffba1fe9727a104af43cf3e9,09080,santo andre,SP
0da511c15dd976bb8df4ece33cfc38dc,77a0c1a957bc24577d9ebee73c3a4b12,01420,sao paulo,SP
0dad07848c618cc5a4679a1bfe1db8d2,ec979208947bbba310f2ad8e50963725,31160,belo horizonte,MG
0dd1098b87c24451307ef832e71db6e8,c8003923bd1dd8512c7ec0a94a215366,13333,indaiatuba,SP
0dd2a674a2b63f9fc54ca6cd83532728,675a8d2a984ea6f86cc5c2d1a45211b0,28175,travessao,RJ
0de81b04e35176808cda689cb88bd263,cecc19ff12c206e6368dd1e9c22a848d,18300,capao bonito,SP
0df8646043b2e16cb9d33ac55f0dd5b3,e24408e938e48fdf8f8fea13619d46e9,04387,sao paulo,SP
0df8e68bdf469717f79bf1e89a7450e4,78151007275917661fd788d7ff1ce06d,01531,sao paulo,SP
0e1169a273c00760595751dbbc636efe,64101517e6876344e5e22a964b2c5e11,05005,sao paulo,SP
0e1b2ff4b8a1ef60fd78f8c3e7df6d4e,d752778abfd1b651a40c399fd307a5ba,88380,balneario picarras,SC
0e2e50595cfab0a0b7c2482dba5960ff,5a6cda86d79e1ed11d38881398f56c59,31130,belo horizonte,MG
0e34185be0d8a6aa341e0c217960f002,fbad365e8064c09c9d468f1242a692c9,13272,valinhos,SP
0e376962430a991d42ab484e13be6e8a,631f49f31cd50e8cf62f210c9512afc8,04561,sao paulo,SP
0e4e3ed44acc06bd424d47ab79993516,59c71ab83d120ac9d6d593a285ac6feb,24330,niteroi,RJ
0e5406f881c6967e0fa8d49d2a5ad553,8c31fa47de4d7473c1ca8be68bfe505c,15120,neves paulista,SP
0e6dc68c45be8a533f75d733eeaaad1f,7cbf84875196ee1d04dc880ebbfaa7ef,12243,sao jose dos campos,SP
0e7292b365653509f4f2f1953fdd2ced,08fb962906a9c56eaf30429574fecb30,22783,rio de janeiro,RJ
0e7697ddfe20700b6a6bbc3394de3db2,7330a3475a2c65878c2c9b95266bef04,80320,curitiba,PR
0e7de6e91e05d4cb605014f859417092,875118b1dcd48f69f97b99d67a5ef50d,97541,alegrete,RS
0e8d765796aac54580fe7f1a3a6c5e86,18d74082ad9d19a77aaa05ebd87efdc9,06730,vargem grande paulista,SP
0e9eb3e3b8e61f91e5dc792fcddb8dd3,3549610d3f44fa4243d5107f57ab4212,87065,maringa,PR
0edc831063e713610ad25d10ffb74848,d409c5590a75603ae1fe24d66d5008c7,26296,nova iguacu,RJ
0ee021d3f5f8797d7adc76dbf69a6b79,5834285a23ef73b5e7d289518129239e,35701,sete lagoas,MG
0ee42e5f18aa18fdf9ff7735e67dfead,09f3234bcb9df3668469a42d4f37c31f,90850,porto alegre,RS
0ee95c043bcf195d5315984c992278ce,dc3a1cd88f30749e7a67596c09e15750,04671,sao paulo,SP
0eed3ff172c60ed10c2c4eb3a08e29c4,d18e5db8ac1d75ef705db46fac25e546,76897,jaru,RO
0ef337888c57f8e58775a2de6b386d10,3132c45b19577f0ec2ab05c887dc1edc,95670,gramado,RS
0f0242e95194275e6fcb0660f728b7c3,c7ebaf88b0022b8aa6893bf62abaf74f,55644,gravata,PE
0f0603d577f299ca129f39109268c546,903fccb1294b588a6c82921ca23acd0d,59086,natal,RN
0f086b70ff8bfcbba5e47b378242231a,45f798bf156eb30f70fa7c5392e90971,06473,barueri,SP
0f24a3bab61713ae6326c93112b0b368,60b8395018e55124548d780d23b9c02d,25510,sao joao de meriti,RJ
0f28bdd9cc5e7809ee80dbf2f426b221,c82ac11370d292cff24da9d6c8d16ceb,85605,francisco beltrao,PR
0f812e34c75d9df59dde62f2b38668e0,828e45d215563e183adc4ea35418b007,82820,curitiba,PR
0f8feee05f830b2be5955cf674a7d8f1,04d1643d1bf6c54f0b099c708e623466,08280,sao paulo,SP
0f935b86bea2bcf211fa481f05d4ae85,3f913149a9967e7dbb5e2b9ad307d718,22420,rio de janeiro,RJ
0f93ba90e798d14d87e136f1b9e56f9f,c1da38f46c9e10f86a672d754b4e561d,02019,sao paulo,SP
0fa431bca31c7763a260a9d9088dce15,12e05efe7bd5ef2683661a37936ceaea,36025,juiz de fora,MG
0fb6e4efad5a7bb20128df51837fcfc5,78c52c4bf8ccd7447802530656e3d7a3,04143,sao paulo,SP
0fc91589220cbbe7c764e26ac0c7143b,d9a3c8c4d10fa2d0bb60abfe746369be,24110,niteroi,RJ
0fcea18b8385353e570a472c79099c91,cd26411d286fd3a4321a9ba6d2ed7249,21230,rio de janeiro,RJ
0fcfe9c03abfd6e62165710d63957ba2,2d7ad9d86fe426b0a9ce54ad9e9aa183,86828,maua da serra,PR
0fd1c951a39c742d65f743041bb9604f,413876221b93ecd8af2858ae28665a9b,90550,porto alegre,RS
0feb4570bb79ad1d9418a224faa1d93f,2c009bef0f63cb98b2067ad0ada95319,13940,aguas de lindoia,SP
0ff949bd20e11b2beacce8d14c1339b8,202fcf1da8f89ce2bef103e5fdfc5ab7,23898,seropedica,RJ
1003c48609c8afc8a24ddb9305f9d772,53ddd59859aa1bb8be87f8e47e2e239d,21740,rio de janeiro,RJ
10534aa113c7fbf11192c2e7f2763052,4c612026edb8aa0feb52df6c4962f675,39403,montes claros,MG
106019032c892c9f50d957f3aabd895e,1c0a958a4332aee970a97c78c7c9a511,04363,sao paulo,SP
1062d9c6d405aeb42ec6fa9b937238a7,2dee0e87b84b55e9879355315c11eb03,20510,rio de janeiro,RJ
106a2d44b8756af49c5c3299fb8001f1,e7251a1cbeb7ba8093c9b1593005ca90,31160,belo horizonte,MG
1070bdeb30f438c677f47d05bb084550,9148558735348ad15d504d4b510a0f81,96400,bage,RS
1072ac5dc4911bd53dd08f11d024ce2a,40a01c0e311a2ab2fe2c62fa17e602af,37476,cristina,MG
1081bac0d0f72391e7c60d0812c8ec5b,a7db22e66ddc7c094e748b9b25b0bc9a,06317,carapicuiba,SP
1098e13c3ac2b7d8b711ca1618cf31e4,71fa3fe2a53fdf039b0dfb07332be412,21710,rio de janeiro,RJ
10b70116f12d6f64f25e04e219a8036d,5ff35578cd099e98396341404ef288f2,89117,gaspar,SC
10cbfffea4f804ac1cc68a8a558424f9,3991c84b618da2e02b44ba48aba925d1,37002,varginha,MG
10d49d1a3883a734feeae150d371a7f5,b85011ba899681708e263f2a8e9f6d35,80410,curitiba,PR
10fa88a7b6a80c8361f3d4d83b6d384c,7ba4e1c44f34ce244666826c869e46f8,11050,santos,SP
1101858718712788854b23b5587b5cc8,409b996c8372c05f6d81b6fb46b095fb,06036,osasco,SP
115169e81289a703470c78057872755f,0e816495a999f008062b007122fa5a45,34400,raposos,MG
116fe32b6383353fec1eea7775c1ab25,c8e70a09bed103cb38ffb34bbf832438,83005,sao jose dos pinhais,PR
117ed172acbb7461d5159dd92f2284ae,c3a1bf5cf9959122b9093f515e3493d6,03882,sao paulo,SP
119725bec6861ddc5104cf752a096e14,f06dc1c33574bc4dd6225512fcfc3579,06765,taboao da serra,SP
119d2be4d56085b41d34fededa11b1bc,308dd643fa2e9df31ac2bf3f0d4b7142,05727,sao paulo,SP
11a0e041ea6e7e21856d2689b64e7f3a,ecc3d4eb9b17d2f0865d21f2abecc51c,39401,montes claros,MG
11a3e46b98d08eb603d8862efbffcb42,f3edd7250be200f6986b3debffcc2f66,04303,sao paulo,SP
11a4c8abedc298e5fd500b5b2cd55d70,65079cb62e694e21bab702487bc8a555,59280,macaiba,RN
11af45ad3e989cec1c7b9c677d8ec713,92d3d9f32205262f8c02d4d5f42c3d45,44690,varzea nova,BA
11b99af21f03410bf5a169d80d3e5264,6546a2878d1afa6156bd0d6871b932b1,19041,presidente prudente,SP
11bb175d41bc7f2eb361e6ab7542d61e,9193fd1eb014ef2dd136dc434f1850a4,21221,rio de janeiro,RJ
11c48762b75875d8949294883c00d14c,06c0e20a617982c7a5113459fde779a4,88048,florianopolis,SC
11c897fd95b346aa239cb2b6401e73f3,d28cc8ac5e1e6dfb3d1f0b6f107430ae,36974,durande,MG
11e6a06de4b661603476106fa2903210,2ee123fe846467308b514a15717df930,88220,itapema,SC
11ec5b987d7a0d733319182a77784d38,ac8132d46f107a35071668c439ab63e9,06785,taboao da serra,SP
11fed1c811bad9120464349fe781821a,71511cfecc25f72fa3b05fd5795a3cd2,88058,florianopolis,SC
1201779af32273e7d0a14ab05164ab0b,8f29552df9b476c07d4e156dc53d38ce,86420,carlopolis,PR
120cfe05591775d14f4852a9080a2663,96fd69e8b0df76a9a807b01dc82bef5b,04371,sao paulo,SP
121c6e0fb5e68761d78dd726a77e9047,ad6e470bbf6ffdf49e9e1a709f964567,13420,piracicaba,SP
123840a282dd67fa5c1e262750d2c9e7,bc685d5d28b24613558138fbf1ea7811,04583,sao paulo,SP
12388b49e68e75381131ee52c3b990de,abfe2e8ef4cf3bc2ad51b5f233634bcb,03535,sao paulo,SP
124ea0ac4cadfffc49227a24235871fe,8d391fbb0d67f85692e14f81e9b6d956,06544,santana de parnaiba,SP
1258e0a6212e3969e7c1a9588a4d2d24,7d083bf69f7145878911f1085cd2f356,06404,barueri,SP
12591d8c5871d885c6e6d8f2814df84f,d7ba5097bed1548b9330222f461761bc,04840,sao paulo,SP
1265dac0c8d709601a1234e4a76343d3,976a362337483723d9dad153bbade3c2,03134,sao paulo,SP
126f85dfb321cccdf77d72f610c0b5a3,783b9cc8e8321e08e6a8ee72584e1b42,06765,taboao da serra,SP
127dff0d95e9dcadef5f3b15138db8d8,e9a95d0829fc0a115e8cd86ce25a6b12,01527,sao paulo,SP
1286872c3c0be0909184f3a1056a7471,16bc2322bea13ae832031605ee72b8cd,95720,garibaldi,RS
12884df92231ffd06d822698027ce61a,e279ede4d0a73bc22e97ce519415dcd4,90245,porto alegre,RS
129ccde4bb98af5b8f8b0b7e15972852,9bbd7d121367692e89c179517fba2351,22743,rio de janeiro,RJ
12a9b33607c2fec94977963045396299,5bf9347f1623a50060ce723051f47f0d,26087,nova iguacu,RJ
12ae89712aa5a178c22147486d3cd310,3b9e2937de55d40ff1f7539bee704b40,20720,rio de janeiro,RJ
12b71606e2ad874a8b0d87a44dc13d03,6444c7cae6ce58e329f7ccd84b2e3660,94455,viamao,RS
12c5c5e285023a1496798e0844016ff6,56676df9045e84d31b95242cb0e9a344,06454,barueri,SP
12c6a38b13ba4a14cafdfbd4d92d917c,0b332720a46bcdf8d6dfbab93962e170,06434,barueri,SP
12e5815197a9e9eee704d54acaccdc27,3893e39857769a60e6f5bfe4badba6f8,97950,guarani das missoes,RS
12eb27c5c8983f8b65f4e79bfb579572,faaea6cd36c9cd073b6624711a378386,38600,paracatu,MG
12ff77d2365bf35a17bac92290192bde,e6daf33c992e2b3c73e692b916972ab3,40110,salvador,BA
12ffbbab2039d22b5c5bd4de2b0ffc78,39dd57f5a7f80ad335912eee5f7f0fb6,37910,delfinopolis,MG
1300309886aad22fdd4ed0f2d088cb3e,68da764f5043d55d8b87da8b287130b8,91130,porto alegre,RS
1303acf77db8cb1ef32c56532c2127aa,cdfb699679dd517211f57d48946d8d58,35628,morada nova de minas,MG
131be65fea5d4d3e9220e739366fd3ea,eba22785df6a0869a23e654da590e35c,09390,maua,SP
1322870a5781743cc149549385e9ce4a,e0eb9011db4b5eac138335cd4b7f07de,47640,santa maria da vitoria,BA
13285f2d708fe358bc04ff5f3abf4142,7a40da3af7a607c7275b9b8f71d730c7,05853,sao paulo,SP
132a9facc3e81d474c4c24d5ce82e284,11f04a5b73bce050bf76e76d2362de17,04564,sao paulo,SP
1334da127df70d32ddf5a1a27c675e65,ea2338471bfa1dd636005e5d4fc0c97b,09420,ribeirao pires,SP
13365c4939099a4a1de84f9cfe06b168,4e7a88424027855b7bacc73eb92f64df,04140,sao paulo,SP
134224848047da7d93f50ce13565f1d1,43b81df83e4a6dd769e698e74127220d,98600,tres passos,RS
13477c22e6b7c686971a1074215eafcb,0a87a7a67fbc861d98a0129e58f4c913,45994,teixeira de freitas,BA
13535c35f58cebeb37b5733f30225dcb,561a0a309b05a99917702086e451acce,64218,parnaiba,PI
135ba949ad95f6ece6b72f07587a7aa5,6392727a45eeb5883dfa0cbca9c9f47b,13172,sumare,SP
136f6eb7ba9d14871b678a90b36627df,459addfa822a84a19962954a1b8203c7,09624,sao bernardo do campo,SP
137105b0420e2f6a83fe51bd237888b0,636f22218f8430a8463c5ddc5f68fc62,14802,araraquara,SP
138e4116bf4fa0d77b5fd7fbb4900a7d,1d7b4e04043c87bc899a0b4c7f4ba23b,04020,sao paulo,SP
1393f95a641d045e1ebc7a6db27258f7,dc79b8df4fa615a9753973a511849ab9,11070,santos,SP
13ad98a83a2c1cefcf679eee57dee7bc,bce11ab2162bccf91cd033f208190ab3,67143,ananindeua,PA
13b24d45013751e69cb8764ac554a4d6,176d944651abc55b63903ec660b8f0e8,05027,sao paulo,SP
13c520253ccaf41623e063d5e81c4d82,287a7cdacbcda8f842d7719e77cb8457,16700,guararapes,SP
13cccd43a240ebdf4cba52bdcb61b97b,319056cad681ba36a9239cfa38197476,01313,sao paulo,SP
13db9c37d449305364a897e44f479406,746c7bded4ed70487bf7d6461e9f855a,65590,barreirinhas,MA
13dd964c7fed51af56b9f113fe590071,ba62c1547e1c72ee7fa314802c36ef0a,37200,lavras,MG
13ef9caa1bc8b42f3e24addaf15ea7be,16dff0079294d5d060b4861db3614d4c,26310,queimados,RJ
1409d4984ed93c6cd3098952b9ff8ff1,ef473761105b90c05402d43c9bf26def,81010,curitiba,PR
140bf51a12fef6c8bb0ae5c195f502fd,a6c22e1aef01b2630980a308bfe91422,38701,patos de minas,MG
14147d5d5faeb0b1d408f87e32101331,62aaf7254900d8d84b740bfaac5fc13d,23080,rio de janeiro,RJ
1422bd723a806e194cfb273eaa75e60b,83554b4bb5c1ea09b8084e0e61798bcc,35370,rio casca,MG
14306fe307e348f15f633d6ff1670e18,0bc40717d757d91aa1426779bccceb26,80730,curitiba,PR
1435bc9dbfa94236680b508f50c9722a,9b69530e0634e85ed714be31be339682,02842,sao paulo,SP
14369dc96e15545d2cdf0b8e5778f1ac,be2466eb15d512e9f18fbf4ad05de28f,94931,cachoeirinha,RS
1445c50b71cac75922c8b2aab68dce8e,dbe946b2de3de076b7ba4f836f8cd2fc,05801,sao paulo,SP
1471498aaeb8618816b95071d851da29,9b7fcfa05fb6f8b88fea3d74a6ba77d6,06900,embu-guacu,SP
14771e5438c96d48727f0abcc82a0f9c,82c173abf4679049bd8628bfe89a9f2c,24230,niteroi,RJ
1479ff715a4d0d50f559fb434ffaac23,67d6a4689d69970e70ea9a37ec01b17e,22753,rio de janeiro,RJ
1484aa9c76bbac8c518f7eb7328494ac,81baeb6a283787838ed66dce745e8201,30660,belo horizonte,MG
14acb30bbc064408dcb8cdd3c92b0c97,1b553902a5bbe6ee54a3aaa7cbfb6816,26255,nova iguacu,RJ
14adf05160841b9f4b22f189542c794d,ec480617d171ec40842fd13cf45dcf6f,04186,sao paulo,SP
14b7979700eeefcb40f5b2f054fbee53,28b7eaa89eeb2313e24ac80ccbad9c84,36010,juiz de fora,MG
14c0eda93d3dc8b6f42b925e9edcbec1,768572c06a90c7efb2895dad6b55a107,82840,curitiba,PR
14c4d965ac30b8a1bfb2ae2625080682,e750aa1589e2bbd986ee68a82cfeb024,09121,santo andre,SP
14e618e8adb379c1d9727e4cfb189daa,58b2572b34b182a7b5b04766a86bfb95,15057,sao jose do rio preto,SP
14f1aa9f09ea57b04d0cedf0febb33c4,ad5dccfee30bc06e904e446616419ff4,13083,campinas,SP
14fbd36fbe6c925943633de58361ca00,dc5a505acfdefc4a9e60ed4dc754a72d,15870,catigua,SP
14fd3eba514b49c33317f567ae94a1d7,a303d52a33f9b147dce5844929ec64ef,36016,juiz de fora,MG
150af294754bba42dcb29e19b7e09c19,a6ef2fd34e5aff7af9811d857e97fa3b,24240,niteroi,RJ
15240b74823a3c800622437091896fef,3c293cf026c6d2cfcb1ad8626b9694aa,08370,sao paulo,SP
1543d33006419c3806d6e4d2a1b7560c,bd22e8c08d3479a7d228132d13dd08f4,60192,fortaleza,CE
154404292cdb376ac4da07ff6e1082ef,acd8cae6b9e396ff6d822d9493a40535,28750,trajano de moraes,RJ
1545bded706d3f0871eaf9d677090e7d,63ec63a5ac5958fcbaf5bcee2fb460c6,83501,almirante tamandare,PR
1555875adb702869814601fd4a7cbe75,84d7ebc1c8bdfe28b9b835b189695477,03279,sao paulo,SP
1555b4c59a0efad68a20978804cefdf3,3c8b66dcc7c613938aa90c8d844b98a0,90560,porto alegre,RS
1557244dadd25bbf0b7c24aa8c76cc2c,876706eecbf770d31d7e3b410f89bb6c,13211,jundiai,SP
1575a1538d2879dce4c6c8669c661ed5,b3c720e51f24e70b2d260f4cb108d20e,30431,belo horizonte,MG
157c08487d75e7d5d5dc3646d4ce05e5,5c8c3b38e0e4479bc10ba8e2926f959b,83408,colombo,PR
158195ad490cea5aee2cd7e3e85fa3b4,2cce313f10c4f1aeaa31f17f8c90c73f,11630,ilhabela,SP
1584f270a914dd9195bb62af01fee774,2d536d8840d1835db262f21d094b78d6,13035,campinas,SP
15893819842cca09b25e1a364cbc3c45,9c387eb39c289c9cae321c72bf38ea59,13720,sao jose do rio pardo,SP
158de880d7c84180a3422c406a1acb9b,d5f552044a84ff3a2f17c9ae13828401,17513,marilia,SP
15b2eac395043e2fc2577903cef35ffa,3c0982e4ddac70bc120bc074214a8476,78032,cuiaba,MT
15b9cc23661eb24b89179be3fc9e43e3,eb18b128f6761d2623981fe8a5677677,22261,rio de janeiro,RJ
15e0d3225b56b33134b31c4d55edf796,b5653aa179c080658d4c6aaa891838aa,06622,jandira,SP
15f2c50b98a1de718c34e7d888f40a68,8e5102c8123b48eb09d2362c18337d4e,78600,barra do garcas,MT
15f71021d8d7ecadc08a88a3d8b91002,d9892c56320242c653eae294d70305cb,53620,igarassu,PE
15f8be16ba77d8e70fa6c968fefb8a17,81eb718d56f3a4032949230c65dfa7b8,89940,guaruja do sul,SC
16098d97a1d12a6152a14e9d930beb8f,9c5118e31b9ce13216afa1ec11d223d1,70847,brasilia,DF
161045ee99ad91883dbc1a6d26127785,1d3178b80a8379b8c1547b1dbb0a2d0e,20973,rio de janeiro,RJ
1612f32963e9825da1018976d1c9e8fc,0e2cdea5b5c9dc617ad5a66dea978812,40375,salvador,BA
161d5918318f43d8a835ef606e0e5ba4,2831b2a448bc9365af4caf0efe5fcbe8,11701,praia grande,SP
161f3380ccb34f88074059e8cc916863,5d227535a37382849a9807bfc7c31fc9,22770,rio de janeiro,RJ
16228502cd87d64e4d7561b8c62bf657,65fcbdbc7a49aa2464ace43850e11d6e,03086,sao paulo,SP
16296a0a954c3f9560636880d4e72c09,b1f99db4a41c5847c5744e0581f79b34,35430,ponte nova,MG
162ef1573c740876cf3265660c5ce579,de19887b95fee78cb2d89525e8ceb499,36570,vicosa,MG
163268204f062d206d34096330db60f6,15c044ed372c207f5a55c2c70a2e8b6d,03087,sao paulo,SP
1636332b9a64a599200ece387bfb69ad,04df07c295971621f8756bdc5adc90fb,18603,botucatu,SP
1643f66f6cc239c720a52b3d0fa8edab,bc8afaa214b377ee40cc263ff400fe84,29400,mimoso do sul,ES
164564995667621b6653afd715ba0e6f,b1f4d69cae920d16d4f996c4fbb0ebf5,06810,embu das artes,SP
1651d9c8b1860f3af49d1a908b8b47c2,1373e04979cfa0fb2092909abbd57f25,45400,valenca,BA
1652b873dc2f33c68dc15bb05e7542e3,f5a5b725532096dfd2b144adfa62b6ff,05570,sao paulo,SP
165b192629cbe02272e51f15c51408ae,1da7e0c16d2176c357472ed588c5c647,64018,teresina,PI
165fd0e9f08674d04684807264f3d58f,9c0e3316782850f36b7d0209c5020ff8,30626,belo horizonte,MG
166cca2d65c48d84cfe64329ed713c71,b154fc44f6b0375d51cc85e3720a2af6,85840,ceu azul,PR
1676edf55749e467544f15922750a231,7a735b500033f8e5957f28a80a3d6fdf,55345,iati,PE
16775472feb645411aba12f5e7a68b38,eebebea46fc14fbd60b0fbe8d9f065e7,29070,vitoria,ES
167f125b0d662c28bb27ee76de59b079,17cc1f0ba0003f601c460f5e541cb040,34800,caete,MG
1684ae14611db66fcad47175a24b643d,b392ff4d509a87ad6b53535bccb8ad04,24435,sao goncalo,RJ
1692226c41a2099015b515e8906a6741,45ea5d11dbab64432746c40c42b10fb3,11250,bertioga,SP
1693bc6668a6e89a390b6f20f86b6825,3de30eeef90dd631e644c6de27acc927,70344,brasilia,DF
16e60282203c560325df62d5c0b435b5,63822de2a13203c2aa8a22cb8e52bcd9,02033,sao paulo,SP
16ee66079a8fd76cccfd889f8edea0dc,9271d8382e15324f1704571bb2dd3147,15091,sao jose do rio preto,SP
16f09deb508bd78385f0589498ded0be,280c34dc057ff9f3cd17360673d4b87c,95914,lajeado,RS
16f1fb10c836b62abe1c810fcf365a1e,0b3c186fd0b9ce5296bc5ce0faf5b33f,18070,sorocaba,SP
170724a3dd2c3b4b4e82955564e85f1d,28c7e3fb75d7ce1e496dc539443b71da,24210,niteroi,RJ
172de855fb198a4dfe967b5ce2b21e34,c22e68114df4519c8f5a33d490245863,26323,queimados,RJ
175ddd0ce13ed60d0220017aecf71f88,d9d038353abdad5717e9d11c1748736d,88090,florianopolis,SC
17690bde33eddf4e0934f5a94dfe01fc,ee86c319ba988c50816cb59a863b1882,01422,sao paulo,SP
176aa9873d5619a5ef475139130337d1,799d07fb5038b68052e46cec15184806,50070,recife,PE
178910ef515adef6afbf89b143d5e25d,e4e6876cca9888203156816a0e2a7523,72150,brasilia,DF
1790ea7644578180c232ae2249ee4486,bbf65e7823171a84e70a495dd6c34ceb,11030,santos,SP
179fbdb937d5132aef21b2eb306b5728,58973349ab1ddeb09dd97ed337f84307,18050,sorocaba,SP
17afddb3dd87d2c751993e6a2d2498a9,05fc85193354fc6cf23df19aa08bde71,14701,bebedouro,SP
17b723f5c85b44a1dcf96dca43d3eb89,5063d70a88d82aab39d8a197036aaf2a,25040,duque de caxias,RJ
17be158b549a978345bc5fdc895815cd,65a14de81a0b04d10a45dc96f71780cb,03449,sao paulo,SP
17ea3439e1b8cf03542a99b176b65330,a3401792af7b165c0dbf8fbb3f351bb8,23042,rio de janeiro,RJ
17ec3674dce86b3240e0a333cc51112e,af97d12238b4f8b2fdd11edeaa843655,13330,indaiatuba,SP
17f649534bad9e486650d91706ac41dc,d9393d531d07e04dfb4ec3c837ff0f52,02712,sao paulo,SP
182189e60d1b38036a9f89ba5572ed16,78ac6736810349db7207e2b4b86d33ea,57314,arapiraca,AL
18391e6f0c771e4f2cc815e155e61d53,e6daf89ad5d70394292f763272af2362,01548,sao paulo,SP
18496a6fa6f46c453fe2e56cec440d0d,9f2dbd2760e261a9735db254ddb9468d,42840,camacari,BA
185086f7b5b98370b0d12e2100a69e08,79b490efb74e50979f8cf36425245859,34011,nova lima,MG
185128ce43d5c5bf6f13b2dba3386df7,4cc8d0ec7468ce7c4a92e850bbfd4e29,78455,lucas do rio verde,MT
18538d4c5ba3cf1a66b9a8c4aceb5e84,9c7751553d42cb89579f028bfbbe55ca,13800,mogi mirim,SP
185830935eb09d19b034abbab645177c,2621b577faf30c524ef1f0fff766a575,48890,valente,BA
185e9b45f2f0219b52c196c4e066ee0a,aa0a178cbb7879e045276239b8a97705,22763,rio de janeiro,RJ
185f76c3d9af9317c7ef1bab149a37cb,6a829e3145ec016315d9a314137db69c,03188,sao paulo,SP
186b3bdd7ccd6d69121a2ba60632a1f7,50312262f27f50e9fd7004e71cf3a332,87020,maringa,PR
18a8fbd579db6b2163bc26aff51b61b0,148a3de3d3d09ba6a6d975c21df3aef1,45653,ilheus,BA
18ba4e53d6602576bd29b279e46b8fa6,d42ada67e15c9c011d37b0451df43614,26040,nova iguacu,RJ
18bc2b648262411362f67867851b1d7e,1c7cb03e860113f3e9bc8bc909056e7c,88765,sao martinho,SC
18cf299c9041729d3bf4dbe1be44a06a,b8cc8bf5c9c45fefbcdffa0ba61001ee,09580,sao caetano do sul,SP
18d5d5895467ab53587d1ec961de0ece,5286875ea58bfa35a5bef1fb4c7e09c2,74922,aparecida de goiania,GO
18d6990fbf6c021149466d3a3a5413d7,cb8f24517d25f62c3b365df56be62a1f,80530,curitiba,PR
18e7b82e90f40ad34fe0c14d63144360,eec90aa06e8887c2a5937f17d0d03d4e,22030,rio de janeiro,RJ
190b368f5dc9f4df66376860dbc8af15,741f05bd287ebfd48cd4c618c24e78d7,13214,jundiai,SP
1918658fc7c2182ff0e4f0a6a2f1973d,95bffd677fc4431de9a2d295768c13f9,38183,araxa,MG
191ca3c59d3e5ed2fb88a3f3ed124acc,6648d23669f764f55efa590e23e68e40,14790,guaira,SP
19220a635821c641df0bd2fb1e4ece5c,839cf99e32e20edf5e5c847431b32778,04138,sao paulo,SP
19256cec9e847b0c1a2922e56fec42a4,c107527184a9e9f426fc5a3e89cfb7e1,23870,vila muriqui,RJ
193422684d7e12df2ca405f88df5d891,da6c3ad897704760efba1dafc9f7ff8b,13424,piracicaba,SP
1938eb8b42615427aeb761316ba56d7f,efc96f2b0d64a87eab5fda58be1f6c57,31565,belo horizonte,MG
194f91ba65b13e35ba4883be836ecfc5,a28ecf838a6a7aabd3ea8d9db5e2e8f1,21931,rio de janeiro,RJ
1958a7ca6c1d652df51a65950e9a0628,9635cc2dc37d7d02dea728765b4055f2,73755,planaltina,GO
1958ecc55a91fb365b6c5671f4c4b9b8,40869b13ac99c716ffdd80b9df43e110,72460,brasilia,DF
196052c199e9dd6d68c99780c0a38e77,cb506d0e00cdce49d92ae0ac17609b9b,27257,volta redonda,RJ
196eb7a5f5948157db8803bf9a4ea2bb,40769bc3677cca7d4648972391818d2e,06147,osasco,SP
196f617ec14599ab7ceb83a6117fd9e5,e7ecabec7c3df7ee00d6ac4a80ff1f00,18117,votorantim,SP
197479c6a58d8701279290ce3906b5bd,ed96321aa0f309cb3ffd866cfed00252,81560,curitiba,PR
19792d55f9db2e2fb3864dc90966eb86,9cf60f4109040cf85537b7e9d4f91af9,36045,juiz de fora,MG
19828778bc743cbc74d195dacf2e28ea,83132b57a9cce2595f648b5f8153d17c,25922,mage,RJ
1983ae20619ddc364ff76267d7130d4d,1034547ce8ea9e60577ea5ee141894f3,89201,joinville,SC
19a81cc55bd0e8ad389c7b787c9c280d,8f4b9f159cf4066f1dc15918e013a155,76730,matrincha,GO
19aa722bdebc8edaf921d50fd35916d1,7ac154b36064fece57679e342c90f783,06280,osasco,SP
19accc9f4fa91716d819ab1cbf30a916,9c2014c8ebe041a98e9603375cd7bb6b,29108,vila velha,ES
19dc731014eb8a2c51459dd57a5b6e34,6ecd33935550d7ce2ff1a8638e5b06a3,06329,carapicuiba,SP
1a00c0fbcc12796d898b5b4a368ea94a,4c42f3f25481f5a560b1caa9dddec4d6,05653,sao paulo,SP
1a0b3aac9e3bb37ee6ecb39d97f5eaed,7a443ff6dbc48349835cb18a9355ea1b,30330,belo horizonte,MG
1a1e2f5f736b406930c33aba1d9dface,cc9f0f8383fd49b0c13ab95c2b45ced8,88034,florianopolis,SC
1a22e6479387999f2ed113ba43c35c52,40b846ba26c7815324b73029c3ccbad9,28925,cabo frio,RJ
1a32b53faf914452175c5464561e8f85,843d97fcd6ec5e0c26577d2f9fe3a9f4,15040,sao jose do rio preto,SP
1a38585b7f867f8bb2823aef378b9445,128a9d75541b03c7d96cd99f68d6bc9e,13905,amparo,SP
1a3c88aea42779ddfadce14271d6dce4,22d373cb10cd0f6e1925e4e0833994e3,20560,rio de janeiro,RJ
1a4b8beb3962475a804e907c79cf8f51,ca5e682c1fe596beee686e2c5a319765,87400,cruzeiro do oeste,PR
1a55eb1f27ee730a8fb638821c22a4c9,ca456b58534be99055e50781fe92b780,15085,sao jose do rio preto,SP
1aa414b77e655c44696ea1d3e61d7ec7,cdbeeb59bf23bb27eba2b6a8dd4b9e09,39404,montes claros,MG
1aaa1acb23a33441fc718d54cae7dc13,a2f51f628955d9668200728005209afd,41190,salvador,BA
1ab52508d3c58d96241850142347b75f,58b051c30d684ac12a2049a49c856203,44065,feira de santana,BA
1ab9d0f2d5eae3b34ad9e1184930e1c5,d25234adc3edd7ba1abb8b8a6a148009,30180,belo horizonte,MG
1ad28b7f105b6cbf4d6741d2e1d5c04e,d5e882efc393314871afcc1a50a5465c,59068,natal,RN
1ad479458bb6630f9187cb80530d065c,9bf81d9e8483c962fbf97dc079976645,09667,sao bernardo do campo,SP
1adf1bdaabeefd1a481a848c62b455af,e4f218d824a59b96c4399ad182327138,27273,volta redonda,RJ
1aee0c71b6dc4f257027beeadecb892e,6025e80315175e0241fc6e35c42916a9,85907,toledo,PR
1aef2277225c3bef344c77bc28a13efb,dda11c4c2b7fb7b4b2dc9e33fc4d9f7f,30190,belo horizonte,MG
1b1dfc50053699ae79b11eb126c0bca2,fde78af2c33b53c7e9077e6ef7271bb6,09181,santo andre,SP
1b1ef9257b656045dfd12d3daf77826c,4e0fb9a4a1c451212529cdaa809227ff,17900,dracena,SP
1b277e094d7add96b8704328769f7f1b,4a3e63e98318348a7c9cc124cbdfcd48,06126,osasco,SP
1b27e7f38dac493a9d3c98d25a346edf,0a2f7583eb36287f4066e3dbcb5d678d,04003,sao paulo,SP
1b2fccd64ead0637991ff28c1971d9a7,b4487f7becb51a93d4d0ef1256e60d99,25935,mage,RJ
1b304cdb65a252be98ec533eac75bbf2,fed1227e08fb9852b896221a0932ffeb,01455,sao paulo,SP
1b4c1968c83e9819f1c2fd4ae1cf089d,a997d175a7e00cbcc5a502f76168e88d,71605,brasilia,DF
1b4f0369610bd9e4d237aab3a993bdcd,5d63628c95182301765aa1482b0293aa,12246,sao jose dos campos,SP
1b528b3e5de647776df9f0f45cd479e3,eb5ba7d588dc36523e780e31e6f007a8,07903,francisco morato,SP
1b53d5edf59a0c038510fca97c43f127,34e8a974abc4fbfce131ab2b1c872439,30170,belo horizonte,MG
1b5f6923fe2ad022f3b10073aadf4c12,c5b175cd6fc8392e789c8f0410519617,26050,nova iguacu,RJ
1b83402c2a0902c482f5ff935ca097b5,fdc0a21e74aa1c40a4e1b81e5211334f,41600,salvador,BA
1b85ef7130ec3eedf81c37b98cfd9b40,4ffc8b4c0b31be69c7faa74d49b76858,30770,belo horizonte,MG
1b9d4ab93945ccf4032f286a4a803192,5b77d434b60d6843067eb5494029a21b,23058,rio de janeiro,RJ
1ba79057e794cf0cc51d4da3cd651c2b,08dc08c5b3b7dd3904e1219cce1e7471,71937,brasilia,DF
1bb7acd4379665fc66db106260c38b0e,15eb6c5aa4aa23cbdb42e119220d23ec,79830,dourados,MS
1bba1b7e613845e24dab84b393f9035b,cad8fdfc1352a1878f05378baeb8b43f,97542,alegrete,RS
1bcc6431fd96901eaa998ac18b687ef2,a2370b590b2453d5a748d4c4c35f900b,35540,oliveira,MG
1be70cd84bb8fdc5c77a52054d6250f8,06703931f8c021842382e00efa3aff5d,30431,belo horizonte,MG
1c14557efe31e653bb8541d684865668,e9c54f3e386d135ff64806adb680920f,05018,sao paulo,SP
1c2308f26801ef199d9834d41830bde1,086b67b71d366303b8c06ac7a1b48b78,04213,sao paulo,SP
1c250ff1a16e800ae4304c81ff76167f,bfd15ecf5b4d36cfb565b00798e845e3,02845,sao paulo,SP
1c2e9eed38f46d24ee6afa2edd983dd2,822ea97fdff0c0fd8800501d449e452f,03821,sao paulo,SP
1c3c91349f4842b772741fee593827e7,6d870928c1d1d6b0956068edd155a789,78307,campos de julio,MT
1c4baaa0618b5e734254a134c5cf8112,d4c08fff82e9995899d6f5377b5d5367,31140,belo horizonte,MG
1c6e0cf070d06c8e0d67cd1aeab03ef6,288ffe8ed0aea8343566e87875c890b5,29155,cariacica,ES
1c6f44e4eb63d6a08b1a44ab8aa0d932,f2c6cf75c7a7e66f8c32d8a2aaa1885b,47806,barreiras,BA
1c819e6bdfc3e228001205a4251f49f4,73a218a376e1c8e6a31799484fe514b8,30535,belo horizonte,MG
1cac59dc9ef3b43723372aca8b02f56d,c12f980e6773a3c3bb9781f1f4aaa9dc,71680,brasilia,DF
1caf15e0efd34c070c497ef8c87e8fa2,de2fb3350dc70eda4860ed9418217ba8,30290,belo horizonte,MG
1cb8d99f2db06ce29268139361108976,956efa68022628d8a2f3baabb33c3a0a,13611,leme,SP
1cbe9451567408725b5ab9c1b6f848eb,c2b85086965c0fed46df434ddd474a9a,41152,salvador,BA
1cc48f15ae29278a2ae5fd4ace4c97fd,a758c349af1bae3fec50e5d0d7c536a3,04155,sao paulo,SP
1cd1bf3921c35dd04851354a26e28a5b,c0fbc7a49c439d1296458389efdef9e7,23093,rio de janeiro,RJ
1ce20bce5f8cdbc2f8b32dac98b7ac39,5d4b27250cbdcd036ea85e2f9eaea886,06288,osasco,SP
1cec7c8d274ea8b2a9e49cf962e759d2,92e99d82e506f4f77a049aebe3341c27,21920,rio de janeiro,RJ
1cfe9cbf7d071f113398f3290a620214,8e28c75331adbcaee611eeca007b2a7a,23092,rio de janeiro,RJ
1d07a5e66ea2c0bb74e2523526326ba3,db44a2fcc338d9b3d22dda89950c77fa,22631,rio de janeiro,RJ
1d088dea8732788ec35dd4ee6dd76112,69b2b29382af03e03e486ad307a76000,90160,porto alegre,RS
1d12f3eea210892c245c9be2bd17a93c,b1f7aa0f8737c9e24aa42df4a5b1f986,09820,sao bernardo do campo,SP
1d248f30b7b729228f3aeea904a9c61e,bab0e878e901667eeea86736d49dc1c3,23822,itaguai,RJ
1d291010b33949bf8c1d8b1338d15daa,0e6f3ac5f2a6f29847b9e8ffb39a4af8,15700,jales,SP
1d2e7f83429d507b35c9ea68731ca3f2,d395004c9864c011914da2a11a856962,94935,cachoeirinha,RS
1d3d3d421496f24e0ef77180f1895894,6ad22635edc258d67ded0716daf7a662,95611,taquara,RS
1d5422d77cda6f6d25d07ce448ba46cb,d31d8f0632e965c338e6e18218900285,15910,monte alto,SP
1d61114ff988a568ad5b62da890926ed,05deca1c689c7d6d251146fbe36d37ae,46500,macaubas,BA
1d61cc31551519c757aacc3c90629167,d0d4c1d3dfb98ee43fda6a93e53e5709,25020,duque de caxias,RJ
1d6de342db49ad620ae9d93fd3010cfa,4816a7cab23108db0c8d2ae366035a0a,54330,jaboatao dos guararapes,PE
1d72f0479018c73cd9f58abcb01e776f,9e51b7aa58099f4e2a91f93968c15377,40290,salvador,BA
1d734c634745b4b85d598e2f097c828a,dda2af94f5aecce80c03739dd646bf5e,05328,sao paulo,SP
1d7a786540a0105d734010e8d88a6a53,0cf298709182f431d7a2e59b730a6f13,62560,marco,CE
1d8278e9564a98f879c9bd72ae4d45e2,59cf537d3c03f5fd6b2955e683998853,05412,sao paulo,SP
1da06fdbdc30694422db7444851502c4,b2c5e7142c509d3f53526b028d08fe60,75600,goiatuba,GO
1da6a5d1152676b74966c511cb4b9c35,4cd9c805152622cc2acd21184802873d,08573,itaquaquecetuba,SP
1daae5de6467ac2cb6cb6707025b2b40,c0dd822307f13bf903687963114f7d35,27980,corrego do ouro,RJ
1dabbf0fce6d1d0256d0c7e0d779663c,b80e73bfec2ccebcb2482a2dc89d4a0a,21735,rio de janeiro,RJ
1db2189def22e420ab1b634c13b49566,f366a3124d2ad33fb13d2dee2bca9c73,07042,guarulhos,SP
1e226b035e0cf954ea0b6772d939b470,a70fda6633fdc951d43f511f76a08c0d,21940,rio de janeiro,RJ
1e28f4546fdd6cdc075fd5700552404b,7f0c0fa2f91258466e38fab9dc373a7d,13274,valinhos,SP
1e3efcd043381813bc0edd6c151c0741,f48d5fec1cfbbbbeeb80cc10facba3db,08160,sao paulo,SP
1e44f87bfae5a9d7d58881727051db1f,34779146a256d200df2105b21e75f58f,79990,amambai,MS
1e47b918581b562a9d8d9f85fcb9b1e5,71a5182c33ade63d4f8b42f432b834c0,13045,campinas,SP
1e79e4f1a4653e041c3ce1ddb2ff239f,fe3e52de024b82706717c38c8e183084,36420,ouro branco,MG
1ea72f58ad176621daf1e0753b15f5bd,6fe26faf75fc7f7315498c9fe7eaaf4f,82400,curitiba,PR
1ebe4440e27e63e562784cd1b8a85a37,778f54822ac434dc7845bb44aa4d80a7,05011,sao paulo,SP
1ec264df7a63b93ee299b3e17c356e3b,623674d39fd0350df92b1f91c469ba39,23075,rio de janeiro,RJ
1ed3094516be211b127c0475d98a9075,3ac54bb7d4446a2f6af5ab54a6ae3152,23897,seropedica,RJ
1edfcdc4a172cc6fc9e97a8e42ca5071,1dcd5235c92f74a05c76b538ca7e7d62,50030,recife,PE
1ee24e71192304999595a27987dbaa94,23e80fe70674c3b89cc1616a7873078e,12091,taubate,SP
1ee7676535dc405dbb88977050668100,763ee7526cfb0c0cf9b56d2990a5608c,20250,rio de janeiro,RJ
1f1e84d70d135fd0b39595da681b9d37,43b671e9d9ea5e3065fd0e481b9f567f,35800,ferros,MG
1f2cfb50a08d37a4fabd78c80c5d1712,a9b6d80e254b0f93b70290ab21447f03,30120,belo horizonte,MG
1f379abf4e56ffb85af05ff3bfad4ca7,f604d053a295d4ebf0c185bf423be9be,88020,florianopolis,SC
1f4e709098e1cf86de5a8bedcb26e99d,6de59861680f893723fc475830ae5058,78300,tangara da serra,MT
1f5fea6db40c8097a35c32c44a945a0f,450ddb58539722f8e78bb3fc2794b99c,18115,votorantim,SP
1f7a6acfadea5c8174e64ed338557ab6,b89079a8e5c9da32f7ccab039f31b336,60420,fortaleza,CE
1f9f966dbeb3547e8bef580b321992ad,719f18245d86356b20dbfc6ebff6498d,20511,rio de janeiro,RJ
1fa8165134d1bc197e2bc4ebf659f35e,de9ab7d2ae5374d1d19d9746ec64d2c5,15013,sao jose do rio preto,SP
1fb8ff22dad231d26fc7ecde2e2dc27a,684da9ec00ee25877fe21ce197403d04,71050,brasilia,DF
1fc28d45b159958144877c04810a106d,19065de1a771ecd0dfc85071ebe8bb97,04605,sao paulo,SP
1fcf3b848f9ca72b14d4ea76b2a4fe17,94e024f6fbb931bf320b49b2827d10f7,52160,recife,PE
1fdde0a24922523791641ed04bd9c5c0,49bc0626a157c65e73517de0f853caad,95703,bento goncalves,RS
1ff911e9682875f08a0f44bad0807455,744fb2d41ededa16d3f703b7065b234c,02215,sao paulo,SP
1ffd4ed29264828d00542426f5285dac,fb39f19e07718c98dcc19dd8775216aa,89600,joacaba,SC
2003c2365837ed9b6c7e6ec2780797b3,755bd86af4572db680ae4004e152298a,20530,rio de janeiro,RJ
2028d59868c16385088ca96f56b803c8,3cd86c600cc096464ad1f49a47dcf59c,31330,belo horizonte,MG
20296443465a67e0ac27c5a61f685453,b0cc15ee23845ff07ad13a3af4f34a46,08260,sao paulo,SP
203787a9001501ba8c7a57471254a1f9,a8ff40216f48e620d029befbda1ebf90,04142,sao paulo,SP
204bbfa4c9b59b50791939141259e2ed,05fef3a82802270f3bfb10eaa50b29c1,30535,belo horizonte,MG
2054e51b51d3fb89f5a3cc798fa4b2d7,9a35a087e9b5bc3308a27c46377e71d4,84025,ponta grossa,PR
2069a41636b7238c9ebb007af92e652f,ed788f0856b85ee36ed4a52a964f1988,04305,sao paulo,SP
208abfb07a2f4c1de66445c9286f5c33,ca7b3c23d1c5f37c4af1b5079d0bfa02,74684,goiania,GO
208dce5ddbcf741af0c04f0a72a4d08e,cf04cba694ad1ad92700203a75d8ebdb,09572,sao caetano do sul,SP
2093d27c791c109d890d8ee08bfeb997,9f00345fbcc355feab6e1c3ba8e0fd46,98995,porto xavier,RS
209beaa8ad584bf64b28ddc0d66fd7b0,6b8941cebbb590b81f8fb7aeb5acf048,09521,sao caetano do sul,SP
20c5793de26452510ca4dd8d6d27ddbd,fc86194d31d21e9c13ac0055f0c9e27d,27265,volta redonda,RJ
20c678bfce3c8252288f70dd2bee5e51,a59129ed35da4c3e3f2a005b4c6582fc,86081,londrina,PR
20e75fcaff9e015835e787e7884d6bf4,9f038bb9288f7927f307cde5ccc1a524,20785,rio de janeiro,RJ
20e9296ee6e31e906dd832d82eed92ba,27f610da50d98eb94f1f0745606bc9f1,90560,porto alegre,RS
20e939ff61a38393bd8bc3f39f1bc396,27d7f696f79576294166f9d85ec1f293,22733,rio de janeiro,RJ
20f99ce26ab1dcd6954644b2d76102de,76015850dcf96d3206b6924e93547e7b,04616,sao paulo,SP
20fed89d4e154ab11be0d7dc8550a980,6beccfbe45aa4b180d2b6885886fccd6,04186,sao paulo,SP
2101819c6afb989af1f32457282298aa,8864da1baee87cf25d7947d16634aee6,24722,sao goncalo,RJ
21078c8fac1a0e33a4ff86590d39e060,15a7cf878fc7763ee5e06a4daac49c9e,77022,palmas,TO
21105f1f5855e8327a4030ab132b915f,21386d063ddd1d5e1b0537f33f32a11d,35600,bom despacho,MG
212f576916b4e40f8e31ead6a00e09d5,64ed791f8b34fec8a62e616557babea8,35164,ipatinga,MG
212faae3e5c3646879daad76a9f106b3,72535bb4d0048ab6c69d0364ce0dee54,94500,viamao,RS
216360d7df0e08d493f369b39a5fb69a,0241fa2e9adf0576cb0f845377d05c03,44573,santo antonio de jesus,BA
216564348ba1ceaffb29b28e9a105ebd,60c0433b6904c6dfe413dafeb2c95de0,89899,ipora do oeste,SC
2167f4b3d82d1519048c2a2d821765f2,f89c9c415a9042947705b337d40022f0,65071,sao luis,MA
218fd136c7a84d4e9830d0fc98ed9f38,95bb57e73f679f271250fd46ce6597c4,12230,sao jose dos campos,SP
2194b4c1bf6a6a4c1990166e6250dcd7,92d8f7633d6158e943162133382f189a,98400,frederico westphalen,RS
21c11854807d25c65f28257f14277612,41e32cf35c9194184759d6aad82e9102,60130,fortaleza,CE
21cd16f0c59d0e20db6ce0ca3b38cd9e,5f5a8e2e9b9bcee839c701ec5862a229,56000,salgueiro,PE
21ce8c10c9805097875674f79709391b,96374f646d28819bf0cc4e607c977602,30315,belo horizonte,MG
21de4bff259cbc328939e58e82f6157e,8e2431146b616bb7e7c488e2624f1898,24350,niteroi,RJ
22169f48f1b81a3dc8395262df7eda53,24f6f66e5609f83619524ab1aaf4a5b5,70630,brasilia,DF
221d79027182ae510f551736a38695af,22410ef756f7df460c6b53b54f4f507d,12211,sao jose dos campos,SP
22263f5c5d6ca2fe997157c56fdf05e8,31ffd7ebf0a3657a9d21ae8f3f302164,08673,suzano,SP
222e4c4d91c814cafc5badfe6a02c574,fb98136edc2c0f996bfad36a0c7e1306,83414,colombo,PR
225e04767aee40ab29339c8392c13197,afdd0a65c8a8db2e53068f3c3dd70149,17015,bauru,SP
225eea8847d66d819b5187fc0b35c8ea,2483edf418f7bd4d0981fdccff4242da,13085,campinas,SP
228197f0dbebc485b65d117dee5bc7d5,6e8bdf119d6b66eb1317ece4c25f9f34,03585,sao paulo,SP
2281c16b24e5ab1b782509f52aa8f4b7,ab5a887e09eadc6c0a79c1ac34615c77,33030,santa luzia,MG
2285ef36bf9197241db9f8d3611aed8f,8fdd8173d1d780e4336e7f372d00a7cf,31275,belo horizonte,MG
22900d022224c05dd51f2442b834da07,8f78bd5916f952539da6bb8bf1b8fcd3,22260,rio de janeiro,RJ
2299f339f282db1423e54ad4155e00e3,baed8b5a940b57b851c4b8df8308bec0,58423,campina grande,PB
22a10db84c0324464bb842e5bec1d6e4,2add96fae9b95647c0f19ba57d034a30,28894,rio das ostras,RJ
22a1be4f281a33941e88bc790cfb60a6,51601e58354758c975c5e878a11b4352,89202,joinville,SC
22b3e24d43b6f9a27af8c5f1b17f9e04,9b552a12ae5e31b69bee7bfdfe2bf9ad,89010,blumenau,SC
22bb67c88f37434dbea7e1b88a3f736c,8deb7c9ee92e2c64ba82b5893404947b,61919,maracanau,CE
22d27f7b57908f1e8c9982bcf920bc88,225b753a171e85ca58b67d5307ae5870,20541,rio de janeiro,RJ
22e10c220b507e45ada14579c6e84503,40ae051016f0f531438b0bfad601ed9f,05833,sao paulo,SP
22e91bfa903e38dfd2ca23f7e5d650ae,2979ee9a051b1e82604d7dfbfcec73ec,13157,cosmopolis,SP
22eb8142d6313bab19fa6c657170ae6b,66d7c05de70168738de8f6f8b5adce82,47630,serra do ramalho,BA
22f7df0fe6413ce90a307df4709e8931,fc1266d06a97ca5314f0b3d4def53a5d,29690,itaguacu,ES
2312b7bbf7f097b43ba5e3feb3429f59,ac64c33e439eba6713e1743e070ef50e,02335,sao paulo,SP
231db9149e36c4d25ca75472a9ea4335,c3e86b957537fc853921574ffb577691,22763,rio de janeiro,RJ
231de84a096960061b4ab8a9f8ed5d79,1664c0667a7f36eb1029bbd0368283dd,04530,sao paulo,SP
232359797a832f108d94e9351a75fc2c,95991b97d5dad91c4ab53fa3daa4353a,37137,alfenas,MG
23267a340cb0e9928fca29f239429b11,327a01a6885ecfda06a3d5c50fb515c3,25919,mage,RJ
232be61e81da1afafa33c3888fead05e,17bc8ddccc0015197af33886d30e8875,84020,ponta grossa,PR
232fc199e2c1159c64a569a38816e593,89f992aaa88a3083883decd2202d779d,02033,sao paulo,SP
2330ffa20d212f25e10df7dbe39a0648,7a6bd1953c48d0cbb195e7828a8a09c3,24210,niteroi,RJ
233f73a4bc9db336b82cb23cf5ff2701,03d32fb1ecfa4d9f7bbb6918614662ae,01216,sao paulo,SP
23534938f44ad51d0de4bf6a56ca1adf,7e3428daa0fb88e55f65223d38c73b66,18074,sorocaba,SP
235702411e5214f0e4a0761bf5ce9e99,9fc089b0b6a8db40d4357e784f1e91d4,99965,agua santa,RS
237098a64674ae89babdc426746260fc,4390ddbb6276a66ff1736a6710205dca,82820,curitiba,PR
2374bb1234352ce588b83dc14b59ea5f,1ef632982d8b163acb60a2aa6539b49d,56800,afogados da ingazeira,PE
2383b6a9c8a50ad014066d7fe735eecd,87a47c2292be455b8e87438076352a48,14910,tabatinga,SP
238b9beff3ad2663891162f617180328,9c760a39c48113c1450dd5b65958d7fa,96810,santa cruz do sul,RS
238dfa907df715b7d899027fb5e01316,9c2a9da8cedb9f7c62c1ebb3c97ae139,21215,rio de janeiro,RJ
238fd3e6bf2e5a4f8306d257a633a56c,cd7842747d0a08345adb407d006b21da,53330,olinda,PE
23924b2105c5376cd6204757c8b68752,3806104dbbc3d14c17b091b3b8e38d59,02860,sao paulo,SP
23a013f994d227fe094eb1d379891c58,05d814587e80f2e2846c144d4fb511bc,97110,santa maria,RS
23a238394ed31f0893206aac055f6dcb,c63a0a49c83305801fd8f25be450f2c5,12951,atibaia,SP
23a892e7d6549061e95045636c1c338e,308f0a729f3440afc0b59c38f133a8f5,14051,ribeirao preto,SP
23c2819f22e5fdc29df19048b6dac5ba,1ec2c082b73cb50cbf52bf5638c9cbb3,64053,teresina,PI
23ef610d8b7fac1024a8e4159496b90c,be683d989a3fbeef3364e8c0682c0cc3,09402,ribeirao pires,SP
241510e91b641dc4a5646cb954e58cd3,c926c68941389205342644381632f8fb,05089,sao paulo,SP
242857ffefcc13d9568c6ce10011ce43,a733667a260bd297c427e73d56008f23,36773,cataguases,MG
245246883fc6a78e46848b45f53adc8d,2a7b6c380efaf080683d3e50017cf36a,24240,niteroi,RJ
245f29955c4082da3b4b8c51e857b78a,bdad7c7ace9980d7f80d8ee51b1feb7b,29900,linhares,ES
2467f4b55c35ab6b015f09d0312570a3,0d8696c6a5acf0374e17b9a0a59e1296,05057,sao paulo,SP
2480cae0db14e17cff537d55abfb967e,c4926fd1b6c4538237db814544461b7b,88036,florianopolis,SC
24917ee9726a59cf2ef319dd7e68ca7c,0db69acd7afa34418d8d890d0829e886,13212,jundiai,SP
24a36d3e10b9d9d90595c7cb0e8dc070,a035218fe1e78deaf2bffbbe2b23d857,05311,sao paulo,SP
24c09a96dc7e7016bcf50e5de09bc6bf,084be429c23e342acf5084ac6156d22e,86066,londrina,PR
24ceded0c5fd4e9940168f0a183d4885,0b142164e5db564242b9a924fb8bc171,37940,alpinopolis,MG
24f68e18ddb48a182d88e0fe261776c1,1adab11c115ed5de9a6680d4a0633649,26277,nova iguacu,RJ
251a0c3704affcfc069c2ed0ec3937b7,f2b6cdde92a3fdbc99ba551a7b60ceaa,13318,jacare,SP
251a9ae4d295b0b2db74f27d8217b922,43849878f47ce035e165e820b6914ac9,20541,rio de janeiro,RJ
2549a0bb60ed32415a39f38be7534a3a,eed1d0133ff77d7305e9006448d35997,09851,sao bernardo do campo,SP
254a6774e65e20ca2aff0d3fc60451da,be873460b0190017422d31d023b8466b,16011,aracatuba,SP
254b177b6a8e7c54a3216c70c77453d4,98a6680f69a45da8df54e74a91818ff1,69915,rio branco,AC
254e4f0b03dd230f4cd169450f4b1ddb,e508382f6ffb4895ea873fbfd7bdef3c,72460,brasilia,DF
256259930a0ca3c61844e90383be748d,d0b5811a3a35f4934489c59f5667dae9,29101,vila velha,ES
25631315ece1d1541fbede2ef9b2b379,75809419f51063ccba205c281cb5330e,22080,rio de janeiro,RJ
257014a0267d8925a6084a6663ed056f,07fe5a844afcc262e5ab1ffa38946f23,49097,aracaju,SE
258d6e98cdbae7ca4da08233d45cd8b6,0994ff158bd7077768218cb0cc7aa315,13880,vargem grande do sul,SP
258e7fc07b15e9471951747d685ac3be,520af2d70fc68cd0ca72af43c5cbf0c5,35732,baldim,MG
25a4bcfa932944bb97757fc28eb68d48,56e310e19484c9c9eea920d87d6d8181,04521,sao paulo,SP
25b663d58983a5a6ba7ae7e8b1fe28cb,7876030cfab7c241d370c0ff2cdc364b,41750,salvador,BA
25cdd696ed4c3f8f9b78a59a6b5cfcad,0b5d59d4daa94a3cdb4b083bd0439072,08111,sao paulo,SP
25cf4c295de346cbb91e705df4cb49e9,8555a17ba20435f173a230c3ced133fd,05783,sao paulo,SP
25d62fdf76ad56f0adb33fcdeb5cf36f,653096d4b711b381839747aa42a76b78,35238,campo alegre de minas,MG
2625038eb968f0a5103f65539b3744f4,06830309e5aa3fe04ec416e56e53a4e3,50710,recife,PE
263f08928d545639dfa5d97cf715eee1,7e4c4ace1ba6ccf6876543e949c00e62,09340,maua,SP
264bb2e28d33a8ab98b8c8e1907d7754,7cf08ae31d63eeac393658332093b3ba,72850,luziania,GO
26691fd4b554daeab6e92626ac575689,8f96fa2828aac67701975478e5de7e20,19907,ourinhos,SP
267145a43451296f39cc6560c50a9f8b,ef60ef5d0102981aae4326cce20a2582,08451,sao paulo,SP
267291cbcb846193728b5c986fc7d703,89ad201cd943e2834d1b6d4409d2fb48,13031,campinas,SP
2678c09a553cf8d87f3789bb61f12ee8,d03bf8fad9e85c91fd611ab4e312b5d1,89201,joinville,SC
267f68f411fa32169472fa9b169a7238,0bf790010e2f4f4353e3ae8e45ad3b2b,24120,niteroi,RJ
26a79255059d6bc824df6e1e97def249,ec396b753a88f3d79384cd9807fcf0eb,21940,rio de janeiro,RJ
26ad0f0ff22fd1874b664e7cdbf2cecb,1e554bcad741cdbd400edeab24e5cd35,01258,sao paulo,SP
26b2ee1971376db4853f8a660c9a3f30,7b4a13609c466305540b6f4f416856b6,06013,osasco,SP
26b37e3c9916ccf7dff9b2a20353d40e,e77e0fcb06b07a1f448569c27fc6675d,85503,pato branco,PR
26c135a79b1c5728d80a4336b2a8d85a,e696bc0676b60ff253ab9a4226dd354c,04283,sao paulo,SP
26d638f7504d7e7fbd443c2dde9dc070,665ab44b5007bc768403a577a37f9a46,11700,praia grande,SP
26e6fdbbb84f6320f93ede3130b43050,0f29414436403323e105468780f68fd5,13480,limeira,SP
2700b52a720e8eae7acadeb2d429cc11,ee8a9b1d79fd7cf8077ffd6613ce1eb1,85863,foz do iguacu,PR
2716c45b429d01350503e72e20c1a88a,51703e2a478cb9ae227d55d2b4f823e4,13222,varzea paulista,SP
272abefcdb7e7438a251e6c92f1d5873,085927781359b6edec85db5ecd78fae2,36664,angustura,MG
27384b6028d1bc63a679abe786e4c2ee,e842452b583e70fc5a06614d85613f7d,11750,peruibe,SP
27563bf5129789dbb7d729bf7721ff0a,e25eebddc34e662284c0af8f3be94ee7,41603,salvador,BA
2764cbd0d0c961d12ec1a2a3bfbfcd6d,965686dfaa71f02b313f06a18f8d5989,79052,campo grande,MS
276bafdc3963a89aa3471c3d83a9db4e,544d68d25e9cbb63c5ee29345185fbd9,35500,divinopolis,MG
278e4cb731c06be544c668f9a16c6342,bda246c09b040201f86b1fd01ff7250c,24416,sao goncalo,RJ
2799559b8170172643a117e4d2923125,c4cf9b10d2668bfabb498d93004ab4a0,39400,montes claros,MG
27a3e266eaf8507e23957d7b5ea35d6f,f113042ff356f926d517f3087d4a1ba8,99025,passo fundo,RS
27a9cbe94e6fe0574f9b16c5ece47fd4,2ce92c0d3ec4a2fef1b4503f79b53cc2,29934,sao mateus,ES
27b08a44041d90a2f35e381a9db0d379,cb4253d36367737b6baa4f8ca58fac62,92120,canoas,RS
27b151e6441fb44c683868ebf2a123dd,f49078ecf4fecfb88188135da275b4b5,06268,osasco,SP
27b6e4c5866e60ba12262a3f16354657,82f613051d507d5b4a9b3cca70057616,06160,osasco,SP
27b9b32173455ef32167540451749d0b,277490f0d435b602fe4475d4b89e9181,06727,cotia,SP
27e3bc07d48b431cad4ce1b3a1de6129,3f48e980cd3e8e979e758a4c3afefe8e,04543,sao paulo,SP
27e9d0125746e472bfffeede1335dce5,d1106d2d918751f7a04b258f7ba6615a,17380,brotas,SP
2818329e7e6a36bf743c1ff39728cce7,8a0bf5d1cb7b355fef3e3031608317d9,39900,almenara,MG
281fb8b9868caf9889214e5a8d56e271,4e5a10bd8f468ee5acc890961a2b7ce4,36570,vicosa,MG
28292de0b6d5b83bd51f29fd3456cf45,25c436221b7a9ab7efaefd486dbc1386,30380,belo horizonte,MG
282c2609c98cc89cc5ca74f59de5632a,0f13e3bb90bbd8912d57145479ce4839,75083,anapolis,GO
28465805729df5da4093b59856fcb2f9,da4a9d39ff9a2f9b2e8b916c61a47ece,89460,canoinhas,SC
28504732e766e313c5e693c4859dfdd4,c5616e00dba62f1ef398855938c1cc98,12212,sao jose dos campos,SP
285195a5b585842e25bd1ef9015a8413,acf5cef98a4798f470a2bb70a330ac07,13304,itu,SP
2884f191524128904af36dd4d5ec6573,29715f69dc0b0a45835e30a133b1757b,11900,registro,SP
288a23c0e47f43396b2d6809b968c70a,9dfb62ee308b7f4a584fc7d04315b75e,07112,guarulhos,SP
288c694f069518164973bb75f57c3e1c,9077449283dc1319d5e51fb3159b28e2,29230,anchieta,ES
288d54d6a596b42c55779d33d5d29ad3,05af5b898ede8240d10b425a29cd96b6,30710,belo horizonte,MG
28976f318be6fab13ebd08f99ad7dc3f,5b6d9e07623d590dc2bca9d345e04072,99050,passo fundo,RS
28a8d09f82de529e674494be659d4c86,2e08911037fe7ec67377711eee1fdbf3,93044,sao leopoldo,RS
28d22e4bdf20fac1030f7a4cdcfd3cda,1a49044e7d162b211b02938d5dbf35ac,05767,sao paulo,SP
28d50d01106af1d9993aeafccfc3a8e3,6eead3dc7009e19950bb69d311809a32,71020,brasilia,DF
28da029822232f74f6920cc4681ff5a8,5c0c96462b9ef326e9b8570fa92c0a3d,18683,lencois paulista,SP
28eaee40e9840e3442fb15d7c3655af3,8b66d8d6eecf85ba83bdc29383d636b6,86400,jacarezinho,PR
29151ff994496b7c0ba04e6dfc65005e,db7fa62d42d7b8226f810a2a70a6155a,85400,guaraniacu,PR
2920fb46b9b54caf47e17d137ca38985,bfcdddab5a2fe5dd1d1b8330795f4061,06774,taboao da serra,SP
29358874d3323c0216925b21ceb703ea,bed7ad8109f1526b49c3b03401c0ac1c,57084,maceio,AL
2943c96dbf527b612175ebfd1b3266fe,4f3fe5248913e3ec6380954881f93460,12040,taubate,SP
2947d4dbc02c7525870063dffc24b79d,347d5325d017b14e87632b4e0c7c3a7a,48720,lamarao,BA
2948885b537e10c5528a990dcfd4bd24,9777516535b7c34a54f8d3108a05ee42,35170,coronel fabriciano,MG
294e9a8a67c78698557687b3dfa137e0,1d18594dcb30012bc307435361aaea4b,21515,rio de janeiro,RJ
29546828335efebca3e173400d8553a7,b8d3127e97ea45f499182f9df1e0a3f8,04730,sao paulo,SP
29566b1a3f2f8a3de8ff9bb1fc5c5dd2,a467e2e01650f8ac74ac814ad3aff2df,28640,carmo,RJ
2958f7dccf3976fef64e82ec6d3b562b,da778b674d3f27898dbffc9d416bf784,27920,macae,RJ
2959844df7ee76304ee5657652e32b83,c8ac3fa9deb8f682895338b8f2ca920d,12916,braganca paulista,SP
296aac913de459261bbf2bfbb9980954,901612011dfc5e3b9da79cf76f72f974,18017,sorocaba,SP
296eb95e34f2a94e6a317c9a38e9c277,97a04385cfbec0c373a1495e4b9427d5,13465,americana,SP
298aeb3893e2ab07eae2950da9635e0f,7eafe82893dd532dfca83b213e98981b,22251,rio de janeiro,RJ
298c879e4fc0844be75e87e613246470,d0e085bfbf1bb72342fc83552f023080,13148,paulinia,SP
299339e09ea0ddc0b5ec0db726adae00,53e0be8890c339b1ed51fd43fd381f98,15025,sao jose do rio preto,SP
29bafca28f3133a6055dd58892615b55,2c9844d357ffb675fe4c3d29473f2782,20770,rio de janeiro,RJ
29c763ad4cc65acf8f721f394755d05b,28efe136661349668ffcd865b7374aac,15950,santa adelia,SP
29d782b6904423bb517c73bbf85a77f8,129be06872afc8a36cc1ddbc4cb04600,08081,sao paulo,SP
29e139325c0dac2e5a95c165699b68c3,d0fa1eaf9648a765ed0458e85186703d,14409,franca,SP
29e8d9d0bc3e0cee2bc77305cc2cb94e,180c9464bbe9841ab88034fa824de53b,92340,canoas,RS
29ff70b758921d4180c24dd3d9c068e2,e72ed956534642d2d41d7b90dd18f378,21031,rio de janeiro,RJ
2a0e37eeb82fffc259b9af79710fca97,a19057edeef36e8cd2249813f39f738b,20540,rio de janeiro,RJ
2a16167dcea2edc061e897479c84ad37,c5f4747f3d0eef0ba6dca2bdb61c0c02,12220,sao jose dos campos,SP
2a16ecfaa8192a53f40b1531dee2409c,546feb52e927c361cdf9abe72492e020,29172,serra,ES
2a1a08facf3d9c72a81525e7c0a84d23,dceb4917f47969515db757f78b8851eb,35162,ipatinga,MG
2a22ba1cb2f182b16cfd4b7620ea6114,33e2ec99a0b818a86def54a73031892a,01327,sao paulo,SP
2a49861a1d5d394bcfab48c9a2edf700,1886a3ec265c6f5cfa1525e5be5bb084,38400,uberlandia,MG
2a5161ad7eaa9de4de0eea62824a56a3,bf582deaa74aed9e0918f2aecd8fa959,43820,candeias,BA
2a7650b65bcb266e812c0408d2bc2414,b0cd87c4ef5fc1d8ce2c817690223a83,06124,osasco,SP
2a8b8b802b0f77a6171588d4df9d9e77,1da52648d2b613a73c7b5ffc667f411d,09710,sao bernardo do campo,SP
2aa0fffc9c5ba51d764877eed20387da,68007a0f95654b7c1a9ea4bc129926d2,04675,sao paulo,SP
2ab4c04d8d6160749ea57e125c32a6a1,3db8d7bf0403ab19834e3690691af4ad,55014,caruaru,PE
2ab6108e1d12014a4acb8983df9f4edb,5cc480f06fa48eef1c809211e66507b9,13844,mogi-guacu,SP
2abf58739c3d54ee365a1e45045d593e,0f35e8fce704f0cc89cb5f34965e4776,26530,nilopolis,RJ
2acc2e222c7d4a93c01b88d28b17a1b3,a2fa707edeeca30a8b657bac78e368b7,20540,rio de janeiro,RJ
2accf81d596636b3992c483970215df5,8b40beacd6dbd71939f080775399202a,72215,brasilia,DF
2ad11417e4acb043f847ec065ded3e26,a70c8465e58b0fe0702b7874e30e04f8,95090,caxias do sul,RS
2ad234fffe8a656d1585f96cba385dbc,bc3a1632864ef4e9a2b23ee33eceaf87,24350,niteroi,RJ
2aedefeedae1e7cf174d41766aa5c257,c02f2b5263375ea7e905d4c20a2860d2,39404,montes claros,MG
2af6628d5d0a4b80b3ffbb3c5e250fc5,2280f83887c9b6ec4ab9014892b8d136,12245,sao jose dos campos,SP
2af7929f6d6289798a0836e5b350d77f,91ad1af55cedd0a91681650a7eb30837,44001,feira de santana,BA
2af98151e0af3bd04148413da9c0ef49,94e15fa48dd526f5e540fb9b5332e5de,45203,jequie,BA
2b02d032edb6e61872c6a7869e7e52c2,e6d511bd228c7136272472a56c6672dd,52041,recife,PE
2b0c7e192538f2086b62e93df18bf446,31f556ec73664f49e4443ec227ada0a6,11420,guaruja,SP
2b33fb50f4ecaf4910139c4e303e2cf0,b5524ecdcfdffbf5bbd3349eaf03fc35,38414,uberlandia,MG
2b468844813abceb44b6cd3cc7dc6b81,7fd17ce864ad5c091f999f9f0efaa93c,58475,queimadas,PB
2b57de8fb59ff0a7c459161dcbac34d7,a63f6730c9da2ef5703717a1f36f09b4,96505,cachoeira do sul,RS
2b61b65a606f7c61cc3df116247b5a10,a28722eef958f9b0f015483e01b412ba,11701,praia grande,SP
2b68f1115ff018e29415711c8a9feef6,7151ab1b25efe473683b7ecb51dcf83e,65900,imperatriz,MA
2b9e2ff31010e6a231adf3f8cc4fa8bd,c9a89db1c6d28e0715caaa2c46e0050e,20541,rio de janeiro,RJ
2ba83772da66cfb788b2130a97f46292,c88c7f3b5a5197c8eaeefd3333fd048c,12414,pindamonhangaba,SP
2ba9c20cc3cd864fa7c903f2fdb9333a,aa8c13a2ef25d721f7a0ac95fdfacdf2,37900,passos,MG
2bb3f48aadf30f93a0dd64c50048e789,bea1175ad79f600b0d364fd0b25203d4,15150,monte aprazivel,SP
2bc33799adeccec1a65fa254bdec653d,9e7453e2a414383f36e454635fa56a96,22730,rio de janeiro,RJ
2bcb866f83a922fe129eee30d6657290,cfefb679a146c112056e223b1099b591,18285,cesario lange,SP
2be25d8d8bfb9d5cc6690cd241c7dab1,e4119cadac78b72b896e02fcbd0d4991,06764,taboao da serra,SP
2bed5aac2f46c272a55b05a033ff7516,55419b2cd1d32adad5eb3d4d9f208d1e,09530,sao caetano do sul,SP
2c032031470d729f0d39269f7ddeea0a,d502da9fb1b1b2cd4dd9071978a38fa6,20931,rio de janeiro,RJ
2c053a3d38bfbbb1e805253ca0ab12a5,c0378e9280a6e9401f2b0fd4a288496b,30421,belo horizonte,MG
2c0d19a3ca20bb61b938eacf22b6b6dd,a692c9e28a1437550e1ba407ebdf47d9,77020,palmas,TO
2c17138279e491eb5a6f827b36e99ce7,a888fd5ece4a4f56d7c625ac4eb3bfff,30411,belo horizonte,MG
2c2e3a0b219594cbfaa91ce4d83fed81,b7342d16be4f3320ab6f6a64924afe9c,15801,catanduva,SP
2c3f5f8e033669bb6f354799040784ec,7ff0d91bc8ac4eee9a567db3475b0b62,81510,curitiba,PR
2c5432951b606c37c8256c7892f58d82,9cbd468449e1b9d61bc7e5b79fc9d5c9,35720,matozinhos,MG
2c56d94e7be54e82576ac32056350310,324cc93ccb77d4b004d3ee79fc8e737c,36047,juiz de fora,MG
2c6181c9105fc98a3d53efcc42657ad8,7bdcccce2b57ee261a300a1ac2a2a1eb,13046,campinas,SP
2c64fc3c9f0672a9f2481654a7bf109b,74e18f891a58daf76d6bc822b0dec66f,74785,goiania,GO
2c7a3fd723b8a905d140f3da465d51fd,f21652b1132f6c2fdd7fc8caf82a1a8b,08795,mogi das cruzes,SP
2c7f7bc25633eea4bbc7a09a1779e933,837502a03089bd6634038d02e13e828f,05477,sao paulo,SP
2c8f11d30a852df3dacc6f0ce6ed357c,28ece7b2c1174e87393832aa7f64b475,17580,pompeia,SP
2c945d100d97a528af1ad94613a8018e,aa53cf1e7f6ecf44d9ecd0fbc1efb059,80240,curitiba,PR
2c94f489b623224edf7fa984b32fd68c,74a4f9d76fbe2a84d70da33ce66e2e18,23893,seropedica,RJ
2c9e52bb3f721f18122e80a7157915c0,8b3ce01bee97c8e4104d8e355da4f395,19912,ourinhos,SP
2ca6c5097107f90390b8798977b97c1c,3a491736a2fbff5a3f8cf9acb27ebecd,31010,belo horizonte,MG
2cb1dfee32f16df851c187b495fc893f,f696cd78b519a805532b07bc317f8ae7,68633,dom eliseu,PA
2cbf6cb02acabd657570f14141006bd0,059d1f5650f05d9fed9a6d941593f9b4,24942,marica,RJ
2ce5aa9694357295fe3be39eec08fe85,065938485846aa5adc196cb536de42e0,31535,belo horizonte,MG
2cf11b6b0d123c72731303fe0b5d0490,85d19aee7a7697db24f8e1b24222507b,22745,rio de janeiro,RJ
2cf8fa6b9491168438f09e16f82fd543,5e173e3a61caee66b96f214a6e5bf4cc,90010,porto alegre,RS
2cfec1970705b37e4a308bb0d39113f0,4c8b8da10358565e26bfe9da92eaeba8,29164,serra,ES
2d1cc6fa6d845ab8b3389a26d9c63b29,23686693b97e6a4b92c08e7ff87d4317,07411,aruja,SP
2d1f6ddb9f55c993ef3f71eec46464fa,aa7f5c2ed901ed8a70b55492f7d2b041,60851,fortaleza,CE
2d235daeef950bf253fb464974d9aff6,dd7c9d0f2b103f42c9b8a8a9e2cce511,12952,atibaia,SP
2d27a321dea8fff855e646a93cd32ec8,a0071dc6b18fd4a5d4c1011a7b6f8984,41720,salvador,BA
2d2b1b42705b2f080c47fb2c46db46f6,f1097c9562bd8f87de1e69c30b3b08eb,83212,paranagua,PR
2d31f217b1ae10b6d50d1a70d839c20a,0936b59e52d209d5583eeb396f2e38cf,28022,campos dos goytacazes,RJ
2d46890758e23182b34e1f51bdd22c50,23873697bb91ccf9a51ef84f375e8590,11065,santos,SP
2d48f4b0f15931ea30ce7b0d4871dd4e,425ed4a176f663ea120b0ab10cda47c9,01333,sao paulo,SP
2d501042279d9347f808c2274f791276,96fe338efe938c699955775b9218b78a,17580,pompeia,SP
2d6baa0238afacbe6b80af3674000355,d350b6e286935cf85c9ba8d9615c888a,07050,guarulhos,SP
2d86160611127e9ccc6c5e70ea08f065,d7b591ee665743b77ccf8bbfb12c3a75,03961,sao paulo,SP
2d872c3792f119ecf5d60a08c2d90a66,0c956b53696f9d59c0620eec45164a35,29345,marataizes,ES
2d910ad991e18b8a03bbcca79a35a3a8,cdb5cfd897eae464933d6fbd24354fbf,14470,pedregulho,SP
2d9765abf313219e40efb7770ea42025,ac164cfa528bd7b6619aa0c952969393,55560,barreiros,PE
2d994a14e9afaada433bf6e7509a8272,37d7a8654918a844ec0ce4b049cca9b0,32140,contagem,MG
2dc102d4f63f2218b2afec0c90411985,b87857996db194bd1d88d9021c586901,76907,ji-parana,RO
2df17a523b839dbca5cf6e2465f91817,626b11963bb9e1ca9646a0e0546af28d,40470,salvador,BA
2df20d16a7c4d40a357959f64b76a7c3,4a18e88621a98304f29d894bba1ec1a6,11015,santos,SP
2df78ad2d147f2706a92137a24ae452d,3ebea3b6f43441f680403f99a2d0bc59,03043,sao paulo,SP
2e340eef5abc1db3fa25f9c177b12112,18b82e6663f45cc797e66ad725da9207,13504,rio claro,SP
2e795be994e5b3dd3602f35ae8840feb,74015401a8394b167d1ffcd653f2a008,40445,salvador,BA
2e7ba3e122728f593f2ef0a25042bba2,b6270bb21e2f15441022012115c81952,12945,atibaia,SP
2ea5983ec2edde5dcba726ea64e9fadb,1dedbe50138a3540d30fe355776d2d6a,04167,sao paulo,SP
2eb0b6e54092847b7512ce715684c15d,2ab37b5e0ba3bbe1919121ba60cfd900,88860,sideropolis,SC
2eb0e0eaa388db62d3a6121ceaef31ba,0404a0f0d37fcd1a30f434cd1cd8871b,94170,gravatai,RS
2ec52dcac1e5ca46634a06ed6fca36a6,b40a502883cfbd1065c35f9f72b2a3e5,39740,guanhaes,MG
2ec5c991e9e555707bbf7a41d70dd5d6,9889052206e07152b73c452b91d7349a,88340,camboriu,SC
2ed7af1545567c0facf089f0fd61069e,086e12e63bc66ea6adb0f2da1d94e401,21220,rio de janeiro,RJ
2ee50c8acce81885e23eb2b2f8e09f0c,e1f77148f586526a257a2c486f5d5124,07053,guarulhos,SP
2efa0620f7979c153d5d492696d4172f,804e3d3aa98f1bdf7cc2ae47b23f4d5f,33805,ribeirao das neves,MG
2efa228413723f2cb74177fbe013df47,c5225103e3e175b445d346887d88a153,86604,rolandia,PR
2efa8d107eb5b62a6506419325b8fc28,4ed27c4720bb91443256a9f03bca14c1,30130,belo horizonte,MG
2f0b8de5b769f1fb9e33a828d229543b,d2ee49341d6dd6b0629439c63a84a4a8,02136,sao paulo,SP
2f1cc923322c79500723159c9b44b58e,4488cb687b257fd4038974e0393188c3,06437,barueri,SP
2f55c214219aff9e61c70c1edba35df8,a9c5e655e836bdbf3127b90a32cd9182,25845,areal,RJ
2f59c2057337694cfaab7576c1d05bd7,f1eb09d2858a28f796484f8a9dfe2872,04203,sao paulo,SP
2f59e6ae8264da17adca44753f354ef9,2a84e8f124c11dc575348124fa047943,59594,jandaira,RN
2f5c5ebb61f2eeb48a990244af12827e,1cadad7b5fbc2c6f0f21ceccb1f043b1,11015,santos,SP
2f5ff4d0d6e4f93ff81abd25f3e35391,94a19681bf6faa3c6ce3e2df1c2d97cb,03288,sao paulo,SP
2f602347f836fb37d192a2bc4798a471,0cfb94f148a3f7b02123e6f64e6674f6,28810,boa esperanca,RJ
2f61a220c13f883b836164d7938f78f3,fb96aa7fcec2e307d3d4788eb79e687d,65700,bacabal,MA
2fa31352737393319f999c84deafc5c5,31ec946efae9958c231ebfce447a1169,13890,aguas da prata,SP
2fd3615b81c01c8b491c674f2c7020ce,f4179cc1cdfb0f99ff8c51e829deccdb,11088,santos,SP
2ff7c4672a0be98588ba196d51894223,b57ae5b814b5c6c154a5911ea006589c,17600,tupa,SP
300223b911b2ee2188f0f18835ce9a43,6f7a4b1f8ef9ff08285a31c0fe744aab,20090,rio de janeiro,RJ
3003e2cad13e2943dcfadd1cf73e418f,10f8e23a5018a2819d2c90a473b8733b,25935,mage,RJ
301244891b00c0b50ec19d1707ff24f6,667a996d867cb9540de65a0947dc121b,21031,rio de janeiro,RJ
301636c99160f8491897102bc9314600,12178c40438799ec2effb7040c841290,74915,aparecida de goiania,GO
301d5da00e8c74d0d2c80e2a27089a5a,df330bfe51b1a4fea49073d0e1f9e010,40130,salvador,BA
302cfa22e775ebe3ed559b2cad06f4a2,55efe0d41e47d41465ea4fb5f8badee0,17032,bauru,SP
302ddfd48143e8c407b25c746096e09f,e1bebac06d393ac8bd995c5b9ea0ad67,29118,vila velha,ES
3030516cce1e4a728413a9737fc3528f,3937b89b5376941a06d6004f8a4e1b55,11920,iguape,SP
3036f3db9acbc09573e6b3d1b15ded84,652362064dd477eca466820a2f6bbbf4,14026,ribeirao preto,SP
3045bdcbe6cdbe95cb0a1094c494f2d7,24f7e20b752dff08285da517271f047f,31990,belo horizonte,MG
3052596732f23f7b62734934adec1b8f,ec7f1811826ab04a27a92197bc40c888,20551,rio de janeiro,RJ
3064a79760daecc32557164058582b7a,cf3a12e8b394f94f9244d320080df100,30881,belo horizonte,MG
306e7f5a781430174600acfec52a1843,01886ef98f995e4f2dd75a1d04c97397,01240,sao paulo,SP
307ca6d3d62b7f56d4c4a76dbcfe83f4,3af0afdfa15d1a9ada578e483110bd22,22230,rio de janeiro,RJ
308979f2faf0919392503a7818aefcb1,0ab747aabaf607069aeb7ed48d97d1f9,41490,salvador,BA
3096efc811862c3afd73dc18e693a1ef,645306b41d1161dda7aa8448cd47d490,78730,rondonopolis,MT
30bb84b541c96af98ba7d90b9ebf35d0,33de26d1fafbfd4945eb586f7136efe6,39401,montes claros,MG
30bd2b14e08f78a92bce73780e871241,0f57fa2ba5be868bc5357026f0ec17f2,05850,sao paulo,SP
30c94c942e84899e8508e065325e382d,40fdb731f416e141a80418867178b510,24723,sao goncalo,RJ
30d7198ae94852e95a5afef8039145e4,b76bbd64aba8aa230a759f7de37bed5c,34515,sabara,MG
30ec61f9cd0da982b4905051e0faa785,5b3619dbe8789d4d059f8e5725d77a13,09220,santo andre,SP
3101541ce748b5b519502b237d72b5d5,7012fea1469196cc73d876d7b85c82ea,36036,juiz de fora,MG
31038e2eab5d5bf9c42e0f56d7251b81,04b9a14c0f0e107453338b7d85ea15e0,96040,pelotas,RS
310d31ae6e46c6bc708865caf0649709,f4efddc66872ffac0cb2f16fa307ae7e,05588,sao paulo,SP
314437095633767efe53c366467776ca,ebc0fc1783ee88196bedf209d7345771,07111,guarulhos,SP
315218f1c9ab6d8def6f51aec63eb190,5856bbfd3fdf534ce0f885aa96a9fb15,29300,cachoeiro de itapemirim,ES
3155d972f9e19ec1a465e5d8dda5c8d0,0bb85361669cd1fa8ebaae65fe43095d,41810,salvador,BA
315a9cfa0469acc52513edc34b1987ca,4f0ab9bfba4049bb96fe92677cb21178,33930,ribeirao das neves,MG
317379f8967b192e45021770290094d5,6cd76f489000250d2fc53cbfb805250c,06382,carapicuiba,SP
31781f419af2c8f79d4be4a88c6fa600,c40ed267ec92ebb6b0d4661025cf642e,24120,niteroi,RJ
317c67909981f48439ea716e4f5b9cab,820546a340c8cb212755f34e1bc6053f,82220,curitiba,PR
317e53bc7df537e853731bdc538c8c90,06c2538cfac1de544f46529bc1a1c4b2,24020,niteroi,RJ
319804ffc63eb8b4270a8818135a3865,3e50896cd4e9d3eaede04fd6af331632,73808,formosa,GO
3198dc1ea5691b70e1e47975503664bf,9130059f7c7d7f3c6f270e9141a90ece,13061,campinas,SP
319c850f33954b0d3911b7317282b335,76de6c90299164750e98433eae294dea,12224,sao jose dos campos,SP
319dce58caddc33d4965cfa1e107d692,32989b63ffb54f79924e383e708e0cb6,05567,sao paulo,SP
31a5e21fde387c4545d4eb63f6d1b201,2b43c6254527a0919214430775f3b927,12945,atibaia,SP
31b9b42d16fa584c55c792555dd4360d,5952549a517793e4cc07f74628343146,14702,bebedouro,SP
31ba3483559016b09049d2a84f6eef2c,e5c4e27b96f4edcef60ed1469a402db4,48300,conde,BA
31bbd9c903c3a084351754fb5b2073b2,43730e9cc7dc5192106ab060a02db3b1,12140,sao luis do paraitinga,SP
31c2345fa645f9d5850497c8eb4491aa,dd953fa1f6ef5456d6d835b5a98082b6,87340,mambore,PR
31ce4afefe39aa36a75051e21e8ca600,ddd9c384b4b7a2f80366ddacd8a7bfd4,68638,rondon do para,PA
31eaac4f3ea617df8b8e5077436679d1,578a719055f199cc37fc781c943a51dd,14840,guariba,SP
31eabee6e1edc94e8fe685de329a97a3,51e3dfa2a1bdb412521b7ca870b8c38a,41490,salvador,BA
3213a8e8a735e9c3f003f19d6db1287c,4b660440e7a342e9b30bdc0a3af5c5b2,13341,indaiatuba,SP
3227fb6f17d3a5f8b131c9782516ed07,cad13a8b23f70b1c28436974f7007dae,18020,sorocaba,SP
32310106268df19502c10ab4b70f26ff,6e7b6bee91c260c1338c6ea7931edc31,74563,goiania,GO
3233ac56f87817b5955345af54dbc7ba,392feae61144aae9e719bfa700c095f0,15600,fernandopolis,SP
32352977d8f006ca69685799ba6d9275,d9b10841ca4bfb223744eed7298af042,89287,sao bento do sul,SC
324709f9fb3d691f2c162f56bfdb6ff9,d2df5e77202e975353a79eb969740dde,70680,brasilia,DF
325b5d790e8073f024106b02c6506918,dec9c2c251e8105696bd997b2300d237,13013,campinas,SP
3274aedc859b9aa7d7e5db28cfb7768d,00ba737b18a7996f68cb8a99556bedd4,29167,serra,ES
3277f6dc58d50bc3b50445bc977797a6,c7dacbbdd8c3c31ce825a3bfbd5fd8e7,41343,salvador,BA
327d7f521d79dedd1ec483d0ba129414,06cda0f6b654274ef36983dc027aecaa,30580,belo horizonte,MG
329970820ec5088911fd6d9c1926a73a,b02f8d4c8c69decddc438e6daf08982e,13890,aguas da prata,SP
32a76ff73afc1bd3bb1300339764345d,887c71ba8e0b027ea5499e55764ba5ec,50050,recife,PE
32aedef591873c0fdf1312880c2f2bd3,056fc7649dca9b36f1b2171d6176a2da,81690,curitiba,PR
32c96c2835fc20069a4c0e229e1290a9,81ecfbc93e65d91e11dffe4b2ad110e5,13418,piracicaba,SP
32cef4bdd6bfa50612d81dc77a93b131,f83958e993a7f2c3fb301981bbf6deb6,97300,sao gabriel,RS
32dee19a706a627011743dd7c54f3c35,f520f90d97fbeb3a0fb57f8d24526388,31330,belo horizonte,MG
32e2b0ae693a8b4699e23eebb370dea3,61bcee3f95beae3d04d367bf937703d4,16900,andradina,SP
33017f6301984878b3e298594e609e81,6bcad241f805d00dd573561ae6bfc8c6,41705,salvador,BA
330a969c9598b012f28f388088fadcda,49c3738a8b26381fde724a6154411e0d,26535,nilopolis,RJ
330ca6b207006779da875ef48faef608,c3fcf3b664801fe10c4d9f62ac72b21a,02671,sao paulo,SP
33387b0074d1a4017ec034c902bac9b3,4e7b5d628cc3781d7be435f4c0598a55,36031,juiz de fora,MG
3338d6f3767b6853a4ec283edc2a7b21,22af775ffe3d627a6cac9fadfd6ec9a0,06503,santana de parnaiba,SP
333dac31d3ffc76c8aaae035ead5526d,8ff547d3fee99ff2a05c6bb7abf22976,26554,mesquita,RJ
334aace2ea64ac7763440b12492d4374,ac7d4fa6770970725c1a4cf26aba43cd,06422,barueri,SP
334cf9305f5115f1c21a78347ddb8008,9988d896f4da053721eb16cafd268522,38200,frutal,MG
334ebcfc6dd06afe410b13fef79a87c1,e097aa2a5a2760080c3abf6386002c49,96010,pelotas,RS
334fa9ca22bbc6345adc605f2abd1cde,d1083569a0a2dc25755edb078a454017,72405,brasilia,DF
336353043c293fff266ae08b9ace8bd4,b81c447e1a3203c7ca70eb2b245dc456,18117,votorantim,SP
336fbae7f609704cbff29abfa3c5cf87,d253bee698fca642ccc22a96dcb14876,13092,campinas,SP
338389b4ce5ff565c680373d416b9a5e,31b1fd044f076791b32378e1f8dc3d41,32641,betim,MG
3391d14b67f9a497f056bb575a5f7a30,8b9fb53ac87369f38cb793c2ebd89798,78398,porto estrela,MT
33a0ede763ee223996e200f111e33592,dfaeedb50d4f20b01551db05f8c0691d,14403,franca,SP
33a37e2f0ce971293fb3386e246e851a,0ac3899e77ef2167267927ffc100a106,13560,sao carlos,SP
33a67985c1fbd0aecd11cf44128a27fa,17b94b9317f9b0102f4eace63fbb193f,65633,timon,MA
33a80b6e336aef84a793ecfb1b6361e3,e6c1bcc2640a9ca6016be5d45c7517b2,14140,cravinhos,SP
33a8d776edab4135ca1a5f9b48f499ed,6289f600c5e334ca3787c785aa7fa075,05302,sao paulo,SP
33b194055962ef1fc958b5ce53d6c48f,80f12d5f1e4d44314120ecf336da2e8b,86450,quatigua,PR
33b637b65158f77c5944eace3237c3f2,f39f8439765f730d6a6b60d2767d043d,04146,sao paulo,SP
33c6aa3b05c08606ea259d5adf89f296,a7d455cd9a8491ada2404b1dbcb00181,18273,tatui,SP
33e0063ceed8499d4c9906865945665c,c0c85f4c42fd98c6b5669dbc85a77bf2,37502,itajuba,MG
341661549b66eb2b11c398b0fd0e0e85,8a9f0cb78da35bb893404df1e39ef0e3,11730,mongagua,SP
342875627cdca35b162f8951bd6a9221,66f046c0fd8f1a8ac91c71ec94a54b0f,45605,itabuna,BA
343506512287287cf0c18d485fe44c9f,8e84222ad36cb6ab528b745ae6e18d11,31985,belo horizonte,MG
3444b6df29161fdf7e00469f6f79693d,91687e2315fd578c976f37533a7d597a,04545,sao paulo,SP
34497fb7afde431c36bfe5d62cb39716,56bdd6ad82ffc0e993f50cb87c849d3c,13295,itupeva,SP
3463ac00dc2de6d13c26ace2d43fc34d,1e8bc2faef25efa8fab9d52f1f12bf7f,04044,sao paulo,SP
346e8953d3aac36a611fbace59ddc415,d3a7a4556becaf8cdb5ffe412608819c,38400,uberlandia,MG
347a3a624ac043af4bc49c2da5b01d95,43e626e91409ae19ce7726fe7597681e,26510,nilopolis,RJ
347d2d46e041e08671c945edaa69b28a,b5a5f413d1debecd51fd0e4874c03bbb,13209,jundiai,SP
3484006d8f49a3517029356d1d1cd215,a8e575eaef83ccd79ac729f1007e8d3f,03694,sao paulo,SP
34b18316e1c66360c7d2603da9a8b0f3,90b48ced7472af3c9c94ff5a432be4f2,36010,juiz de fora,MG
34b9bca8f3dbf57f921bb8cf2e276be0,4e480261210d6151bde03ed17869966b,03306,sao paulo,SP
34d50c815414e1f5a73de0562cf52098,726808815a7330ce414e86f5473a7736,09618,sao bernardo do campo,SP
34dce5cd72cbdc18a08cfead93190b41,ddadabf7287d9dc3c9a30e4eb967b5d3,36085,juiz de fora,MG
3511ee1e32ffd8cef320d91f1904a7db,2c5bafa2e3d48ca7b446921b05d7f5f4,89160,rio do sul,SC
3516087073944b772c2f8b3d0f93a31b,bb94f621137b2052f1c3683d9ef3e48e,06273,osasco,SP
351ba257ff8f46b84420f830e5bcedd0,53780137baba56759c9eda8ff4b0639b,12327,jacarei,SP
352289eecb0665692f1020c18c945378,8a5f848de8330c73a9689d7cdc15fdba,02807,sao paulo,SP
35556be598c1246153f4660064fad5c3,6b153429d905f12d2a8283be53ade5e7,13190,monte mor,SP
3563b65918969aa4770325856ec0c256,6dcf48fcc0c4d96dd7af8a0897ae9de8,88070,florianopolis,SC
357a476fc6c861df26d0765b758c0bd7,d47a4aa9da0e66618739308d21e548e0,14051,ribeirao preto,SP
35864582d9b9cab28936cdf255711c5a,74a79b917483257286bedb2355c729f8,06473,barueri,SP
358d340407453a509997b8298dc1ef5b,a928e924ee8eccbcffb327ef266638b5,05816,sao paulo,SP
359657fc25081d620ff7caa59068e261,e86b23ba03d921e76f2c39380b448a2b,21021,rio de janeiro,RJ
3597d588ad764ca2e11ea16ffdba3f15,109ee69499d4bd216b76e739256d1275,04870,sao paulo,SP
359ad3b4fc253aaf69e36cc2bb4a6077,c6cd795168d2680a86505c83e0489347,09030,santo andre,SP
359e378dbc46732027e95ff1a5d88bd7,073cb6890c1f05f67bdce2cb9febb087,71929,brasilia,DF
35aabaccc2c7476c4dd5f81192a067d1,2010254934075418afe8437eb709a885,43810,candeias,BA
35b1b59124f9309cc311d0e040cb90a4,584c47de6af46ce6f3b2e2391eaeddb4,49045,aracaju,SE
35c5ad270bff076f7b5c235849efe96e,c15eb9e87750a9ac060148011446ea74,04705,sao paulo,SP
35c8b0889f907434cf3cc776569ba7e2,52efcb176610d4fb077f11a8703f5443,23030,rio de janeiro,RJ
35cc12371670f472b711f691ed7f6edf,920743c929ee0fc2856d4c97be8f6152,13105,campinas,SP
35db0c2edcd70d3ebd5cdc04b009ae38,985f1ef1d051a018cc11bf7ba9fd34ac,37900,passos,MG
35e78cde5b0035c5619904e902c385d7,a419dd7dfd2ca5800069304fde68e3b9,96216,rio grande,RS
35e7e54f7840d659ec8d270cf00a66dc,46a23b5b38c9caebf785829998db475b,58900,cajazeiras,PB
35f68adc8ec170ab999117525306afc9,57e5587a5f1c3fcf65dff88c6d088cef,07197,guarulhos,SP
35fd70b44c6c7abfd28a469e9a85f0cd,0c2c1b3fc4d9f572b89df735dc57bce4,06717,cotia,SP
360049d2896a80d7e24f60c1deb01ebb,3f6a946ec3ed53c151d8b1eb1cb0336a,38320,santa vitoria,MG
360c6d74bfa06f876676a09b73bdc9d8,d2b34b22fcecb12fdfdc1c9001326e31,76375,hidrolina,GO
3623d890daeaa98627c13355885d1a88,a24d643d3995860419ac5afe5194c2ec,96400,bage,RS
363dddbc708c46ffbd3d3860c79a54da,3de6d08cb41f98b062f6675f26d7dce0,39100,diamantina,MG
3649682bdc335d7df4c02126e7ed390c,5844cade6c591db5be80ac133b1a64b4,37550,pouso alegre,MG
36578b0c0b959dc3b01f093b6a96bf00,fd371eb81854829e8eb8f13e522c0f0c,31680,belo horizonte,MG
365ed08446356b37760003aabd1c8166,23a37f309015b9c6d25358158567209b,02247,sao paulo,SP
36715539f8ebc9f7fc73cf94e722c0ff,8635f91d481482da68f901e2f6de5c9a,88107,sao jose,SC
3689abfed7e332a5cf585915310c0056,07c9259c1afcbd1f6b416d9985782083,95255,campestre da serra,RS
36aecba54dfabb1b1ded76d471555414,5437bb4665b99bf6d34c480d761e4cfa,64578,campo grande do piaui,PI
36b182c39933d55e307096ccc3fd2970,0a5dadb73145d29f42f703c97c377ae8,11708,praia grande,SP
36b7c241d7c541245697882622147c28,c3600ba3d356e33766c3d696bf2f9a87,39680,capelinha,MG
36da551e41edf8d0f425b6dd458bfce8,dd8441d1d5079a9b12ac7f2c81280ec1,89208,joinville,SC
37158bf83b9f6eeadb5893a053a2971f,884f9871ea0e874a25cf0a8d32e4d2d8,86072,londrina,PR
371e88339651f429491a4d74517cc8ad,1cbda36ee89944baa7a738ddbdc4679a,24220,niteroi,RJ
372a5dc5cb0717a9e9eb801e085f4154,5862be8ed207e292d3ae6eba8f06eb24,20520,rio de janeiro,RJ
37346b142cf550a61beade652896f249,bad6ccf4e65cc1816846e573853efee6,15990,matao,SP
373bf4e0ff53138b7b90d527fbfc095e,dab42470534eadccc6e18c8bc9ae4b4d,23515,rio de janeiro,RJ
3747cfcc18da3cff44fd440770d92d97,ec462378011c63f79ec53a2365d8e71b,23070,rio de janeiro,RJ
37589709e8da3fb3e3835c7c7b942de7,ef068814b087cac3c1bb6cea58c98480,28625,nova friburgo,RJ
3760c826a4b281eaa5df1bb856d54c0c,fb394639f086fc97ca744c8507aff87a,21655,rio de janeiro,RJ
376c7f50236fad51150ba8d901db18a6,afeed2fe9f00485bae19623e306b3937,19013,presidente prudente,SP
378b80aaccaaf259cfd1389b968e4bb2,19d49f41fb53c169a6ad94ff06b023b1,85884,medianeira,PR
379f4366f5dab3fe232d02b8432360dc,8e2c92b2442298bd653b0e9aadf4c313,78525,matupa,MT
37a6be75367f9868cc1af702f0833136,35058032aa1bb4f5e2cd84784f9fe0cd,04140,sao paulo,SP
37ae23e3c8ce808a4ba0c0711706b956,d263d3c7ecc90b81eabcbbef12ca5904,95080,caxias do sul,RS
37b1a6ea6445f0a22764e0f929913917,37f62f45f4aa355b059db858a29fc606,87020,maringa,PR
37ba17a9768cccc0eefcb06a5319755b,73284f7b95c0c04e2a716361b08858b0,29177,serra,ES
37be9132c30097517fd6acecbda58ad5,8758bfd445923087baa6732c77ae882a,83035,sao jose dos pinhais,PR
37c16b1cea3444073ad6d3ad77dccae7,d8fece14a59c5939a720ef29fcd18545,93540,novo hamburgo,RS
37c1966d2e9025108649bddf9522f3f8,3b1a140b3e265fc3f94bbcfbdaaab73a,78360,campo novo do parecis,MT
37c9b8758f5973da26ea6a1912251b3f,4946204454b7231beccd0fe262994bfe,22793,rio de janeiro,RJ
3801aefdf91a678d97c08325798a79bb,c8d3f0c43a77afcc2f604d689ed2bec0,14815,ibate,SP
38070926ee91423bdc82e914a72429de,2ce9755c84e47b391e5255ff3e41c34c,39690,malacacheta,MG
380836707fbc92b86912f06cb61db79a,b9403fdbe9bcc8537d117bbf846bf275,36880,muriae,MG
3810ae52bde69bed0acd162b5c18aadb,0beec065ce2d16d3a8dbb22b87cf4c43,22631,rio de janeiro,RJ
381e00b3603ba05314ee7c9548ef7b6a,d0813c57df04369487ff42ab24dd0ac7,73015,brasilia,DF
38451f7954790eb28cdb29c802beabd3,a8069adf28c10ec4a49ad7479712c13c,26525,nilopolis,RJ
3875fffcd2bd0a6284521422cc2abdbf,9fb1578f8808ef7d8bcb9ac681b59ce2,06855,itapecerica da serra,SP
3888c042e9241f12d3e60d2323e3bc07,f18a9b1d9aeef668714be19df592480a,21910,rio de janeiro,RJ
3890ca07984aeb87f3c7418ee749e0dd,8d1c52c3dad67740821bb4f374082eb9,30180,belo horizonte,MG
389aaa3d9c15ccb07e3b2185c4a8273c,7ad04c71bfca958e6f2ec44bce34e2da,08420,sao paulo,SP
389e7165873cd6f31d17f6d5f94fcba0,13efb012003483c7c63f07855c5b7605,37470,sao lourenco,MG
38a63fe852918021685a1f656a4d5049,f15e3df8a37d94b4e9324f22b58ec5f9,04658,sao paulo,SP
38a82a516c3ba8e40fa79b580d9855cb,9a09a09e29cdb2fa881135c84b67e523,13140,paulinia,SP
38ae66eca48b8ee852219d96d98c0b85,fa458c3a05d049490dbdc2164dc0ecb5,87025,maringa,PR
38b44dd008d81d41ec5390f334a855e1,12827475c5d3b76501d00695eb5e1504,06423,barueri,SP
38b9cf892706e93eddf8ec8265869722,90f718695747b51939085c20ef742241,84140,porto amazonas,PR
38bb507d2633cb3070255ddf8b2daa5d,ffbb6557e45f7158781514f0efddb0d5,04115,sao paulo,SP
38bd3f3f848e80040f85ddcdb8f7670d,f9ea2418e0844db5b018bae082dc0eed,12244,sao jose dos campos,SP
38c0e22834675c9915d1658a60101390,33a420dd96071ffb3fba60e0e2d31ee6,24456,sao goncalo,RJ
38d2b4629523c6df929e8e1ea42d1327,388cb818a56011ff813e5649501fee58,35570,formiga,MG
38d582cf25bb1bc7d6f9f494dc2c260e,3ce128c0db0a5e430f1a998105944d59,26210,nova iguacu,RJ
38e8b91748adac314f46a476f648f8c7,75fc49194726b173a8cf133432702281,70352,brasilia,DF
38feb76a2d5be48d28f3cb600f7ae220,db305eead40b07047378cdbf9d8ac91a,31640,belo horizonte,MG
3911e9adb85bd0a22a4fa417087ce84f,7d7d53c398d0e34f3b6a53b4c8273207,08630,suzano,SP
392255645b4374138db8341ef76a8de7,fbc56033bdc4a266370de69012019a97,13052,campinas,SP
3923af2f4604d8f1df2d24eb23b9175d,a456b1e7610f3ba8610159094d2f0031,61760,eusebio,CE
394653a10cab83cad40d7e2713f3ab89,19623b03a989f84045b914cc36ee555c,25942,guapimirim,RJ
3949edfef86218762911d9a16c513011,ecd8c8b41a6a11e74f9ce6e5bbb3e995,76550,porangatu,GO
3956d1e55818b7dc872d5a1de09e4ddc,f80c7e4cf2fa8ff3532323f19bf603ba,01422,sao paulo,SP
396e0fb767c26fbfbb494aa0e2a34878,baf067e3c3011ba9b977532778f62804,84600,uniao da vitoria,PR
396e24b18e1e98d8e72f4f7dd7cde83e,c188a5133890acd97612ce2428f7402a,03253,sao paulo,SP
399cb3db1d7a4c442e4833b5f57a4429,f0cd91b4062c68c65d115f48f368718f,96810,santa cruz do sul,RS
399cc941c7a8a325c3c3bd68f9aeeee9,32cb21bc086b7b1b26c8d8a6cf2d35c5,65015,sao luis,MA
39a3f99c51f59150cbd4d1dfb52603cb,1670e7eb21cb0b14319e9b6fd3aabb30,05083,sao paulo,SP
39b0cdba89a7af6e2fbd09107e21a69a,855b8c3196705a9f1d8b459103d7f97c,13160,artur nogueira,SP
39b7ba7f041b8f4db4cac87e9b31a838,4cbb4b07e2d5a48bfebc0e4958e8e7b6,12244,sao jose dos campos,SP
39c082628d716c7e5d595b2c28ba81ea,f33469c09e20f0a4908a84a1296ffd4f,73801,formosa,GO
39c468ec6052be3b96937214c733fb20,da99b7acb98c250200a2310e6e7b029a,36520,visconde do rio branco,MG
39ce17aaf75f3947b94a0eedb243fd93,86861e974eed32436985ea504a2e3f20,48280,mata de sao joao,BA
39f021a5b9c2d0ee4533c4e62c702a3d,e7f5d606557690f1afa6e202a4e5bfb6,05757,sao paulo,SP
39f165573c5cc30c87842ab706dd1f72,a474a5c56f810817d4b44945b11f654a,79826,dourados,MS
3a1e5902bb274b86dd980f371e207651,6976991546a290faff14b82abaa65779,27335,barra mansa,RJ
3a25d5fa6ed987c3db36dfd46d303e0f,67ed19c063b20fa032f6bcbfff49df25,07951,francisco morato,SP
3a27d6401473a9ff4ab309448702d4f3,ff8d27e48d6492ebb97e3052142c47bf,35940,rio piracicaba,MG
3a2a60b086795748df36eb6d22d5cd93,0542afcecdc485269c0b659b5fb8f231,30421,belo horizonte,MG
3a2b4695ef4d00cd124b3e6f2bbcd212,d56257633b86a68ecd4f773ebc8cac33,02251,sao paulo,SP
3a38221b09bfb907e18edee4e1a12645,77d0b64c3b3f1e8b24c38a007e66a8bd,05842,sao paulo,SP
3a3a436acc53f2d7e4a55d1aa078926e,128a970acd5e71fa13db36db08ebf1ed,24744,sao goncalo,RJ
3a3caef69b01f16c9eb102c28168564f,09a80255e081de716a9f8d1fab9e20b2,95995,arvorezinha,RS
3a4f2ca546552859fbee998bc87240b4,e890dd153c9d49c005865ccbeba8979e,09172,santo andre,SP
3a6092e4b060b3742ba23b9826064953,7a7c40d54f4884ed9dcf282c9cc8f765,27123,barra do pirai,RJ
3a62a8f729ab13f742c0d4f797e61278,3de0c9303f39b7ccfe69ca11aee19cc6,12243,sao jose dos campos,SP
3a6e21494af5cdc6248949e40d3eb01b,a89f132caa2e53e649d4e59d269fa8bf,03531,sao paulo,SP
3a7d1c879493e7727f72a8fd2f93c366,7582e04fe853c36971a7be15c9a027fb,23085,rio de janeiro,RJ
3a7ee02ff6c9374344b9a60592bb1648,29530dc2fd5289e262b16f56ee3c9869,21830,rio de janeiro,RJ
3aa067bb9a756282ef198ae577298bd9,eaff5cd23fd2561c791fbf1e492f5dc5,88133,palhoca,SC
3aa07c52ba6832f2d4ba030134320b5d,8b4b84dffade27f5ebc63a467529ba30,16901,andradina,SP
3ab22580c82d3db7531aba1fc5fe49c1,d18227b7809322199605d38e81ec230d,72425,brasilia,DF
3ac0177581009fc9b7e7aa3e860101a7,3a4c7c507f9f3263f050feb1c082e8ae,02525,sao paulo,SP
3ad37c1be46629ea6935f7eb2362b380,d1ad0a5f79589af17562cdfea4b4d8c7,13054,campinas,SP
3ae4dfdea4e9a09272a08f76428ac8c3,c85c74a4e47a02e7cc0587d09f464b91,07055,guarulhos,SP
3ae866c08dcb731c9b16ae503bfc8c66,f25c87f2bde09ab1397ad8d35b6d99c8,06764,taboao da serra,SP
3afc42fd18017037f8a3972aa57c1436,a080513ac50b20c8e5b1cc046afe5fea,59124,natal,RN
3afd37d52008fa63a8f8872bd5af223c,509223d253274abd4bf06f3ce46d9a18,55030,caruaru,PE
3afd74519364069b1d7ef9ddeac50d6b,9b5cbf747b4abb342ac133d9bc135c64,14400,franca,SP
3afd83b96ff63cd65d69405b42b48738,a517874f10f122e5c8674bbc13a4268a,28027,campos dos goytacazes,RJ
3b02ed61740c727eb497d5e1cbd0ae84,d27356e393b363f84ee3ed6ef7c6ff2b,13460,nova odessa,SP
3b0ce5cac8c33c35e058549782ec08c0,ba65345002716ae4c725e90a61a6ca95,20091,rio de janeiro,RJ
3b1b170d99927389f0705dd404d95083,4666a014b71e0673f5e847f0bafdcd50,13331,indaiatuba,SP
3b265c5c8b23bd68f30829c0c5a1af06,a07c7ae064837f3433e2d4a053c95d5f,28970,araruama,RJ
3b2a2167b75d2d89c226dca5c2f31ab1,8e5ab06f3b845a533615ad9d9a1345de,83322,pinhais,PR
3b37fb626fdf46cd99d37ec62afa88ff,0005e1862207bf6ccc02e4228effd9a0,25966,teresopolis,RJ
3b396314ce0b8974b7061c0d11212416,a5d5022b1084315b8de8125050a37eb2,37600,cambui,MG
3b3da83ec0ba0f4ac5ae88220bdab905,22805a5f04b5eb6ff36c0ecc0bc49498,25520,sao joao de meriti,RJ
3b408c6d257435c14b05234d711d37c5,3219cdbf077ae7cc44070afe219f11bc,13467,americana,SP
3b50ec863517ca1ed754cfd466fde4cf,ffab5330bd7b40979ab6726b2e02292e,30512,belo horizonte,MG
3b6ad7611d288f2e059ebe868d7a5948,f0b5a265570e4f0518db6f9dccdbd1e0,14020,ribeirao preto,SP
3b6dc76e9598654bd9fc7a898ed4813c,82586394e0357210f5182218326d9110,06455,barueri,SP
3b74aecc92a9ddce62caa3abf0af14ed,fb6ffdea3495cfb5236ef8dd1f18fbb1,38170,perdizes,MG
3b89e57966dcd01fc701714d480e4e96,8ba3299af46d0ed78e5e36d4b262232d,06416,barueri,SP
3b8c77deb5df57efd9eb00740ddc03b0,d10c2e48cffe876a6c1e7bf8427ed884,36415,congonhas,MG
3ba2431d39a1755e6f02841aec4c098f,12fbbfc4971d89eb3690e796be384af5,12902,braganca paulista,SP
3ba47b09546c2da91ef141efce2d5888,b8c37ee810b38c416022e1c9f51e740c,32140,contagem,MG
3ba63e448d9f2f5d5c160780572ed6bd,61a87d1f60bc64b533ae054d8291406a,31270,belo horizonte,MG
3bc958811e961837de533256453f1f61,527d59def65c2a1300ae5c4138c279ea,05303,sao paulo,SP
3bd73d184f96fc1f26896de888b43819,0f0470ca2b9c77d9fed0c4e9137af190,03322,sao paulo,SP
3bec57f51a23b4e63d691df3ab023cc5,0edae752c98ae9333a935019211d96d4,74890,goiania,GO
3bed1ed2de380c0df26c6566a00693a9,e32ce82075efa0299f4af16ade9b388f,66095,belem,PA
3bed766b475a1eb116f9bfa0121d75f4,3892adf144a34a39022e86b98c5e4d43,08640,suzano,SP
3beec086fc157dbb92da88d3eb62dd4a,8a68b098824b1f7e0a07f4d0589be32b,13484,limeira,SP
3bf26406a9b6c1f4e476702b5e0ff00d,72fbc5c7218f1a65f3dd199e859766c6,40157,salvador,BA
3c10da268c72de9078aff090328e7e4e,d2d64464f9572b5caf7af0d7a8f7ef5d,22290,rio de janeiro,RJ
3c10e28136c7245b59aacf777a4e1e47,08a8d626786505baa9ec97ea10c7d71a,41130,salvador,BA
3c18db09bbaf1ef66e568bc610fc3e9f,023c8fe9cea056407269dfe9bdd57a8c,76385,goianesia,GO
3c2ebeb8ca2c2f64bfb622b914cbfe1a,09d9c1ca3aa11afaef88d082942c2f0c,35550,itapecerica,MG
3c33abcd1723c7767914efc6580bfb36,7b5b1d7f96041d3456127ad9eed8e593,78500,colider,MT
3c452be4bf253c6f9a9a04e35f09b220,728a151b4593fb7ae0787158df28752a,02462,sao paulo,SP
3c68ab97a9868961c8497b3ce754a992,5d9935164bffd4168a6f76d7154e7fda,68650,capitao poco,PA
3c8892a24d5f35c4a39b1a374c662b60,619aee9770111ae3b6eb6b8f99762136,45630,itajuipe,BA
3c90bb0fba16e889f898e2da1df5fb32,95206211b1daa20267e50fdd46555802,78643,querencia,MT
3c97b23a8b4e6e6e186ed13e99d295e2,e0a34cf7800334804596803f6ff3bfb4,95555,capao da canoa,RS
3ca320c118e7ec2503867e31a79c479d,295350f65ec6b7f96b39c8e100ebfff6,38411,uberlandia,MG
3cabb118fc8b876a16ae0b50bc277959,e1522db691cee70a610d98e7f6ea7ec5,01046,sao paulo,SP
3cc640f13134a74f3bc34b9b0094d412,30e4588900a8ceade11dbe60525d107e,55400,catende,PE
3cd23ea21a79ae52cce514785f7752eb,56018f90d636604006ef92df10174bc0,22461,rio de janeiro,RJ
3cd4a0885a09ba26dfb6e3095d113f58,5006ff61ec2e6466a5eb0faefadbde6c,12941,atibaia,SP
3ce492ad96766976c6673d3e1abf681a,f3e619dd22c300e005f7d3574e9e0eb6,18650,sao manuel,SP
3cec5fcde75cb301d296c334e846f8e7,133b813228f02ac54e2c90a91f73f179,04035,sao paulo,SP
3cef4697e20e318d151c7e2b8566e704,3335433ecf91d06029a195ad59f4f07c,04314,sao paulo,SP
3cf0ae0b8daef388a5106a0f9999fe97,04b3b974dfe285ac9f2eb96a6a9cbb9c,03654,sao paulo,SP
3cf843218f85922e5fe972904be4322f,47a393022261e86f676ce7f05efd0bc0,68464,hidreletrica tucurui,PA
3d03918967b32805b683d795b94763d3,54c0ced91504b6d96b682a9fe0533159,04611,sao paulo,SP
3d3a914f6c224c43dfb53fb6d29bdb31,3b42397b0b4ec51732fb697c430cbb19,78025,cuiaba,MT
3d4b571062a7bb528ced4e8e11f095c0,5ec0a4b5c5c7ea2a5b62f97f746bd4e3,68515,parauapebas,PA
3d548ea6abcd37bef66b58e1360ff8d5,55a36ff7f14abc01688647c613b35836,94010,gravatai,RS
3d5895b2ff74d5fb6536827bf9799baa,9c27b7c5eedc25240c8f0ea8f14662e9,63113,crato,CE
3d59638a168c209ccb33a27424fc06da,6e14116d3471123fcf057c203fd7e801,13825,holambra,SP
3da491a8515480c29699a85b1c8f294e,bed7447691e157aaa9b8e126860d82b7,95076,caxias do sul,RS
3db589c1c823079b172751f6330c5fd5,49c5ef1f262be01b80383cd169a74cc2,13160,artur nogueira,SP
3db7d750dec6af04aa58c535060dc154,1b39562c8fb29621bfc1be1dcfe9e9bb,35442,rio doce,MG
3dbfa5555d41c7d7b407ef940e8f81e0,fb913dcc5bc28ef35f1a50d9483a5159,13190,monte mor,SP
3dcd52c8a89d3dbea71bf36c908d8410,2deeacd4088ed129cde8cdeccdd46261,13348,indaiatuba,SP
3deaf89058a65b6c3fd21ff77a189ea0,9e212e7b5a0904360d7c0b1378e8ad38,22631,rio de janeiro,RJ
3df5f3d6b4cbb719bc6d35ca6f601568,c6ba690689624400c05e4502dd69616c,04045,sao paulo,SP
3dfc88de59670ae75a0a8c7a2a3c6b99,083c61d70baa8edcc373bbfa53f74d8e,33600,pedro leopoldo,MG
3dfd713792fd5ddc4ffedb9ea5fd9318,f9538d66bfe1de92870c834eaa62db8f,05881,sao paulo,SP
3e0ea72a6a9f85a1514038f9881cc62e,73bca24adfdcfe1658f5626c4881d8c3,20540,rio de janeiro,RJ
3e15b38b9f5c551bd51f7b1d713044d5,ec3e2107e2ecbd14db19a74eaa4c676f,88505,lages,SC
3e21de36f45bda5fc08a8ddf5ff1ea3f,6770c2cc4bb1ee7cb6fad85b5acf4a2a,05416,sao paulo,SP
3e2930de7e731ac3ed3a0b024aadbb69,41cc5f6aa8c35f905d5ccab6db922369,36050,juiz de fora,MG
3e34d3a2f74fc23f3c0bef7294bb00af,61bf40128d7957b35b793475804b7d3e,78325,aripuana,MT
3e35e35a82de3fc574900adca713dff2,d986e49adb130cd15e3a6cf7505439d6,41387,salvador,BA
3e3813c10989ff02473af86f08b4d801,95311486692f0a5d5c6b2bc101369d02,13010,campinas,SP
3e4cf7dd92181ca208a4c88731b68b68,b945e00d934235031f0485a01ee7e70d,22031,rio de janeiro,RJ
3e7b2479252ab3087413e44eb3354263,8bb85b9ac76770501b8207d0e95b74c8,05454,sao paulo,SP
3e93838115ab9cd9cd49e91c2916124e,81c32144b6a09db6afb39476c7fa1bef,21321,rio de janeiro,RJ
3e9aca248d1d381339c86c8682cd7647,ba91ddb8d6474f175375b4ced893eef9,97574,santana do livramento,RS
3ea9d5100acf2b7ffe45e68b545c36e6,3da285f344b116692496c69681f04648,82530,curitiba,PR
3ebd35ebde56dc990f6069767e98c9b5,dd3dbd954a92cde43aa989722745a4f8,28613,nova friburgo,RJ
3ec61cf8cb2308eb5657b57cb3dd20a9,9ee6ef5cc65abe4d4d0e1b22f906a309,04015,sao paulo,SP
3ed790a63e61a86231274a97e1b27fd6,945d8abe1a8d969b0befe6228a801f92,02945,sao paulo,SP
3eefe54afc9d6d5fc569afcc3c28e772,9e878efb47ff116d7b89b5ee1fd23e11,85914,toledo,PR
3ef07c4bf193cdc766ec811397a59c88,35ecdf6858edc6427223b64804cf028e,65075,sao luis,MA
3ef7cff4efadc6c1d152008c75e7c93a,42ff92d7d6605bf30aefbd6a17ff7c9d,30810,belo horizonte,MG
3ef8b5021ce1e54df184202310c4fcb8,dc0b888e7569dd142a2dbeeeccc415ad,30140,belo horizonte,MG
3efd6634c0d7ebbdcadfb0f56b75ceef,1960e8d5fdd49ad76ece55ed57555f42,31615,belo horizonte,MG
3efd90addf25f86498def3d8aed02174,d64283953b232234dc6a8f6ce12afe6a,18076,sorocaba,SP
3f3604cce1ae20d26d7503ab468cd86b,6145c21fc34d0206d09946abdf80c3fe,04458,sao paulo,SP
3f3c653d87141f50a30e6818c98baf67,b77af26e13c3ecc029a178fa509f003f,36426,cristiano otoni,MG
3f3e1ecfa168cfaffdf4bbdc26c8fd35,51e32dbab59f703df32796cb616dc90d,78020,cuiaba,MT
3f62271cc144183c56e7db438c8cba08,56e1345d266f31c440bb8c809fcadd02,24711,sao goncalo,RJ
3f7738efc416bab23c48f5d6f701c693,de12f7e59f4513ab89285567520282fe,26525,nilopolis,RJ
3f7a51e1e98b8842843f9e9c49d0721f,5de40556e64c68e511a1f01d00da8f4e,13025,campinas,SP
3f9eeec8455219ec26b9fa6a2c8e9014,a3515f93d38a230201f1a1f68ce98cb7,78200,caceres,MT
3fa3c3db2ed313c710d56a86f4d71f85,966e108168ffea9f05c036fdd0578702,83035,sao jose dos pinhais,PR
3ff1fd17fdf072b568d67bbb73859d31,f1ed2d53f6ededf77f1ec15f4f2ce66b,06070,osasco,SP
3ff7ca0cebc624cfec47b5c21747f40f,1894b7e20d2dcf1910ba73852af89d14,40415,salvador,BA
400bdea7f3cee3d1d54dda43b762d369,d2c30c00f9787faf7349ea558c153613,48890,valente,BA
4024b83c510f004326fbcf0671738663,60389b9628af3e1ed0b3d14226b77994,09280,santo andre,SP
40272bfc2f46fc530bb6eb75977b5a07,35ecdf6858edc6427223b64804cf028e,65075,sao luis,MA
40291ba05fac951d2fe586191112b3c6,9fd4eb329cf497c6b7bd17421d205201,03028,sao paulo,SP
40344fc90bd43d22bf7cb4ef3be9e4ef,61787ecc9f5a3626e861f343fdcbaf9b,06765,taboao da serra,SP
40403c2e9eafb740165e436a1949d5e4,58243e7cff4dc130c687f335a40a058d,23068,rio de janeiro,RJ
404947e4bfbf5a96d84e4451a22e4012,50f0d1dd0f51d6d59c3774b9d109f0c0,15390,itapura,SP
40505a7ba5cb60766eb5fc4d8f696e45,26c48996867a67d2d6d1df9dd5e00ec8,88745,capivari de baixo,SC
40512822fff2718801d8ecdd063dfa9b,251fe896b938a0b3a2892d5b6ce68cbe,30510,belo horizonte,MG
4061b7542b6c15e3322f9d3384f83d39,05d1cd05687fd5153a9c244ee7052e99,85865,foz do iguacu,PR
407c1406c14156697eab85bf6bc2aa2e,e424731f7e9ccc9f3384b8b71378cbf7,13348,indaiatuba,SP
40803048d3a6898a71048ad33d7166de,ce2c81763a332135accc16346a001795,66083,belem,PA
4081747bb8bcea89ad6a14e22c6baaaf,1d78c7942a6583f7d135debca5daf88f,02316,sao paulo,SP
408691bd6f6f11a18163f9ae838ad30b,a28f687bf746de141e0827d034d6132c,08770,mogi das cruzes,SP
409334e233daee55eb33a208c8295db2,628c43de9f1abb6558226b7661420179,04617,sao paulo,SP
40ad2ed5cffb7e8019dd02fa0af921b2,55fa3ff650718b4ff3f858064430157b,88717,sangao,SC
40ca21e6d30779f6bbe94376d5126f4f,9b56621a497380ade46b870459f4cf8c,14706,bebedouro,SP
40eb5b16b04bc62c59d4905857958e82,b9ce93ae35b4cfe939be5356630992a7,18603,botucatu,SP
41029da7b6da5d01717c78a149e30b93,7739224fb6d3ff54a0e61ae0bf5e32e5,18550,boituva,SP
411bbd7a65438216e74fca57fc455e63,e0f7d1dd04e7fd76c15d841b50e66f1a,04142,sao paulo,SP
4183a12bf979a9f05ebaf0c45eef6120,89c82207f5240b591e568b72beab9337,51190,recife,PE
4188d77568d27a1ec95c6d521865d48a,3de5933266a643a0b829e83f78c35821,72600,brasilia,DF
418e9412b396846b861a8c5cb59ba65b,6ab21d4e4c53e3189aa5f0756f477dd1,26545,nilopolis,RJ
419416765315af7eec3cc52b6590c2cf,a4bb1f3a5f96157e9b6e053acd4adb70,06056,osasco,SP
419fd4034de389a5bca6eded55d8a1c7,e8742612a2019589acfc5b9b682fd869,01540,sao paulo,SP
41a7a254ad0f16ee9ba1f2ba2605d630,82f63f26a9137f4d215a3f9a7a62977e,12225,sao jose dos campos,SP
41a8b44b5199e1a781daa6f67b8ccb16,2cf72bd001c8e99bb77aae94a29c0d99,24358,niteroi,RJ
41b21c2d2376ad4c2b740df482f4b989,39d16bf578308ba63a7e52b4e3dccd24,14085,ribeirao preto,SP
41c3397f98f68a96ed458e8db47782e5,5a75e523333052454f36e015d286e376,04224,sao paulo,SP
41c745d2f76353fbe24e980cf298b6ad,d24defcac9073348079649567781f761,32404,ibirite,MG
41c7fdc3e0906b20e2da08c152c397f6,cc5e157f88de98c618e8df466faab570,22630,rio de janeiro,RJ
41ccf0d29107e844c5fcbddcf1dd3799,ee37c2751faf0d5964a8e2a67aa549fe,08270,sao paulo,SP
41d14dee386b72886a52f91141c811ed,960cd781de6f284ffe6a1af944d8811e,86010,londrina,PR
41d767e74e4e672f2f185ca5eb71cb68,eca8479257eba8c8caddc0617d9d587e,23942,angra dos reis,RJ
41f52ac8513e661ac4ce7f51f5748356,ba9f269926a67bc499cfc22a3844a6a7,02309,sao paulo,SP
41f91ce48b296660bfe6c74c0eb433bd,be78fe18d6d83eb21da1ebcfec038062,78360,campo novo do parecis,MT
42048dec015103c5b5715657565ec274,9baf1392eba0e3765864edc27c11a9a4,85568,saudade do iguacu,PR
4213680dae0d52274e4bdaeaa7f048c0,1c07c978d00a438ebfcf8ac093cfd666,89701,concordia,SC
42181d2a18624a4742ebf8c8c11d8b55,50010028eb2c37dcd1e73ec2e35e9657,13050,campinas,SP
421ab72b1c25213d331a2a70c2dbac1e,0d9f520ddeed59962d2b8c29c307f096,88200,tijucas,SC
421d65b7d24e669c0d728b6ad9c0742c,2d1cbd0bb1601913f4744d84c932c64b,04151,sao paulo,SP
4220690060f453982ccc4f2269401a81,20f77de1f10558efadeacaa8cdb01a76,13061,campinas,SP
42382073d3ad89dce202e766862bc851,071cabf48b9a52a0138a68d3600c3cf5,11740,itanhaem,SP
423a29c37e44f30428ef729e5ca84982,a4b72a65f75ef2ba60e6781626cdef40,53900,ilha de itamaraca,PE
42530e1c510f7b7f83885351568619ba,63e24a46d814600391af3768f5dc7dfc,32260,contagem,MG
425793dac84f3a20dede5cd61cb46d4f,ed6319ffefb5dd25d861b977d3acb234,09260,santo andre,SP
425b36d279cf6dbb60f27e5dfc83d68d,bd95758ee0f87233a8fdc79bd8b00ad4,06519,santana de parnaiba,SP
4261d379abbe3b24d286307899f081c8,0cbbf3f98b1a4228850f2a203ed634a3,15840,itajobi,SP
428065cc9e87f764effc6d4875c4b4da,b654229232cf4789298c42a4cdd29a23,75713,catalao,GO
4282ae54c83a5c20bc9b0c199964be41,60a0f9402ae738b57554538616ee338b,44007,feira de santana,BA
428e0381c7a36540d57562f45cf9abd6,b4184ec976917fc7cb365a1a55524013,22621,rio de janeiro,RJ
4298e6097bda6445b0533e89c00eb465,b77f8ac92262c373ac7fbf59b7a990c7,96418,bage,RS
42a161720667afb9998d609863391870,0accfc28d252c3155b25991b5b9e7ea5,16071,aracatuba,SP
42b343409a90819f39c38275dc06bed0,2147de2645487e2a48a448d53b2d25e8,05303,sao paulo,SP
42db1aa24e501b47e6dfca5bb3bb0dad,c70dfb293b08af5444cf2cf527b8836c,81810,curitiba,PR
42f104a41e8e13c7eaaa9d8e11e7c7f5,2570706b75a967c86c0f56d2a9eeed8f,13257,itatiba,SP
42fa526f0f58f2ee8ee4c7791489426b,de8717915181b17553183733eac66c33,86200,ibipora,PR
431b6d313da3b87c722ce77f4f0d9fa1,c2c0608ce40d0942a50c6421106eac75,14021,ribeirao preto,SP
43252ddf36a267998e866edf8e5b873a,4672927eb24d0d31b70521db7713678d,12402,pindamonhangaba,SP
4347e946a0dfe19aaa1490ef58367be6,9d49060286ba1c6b51b5a0dae9e73633,05782,sao paulo,SP
434c715a38dc04eda3d438177d1dd98e,23c536b39a65168e3e34354b80b4ecf2,45200,jequie,BA
43568d7a2f91f95ef838f00b48f678d5,1a32115fdff184509016b24334cd822b,06670,itapevi,SP
4356b8d02549aef5b23be49c9824ce56,8b802e7e072f89d661b088036bfdd9f8,06404,barueri,SP
435f592ccbe131348a3d9d496b7ab5a0,d88f5d844261ba522471376bd5c505e3,22790,rio de janeiro,RJ
438449d4af8980d107bf04571413a8e7,55fbb57fd54c35a38c80c2a032a6ca6e,15300,general salgado,SP
438bad05055d60b6e82e9f244a8a1024,893bcb1f52357312bb153f111912097b,90820,porto alegre,RS
439ffed37d33decb0333fa07d362bad5,642d4a4ec3fe8cdf5f98ad76472fda22,40253,salvador,BA
43a4843581b02e18a6ffa2745b900249,ec9e900701d77c016edd8c864f03fce0,90660,porto alegre,RS
43b2b1e92aa657113661dae48ca9e17c,ec756b42272d86d9ea8148a03faad631,41100,salvador,BA
43c02238890ff03d14de5e473345ac59,0527fa10eebacc97d35769bf72198a19,33200,vespasiano,MG
43d6a236549309414a019142fee226f3,fab210aeb81cf078319e0c5404e47bad,21911,rio de janeiro,RJ
43d8604045badbfc2adfcb39d4b20df4,f0b061f3c7f8b82f476bad34fb685ecd,37026,varginha,MG
43dd5cdd60809c5f268d9d3b1e5b986d,da6ad3471341a3f6801cb11ea9a88b3c,05311,sao paulo,SP
43e4c6f57db5fdfeaf385fef9ccc2d46,c2f625c552daba83f3a900dc25d6c700,49052,aracaju,SE
4419ffd0c94c3507645f8a8e87e42fff,bdf8a63108a75f8afcc9a399c3db9a56,36200,barbacena,MG
442a8d84f052ca755b763932022a8bdf,b179fc545496f717862f81b86b2525fa,07081,guarulhos,SP
44306d7723c799b747e4da79f288de07,bea0ea47cda9173d900d25f0ea064b70,04512,sao paulo,SP
443872a2e07094d58941d71ffe000e49,5a301da3a0c50579da166564ac781176,13807,mogi mirim,SP
4446b2ccb30c1208716a36fb0703a540,62e4743e0989ccae8320767889e71aa9,30626,belo horizonte,MG
4451d78b2fe3f7a69221af70ccd4b749,6261e92d8f663b768da439e93ff6ed25,29055,vitoria,ES
4452508ccdd430778d3d2acdc930313e,0e3a125af2f045ed78f797de4cb91496,31530,belo horizonte,MG
446e65f5cfcd5e9c1f61d1fd818f490e,2fcaa344e0af54404f0fa0f02ef0d171,19906,ourinhos,SP
4476f06eb0d6308ab0f681b6f07297c9,a672a210c738771b15fe1c39f9612f7a,47830,baianopolis,BA
44817a7e295559061d5039eca7fef837,3293d97e95f69dc0b60f668080f28289,20050,rio de janeiro,RJ
44a822695079e8aceca4e0c1a7725cca,f4a2ba1f3326616d630571f24b7c5fef,44700,jacobina,BA
44d1e5be01114b520202814589267106,181943d611ace1afd289de482ba7844f,83501,almirante tamandare,PR
44d362ea0df5a265f0c1849be71794d5,99510f036318ec8f526637f99ad6b276,88054,florianopolis,SC
44d7732397bb805d006dadf160428c85,ce73225aa1032f1a5e45f533b948bf8e,17014,bauru,SP
44dbf7d7b4548cd7139ded68d39cd051,658c6019e2c32470c28645b568cdb74c,79060,campo grande,MS
44df8804e697ce5459df82c94d15b301,80282a1a77281692a0339c2a08d0e6af,91770,porto alegre,RS
44e22962c585a40a9294dab5ded35dbb,0cda37a2bb960bc86fb2a2c027f995bb,37660,paraisopolis,MG
44e56c0c6009b03c72041bd465811294,1968a0403206d266c43b8fdeb9b441fe,06460,barueri,SP
44ea012b92b665f5f4c775f3f0a63d7b,beb5288c896678914470c6a650c78302,14955,borborema,SP
44ecc84cbb68a3b1cd5015298222b71a,4329304379be864816803affb61e678b,05657,sao paulo,SP
4503c41733789f4f0af38507c43a0e75,bf7ddc1608ca46489014d23414339970,29650,santa teresa,ES
450820a56bfb633a586ec2d5d080a88c,b8fcc5898ccb7c900ac83bdf6afe8c72,13360,capivari,SP
450f484b0a3d89d8728a50225c34cda2,fab35b614a719919f0b94a9f5ba0ee4b,23017,rio de janeiro,RJ
4537e1008a9afab2213beb76df625f95,7014b6141883847be921f098927b239f,24220,niteroi,RJ
453d9d279e4b526a5cc3b7520a883dab,269efe3d194246cc657a359d08a64822,12071,taubate,SP
453ec893900bfbc0c5cbc3e706102435,54f588e65cb46c6c645842092d986adf,24451,sao goncalo,RJ
45403b2dfeb42b112d8ea3449b5b0b9c,db774e3a095e0dc02d3157fe16309d36,89803,chapeco,SC
4573cafdc710733ba3ac33f2293667ad,a01cd3babae6cb01833af5e5f668bfe2,24746,sao goncalo,RJ
4574518f4c6e0eef440e205139e125d6,b6bb8e4780df00a25fa34335d3dc1330,07093,guarulhos,SP
4578a3079ec21d3e411223cb5e3a8258,dc792b0939990dd49f76dc28077b8fc8,32115,contagem,MG
457aa2d8f32998f155e8d037e5833c89,28a14fa019f261a7bddfc820dae8d616,30315,belo horizonte,MG
4586e941d9fd586d0750c6af7c77b008,9cd77cccf0e0dd303946f406c3695e8f,58302,santa rita,PB
458727956b378f1d200041d2107e97dd,85ed42f17cc8222ffa1a1bb6c5c2b4f9,34700,sabara,MG
458f0c44547ae6e5a5f5fba63eaf25e0,a6f2e4a9ff6fdb7626039136dee62c4b,02846,sao paulo,SP
459a2924c50c9e9e44290c42e668b624,2d3daf521285d81ef2eee3be1c8959ac,04625,sao paulo,SP
45a35262f49c7b1c8e9adc44537713a0,91125e290ea5ac87ac36b8a382d4c8ee,23064,rio de janeiro,RJ
45ad4b978561d9458629572c1f4feb7a,130bb2919999f32b5c704fc3668d310d,19066,presidente prudente,SP
45b2e2f0f6fc93eecf7802eb6be9a91a,a1e84008eefc17efea0a012549d5d7c6,19807,assis,SP
45cb0fe36535222805dbee60662f9dee,72190b69b96d51e002b07103b1e0c809,45606,itabuna,BA
45cd1c128f672736618571f7b873ab73,cf0e82869515d486cdeb82cff3ae8ff4,06642,jandira,SP
45d13f49d630df78bccfa2a05aca18a9,bbe23bf5d5ed17c5a3132bebc16db355,75803,jatai,GO
45e6b3e3126887fc3767adefb71c97d3,0f64cafdb3e1e4806c99ff165305e27f,12929,braganca paulista,SP
45e93cba18418238127f585180e2b0e4,bf539bfb08d4a36318662e754e6dd196,86809,apucarana,PR
45ead47bd4ee6bb5b5108506c44a4a7a,12c4c68f9af94cf0051ae7068211aa98,40717,salvador,BA
45f03f88bd8f121c974acbc79549be7c,91c85345f4a64761cab837e0157488d4,73801,formosa,GO
45fc0134bf9167eebcab224b104a6301,e57e1263fa37d4e850f6176b511a2f86,09170,santo andre,SP
4632eb5a8f175f6fe020520ae0c678f3,6da92ae920ab16fc4eceb8fcd7bd43ce,08280,sao paulo,SP
463b9fa96de25d1686165e7680f64cb7,82cb8c783b1700af07ae77355cc81c70,26085,nova iguacu,RJ
464475d49052b9317bf74a4d8428466c,01512524d623f78040531c0d8e20a772,80330,curitiba,PR
464ad1fa19f2a649e39193e5c98b8300,c3d0ee564fc089ca29e86029511c3d62,02366,sao paulo,SP
465ad6320083538da0108d17efef1988,74402a7740ee6989f349d7e491be8a68,29162,serra,ES
465fb57f1267c03fca458f571bc5fed2,13a3742f6e3430a2c403ea9b301270d1,08225,sao paulo,SP
468a18f15d1d03df1552394fd2551441,2a3f4536e732a04cfad59b6e50c2e925,18900,santa cruz do rio pardo,SP
46ae2660e72fed9fdc61da708bf031ae,45cfc55a4d5073c50be858369454fc0e,08021,sao paulo,SP
46bb3c0b1a65c8399d0363cefbcc4f37,7a96eb0a685f5c19b7dad29fc802aa64,97015,santa maria,RS
46c19710e4ec96f3c532cb3ac376b794,159451004e67321c2dce6685958a8dc5,75902,rio verde,GO
46c6a82294d359a290ff408b11cbb643,1605a6c5d93d3488fb621c5323930795,22251,rio de janeiro,RJ
46cdcbc49598ce3c33aa3af15acadbbd,a924d6ff7212a2815d130666e69cf915,27940,macae,RJ
46dcf912d282f0e1aa9c3278ec488723,122f8b38ffa5173825fedec390c9ff95,34000,nova lima,MG
46e8cc38dc8f69d926b477f403832417,2fc2a16433d581ad0a17c69dc3e2af51,01322,sao paulo,SP
46eef7e3903336fb61954299b91b371a,706cdc310c7f626d1d2bc95c396202e5,72800,luziania,GO
46f13d4403a64d1ef75101d62a10ba84,385f32e0f3fafeb4a3d3b5c91b90a2d1,37701,pocos de caldas,MG
47159eaf5092747bb560f38b5acdd0da,6cfbad53d4f179f70fa6016ae164296e,06867,itapecerica da serra,SP
4721a5a77949f6af33ca1213ddc4c8c4,82fb68e1acbe694711bc288405065e36,90670,porto alegre,RS
4729a8816e36c44ad313045dbeca9562,ff64dc057067aecad9bf2c94b272e90a,13295,itupeva,SP
472ad69ebb2c32d6b26fc7eccc809e5a,26575001e4b29d4809de4dba144f3eed,04119,sao paulo,SP
47308035f95de5bc2318495736c01482,9deb1526d0da566452e9a6aa71564dfd,44530,sapeacu,BA
4734f4333bded5aa9666a99377672440,95e3c8fd4233b735843cfa9f150ce487,21070,rio de janeiro,RJ
473c4280bfa2ad9e66ab0d9398ed4e1f,bd051b33855f43132d6756151f0f7b36,17700,osvaldo cruz,SP
4740044a9390cc45b2c213e8714129e7,08f7cf00ed9ff3e0a08fc136ec272974,71900,brasilia,DF
475eec32deae43c1479b18acc1f7781d,6b1b4cf479c558a8e050b249b9ecbd8e,06700,cotia,SP
47610d89c6fdfac969beb4fa9f5d37f1,2ed0ea186de34fab740cdb294d78701e,09320,maua,SP
47698a61541861c531bdccec72785476,e3d138dd941cff46ad100ed873692d6d,33930,ribeirao das neves,MG
47b21efdba7a0c0a025edb6a9cf7fcd1,478e9b6dec726c69ca72ea102ea1a9f7,23545,rio de janeiro,RJ
47b8d87db17a0601172636ee6597a1b8,2d1bc24b43d17b316e19f87c1291c7ce,13806,mogi mirim,SP
47bf336b7e7bc23158324a69da765cdc,d049011de14a77bf99fd493f4d56f001,06236,osasco,SP
47c3a95e8891c38d11c77a4d28194f3f,a9d00a051f6988fb866c9f1086a0f7bc,96300,jaguarao,RS
47efe31635e7f43b94e1944a329598e4,6cf4228e1512fc12c0d2b932cca21bdc,05089,sao paulo,SP
47fb4a430082767909a0bc89fa392fe4,6a234e9bf30fd5642195960a3a374c22,21330,rio de janeiro,RJ
47fe922e79ee75abc08ee8a081c80958,4018d00e27a20cd31fab5178ca1c8a15,96215,rio grande,RS
48016e0bf6e4209554ce69185c1bd90f,b7264fc4a833af14b0ee1e78d2982f0d,83305,piraquara,PR
4813c31bc42009db08118aaf5c22d4f8,1a9137aba99bd9cf728aa2a77e61498b,79645,tres lagoas,MS
482868844067445d78b5e33ed6bb2983,b4304b050d19e68c4a3541e20c6f9f33,08060,sao paulo,SP
4828a6413ea05bd3e64c16b7adf755cd,d2ef32c35987fc181899bc0bbe68fd5a,18035,sorocaba,SP
482d1baa7d2f9c4d4b54ae09215d39c8,de2ae224bcb74731c0597181aba38de5,97542,alegrete,RS
483f7f65270034241b1e7b3b5c8bec3b,c704ad3ad048917bf251a6ce2bc184be,78840,campo verde,MT
485a077ad2a0a1d77ab724863b2f50fc,13b22209d84e4226957f4e4f6419bb3a,35860,conceicao do mato dentro,MG
485d59ed46bda4a60ac9ab15c32ec63c,ff2521c4012e1a212bbd12c9ed5acc48,30150,belo horizonte,MG
4865ae2e1e65f3f21f22e0d481915868,e82202695efe8aa20305248f9ca18c64,11471,guaruja,SP
48b49f082affdb9609558fa72a44f38d,30fcc14a39420996d84eea0ea72ccbde,08710,mogi das cruzes,SP
48c3645c3cb96f63683293693a6df1ce,6f425cc7113d8bc82b81e7495bab5fe7,92410,canoas,RS
48c4bc0a9a1ef619c41c102912dbf1a0,aa4e2575d36a7b89546ca2e4087e9396,57045,maceio,AL
48c9d7ac3c14a732cf8c8a1c108d0a83,852e8ce228bff46dbd3cc01e5f8a397e,83075,sao jose dos pinhais,PR
48ced9d7052f153f7071ce06d7c0efed,d8873ca8e3847bac684fe59564b35bdc,26255,nova iguacu,RJ
48de0ee37af96ec27bed6414c071d5fa,59213e6a25258039405a711ff8dac4f1,07713,caieiras,SP
48e68f9883402502055d6c41a62c5e41,0bf1278577a2acf8532a031d98cd517c,27264,volta redonda,RJ
48f8c4f0545adf1581cc6c077b7b88f3,fd5233d2c8437ce53379939fa12ad908,44910,america dourada,BA
48fdce8f3b86a9177f826892cc29b8ec,2edbc56cb0ca4af60be547d9a7d48895,18682,lencois paulista,SP
48feef90ef337d61dbd501ba9fdec246,95527002c6fc43702983d4096149d997,27350,barra mansa,RJ
4912bf74d43553dd6c527ebeb054b79e,763166200b37fbfaeb97b1009bf2ebb4,74353,goiania,GO
4919bff1d1c1d952eb806540d6a7d84c,645b0d36848d2c3425707aeeb87cd8b4,80730,curitiba,PR
4924a47e8cd5630b3564e26fac55c5ec,38eb5d4dcd39b971746632c47a4eb123,07172,guarulhos,SP
49370a22da342102b4d388e16a30f5bc,ddd1f21fb793ef5112f77dd6f6844bb4,95705,bento goncalves,RS
494e06598140699017261a37e250cc52,8edc207feeb0cf1b7094bd24e55b03fc,68633,dom eliseu,PA
495a06b43543cd05dba495187d78de12,603da67272be946ccb605ebf96123a62,04101,sao paulo,SP
49673e7454cc72d72b42277eb3c2e871,79b9670556441d20b91695d9fb3b285e,04180,sao paulo,SP
4971dbc8a7c2e77aacbd6fe6064dc45c,e19f999a924d99e99755d16a72f18df3,13503,rio claro,SP
49d3feed347ec8f74aebf675a422a21b,d1d3fd01ec409babb65d01e3d41a554b,22030,rio de janeiro,RJ
49f554f189c9d30e865dbcd58efafee2,5c309a04ba98c8099726ca9297f40e13,74815,goiania,GO
49fbad4fd44bf061db521927312ac8f5,c4053ab276391fff6ac7736873cfc950,02435,sao paulo,SP
4a12498b256c30e2e59cf2ae246222b7,f988e05b9c8653f57178a723dc42cfe9,06045,osasco,SP
4a3c70d1f6483d7c120802bab86bf4e5,d48af098001d493ee2688ad565d8d84d,31742,belo horizonte,MG
4a3efc742773d796e3e990b5de3e0616,7263bdaf8bd8ca9e023f521f8ae50970,49035,aracaju,SE
4a4468855065f3194a120ebbea06e6c0,07ebbbf710aeb63207a80fdcdc6d233a,45662,ilheus,BA
4a468858eca50f59f59f95ec8faf84c2,7f5a31a99fb68d672f872556ac80981e,35304,caratinga,MG
4a4f956bd9b42fe75897a1f63786cf06,30242b01548a825ae54ef3ed3d5f33be,01323,sao paulo,SP
4a4fab07a73760a8b9c42ac4c4129b84,6dc16c31f4c57727d3bd51e10a977270,04181,sao paulo,SP
4a5b1da2c92f4c23802601309d235ac0,2511a6589c35770b7865837bc889dacc,79083,campo grande,MS
4a7162d69479a7ef30cf4b383589dc73,2550f5606243bf69740df59a95bcbfe7,15170,tanabi,SP
4a7e7ed4a4e7db8f6b0548fdf02b49a8,dffe9e17ee19ba084abefe8365c1f57e,39700,pecanha,MG
4a80f5f7030a54c53ab7ba11f7dba115,4b77d25b54c6ce796f45459d48935995,88308,itajai,SC
4a8cdaa0c498d3fe054f97c22d38e6e0,7e4e872a4c6868c151002bb69a5783f2,39440,janauba,MG
4a9a0fbfec7f28adc3a7ab9ef3bdef08,1c065f2b3e2e84ae918fa40f18b6c77d,04185,sao paulo,SP
4a9cae3c6e4eff37b35be82974029cda,01db45606d08e66e2c058ad2f08f5b34,31035,belo horizonte,MG
4ab64c670b01bdc70c2d4bb3b80e4961,340c5fef7687f820ccd68a7135de4402,70737,brasilia,DF
4ae3b1e0d62d3d1563a8b800d1c1d14e,a991e5304f81b9680f274e32f47db515,08030,sao paulo,SP
4afea82f984caa99c5946b758f101abd,f04fb267036654af73a83e7c4d3414ce,77814,araguaina,TO
4b0f5f7c3efeb7a2436e3b8b693f66c3,5f37e3a4e259226acfcff519bb54fbc5,91350,porto alegre,RS
4b17f248581e9d00a8feb3f7bbb6580c,99d1662a52ffc2930cade986054ceb24,12507,guaratingueta,SP
4b1827ec0c64d72de57b69f7213aa307,c991d3a00bf798c9383bfad44226e3ad,79301,corumba,MS
4b339b812b88b697ecbe6f20baae7e99,397c43786b70d47098b02f72c2ced573,18113,votorantim,SP
4b4466ba57ada97066e473b023c99db9,6d053f472a670c33c21c012f7c72c4cc,87020,maringa,PR
4b60b3ade055c6ad88a00758c8e8a162,b88b78a413e70182e18b032361b24f91,44900,irece,BA
4b6204272cd5f2e9c0b13cdb47fd3c8e,ae747f0645998238d4c68d5f362a3e89,83560,itaperucu,PR
4b770dd96eb1044d71a01036152f40ff,2f50a4f1534f6261bbb20ffb1c76a6b1,04864,sao paulo,SP
4b833252f42e1ab9debe39b436f2222a,97ab9ddfd685e215b635522cce6a3b21,37820,arceburgo,MG
4b8aa85bd0844a2cfa46261b1afd9386,5845b9ba0fc652731bc389c5600302e0,52165,recife,PE
4b9791411c5518591201a6e666a1162b,91d1f07e8f445d5c017f90a0047b07c5,20071,rio de janeiro,RJ
4bb0b800e2bafd5b1df51ea1e45e780b,a0dc0910971f4c957ca0d19416566c47,89186,aurora,SC
4bb35f99bc715e6cc22932a5a623803e,afde5d9dce0bb8da161eb27c2b079226,29745,sao domingos do norte,ES
4bc3f8a7ff21c10b55dda45c89ffc21e,fe13bdee1203b9999677f4a42b9e89c3,30130,belo horizonte,MG
4bf1235ced3c2352ac7862d918f218d9,e6df77ebe4463a46b3a009f693f2b68e,03222,sao paulo,SP
4bfed7ec90de2a498c6aaaf4ce5e4518,e4cd163f17c45803ed4e0432ea78d10b,35300,caratinga,MG
4c05711e49e74253cb18247213e9d6cf,5d60c6925979ce7923d72a13215fb74e,02344,sao paulo,SP
4c0ee8ac78604b613bdc5334b9d2ed47,b64ebaf3d11b7209fe566364cc359a51,09690,sao bernardo do campo,SP
4c2596cc24c1451ffa0745389966d535,1f23d911c12d292d98062d2865911421,21864,rio de janeiro,RJ
4c30b8d32ec9e6a0eeb71301e2403031,41af9171801ce57a0776ce98f7f98529,73252,brasilia,DF
4c453cc8401276b89dc3a0a1d7ef4ff9,6001c49233ae204da889cac6fbb71ee4,22461,rio de janeiro,RJ
4c6da7ab2ec98e80e7c2dbba28b57cda,61181b9bc9188678b5991d89064dd961,76970,pimenta bueno,RO
4c894f6e216155223b9b26bce619e96d,d992b40eb2727a8303d1358622c66a2c,15460,icem,SP
4c8d80e17eae5b1140669da0438954e7,4b5ca0a612c33fa2c9a38f92a3394729,13322,salto,SP
4c91265edcfe58dd5ce2dcdb2fba7813,289bc385e927d2777efdd16b74040d1c,89239,joinville,SC
4c976ada6cc4aea853a93f97d0120e31,1bca64c1d8526f90ee9ffa277ecd4fa4,88090,florianopolis,SC
4ca13991254732af64a40137aec89be0,a1cbaab4236d5ac6f71bcfc7fdc87d10,60841,fortaleza,CE
4cb282e167ae9234755102258dd52ee8,0000b849f77a49e4a4ce2b2a4ca5be3f,06053,osasco,SP
4cb7804e8b8f5b45c45e454bc16ad5a6,afbdca22030c5003a66f149acf874203,06766,taboao da serra,SP
4cb7ea6ea120acd8ad213beea31ef046,95d5f098a34c5ce4b0da0794e1f96a15,90035,porto alegre,RS
4cc13a45f4e9258fae06b75f27440b11,17aedfada2eb6febb261321ed75e6ee0,09321,maua,SP
4cc1a18dcb64f24b284b3243995340bf,bf2dab5734a07e9979eda42862cd891a,21230,rio de janeiro,RJ
4cc465bb8ccb079ba561852ffa794668,7981196c7252350915beb9a7367d40b2,08743,mogi das cruzes,SP
4cd274ce8ba240b1cff6480fa9911df1,01daeb09de8f07882ccd4319ffbc4693,09415,ribeirao pires,SP
4cd4cf2921175976eeaece9ff1d03958,3e25bc66e38e60e4c5b8a54bb8bd4f5d,06454,barueri,SP
4cf5be43eb5569afdfe16e158ae940c2,a1f23e4dde67cf0cf575e23622008ab1,85601,francisco beltrao,PR
4d1edb31fa8f56d259895f5d46064753,33f0cbd496e2d17e19a39524031de5a7,08588,itaquaquecetuba,SP
4d31792c00baf91319f111857058ee80,4e63f50cca3384236080a9011c33e1aa,13058,campinas,SP
4d3c8544c15c6485f585f143cf79cfd3,3394b34a431d6a6357c188dbc1f8c0d1,15055,sao jose do rio preto,SP
4d3ddf1b42da32b1d58cd34460c32659,fef2e43e6a97961cec9dfcbc0df2c96e,04729,sao paulo,SP
4d4e0331021865956763c591074635a2,92ad055ff7ab6ebeae7b1d826a27cb18,31530,belo horizonte,MG
4d5d91c2c6c5cb1db85e1754508721ab,5b058bbd895a639c7192f6289fedaf79,27273,volta redonda,RJ
4d6793a25de1f63ca63869c6cd4b7b1f,d11a194f143fd919974b08483bc2dd84,81270,curitiba,PR
4d6ea1b19aa670516d625c6da25d954f,8fc1b266e54db64c474e6c7909e58dc0,96270,mostardas,RS
4d89e7ec9a5b443f3188cb1132255b72,95c85e956d3aa612bb42a94c0872d1ed,71931,brasilia,DF
4d950685a82e9808218883d6be7b15d2,2e65ee196632087d6595b3396bb5fddd,08790,mogi das cruzes,SP
4daa0d0981e9d618145125161e32e609,f37fdbe259806e14c80df9ebb32e32c7,28910,cabo frio,RJ
4dbccee7e5cb46bcf06f78a7fcfa9c21,35337be503b4bbaaf0ff2c6210875aed,39660,turmalina,MG
4dc18367d91f3e5a8676608d536153cc,4c7f41503df960572846b0d22810e2dd,11040,santos,SP
4dc2037d51777db6a431a91905bcd7be,9b4d29a8a4b366ab3e445476e90280bb,28460,miracema,RJ
4dc6615418c35ea2ba535531549b13ed,dff8e4f3400c163f161ee627293cc3bf,12904,braganca paulista,SP
4ddd4625fadce7b0ea6bc02c5bb84108,d22db063a1076adf56109f22c0c14b0b,22743,rio de janeiro,RJ
4dde8f4b64e3c3584c9edf5fc3bea545,5cfffae5168fae18d2895821700fdd02,06823,embu das artes,SP
4de333800b45cf46559cc1966187a9d8,977a4ca2757670e68620023f36453157,59618,mossoro,RN
4dfeeaf74cd7936d013802d1cc2e0c0a,00370dfde3d012c420d29657afc2fc8b,96930,candelaria,RS
4e1c0925d1cfae717a7abbfbeeae93f1,595ee036d3a69e80934a9b3618834085,33200,vespasiano,MG
4e25d8a3eb725a54cb86bebd52968a98,260e30615bfb298f951a7acacfd7b668,05050,sao paulo,SP
4e370c59312c496f0889649b9c9a761d,89325436d09d60572f85ec97270ed9a8,07084,guarulhos,SP
4e5b349fbc6fa7c3f6b816de96c75420,6f3b23f95ebabaeae8ac269dbca7780a,22780,rio de janeiro,RJ
4e6d10bcf05cedb6e0cd96954941c875,e00c399775b2ae46b2454ffbd9770ab8,35557,carmo do cajuru,MG
4e798bde1c7399fbb0763d0f35d9af07,ebbf4018130a768f1d9e632f8d5541b9,03211,sao paulo,SP
4e7b2684d13abc89def97d5dca8cbd26,2255a2593ed005fd945306b8783f7416,78200,caceres,MT
4e7d863b21180fc23a9185972ef8a1a2,e0cf5132f89b834cc68faa73e4b90caf,50050,recife,PE
4e887b542cebd1c7004bf702b5df85b6,775157c4c79cc43c0ee39399e83bcb76,38900,bambui,MG
4e8d3debc47ec183ad422f2f04a39381,84ff59e5f5f20def7af5f29d4545af6e,01402,sao paulo,SP
4eaa62565e70841c1abbe4e03d04bc2d,2f7cd4e72a3d6d412f2ca8cf15381e4d,12722,cruzeiro,SP
4ead8c602805bd9623211328f97ca745,8eea32e5fa9d1d7ff95e40062060680e,11010,santos,SP
4eb36ac5c2c84dffaf7bc5bc7d5dbc25,4d0972c1b62fd1ed1e62fef8c49cb678,99200,guapore,RS
4eb910ad4478ad5e5c6da32ef841b138,91b489c3aa6a391c1ac48a4fe3a131e4,05023,sao paulo,SP
4ebc3f79abbd69a723c0073dcf6559e4,8111176c22357fba8285634440931fe8,13140,paulinia,SP
4ed3708020c892c07d400b298a09bbd6,d9a2eaabcf3dc83784f91e6559cbb15b,25870,comendador levy gasparian,RJ
4ed6dff46316b8f7e80d1972f27ca39f,6219e27197bb69d46b4df3fcc2325edf,97015,santa maria,RS
4ed9c0afa4ea1132e602cff348fe99f1,b944c3b5b9e091c480931826caac231c,39401,montes claros,MG
4eda266abd3a03ee67083efeaebc853d,b7b2f74961bfa28233dabd6d8c6f0153,12951,atibaia,SP
4ee379d29187f22407bcf61804aa07a2,be77d461b3861fdc43e07bea3f26a43d,21073,rio de janeiro,RJ
4eeac7973c20e53807075b630a295b50,a56176db79e4f08b0619930f19b3b96e,04209,sao paulo,SP
4ef218a12818dd5526da5dd679987396,b1e637c49aff6f022b45dffc13ca5769,11713,praia grande,SP
4ef8b068568a613d1452d9cffa2686ec,ac2606825161d003acfbe4f43af273b1,02232,sao paulo,SP
4ef98c8bc97cc9b5c57e78e8f93197d3,4e2d7c802c4b220a4b5aea72313b6440,13216,jundiai,SP
4f219dce05e4878040dbfaa3308573d1,9395d10b9b9d314c4e55d858a6d525c5,69033,manaus,AM
4f363a4496ccc9d1ded1452aa038b00b,feebd1bf80276ec2594b7c048fcd97e0,20561,rio de janeiro,RJ
4f5275b5b9a04f7db3aafd2b381726ac,a05ddb8afbfd67e142076b9de5cacdaf,38480,tupaciguara,MG
4f5e4ae2ccce7e66aeeae545bf12fd41,b5a34ad09c1ff8f60f2362bd3739d065,72870,valparaiso de goias,GO
4f73c60a064996024fbac3681215b6d0,de87cb2cab6084a1a92f540114bd14ed,04664,sao paulo,SP
4f75899b8f7b903d7295eb12dcedb330,bc6839208cb211872c9e1909676cbd0a,05021,sao paulo,SP
4f7a71f3048222b151b6ae9d4bc15e6b,1d0be6ff723818bb810023b236405017,22795,rio de janeiro,RJ
4f7b2f92ad2feeff85cb8762ba1835dc,4919dda3f4b213104acc3d25b84c44ed,21235,rio de janeiro,RJ
4f81711673621b442e519f4635670126,8375b2713e9cdbe8191eda82663fcbec,40730,salvador,BA
4f828355a45997653584184482dd1c2a,e12d8a612d0688d5e1d41fc6bf837e90,29945,sao mateus,ES
4f85689223f7451e3754e857750c6847,45d7eeeb18aa8c7422e5e36d3b320e98,13173,sumare,SP
4fa01e0af9f436cc5b6b2eb3fbbb6b1d,216b36ee50ce6c169df00611adfde0f4,13212,jundiai,SP
4fa9e718f71d91588d41b11ffb09e8f8,a0713edb2fe840238d026e9cc5a82314,04951,sao paulo,SP
4fb7cbd1728fe3e7909ca36668074cdd,0318f66ddf6aa615fdb10d6d7b596194,01228,sao paulo,SP
4fd1b41e58332912030e868ae13d19d6,246bccfa2b52442a5543669c9b7b10d7,47115,muquem do sao francisco,BA
4ff25b11b74df70d77dee5fac4dc0039,065cdd031a7020e43fd91cd421549f5e,05037,sao paulo,SP
4ff3f3945300d8e040f2906998401e92,a63af578b9678bf77a59f70a96dc3272,65065,sao luis,MA
4ff98e1450d990d4d45f572336d3004a,301b591f524dec30b48b8ea3593d3119,03510,sao paulo,SP
5006cc988e09a726aa077517484b1191,d9ce62d1130ac5f3dd0e496e74d22fd7,28360,bom jesus do itabapoana,RJ
500bbe66867d0f0bdb3531af1e052b4b,f7be9bec658c62ab6240b44cd26c0b84,80030,curitiba,PR
500fcc5f572fc30b5d83aa769ddc6b0a,f18ac24ab26dbbfcf4b555df32f61b09,01321,sao paulo,SP
50111fb86c6159052296bbf2598ef7ee,10b7ec8d59e18192862f78be58cd3458,06270,osasco,SP
5032358b67396a7a0acd5ac555ea90fd,04805b05a1fab6d20b79dc755e3b0802,25610,petropolis,RJ
5036f826fada2fdba151a9112545e883,a132c0c285d1c5edaeb7180877baeab5,93546,novo hamburgo,RS
5038412e993abfa85f57ec66af30e303,49941292df701801332f51cd0a3ef38f,17020,bauru,SP
5044e8b37438c40fd1ec142dfb1d6807,9140d8cf5d92b74fd35c00e69a94146f,24210,niteroi,RJ
506ad507afe195802c80197c61b37ebe,a6287dcde3fcf9870d4254398a407d27,22753,rio de janeiro,RJ
5072cf2f4cbec30b8ba917d5d7b6b125,740ece7e8cdb4ee5eeb95dc76a4e578a,17514,marilia,SP
507928d99b23819eb6e79e0772dbbadf,c3d2e6a31d293b7c5ab0ad354a87619e,42700,lauro de freitas,BA
507fd1858c4a4323ba84d2d884273832,9a42e626af412c41cc6d7f8ed0b390fd,41706,salvador,BA
5092c34f9cd47ca0d9113d39cc513940,c2c9cc435d2b82bf64a04cf3dc5a0a12,55560,barreiros,PE
50a5d464f230e492ff0a2f91340e3312,5d1647e11cd6258045c598fae437387d,37800,guaxupe,MG
50a6803d938c39638b6f79224598833f,82f41c4dd4139c7e9f486245bf6294db,17190,reginopolis,SP
50b848cc87798c6c8261280fbe780227,179babd2eecb53125e973b715317114b,08140,sao paulo,SP
50dfde165a2543d1410257c2593f5843,f95a87af94e6784390f21b988aa60e5c,88062,florianopolis,SC
50ff7fc5ed9bd9bb79a4313f9924c6e0,5b65c2693d8103d23aa910cd33d68daa,03058,sao paulo,SP
5103670b1d7ea5870655885ba03125a7,03fc54320e654887eddb9480397fa8a2,13081,campinas,SP
5109c73f95eb76f76e7a3b7248fd0697,017500c32b7353decc3a3a4d91acd0cc,14540,igarapava,SP
510b491c7782d235d7eb8c68178dfeab,1fed83cc5a2835d406f832dbf55125ca,22051,rio de janeiro,RJ
5116eacd8d620b734c26a0f04e19b60a,d7046ea561b819649385d6d524166f04,03438,sao paulo,SP
511bbe422e11b19a7ff49a1790705935,39b9b744242384edd2e84005788222c1,72650,brasilia,DF
511d7f5921a8a64e099b90c651decc2e,d97bbe85b319d12df3a8aef459a0b046,69038,manaus,AM
5121b60fe85120745d60d63d92011641,68d6ddcc3245e64b3cd155ea96583c74,59020,natal,RN
5124af0baf58d5daaab528b151972178,9d26084ecb0a53cae19f906061d8c431,09112,santo andre,SP
512846cb027d802d48f0eb1ad466c94f,0b364903accb37617950b069fcefa389,11680,ubatuba,SP
51305a24f02a05869e1fa706fd5d5bd3,43b843bd189abfd2fee8c8cdd796e798,03053,sao paulo,SP
5139dcd086c2e4427ead53c4e925d40f,b7979835a978951b84dc2c7641a4adee,06823,embu das artes,SP
513f69cbf70fa1089df98c833bbfd6bc,13bf0b4120921402dff563cda4383ff6,21320,rio de janeiro,RJ
514bebbebbdc4253ed06adf5ef6d3af9,214629c0968df90a29892da7512fcf8a,15043,sao jose do rio preto,SP
51580cb1b91d771618b9afb76194a45d,aef680348e7b2c166d782fe545be58ea,14080,ribeirao preto,SP
516034d1679bb8a6ea490edb5343c0e4,acb316fa76570bd5ebc4bcd0a24ac497,30431,belo horizonte,MG
5165000b455801f536ef90813b9a4499,0e892e090fb1f8f86c2dd08805c32467,13846,mogi-guacu,SP
51727f845a31b568a4a127475d6b5cc3,82380b485ec5234cdd668f5531791200,04716,sao paulo,SP
5176f5c4d07111ebc72ac16365971ae1,d07df41d8d75e3d65124efb445ba7eb6,05363,sao paulo,SP
517933dab5239d429307cbbf62939204,8da72fa954b8ae47b04ae9d786f58133,04363,sao paulo,SP
517eeef342ebffcc00ee0fa2fed5f6ef,2a34af7c4b1b83d78b14cf6b9c32c3b9,05303,sao paulo,SP
5181e6f1eb922ea7daaec1d9f06aa7d7,0a8c1dca34c99bbb023b3b1b09735bfa,76460,trombas,GO
51906f3d3c10f0e444f0aec2dfc634aa,cd76e52dafb3175406b252a1959aa83d,96900,sobradinho,RS
51ad396d34dab6f8139ca3f03dc2b0a3,e54e29d6b505249e1d94745115f9d029,09195,santo andre,SP
51d502a84c571171762fbda013cb4e09,49db5ff32556ff3ac0123ba825bdff2f,01501,sao paulo,SP
51f45be48e424513598dca87178b2417,d07495388c1ba49d9f0177f05975a3f2,02927,sao paulo,SP
520a639ebde74dba27ff8cd45874d67a,7e60ac4d629df56195186e2bfdef5dcf,35460,brumadinho,MG
5210bfac9f1dab420c3283b13afa8fa9,d331e78cfc0e5be8117840ab9e6fb91d,79826,dourados,MS
521a0e0ff206a7638ea7b8ed776b1acc,42ae3e27ca2c9f32893b22fa8c784e40,65609,caxias,MA
5223c607aceef2f16e11f8b47ff72b8e,19ab5243af595822e3503076a8f85f27,08295,sao paulo,SP
52584132eae2a44eb993f99d1de4e6b5,5a21593a8230174cc8029232cd7daeab,04913,sao paulo,SP
52dd2d8a2a8d602034af4d803ac06425,decc6bfd467170246a0e99a582d4b1c8,90560,porto alegre,RS
52f53291ff1011cdb7d19e97f2648974,52678f6703e576806503021559c1f23a,13087,campinas,SP
530d6fa633453c225358c8c3b1ca6eca,8f96a7f4fb4e0fd2353f07078ee045ab,08120,sao paulo,SP
531c41b42011d927b9633c2453916289,8f891a5f40cb72bf5fabda4997b4a625,97970,roque gonzales,RS
531d4165aa0c1d4fca04d116190313ce,b1c38836e338c83451c86b61f43b54ed,06462,barueri,SP
5323a8b4980e72ece631b3f3e77642a5,c11e03f932a26afd062d3916ae0c85fc,03557,sao paulo,SP
5331ac2d2ed2def738a9c200cf8ebacb,d15f677a07a60a4f9720424d88ee9d67,15040,sao jose do rio preto,SP
5333af7c373a807c80c7c4b10add41b1,7c6ae0f1756e9e0c3be97c9acac60964,28941,sao pedro da aldeia,RJ
533d844e0a43ffa5f3b7d6dbe40ebbc5,a1076ad45e2928facb47a0fa1a5ae915,76850,guajara-mirim,RO
536dee228fa42ae8340c648ee43fd685,273451974dbd2684cb522e9acdbf1a05,86840,faxinal,PR
53853c7961bb58825edcc1c9d3e890b7,2a22b1a4b8c2269edf28440be3513884,15440,nova granada,SP
538a4d02876412846b966a3c057395e5,fd317ae6d8988b7041034edac3f253bf,38040,uberaba,MG
539d5557507d7f7b22243ed088f4c391,3ac1d332a2da06dd073b6875c86f52f3,09791,sao bernardo do campo,SP
539d8feb518ae3873de2b32e491ae05f,80c4f7a937cdfc17cbf34d76ea7df26a,48400,ribeira do pombal,BA
53b5e9fac240fef6f8336dc01cb6003b,5212e48260bdb9f6d256cc790bfa141b,20031,rio de janeiro,RJ
53c4e91c6e006b404ab61e39e24bc769,c8c81099eeae6b5cbe28f7e10da60858,04112,sao paulo,SP
53df7fa71da6b6d159166381b1995d75,cdc3fc3896af4ecc3c8520ee40dfd19b,13380,nova odessa,SP
53eab182ae5eebbbc870ac6ae17d9b92,ce5c267bd53f4e6683c66f7cb5c5c067,20090,rio de janeiro,RJ
54021a19ab55f5700fad6fb14ca8ec17,966546acf681de6141c516ee30f8496a,25245,duque de caxias,RJ
54028447d41dddae4b150bdd29df1b8a,cdb1d0f4e90e381f943374c053a64a63,86063,londrina,PR
5403b9d98faadbbb85ec061012a213c1,69a7f37355617e699081e1a1db826691,07191,guarulhos,SP
5418152785b11509ddd4e441060702a9,d9698a66e588344f8372b538f3c6fdf7,08061,sao paulo,SP
542a1542afb92ac617f667ed43640af8,67cb90a67c8f7b5e3a886f4fd859d2f8,08311,sao paulo,SP
54405ff2342ff9d9412cbb098fbbaa44,f43d478c1c93eb6f2cd70a95b7f59df9,99260,casca,RS
5453a9dfe80cc116e6839bd77a6df6e3,be2810893bf47673bed81a75bc20522e,04559,sao paulo,SP
546c427cda01bf664853d185e4cde13b,86e896dba6fdb74896219fde98a65bfd,25585,sao joao de meriti,RJ
547c1c5240ab52551513cdd2d3ec52a2,0a62dfd26b276f568cf1e8cbfd18628b,77433,gurupi,TO
548cee938a89efcfeb4966ee10ef1ff8,4dca6106df339fd0686b9b82eb784406,22251,rio de janeiro,RJ
54a061e849f9c537b53eedcdac2d407e,72ba05263486b6f3bdc32092f2f43d97,24342,niteroi,RJ
54ba530ce202f1554612132ba1d8b42a,c28da029cfcc1117ea1deacd89eb66cb,89251,jaragua do sul,SC
54c180ed3cd9d2ec3de1a48606750abb,f11a80ef32241a111971c84a01760dac,59670,upanema,RN
54c5c9dcdc6cca32b4fb425a215d39f5,f5b61c2866612d66de52d3a44a5e86dd,72005,brasilia,DF
54d964b83ac779bf3ab0fdb1877a51bc,26021fbea24c3916e675f0dceb0951d9,55340,aguas belas,PE
54e147bce661da8b3f594449d801c871,9b5e09de89364247a5efb6434d02b124,74915,aparecida de goiania,GO
54eb89ff2fe76545bc7f3f61ed18af52,fa7b88d0c613b6a2c749e2cce1d558ee,18618,botucatu,SP
54f4686e731120a05f1b88deebcfd894,d9fd5d3e285095887e96c40369cfd588,86081,londrina,PR
54f60df7bf8415b9714bd26eec037b2c,74f6539658a10da4f67bd4f9d8ea5c04,03801,sao paulo,SP
54fb40dfb17ff13839fa8a0ed4189f47,f503ffc08b435b8fccd63f10b5389b3c,09930,diadema,SP
54fbfd8234200d91cf277f159fdeae7f,ceaeb6856a01f895484ff24d6d9140f3,40243,salvador,BA
5509c22c5bbfd431c377cb58b9bc8da2,9859a25a9c113149af2104b9606945c9,14600,sao joaquim da barra,SP
55260d8284b7fcb8890f0c0ff1135bc1,c4a7383de0a165092b86ba87260441df,01551,sao paulo,SP
552fd364da2bb5d699a6079aa01270f7,2fccc620b1939780317ca3f384d922f9,30575,belo horizonte,MG
55301531b32179f1220ed9cf9e5d4344,1ea121b29441e4495f89f55c9b40f8fa,31540,belo horizonte,MG
553c6d0e5cb98f7510e2b0ae4a1acc25,badbd3514ce6acd74b4494bccd67ec1e,68500,maraba,PA
5547b9a9292eda0a94548b3678bf0028,d02575e6d822a07d825561195cafee33,89295,rio negrinho,SC
554ce400f275abc5439b06a3ba67a0ab,b9841454cede44ec4b279a7d29d82355,01038,sao paulo,SP
555128d9759ad81dd318c2120966fe57,5bb26921b0a1b8442fc75114bd80e946,45280,iguai,BA
5579271655438f2905a24845dccbcd16,78e63ed7c16b6a93bfdcef66ad250a00,11030,santos,SP
5585e81d18619898a7ee6517d67cce6b,c49f6a2915f215f805e527f63901779a,86080,londrina,PR
5587073a673239e340006c2ee9e215d2,12215827d4b7044ebecfc04e04ab06f0,88058,florianopolis,SC
558de2f6863bf7588338479d614522a3,0a4206400392493f3637fee54bfffc56,12287,cacapava,SP
55b1096689f3b208424ce621e1de6607,66a184711baee7c3f8c58ef814fd6549,14060,ribeirao preto,SP
55b963cc1b4611c655ed0dab98bc4959,412f80b814dba8dd3aa39c6be5bb29c8,22280,rio de janeiro,RJ
55c9dad94ec1a2ba57998bdb376c230a,ba84da8c159659f116329563a0a981dd,25635,petropolis,RJ
55cc6114f9fb967d84fc85d6e7db019e,72c66dcf2bfa52a8f25c9df3085f1195,37900,passos,MG
55df82d9ca2503a4c310c29711f5bf99,ac163d5daa3ed7728989d4049eb6fbfc,68909,macapa,AP
55e153b503a15cf10845bacbb3b4d616,7c6afa006e0c76d40fe0dc6aacee2940,22750,rio de janeiro,RJ
560bdee82cd21f8162ea1a5cc8690ca3,143c7038d63b0d2617562ac352c31c78,07903,francisco morato,SP
560fafcdfba360128c1d7ff8adef1bf7,9e6fc65f490950a3f8855487b200069d,02134,sao paulo,SP
5614a6b8b6919eb54f6feda7377b97cb,fbb8b4e196ec6cae904ac8fd4ad2168d,20720,rio de janeiro,RJ
5624a5aa279ebf6c6e63676a1c14c249,f23ceb8f983987bd6b0f3bde040fdade,06663,itapevi,SP
563bb72874c0389d13629841d8cb4b39,0f112a2bb59cae2ab5d4e0e129617ae1,29295,vargem alta,ES
5656c0f19d8894f19e73e8a285136a1c,5acfe875aea7ae054fa88c103e42141d,66620,belem,PA
565cac2d738e69ba2d8369747e27e475,1ecd17c402c785d09ae376026565fd28,74140,goiania,GO
565f86d78a5b057917366c58362a85c4,05b18010a8a20bb7103a7c67b1b37800,20270,rio de janeiro,RJ
567e09a51ff57f2f6ef54ef2dcb742e8,17dcb8c62667824b3e3755a5b680ebc6,06540,santana de parnaiba,SP
56b6ff1140f9689464ba8e3bf8b9749e,1d464a573b534c8c1ce8b25ac956effd,85660,dois vizinhos,PR
56d9ab4bc8d4c1995701cbf669b81f8c,bab469c813feb773da2f80c3235bfded,26551,mesquita,RJ
56db056a50c2c0e00ecb1a9f15d92ce0,434825743a3426c100c479f571816a81,13800,mogi mirim,SP
56dfe923d7bf928d0e70a9f696e3fae7,2534aafcae446257e91626269b9e185e,13732,mococa,SP
56e72c1aea322da215031c4ec20a23eb,0fc302f0e80d81d2094440d1a85bfe5a,27923,macae,RJ
56f782fa47a9dd4a8afbd385ac3a8061,50f043d1d9bf7b951eafb6911f7cf604,07174,guarulhos,SP
56fc8604a22961b99dc13a188ced33d6,d26ea450c94b44141be34ed5cd445a06,22631,rio de janeiro,RJ
571801f07099892d51d446575f25c857,f12f064c0a45fa8ac5b7d8934d1bf853,32450,sarzedo,MG
572637e89769f5b93fbce4dc65c10057,698118425f0afbd4bee557e51b6bd49b,75955,indiara,GO
572c55e6ec9e1ccd62db5a04f67499bf,312367746c1bc65fb1d8cad08345aa37,26210,nova iguacu,RJ
57398bde8b086b1b3512cc2974d83c01,548c323e148acd16a038a4c436ac3278,57270,junqueiro,AL
573c3ef8dec9161a66be3d292ff9c5a9,b893abab88bc63f4abf54a65064cedae,37704,pocos de caldas,MG
574478d054c2bae93a3c66c8a32f4fd5,966c7d4c0641a84e8385e7344018e3bd,31170,belo horizonte,MG
574e00dba47edb0c55e3b7e795eb8104,4b3b36d4ffd716cba64746c05678d5bc,13050,campinas,SP
57586d586212de079c4fa6fcb7fb80c2,71b65c569b32bbbd262f878db2b3c58d,02611,sao paulo,SP
576558fffc8182ee864220eadbb01541,1246a5ce379c363c8dff140b0e0e974c,05783,sao paulo,SP
576559b61237a8086828a22482251079,a6d6dab6de8299bb568680147535cafd,14096,ribeirao preto,SP
576f3b15da54ced001c74d89a328fdc2,593ebdbcdd30e42e8079be38aad225a7,37508,piranguinho,MG
5787c53dfb820eda3595a3fc7162f5e8,5ff735d120cf4ec4adefd9766f703bf5,28960,iguaba grande,RJ
57967bed045af2bd3831f8997d98f916,d1130693a5417b8a14fd9d9fdce24948,06280,osasco,SP
57a08db4c4e6f5698f07f80b11081805,85a40d711d7e0546cf82bb776fcdbd44,06333,carapicuiba,SP
57a3f8414e6e936ee0d8026db6f83715,f1e656bf22735f8b1ba541d4890e1763,22725,rio de janeiro,RJ
57a6a7790c1e4ecbc477306abef69de6,8f9cee5695fc39c8baa514b8df4aff34,84600,uniao da vitoria,PR
57add4c6f47d0d2bca43964b6a766e4d,6897ea9a949c1009af8cc38e691f260b,09843,sao bernardo do campo,SP
57aea3c0424ba421f4a819dbdd9fcb33,875dad3047b8db550029d943f725ed1a,26525,nilopolis,RJ
57cb02ea9844cd71e3d9a53c30f88a6a,07e5fa7bd21a068b7659dc26f245babf,06172,osasco,SP
57cdc2c3d1a4f933be8b559960cb7f2a,9fa5b42c7a6115987f26c1eb2c09b408,01120,sao paulo,SP
57daa113711e9123f2a06835f37c0330,34735978a17853cfdcc04540e85127fd,05424,sao paulo,SP
57de18af3ee9319c436bc09bfb515b5d,6879d467c6969cf149a17b5813535837,05018,sao paulo,SP
57de838eef2ecc95a8b6040a6a5157df,ae1c9c0f22ad209413028f81af2bf3c1,79420,camapua,MS
57e761e5abb85226f648d44620795d9c,2267afdad1a2e7358badcecca16edfbb,17340,barra bonita,SP
57f23b901652eab7f1e37d43d6fdc273,19f2ed5aa63588d262cd97364072da95,28740,conceicao de macabu,RJ
5800e1fa39d7469cee0504def8e4acce,b04b3653ac441004b247e96ac0829d0c,03311,sao paulo,SP
581bcf4a0d5820aef9c546bbcd74f276,58e939e3866e12a912ff87a8d98ec105,06160,osasco,SP
582c658b197e8497bc5c72b4e278b85a,2fd2605d96688c4af76c27d2218c4585,11075,santos,SP
5837b288ad076175ff451a905d6153f9,4619a0062095f6d6946a97ae46be4782,04327,sao paulo,SP
5843084e12fefe6859e53ba131c5abd7,09a08d4d219b77c4ef423941bc0d686d,36400,conselheiro lafaiete,MG
584f7f6c5c35ae99caabdaa223783764,499a526473db72c33f89ed8ad779c129,04161,sao paulo,SP
589dfc0372826753089617cbd63265e2,4d0e78f8c401beeb7be2c0e8cd6acb92,35668,conceicao do para,MG
58e1ef40232ef2763c4a770d2cff4b49,93603747aa73507db172820142fb3b81,09820,sao bernardo do campo,SP
58e9cc6f523e29753c2a494f136953ab,1c4bd502214353877e577ecfac7bd79a,02209,sao paulo,SP
58f34ae78c4146d80a6c5fe5cc66be22,3fa16d8874f2b067c9349d26dcccb61c,79071,campo grande,MS
59018458286e8b29ac7ebcac228b9366,f49d5c591cfccf13d2995954cfdcf316,02128,sao paulo,SP
59077d5c620a379906c1130b4cb666ae,4a0e1963153df245b88a3efdc56afe97,89130,indaial,SC
5914948062fa3526833e5f12ad03539d,48c2efc910e703d1ca5a70fe634a87d4,13454,santa barbara d'oeste,SP
5919de102d7a96027a3f94b585e0ec25,442639e0d0f89c0a3fb5da1f6982d276,76400,uruacu,GO
59211ee5ee45529e88e15aa981413567,a6145625bf90ef8e9c0a051d98b6785a,13801,mogi mirim,SP
592931cc5a4663678da3cc8673662ed8,f7e2054e43a3a027229bf46213a5553b,05414,sao paulo,SP
5929c48788d2352bd67271a7025b4bc4,48a43a82b83f1e3b08e691ffb1d04c58,74390,goiania,GO
5934b56aaab3f88d76e0f002d7eb8802,82a466ddb0a074ddfd7d7575929baace,13035,campinas,SP
59441e21de26688f409e5f0bc9aac3b5,f0df8fbbf92cd4d2dfdd2dd2081a0f03,18110,votorantim,SP
5949664f01f7a008770bc82d8fcdf363,9d602fe024975c6871491db380cb84fb,83045,sao jose dos pinhais,PR
5958f5b5fd615a8898caed646014c55b,c3b626053c7b4b7f18ce104ad12f09af,04474,sao paulo,SP
5967895f1299e02b1b0cb7a8ef4a437b,2f8b722d3e62bb8a9860c7a29ad2b60f,13174,sumare,SP
596838f01c8df34db964387ac5ab6333,d31c287a64b46eaa581651b6a349f58c,06053,osasco,SP
598e424c16110469fe1ca7e9269125a6,2b6aa183c14ace1bbfb595f840bc6c75,11370,sao vicente,SP
5993719f0ba88317472998a2f277f4e6,2dd1ecd66fec133eb82e992349dc9004,64002,teresina,PI
59e7eac5aa0ac369fae8fd25b9248058,856ff58d07ff1f761b66ebbf57c5f202,05885,sao paulo,SP
59ecb3cd1a0a6e1e028d208ee17a1765,8802075b15406fdd5d9de90a05da23ee,18970,chavantes,SP
5a01248cc0f2dfc237fe63b35f27a918,9fc6bf73e3c3b68c7e3ab91ab0f40058,11440,guaruja,SP
5a0367f1c6acdbf73e18d97acc43df80,c44f87635ee8363a53bfdd58011f72c8,11055,santos,SP
5a04d48281375e12441c83a2de43fb0a,0d814dea3a60fe7911c544658e3f1282,84600,uniao da vitoria,PR
5a0dc6805a195218a4e448653dee4740,89fd593957ef80a12f0588913e78b00d,69915,rio branco,AC
5a1184a130531482314d389906afee6c,aaedd6c66e55a3656e8a403131599c8b,36080,juiz de fora,MG
5a1378910e540a78b55df6f430a14cea,7245e3ee428b7969d8b176d0e1c53b23,57072,maceio,AL
5a20dcfb449dd9191167ee988df7b258,c8247b01a0683782448d87babdab6868,13280,vinhedo,SP
5a31560ab7821af245ac21f6ede6f4c3,b5968d8d3507b0ad5c92e33bc00b5431,22783,rio de janeiro,RJ
5a36bd2a84d5b3f6ea920871476935e0,8f6ce2295bdbec03cd50e34b4bd7ba0a,24935,marica,RJ
5a4b54cb9d4df46629f60281d0d001ef,5e5cac364816ad08a35bde088db40268,13290,louveira,SP
5a5ba707171db1cfa955d1cafe4a347c,d4828cc3c4ab42b6dc2c45a99d8435e7,09130,santo andre,SP
5a5be2ffc3579ec82f4d6c04f563efa1,bf07069bc4c6554e5ca938d5692348a9,95200,vacaria,RS
5a5bee06f22d5f03e2d648c82571b4ba,59bb10015afb7afabc67252dbbf21985,26285,nova iguacu,RJ
5a6ae5b68fd27c687c4fe130b679691b,8303ded906a12765f58a59e11386acf4,27283,volta redonda,RJ
5a7c460ee5e0b6156ebbe1e50c74cb2d,7652600b49cc383da4ffa500dee66048,36152,goiana,MG
5a968869bd6a16f0a56d22cdd8b40435,65037427c770e4cfac3181e3ab9cf5ff,48400,ribeira do pombal,BA
5aa2f21d43e5a3b019dd7e815fe3f754,37a51f110eeadbe4ec3ea1c2fd519108,28909,cabo frio,RJ
5ab2ebdcbf0d95ad1b8f479895d8b137,c036ccc0d1a737f4fd440a8372af37dd,12850,bananal,SP
5ab6da4f0948f2079320f3ab48f44c5d,f6e9bab0c1672b2133e95f1d91c4ccba,38110,agua comprida,MG
5ac12bb0d6166ac492936e53c84ae0ed,9199d4b03f114560011e2e878eb9d9fd,58434,campina grande,PB
5ac6b6fb2a239fac96ec7dc787600709,ead79bd27a251fe8a2070b1304f10044,37270,campo belo,MG
5acd1a67f329f6da37575c08b32b87e8,7b5679cb67856a1fb48b106614317771,90020,porto alegre,RS
5adb76c2c749cc4021ffeb2d5a088c51,cf324d08c3a9c04a6db5acffa524169b,27143,barra do pirai,RJ
5add23093af926ef474c767dd401ee6c,d45ec5fd35a9fd9b66051945f107fa26,24754,sao goncalo,RJ
5ae1be4283fb91cb5441d0b8f533eb1e,cd74c43bf1fe964a63192a27a70d97a7,76994,cabixi,RO
5af51f2f49905fad16098552c2e9ad33,f0162a1708faaa731771f1255b338a1d,71805,brasilia,DF
5af78bf1a82a2660d1e3fd78c645f58f,f006d7920bd71c252f61ec355eb50dcb,06712,cotia,SP
5affcc0cbdac28f6974a3b119801ef32,ad45c43edbdcd326bd04defdb656b14e,31230,belo horizonte,MG
5b0403fc813ee1da7cd9a0816d205016,b6b9bf08a9b9f5e258a9022f135e771d,06824,embu das artes,SP
5b06b28c398ba7340ae864aa8e9a3c00,4422586867816c6b6ca20ee11e7dc436,22230,rio de janeiro,RJ
5b088866d5d40ceef628716f9ac1173f,4483e2d9adf752a7b9f781eea1251bca,31842,belo horizonte,MG
5b14f89cd607c6251805e5506fa36fb8,8c9437a0ea2c45a366e53d6f7ec859d7,31130,belo horizonte,MG
5b170a1fa36d54e1a28fa50d6dca899f,831d3bb8c57b889a07aa4628a1a7e772,13212,jundiai,SP
5b2a54f35e622a12b06b30667e735af5,962eb5247d3a72d130fdc9d128ef947d,12520,guaratingueta,SP
5b2ccd42be24b2334c61a8cbbecc2f3b,f90ff704014ff1d6f69373271c6f9e27,84940,siqueira campos,PR
5b30f5a19fb29264a538243d78caea18,d20381d4f0606d4b381e971904ec455e,36512,tocantins,MG
5b37ee1bdf9b75e312054b7b4c3c5264,5c28d6e0f5a24a9d9c93282a09c8290e,05882,sao paulo,SP
5b4a17cdf8e611b47a912e232cdf6441,5924dbae905fc6023d7297db2d613855,01050,sao paulo,SP
5b568ab7c02d7f4a30b1441d020feac3,9e344c9aa3405d4ff2e04cafb9d104aa,06414,barueri,SP
5b5a8855830a3f6bf125706aad389a44,8c6882c7b349b49ba05d5cf9bb85a45b,03665,sao paulo,SP
5b670130533827957619dfe306899fdd,bd5fb6a2e66d7bfb061efd93b994f168,89430,calmon,SC
5b80475c957227ff5f0a5f256e9b0274,671752cd392a11e2876ec45578684857,07600,mairipora,SP
5ba4f0a54e593b777bd6059f7b7e0235,6df827ed74b2b39a2b18b83ba11949c5,88132,palhoca,SC
5bac308542721d5c4ebe0b35b6e3690e,449cc3016e1ca9323f603b9347f381af,83005,sao jose dos pinhais,PR
5baeeac9513c0478f71f435889656e69,94fb6dded5332d626bdab1184d57ce60,22245,rio de janeiro,RJ
5bb539b873ec166dc8588ab1da327c03,71ac6762f2c55153a2379a74ac294b9b,21820,rio de janeiro,RJ
5bc89bd3505b85768524d24edc6822b0,3096afde2d10fa3f4520f993ac9ffa96,95555,capao da canoa,RS
5bcee47546812cfd1ae22f687a1e266d,6c0d9d3d767eb37c0db418c6eaaa72ee,13035,campinas,SP
5be46d4219b0b664ade208fb06506521,584a50b30c7d3f7cd3fc1c4fa07445b2,02560,sao paulo,SP
5bf36e4b14c54f22f31570e9e8b144f4,e30f9d06161ae3ff47f0206f2280be33,06515,santana de parnaiba,SP
5bf8cb17e2d092cd21bcf379f734b93a,298462967bde2c5c6eafebd07c0d0719,08080,sao paulo,SP
5bfcaca2b18e3c038b1f2b33a0d1801e,5c418501b87e13cd0dfdb50fe6f1d96d,03274,sao paulo,SP
5c0c0a2f137f0ca32bc91f21cfa0344c,48e6f23af32f72ee663c68227e85e732,56800,afogados da ingazeira,PE
5c14e1a67adfe167ba191f7e45311de9,22daa0fcc20de39e50c5dfc10c0c953b,88705,tubarao,SC
5c249c721eea202f6130a24ede66ebe7,bf2b29a6e7cb0502ae349de834012a6d,13060,campinas,SP
5c3fb9c8ea09e6fa440dabb20728a5df,ae0b2ed66af9ee82a19ef3b6a3cf4e7c,18550,boituva,SP
5c4c2390111b27f6f0289038407b381b,d0b4ee79dc81cd4f443318da09e9ac7a,07866,franco da rocha,SP
5c5539a9bb527a0c669e8addeff05e07,64768451371904fc0725b54d9a8c8c50,98700,ijui,RS
5c5cc05bf0bfa425bf49a230db1871fa,2aec94c31a0aa7e016f1d8279da159fe,72322,brasilia,DF
5c5fb32dd62cbd3045dd087a81ce10a9,6df5b5e99c2915e507576b9e2eca52f9,05106,sao paulo,SP
5c65d66acc26df4936841c554206b882,f16c510985f4230d5c7c62dadc937411,22430,rio de janeiro,RJ
5c7d83fc8f4fb37ef3efb3e08b693137,df0656c09678129487d1639d764acc1c,94065,gravatai,RS
5c7f8d14a0a12198d1d07167d7d343b3,db5edf92e08b477b2134569ac8a8b644,05785,sao paulo,SP
5c8ad45158ccd55a42cc132c584409e7,463879dc0f781a8eecd4bfac763b5e6b,13087,campinas,SP
5c8dd358cd43e858e1a25ba5eb9de22b,145e12520ae65fe7e6e1ad094cac4d74,41200,salvador,BA
5cabe5b79e91df0b1cc680c581de5b8a,ad7fda75731aed4991eb80d939db8115,06140,osasco,SP
5cbf704d3c80979cbc58c54881ee3e98,d0107bdcf3011c33ad724f5ca0f7a91e,09402,ribeirao pires,SP
5cd826df2c649c71f38b667bd71cc95e,5adec75a56034d77ccf5b432bb9e99a7,04107,sao paulo,SP
5cdcc9524616ddb4388642e9fbfb796c,6f24c77a36d67a196068ae95cdd4e044,27600,valenca,RJ
5ce6bccf8e7fd0fd5ee7fcb87cf857ba,fbd53cc62cbd9bfbf21cfde4d6d42fe0,14160,sertaozinho,SP
5d029f6ceaad42b4a10bc7e14f37e8f8,3fe9c4f303300029e31d5f92d8228075,04941,sao paulo,SP
5d08033bbe18873d442b007496ec9774,803b4fc75d3fe8c5dbed83f50b3fbd8c,20561,rio de janeiro,RJ
5d0cb2ee87cc765656ecc5b99d6bf809,64c5854c7d6b7c2daa86fb6e8b86c5c5,02418,sao paulo,SP
5d19714e81cbec2bfb9573edf9e1346c,4f6756b26fb93a1a7874f52111830b52,79780,bataguassu,MS
5d1c37b8609924b2cf505b304ed075c6,9ff66719f2614b62bf2b1b109c8650ba,18053,sorocaba,SP
5d261411439a7a651db830bf3f859e6a,1c5b30f7336c8f25b895cdc0b5a942f2,09641,sao bernardo do campo,SP
5d3c9530c128a383ad3335377d9654e1,29ec863e9db5d3362ee2118c277f8d66,03224,sao paulo,SP
5d40e40a115412d6648b11a43456a255,1f9aa6c9eeaa21fe0759d5dddff6c48d,14020,ribeirao preto,SP
5d551bac6ef227b8caf96cb2a0c03c01,fbb1652fcee86c31a7a95cc56b53d846,89278,corupa,SC
5d5d1ea621e982d29cf41b788ba83f64,6e0187118df2ffdf5f12c286ac481afd,08665,suzano,SP
5d6daccfa147ddbc4d54826f8645ca5c,aa584bf61054b3967bbc9e8c6f74159f,12515,guaratingueta,SP
5d790884ac4eda9070124e96aef4e530,9ee3c1dd1c70e7ff1a4155cfb33f3624,03651,sao paulo,SP
5d9bad1b4aad6061f0b26c8b58291a6a,18887503eefa84ee51a6fcdca1e71240,04331,sao paulo,SP
5d9c4fa98b6581a8b423c21a9b9c42da,2d655bc11e3f85048d9ffc209cb2d450,77001,palmas,TO
5da58311c38580e9148202a5ed52b9e0,82d0f1877418ebbf240f303990d18d82,39660,turmalina,MG
5dcef2fba7e67510cfd99ea3851b58fb,bf70c45cb45bcb6a8a5da6b776f16251,45930,mucuri,BA
5dd942894bdbcdaa6721a9f078741749,e6b7b4ad596bdf71bfaf868e68bde43c,87240,terra boa,PR
5dda54926f7541e013b25006ffcec38b,c942b10193b64981fe134678ee1eb2a1,47700,santana,BA
5ddcd01413e76d53e9ee604f43d65430,35e09fd22573d28a0a49d82baa731712,18086,sorocaba,SP
5de2b0c34e38970be54f630328573ffd,a94620256fe489d233badf3a8e492781,25050,duque de caxias,RJ
5de8dd029fb7e408888f5694443eb801,c98096cf892dcef216f1676a5552aa9f,31748,belo horizonte,MG
5ded08ec5fb59608fef0cf41593f6f36,313cd367cefc0b138d5329ea84ecfdec,15170,tanabi,SP
5df9b76bc23ade55793d79e024ca0871,e91de0cd1805d4c23b74e2abc6005341,11740,itanhaem,SP
5e0f4ae7f2f6850f4a30b16c0a24a732,949828097eebaa6b76aaac1fd75708cd,46650,barra da estiva,BA
5e1dbbe153c43c9a400ca2f548ac2db6,105b3545df1ec6973a1af5e1654242ec,21931,rio de janeiro,RJ
5e24c55ef0779a3c578d272ff7c3d4fb,226c621e6babfecac4e9e776382c77aa,97340,sao sepe,RS
5e29e0b952356ea899ee11dcd5548af4,6940e424e41600ef36c79b6d8b4a2ecd,04127,sao paulo,SP
5e2bff98772b674b3afcbcac6efe0f76,77c9aefbd1400df8dc5e39ea9ddc3a54,03112,sao paulo,SP
5e2d7f57c86912d4f1274f15c7bd2c27,751499e23bee98be291ec8f63463a5be,37590,jacutinga,MG
5e2ebf449bbe52d961a2a13e898eb175,0527504d9e51e19c4f352774078872f0,60349,fortaleza,CE
5e47108744501cc098879b44a9252a03,4c59cf3b8144893e300fd7c3526ec377,13232,campo limpo paulista,SP
5e4b766aea881827c2ae6ca9a7dfcb30,aab0cf2b7b1d9c3fd242397d73ed044b,07957,francisco morato,SP
5e50b2b1a4f6a2a5d4bccbf44f2f6406,11a195cba7e03b549d32abad6a9285ba,04578,sao paulo,SP
5e51f41c2c9cc612e4d63c9fd18b28c6,0015752e079902b12cd00b9b7596276b,03169,sao paulo,SP
5e73cb3ef5fd8f561bda55e9e69debbc,46a67cc142be968cc7e809bf35130d74,25235,duque de caxias,RJ
5e98755f49cf29e4e9e87d81d2f86db2,8959d4251989df68934d67c1d32c5718,39390,bocaiuva,MG
5e9a195cbfedf459a7015c36bb7662d2,ba93fafe343b578dc6dc6bc4f8457604,12230,sao jose dos campos,SP
5ea10f0e3b12d4dd62cda8328e72efad,a3400cc98391d59d5a4a0c5a0e4ba7d4,04522,sao paulo,SP
5ea2072bf6d8282cf452c471506c54a3,8fa3d0eb5d7ab8281633fcc3347040cf,13277,valinhos,SP
5eaea72cbd8dda40b6b7ac932be5c393,b8b3c435a58aebd788a477bed8342910,95585,arroio do sal,RS
5ebc6424b55d612d20110789bbe0d748,525236008daa62b6022f35142ef864d3,76450,minacu,GO
5ec0ad25391736213eb2820f4626a887,41b40227a5821d5125adada4577b405e,19010,presidente prudente,SP
5ef2d0d20efcd63c0d0af8b7bd1fe3c0,80595d3bad09de090bc650cda167cb33,86925,borrazopolis,PR
5f0099134079adfe14d1df3d8ecc57ae,25aaba9edaf948bb0b0af688266934e8,73255,brasilia,DF
5f0b7da5a7b0c5db24d34ab68757c129,866950ac7c5063d4a102b0c2a20235c8,02652,sao paulo,SP
5f0f9d089923434ed36bfd4e2bf8a213,8d870f05bd56056c62d59f4447e4de09,01154,sao paulo,SP
5f16605299d698660e0606f7eae2d2f9,92fd8aa5948e20c43a014c44c025c5e1,77480,alvorada,TO
5f1ad3fba0387ccd0efff08a8fee6212,366dc743342d2a61062d5be71646499b,22231,rio de janeiro,RJ
5f1dbfa73c69597e5970218986ec1704,a27891e144f346fc1cf62c1eb645de46,97035,santa maria,RS
5f2027781aea2cfdfd2fb08637d21e8f,54a6a0fcd0ef391583e754902f78bd10,62790,redencao,CE
5f3f626700a3d4f153ae552760785e79,1274a8553a27e023e02510965e0c2d2a,03032,sao paulo,SP
5f568023042b6139fb399704f7378807,1c9fa27a4db6bf9c57a0062eee2e031e,02802,sao paulo,SP
5f6705d9c72fa68afdf8b23b94bfeb63,aa30c27dc2f31ddae72a8d176e61e817,02872,sao paulo,SP
5f7a57e2b8a60c5504cf3d41c267b0f1,0891e5d4e534eb8585807582fc12cc3c,04158,sao paulo,SP
5f82ddc00ed8b6e8cd8792788c2f5b7a,af4f362d3cae91d1a5471d4fd50dd966,28895,rio das ostras,RJ
5f927d5f455d787c64e69dbe0382c5fa,c22e1148626ec92ec21016a22b325725,13035,campinas,SP
5f956d6de694724a5de116a1f0e7b88f,1c3d6cdb528a01132de19aa8f2e31ee9,07072,guarulhos,SP
5fa7cd781c9f6a804a129880359ad5af,0cca3951123a69f3715dcdbd8c66cdae,96050,pelotas,RS
5faa65fc45f1cf27ea90df480d25129d,c980d28584f9774323868861ad8e0356,30380,belo horizonte,MG
5faa97d81dd17e0a1d02cf6bc4186dc4,caff2c3cb6392c271bdd7434ac45728d,20040,rio de janeiro,RJ
5fb239cb8ef28ff4b56d2e34da747f99,c64f202aceac77b89ad6caad47b0ad86,87005,maringa,PR
5fb78b81a40494c48b3b18db5daa050b,29b5825f7138d1010b5bbfbd129104c9,12460,campos do jordao,SP
5fc34cc05aae2598fc6100012d44056c,f962acaaf9b23a9b3948e34431f842c1,30320,belo horizonte,MG
5fd3fb3154ea15e052970628d6fc6f6d,99c7aea61d6fbc8f439b6e2a663eb70e,99900,getulio vargas,RS
5fd6dead0d9541b66439ca774ae0d73a,86203f952211b0a9cd27328c255e23e6,35930,joao monlevade,MG
5fe6feaf063dd24de0c2a3b2c6e55efb,037825369fca3cecc1c05ebbce8b7f96,06541,santana de parnaiba,SP
5fe9534ea2fcc99fcd42e7d1d8ab9910,7350eb1027dc074d9aa8c12d581de324,04704,sao paulo,SP
5fed823f3e24ed74ff3a9db3ff4f869d,103dd5f651eb6f041d6ae421639cc5b2,89500,cacador,SC
5ff80d15decad784ce17e900e5538412,e06344f0bea5fd3d5c7f99222d0cb13a,22080,rio de janeiro,RJ
5ffaff7ef372cb9be1247ef069f79fad,a8249b07f48892605834df727cc43620,12282,cacapava,SP
6001397758b75b1ea4f56dd10783a6ea,78b2443c711ce5237112525cadcb4783,22795,rio de janeiro,RJ
60082cc2efb1b4d5c56da49fec0afcb1,02c53bbdf9a343fbfe47d05e1ce96b20,15060,sao jose do rio preto,SP
600a6b104ec3030369aeee14fb0a5917,95e9b9ea0d1b5a6761718600a5b2723b,20520,rio de janeiro,RJ
60295e486ecc60549fd858f3eb8395f1,78fd1cb92103a044bc417c13050b4673,65045,sao luis,MA
6036479ceafa4aab3dc585f1a05772e8,a72dedb6e6e4b341fb3517746878a04f,30270,belo horizonte,MG
60557beabb29add89b6ad201ff7ab80d,3f94c1f7e2d1dfcf8a46d01efe28abc3,30130,belo horizonte,MG
60582a6628af83a283474d8c94e3ff7a,e106b0bf1efc2352bda60eaeced76675,33600,pedro leopoldo,MG
605d973d4dedcff90992a2abf7048b11,73415ff8accfd83e082ac5a6822b8b35,89560,videira,SC
606455b5cf65c6a0faf47740d836d62a,880197669571a16d742941f5ea9310b5,30120,belo horizonte,MG
606ac72d2b2b2a89114d972d2e66a2a4,c6daf89e664438f63927784b6fd5c5c4,26087,nova iguacu,RJ
60718e1cbcc25b8c949213d955d1ab8c,f9c599b8db1ae3ed3d8ef52469dd3790,22640,rio de janeiro,RJ
607cac3b738f3e37909b517901df2e85,337f122abb707c6c693b474038ac8d98,21331,rio de janeiro,RJ
607e4ac7c659ddc86466344b63f73413,bec96391fae48d625d79d1d9387d93d3,36900,manhuacu,MG
6099b4a3bbcc0a01fb20ff6cab0289e3,aa1c9c908a46198cf8b8fdc5c8037688,01007,sao paulo,SP
60b95728fd802d4215c246c2ff792e3c,7b390588b965d6e1b3478340c64ed445,06361,carapicuiba,SP
60be07ae31950ebb5bb4c2202837abc9,f661191b74ac0e80e5991e494b4191ab,89248,garuva,SC
60c802af0877256040e46984f351f3e6,77e2810a122d29cebd1a38c1feb2cf70,02311,sao paulo,SP
60d42085fee30b555e6a88331ac1aeb9,171aada65dce9cf497b39450f82cbc29,01240,sao paulo,SP
60e93aa280a9925a2af61c812bc4e1c8,bbf1349e7ebca6c69bd44b15ed861be2,45480,mutuipe,BA
60ed2813fa78b43f432e38f812188271,19e3f9065f659259a0c469800075612a,85064,guarapuava,PR
6102d1227aa240ac837720636f7e914a,b8bb8927c550a156cc957815ea2b2920,38380,canapolis,MG
610a4163b8ab832daf93b4fbb48e9119,95cfb39a7e263160308a934e42cfc4e0,08615,suzano,SP
610f4bb4b87c0b59529b0e7ceb282e59,709d99688e7a88e02ec4e82960b92c72,74735,goiania,GO
611403f0a97f08c990860b6932d213f4,c0118e2c0a037c31aeca71d0b81f66a1,13857,estiva gerbi,SP
6119608bf8b3b9b4883efc15b3ad5b40,43e77c841cdb7c978a19c9665dbdea5b,13212,jundiai,SP
612c2e9ac0cdc41ded0c67720f8587d0,d845a8a9a1a89add6ce3eeaa73b8997a,64002,teresina,PI
6132860a5328ff1bcb9571bc0040b78d,5d1fbc54800abf1e1e85f65c5996bf23,22790,rio de janeiro,RJ
613735eeed7838276933826aa1fd5013,6e2cb7d235a7351d31b5f1994c4f5001,21321,rio de janeiro,RJ
61375a3b2e9b6df142bef5986b176e2a,bcf93ec8143c2c7829ade1a365360838,08430,sao paulo,SP
614b18112402859120ee75b1ba6b07c4,cd11a0920c498edb1da9ecd2d31aa599,08390,sao paulo,SP
615d41b291075c1c126f20c616625a12,b388ef1fc20ac12fa9fb8bd448d2f961,39625,itaobim,MG
615e5edf00b62ca6f134b8656c75fa1b,0922b228e2f5fb61a624ee01c20345c4,44078,feira de santana,BA
616ee49a34c54a09dd48d105944aa843,c4ce884d80af81a83b7646e4d39d8085,38412,uberlandia,MG
616f891beb5fb30b85a4a97acb0d6ce5,c15eabaa27faeb9cfeb473ac870c9d53,17050,bauru,SP
618508ed717cd8715290534e9463f6f7,be543eddd218005f10c5aa685e1d96fa,79300,corumba,MS
618b2055e08e0d895e30f4483d48288b,40bec32bbc30b2444d870f9fcb260f16,72250,brasilia,DF
61a0d7d415e0f8649f386945871dfd85,f231816f0ee9d6c71b97bbc86f393dce,87111,sarandi,PR
61a1d82e44d450a06016bb941595446d,37de7bc494e562febe3514ba1ef16d14,36135,santa rita de jacutinga,MG
61b81e339e3b1296970ebb2e791b2cf7,ab5d880714aa9cedc0c4d7e1b9fcb18b,95980,anta gorda,RS
61d3ef4b7ba001ec1b14d21c3699bba2,ecb9584f5574a2e2479f2421b3892ad5,09041,santo andre,SP
61db999e171b586a01abd7d5ac904fb7,12780b31b51f182e4791c197f23dd48f,06663,itapevi,SP
62050266c1b57e15689a248e81f05ee5,128498d867a54913fd7d7fc9bcde6cee,28800,rio bonito,RJ
620584cb5bc308f3a44907cd75e98f6f,ef1ca25c91ceee9b017a619b7e07137e,79042,campo grande,MS
620a1ea38a8b57e0a493b54c6d43ecc3,9de7f50b02466f13000469a350111a53,03120,sao paulo,SP
621c23f2d651357cb0c13e71fec8e0aa,30dfe1a7cf380d520bc9b3ff88692b7e,22775,rio de janeiro,RJ
6225eed02b7d1a110b6e5b5dd4c8bd31,850598426d7c772afaa245182a362958,36400,conselheiro lafaiete,MG
622ecbc498c1acdcbdfb4411b78c6315,5b7c20814ae74358529fcfed762106d5,24804,itaborai,RJ
6236b2fe9924d4c2cebdbca5d770b2bc,2a59e511edd8c3e36124da18fb991d3c,09842,sao bernardo do campo,SP
624f47203285d5306dd47b908384e50e,decd0fc3c04777e920b7933ba4af8a2a,08160,sao paulo,SP
6250c0be552393dae4324dff902a56a0,442218fb56227a4e1dd5e844ce9ff728,15040,sao jose do rio preto,SP
625ebee3bb8680d39f443c840f5afdaf,4935bb1bb7c09b682d4c224503e37861,13058,campinas,SP
62811f652afa91300cb15c6d2c35fb1f,c2493a639f1bd8ec78c6c86a6b7664d5,07072,guarulhos,SP
6284b8ac7b0fae398f24ed57339cf072,3d33fa7b80bba2f0a706b7b141485add,04822,sao paulo,SP
628c8b89f58bacd887ddf6ae36d0670d,7743334cbb4817e787e87b9278278be4,29101,vila velha,ES
62a75f6e5edcea3f5e8bccb7dcb863d3,ea0b6bcc49ff6a2351e599efa06f9262,18143,sao roque,SP
62af26009dfc1fafdd4d241afc191164,b521196503d4b7bf29f10ec6d777d754,95500,santo antonio da patrulha,RS
62b912715949a663b46270883e7bfc6b,810c70bb9085833beb866a42a6d6905f,30770,belo horizonte,MG
62ca610dbe5613c3e87ebf91eddf632f,bd7e86dd7c200cfba543520305150958,77410,gurupi,TO
62cd17312190f965adc81902c00c20cd,23377791df925b1158ea0e673839b1e3,11440,guaruja,SP
62cead6bcb096984c493d6121222d104,1e433d2aca7584032f8f56d51643e605,08461,sao paulo,SP
62e31e8f94b7e3568fbb38530165052b,febadd81570605e3b0e7c70bcd170a81,46425,lagoa real,BA
62fd641e1ebc8e22418e3dc08a5381f3,e389fc91d0a530f06f9209803a38f669,35740,esmeraldas,MG
63060fbe4f7830b0dde95d6f4198d2d8,21b415d826c810b064a7599851f90e2c,15054,sao jose do rio preto,SP
630b189fb0c73900cf3360c4a795680e,20ccf8a027eb8b7ac022190daa551b0d,24360,niteroi,RJ
630e9a67c8d1528b356f51ba17702570,29dad0eb8559052a518ad4062c17eaee,09951,diadema,SP
6311a3c1ac4f50b4d94af47a6cd0e20e,bf49396ee81dcff7bb75995c61faa035,74845,goiania,GO
6318e5484de466af8092d9d252c3d6a2,22e1c91dcd5b19577d6db6257ee8b647,38443,araguari,MG
631fcc3fa1ad2d9b5af6b889b547d3ab,cd01259f117f3e4493162ad9ab000768,93700,campo bom,RS
633431e9aedadd76153cb6a8153921c4,85c400e7c41d5be742c6ae9855d8034e,16057,aracatuba,SP
6370f296922c213b9d42cc710167c263,d62379e90c47d0e7e4629f4094140a43,60874,fortaleza,CE
63818bdafc7f8f42cbe050738e7910d5,e7f27438064df83b2bb025f27416aa20,26041,nova iguacu,RJ
638a9c5ee862d737a4adcddfbb7159a9,d3d103e743ee1cd21f7abe579dd4bf79,20921,rio de janeiro,RJ
6392126e39bdc2bc69b67f1e7bd19dfa,f6096387d1abb66c337c8e65965942b2,88058,florianopolis,SC
6396a21463860af048e158dd5aefef7a,5f9f9946905e18fc9ab9b9105a9d460b,75800,jatai,GO
639d8567cc1c4963745cbbbf059ceb3b,909a1f3c1e5961e4dc442c85b5c94266,52060,recife,PE
63acf8de888f1bd3574cf7432ff0312d,6422bfe69991c1b3c75662e99a9f51e2,50791,recife,PE
63b6438d1c730d87d4781b28de7ac834,3205570e65d79d6387ed7c49f178f3e1,17511,marilia,SP
63c5c73adbdf452c65a824bba452d037,799a65e0aa01c9f1630924ed7e70979f,08725,mogi das cruzes,SP
63de55d73d31e831e9652a0d7a70df94,3ec7f67c75d1822841bee31e9920eccc,42600,madre de deus,BA
63e9842ee16e70354e5f1c789eeeeb1a,b29212f96d1f8da43aeb91cf742b28d5,89520,curitibanos,SC
63fc3cc680cfe86e7325de3069d53cbb,b4164b841c4e53cf0ee72a5f9096d420,02422,sao paulo,SP
64065d6a8dff88e59b688faf3c35997b,537c302229bfb3e664aa7c807f975cc7,71925,brasilia,DF
641421e7a4129fa906e060ccdffd6cfc,f16b5d43cda092901d675615467e41f4,27910,macae,RJ
641ea55c1a9954a48b198146db68cad9,68f412bbb674141ab49ef13b501baf45,35325,piedade de caratinga,MG
642f858f2d65c052cfa9058e21181a88,ed55471664939a48022e6319811608dc,04569,sao paulo,SP
643806a497cd1633636c26f70c58e63d,02e7d568f699b57b0bbb98cef89e0832,05428,sao paulo,SP
643f08ce5391a352c4e91587fbcfa3f4,3f3b39ba608e727d5588f05425b3a500,04102,sao paulo,SP
644059e43894b09e9d86ee6bd2e9222a,8fd816effeb9c0c48ceda294b0eb0858,11310,sao vicente,SP
644ae863876b9e39b3a43d8672980962,22035e352538b10d3335968ebc3280f1,14600,sao joaquim da barra,SP
644dbfbd91a2bcd850d57349afb60974,e46e5d0b325719473e30b453ae5d5114,70743,brasilia,DF
64563bfd8ebafd2beb5ea14f14f14618,e78ccc556d0b10e17e4e8337505dbce4,50771,recife,PE
645e4bcb4b050ff31253516e363bf301,126646ff7e983d825b46a004555996bc,89694,faxinal dos guedes,SC
6465bd930c1243ba5479f364f2783e10,c21b2f442f530e0d5da659ca110c3792,04042,sao paulo,SP
6471522ef0977f7402fcc46ae568c083,ffe0c10afc687bcf34a0451f2b87dd9b,08260,sao paulo,SP
647fb0ff21a40bbe790d0eb7d2d3b9d3,c2113e16ffc5699837e09f2022a97130,04813,sao paulo,SP
6486e770116c56de60003384fba4f50e,2378a0560fa2d85f762f5544434f7e20,35162,ipatinga,MG
648e9b8478021e84252b8930c9d93a64,6a913dc70e433a0d8ef218e93f6e3395,91350,porto alegre,RS
64932044c77e072f5a6d118f05f254eb,e86221240f0e2940bef3bbea8b9217bb,44700,jacobina,BA
649c5da2e4bbb5d9778cef1e5175decf,a4551f073164a521b14c1e0e2eba2af1,39300,sao francisco,MG
64a097bd5b5ee7b766f29547a2bfdc40,a0a973b1dbdc92ffb460f815ce8ab1a8,46600,tanhacu,BA
64b455178716b45aadc159d5470bb0d7,b7611364702d269cc3cdabba1e243ca9,74394,goiania,GO
64b522c8d8d1f7acce0f99ab0bc4309e,6d9340cff66614691b64758da5a28d53,24717,sao goncalo,RJ
64e4610c79c90cff2b13643f3708ea16,16bc082ee7adc9bbc573a092d2b9da2f,29942,sao mateus,ES
64ebc89fe827e44bf4c57f7e22676e12,dd5ed00973cd7d965333d81654bec5b4,05664,sao paulo,SP
64f0489f9721747547375903b0468371,b52f66c7b754abb219018b60afc72995,35700,sete lagoas,MG
651f7c182ec669f3030da7fbdf316826,3d3614f7b9d97338929d92e8657e7ed7,92020,canoas,RS
652c90c96d514383465d6ae2b89dc861,48c65fdb108ef05672297bbdafe650bb,04011,sao paulo,SP
6543393dbd7da4c36d67ab82914d750c,08461e3816fe3fc53aeee964f981b9c2,04209,sao paulo,SP
6561ef6306e6369b42177e51ddcc35ef,5567ff09b0607b9546948fec46fe15ad,41730,salvador,BA
656bc0e5a7c16980ad87811788a17acc,93bf97e6096bfe1609685172a848c785,03817,sao paulo,SP
658a7d941c6f5fc09e7a2ef4fed57dca,322740034480eb5fe9d14398aee49d4b,78700,rondonopolis,MT
658ff649fc33a23b0c62dbb364eef7dc,1efdc68247b459662a939467eda85740,35043,governador valadares,MG
65a227fbf7d798cdeadee8c0bea74993,886c05aaa3a617c8b3a6b441eb88de2f,83325,pinhais,PR
65a8b22f8c8c886648f53bdf0bd7072d,b651ac344021309e2dcefe45af53da81,87709,paranavai,PR
65aac1297cd0a4877068df3157002005,89e6081fbc7c70389ec6715c48d0a8a1,57300,arapiraca,AL
65be8a984e4ddd88a63a984b4430de9b,857677a047f092d4a41a9b80dcc627f1,25045,duque de caxias,RJ
65d253d62427d89106258c7ec2410eab,fd592e54477a38149f66056b6afa81b6,94175,gravatai,RS
65d4984642f5c0ef4e7747e71578fdb8,e5876c7ff7543332a7bd435e1cd90cfe,08830,mogi das cruzes,SP
65d7321f062eb5569225c13c721fc8cc,8e4bcade575d59d12d61d1714f46d79d,02179,sao paulo,SP
65dad95ef3f74abd39d82a32b3cd405c,029939dc94df37cac6ac39bb3e55562f,24742,sao goncalo,RJ
65e4681470e66fa92770a629a7ec0884,8d21b846e69c263edf74b4c8211d99a0,20211,rio de janeiro,RJ
661897d4968f1b59bfff74c7eb2eb4fc,d06a495406b79cb8203ea21cc0942f8c,14409,franca,SP
6620f3561e31ae438976c2c4c8981d1b,5d5681cc3125ff9afb543b8b8d2464d7,62640,pentecoste,CE
66358fc9282c24ef2163204d1803774a,d06273369ff5483c3f75f49d621eccbe,48005,alagoinhas,BA
666cc18bf39036f9df73b917861a5eb8,b9b4f87b1dda942a40985da54ddf40cc,84285,figueira,PR
6670ae2d7d0e1dbfd9b97d032b91a0ac,2e510ddede430dc1705597d5597f6af3,96230,santa vitoria do palmar,RS
6676a459c2b773481c9dacde3c44c680,4766fb51c287a3a3a67eae04ed0e75a4,81150,curitiba,PR
667a6188019456a8aa6bba524a82a321,743b49a24819c5f80b4240eda65c3b26,57265,teotonio vilela,AL
667c857bad32b1b14826b5d48a1d5f41,9e746868bfa9950b468496d66919449d,08576,itaquaquecetuba,SP
667f26ced69e2ac1b07d7baabf2378c8,0fc4eb5cd5c68c267d6fa1f8fbc9490e,14055,ribeirao preto,SP
669f2964029913b6ec6a29354302fbea,c0c949c545d9fb4478017e6185b1adb3,18040,sorocaba,SP
66bd9b38f2219cd1108930c3cc1df43b,299d64e6a025c66001d55353c13ace56,08340,sao paulo,SP
66c42657e2990cfcaf9bef048cb15337,ca7db8a44dd63f0d5022cea8bac20ab0,09571,sao caetano do sul,SP
66e518ee99571f141d17fa60482fa47f,1426a4c6ed4959d95d8e7c40798ba5f5,23015,rio de janeiro,RJ
66f301b13bbabd16970b1f7a8f4e40ac,cfa0dfd65182c8bcbf31fdb1f35cc0fa,12246,sao jose dos campos,SP
670a432cf10d38da64efeaf03fcf6385,5770acf37ea686c09c435086aed2cfcb,66113,belem,PA
67103ece896ea12c89ef860d152ea9a8,e727655f572caa2f3f2dd4e0d1b9f960,07700,caieiras,SP
6713a9e3f88ec51feb6aec1ce3e8dfa5,35d682be065079511a598dcd6d2c2604,29620,itarana,ES
6726c2dc9955a5617dd2144d32eb986f,36d8163d058b1fef06dbe40506eb8aa4,02202,sao paulo,SP
672aaf2b9c8ab186e20451bdc13f5e7b,1a947c7e4388f4529f9b1fd58eb8d955,42710,lauro de freitas,BA
672ed40727c0f5acb2a1439d107a5a82,96e136c1e84c06e4f46fbabcbc3f918d,07135,guarulhos,SP
672fd46db2cd92beb42ce95dded37e49,cb3420dd635fbd27ad93807c2d3f25cb,97210,formigueiro,RS
67372e0bce729cebb559886b6c4d9e2e,c9fff85f2617b8e1a78142aa11ee962f,16057,aracatuba,SP
6739d1a6b151dfa87a505b1c8798edbd,091e8f3526ef6dcc235f5fbbcdbeb003,08452,sao paulo,SP
676155cb45bb9bbf30b28fe11ca375bb,de2055b9bebb54561bd20c98880fb2b4,04547,sao paulo,SP
6762de40b1337dcc0b8f076f81b44290,0457229263e71157bd7cf568a56d5ec3,01317,sao paulo,SP
67672ce6d9f5650e7b59142d7e15ee62,2592d8288b059b0c2aa01cc56901f625,13171,sumare,SP
678bbf415fc9b82f51ebb95a642d8c1b,bba29bdc2bd4deeb7bba3c61ea98e012,74453,goiania,GO
678d20542c7e73359dbe7f13acd6a4f1,9c2585f927eee84bd3856201a2a1bc96,13216,jundiai,SP
679d4ea2fbd7a090a67bde09ad348e8e,9c0e3b85d08c322f8cd16873942b0dea,35182,timoteo,MG
67ada02dc1c10400e1bd19e1d84541ff,10811ce4adce690edaf95b2e8eb3845a,04144,sao paulo,SP
67b0294ba64d7074b39bab09cb5a289f,3d057e2134a816aa1fda7ed50aa73843,22020,rio de janeiro,RJ
67b9751e4cff924b6233923970d6f0a2,f362be295de5e69caf19361b902825e9,98700,ijui,RS
67b9fe15483a807b6a35c1a934631655,15fbd44ecdc6b3d60f1839c8a85df7ee,17208,jau,SP
67bc584f10fed53edd399d3c4cec5736,cb31026da9f6b4e498fd72cbbd8f8240,93700,campo bom,RS
67bebc02fe1882de7424ae7c032fbcf0,4c353c56435ffa61897f3f012efd4aae,22620,rio de janeiro,RJ
67c217f8637c4c1f72e8b54d2e5b0f74,9514faadedf04aec66980238b2abfd06,74922,aparecida de goiania,GO
67cacf586b432939b6ae2465b2aecf44,d0d3fd3a6cb03b855223ca07fca00940,58301,santa rita,PB
67fce71cc00b76f5078ceecad54dda52,5d3d97309808a1d8b162d0dd2ad273e3,13871,sao joao da boa vista,SP
6810c3dc47f641181fcc7f73275c3d19,7eaa86786b5955ab188db287f4726d79,37720,botelhos,MG
681a0a16e33799607c5f5be2c0b7195a,715f6660caf0cda0177b0c768b62ac2a,77500,porto nacional,TO
681d6df6cd2fb282101e845100ff20f0,f6a553ec911200eec3d9121d0a64bd00,09350,maua,SP
682a5ec271640280d52832cdef1f1b57,7c539e737a76fee1efafa00b105ab6d7,91050,porto alegre,RS
6830dbb35377688e46e1eed5351727cd,dd11a339582723deeb1943bdee659f37,83065,sao jose dos pinhais,PR
6835e02d97713eb97e57bbed91d829a7,d4b16abcbf4fef343e97337ca2b9dc1e,50050,recife,PE
683fb9798e710428ce7304acbd9bbcaf,61e6adf3c4468005ccdf21ce63f14e73,92320,canoas,RS
6842b18ad3f173ee6b709748377bbd2f,f9ce0171b9df8812316e610bc563b0ad,29176,serra,ES
68456c68418d85d923e94603959e8bc2,6ae6900d06a60bd54a3f4abe432af382,35530,claudio,MG
684741e5c388d9fe3d7ea5c8c1b48182,4b8ebe4ffd54e53db679068cb646c7c4,07980,francisco morato,SP
68648ee2755091f79fe88e87b8cd8622,86e4a80a0c744eb7d574fde3af8b83e0,67013,ananindeua,PA
6869e6ba48deeeef410aaecc3db3fcb0,f4e4e2b5ba6cd12066be778c2346ed1f,19912,ourinhos,SP
686ba249f6f98cc2610b58e5b9982e6a,70a8db6a5ae17c3a4e5df68bbeae451c,25963,teresopolis,RJ
6882c809bf72dedcfb767969eaf59ba6,131b8a51429529f4e57e8faa1b87ff4f,03659,sao paulo,SP
688c5a754325b8c84629b9b436f9f51e,36cfec707344b75d20e6c7ef583c3b8c,30672,belo horizonte,MG
688df872e677f02c3da2960a87e90b65,7b63dc606147754731a3024c85f6edba,22793,rio de janeiro,RJ
6892e11557ed2d2d37330dd4ecfa6cd7,2237c4321f61f817baf94569f2cdef5c,04892,sao paulo,SP
68cb7fbc85416655ad0499fcc7fdb9f7,18f606b7f084a2dc9cc7578b1c1a0d25,05422,sao paulo,SP
68d91c479bafcd184deee1cce5582243,3baa1dfebd3d28ccc8cdbf5d9faa7602,28610,nova friburgo,RJ
68de3e57ae340fc9a1c7cdcd6bc69d2d,e9324efb79b7c53e338b64ec60de3924,12040,taubate,SP
68f2b37558e27791155db34bcded5ac0,cbbeff6b693e69511cf9d059f4b71036,14403,franca,SP
690b3de0e2b6e94ac82eaca053616c23,f64475bd4605f73fffaff12e5db016a5,05859,sao paulo,SP
690d9e177e7d2a54b8d4ad4c08d2b6a4,0c7360e4c7109f897e18fedcec400ccf,13190,monte mor,SP
6915b14e9f6ddc88067eee9334e66867,0db99be64435c2c4ffed6c297bc5baa4,75901,rio verde,GO
69183687970f872e3ff323cc65de88f6,62d8ae2b4bf78c14b18edfc2fa96eaf4,66030,belem,PA
6921224e0e53eea536125e700611b01c,b1a8a0800eac99ec4d83d6ca350a690e,05879,sao paulo,SP
693b01063f115cc2caa2b0f4c8e1550c,805c11244586d62aab4a8fc28531140d,02987,sao paulo,SP
6957a0b44d49ff48e3bb939fe3432f41,a1d6418fe32f5acbc6780e5840df0408,78050,cuiaba,MT
695b3f029f6e0a7658ea10df85afcb3b,125b4e486dd3fa32bd3e617f198feca8,22725,rio de janeiro,RJ
695d206207b2d41598f8d78b77ac67af,ddcae1a0cb533f75d5e518a1e48e18cc,02969,sao paulo,SP
696cfe66865abec5b9a5165cc2b7bd6d,70277af0052ed00f73bdcc75afb3f344,13025,campinas,SP
6995a9f0b24e058dc141caeac9320539,784f6e74c5ab69df17669d2aa30ebac4,09811,sao bernardo do campo,SP
69a08b6125c4dbe1e658f5410fa5be95,b5b05f548b0ef6c8f6a6ef4c9eafeaf0,22743,rio de janeiro,RJ
69a4bbdea1617578929bb426c99e1ea4,336421b86cc4259a58106da261e0e000,22221,rio de janeiro,RJ
69ad7c75c00e77e4a1385cf071fcc95d,72417afc1c92056a541b10675107199a,58038,joao pessoa,PB
69be2469e83511c9d3c230e91b400cf7,e5e3e1fad89da9c8c99fc257c9c32b6a,79052,campo grande,MS
69c095e20533ed0e7245ab4ad0282fac,d0281d057510ea65874d743462897abd,41253,salvador,BA
69c332bdd81e457614a7674cfd817a4b,3221bbf5c8e0b3f8b04127f6572967e8,17063,bauru,SP
69cf4a24c1d0f920d30e57a9375ec0f7,74d331122a116cb1689a0ee6e646979e,04310,sao paulo,SP
69e814803fa51a94821c0064b6d82cb3,16214024bcda924a638b177e39976b26,94135,gravatai,RS
69fada07e6300f17c8c5bdb778f566a2,a332b2f91037ef2205e2fe0c7d9a88e9,40255,salvador,BA
6a12f6bdfda32e5f5b85abdda6536326,e016365b624d1755f3e2d0e8f1631ebb,68530,rio maria,PA
6a19e6fe3bd7901db0c718902898de90,5e8cd17a51d1f75b4cd351db22bc5a56,06720,cotia,SP
6a203c8a8113cab225817117e15aa9cb,48ea9234386f082f39ce1a05c9e440ee,03220,sao paulo,SP
6a20bfff0b7d52cbf95122d265fd6d3e,97fa0ca14ad0d5effa5d28769acc4123,96090,pelotas,RS
6a432a8586bbd8cf62f617ff14fd64e5,eaf18a91608237a64add515fce868243,13069,campinas,SP
6a4ddebfbf47946b17af9d23bca8208c,b95af8a1e4210ac231669877aff22962,24210,niteroi,RJ
6a558f0fd01f63ca6888b774514772b0,5e7a69354868425d31c2848b17caba13,16400,lins,SP
6a561788c45be4acceb377783ad116be,4dfcad2550d5a550b707ea167f33ae8c,01307,sao paulo,SP
6a616d99ee01ab693de21c57e49ea368,3b688fb4cf2b6a8b40cbfbf9d558c384,03471,sao paulo,SP
6a670a778bea4407bae72f8e5c4e7ffd,c5e25440a147367c5b2ee3d48f6ac7a5,11020,santos,SP
6a6e92b4be5eacb3d7abed3f73d20276,efd2741fa104357a25828ad3d2ae37d8,22451,rio de janeiro,RJ
6a82cfc3d5cbf49c44d68e73d69f28f0,bd91d3f89620d115b98a20803a390cc6,44001,feira de santana,BA
6ae24eb8875716251130b7156d33e7ae,2982819bdec3271f3780b6a2ab35692f,69925,senador guiomard,AC
6aee223ad482dc78a0d4fe2f893c203c,d2039db35dad677db8879177d9b9c8a2,66811,belem,PA
6afb49b08ae306fee3f98b95fe395a47,0c5545d02a08235ea2cf14e973d78ed9,21625,rio de janeiro,RJ
6b1618d1c40a7f830a71f322a649b029,7654cab075c80fb33eae26084f1f3e40,06680,itapevi,SP
6b1901291ad821308850dfe8b4385afe,70d559655397ff9db9bb31dbaf5a7b5a,98802,santo angelo,RS
6b25af18781c3fed3b96bc7539cd715b,9cbf9e3c285a273bc1b273e96d28094c,11070,santos,SP
6b384dff2e1e096fe27389503931beec,704647e2ee2576c3c45703af3d9d67ed,90470,porto alegre,RS
6b3ed42b480bc5831a094f35dc11b668,9342b18c97a2bbf3fa9d97aceb0b6dd4,59054,natal,RN
6b498e20f44d131b2b912ac637726a2b,1bfd23153e03787befef6a26b87431c4,97670,sao borja,RS
6b512ff5290c944376228994fdb4a2a8,da5d40e473fee06248b1610e35100789,29102,vila velha,ES
6b721e99c84ff5d73347383eee0dbafe,77d89f56b51509384cf54a608202ac6f,24745,sao goncalo,RJ
6b74b5483a6f18c2538a9c848e50b4cd,db4a068b5f8bcb3e5e45be643f3961b0,92440,canoas,RS
6b98e2694f54c88081d697a859f2eb1a,e2a9bcb9f96037b1536e7feab4ffc879,98240,santa barbara do sul,RS
6b9dc02c5b16457dfd5325b2fc0e9b04,8fdb30046559b506b2ea1588cdfded0d,22410,rio de janeiro,RJ
6ba6cff11767c3af78bebf58fe6e6cba,56ddec1a91f89120aad2a3d0c4fa9d58,04205,sao paulo,SP
6baa5d0b60503b34549d866964173e16,4369d9c3185bde2377048b61f06896ee,20765,rio de janeiro,RJ
6bba6f64977c6b367a97039f2cc7cc64,4e8cd1c9fa889e1cd9622b87615d5251,01230,sao paulo,SP
6bbda3b9328f07ebded997016a198c4c,a22320fc36bfc878c1d808103a481dda,30280,belo horizonte,MG
6bc2db722431353a176d8d00146e55d0,46df7382c666159526532d5ffe8138b3,13402,piracicaba,SP
6be3dedf61ef41f55430dc20f3d64899,50ad9fb3ba7f8cf336529fe94a182996,22780,rio de janeiro,RJ
6c081dfe77db2d63f336f33043f0036a,11a8cfcffe73f7ed9c4364cdc871b27b,09623,sao bernardo do campo,SP
6c25309593351b489bdf6acb8e186375,5baacd4f58c5836e6a49b8d29dbef403,07052,guarulhos,SP
6c2e461dd95bcb99e9d9d0736f4794bd,880392a9367caae1f7d6c6c6854c20b0,08051,sao paulo,SP
6c35c047c1722366ee705c6e73847f80,9468d5f47f7860aa11cc73deda96af0a,05145,sao paulo,SP
6c4db8956588a32f2e15cd587c31c12f,474fd046fedfc0b92117727d14e273bd,04332,sao paulo,SP
6c4dbf4c2c9cfb6a9d7d8afd6b72072f,a1c7f46643704bfe70239a680a3ce2f7,05089,sao paulo,SP
6c50c2547ade7275ef04878bcfec6058,5ed8f399b1b52e70b79097990eccf1ea,60840,fortaleza,CE
6c5c37885633777105f72c3478b08f27,ea970ccd17622e6426e04698f62292f4,50690,recife,PE
6c65bbfd7a67ebafd5b8b3b931c75012,4eaeee3e4f0aadc733708794360a3571,30390,belo horizonte,MG
6c87ef9fb2c74c744c17fd3b3c766d80,a17591c68d74494e94074094e95da2bc,12229,sao jose dos campos,SP
6c8c6dcacef23de010f797976a3a1790,4bb738bc373da3582899244c67c0dd19,65907,imperatriz,MA
6c95355bb9260a9b0abbe3e226bd7a16,229eb22d6cd2e70148026fe758adf054,18460,itarare,SP
6cb3b8343477d519232f9c92bd2e6787,3ed6263b3fdb5ddbb4bd8c42fd817a4d,36170,pirauba,MG
6cb66926d3e4e83573c916b52984b85e,7ff834d56bbd7badbcb19e133cf92c49,01326,sao paulo,SP
6cc413455365a333fd164fb49c642740,9e8a3319d6728117400c64ea9e7703cc,30140,belo horizonte,MG
6cd0a1dbcbef4f215e1adee2700a98dd,85c3bb310cb9c2f7bfeb0bbf6e64ef78,48005,alagoinhas,BA
6cd5d0756a78f12906fca5cbfb51d64e,3308bce732b62d0e3b76c8fc53efd107,11533,cubatao,SP
6ce21a80311ab8b07f36944962b01681,d1c191b64557c7c27229ac1bc45c2507,81260,curitiba,PR
6d18a9e76b7b95ff185b3ac7849f81e6,969cab75f6090ab67fbea22a55e1c63b,29199,aracruz,ES
6d1b839adf629f558b435f4a4f3f83a3,cbb05fd914ebbac1d925e9740c2e797a,16400,lins,SP
6d1c28c90a63f277029f47c7db8eddd3,c22346e8bd3e9b8ec254efa84289caa6,74255,goiania,GO
6d3daf88dad3c59f48f9ec367fc43a78,7d23ca9b9d5f41298ec3ccbb2ff637d8,74810,goiania,GO
6d4b01823fdaba3e45b7d933041a8579,1d514d88794bb46123db575f387bf739,26535,nilopolis,RJ
6d51e47d2de21f745835c676f497423f,6f3ca89330837b46001199053466d4e5,14090,ribeirao preto,SP
6d5a5dfa222fc57375d506ceda90a1a9,9136824b93a61edb5228aad2f8595dc0,06330,carapicuiba,SP
6d699e3ab0fd90fffb3d1379d937de77,0b3dc7efaafb0cf78a4796d42fa8d74c,22410,rio de janeiro,RJ
6d71a473407ed039ee5d203ac45ef151,55b910cdb9ce8c7db734245dd4f0ecfc,01526,sao paulo,SP
6d71caed01ef04dc1f137440a60c1a47,22c31e2da26496380778b5052bd4623b,94820,alvorada,RS
6d7c040dec6d2f6da6a63929bdec436d,02e8a66528e84b3ca6150d9b1e03a26f,22031,rio de janeiro,RJ
6d84c78837539026e77a20b3105ec4d2,fe7d9f762e10ad2a548a6484f8b5c3ac,88230,canelinha,SC
6d911daa38cfeec4a1151bbd94910101,b7365f8cf460918200ef5b03a8c20ff6,75800,jatai,GO
6d945e9e51360c1302f74078612a5baf,5bab840329da6c9d509aa1dd14e69c18,66095,belem,PA
6d9ef37528ae275f2b37f5796c8784f0,3e472e2d60f12c183ead97b03b0e8963,04777,sao paulo,SP
6da5ec0d3eb50c441e521842eb1f1fe2,0e912551af091397cb5e3bf986a7f507,75870,cachoeira alta,GO
6dc3ca63b413933ab4fd6581377a9a7b,22e0fc8130c88be1e1fb7b144191654b,12942,atibaia,SP
6dd021e2ed02996bfd716d7bd5372a67,f71ada981403cb12be7003395a258a2f,46430,guanambi,BA
6dd39ae1549359ab24a5110b54452360,c237c66fa20c6bb05c90ac56fdd95173,20271,rio de janeiro,RJ
6dd9d52bcd45ecf2d32dffe59591a3ac,b2248f4ec8bf79ef88293657c4742b54,22241,rio de janeiro,RJ
6ddb8747bdcad87a91ea5ce5c0c79a42,9192e3c1a19dff9d0fd083d2d1a08398,97010,santa maria,RS
6ddfe4644d853bff46e25a5736bef934,d425c9eb7081fa17e877704d5bdb34b5,04949,sao paulo,SP
6de6afd678709a0576958f186be099a6,ddbdedb6b22d4e6743755970c5d221ba,09812,sao bernardo do campo,SP
6dee66a764300a20244d9cf65bd47268,445929ecbbdda5bc15b0283394bac0f4,07124,guarulhos,SP
6e18192d5c8f68aa7318bf300a0cac8b,7ccf66a9802ab7edf4361d8b6adead71,59152,parnamirim,RN
6e1eb843e528f1137837efbcd26f3c16,d68e2d905dbf51739bd0eadb951a812d,89340,itaiopolis,SC
6e1f1a05297f39ca54b3949e68c9a0a6,81ec83db6df37d3fb8dea9143e1688a8,22231,rio de janeiro,RJ
6e34e7ad19aa3c59753c0ac91ccb34d9,cab43f9f2e44d7ca1068a68a92846769,12460,campos do jordao,SP
6e3adf567210b700ceb44c9c59562751,cbe8c09868e52470726ed1c9cc985873,04077,sao paulo,SP
6e438314a83b16bf069789bea2ce4596,5774bddb63ba355a6b8a7d232a0b4d3f,23059,rio de janeiro,RJ
6e487c18c49fbce6f7cabc4b4565e156,ed1b93b5f34254686f7765a2af95a6f8,28905,cabo frio,RJ
6e62287af5611e444bfec7acf45c8476,e9ffbd035ad1dac5ff0204abb377b73f,52020,recife,PE
6e63adb48a6871ebb6a58539ed62a3d8,be3d96c7ca89c166435cc3c297174679,11040,santos,SP
6e6943d8c4822ead782b17d532e6ee63,2302114645331312215fffbe07aab78a,06060,osasco,SP
6e9f7d9e943f9c0bdea278d9d7a1c9b9,abfe742e782fb10f5c824fcb849e5cd1,18071,sorocaba,SP
6ea7da4ec82f5312d79d3b27608478bc,fcab9346a63e15349572e6f396f8b213,76340,carmo do rio verde,GO
6ec28820c95f4830ffd681df551a2531,8ba4b4147b472a8a735f14033e418518,22461,rio de janeiro,RJ
6ec6484eddf235f3a0e07223fbdf2d4e,13bf0b4120921402dff563cda4383ff6,21320,rio de janeiro,RJ
6ecaeda783d8f431098652d8790f8fe3,c03655414d78fc179eeb3c1dfeba84df,09400,ribeirao pires,SP
6ed4bc068468ce67d11a938a9f6691de,3a100431b41b505a8de0150f93a71198,92425,canoas,RS
6ed78cba5e474a9a429c802ff901218c,448edc09db89e6e1d1f4a44bcee690a4,28960,iguaba grande,RJ
6ee2680b4ac6f001ada0350a7960b853,462483c5762cc99a7c728dc2cfb8aaf6,72631,brasilia,DF
6ef189a5fb5fd30cda5d5e7aa2f96e4f,d24aff1ad0f3ca3e1a859f7ab3134f2b,12210,sao jose dos campos,SP
6efe2f2c813379b610f5cd26e99ce0ff,87b3f231705783eb2217e25851c0a45d,36016,juiz de fora,MG
6f014635454b0038028f5228e69f50ed,36004a09bdcaef55d21f136661aafa86,60346,fortaleza,CE
6f059b74889de64d5460dd3165feb0a0,49361d2f6bb07c3029d82b4b8eed0902,38400,uberlandia,MG
6f14f695ca74216d7fde73802de93bdd,fb1e7fa3fb11059dc34a2368ce867219,26135,belford roxo,RJ
6f184d7d532e2a9a95836af25a732594,dc96b0906ea35d3777641bea563e4fa0,29170,serra,ES
6f299b8ed3366569b07fdff803f6f691,8ab502d94ca877a0b923884b584bc314,66640,belem,PA
6f352988122e277e645d36a012e66bcb,5717c3a742c0df7192fd1e1016e28bf6,05187,sao paulo,SP
6f47b7699f8a027611922b02d6078f91,2f7040ff8e20664c0856a138a97eecce,14940,ibitinga,SP
6f62577ec274bf21119f355851160753,94c62f4d0c18ebca73aad98f17dc7e20,06714,cotia,SP
6f66591b4efe7a98a0886c99fb778133,49d602890c664bcee124fa70e94d9fb1,13036,campinas,SP
6f7135b7c84d9b96feb393ee3052000e,65fd90c29a130b003fc3443d1cc904ee,11035,santos,SP
6f7e05f9beee9d934ffcf02bb309d52a,6217b475b3457f5b2c33a4d43c332e54,11446,guaruja,SP
6f92779347724b67e44e3224f3b4cffd,bf4862777db128507e9efcc789215e9b,18130,sao roque,SP
6f96ce3e9b2e07af1f4130650d3e2c2f,66b7b6bd73cd3b4083942859d6554041,24060,niteroi,RJ
6f97c50773c310a9c35d8897b6083e87,d29375f49ed5779772a9f78e90874c89,09423,ribeirao pires,SP
6f989332712d3222b6571b1cf5b835ce,61db744d2f835035a5625b59350c6b63,90040,porto alegre,RS
6fa7a221fb6f0690ff40df40ceb7c786,0b8ed32525608a907c7331b613b5b67e,03634,sao paulo,SP
6fd1799158e0e89e413a22b93a94d6eb,4909fc632891548ff0c209de1e3c51cf,65054,sao luis,MA
6fd3619d8a965e95354f90d106e9c08c,32ec51f58d2fb4935045b694a5685db4,11611,sao sebastiao,SP
6fda5c34bf092616b341cde52d2884f8,a110a3eaaec5a03917b96c452c705efb,09210,santo andre,SP
6fe9ae6b3e2e3ee18fddcfe17f29b226,3fc19a1a15d5d29c01c2f687bd497d00,04875,sao paulo,SP
6feabe0db8240093bf5e96f20c146b23,8d51d2b9d0a371455e0d3bfb473a6d1e,28625,nova friburgo,RJ
6fec7996bbc8eeb913f3b92a79fd33f8,38da585fa717b63ca1ab0f5e7c06a975,97511,uruguaiana,RS
6ff4159cf99d5fc64932c54abd985c70,9486697e12404e5018b63c72883e9500,35040,governador valadares,MG
6fffa27cfddc888045cce01bcc62e2dc,5733ed5885d0b0f2f3bcb9b6e830c7a7,46640,ituacu,BA
700445aab496515da3f6d78df2b11968,ea12a6e8c38e284ceda373687b896916,32920,sao joaquim de bicas,MG
700dcf47b977b4bd8158e7e8b9bd5e1f,3e7688aca4163064b392dba8b3184807,08775,mogi das cruzes,SP
70104960c292faf07d86774cc3047cd7,6e4a6429fdeef11c61fd0d209a10874b,13568,sao carlos,SP
7024b77e0f63bfa361f87eb7e4d21b51,d0a9421d1143535e463a15d18fcddf90,17207,jau,SP
702e844f1c2e77ce0d9cb9211c7c19e4,d130666a33d3681209c5c752fe56ee10,86804,apucarana,PR
70375b292bed960b4a36f9e164b830fc,dbe76d05d62c31d6230f68258dd1cdc3,11015,santos,SP
70685ed2b54ea53d14b41a1e7c57b06d,81886a904fd1466adf8129fc130982af,17013,bauru,SP
706cb4fa45140c2466f192e6d449f656,00651d97d964127ccfc0e2e55464876d,13042,campinas,SP
7074b20d7eb3f9f5772cd7cb57943fdf,7907a8922cbf4d1a8e69be57757e2812,05894,sao paulo,SP
707e682806e50fd20054a9e82e6f51aa,1586b8b45ab67e0abbd734e348672853,03513,sao paulo,SP
70856b1e2541638130dd5073344401a1,0f0894fa9e80292ffa49f9ab99093318,90430,porto alegre,RS
708e93cac3d323459af22061a0556f26,24778d486978a0cc32ba430ded33ff1e,65980,carolina,MA
709149b32638dbe23f758382c325536d,4c11b2afb93173f9689f48c685739e0a,94085,gravatai,RS
709a792eb53d3045dc9dadb19fa403a5,2e65fa6556bc340335534ea848f385ff,88701,tubarao,SC
70a4565a0e2423f8bd3ba63125c901d1,a991e97aea32cb2adefcb9d34968c97b,04563,sao paulo,SP
70a6c2f433d5e8ea6e042c06e0589a5c,d7c529d4135803d474f7704f9b93a5f8,82900,curitiba,PR
70b6f7d1c71cb3a1449da5a4fe5a8d02,867bd5d847441c4437493b52f60cca6f,21750,rio de janeiro,RJ
70bbc573466c79e7052d08317e650d97,42669722f592114360451dba9cfb6f49,51020,recife,PE
70c464461bb3e1353832e03d6902f69e,fd3c0bd514d77ba732e0a8f33f23daf3,26135,belford roxo,RJ
70f6d4250ddb2f73a361c100195addfc,6268d0ef45b7e7e7481dab5a7a0cc0b6,27998,carapebus,RJ
70fbbcd5673a81a5827edcbb5d3f2e59,9ba69e0a247c5bd5fd3fc66900939782,13451,santa barbara d'oeste,SP
70ff28da691fcd6722d037a4eeee3bd6,610c5bce475cd21b4571e521219e89f0,60160,fortaleza,CE
7106e4be1d24f336fcfabff97f4f54b5,f9125a5120138b7678335b6aa9d828a8,14887,jaboticabal,SP
71240d22dc6a214da602809d7040ae16,dec9372a4d84a9dde9c64e723669a6ff,38045,uberaba,MG
71260026dca3e9d25f5b9bbace4bef6c,bc85d6e28aaec2615484eab2db457bde,02013,sao paulo,SP
712b52e705d92710be1e8fd8f1400c86,49d78969133ceb9c2af7fef74bcfabce,86010,londrina,PR
71335cf87387f20fd2819230310c6add,0f06bc7e3909f7f41618ed3483f1e8a3,60834,fortaleza,CE
7134e6843b1a3ab1d7f13fd79713337e,ed3d6c253db48606ba5d7db9738583c8,37031,varginha,MG
713cb52d254747e94d0f843a2b552057,fc5f419c39af3dfa32edecf16207a41b,36790,mirai,MG
714e71bea93777c3bc2580bcacbf68f6,af02f43afe4b521bb25d72a0872afeca,74823,goiania,GO
71549f745b1fd8c7d538c09e284094ab,90ec0a8d2609ed45405891f011004a8f,88345,camboriu,SC
715d3b0fa859b738afff1463a14395bc,3c084b2007d6efc5db0eb0ab4bbf4a92,21331,rio de janeiro,RJ
7170c802ec75e5fcb3792110e68ab323,00e2972a013072289c3e86cfc2b9e38d,71741,brasilia,DF
717745a08d23a23e66d92be837d3719a,b5cbb082f005ef8136d2b17f85fbbda8,01325,sao paulo,SP
7183e78211dd520b9a9d1ed9aa888b35,ad9c44143d6e4a1f5ddafb06f0330c90,04677,sao paulo,SP
7186629c8f63f25677899ab5350688c2,bd17a745be96285f2460e659b7111c73,03605,sao paulo,SP
71aaca101e760b339740798f91ff6283,0a078c08f87004c7e8011959046146b0,02269,sao paulo,SP
71bd8523dd55e7b5228f2564fbcbc5ea,e9f3a93637f1e7461a13032d6ad84661,06286,osasco,SP
71ca5688e1e8f466f488a7d948b29511,da811d2ee12af03f478dbdb51c24b94d,53260,olinda,PE
71d0aa2c2ddf9293f7a1855c366ec21e,4377c22228de511d013c6a7560d58a2d,84070,ponta grossa,PR
71f8cd490677ee95362201588c0eaff4,7329425efe29caeb8c292b725579bd50,04617,sao paulo,SP
7202f447b2ce41c395dffa31dfbe4351,ae58e00a7d46b5ecea59c3d61fbab7fc,12942,atibaia,SP
72121723bc54405da6fd53fda50dac24,5b930155d89c36a3961cb875cf8ecf35,05819,sao paulo,SP
722014e4b4beb1e103b28f711a906d36,34170ebf706ad24701b17511f61db9c3,07985,francisco morato,SP
7221af11f031fe8b9088683a30273cfc,e72ee53d1e985b90b87643008e86518a,18150,ibiuna,SP
7225c68afeaf2d5b575bd6d1aac6ba0c,5b28f0cd69d0937dc74f55858d12bcf1,66053,belem,PA
7226bc2965f2de8ec7b3b0c7336d3d6e,a461d248c9d84a2f36655938a18cd232,15997,matao,SP
723a9dbaa319e03aec1287b768125c53,0608b94dd7f1fdddbe1216c453dab7de,86200,ibipora,PR
725482e68df8d999924c84f62c9ee40e,d953a4604f4d7831f6d13a2268dccd9c,03944,sao paulo,SP
7257bce98eb576d93ad4df65a68fa124,f923b1574da0d99a5e27e7ad1de64cf9,46640,ituacu,BA
725de95aaf5722261b06d055a7b706e7,1df5e7f72744fe5915c190c93d92cb92,89460,canoinhas,SC
72683d2e19b1162853c8e8c853624a8e,8df6025e7e187171192472543413b77e,33943,ribeirao das neves,MG
7268d0d0a96aae2c0a19496f87fa9116,9d1203ca4ca5c0f27f737e9fefca219f,37004,varginha,MG
72794b76e6fca04ef17b06de430523f8,6543445f6e24093538efb783f4e630b7,36400,conselheiro lafaiete,MG
727a44c126da6596f5e19157fbe74652,4d9f081bc340386e11d4268eb01568a6,85660,dois vizinhos,PR
727ab4449f530b9af13f40fa8e528bff,e3fe811011101628e80a7953f1244c8d,83203,paranagua,PR
727ddec07f701bf58a5ea4692c4cbbff,ed3c685828145919f83c3df6209a57e9,25720,petropolis,RJ
728381d4672f3d3ad8854fd3674efd52,1151fbe784586f5c62d6669ec7c01089,09540,sao caetano do sul,SP
729862db9ace71f44613602b0bb1ff40,7254031d284f03352f779f6a00daf755,04726,sao paulo,SP
729bfe0a9c4c09edbff5510098c592b9,0888601c1fbdae1f6099d3c14cba9457,83060,sao jose dos pinhais,PR
72add8d7d9393b84c45f92196ff85f29,a0dd7cab6c49d17a18981782d25466da,04269,sao paulo,SP
72c990123f7cab26cd90a4e62025dd77,c97c1b94aeb3e7b8bc8bff24ba20a3f0,90550,porto alegre,RS
72d6ea9753dc6ff3c78520f034de713f,f5065f93ebdc3b7b680c3313b0c35999,04109,sao paulo,SP
72d886d5743156953f86d0b3fce515f9,ea49316c401c7f02e029bf312edacf41,18087,sorocaba,SP
72db172e77409b4cc768552a16548206,5d5adbd08f3898549b7a636ba275e717,59614,mossoro,RN
72e4611b4b2a30b1f1b1ae1ffc56431b,aaedf12224e003d5c349202461059c8b,52050,recife,PE
72f24bfed37917f0582eef35300edfce,8438fe2ac6000c86da26409ec7308dd7,79370,ladario,MS
73013cc9fa18f10267f2221fff4a936d,2119a2791dbe7153654dced771ce25e7,55660,bezerros,PE
730325254d70acdb14dd00de0e81eb52,4f27b1391a5ddc01d9cc7389ad36f8ea,90035,porto alegre,RS
7316ca0328f81d20642460af9f1a1670,2c6e340d1ba611782551f822ab3cea53,14095,ribeirao preto,SP
7330b2142fc963806f7ac2f27fab4e42,21de770aa4f3a60388b97b416ad38343,88101,sao jose,SC
7332c320bdb473f6e765fee364de7da2,c689aae648069dcd1be7613631ba6a28,35900,itabira,MG
733ec8547bf0e1fca5ff8c6ab2a7a5c3,9ea564f5503fe30c80129f57f8376483,37505,itajuba,MG
734f7b3685cc131dd8f6843e53321d91,1d08ccbcc1879346028fcb1d639a9e37,87303,campo mourao,PR
73522d9ec5b4e4b71550fc64f77cfa27,4d402e51f4e8a128657c7ac78b59bfb2,39560,salinas,MG
73588b1cddca4f8bd453b8588f400d90,61e55a4c5ac0890968648505e89a0dd5,11040,santos,SP
735d56579112c3d18725357404ca2d54,25a9d6db808f7c55cdd544ef254b1f2d,05734,sao paulo,SP
73681df190083ea166315c4a23598f83,82ec763d83cad4dec1939f5168f10b77,30220,belo horizonte,MG
738071368b2af5dbdf5c7b487426cf02,918d4b7f27fa3b36b2eb95e7faafa737,05727,sao paulo,SP
7388c946a76eef51eb68a9b11bd84efc,bce006e903be688f122a39f45b210090,91760,porto alegre,RS
739ee2d2d5960609ad780937fd9fa282,24b16fd291f86990f883f1e9fa655bf9,89888,caibi,SC
73c06209128aca5114406d84b9d9e3eb,d2d3ed262b31f2bb50932fd0b1ab5df7,73025,brasilia,DF
73c5b90f781d271fe81aad2a4f3fdb09,88fa5cefa0ddcf019e8c75e50ae0c703,12282,cacapava,SP
73dec2f09bd7eb27d94454620a6933d2,04b82d7b6bea9cde35c9934ea1949c34,09280,santo andre,SP
73f19019441231f1035041265b3a8b0c,1581a918a58a11d99c69f86d9c0d2098,46100,brumado,BA
73f9c3111d3b1c20bfb20e0e14fc95ba,2b9bd15bf8e54b231c518790c55e5f92,22431,rio de janeiro,RJ
7400c32a9fb8f4924175bba5cf10e030,5759af06a0cbecbd1787b47c5a615543,30315,belo horizonte,MG
7406e4858971dc21ef50a576de8cebb3,28d0fda43c68918a320277a655dc8130,13468,americana,SP
740e06c12b353bf626bb94ed662eb0ae,d281a3f4cc40d2ee797e5d59d5c85197,13603,araras,SP
740fc4d00dc70b82415979d52f127b2a,e49dc4d7ea24eeec6acfeeb3a078e46c,74650,goiania,GO
741775b7ac1b255bb101811981b5a569,9b3b1250fb6c3987a2327cd72e8954d3,41213,salvador,BA
74179773f1f31f3af11c3b3b065115f1,78d665ab97fb0bfd754a20a48476c4e7,28630,nova friburgo,RJ
744472d5342f14d99da7aac037d88721,2651a8c53300ca8a4eb04de1ae64ea93,20910,rio de janeiro,RJ
744d7d775d60a6152affb2f46976ef2a,038000a92d070ecf4f4212b804b2844c,15025,sao jose do rio preto,SP
7454f64a4378ab4a3aacafdef6a1feeb,c400a61d8b936f7d10930fc142a39407,19015,presidente prudente,SP
7460b4fda02ae69978ff6b5d7d5afd6d,6ceec19dbdd6f7f1a2ad55bb4317392f,28470,santo antonio de padua,RJ
746ae9c9d515e99019d25a6ddfaf1ccc,5e9c992c76731f8e4c011d21de309510,39400,montes claros,MG
74748a33b4214cb9d8fa8919641e76b3,05560137b6d40e9d06bb246a71cf559d,18200,itapetininga,SP
747ac70e4caa61315026312e740a1346,b0c349820985b658bd337d5e317e7e84,13460,nova odessa,SP
7486e979006d7e8197f5d0fdebcd62de,1af07d283f70a0deb43449ce5f1b367c,20540,rio de janeiro,RJ
748e48c353e795b7303618bf785991bb,3b9e02f3344d4d5f94465f05f296210f,14955,borborema,SP
749ba37e1c007d00f214dc51dec300e0,3c3a8cbb2907d3f5e9a3ff071851c271,16500,cafelandia,SP
74b11dc07b7ada632fec73288a416ad0,f25419f3953d5414f74d913e4c1897f7,13073,campinas,SP
74b3e52242a168f2146e40d41f3f0399,438f2fe3d586268c20da486ccaf6eea2,13450,santa barbara d'oeste,SP
74bd86ec34be047727c52fdc45c9447b,090b0facc5a4b9fc9e0f5820ea9bbdfd,20261,rio de janeiro,RJ
74bff367924485ad26b79d31e5623874,87a9e1b0c91f8e66fdfe708a5a40942a,60175,fortaleza,CE
74d9abd6a35eb64311c49aa052e32f92,42cc1559fd951404d8b26d4109d7e5eb,13040,campinas,SP
74fa648446ac066d771e173625e86722,ddf0c995e1c2b2be119f15512d8f28b7,76720,araguapaz,GO
74faf188f41edcb655352b171ee6daf8,446a51a343de5cbfe57d3b3c5318d2e4,13480,limeira,SP
74fd1de60f458a07ceaded11a698fbc3,fbbe4bf6e345dee467d3b36a89f04cfc,03258,sao paulo,SP
750ff04084edf735dbe15e7765795ce9,d2f2f9c150ecab358a53100f4b13f7cf,03471,sao paulo,SP
752e6b5b69b420a430beecc48889a67d,c63be5026fe913c4ab8f75cb3ba887ed,35701,sete lagoas,MG
75306b74ca7ebe07b42a7e1eec7eca79,6ac62b3b82e135386057da83c9ff44b3,95560,torres,RS
753bc7d1b2d50787c5b275751d89dc52,279856ee4305e463a7969d1ad13f657c,05409,sao paulo,SP
754cdf5cddcedbe257b8fbea2cc1ae03,2d36e9b1be383c10ed0eeaaf60f5fe46,05347,sao paulo,SP
755988ebb76548960b6b01086b89b4ff,0caffe48b942ab5e77dcc1a7494e56f2,22010,rio de janeiro,RJ
7569ca3fd4cac49c36300b217d638628,73782acd986b766778b686b42441bf0e,20271,rio de janeiro,RJ
756f996447639ab93df564474cd24124,e463c284db8630df4b805240944d39d1,47800,barreiras,BA
757278049297402a04deede8bd3816e4,8b35a688fab3b4461f46f167d3be5631,07174,guarulhos,SP
758f0c7c33755ee08645b2c472640d2e,e5e2698d69db1201c1084f1cdae68239,64027,teresina,PI
75a392a3473036889864df63812e830f,a1f24259f50aa458eac45c8db044550f,08220,sao paulo,SP
75ab1671ae03662536b06efb3762bde3,4face3fe4f09cc69b002e9ae32dfcc2e,01549,sao paulo,SP
75c610c81bc7d8a4d8f1629725bfb2db,55b488a273c6ec9ca293736e9a69d0b3,18045,sorocaba,SP
75cd35c0927c7331c98da835c8718baa,ba5b2d7207ce8a884b2fe3d4c1ba872f,63475,jaguaribe,CE
75dbcfb7a44bcf1199a9232679b45b10,001a3a8e11d76c9a366c31a4aa2cc529,90840,porto alegre,RS
75e3cf403d99b8a2b69d4ab37967d508,99b2b3d13b782039cdc4230380fa6c07,30120,belo horizonte,MG
75e8f990b9e289013b1d092614b52487,2bf93b9956e26356b52f5d426c7801de,03275,sao paulo,SP
75ed40e82dfc05de3c82d79a73f4b48e,9eb6958dbab7b4136d22e411cfa8ff03,35160,ipatinga,MG
75ee0650971825f22d0a2fabf3e73b50,d8950b0f72f91086edd365438bcca968,02757,sao paulo,SP
75f8bfd4c8226d4a6aa6540765acfe36,883519b597f8b066ec374a583020430c,78043,cuiaba,MT
75f9eea27d95bc07faedf009cd8cd7b6,07ba909584e0943e17023c983d4753d0,75650,morrinhos,GO
75fd774bdd2f8bec27d4bfe8fc305b32,5c9e86e665b5bb0dc1da4295206c8cb7,29101,vila velha,ES
7611a01c864ad64ae6fc27f18713df09,f11d095131c897ec597016b61eb5d7ed,13013,campinas,SP
7613a58283d100e4da203bbcfa57fbac,377cbe356d0e8c3b8a378114ce2e1271,30850,belo horizonte,MG
76190209cd924a1054418c59c03c16c8,2ab5229d22ea8cbabcbf53b0e36611e1,18900,santa cruz do rio pardo,SP
762de17a4530e0d81d11141138505c4a,ea1911ed62148970629c4b0824f9061a,88309,itajai,SC
764aae7da5503356d7ee0f4a4769080c,387ad0eaf2f2ce4c34229a5045e1e8ff,04438,sao paulo,SP
765c00b61706e22bee156446e592a050,00f7a39823c05d6a0675aa6dd276bfb0,03658,sao paulo,SP
765d7dac76cbe78e1a04508c91065454,6d73e7efd1131276b3692f0adeed6ac9,15900,taquaritinga,SP
765ef56011ea5e00560e540cc9b610d8,eab31410145aaa32a73d144f3e0d0f27,33130,santa luzia,MG
767cbcbb777197d1d5a3b19c3eed2d2d,258d4b35e2ad0a1677215c1f033fe407,04904,sao paulo,SP
7680688f55ee8206975809c9ff59b046,c3759a19c9f1e09dfeb8806d386995f0,30620,belo horizonte,MG
7683dfaaadfb136aec1a583e782ec5f3,3ae57fc5d1525ba56a4010e1730039a7,96160,capao do leao,RS
76a146f8bb1d0643b3f0e58b71a241d4,5846d63d73cd216ae207cb8697e91c64,18703,avare,SP
76a2c465801a86857ade2a8da9852345,ee5beb3f3fa2de43e24d813975d5541e,25561,sao joao de meriti,RJ
76ae44a2f3c28dfc27053d42ca2ff80b,4a7d68bbd6a3dd813da420ab290520cf,06858,itapecerica da serra,SP
76cbb2f50d9907cf49c5fd75d7ab80a6,518e573d63cb0cfe30f910c25b28305f,35300,caratinga,MG
76cd5adbe1b612250ad5ea8881a75cdc,7b22779f6d27e3f851c29ce6601ba748,22261,rio de janeiro,RJ
76f4fa4aa87fa89b2ef1e17b86b425f9,0f55cb62c5f93202d6b6abf23421dc16,85803,cascavel,PR
7717c618c3c9402f7a090c3848e1f8ed,f3c4042c1c002eebcdb7a49ce06feb3f,25905,mage,RJ
7724757cff7bca2013491936a3b09344,4ca78f24f5fe67f9eb760373d100f78a,24360,niteroi,RJ
773955295ef286f5d3b8fca9caa6bd9e,ecbe56980cf3f7bf82ab25bd23afeac5,90470,porto alegre,RS
7747be8246865477bfefa139eb888de3,2dd33269ef4cd004e2d2536fee365b56,44055,feira de santana,BA
77536d8531c68bbe0e3c699c084c09fe,5e85d75d3e3df197f08b89a2cbaad54b,31615,belo horizonte,MG
7763b62148e46d4c396f80e4f589930c,7ea3dc64a652d699ace3048e904c561b,35590,lagoa da prata,MG
7784b523efa600a47de73bd1e9f7f022,6ec09595e0817c04ed4844f143251a69,25035,duque de caxias,RJ
779d21ed2ce4df992fb2e25d394dacf3,b976c741872bb53d918b8a4cd1b1a2d5,13201,jundiai,SP
77a0678c369e67b6a44651440e613ca8,a96888bea5fba629cd0a753d8b0e952f,21675,rio de janeiro,RJ
77a0b2c7a3ad71cf37e7e006c8cf2d24,638fec0eca83b93aa7c686b2933e69f7,20240,rio de janeiro,RJ
77ab6ec3ef988005ffe95743990808ee,0db407af8c82bff70bd4c566345ffd88,37200,lavras,MG
77abfb6aeb8006c4ae021f20ad8ad3cd,fd45f225d5bbef5400d9c080788feeb2,06851,itapecerica da serra,SP
77b1e04f28c1b933de6f83af34806288,4c1d54f69e57a7999f21f2af9c6a247a,02075,sao paulo,SP
77bb44ceacfc4f07d131076952bb2177,0b675081eb2c2a10728cebd84717bef6,13874,sao joao da boa vista,SP
77bce260449122691b84b3e00e6a3b2e,f0f12ce1f15522666777aa182ae848cd,09185,santo andre,SP
77c2c6ca2faadc2662dda8c0b92db8cf,32fd74a6ebd7c8c2eea24cee455d4cd3,11432,guaruja,SP
77d2c30e1dff5d4440ec316f8a2ef2a2,8bb58575ed9d6156e20aa9ddf05491df,83045,sao jose dos pinhais,PR
77ed46145075364809e072ff0cb625dc,dc011171327975b1279ca5bc4340e9ad,95720,garibaldi,RS
77f30174b3db9880a8a868926892545d,c21b919e97346078646722f34ec6daf7,71676,brasilia,DF
77f7fce090bc5794f0cabfac948b34c8,670286c3dbfe9a5518aa71f374f3fc29,16308,penapolis,SP
77fe80ba95f07692a4b59c0360d2331f,39edb663209693c0c5490d8500fbe307,38055,uberaba,MG
7808689ebbb205dfe2aab1d6b8dcf0d4,0fe889940c2e62512282de063f79b521,01510,sao paulo,SP
780b36c3e066c0251df695c5ce83994e,4e1567240be3d719ba5c79afed039693,01534,sao paulo,SP
7824401066ed05d75024827848680f14,dc5c27a2fadcf512851a328cc0d2594b,13181,sumare,SP
7838d18f32fd8c01bf0712b588663c16,4f565e623a2b39b6b3d36aa1678f9e92,16072,aracatuba,SP
784210ee365c635556aeb69e14e072fc,8fedeab003cb5fbd2bb599ccb940c49d,69309,boa vista,RR
784ea06d707eeb460893a573fa879dc2,5224b7a19a39296f9ac2a9b492d08290,27332,barra mansa,RJ
784fd050a4f5ccc4f971ce1e3c97276b,482c0bfffdb1e74925d1e015ea2642f7,02836,sao paulo,SP
785f931e1fbc5a6c01782f59d9a2fe42,b2cdf76962cdd5c1c1534af71e82ebeb,69919,rio branco,AC
7883870fe70828d5e0ec335429a06b0c,cd29a12256a837bd7b9fc4333377dc90,48850,itiuba,BA
789f50c05b37177c61cdaa0a4b2777a9,649433cccdbea17f1d02a30bc8ba8673,57150,pilar,AL
78b2079d05ef3c868c4737043f33e6bf,9e055296996902ac9c30c8803d9a62f7,05509,sao paulo,SP
78d427634ec98904f8cace487db29329,f8663f86a3c70a3707bb032e51c56f31,50110,recife,PE
78eacafc24b06e4493afeba7c0b32f57,29117ee653ef9e0288e69f930eba308d,66833,belem,PA
78f47f58b2b6a086cf8c8fa4656bb3d9,63ee31884a3ab3a49becde3f72b937e4,89245,araquari,SC
79293a3bfb63be93571d2184d168d40c,f517732fa95763b9b12df25167de632d,79108,campo grande,MS
792a25de8cf6773efd37ddced5f8dbc9,b92f5d1993438887dea8aac081e3a0f5,22795,rio de janeiro,RJ
79464312f42f788e5138a105761846e4,9c2a307ef736d198761e14a0372292ce,11610,sao sebastiao,SP
7955dc8ce73a68fe390f4e5c54e855ba,03dcb7b1479590ad3188549f8ebfa66e,99713,erechim,RS
796180b64dc72ccf2cf97022e18436a1,b6b22878b5c49dad8167be8ff764a35a,99900,getulio vargas,RS
796790170a4dcafd7af4dc575f28aa73,2ad86ffb0cc867d8287247aae28cccec,03515,sao paulo,SP
79a4b9f824dbec2f1a4a832b48b9ba24,23160a1a837a73b3fc048f8d37da60dc,39827,pote,MG
79b1044d5432d0a7bce1cc735c8b68a1,143bcfdcb1b8b6c3be1aeff46c96bf6e,06823,embu das artes,SP
79bb740237c04c4a93ec282b659952be,c83ef37742fa65a01b9a38ce81b0eba5,14055,ribeirao preto,SP
79bcc2daa707ab5534f2dde14f6491d0,27ef96372042804a66039f87fcb7aa92,04829,sao paulo,SP
79c1ae1c3d1a81c10781ecf7d7ef1720,82af14f8016b232e088146dc208b60af,37502,itajuba,MG
79cfcbd00dfce1c4e9208032ab7aab15,acaf5177d6de60fda7ce77c48abb5230,08674,suzano,SP
79cfdb8249a19f4294a99bce2fc9b2a8,40d401516e918ca4302066d474b6ddd4,38770,joao pinheiro,MG
79d0540451c56f00f1d0d34f131d4a22,6923204be0531deec064abd1c225b96c,11320,sao vicente,SP
79d8872425bf0cea7e133d08e0e45f1a,580ab375a0b236bb0ceb400abb2e0a63,31270,belo horizonte,MG
79e473268654510e76eaabc30b1b0c2c,70f5d483eefe51368b9e4a4e31a4c2e6,06626,jandira,SP
79eb118c0512b47d7211588880f00c25,d9a85a7091edb8c6ec149d7942f52a7f,01544,sao paulo,SP
79fb28ad325a5e9f1d462bf813c5b2b6,448a08f89d68ef86ba584b5a4525c299,35057,governador valadares,MG
7a1559fef97a80249f1a88e23b0155be,c53efd7066418285996351ab44147126,28911,cabo frio,RJ
7a1a51cc44b9a60d0b751d3ae26a07d4,6537b7fadc28b640b12d156d4f299618,04521,sao paulo,SP
7a1a96d4644f77c1498383ee348c490b,acdf151c13d2b00f6623ab42d918a8e2,33400,lagoa santa,MG
7a28ea6acd0c23ed1a4742b29d29682c,7e54f5b8ca481064e8976b65bfbe2f2d,13183,hortolandia,SP
7a542429a51807452d689223d25878d2,db424097d7f1a7bd8ea20afa765f0e05,74275,goiania,GO
7a5a0c6a8cd5efc18aad6c8f32ed373b,2eb076f662e507461c121a6243b690f8,02358,sao paulo,SP
7a5af48bab8a9cd08b729db964a4f8f3,5da6e0ea4957aadbca5906b6c6173a7e,49506,itabaiana,SE
7a60c49de204bb732d997d4382b7a0ec,4706721f3a6d9c24567ee139423d530a,13478,americana,SP
7a6ab733eec189ed393786b92d3e563a,e2b1e4fa29a5ba2fae58bf5f42bb793c,85010,guarapuava,PR
7a7155625ed41db5a24a123ca185d7e5,a9373644905413a2416136d4ef4b88a4,12050,taubate,SP
7a7c03568e29f4605e807a6d5344e72f,8f0e372d692abf6059d41a2fd3ae4e12,26225,nova iguacu,RJ
7a999a63fd38a91b7c1061ef82ec71f0,d7aea2b2d4d7ed200746d41776fbe9af,22745,rio de janeiro,RJ
7aa45f0da7dbc08f11d376d597b2403f,1291474366a550ebc251d9187e763d62,12213,sao jose dos campos,SP
7ab296b8b856811774b40ae28bd3f3a0,949be4f463287eccc7c9518691c27d3d,09090,santo andre,SP
7ac7119e5129f2698c539d6429ea624d,44635e4c305b4497a1e9b8d224149e31,97640,manoel viana,RS
7ac9b67de74b34e14f2b547a8eb818ae,90088beec1a52588bd1a2991b633b3c6,39915,mata verde,MG
7ac9fdf6d5f20b34e1a815487a49e9f7,7e36f08063c47bdb9aec711348a8ec57,37500,itajuba,MG
7ae53acddb48d2370fb26d3a244a0d6a,b2c5a0a208a7fec3a2c54e579a639878,06243,osasco,SP
7afbe2a19af0e783ebc30e16983924ed,03e0b6f13c0a3b1e365a78c3745c5945,78740,rondonopolis,MT
7b03a0e21a0f9b1767525a1c62c1c8a2,a85745f48519cd7c1aab666146f1daaa,37950,sao sebastiao do paraiso,MG
7b07399a09c03f0e2f898eddc04cefb1,fbcf24291837ef48c4312e2a5ac6c4bc,05041,sao paulo,SP
7b1e954a8fc9cef169c7cd89297c94a8,6e96c18528a8cec8ab82a7c3e33ac678,01049,sao paulo,SP
7b2a178190dfc4efadeccb75fc833074,d05f3f809c89f1a915e8f534452b5c95,85660,dois vizinhos,PR
7b39440a3ecc618d351ac8eec46f8ca7,119c4cdd7bb2acaafa544b7eb1e677c5,84500,irati,PR
7b473d4b33fa91ab7671f794ce54194b,caa1dee6e3e85ee1003cb6d78ffc38af,14610,ipua,SP
7b9c3a194ea44dca8cbf2148b8185ed5,0bcdf709d5d3462205328abe5387c5b8,14890,jaboticabal,SP
7badbcce7da90b7920997ddbac3187b5,ecac07aedaa3221150cc28e6fa2e99db,25935,mage,RJ
7bb3c8543858843a15bcb87b0926e0dc,4f6eb3ed7e15c93c03dd46af4299801c,89036,blumenau,SC
7bb4c430369ff8912aa785b2c4bfb20f,4eda428a9ac244556096982b960224a2,04553,sao paulo,SP
7bb71c78bfdc5d8a82c1b6866956daf7,424f29ff12eedc934f6bc9c90c449aec,42738,lauro de freitas,BA
7bda7c209abee2dc689491a15dcce710,b197f4af65829575f2f333bd0e9fd204,55291,garanhuns,PE
7bdbd04e0b6901d833166006ec5d7797,f3a02cb603356fb5d28f321074c6a58b,13343,indaiatuba,SP
7bddfca0e860e120fd4ef769c449ddd4,8645ccc7b497ab21a2bbeed062b45f93,06663,itapevi,SP
7bea1627c3e438f1cf401aa2c53fea2d,c78c4f7a23f66b0947b270b656bd98ab,30520,belo horizonte,MG
7bef7029294fbc8e10a9bc2bfed3c0c9,edc4c18315eebc0b2d9b049add18fbb6,04025,sao paulo,SP
7bfd6f2f9f7602552eec22e3517699ac,936034f35cc3c68cc9d2b8e0830649f4,79150,maracaju,MS
7bff96d37d8c7bf818e55b9d72a1b204,b83b8ef747f88daca292479d4f23235b,29375,venda nova do imigrante,ES
7c029959cc691fbe5dba3ce8eee98d14,7582c4e0a81c88f5ea0ead98b083b876,13840,mogi-guacu,SP
7c06711473bf4fef27ea11d9f5719158,fb6fb9d0e2c0e57e35db552606a2e7e8,13251,itatiba,SP
7c1280fec3db2b7f7a48f4f82f543857,c910f6736e33cb30b5a36c2bee9b05e2,81925,curitiba,PR
7c16089b205d76e0e6c1b60525521316,4f30bdf1bb8d364f8e948642f2864386,02670,sao paulo,SP
7c26e6e9bb97ca9576d80b206f6d28ad,58f5a0b391493cf37a8c32956f14d6d1,72430,brasilia,DF
7c4b8e956f27bed90b8269e5a04ac6db,52cf485027691709f7b6124df189763e,14010,ribeirao preto,SP
7c548882bf83f9fbe5cb6131a81e0839,6993190a7c6a252ad0afb5128c8522a4,64880,eliseu martins,PI
7c551622beecf95bfb83f5dfb921191f,6c749436fe7ecef4596739d31d1d8e63,04671,sao paulo,SP
7c8f752ec24bb402191fb6cda46d2305,2a31a3b7124e88b7a191f2d87c549ffd,89070,blumenau,SC
7ca8e352c87e204812761e7dc7f8fa54,f3705cea51b431dfb87a53e0220b78fa,89211,joinville,SC
7cb24ad499c1e7e4b94d04ea1cd3ac81,42befda568ea0df110b6cec63c233bea,02801,sao paulo,SP
7cbbdf2a9fc0a4e31714983133e90dc7,f69186a6f7ba7aa02720d776c1ce6fb9,09450,rio grande da serra,SP
7cd47685658818a4cfa399c538af664a,f679cf9868547bc817ec73eaa0f4af6c,32285,contagem,MG
7cd727f4c16ab0b4ba4cfd760cee2316,16ef6c182ebc80545e8bd7f7216e5b8d,04660,sao paulo,SP
7cf9c49c88da7a1deb790fb3d2848c0b,3b6f5d22fb32e6ac2fbbb944b18cf1bb,22733,rio de janeiro,RJ
7d1fee2758dd8420cb44dc7f4fdec08f,ca65c81e7896c3011e21508f969035b2,63900,quixada,CE
7d27a8bce87ed5709757912115ec8afd,e3116b31524ff321402af12a6bd762e5,04925,sao paulo,SP
7d2ce17487f8378b620234f629e9f5d5,cc65d08fa1d799911f5237365ce38bcb,79822,dourados,MS
7d32094fa9c3a39dc91a3947cbef7a13,89b4bdf3c35096d8da5e0c3ee606e96d,77060,palmas,TO
7d359bcf9aef31f6554888f41559848c,4e1018039b1b082ea4ce45cc2abad09d,07809,franco da rocha,SP
7d498305b94fb1d7f3e26e6fce47e4cd,52498fe500c7493986b4f1d64603a093,78200,caceres,MT
7d4c5b3d468dc1b5f54f9926cc5a172d,65571628698194dbda526c22f5ed2317,20920,rio de janeiro,RJ
7d5e98a2e485f0735beee6e2d1c43e0e,01f2285f85a1c603eb7ef755ad311769,35162,ipatinga,MG
7d79f5b2624829ec42de13f0f661ac04,110c92b3ca77c35e4bcc1c42ae094af8,58980,ibiara,PB
7d8a2f9b1625dad7429434e7e9faccd7,b9a053d80d9706939e900b3d3661fb3f,13848,mogi-guacu,SP
7d8b23fa4fbd0c8c95d7e8da1c5e84ba,7277e91adac6d80bb4919493d0d361ad,72130,brasilia,DF
7d96202874e65d22c7793fb158ed8495,ad97668eed5826a5d800b15351bea269,03294,sao paulo,SP
7d9ae6a70b73e87d1be939278b1fa0e1,b9eff50e3da17e8f2b79bdf150ef5df7,23545,rio de janeiro,RJ
7d9d6c4d34962c84f0d06f33b5db1514,a43b5a68a77263c347ad270b635901be,03209,sao paulo,SP
7da8f545ceabcd24a5237ab53f763657,5a410e78b4053f22bdff2e82d86130ad,06080,osasco,SP
7dc2f6bec48604fdb13d3a250a92ce89,17ca2eca0f336000aed34ed08988256e,31812,belo horizonte,MG
7dc40753aea06d3bfa51f793fd839669,f598f55087d93f2fcd104cdeb565ddf3,11740,itanhaem,SP
7dc8706230ce123ade4d311a407eee19,9c2321f285920e72059a6e34aee64d06,13064,campinas,SP
7dcbe502ff17e2a150de35c16eaca314,c766b8b2b94113d48756f09481596ae0,03183,sao paulo,SP
7dcde5c8da2d7cd96e956c560e76a013,082e7aee329ca529ceaf14dfc020bf69,02210,sao paulo,SP
7dd3f149fa61749b2ab09030bbf59806,1a1ed6a9cf85a3bad2fcd24e9feb8048,29850,ecoporanga,ES
7df0b431d81325e82cfc663f2c43efef,0cd486dbca272abc9253e609b2052d1a,71680,brasilia,DF
7dfa5f2f758adf5d769a3941649e733e,bc3f3fac842dbb77e8fde0b3dfeceb8d,08461,sao paulo,SP
7e053f267559b1246ca157359e65a800,8039b3eb4692041e3e7a17a18dffdf84,05750,sao paulo,SP
7e0ccb80f03547847437a81f88b7e7ad,1c27234fb5b518b965a03cad960bde1f,18240,angatuba,SP
7e0e83d690e02b4ca1eeb1bb4386a304,d0813c57df04369487ff42ab24dd0ac7,73015,brasilia,DF
7e1485fc18aebbfb8dc5ec5008db0066,12be5c21c3dd91c968ba438dec8804e2,18530,tiete,SP
7e395b4bf53aea8c56b1213f1b801411,f7495a8d48d05ca657eb075b905a1b8b,07093,guarulhos,SP
7e4a91675986931608b18f4ade346efb,6469f99c1f9dfae7733b25662e7f1782,11065,santos,SP
7e4ac2b8cd4c3de8d85b2fc3367873bd,979fc5863464cc29d978e34da778c2f1,03008,sao paulo,SP
7e4b15f49a6df5d7cfff17fce8610367,8a7dbdbf6eeb386835be7ee745661739,22021,rio de janeiro,RJ
7e717f19f1be475d462d048552c7e0fe,25ee64833b4517bbd910f6f981859626,09683,sao bernardo do campo,SP
7e7631de70e8aab25d523be6c73d46dc,9425fbd65529ac1ba5f5e02bcfe60ac8,74533,goiania,GO
7e7f2883e880909409b7ce80db935258,0a3cffa08d09f9de9a7cec6c142cf378,29102,vila velha,ES
7e82568d445c615359d582ec7852d3b6,57714ca1784d22630b2a7b52627c4b94,18950,ipaussu,SP
7ea85f585581eb47056e7d88bc9dd900,5dadc7040634b0eb0c314d31c2347386,03726,sao paulo,SP
7ea93403888146228962dbe5e238a903,f6884f30dad99ce89b8e384d84990333,41339,salvador,BA
7eab558047c9de47137ad379d5daa36b,2cc0f5affc2ccbdacbbc6c5e88f5f059,81540,curitiba,PR
7eb5555aea491d47d05d05d3f6f99be6,5af5dbed5fbe8770e904a516bd29700c,35738,prudente de morais,MG
7ecea05fb45e5208fd13ae378cedc623,f7c9766df2ab3e4ea4eb3e85a92cad95,29280,iconha,ES
7ee04c773f064561c7f50cba4cda809d,ac76983f510db2b3b56267fa6d399773,13485,limeira,SP
7eecabb09b5cb3af852caa2a9ab2d9db,a1d0117ac83976f19030f953c2ee8d0b,09811,sao bernardo do campo,SP
7ef43c3eb0d94e1f5e0a49b2f3bc34a9,8405f731b36baec7dfc9501225f9b117,03034,sao paulo,SP
7efb46efa7e2eb3b59708f337033e05e,17433325740c7c1d33c8eb6dd6eebba3,09350,maua,SP
7f0341378a24c0dbd85884c251813514,e0e1e133491ef03e577d6fa82471124a,96200,rio grande,RS
7f17dd631b8dc8b6c16c9d6f98b3677a,a7670e23156051f6da9afc37e7309b2d,07150,guarulhos,SP
7f19d565d956cc2fe3f01a860e841ae4,1eef7aecfaf102d8e3ac486569a2519f,76200,ipora,GO
7f25f39f0ad8473a2c14772e1056b885,04875f2cdd7a412f2b6902245bd7b3a3,92480,nova santa rita,RS
7f25ffaada2024d3e809765b76d3507a,394ac4de8f3acb14253c177f0e15bc58,01239,sao paulo,SP
7f32b15eb2186290931b86a68f04807f,0b9ae040f85e7cc54f7c20efd637c859,27213,volta redonda,RJ
7f3cdf6539fdd87133286b5456b91ae1,70d9c1727c10dc6cd4187548784084bf,23045,rio de janeiro,RJ
7f4802bd5d7365cd23b2dab76a07fae8,a8f43239cb0010e01e3d2d9e8be70419,14093,ribeirao preto,SP
7f4dd5f1bbd777aac4f37a4ec70fe503,db2e0ec1844c25550c25be3ab2cbe7f5,01311,sao paulo,SP
7f611fd3f7f0890f58f11d870355ef49,6965a4b96b1d83df58355edc12db716b,12242,sao jose dos campos,SP
7f6c759e3bfc14269dcc023d3d180ca1,81ee975c650a669140bc1403fb325d67,88400,ituporanga,SC
7f7ed2ef1ed98f6618c59d546f24459c,edf9c3ab4bd551f0d17fdd288841c8b8,28899,rio das ostras,RJ
7f85abb2fd74817e5580b4405ef2bb08,640360f232febb3784beec0de4d18d1d,91790,porto alegre,RS
7f8cc24b152f186008151ece0e99e383,d04f39740c64da524c9b78a588e5dabc,86181,cambe,PR
7f8faf5d573a53452104ee839d57e671,a11c0218bdc901d93bb5f7cc6dafbc39,39860,nanuque,MG
7f96cdc06aa0cfe77e71187d5035f22f,2c1e1a424b3426cfb207bc61849b4203,75680,corumbaiba,GO
7fa0ece685214f548326f60d4e038b8d,30be152f27e50a4cd6a15a962f65e301,62800,aracati,CE
7facd235e6759b64f900b3a24f71a2a6,4ef24bf32acbf50bc8b113e6cfe8e83c,89801,chapeco,SC
7fd3a4989d98e2d60a403f6ae5f6e2ac,72d269b304e316ace7ca02afbdfaa3f8,26510,nilopolis,RJ
7fd3d557cf72df79e448740ca65d015e,a2a934380af473b6418349e532b323aa,82510,curitiba,PR
7fda42693a1eba46d81cdd45568968a7,d7fa35aacfc594ff5bdc2fe7c2e18a41,36087,juiz de fora,MG
7fdc7f83bc78ab2261e57b8f0550a710,3403616dd5549cd1df35efd87f2d6683,03938,sao paulo,SP
7ff4ad86cf14706b8cbb5d62e345048a,6c08f7f8ba564f959a6582277e405333,66085,belem,PA
8001a46c331af9144942c30dc5b12141,192469a3c6edc7f642f1ca0f6ede8c0b,64280,campo maior,PI
8012949cfd95d37e09a3922c3d8e3183,25f4b3010f62d81c186b611fbda3cf1f,07123,guarulhos,SP
80262844f63a61c4641efa98338fe8a4,66ec6064474809fb4a00623afd86bacd,08060,sao paulo,SP
802afc498fb100ca6ee8ef029719e141,1199ef97a7ec9785fec893f207e601ef,02514,sao paulo,SP
80462a2ebef4fa9fa5630530d25d19de,968d82898aa8dff9d26f335945e92eee,13045,campinas,SP
80655c33f3653b792e8d564993ee25a2,bbd4e26038493d68628f516f853d85dc,31030,belo horizonte,MG
8083cba74c5a628eb084c96410daecca,64064b697e0026fc48d730180463cae4,16200,birigui,SP
808bede9c1df0d6a2963e6bb3f4e0470,e736c636c1725a9a0d79825a5182d14a,15900,taquaritinga,SP
80a56c8941df38a1adeaf9183c112609,73afbfa86a7c0868c8d58efe0bdaf9aa,99070,passo fundo,RS
80ad906b5e2e5d97b96c167d244e9e0d,ef67986b495c5778f4758496519dda80,83090,sao jose dos pinhais,PR
80b86a02fc5a84c2fe32d9884a5f02f1,0688198ee392c92540c81f5a3f2b3655,38408,uberlandia,MG
80bbbe390ca6d4bbd1d21f50093e2a34,7a2dd18c0df7348c511f284197bf6811,74911,aparecida de goiania,GO
80bf2dc073c61bbc818115f50bf8cb15,f3f0aa7cde3f96c260edbc77fc23b41b,88025,florianopolis,SC
80c07a5d6b086b8c179589f4521e04f2,fa0ee7ceb94193fb02aa78ce3a55695a,06395,carapicuiba,SP
80ca2676141288b0fb864389fa7e49c5,cf717ffae55d20f545be20358a44f698,35104,sao vitor,MG
80cb3c3b83d869aba61142daa276a508,a7dc833c94604f2f5636f4af2fcddd4c,04813,sao paulo,SP
80db9468205ab8feeb73722948bbce52,006bbb235068a01d2e3e47fa09ccf53c,70863,brasilia,DF
80dfe2f69a889e178b3b4d964db72f3d,d0b2f9c9f13d9048969517d02237b432,22061,rio de janeiro,RJ
80f5a59072be0a806e82821201438e87,aca8b52301eab5c322089c05bce55e66,63044,juazeiro do norte,CE
80f70f0ca0bcd19bf71e848e51206d68,5ec6ec6338fe161e42b765f5ded9d69c,29182,serra,ES
810741878a633d09a01e832247d4d31e,1e8d38254b74212442ed7c9f40e71c26,22440,rio de janeiro,RJ
812db10465ec8fed84262db66f615f87,4c0aa4a0808110794130a1735a751aea,39460,manga,MG
8133147c1bfe4c00340064eaa286d0b7,894a2fac1dcb705a1e4097b8a9131e90,16400,lins,SP
8147ce6aef8acda5d59a2af3c5ea1fca,b525fc8cce07342fb00ab3b2667c8eb9,35582,pains,MG
814fe5f156da3ce3123ead086048e852,ba93a4e4490257d265a6d7fd02131052,20241,rio de janeiro,RJ
8171ac734467c1cd84d15c6ede5ee70c,50658d1d512126b98a482b1bee95c888,68501,maraba,PA
817692febe7ce519bfcf6b70629b6601,dd75c5fdf04d764d9a3ae10f029c5091,06535,santana de parnaiba,SP
8176c057d67ba18ead1176dabeab6195,69fe0146e336c466ff38115f4f94f55c,02721,sao paulo,SP
817b60b1eb3a1cffa66753a501a4987f,4438b887145e0848e91f390ad9bc299d,04930,sao paulo,SP
81959f2d6b540243ccac326d082d4af3,8f980c62fd126f959fbe8ca88fbacd1b,28053,campos dos goytacazes,RJ
81a9409f95b016ac318a250b96465548,dfb60c90d4774d7ba5eaf60e550bca3f,12947,atibaia,SP
81afed8247ed97666d7b8e7408463781,16c91aa7711af8833f7f78777f9677a3,24230,niteroi,RJ
81b305536a2f14bebe526bec02449c97,00c05fe9d2f8b245f1f86fe559175f24,29176,serra,ES
81b6a3e77aa8c0c17f242e828e241822,bb5f97eb2e1c517fe842fadc1d1d9b91,04140,sao paulo,SP
81b8504d897e4dabca7424e885648de3,26533b4d43ec9ff6eb99930a52fe13cf,18103,sorocaba,SP
81d403f18add253c6ed54f5105cf07c1,5d792771f3a7a022dce2c961c63bc378,41100,salvador,BA
81f0cbc57cee6b95ecb895fa1da8ba6e,22210b134d1830f72987ba194d064928,90520,porto alegre,RS
820c452c2726206bf394e08cf36705c3,f99fa0c7b369bde9c53edc9e6f6c4a58,03153,sao paulo,SP
82144a8f1a65c32941b8ef245fede864,cbdfec139ca5e856290eac54de24e600,09861,sao bernardo do campo,SP
821cfae6c6dc3f7fa663f1716f837f0e,875a707bdfd8d6544f1b74a123b3010b,11530,cubatao,SP
8229f2587547772e502374973b00ae95,e23e4de041e2393f94218b2b793efe40,81710,curitiba,PR
8241b47bcf8f1250d9d5416c4f8cd9bb,f2f850bf414ea87b12ddcd13a910bd68,29345,marataizes,ES
8250dfe1c841af9f5e6b0323ac3de100,27e21537e569cc1647efd5eb569f5ec0,19820,taruma,SP
82532b2c41a2e45166b1e5a01d1df651,414ef2434c95095635a6050989bbbcb7,12960,nazare paulista,SP
826459bc63377f4313c515d873ccf8eb,9f98cab9252962c4133e5513a367b62e,74815,goiania,GO
826bf29c634f183c732d4c5794e10533,2cd53176ca017dc901114d69aaa58c90,04313,sao paulo,SP
8276de07ef25225d412b8462d73f8664,332cf4e83e16004ba7dca932ce82475b,90010,porto alegre,RS
827cbe2af76bd50839030b7576d704e8,9f5e91d56f3c3c192a0ee7fa88de7113,52020,recife,PE
82a5458c7efd1055b6ab24f6985fa233,7c9413ff10fed052fb495b0ad0cec637,75370,goianira,GO
82c13b27571f530d4e03109dc6605536,6396542207a94aa556ce19a7c6a2db84,24220,niteroi,RJ
82cfeb7316832e519f1238ff89b5c5ec,2587f2fbf466ff9e409952f2feba0005,90410,porto alegre,RS
82d8d50f9aa1a509e6578984e298c96d,07f75f9ede41a5df2ad2964e8aeece6d,96230,santa vitoria do palmar,RS
82d90cc533f921fd3b90ff87d197eeed,8b1116032c87632fb37d9c8918ae1b82,36520,visconde do rio branco,MG
82dd196b2b5b57785945aa2f471a35f9,150d2217d7f67951f850be5a7443991b,56380,santa maria da boa vista,PE
830ec88fee7a04e5a14260822c2c701f,dfc218e598a5a22cb02a24e5aca66f9e,27541,resende,RJ
8310ed73d01e240966ac0b8127bc68b9,dbbeccb05223aeb715c459c496258f4e,45848,itabela,BA
832d1e7af4f01f2f3d9573ca629db080,1f4928c782d36f9d8a1be46989b2014c,35701,sete lagoas,MG
83311320eccb56aef770194034cd359b,5663c2758eb1402dda352026f363a0b6,75075,anapolis,GO
833f560a4b6ee7d4fc17357b04378e59,ae4ad0fb461a0171027716517b3bb95e,64058,teresina,PI
834518d4594b0bcb116acbe814f1bc03,1c528e680fca3cff6d186b6f49a32ad6,40393,salvador,BA
8345586f08b3fede926a66b367857e3e,52f7c5236c70dde7f062d5f93e79920e,03937,sao paulo,SP
837d37e337467452b7d2c2068816177a,b51e45b33a49debdfd22dcb3543f453d,87708,paranavai,PR
837e1898172239a282b2a93b5fb1e3a1,d7016618d0a287f7baa1b533eb903860,02471,sao paulo,SP
83921c0d0f7fbb56e05892c41d5a2445,e1cf735f320c9870c2046dbbc634fcec,19804,assis,SP
839300cf49f1e1adabddae574582910d,da8025520a1b30b3248a65529bcc194f,31920,belo horizonte,MG
839ccf3fef9a1808c0d3a5fbb5eac3ac,662d88cbd178177a50141111d3a6932c,72250,brasilia,DF
83a013746849c173ca9305957f463d89,860f75391be5698f015d3b234e7576d6,04151,sao paulo,SP
83a993fed3d92d85d35e923ee7ee090b,6fda7543bb462d03677057ffb9956e93,27261,volta redonda,RJ
83afeb3ec13bd0de7db12255e9cb4035,e542e321f6df5456cba7a621bd2b5ba1,14077,ribeirao preto,SP
83c128364cdccfe3400af155692569e3,2b0039d980ecb93ae5fd4db28402f7df,08142,sao paulo,SP
83d55f159d479719eae036a2093ef4be,065c54f9c2d4b54d9203c98f4f247089,36088,juiz de fora,MG
83e1602374f1c008027bbf8828fc785b,7f77e7790a5b56e40a0ba156506a517c,27264,volta redonda,RJ
83ebae14081d4c34019e8c1811df86f7,5d88bd88c9579a989ddc851c82b0e5bd,54735,sao lourenco da mata,PE
83ec5df9d919623cea294ca76be73b0c,cc0a26893a3b8118462803ed814ddf4e,15130,mirassol,SP
83ef98a5935852a0285d4a1672d81ee1,19aafe0d2b8a19b421a7a9f61a6e8bcd,88508,lages,SC
840b51ea15f639191473c482b40b76f2,89b1293abf0b7c0e272ba3bb7298ecb5,79010,campo grande,MS
841fe19c631825e29af4e85b602a73b3,b05eabd2eb5aae11f2cf792964be957a,12701,cruzeiro,SP
84295646168988e026d7f61d885de691,0388d8a529d8405be5eb68927e9c6837,64053,teresina,PI
842d12d786d651f7b93223525fd5d483,994f863db7cbacc01382891788ba1d4f,29023,vitoria,ES
84309b932d949c30b561e2900fa86678,fe64246944cea1dd63421ee753223b56,77500,porto nacional,TO
8434c341761f602a26ca1f2b6ee6cee1,40e57165f0bb1b528de29eaecb7fa245,78250,pontes e lacerda,MT
8468e974307cf0404f6e3d5af0ad1b9d,b33655881531e0e8a90b2fd264c9a0f3,13088,campinas,SP
847913f5809f26d34e7787f48094b934,03e8a26864627ee0c7fb470b46cbaee7,13090,campinas,SP
84a22b3c70a45448e31515cd1b42a88e,aa0f03153aa5d8faf1e1a4ce5a202396,03508,sao paulo,SP
84b1334ece1e0dba8a2ec7746f90bca7,8e88ad507bc0ce64d339830e4ac84fff,91170,porto alegre,RS
84bef538fd967ee1e43942c9974df7fd,09ae91daa0c64b7d90031bb0cc2ca8d4,22470,rio de janeiro,RJ
84c1e244210abd1d243e91105a009092,2d374441c943a978b5d4de179fbc5df5,88330,balneario camboriu,SC
84c391f6583d7b5bd71ead8b85f36d31,564b4b783f120f23b3a67f4004524b45,96010,pelotas,RS
84c816645752a1ded611ae7ca018ae39,bf3451be8f588cd6d7c555f2ee8b4bea,29060,vitoria,ES
84e28130ed1fa8558f3fc843d9a906e7,da9a13d9200966b860d4a17a98fcf59b,36120,matias barbosa,MG
84f02549f018546d35266595560f789c,10954d17b6a7747b1075f867ea7788fa,13186,hortolandia,SP
8514e0aeceab9ef5bc9c2e86392cd6e6,1f53a28536539df3fecec45ae1e212e8,84196,colonia castrolanda,PR
8515f6af4fd0d5f127ea032b8cd37a73,acc76f10b4920de6ce1a136ee88c417e,03508,sao paulo,SP
8517e7c86998bf39a540087da6f115d9,7f2dfd48dba158dbf61ba2ea631d93df,93530,novo hamburgo,RS
8534c8da1681eadb3523f889c78faa7d,65cfdb0d7803c6793a9f609361afb2a2,03081,sao paulo,SP
853578575eb2c89677c4d76bde945b5b,588cfeeaf7035f6bd05b852aeb20e1fb,85015,guarapuava,PR
853fb87bfc4f12205fd6a0f05109b995,fad47992707a262559ac38f22e77ac6b,06813,embu das artes,SP
857e85c32faf11787e893fcb5eeeea26,5443a969e8af57d9ad98e609c8c97751,02467,sao paulo,SP
857ea73b4bc11994dfa6fe04b6dd55de,9aa8ce2d45fa292e21483562ffd2d9f9,54440,jaboatao dos guararapes,PE
8582c9ab7a8379bdbb1836bda59b5f4a,af8569990cc48ad6c010776bf9c3986a,75600,goiatuba,GO
85881a5707acccf34192b197804bd5e4,2c961ee955abb3ac9a80babd54ed4156,02312,sao paulo,SP
859fcac40c594fc5e56f068f90fa0cfe,ef2cb5227455b21d64b5bd9d23a97417,22740,rio de janeiro,RJ
85b6851fbe8e4dfc453218f96df34eb1,5a3e3213dd31e76b3b23abde809387a1,36200,barbacena,MG
85bb769857d427c1ff461c9ae828c71b,821033b010006f04e18cccbb9e096330,26220,nova iguacu,RJ
85c4b419d1e841e9a1304a5a21a2f021,e2d989178053ec2981a55641cab8283a,70340,brasilia,DF
85d84596608ea7f87175ca9521ee12aa,e4c1da04e1d03a2f6f276ebcb68b8253,05767,sao paulo,SP
85dca883efd5ad7d71213fefa8528d7e,6ac9579bd162e2125a125626ad89c54a,13256,itatiba,SP
85e5ae9b7c9b84a5c2939086011e1f76,1e8a97df3746751676f7f65e4748ae3c,80420,curitiba,PR
85f6549a336f5dc9e1cd95fc23d2b60b,01f2285f85a1c603eb7ef755ad311769,35162,ipatinga,MG
85fe96297110ae68dd33043dc65a5221,d0c5e56e04e886e73c79b3b71f0d6f0b,06900,embu-guacu,SP
86036e031e6a27824b98ae995119bea3,5b3ae78b0db449677904b185916b6d91,95595,cidreira,RS
860403dc3e131f362cda3ddb09c5a0ce,aaeafe59c1126cc0a74be5de7a0d5d2b,74723,goiania,GO
86042c8472794b41d03cfe051f3bd9de,e34db2a708052454521174717265adc5,35500,divinopolis,MG
8604bc41dea958600e8ded10ffce9125,9976625f5a9ffeb408297d6859d50b45,31990,belo horizonte,MG
8606b2a0ee4bf45d1f8e558fa083dfef,13577f3827a7cebf81738a9d821bf8db,21854,rio de janeiro,RJ
8611ae68bf0c696719534f605dfb9547,709a8f070f4b655badf1b42f6fdbc42f,02936,sao paulo,SP
8618c996b56dfe9588b3a555af9c4ead,1b541100aec8ba1888e7ac989e25c558,04310,sao paulo,SP
861f08d323559a297fdde819d7e702bd,335b9c65e43e3f448a5673f37957a9d5,12051,taubate,SP
863b241a70ad9b999ecbaba0ebcb4a16,85d7491f5ce9d8a38933002b715e4aa5,12233,sao jose dos campos,SP
8641ccf2e70d0cc04229db3e0b887fd7,eb1795057421adaf16b0eea967b8d325,30180,belo horizonte,MG
865faa061fe0302e8f2970479d04c3f1,a3e76c12f64a3b204cb536c3ca332ed5,08671,suzano,SP
8676c80898b5fdcd9f7c48c39b000043,fa9ee193b074562663aa4c1ea3894e2d,30431,belo horizonte,MG
867b9351d211003a7ccb5bbfcd7cf2ec,cb37c3a58f718884c969dd7d895f4296,09720,sao bernardo do campo,SP
8696813c751f4e6bf28e6330e4b00104,8cb4a8458ba800f78e1c69126332542e,41100,salvador,BA
86bbc4a292e9d3f4191ea8a4c82e6c10,e1f24958eab121f153e4f405b6e9c843,97210,formigueiro,RS
86c0159e4a9735e1a0ab95bf4c7958f1,9f6ab3755da328c4f8c77b8c7a642177,85807,cascavel,PR
86c796d4eb109a1f7401bd93f78c494b,ea3ede35015877c1431d30b997773944,50770,recife,PE
86d3fe4ddf2692de0699c9b1c9e8df57,9d8dc25430137a5ab65ced93af039e14,79630,tres lagoas,MS
86f246f821229e7c842956b947dbcf46,29546913c7ddfb92eea6febf18db9f13,97045,santa maria,RS
870a43c2cb3de01267ee03d76d1200b4,f25c86f1fe0da86457a759fcf3893d3a,05442,sao paulo,SP
8712d805700fade0c5aa62b792edcbbd,d56bcceb82af49761c77a74bffe8f618,38465,arapora,MG
8713f2c76cceb801594317bc39ef35bd,aa323e33d8e4117c993934571fd9e59f,12411,pindamonhangaba,SP
8719f414841856e13125bc3c8eb012f8,dc15964419d46e144f22f505d4916c33,58150,pocinhos,PB
871e8c911fd8a211ed4a4016f9c88cc9,eb0e434f2608f163fa19b3ab812be74b,29163,serra,ES
8725cb0a76a612fb11b5412a07ae98f3,fe797777cb9bed24de9dced3819e8b59,83255,pontal do parana,PR
873951dbadc164fa5d61eed16cf38770,b9066c8cafd15041ed94ef1ecb116d4a,13630,pirassununga,SP
8742cc27dcd49bff97e2b8d9f4e01663,af7818456efda41e75497ab9b240bff4,51020,recife,PE
8752a4fb5c55922535507e67d4f431c6,89a9eed110ce632160e5b1a47ebe4a80,23095,rio de janeiro,RJ
87722cfd2b0a53af8fdfee69e8c7feac,2d2616826443ccc5be23aa13edf2fe23,14530,miguelopolis,SP
8775e739d61b9dfb7a1076e45839b1da,ec7f1811826ab04a27a92197bc40c888,20551,rio de janeiro,RJ
877e706c542a3af30b80f32d160dd874,ad6ad90e4e55ff563af147b6b9ee054e,14055,ribeirao preto,SP
87ac0933b7f0201a64c8f04e34bdcfc3,1df51bd235b45274c61b83765f41c50f,44590,santa teresinha,BA
87c95d378327768be6c40fae1c060ddd,280dde29aec52f01b1fa90616cf3f46c,89240,sao francisco do sul,SC
87cb4db5eac48b869383e2944a2ba62f,39decd49011e04289788631c09a32f3d,37920,sao joao batista do gloria,MG
87ce66add9df2248ba4ee66897a478da,f43710182f400d86a9aa16fecbbfd6d0,15265,zacarias,SP
87cfbc9db7f2dc260b8f0022377909ef,bc7bdb9c1a238074b218f190a3e1e5bb,05847,sao paulo,SP
87d8a79b1f818010f6bff9a06a526905,a4238bd7610115c6ba248432a104766a,39990,aguas vermelhas,MG
87e15e07277a925bc1695689f2401711,0d053be755ea34db8ec7d949c0829bfd,12460,campos do jordao,SP
87e802b8e48b28d75c1ace4856bec0cc,cb2d91d129a0a3cab85e25d446a710a1,29055,vitoria,ES
87ed937e173f32a5af54daf84e0732e9,f06c24e493fbd43d5a6117e44cb8df86,45180,anage,BA
87f02a067e858106e8bc1ee503540c83,33fac23a6ca3d5af1cdb94eedc9218e0,27660,rio das flores,RJ
8835260f376f7746c4e6cb38547bdfb9,d9989ea01f600c83896d98ae5dcd4ae4,71630,brasilia,DF
883b55d27dbb8b02ab6767419aef0af2,eee94591071751c6ba4cedc4a433f21c,13416,piracicaba,SP
885d7e16b3febef0a036aa5ebbba9659,3c97e5f77160f6deda2b96babe6d7b0d,04734,sao paulo,SP
88742c42755e79a923cfbb665fd7b320,12dba3dfc0be82c12e0ba27387a4d90f,39338,campo azul,MG
888aec5eec463be5a9aba99e3dfd97b0,8b23a9ae3e5225827fa546974c6d832d,19820,taruma,SP
888c9e6c1b81d921be22d597e458b16b,798b4acd0a8a992da690fff78c5b01d8,15043,sao jose do rio preto,SP
889d677f2cb18ab09f29222f50db131f,fb013a426ec7b8ba8545ebe909f0f4bb,13385,nova odessa,SP
889e221b1e9864674f860986037855b7,c05c21c7bd7b390ef728393b3a2b31fd,71680,brasilia,DF
88ba6e648722917fa0eb0823d3197582,404e415d2dc63f769916d23ba8040386,38405,uberlandia,MG
88d2a8be7a511a4fd75da5f7465b96fb,0c1201c04330536234aaa49b396745d4,13603,araras,SP
88eec1a222d81af1a2a1ae93c669f459,632afc0c4fbe0df585a016246b2ea574,95047,caxias do sul,RS
8903fd96319b50a6c641465f4e61644d,2fcc0e0f845a145e12d48f98af9e98c3,88135,palhoca,SC
890795b5b323f86184a643e8e3480584,d1025ab695a5daf2a5252259f8cfecb6,35502,divinopolis,MG
890ab4eca836a870a3d2e222bd5e4233,972f2cec81a1ed8f5117550de1997853,95032,caxias do sul,RS
891127420859c1e1adc8991655549054,078949217459bd39f3c9b6a2f5c7e314,35588,arcos,MG
89129b4134df3289d76b155160d6e441,21bde4e982c4681021edabb899bcebfe,38701,patos de minas,MG
89269b0f9eb69a69021e34ede4483459,e46db758bd153be8a899f01cabda7612,11030,santos,SP
892d34f72485fd31f213fd0786900a3f,4666e7be827bb14bf746a56f740e62c5,85660,dois vizinhos,PR
8937aecdb50038467ddbb4d8cf5289cf,0f26dc437b26a2d4544c2474d85dcbf1,92120,canoas,RS
89404eaaaaa93baa948bbfa66d3a27c9,5d1e0feb8755d0039941ca7b82c9ae32,04288,sao paulo,SP
894680d04196842f885d856fa217e281,027873e82cba22c40763c9e44a536a38,66075,belem,PA
89636364bde857c5d73d2a64036cf3df,65e7836a2b441f6ed440e82544acaa4b,76660,itaguaru,GO
897e0d6c102b10089d7bb1a0f0b95e4b,8580e52537aee1b485726636a530048d,04144,sao paulo,SP
8982ed2c7a1252471fd28b6c56512fee,d8dad570d7f80965cc858d7c5df71e7d,06436,barueri,SP
89e0983a7d1dae20be198c11c8e0251d,50c217b14e1545343291b3ffe31b61ec,22221,rio de janeiro,RJ
89ea2f69941fde6370dfb8f85e57f15b,5cb8c9998e51269d6c8c983def687414,30441,belo horizonte,MG
8a067839d9b32272550844562ec03d14,b24339384ad7bed4f7d051b9499f6b83,19063,presidente prudente,SP
8a2fbe2c86f7f87cb8c663b48051c780,83894dbbdc18b4b7e86685507551b1cf,33600,pedro leopoldo,MG
8a3e99fa5a51279609ea8a0aa20bd801,f71f09d4b60cd8e410a156a8bc2d018a,35701,sete lagoas,MG
8a3f1d8e69005d13f5fede4c404d5470,3021a9b6fb44f95bf3ab1d072b9e1868,04939,sao paulo,SP
8a48d765503bb8a8053e646e1f08b3d6,01e019838e4e21dd66bb6f69352334f8,78325,aripuana,MT
8a651f62fa340c6bb5309fac465d7ef6,a759a9247088f5af1a7f00ddf6d95133,25820,tres rios,RJ
8a742a9661168a6785b8384e55656a99,73c1d327ec0bfed3c3d1a7f0a77d891f,18201,itapetininga,SP
8a7885bcb5c0606ad22f2629a9182593,c64bcc08b5390ae3c789aff9c39b8597,08738,mogi das cruzes,SP
8a8440c5a7fd24d8bd07df72f6abf753,8241424764e0bfa6bfcb3c6cda391ac8,50680,recife,PE
8aa0d22a3225923f4386d2dcf4717658,9d43fce1eff4ec570753b91e60042d18,06454,barueri,SP
8abd8440d6a20d04de36f9030a6f7d44,6757405dfa01aafd65a4745688e9c816,22060,rio de janeiro,RJ
8ac8d9c1fb5ae04d995ea858252714e5,ec92c237061c9d7bf0ad5277cf15b886,04661,sao paulo,SP
8ac977b83cae48a1d1216f13b06aaa2c,9c7601f15a64084e0e54df80e188eaad,07020,guarulhos,SP
8aeb0bfe3d5463fd1f845f933a468e70,8426c1ba4c8bb532a3d527772a9b46e1,30860,belo horizonte,MG
8aec80574a77596a9c34435bff6b62db,0795c2e6501b727255b4f0fa37986860,38744,patrocinio,MG
8aefefb66cb5293d6193a83ee009ee1e,857407b654ea79a14312009abc66d6a4,02465,sao paulo,SP
8af9ca2cbcc90d6735f67957915853f9,bb2b2aec0c5c877e68061f41eef52016,83206,paranagua,PR
8b02f8ef59c26d8b31e7d0b9e844a680,e704f7f112e90ce7f1e862ea23ab959f,05302,sao paulo,SP
8b122c119e36ca9dd381d2bfc02112ea,0b5441ba8ca3c9edd474fde7f2b31eeb,76940,rolim de moura,RO
8b1a19c76c21ee813ce4e93237633be4,319570c563033f7313d82b2c906c695c,22790,rio de janeiro,RJ
8b2aa07f0b53487be833fb71a06df0ed,4c27e0e8e3914d3940bf089014dc95cb,05347,sao paulo,SP
8b35556f6dbc3bc6ec78ca09748154cf,8f74bcedc184adf49cdfff4114f3bedd,60811,fortaleza,CE
8b37fefc7800774e24d316c4c9cf1deb,59a6c111d33d35ba49287f594418028e,84266,telemaco borba,PR
8b4639324f4de248b5196a893aaad0eb,221492f5b34169eb3973e16b81f59b26,58038,joao pessoa,PB
8b4792c0e1ca51d3eafe9d434b4ed281,b8f77228f32fce5c13df55da21fad23b,38401,uberlandia,MG
8b499e9d16a602dcdf3bca4ad3c794f9,aa5e42c2b46e0b5627ce9ff549799da9,47530,oliveira dos brejinhos,BA
8b51e4bda546aa5454419448c305a7e3,3cd3127e3533fe632e21af1862a51c7b,20541,rio de janeiro,RJ
8b5a55f1ca276fe752917ce68a971407,16a23480d3c92eb40e134844d52aa63e,78049,cuiaba,MT
8b5eb6285132137324ae38a3f8c7d2e7,da3176601c624fd9cdb0b9512f99c525,36088,juiz de fora,MG
8b6af4aa3d7e95622bb718a5fdc72019,f601dac3f9108158f75cb1418af5a5a9,13419,piracicaba,SP
8b74b725906ed53b60e9393d6c256575,87ba56012a8a77f540b03685ef76d050,98700,ijui,RS
8b75ca702b00ca128f06c127c54992fb,7dfb85462ce6d54fa8005a5258ebc86e,05734,sao paulo,SP
8b9c46cb78faa340ba59effb94b5c672,c77a1dadd2c14e5708a1b00707c8a636,04634,sao paulo,SP
8baeca32aac79a831b81f1f8af9fd6d8,59cd6345c0d1920b6a42f672173a78fd,13950,lindoia,SP
8bb46af2da65493427799b95d0739d34,877a47a9c3f87b14581bd7ad4b6207ea,06310,carapicuiba,SP
8bc0984a1c087377e468ef59faaf37d7,05dc7381ace8c9b5a634129ce38dff60,04015,sao paulo,SP
8bcc9dd14823b01eb0e4f80d3637a5fc,a18f6e638c28ce041b20a59871d7dccc,18160,salto de pirapora,SP
8bdc70f24d1f362c1f43a1e1936c62f2,4745885d46b5d9a59e0f403e0d2438c6,40285,salvador,BA
8be76fe099ad1db841317aa4858453ad,efc018e8c793a4a4c878b771b1117264,24240,niteroi,RJ
8c03553b0a2bbfac8eb64cd9dd356187,8e7cbbeb18e0d3239832951d9062c818,80710,curitiba,PR
8c053663094bd001fff3536d10dd092a,491620975108be471b4645338ccececf,21341,rio de janeiro,RJ
8c0e2e1b5fdff3b779b6db5f1742b033,b9ecd9949390bc0f0e57756f0db1ec1f,84140,porto amazonas,PR
8c0ebc83c2e972b8353e62317145867b,e6a842f26a52b4012fa34ab9048e2fb5,13057,campinas,SP
8c193b870f6af1254fdbf4bffed544a3,4329ca9025968ae028dd7eb9106750fa,91770,porto alegre,RS
8c1b33c10c74c74b04db74ac8af6a75e,88cfa66b93eef91293b73b44addaee71,30130,belo horizonte,MG
8c214c704bfb4f7a9044b714ea19dfca,51380d57536cda6e31c1013f4ffaa739,13330,indaiatuba,SP
8c249a8270e7388f730eba7a657c2318,2ea4656056a3102184a098de553708ac,09350,maua,SP
8c341ce666b64e4e79c28b60db4f8248,2310a3f40884b2b439de161bde572a85,14080,ribeirao preto,SP
8c3bb1ec148b8d1c603c47a15c41faa9,a6ecedfb81724dfa96774f35c0aba2f2,13301,itu,SP
8c52d6913768a05524e8eacbe70a2808,60411c8b17b1d71f68d288c9df2cdc8f,71880,brasilia,DF
8c55956d70fca64193668429b9f8d8ce,61a7c7a2d1ee1715b63e0d22a1129fc5,01151,sao paulo,SP
8c5954d084c86eef965e4e4800f4becf,6be5f59bb7255a65ff5415abc3ae2cda,58064,joao pessoa,PB
8c6d6ced29074dffd258f47c91c215a3,cda22de6c3a0a75fec9d8edc168dad35,58037,joao pessoa,PB
8c6f09183a718cad684898dcaddc583e,69176257d28f36d16fd7f2e8e31097ec,88345,camboriu,SC
8c74c34cf929d1ad8a11acc45acd8417,8b5d5ec638ef70f1d1d42b0ab82507dc,89240,sao francisco do sul,SC
8c7e3a1391467f1e46bade4b8cb8484d,d3a9179d0ae5adb03b33dd5b994bcbfa,89107,pomerode,SC
8c82a15c73abff1c442ecd4a9e44071b,d1d072b394ad1c5ad7a9161d72112606,22795,rio de janeiro,RJ
8caaebb31592d2d5431d4a0b856ad536,c0c1297e485ae1ada2be4d451d8d42f6,37120,paraguacu,MG
8cb1af3bd886d07afd941b6dd5a73c95,41dbbade44497ba4b3f61356a5acc949,09171,santo andre,SP
8cd118ecfb9703463ef9670b1d18a26e,c6e994767dccb6b8a8207c1f44451159,08530,ferraz de vasconcelos,SP
8cd6037505c5d3a5f92d485b1345e918,54c7b4f48fb9e911bf328bf9884ca61d,56400,floresta,PE
8cfcc5f2a65aea50bfa7e70daab6ca22,8a975e5f2211cfb1b910c039421e4dfe,38401,uberlandia,MG
8d08191922d74867056720732d38fdf6,8c9e0e96e48e45cd656a4fc73993057e,88010,florianopolis,SC
8d087e1ce16374d733458b3e018ea4e7,dee6507f25f601864647a16185888332,14022,ribeirao preto,SP
8d1d9151c6eb5fb90b19d52e8b337e2f,b26a2528747a40a5dc8092939f2ea290,69918,rio branco,AC
8d1eb0233a90478bafc36d66f468de9c,c7bf5a629f5e3da7dc993b6e624fdb68,98005,cruz alta,RS
8d21ab372ced814e6463f1bdd60f4df3,086c23cd71cfaf4b2e41b18dd4f088c3,23026,rio de janeiro,RJ
8d2c23936bd043095fced5ced7fc3bc6,4388fb7d7e6d1b06402683cf1d1d7c80,13212,jundiai,SP
8d34bc21c972f82d188661dd3bd97521,d4b4382a6ed199c4905ede299a1c67ff,12215,sao jose dos campos,SP
8d51bbfd67bc27fa458541719c2f31f8,8345624b6fabc374d69c6ea41e86b178,41760,salvador,BA
8d5c51c33a0c3ac2c2a285ab3f5d7f51,911a4db372a4c14d2b3e48f62483125c,89780,xavantina,SC
8d632afbccd84514a99517b239113320,681405a99faf3ac8afc2dc018a3f67bb,36800,carangola,MG
8d8b07cd0a8ac41bea325661b57c344c,95bd309ddef95bbc768da65506e6d5bb,59140,parnamirim,RN
8da4bc4c88bd4d9eb151bd086048f7e7,390a3afbe8dd2d83cfb2c6884dfaa121,05616,sao paulo,SP
8da7d8627305e140749fd5d239d0e05e,13f2cd34cc492138e8725dea6dc4d7d5,13214,jundiai,SP
8dbe09013a08fbc2ae19dea00cd7d183,bdf6eb7bb0e2f644a21364df4b11c4a3,73040,brasilia,DF
8dc29d61d9c74e70c9b5477ffe29f0e2,6391d68d6fc2e58acd054a1425a398a0,04014,sao paulo,SP
8dc52e5ad5b73b2c4f559a80c7bee085,e0cafb8345b4e137805193e207797ddf,13061,campinas,SP
8dcf681336e6c839f3d6c2399dee467d,382ccd3bc70cdb52f5a4515ffcdff615,50770,recife,PE
8dd1c4e88c1db62830ab1f7c56b6ee42,479d6a0c8b13debeddbe4129756c6c68,98794,santa rosa,RS
8dd2d4e7ee336eaa9956df2067e02189,49e2821c4197c236622cf35f9e61fe09,30516,belo horizonte,MG
8deab30c73bc6ffae0e800d727c11c2d,0ee2d68d876ee7e1d67e971e05d43238,03295,sao paulo,SP
8df5730b67f4eadd0000f71bbee6dba6,8f6991aea4ffb84b4c2e7e3d779215d8,20230,rio de janeiro,RJ
8e0193c71b2b59a05148996de6841d58,a790b79aa6d54b7d8936aa53a443d1ec,90040,porto alegre,RS
8e088f86db422c6032a26ee8ba1ef0e3,5942dde582a33e31ea4471bc5363b0f3,29018,vitoria,ES
8e0d5257ac46d3f8ef385707ee27fd0e,4e9b39f2d300bc02c1d462ad82c6a6a5,16025,aracatuba,SP
8e1e88700707d3a229e5e039d1d02e3f,f38323463e2a6700429d48b5704dd713,76600,goias,GO
8e1ec396e317ff4c82a03ce16a0c3eb3,1a3b8f1d0782ebedbcf220a96cbc1655,57042,maceio,AL
8e29f1ea42a090c304ec11ad37cefab8,a5f1bdd7d07f194226c0f4b5873d9f0d,70650,brasilia,DF
8e3041cd8997318e5f9144c00ed966fd,c63f9270c652dda1dc296042e4527788,05596,sao paulo,SP
8e623a3831e728f2d0422d32ef104950,3c787d85e5439aa81473793b57f415f6,18701,avare,SP
8e78fa10bc579cfbc6f3a6569e3a06fb,70bdf52cdbff17a605ad6cf23c0dc418,02345,sao paulo,SP
8e870498ca6259ff0bf31c720b9f8687,f49d8dcfb6eccf32e01ad46dca93c6e7,07196,guarulhos,SP
8e8ece09f913df64cbdcf2188e9a7d85,c1b204fe0f64d6dc1e022ca2bd46ccb9,01310,sao paulo,SP
8e9bba8e9800a9bdf85291c468b3607f,1fc5bf75325c996e6b257434eab88c3a,26433,japeri,RJ
8e9e8aa4d3d480bc21b3336de7eb9214,d433955af3c49f3b58cac87cc0255ae9,23095,rio de janeiro,RJ
8ea66ae4d3f2dc12f923574e837df7b3,b2daf2cafbd2dc01b8e89dbffeec5aca,03210,sao paulo,SP
8eaef9eca5f384f13d08bdd90c07434f,69e614f614a3716d949e7ffeb09afd5f,21331,rio de janeiro,RJ
8ebb42233d9090807b6879b1eb1631bc,eca1c243fe7651c9ff6b4058ef0d8791,08673,suzano,SP
8ec1617ce630c731866f5a041b5d408c,74cce650b76111461f996421e71fc23e,16901,andradina,SP
8ec8872f874afb9cc81560b9c70d07bc,2e761fd73d8e33f996bdb5022f146029,13160,artur nogueira,SP
8edb5fc64d0164779ea9fdc298113cf7,6e2b83fe25a8f441711b5c3ee48535a8,14030,ribeirao preto,SP
8ee87572536d519bc74c166ace05e501,91fd864bbfadfa78a284620fa33c7826,13216,jundiai,SP
8ef1ad0f471589d02f59c9d914b030e1,295c05e81917928d76245e842748184d,05704,sao paulo,SP
8ef7c689216e12ab959d9003a6c4b3b9,3d6465ac2502decfdfa5ab1e1a915a54,48850,itiuba,BA
8efdf760a9b9de9f92198e08ea7005fe,c18e997824fb69dba9e5c53690947e59,92500,guaiba,RS
8f0fe181279a14f699d672200fe13d92,88fffd3d46c60c4307a9948faacc050e,41810,salvador,BA
8f121fde1f03b4865ac871202143016b,fbc838cf7e5c279afad28109e3632d18,21911,rio de janeiro,RJ
8f203ddc3edd825c2615de33ff9c11a3,f9cf2a1cb2ea5a6ad89011733b2725aa,05789,sao paulo,SP
8f28dc381b5a73cd37a5c0a11482824f,11c8f55ff5c36c2703e7228d093adb53,02161,sao paulo,SP
8f37b3503cd144af77f3c3728b465c5e,e27c2593cb0ed3da72f4578a110fd7b1,02226,sao paulo,SP
8f4758b55faa41da554b30461fa84f3e,8f4a843ba725f85823d3c792e1ba6949,05551,sao paulo,SP
8f55782365bb8e8ccad248e256ff0272,e2dfca400ca2f5671121e7f6a6bcc27f,13908,amparo,SP
8f7076e6c2a866bb901bc35ada1f96c2,e156e6c538c7319c3eb429aea950c699,15910,monte alto,SP
8f7a8c9d811d4acc07eaaf3cae69ac34,ac717072fca4b6f228e8465cc5e7231f,05083,sao paulo,SP
8f7f96570b1d2295ba13eb9793af291e,b7b149999ce874c7fddfc6361addeddc,22783,rio de janeiro,RJ
8f83e6b41895af70db99ce62f1e4eaed,430783fb497508852cdfdbebb554c41d,90460,porto alegre,RS
8f8b86d98300c3e0c6e84c4fcc8a4581,6b0549ae5aa9d8289356b678ccad1409,24452,sao goncalo,RJ
8f94ce3dcd293ee4ec6135cd00220016,9e7c5116bcbdb93fb0e64d300251ff1b,87010,maringa,PR
8fbd8aa3e737d7f37eae3f754ef023f4,f63bc72bffaf947673fbc25025fb3af1,29102,vila velha,ES
8feffbf725adf0e97ba87c57d4920bf8,2c062277d1bc994eb32e7cad86190278,13502,rio claro,SP
8ff02d450ba93882e5d0277f2fdc8727,e58043c5746b4d123edd5fe77ef48696,72821,luziania,GO
8ffbd4c4cfea0a904e13014399a74714,960c22d4f63e80baa5cddcc1f77e5415,90820,porto alegre,RS
8ffbe0a28823d2a5ff88a9e4b1b7526c,3ba9c1404a9c6974530ffbeb5848aa53,89032,blumenau,SC
900f88c22ee76b9f34fe901ce2478915,bd2ccc4622de58e02bba5a271aec30a3,02340,sao paulo,SP
901be22d7ec9526031a2dc156992c306,95d32733010cc5e9339f9e3d7bd1a982,84010,ponta grossa,PR
903041972f5a3a9b12369017eefaef26,2c586ec06743d74f7106584f85bb0224,04856,sao paulo,SP
9038ab949be47a087d3ff510a2a31b5f,e5248eaa0d4cd094aa53339dbb3ef665,68551,redencao,PA
90412aa593075b1ec797a9dd70c36881,fce50ad3a674fe1e7f05356abc3ee2c3,18274,tatui,SP
90458193c77963a2f26e73bd02bb266a,29f5a5c92b58790264b81175e7cde82e,28893,rio das ostras,RJ
9065a96b91a08c08755c4ea2618884f2,ed81a42bec90c87578108d2e4c742d20,44798,umburanas,BA
907578100e52cfb751d235d0930227f7,0fdec6c625ebd21f4304696b1dd3b37f,04739,sao paulo,SP
90767a989903375662902ae9b122cd6a,db24497b91101bbd692b9a0f3a6d22fd,08630,suzano,SP
907dbf4707a4cdd67d3f2c87a976c2c7,2677cf09ca76d24d69bb46e7ec2415fd,07700,caieiras,SP
9084b0a94916b534ac6e626011092567,0e850ed5adc4abe0346435eda5b1a626,24220,niteroi,RJ
908dfa9a7f826cac4f898a765ccbcb78,4a756bfd2164e4ef855cb6769423683e,88307,itajai,SC
9095ea27e45e0d5a152a23d0b923a0df,e66e12501fc7ae03726522d318803ebd,01526,sao paulo,SP
9097e442e65d053fa4a3540c362a8cc9,077429d0b4ec15bbada7d1317f67273f,15084,sao jose do rio preto,SP
90aa25ba657c2ef8528494e4f5e99abc,27131fc328d0fd8baf2b0717eff49a54,38440,araguari,MG
90b17430567733d3e005cc92466c213a,78791713501b5a7de9d65ff42dcdb016,70701,brasilia,DF
90b53c4322089e4d917669f55cd544f2,d7794198aca3d64fd59f976c8830c942,36420,ouro branco,MG
90bfdc2f88cc435b7a16812d26984214,4de57ea3234dcc6fed4cda27058b9572,38950,ibia,MG
90caca072b6ba6b23f41621fcb354449,ca6b7aa639f2e2a453dabb52459f78c2,03817,sao paulo,SP
90dae71880786651d4e29dd2b56a54e0,a7a03ae54870596f7aab41303a10d9bd,35500,divinopolis,MG
90eb27e381d8c75dd3acf2f87fd8aa50,5d2dc9ddc1b45859fcf6ab31a54bd668,05074,sao paulo,SP
9102c1aff9fdf9f79091ca25e26be387,067fe68a7a118f91c50eb69fedb34edb,07865,franco da rocha,SP
91254b187a06b9ebccc739ecc271c5d2,b37000b4b9fcbec89485f5bca6391e0b,35930,joao monlevade,MG
912e1ba087c69b4cedf63bb560839ad1,bf7ff38191f28b19f5b2074480c5b1d9,39803,teofilo otoni,MG
912f108a7026f25f99240a5c4c60e2c3,cdf2b280dbabe2b047ba03f1886265e6,91250,porto alegre,RS
912f4069d1a78ba3c01206de552e51af,65451da312d5e253c6608a2577891807,17516,marilia,SP
913a32a0484c74b243581cd8b1821ae9,bb656eab01a34ac497457c5a92f5bd07,18285,cesario lange,SP
91484f301a554c45af42817457a14e2b,a67f3717d9cf8c9ba990475087e86a5b,80430,curitiba,PR
91571092575ba11141c0df1e1bcb4c3b,5ac4e37b3dbd8175a5f76dac1c2e2292,06653,itapevi,SP
91693fdec54a003591f8786b71c52fec,a2cab25fa1a8a53ba04f8e7a78594b32,31742,belo horizonte,MG
916c443f0834b02f061752c40f4b1666,64a61ea4f9986df7a3078f93e75f75de,08615,suzano,SP
917f855fbbe10aa3b268b6f636c20156,16377aa80ffdcd944c6130cef24ca353,13186,hortolandia,SP
919cdb17221af991200e5c3a283cb85d,8a96d24f9b20ef006364b5d3218a8f44,81460,curitiba,PR
91a894fe53bd1472d31c66b0b90d88ce,44cdce0657c2f2c37537db764146a8f6,53160,olinda,PE
91bb67066c8638f483d7e2e5e277389f,ebf5d0fbcb0d1b30d6a8bd27052fcc62,62540,amontada,CE
91da5278c565f5d5d22b3724ec4839fd,83d4f03665f228247540e9d373cbc65d,89037,blumenau,SC
91e4bbdd2efe36c6411589f946d91883,965b317b814b53797056410d4a3058d9,38140,prata,MG
91f4aa4ff5d3ddf68322f4df3ed44212,ecfe549039ca14574c34d8e5f2e2bce8,66065,belem,PA
920f397f9443bbf5775f7e99a2245890,cde8c164df9ebe2834ef7581c8e2bcfe,02322,sao paulo,SP
921722b60f0a185999aa5d72adaf09dc,6b2135fcabed65970ffcf4421ab5696a,38800,sao gotardo,MG
921bd9239c17f42ed6f24197c57b75ec,2642f11f7c5588a63213b5e67e8ad0a7,19905,ourinhos,SP
9223ff8bfb04f4673127a750e6812cc4,e5550ff5cb99a3ac6b3c11b9e053ce22,04225,sao paulo,SP
9231bdffb372a445bf9d58a34556be01,d73f08bb135f1156f3d3774631cb5b3d,88270,nova trento,SC
9239e5e8adf3005462a81ff994c43941,313d264786169d661c203a13672913ca,19570,regente feijo,SP
9249476dff8f7a54d21b00f1423b5bf1,f7d8c8576a04b82badf97861bdc83220,04029,sao paulo,SP
92715e9c90e1d9542bd5a8a8b2959af4,e83806e4e84ef029b8547983939597aa,89805,chapeco,SC
927b7ac2cfaf2a75577eb4483410ecf0,66004de86f8c62ecd2747385f3163bf8,08090,sao paulo,SP
9286639c1e08a7be041e38c68d2439e4,878d1683076172a5b7ffc7126ba99acd,35010,governador valadares,MG
928b905d5421373dee94974bd164bfb4,87cb6f9be6c56d669ec568ee36d1d4cc,29090,vitoria,ES
92932704db71729a8f947b9ffdce4c99,a8b4a3120d7a69c230a670147db4fc5a,24933,marica,RJ
92acf3602b221560d5f2eb2ffa151b30,247e5800f22950ce58eb2b9bf273a205,60165,fortaleza,CE
92c997e26fcb5d0c3d7677dd64830c29,d0ba7b5b94efc995706e1219e9b39081,06813,embu,SP
92ece1b51cc7786e28203de4ae2608da,e6a7002a6626f10f223a6721a44a57ea,19015,presidente prudente,SP
930cddd48e6ae47a5922cff200d54069,6795bb0c9c974e256e4d4f919071f7bc,60872,fortaleza,CE
931847b1d6804bdcdd755a02e26ae9c1,eb27f2b5427f8233f1122df779c23549,08537,ferraz de vasconcelos,SP
931ce24e7e52ee657b39788051547166,212ffb41849cc6edb71750751b31e290,85855,foz do iguacu,PR
932855634dedea1d4afc7a247afea5d7,82f62c72ea40104e50dc613f6fc5a784,39401,montes claros,MG
932f59e516b83cd4348384fd3b999972,dcb9635a30751dab4a174e22631b70dd,02242,sao paulo,SP
9335ae4e15f4b98e71a0340c3bbfd13d,3f63cfe07b030ad0906b309c2e552dca,05549,sao paulo,SP
9336ac21cfd40d4eb050bca43ab06890,669b4d8523b12340bd6b2d18ad745431,08745,mogi das cruzes,SP
933bab0e42c2ca412e361796ba65cd24,e65b4a5d7c76e1b12a15801bab3a6576,01222,sao paulo,SP
934a673b8bb916473b761f064fc69295,57cb4482eb38713231d3472c3e01679a,01533,sao paulo,SP
93519b83250d51338f8f21f11a4ecb7b,f148041f970c084006b2a719e9459a8e,13185,hortolandia,SP
935993f47af1ed7d0715c26b686341c5,4452b8ef472646c4cc042cb31a291f3b,12236,sao jose dos campos,SP
936abf93c937d29a4a350eb38faf8f13,f94af80b1ecdb711e74e951efdc06a76,05409,sao paulo,SP
9376b063a94c859dc0ac58fadcb15902,e5ef6ccda2a58a5e757397c302f45da6,06288,osasco,SP
9393b50b42eb21e8d4139d57afb13fb4,a4491703383709dba3dd6e7ca6f7a3dd,21852,rio de janeiro,RJ
939c7cf7f4c8f6a9f2a6c4d2096fe206,19c062c52577bef5489691235fca398b,21863,rio de janeiro,RJ
93a313239e46efafd39f0e6d4381b112,8a1e8b556fd5feb59a63729b5341e71a,56395,lagoa grande,PE
93a31628afb977c8a4ac3bddb9068054,a2ba52142f5e888f6c7dcdf9112a121e,13467,americana,SP
93abd65e3064ef2fbaeef2759ad93c0b,0a8c96ffbf539720d99189266055241e,09371,maua,SP
93bb6b87c2f3b43b991f2b37da6f2095,968fe295f3c0ecbab2f617917cc4c46f,78556,sinop,MT
93bcaca0ba9906b15984025eb1ff7d06,ad37b0e34b70d1ed6fe35e602e2e4d51,63740,novo oriente,CE
93bfec941b9c7d59bd6bf995d844a214,ea7fa61f9d7af6938fca0b33fd3a5129,37200,lavras,MG
93c614a0e7397b6bf4173f3c62cc0c87,cea24d7104b107365c53eb0cc5c4eb66,81820,curitiba,PR
93d131a16e34c4a78d1627e56ac2ee83,fa0e82704af6e6beaa7304fffb1db0ec,12246,sao jose dos campos,SP
93dd5f88e0f7e9a8f74d27a4b90879ab,eed149db664684d4c477897cb874b390,03520,sao paulo,SP
93e314b682a2da481b45a81ccdf91ef2,3e3bca450eb65febb63301472b833f4b,27197,pinheiral,RJ
93e5f8d5d2e9f57e2c745e71861cd860,d292ad21256bd552080d3990079866d3,60020,fortaleza,CE
9414fbaeb018e9d39ecb77ff898aedf0,f4105a42924606c6d29227127364472d,12233,sao jose dos campos,SP
941b415ac43a2e974940f5a1bbfe03bb,96b5aafd242ce556960678bf8d654fc8,63020,juazeiro do norte,CE
943db5b732a10f928de356cc1d7fb075,9520b4a5c7c6d61675ec5c2c62a44cf0,17580,pompeia,SP
94592fdb883217ce1d1c1436fb77890e,ea413c4de30a628ab6c8f0f2cb35197a,06182,osasco,SP
948f11301fe3a9d560599e9385a969c2,4f557b1cf15825275f3498bf39d5669d,55195,santa cruz do capibaribe,PE
9497c977e59506e4cc2e0f3094a3ca3d,8dd0fe420f8f6e3084bbdf6cced1a1b7,26323,queimados,RJ
949c1427726c544f841ef6d3593772a4,306a288f9da68a239e28063e114f0502,04542,sao paulo,SP
94bfddd766140150ff3a5f0e09df6d03,8306f3d56467705b4a747997088a14d4,65055,sao luis,MA
94c054d064ed412629f6981823258717,236928dd8fab76a2981ce06cedc83de1,20932,rio de janeiro,RJ
94c1a60de2eed5c304c731a6ec674387,013f66477aa3210eb05fec3fa184de33,69307,boa vista,RR
94d084a49f9651e3289193e6871094c6,44114e8df21af4b4a624bee3235bbd6c,07745,caieiras,SP
94d33f0fa325a5e1a184a1806f98793e,d681396d784770d6368f2431f65faafe,05187,sao paulo,SP
94d5ee043c24f4eddfb22dc2bf38deb4,eb298aa6b37d4851972cd61b24112a6b,05590,sao paulo,SP
94d64c9b674e29504cf012056f182c9f,dff5ff8f411dd1d77875f7e17a3eb512,08040,sao paulo,SP
94e56a6d6f8b3e26ad64c605e67b48d2,db9525f2339f6bb22c0ff48a64b5ac8f,05819,sao paulo,SP
94e5dec6a70d4203e76e8dfbd35706ac,125fd065ab1ad1a669975b4ab9ec5393,22775,rio de janeiro,RJ
94ee6021bdba29d170096b11229abdc6,ae254c1e6f7c4a1cc201f92b11c2b671,36680,sao joao nepomuceno,MG
94ee7783d2f05e72a85fe65e13e96c9c,0c136ce7164e9351a4dc6686edd52c19,02928,sao paulo,SP
950ae87062f753d4c60dddad6d549a17,6d861bf158bbb0768b94f0fa76022373,28970,araruama,RJ
9530bb46f44cc8564b66def5feaee742,cc43afb2cacf53ca901e965da60a42f8,11441,guaruja,SP
9537f2addba8448428a3fd1a1add0656,0621cda5f3ee9a2e6f3ae6ebb5fcdbe1,13830,santo antonio de posse,SP
9538bc63a8c734af9f456e5e932af9e9,f5dcd5178c6c7ce8b09aa0b13589bb62,92310,canoas,RS
953d151252d1305b272923cb0776a79b,c8f4f0e903ec33304d2c7a5301a94c7e,22753,rio de janeiro,RJ
9556f574fcc285171e4f59f2b38ba3af,c3a9f9f16cdd36937a0b858eb02933df,29175,serra,ES
9561fb5984d862e686beec844488550f,c896a03511f04a65568335fcf3fad642,23535,rio de janeiro,RJ
957d0f71c1ae9335c366d1db03ecf188,a5fe57d105a5ce9b3a36196a69c61b6c,53409,paulista,PE
9585a6e7aee2694d60fc9a1b6370f3ba,2ab61ddcf4415fb0daee204a1112a8da,13611,leme,SP
95926d52021d78391f807460a5ba3d33,539cd2b2615a3ce2a67b2d55eced8311,24440,sao goncalo,RJ
95956d00b808010f2c84f7236260d722,5de57fee97489a43d506193371e3991a,03320,sao paulo,SP
9599f5e43a9b54a82ab4392a0c8e94f5,7030164c13386d397107bfdf15f3814f,93270,esteio,RS
959dea625b3585727393f81649b336a8,77d0eb168aa447aedcfd3a2a64ed0908,65066,sao luis,MA
95a8be8f74e6b7f3e06ef03ff885dd58,0c408490d833fcce64944726a4cf9d8c,29375,venda nova do imigrante,ES
95ac0014a9d1cd441615173651fa0a1d,c957b57bcaff0ed3a494d95c865de4a1,85460,quedas do iguacu,PR
95ae78e4053ce98e9f9aafed4b2ee1df,30952df05684c6dda669f049624c4854,37120,paraguacu,MG
95b18ed2e0c4328d80daed9047b6d995,191525912e1a31a97bf8b481ce852f75,11712,praia grande,SP
95d6c004d9e124fbca0876e72ca0b411,c1bec3c0919c109808bc3dabba4ebda6,91712,porto alegre,RS
95de601b667f07f36d2a485b42866900,e7ba27eaa7692a165b91ba35a41da310,70660,brasilia,DF
960b33a48965dbe311329af76f4aa70f,ecc930730890330ced95c4fc78d4a91c,74533,goiania,GO
960f251d702793f91105c34c974387d3,50cd97d731f3f5e3f321673c2671a23d,08745,mogi das cruzes,SP
961071125f29a1927a25ae916455ef78,f411e629562709be496c105c033c6b4e,68658,aurora do para,PA
96146cf7e9a4b8e25cab09715434bbb1,9d1f8629dc5f3107dded59e772dbf9ad,38610,unai,MG
961a23e97556fd80b1cad9d03d6fb0b1,fda3a3eb3370c1295a4fc3f6cd3d7604,20220,rio de janeiro,RJ
96247f13c0086e9d96b945227b7f8f25,c1eed380c5284f6d86f7263653ef215f,70801,brasilia,DF
9630893f817054e899ceb1c9a539817a,95e854450814c0600dbd930cc927a83e,17602,tupa,SP
963544f76b9088090629e464c5947091,61cf19a687943645bc49aa9c03927d93,24340,niteroi,RJ
964253ff0e4e08180064764a450e521f,31954fc2c9d7b714d49ee440cc8ab01f,65071,sao luis,MA
964343a3f8a65e01ffad1b9bfaa7d7e9,d9643e0f17a9f63e44217990f46a96f9,28892,rio das ostras,RJ
96437a804b26c621efedf71a229768bf,662950b4d6b81d540ab374f581a6bac2,31155,belo horizonte,MG
967400dffafeb6bd681d17b5c57cbc46,d6df11a09268dc899377f7ec02511799,01544,sao paulo,SP
9687241c8ed4018450273e3fe23803b6,6e5c0e412f8b74a1c29aa945757dfc46,59122,natal,RN
968bb6f1808b5eba71a2a15041255f09,cec9f54c6af7bd9e26e187e22a2b6230,74890,goiania,GO
968e561e3d26d0ab0eba0978942f2806,d97d249adb08a313a18cbde00620769a,40210,salvador,BA
96abf0d6ed5581dcb89480606bd1b729,43beb78935adea90d769ef58208ca634,11040,santos,SP
96b80763a9e40ec80e13ab289a3296b7,9363e2b5b41aac1a5f31741dd9292123,98801,santo angelo,RS
96d3ac7e240192d6083be5a89a56da21,ac6a562cd32434d29b8dc97eb3e0dbcd,01410,sao paulo,SP
96d88088646eaffdd90541093435f9c1,bde7e409e8de1bac7f75702164251e4b,27255,volta redonda,RJ
96e67bd62456c6f366ecc6c9f82cf5b8,b8c796be9c36295b43e9595dc5480909,15775,santa fe do sul,SP
96e99e9c96df10ace8cb672ce133896e,b0765213c38298fb584fee79eb17099e,55900,goiana,PE
96ef8fb77cc2818a55b9f63961183f4a,25d87acf54fe69af6859efb0711ae487,09951,diadema,SP
96ff2fb4e02f1ad659f61b82516fb087,5a90c04310014a55c85bc753606bcce3,07196,guarulhos,SP
9700e1edad3c5eb426b3db0e0287e2ff,4a685e53993b2db83a46940aef771aa4,85807,cascavel,PR
97091f48563cf12e2e81034e5e6f124f,c4e1f9b885e92146f6849a7a8cffee9f,09020,santo andre,SP
972113ea2f5747454eab08fb128eca53,e5c14e138944a4ad8ad34a1f129df1ab,85806,cascavel,PR
972cd773a42450ed39ee9e1f290f3529,d7140656936a641754fbd42e1d4efbbf,02013,sao paulo,SP
9730f3658e8ab2e63c59450396dbf937,22f515194958da7a6206c5e71349d335,68627,paragominas,PA
973fa080350628683fe8a8147335904f,46a37ce78e0a0cc62c0b412e37188437,19160,alvares machado,SP
9751d18d4431a7dc2bbd012371072e00,b2568b761f76f5b62bbc34a9eb3de6b8,03320,sao paulo,SP
9753f84b730453267fe8375749d02fcb,b6fc43dfb598d3b8ec4c90c56d0298f0,96020,pelotas,RS
97592acdaafe25b9a5aeb8d5f85aac11,d21d28ab42ddf85bb380e10965b51f14,15500,votuporanga,SP
97872d3908c8b7aa23b2dfde235ec569,9e3a777e7dc83001d9e2abd7dc5a446f,13175,sumare,SP
97b1cb51e2cb2db7fee990c573939326,e5cce8f93cfe5123f6a605dbf64c7d9f,66060,belem,PA
97b50939d4b8da29f262e503097841d5,efec97e785d799b02f2f8a6d54babbdf,72860,novo gama,GO
97be631d09715d48d5fdc90d8bdc8d9f,84b72567352c55d414356328f7a13e5c,05589,sao paulo,SP
97fc5244045c01b3cf813cb86e6376e3,74a22d02f73866e4fe62dccb2c760a2d,38700,patos de minas,MG
97ff9b5ae14f8fd17a06e38dcbfc3af7,b430154fdba45ac6e519e53c25fbb068,99700,erechim,RS
980c50b9937474c6340021542088ab28,400125915a44697e2fbc6370dea0ddbb,88309,itajai,SC
980ce384cf75d4d521939629585ff283,1487f8c57890183ff94a0c3905ac7edb,13600,araras,SP
9818568a35fbec2f8c573ad8d8f22ed6,13d20dc2341a564404ab1c6bca9dc728,60050,fortaleza,CE
981e2a35b8cc3442c7b18d008d58e20c,dfb3c6f416e10724a5cb30cce6139163,18055,sorocaba,SP
98209b8b1b97a90f4b5028daffb1b73e,fc332aac4e6295b310434bbec9773c4f,11712,praia grande,SP
982f89f0ccbea2fd3ca4c8edc3599efa,278421cd02bbd7983fcc0248cd278e7d,16021,aracatuba,SP
983db67f67cc7707f18e292d74f2b0eb,154017ee7b8f95544a8b9885caac75c0,03188,sao paulo,SP
98429ab5c5f97e1d0d1651b16780769e,5dc8098e89f6852b2ab99d7b3123c27b,09895,sao bernardo do campo,SP
9851deda7779662b5efe8b5242911c9f,3b36c9136759dd1599f755c82917d0c6,23570,rio de janeiro,RJ
9853878485ceae16ecccbb96eab9ab5b,be1642b14347366dac1d8e7f0cf9c26e,86160,porecatu,PR
985b5459eea14ff861542abf5f843f19,c7812cfe537709c2a2dc3bfc30a3cba9,89220,joinville,SC
986328873061709d5300337ab4894fe8,7076c8bf475d63bd8c9f25f764197e54,86020,londrina,PR
986e4efa44089b9cafd44fc27ba74244,a4c5933f802852e4550538611058917c,45990,teixeira de freitas,BA
988440a77f06ef4a5885c7dd31833bf4,0927468f5b9af266432a47173a7f8209,01231,sao paulo,SP
9885e4e630af4b7352e0a32a7a05bb21,18ad83ef564d74c175c9c3449041738f,52011,recife,PE
9890637cbb5c311fb67564a3f6b09ed4,7db56f383a280aaa5da0a940cd503d37,13178,sumare,SP
98938d16787de642d239bfe5ad2885a4,7872afe601e565376efaa58d23e95f9c,28625,nova friburgo,RJ
9897cc2745dee2567ebdd9c8e997f6d1,bb23040f48dc220e6aa14a94dce1b2eb,71010,brasilia,DF
989908db06fd4a53e3177795a0a402d9,342f97d3ea88fc52bcd5af2ec5902e0b,24422,sao goncalo,RJ
989aea921d9f98b5c84312b62e061b66,7e094f060802ff5e25bef767446968d3,18030,sorocaba,SP
989c193cfe0018c75470fb0549603d52,eae08582ddcff4b5ca1b6d84c7c5cec7,17540,ocaucu,SP
989c61253740a45232db5d7a836e7bf9,07e7c156cd5b798b8c83dda4d5c51d7e,95760,sao sebastiao do cai,RS
98a06a6332545015fba5269ad5dc4f5c,621d7618a6e51635c258127314d3f457,12030,taubate,SP
98a2d594a64eb5fea6f4eba1a5fd7041,b316e256ce45161d3ab81f74834376e8,14860,barrinha,SP
98adb1ace438c2553c8eda1d1dcf1c20,329aad6fa941f787358a07e787be91e8,14870,jaboticabal,SP
98cdd0afc57e8b072658ac1bb19db884,5793cca26bf2085257967773b78b068d,32920,sao joaquim de bicas,MG
98cea627e0afae6f6e71fa86174b819c,21fc565df52265871447582e3947852e,76872,ariquemes,RO
98dd276233e59f41f2a896b097c2cc8f,d95bda34cd620a375fd8b4bb2eec82b9,05778,sao paulo,SP
98eb23682f18837a3a22b1c7130d6a48,bbb4a3998a2b9baf32489882527762b7,91260,porto alegre,RS
98ee0e7037a72a373dde3cb7eb3dff5b,ef2a6a46966c323b241c5d77a1920458,13466,americana,SP
98f5451f9c5690c1fc201064fcb92c46,5889e66d7e94fef6d0ce72f974730e94,89228,joinville,SC
98f8d4023b866b445fd7583b48d3c7f5,239c38c21fc31782faa965955fe6d67b,08940,biritiba-mirim,SP
98fac5b1b0a7bf94429c38d93a8c88c0,93fa0e4424cb0c27cf32da8068c19b0d,07111,guarulhos,SP
99079841620303aa896941664bd86441,d665a0bf055735b21aa69ba970379991,65067,sao luis,MA
990ca371664feb42a064c3503d40d749,aef5ca7735ba53cbecabfa7796c36b74,24241,niteroi,RJ
9920c66af298e7dc6997930aae31f1cd,dab8aa3e35f6fb764ff6ab50dd326495,20541,rio de janeiro,RJ
9923c6304b55166c7bdb59470d76e262,9177736727dc747f69fceccc193c125a,84900,ibaiti,PR
993a8c810083ae41ff595aa595cf2dba,b54bd4266b30f46d43b39b65cd436290,06785,taboao da serra,SP
9945b9b12c55447613e1cb11e21eb4e6,a0defeb4e8b47e1db2149cbe93d68609,13044,campinas,SP
994f168b1d27da378b7171109ad4709e,78074258b634884e20542b012106c6df,18277,tatui,SP
996099e76d23cf9d25197bc7ca733a13,3ddd076b7f728bcaa2ede9dc34c78147,29142,cariacica,ES
99907fb65062e52496e146648f921649,733574fd64b59b451830b043017790ec,89805,chapeco,SC
99a50e0d375610b72d2347ba456f3217,8d0a8db3a4f4813a2226d5abccbea87e,39850,ataleia,MG
99b0c582915e28a4321e5ffedd15be6b,160469fb680166043e1b6cf7191f304b,02273,sao paulo,SP
99c0630472d3966ff63c3eda902c1740,ec645f55cb99f62fb8a30e9d467b3e97,12030,taubate,SP
99c28efdcbaf15c20b31be33fe964653,c852d30267e8921063f7e76e16f32a95,01521,sao paulo,SP
99c49972cccd0c7f3891735f208da202,f35d345c137deaccf9c26ab701108f20,83215,paranagua,PR
99e5ffb6f6a73fce0c4eb14560acb6ff,371cdb0d74b1ddd5fd83e97a29f4c4f7,47520,ibotirama,BA
99e6d3283c13d53d86d6c0a026fe0bf7,3b3f806b98cb473d88222157c02b36da,77490,cristalandia,TO
99e8fac2d9664a0f5d7360fecdd6c560,de33b5b4ccb4acabd7373d9fa3a455cf,13481,limeira,SP
9a0c338c3ce99b9896047b86ac665b95,b9d45d884c2fc0a5eb04aa45ebe44f60,13214,jundiai,SP
9a107dc2b4eac6faaea8b796ced7e079,6760ff1058a847c5f21ffde987db6d1c,80730,curitiba,PR
9a19695e6d81c0eddda784a2026b70cb,c01dec3a0733b3e3eccb3073245ba9ee,29177,serra,ES
9a220d775bcd3ba306012ee934bc5298,7d4297ce106c752018d700d5b26b1a2a,88054,florianopolis,SC
9a24b6d573013c48b347b7a3219ec465,1bbca7ca8958b1c93eac8202b06796b0,05174,sao paulo,SP
9a38416b70621c73c76690a5cde38c0b,d9eeee890c848b575657f4c1983565f3,13280,vinhedo,SP
9a4df08b3ba855822a7d5e8c8a4c4f9f,3a74b8f2bb21642f3d1a27e612ce0856,35588,arcos,MG
9a6b4a17865a6eb29c6787a1d5484568,11859b0a8757681264c7078302e0da1b,08370,sao paulo,SP
9a6f6b9c441539f00a707301d09802d4,c2bbb0dfb80929da421b783eee17a622,27320,barra mansa,RJ
9a7a057f5e9560593d21cf17220b04b2,dceaacb38425bbd61d7d71968bfdccda,95020,caxias do sul,RS
9a91fdf882a557e2fcbf6d64ad100d94,73630b166ec1457c896290ec9ffaee6a,20040,rio de janeiro,RJ
9a935364cca30059364ef4469083e8f8,eb1f4848156c397ff6d7da148a5af228,31741,belo horizonte,MG
9a95ff617d46b0853a2a9ab549a3f3d6,8aeb209e316043f412f30acb963f62f7,71918,brasilia,DF
9ada9369c351ab0b41d93b98d5a963dc,775e9baeb34289550348cccdfdd1ee73,80740,curitiba,PR
9aeead5285b1635b4c0a55a8496e998d,0867c4bb85527f7e0b1d67326b5d8abe,95560,torres,RS
9aeef00092181c23d5caf47cab6e5f5f,8b36e776a8a166902ac1c85024d7aa52,02732,sao paulo,SP
9af4227b61b5fdc0a5837dea799d9533,9234a74ab15e0578c3122dd752af538b,09561,sao caetano do sul,SP
9b0f7b8754b6d8abbf3a3961b34aa3cc,88dfed4403bb0ca4480fac0c0975b6ff,05359,sao paulo,SP
9b2a6499fe7345f6cca25d1dc822a0e2,3219cc23b3383c61bec7205aa614e778,04158,sao paulo,SP
9b376404244cd24cf089abed1a44ff0b,c6de56c832f5f691a88156fe95f4521f,98590,santo augusto,RS
9b3ed5485c93de1b23d2ad381283fd9d,184b3cfd8ffb32d11694d567f18e330a,28053,campos dos goytacazes,RJ
9b49060b66b604036f1caf445a7e67c7,bc6262b3455342876d70b7aed1ad3986,96200,rio grande,RS
9b4f6cff492df6f19b4cd348fd0d0853,b7474898d0dccad79a77bf2b0d23bbab,04822,sao paulo,SP
9b5c94127a26a8523359c15f487306e8,1a3d2532a1c191c09d3c37dd27a0c162,17501,marilia,SP
9b5efc166095e901a6d0ba70bf0cb80a,20b3b30ddaf3a484be8af20013551037,37980,cassia,MG
9b6103f5f1d4589d533383cd48675eee,b7f455082e5cd9e6a71b502dcbbfab5d,88512,lages,SC
9b6de7a8f933729d506499252e96e884,59af340efbf4f7183fe7f92d11d6c7dc,93025,sao leopoldo,RS
9b7822c67a91b431e9254007b587214d,9d0ac1cdbfc919d676e2c2377abb32c1,71928,brasilia,DF
9b8e49036d8bba6e2a8b0924b331fcda,f5bd03b366f03a11d1d00abbb7f53d1c,06053,osasco,SP
9b99b552aa8d374d12896e55dfa2b0b9,2d0b5c3a0b200f10d09a3927412a9203,04015,sao paulo,SP
9b9cac11df60b6a2ca95f4045dcde787,58d5d62f6d1ddf4887c7ac601ed89e11,13484,limeira,SP
9b9ef0b86d210aa78290882b2cbdcea3,2585a52c9e40ce4cf0f16ce6c7336cae,91430,porto alegre,RS
9ba00b5627e37eae99b7b42f26cca99f,7e51525ca9b833a13488354067e35416,60135,fortaleza,CE
9ba9a573af39c332b4844fee4e2cffc5,9896b923caaaaa7b990668b312bf5a1a,22793,rio de janeiro,RJ
9bba6755656e080e145067f9f9cbcb61,7196491c0dfdfee4fccb0bdeec635b34,05890,sao paulo,SP
9bc6a3dd00160559656abcd2ed02ffa7,eb2b2bcadd87189d355aff031bfb9534,09781,sao bernardo do campo,SP
9bd86e62b19dfcec051d4ca9c5d10ee6,5cf84c2ebd6a4731b683fbb28c871b09,37460,passa quatro,MG
9bdd006e7722078bef3dc58b0a39712f,b78085f987f110c4e4361e5230ce9e1f,81130,curitiba,PR
9bdf60de7db54cde7c28804b02fb72b8,3797de5ad80619a55a3c0a8a034f5ae6,32670,betim,MG
9be0b5613b936b25b6a08a55ef737919,d2465d471f76cc390d699f508495c2eb,36883,muriae,MG
9bf1366d0c36b553866ec4d27a186360,10a1ef252dfed31a344567df1786d7e9,53433,paulista,PE
9c04d2b53c321f9cdcc997ac84a7f7d9,79f7829d8c2ff219754dd59adb5a2096,02733,sao paulo,SP
9c218516f70c6deb239810bae75c305c,9b04c90ea70d2c999216b74e787b9aaf,93410,novo hamburgo,RS
9c26e41845eb11a5169a059be6308336,c9686aaa1925a630f380f6d13eb54715,58330,juripiranga,PB
9c2fb70bbdefbd722d175be10d59947c,9171ae6db03a687951df506cf9fb72fa,13780,divinolandia,SP
9c33dfce6c598c5937553e844591e0ca,93f2d8883e0762ac2222ba7698b22f41,14026,ribeirao preto,SP
9c52e1effa73f4d4b2b3c73bf599972e,749f5ea9b3a5969f77c08cb3744621f4,02031,sao paulo,SP
9c58d0e1a56386c34bf6fbfb2a2b9128,dce1dccc40ccc072df1896cd4591e746,88132,palhoca,SC
9c5a04b217ec8c874f1ef224f8847bf7,6d018916b5735920ff598291edfa8c89,53090,olinda,PE
9c66d0ea4755e0f35408a0cd71cc68a4,deb4b7b245e4a3d38302b08b3679d754,06656,itapevi,SP
9c6bf855fea8ceee89c3a2f9073e65de,151c7a254677ee4c823935f5cd076d11,75690,caldas novas,GO
9c701fa0ca8a580d86ec245af013d65b,3c023c5cbc1bb587bd05639d561ca0b8,55819,carpina,PE
9c75150ccee7d27156bd4b0b05c828da,01399b72331afe80cc0c3a982cafb177,29304,cachoeiro de itapemirim,ES
9c85b029b22c928f95accc8c6d8b5343,cdb5b114fc4f0bbe77349f73ba0d497e,37225,carmo da cachoeira,MG
9c991443e5f8f7fd0903a2ea9ec7a0ca,8b37cd48e54aa82a06bfcb019a05de72,13023,campinas,SP
9cae326cc4642d878c0cbf143ef29da7,e773a42bacfb194f0f480d9e52d0f688,86390,cambara,PR
9cb4fce9998c3765ef9e7a4eeb9a16c3,cea7577c7653e0d27dd6f59bf366445a,13178,sumare,SP
9cb5cb63842b6b3b9843f6803eda167e,324ac53c3fc280401366b7c197dba28d,05734,sao paulo,SP
9cc971992ce857d4f7ca2cbe0e6527ad,7639c1813baaf28ea109538971357918,72210,brasilia,DF
9cd05016183fe6b9435f5b6d3c100b93,eb2c9233e39cbd2e7db5b0624afdb4ce,32655,betim,MG
9cd36ef28e6e6a3d1e360cd8a7ac52ed,fbd3085c1981e8f769497eda747964ca,07091,guarulhos,SP
9ce10032cfbf7d2dd3cfe41c48625e59,2f87954d18290f96cba6736b8ff5f6fa,89245,araquari,SC
9ce4680135f65f93297fd3f5ea750eab,4577881f7a6c10d8eb6bd7f7a82ffa86,03508,sao paulo,SP
9ceedfd00f1ffbfa98dd9b9e960b81b2,6d7c24825fd7ec8c73cf050a300ee9d2,27210,volta redonda,RJ
9cf2a42feb9dfd6fa2f0fccf54fbc20b,4b4b6c80670b645e78fdc3438ffc0720,55295,garanhuns,PE
9cf5f75b8cce94bec85e361f2f89ff1a,432477f9f22d3019c7585b5b7012972b,95185,carlos barbosa,RS
9d098d2af436a0531e84635ee48f79e0,94fd3be3efb7f99e4b29fbc55faa7a11,13710,tambau,SP
9d0d0f4397e1a7210fd1d0bca983843a,185c802abcb321b6e84427a0376d7dea,70760,brasilia,DF
9d1c8a11d15c3bd2b813cab5608792be,39f95276b1124fe5360c10d28ce6474b,36021,juiz de fora,MG
9d221cb5b002dc5134af790b0014afb7,88c0873dc8073ec49376fa08e49bac90,70070,brasilia,DF
9d251ecab0a3f11908e5e048e5e14112,0f370859ed2f5e5c3a26afe5fbad885f,37470,sao lourenco,MG
9d2f95cf28f64788972d2cc5c5a15272,99b919a466001110a220392ef603ceac,02259,sao paulo,SP
9d3da05c54f78aa53bbf63126a911b72,9e09e0d9da7daf1871fbbe13d799a94e,37250,nepomuceno,MG
9d535cfb9c9d4e2d7d8670551ff202db,e396d2695c6f8fd6f121fd4653d7f99b,30120,belo horizonte,MG
9d5624c559f9227e5c189106774bb567,dbb8985cba830b580df7d14ef6a5d548,04724,sao paulo,SP
9d763d8a54fb8bb371f06d0ec3d9a7de,083ca1aa470c280236380973a48f77c6,58051,joao pessoa,PB
9d7e77ac76ddfb20e31bbda7cccf6f77,df5beea38bd02a847395710361d254af,60762,fortaleza,CE
9d81175f83b45c6a446a8d3dfedd1a25,0245997602d4ec43390590e43dfd39d9,07240,guarulhos,SP
9d8e0ad64a95c80b2816d44431f913bd,6554ee157a59425e99e1b9c87913ca2a,13309,itu,SP
9d99ee9ec6f49be593dd454a50eaf8eb,728bf5e23b298feca87e34b8bd332da5,53060,olinda,PE
9db2f7ab1e4165f06c5d4819b0abebb4,9cd19cf0fdc6e30867c90443c35119cf,09812,sao bernardo do campo,SP
9db4f2dd60aad0f12db7f68b36a653b5,119f64639e59ffde66a53dda588b0ee0,01138,sao paulo,SP
9dc9565c601aab5b9b033fbc51ca5b7f,8b6b6852ffaa3648f932d1a955a18ee4,06713,cotia,SP
9dd67cd8c4589e31802e8e02c24b3b64,867fec8a9fe43122723dc81f7116c254,12030,taubate,SP
9df838ecf2da1f1acab7c808dd93d6ae,74f91d83f0d90cad6bd731402aa7dee0,91520,porto alegre,RS
9dfbbf80c6ae9741c9576d3371f58282,cf0c6d663a4054bbe5ef8c6658779cb1,78053,cuiaba,MT
9e0628923d9fe029c079eb11ae72d241,dc643b60537f44f35b2f91610ea64153,36855,eugenopolis,MG
9e10bfe5eb4c55263654f22bfb0af9b7,874314e1119e9b6ff5ca4d852c62e935,21235,rio de janeiro,RJ
9e1540e5915a50dba7073759d4efd583,c0509748921a2c0005ce9a3d854e450c,07130,guarulhos,SP
9e24614d3c9138935bdd12b9b0504a7a,7d904a4755e206a3e308a1f03d4a3a7c,13064,campinas,SP
9e25c2614a1e0b50eb10b26f224695ac,03a31fb0bb19aa17e33049b1961e2aef,11730,mongagua,SP
9e29cde4ddb42f9330bcf3c9bc23d177,66980c3775537536f77b434d74e520f5,30290,belo horizonte,MG
9e5dc8df72aa76b7d2cf26f4e549466c,141902ce86bbe8dab919938119c54f1b,27331,barra mansa,RJ
9e67b6474f7e8370b6340375aefe9692,8c2cf5d0097a91733aef2b1e98a1983f,04848,sao paulo,SP
9e79faf37d10edc76b6b7076887794ee,74b5d9d8414cbcae0c980eb243e1ead8,28909,cabo frio,RJ
9e978f16c7aa4947054853572df18e06,e946caa551b2f48b6c5f4883d34e2e1a,85859,foz do iguacu,PR
9e9b4b54d810b93677fb4cb74911601b,6c90d5dc3eb640f2b47664861cc2619b,62700,caninde,CE
9e9c658318294b4563a62a0b6b30a0bc,c027922c18d74ec6ad21668b0736b14d,27175,pirai,RJ
9ea72efdba6e23e3f17163fa0a8ef164,c813a09638563510d57af64d406b63fe,17720,salmourao,SP
9ebe376b5d3f517c3d18461079c1cc4f,9b54d8ce4527bcd6d586d20cbac8c270,26900,miguel pereira,RJ
9eee33666a68d14a3cfc3d3da1a876dd,accd68fd87adda3d6360d77daafd964d,25525,sao joao de meriti,RJ
9ef127d5e1160289c0629d156a39c648,91c07dc37131bc40becfbbfab632412d,13040,campinas,SP
9f3ba8ca881a4d8641dae98f8bb8ee7e,caa4de7729f9cd45c3302e258841bdb4,06693,itapevi,SP
9f4d56b7ac45461cb350b204ab9347e1,a538bceea7061433353f79e99057f7c5,14960,novo horizonte,SP
9f6c0972750903c3faaa17aa77b9b328,703254ce24f40d6b75369e6fd8315a4b,92120,canoas,RS
9f6f3da49e2d46e3a7529f5e3c25ecce,a40096fc0a3862e9e12bc55b5f8e6ab2,20561,rio de janeiro,RJ
9f700cd78cf84ddaab40881aa1352029,10b046101bf794f7d9ffb7638147438a,13338,indaiatuba,SP
9f774ad7ddb074c3c761bd8e125f1824,ce7523b10fc81d7a1a16bd5454b099de,04143,sao paulo,SP
9f7c3d69ad55472f4f6957b41f0800b1,afb7ccda67437e94b04d061983fb8735,29615,laranja da terra,ES
9f8b2ccda5f9f90478038be84bb1ce22,818fe75a5a6229b3769b04c4ec9be2f5,03208,sao paulo,SP
9f953bb4452203555445d713827f1465,f38e382731af9143e1321a49534c395d,71937,brasilia,DF
9f9c074b8bd8cdd4c51eacdb9c8c00e9,0ec2b1d231338b7ad93828c280debb6f,13214,jundiai,SP
9fa640b461197bf923b328f63ae4ac2b,476044a045850de49b672f57aee54b5d,60831,fortaleza,CE
9fa6f4d5caad5fb2dd00719fd4dfd2a1,0699c67bf57338fea4c2c1a6df0ab295,39260,varzea da palma,MG
9fac23ba3b881f843a1ffa4302367de6,58bfed1b2306655c80e33215ba6d494a,05417,sao paulo,SP
9fbabbe4238be3f2033ededc2d212b6d,0cfd3bb78e947d0c37c6b6c113871fbd,01017,sao paulo,SP
9fc75a66f07ee76032de66af22f78c05,71f54169ef0f105ddbea8ac39bb56d76,05709,sao paulo,SP
9fd502a41b84277f49be75af6fbc2738,b824002ccd372e21ab64ee483b84c5d5,08793,mogi das cruzes,SP
9fd8f92d72e01881424466eb23370df6,05b0f3be535890cfa3de97c815033cfb,04840,sao paulo,SP
9ffe618cd036e060e22d52b89ded9be4,f871e1ce300ec113fb4c14b46e48d89c,24467,sao goncalo,RJ
a014a75050a792fab507b0131d442b32,b455edfdc265bf5a0f5bffd01f36b86a,08331,sao paulo,SP
a0402041f21126e553b1a0ca676d95c8,08a91887595ace500082dcccdf8aaa3c,14900,itapolis,SP
a04c1a8fb4d90f1acc305482daeba5c5,15a8c734ce4d2b6cd9bb2a52c6347d89,88702,tubarao,SC
a0508b86d745112acd8e2ac4a1c3b02a,90a4155ff741f30c5321018d12d4b43e,05616,sao paulo,SP
a052d27ac6973583d6acbdc8049b6257,ba0d6c598452b5d0c342543e341c1b3b,13470,americana,SP
a053fa192b4a6197e220e6052002e8e1,13d6316b7049718767c48e4224ffa6e1,83701,araucaria,PR
a05e5d67bec8b16eb0a745e78554c71f,478ad0e58a5fbf512d7655c62a78dde3,71918,brasilia,DF
a06845418e31e02c09252e0d38a8cdd6,73c408d3aae47d46a87f29098ba52d79,05889,sao paulo,SP
a06ff1b7fe5a96a9449fed853d1dc62f,0b402d6dd50694a118c642448e2cb086,29215,guarapari,ES
a0715f79257e6f0e7db3d7ddec8c418c,95fc53188be72ccacf7e9f211d76cb4c,14270,santa rosa de viterbo,SP
a0786c581c57c96420d8dffd0cc5f4c6,17459b0164c2455bef59ddf1a7cc0487,25015,duque de caxias,RJ
a08ee5910f78d3f2b79a0e861d0c6d6b,b2134aad352ca60e5d20703c91965f12,90660,porto alegre,RS
a0957b15b659dc70b6842d8393a0579d,77ef0862b89256611f051871937c749b,07176,guarulhos,SP
a09cad700e500bad87750b957538d348,3ce1c87f5a41df6487cde6bb63eda741,13087,campinas,SP
a09d60347e2da4735fdbe1ddf07eacda,2cdd93040317cfc400800fbe293e5a59,11702,praia grande,SP
a0b2014ff906d045328fe8c8e01bd452,6909c33753c76c7a1ead3ea5a6a6dfd4,45652,ilheus,BA
a0b7bf085451ca667f8c8015e9812e3b,1c6c7f4687318090a16753eeefd5b1b1,12820,areias,SP
a0b828674053768d72daefb412b43410,2d8ae2da8dea69747842dfde2d38592c,80240,curitiba,PR
a0c6454f5412428aa4c023e32c08ef4b,5a6b37816cefa8497b74b1ef78dbb202,28630,nova friburgo,RJ
a0d5a45b8ba1d0075371cae17473b317,65dd5d841cfa632c9c249578bc6e622b,11740,itanhaem,SP
a0da533a80af3c6f0346ae45578fc80c,93dbd712e976844f51218d25af826776,26510,nilopolis,RJ
a0db5da556c6361f814370b2d8760caf,51646e28c45b5e6e211f6e749cf4fbe6,05861,sao paulo,SP
a0dd74c26f554c5ffd5bb25aab74fa1b,42c3f6b926a5c457bbd69df07a2da8df,45880,camacan,BA
a0de49e00efb2ecb7d47d0266b771319,d3c5778b4d8c724436d8c16864177d17,28035,campos dos goytacazes,RJ
a0ffcb12d9a0552652f35c3e54639a8b,e91e347da2b620441a6ab0dcce6ab4c2,22793,rio de janeiro,RJ
a10f9dedb64942cfa51dd19dc7972459,a1e464b37bdcfa390b3eebd18eed5ee3,55022,caruaru,PE
a11d6dfaf3c860e2fb8e9476ac3feea8,366ad3aae6df9f6f7490bc7f0bbcbec0,11680,ubatuba,SP
a129130357a247067beac84dbb5dc745,7459551e3b0a34117ba168216a40d77d,17560,vera cruz,SP
a13572863e7d88559239ce69dec021b4,c77e28120873b5909c08da41a16406da,84990,arapoti,PR
a14b17e55f117e4bf24cdd9d0e586c35,d71a769963b2c890c06e83cbed137a43,15500,votuporanga,SP
a15a26030fa0d12ade628812f725194c,a1b76ddc33d99511f13d10b837357303,06900,embu-guacu,SP
a1603ad4b06ff900d10c3222f1818bbf,a85e98ab857451a1af52f7a996dc81e8,18270,tatui,SP
a16137096c93f2569bef62f379f7ed13,3c47dfe68c3af2dbbf662331f698c3e2,13050,campinas,SP
a16adddba755faffcf5fafc6506abcd8,03afddcde6dddfb09ab4c007a4d6e34d,03346,sao paulo,SP
a178c62795494a0a0eb68d6014677440,9a0b12c05e9ad5a3cb97291e860b0a56,13084,campinas,SP
a17dc8aaea9743dbccaca067b5ac3b43,faae4bdf680651e40005ea6f0f90e8b8,09855,sao bernardo do campo,SP
a1d87ae5a106ad3b35345b50f226cc8c,47df3391ba10bd28c75e2e0bc53b5dfd,35420,mariana,MG
a1e0ece6d8ce34235b8f5e3dc7a8e69f,016dc4411329d2b3292a0fbf1402e95e,33140,santa luzia,MG
a1f6530f940d0e5f625593bd7fc29f60,b9142ba5f1b0dba9110cab4f4ebb114e,96610,encruzilhada do sul,RS
a1fa003a1a17fc47164251e0e85034f7,0f5f7242f02dd87b529106dff8504edd,65030,sao luis,MA
a20addfde19c0adbe45c295c7a2c996d,4bd71dda98d3a4573ef699a586976d65,12460,campos do jordao,SP
a21aafe2dfc5afc8565390c8459a28e8,4a5c915f7941f1511797a0ac65dc823f,09120,santo andre,SP
a21fcb6d658ec7eed4d41d174cfe321f,52949ea878b84dd0c50448b37e6894ce,13309,itu,SP
a23d6020f4bb2913acca5668e20c1e8b,ad422bb9c9cbe573c06e4d2ee56f6d6b,88801,criciuma,SC
a244afc7a1ec53f1aad296d1cd6e91ba,d9f8d6be11fb416742c9e35e725303f7,19901,ourinhos,SP
a255c79850f6fec25ccd1acabd4a98da,1a940ff1478eb0d0029d60d6700ee986,89687,passos maia,SC
a2592535b56c9256867a805f553147f1,5d0a095a112a73d4ef9bf7c72626b5c1,22710,rio de janeiro,RJ
a25efea1e7000292dffe878497337430,411152b263eb7e1944f361b2e1173d1a,02339,sao paulo,SP
a26836b9cfc40d714e38cff84bf5381f,32fcda2f258293ba3299d9766c7b97bb,55340,aguas belas,PE
a271cc85337445daaac5f4c73fa27f5c,8f0273ca8405a143a3b7feeea9be23b5,12315,jacarei,SP
a27c58025590f2b1b7c03a82eb6637d5,3aee46f9eb19797d64771269a1e979d6,20260,rio de janeiro,RJ
a27d37b50d5647c132898b4fbb6782e9,ec442faae8422b7ea35399ad213ff494,03404,sao paulo,SP
a27e1c59cdf59a79863529c28cab2e28,3cbbf71ad036830bcf5a19075b9d2ce4,76980,vilhena,RO
a280ca247884f51fa75900e6cd4b17a3,fa213c5bcb76416cbb1c1c11d2426566,76825,porto velho,RO
a2ce3bbb37aad72f3635ecea09345970,cf45ade7b43b8716acee5285bfc5e2d8,49070,aracaju,SE
a2da04a295c890e30103aeb5356163f0,1a871dc1de3ae88bf92c8d94ca34fa9f,13276,valinhos,SP
a2dec8f3303859110de7fa39ea593b45,d1dec495287c9d8611b5fc1938a07acf,29101,vila velha,ES
a2f9ee83cc551cd380ebf53a01e7893b,c45ece361aab055ea6c55b61eb2d99c0,08810,mogi das cruzes,SP
a302b9b1e9bad4553e418417b0eb0e6f,2e2aa19824dc8145de161ae4979ed4b2,29360,castelo,ES
a31586a3abb2e9ce07180c42029bbc11,10207cef2c51234f70b823dcc00d6cf8,11070,santos,SP
a315d6e7a55b81d0e0f794bb1e08b729,7c269c094eb72fe67154b16e18f88ec7,05616,sao paulo,SP
a318808661dad5e6db0b829df0e827d9,9b63e87d9898dbee664c3a1105cb1186,04301,sao paulo,SP
a3229f7d276cba63c8b12a49f9239211,e97794d910281dbe616e69c230fb227f,46430,guanambi,BA
a33beafb12aa1f0e9e006b2446826721,22f05da842a3f31856aeb242207abb0c,06602,jandira,SP
a33cf67d34f636add92fbd8aaacb5fe8,1414a9595feb0039d2d9cc169e284d95,13285,vinhedo,SP
a36b51ac1817af488ecb95f6e8247cfb,2410195f6521688005612363835a2671,09540,sao caetano do sul,SP
a38093df3976acaf05f45407739a8f16,39ddb5a8821c567447331221d9eaf429,13308,itu,SP
a3857fb1a0c5b32bc51f7011fafaff8c,bf1632ce422566bf0e289b9bcab7fbe6,40455,salvador,BA
a3a24cb81ef6ea2381fd68794f394176,df19dc0cac227c6f9d79f598c4b2c009,97015,santa maria,RS
a3a7a7f97735f35a7b3f2cd88804e790,2e1d9b01359126960a50a379dbafa00b,11700,praia grande,SP
a3b261d6bf44645e797b4cb6b9620809,d6e1514ad963bcb618ab6a47902f6cea,06722,cotia,SP
a3b369b287f0fb3acdbd673d88cc3076,3a54b74d74d5830855a03bbf6edbd70f,14870,jaboticabal,SP
a3b728c3afa0306ff8cb0453232096ab,9a6618803bb1d1f6835400a7d6c2be17,96415,bage,RS
a3d11dbcd9f16d462fc5835c36880940,d4fd3f83ce187e9184d32bdf2c3769c6,45400,valenca,BA
a3d953660a42cb0bfa714a2b62611983,7e8cd391893a9550b3416bc7a503f290,28035,campos dos goytacazes,RJ
a3e063a0fa6c25bbb150f73f9ac2ff91,a77f14b2f8865a4e64ec60d9f116b55b,14180,pontal,SP
a413396dcb9a0e9398058e4eb99bda84,ac89190189fb23a046fd58537d10846a,89069,blumenau,SC
a4406af7a4cc74fff4ab8ba1d52a9aba,d1aaf203473057f01f2270049ecbb5e9,05425,sao paulo,SP
a466f770c7ac6f01ace59cd8afff5e19,b87e0c543a60cd19ae2f5568a69b8bf0,38610,unai,MG
a46c4e25417e41645e2caf1572bcdfda,47a086f04c6f1c6a3197d8dab44fa037,15806,catanduva,SP
a4712004cd61cd9a1645946cadccfbb1,bf836cb985b4804d4d2b30a5fdc01611,11730,mongagua,SP
a47974ac6596398820508728a779e2df,1b2db8ab2d8e7b84b5455736fc9713f2,24220,niteroi,RJ
a48d74b7c46f9ee06e4ca93cae7b598f,299622c6ade91056dc308a093cb07aa2,22753,rio de janeiro,RJ
a4a4bc6742b800e480f8e5f1e8cc1100,6f799a94b4ca2205bf0b894ec406d30e,07033,guarulhos,SP
a4a766ed0dc895e33d2f962b53a21e4e,be4eb163762cf164f26f81021c4a5e97,22723,rio de janeiro,RJ
a4ae42d510710bdfd23de09c1fce5410,0c4cd30defdfe37fc9d50089c553f2e5,07220,guarulhos,SP
a4ea03c203b0467d7018e9ac8226245a,41937e546a6a1f046d5ac8ac4e5a97e2,06381,carapicuiba,SP
a4eba83fdbc203894a86afba0bc15269,695bbb3da4afc645d1f16657ae1bfc9f,46430,guanambi,BA
a4ed10c73967572c3dd19e759113a1aa,296abfdab73db3e8b962ba5c4389475f,30180,belo horizonte,MG
a5014831ae993d45eeb54b1397bc3e32,35de10c3f06643935167dacc101cf859,22765,rio de janeiro,RJ
a5030fe79595918146f9d57c56a492f9,3070f367c9ad56c74e4a9accf409f4ec,32115,contagem,MG
a5051052c4be00ce48877050cb00b70c,b1c207b21ec575d7b1668079a5e215a8,64235,cocal,PI
a5129a7fe7dfdade527c8787705421e5,548315a289f7a389b9a7ff373e13004c,03448,sao paulo,SP
a51b2e9f1088010982a0bcf451a4de6d,b382326375f34d32dc6f708ae7b34691,80430,curitiba,PR
a521b24543a0798c2e47274b14267f40,993d9a0e5fd88247da657a4c85fe72b0,24220,niteroi,RJ
a52669bf222edd65ed762c1411d70f9f,059e7585d8fcd2430a33375bdbcbb990,02759,sao paulo,SP
a53a6b671ec4fc6c55839c50bfcaf3b5,6fa30a5917169e7d5b000cc166bfb8ca,36085,juiz de fora,MG
a53edd5b86dea9f6151d2eb0d98e06a0,76ee1dc3b1b694eea9a3453ec15ee83e,03807,sao paulo,SP
a558bfe4300d0404d6493b278ac18ca2,b87410baa7a6aa6fa56a5eaa52ff2ffd,90510,porto alegre,RS
a5685e44a9fb2e4b7e68c30b30809b1b,f1d2b37dc9df276d470fb23d2b7c34f6,23914,angra dos reis,RJ
a576b34e3dcdd8e1827367cad95ea440,5d724c402d5a8e1cd3d4fc97218aec70,90230,porto alegre,RS
a5817e13f0c91bdfddfb326c341451ed,8e47db59c9d5254ee858ffa0f9f4490b,13183,hortolandia,SP
a581a65a64706359a642917e16faf4e0,c30e1d992894094d169c6e3946b35dcc,30170,belo horizonte,MG
a5870c43e5dc9630238f6e1af26c5b3a,5ff9e64f6be73f43f62bc8ad827bcc25,18900,santa cruz do rio pardo,SP
a596a519d885d2cd292e329de18406f6,405f6492f9044e2046871cab35da8702,03977,sao paulo,SP
a598cec1f7490dc47a42850cd5aac87c,06be2d25b98b45a0814bf403c25d2529,13050,campinas,SP
a59a22655d75791a336909c4bd133fbe,c76c0ebec1c44b44dca88e42b23149f1,41815,salvador,BA
a59ed836159803b7ada158d0b8364e84,7abf67f973d56cc3fc6d993a715dd3ee,05268,sao paulo,SP
a5ae10c4cf5d68123ae82de71e884f24,4ac3f009806f721ded4a1d38286dc86a,08750,mogi das cruzes,SP
a5bbb6cd2199394f772663b56cef6672,dbc439d21d5e616521349eeb7959ca1c,45860,canavieiras,BA
a5be4a065b34b1681afd223a29fd2bde,8d9e7d0c12c955634905d21ff365dfbb,57120,satuba,AL
a5bfea387ffb4b85ef0e5f849d2ceee2,cf0eafe7f379f346a0a59994f393fd44,29140,cariacica,ES
a5c511c90235732009b456c9b3aa9e30,98e5136466f8ddc6e4a85c1f3ea32cbd,35501,divinopolis,MG
a5cddf2c05cdef8335fc89d9dccceab7,eaa5d6d49e2ac371ecd55efddfeaf4e2,12443,pindamonhangaba,SP
a5d3e93a8713730e3228a6cb80a983ef,c5f7c49309422ad1ab3af1c3519f92f5,04645,sao paulo,SP
a5f0f602b9567ebcc40450094befe7fb,4a432ac3e75f3d02cab410e0e810e46a,12120,tremembe,SP
a5f4652eea211b3fcf3c2bf98d491e32,26a9a645884c9d388a6d354cf9693a27,73040,brasilia,DF
a5fb3b16bcb08fb9f1290f225390b829,0f5974d48b53c84eab42f27ff30a4bcd,17280,pederneiras,SP
a5fbdec2c17bfe055e28024387bc8f99,824fcf573a9993ef9ae8ebd184f86cfe,28750,trajano de moraes,RJ
a602f08085718b73d296d7af2a7e5916,2342beae4c76e93bb5114ad99b863f23,29090,vitoria,ES
a604feea72cf6c3c63208e5f35dc3c0d,b8e21ad479da823a52b677502d3c7ea9,79680,agua clara,MS
a612afb529148dcb23632b4059250877,0bec0a290d256c615b0e24be394ca69d,53407,paulista,PE
a61cee7568322910d8954f49f6c1760b,b6891a3a9c250146c914c8f6dc8940c7,07182,guarulhos,SP
a62a5baefbc81700a250ec92a072809e,2aef74550c311993ba8d7542acae3621,73250,brasilia,DF
a6428eedd97ea9606d58e6baf716223e,1f422237b9ea14c9d78f55bdb74e12a5,27258,volta redonda,RJ
a66bb70ae2854436813837d31757b08d,3609c509f1e46c3be10218f5c573be55,75370,goianira,GO
a67df0616e414ef54fbae12a7f2a1c86,4de0d660a47fee87297a77d51655e262,18150,ibiuna,SP
a68d9bfdc7bad336fab0e1643f01a6d1,8676c0cd5b7c5ffaa5ba1bba22eb6946,03572,sao paulo,SP
a6949eb2d9805fbab7e6d40f90368095,5c322fba2f17b7a044345f2e45d2f6ab,13848,mogi-guacu,SP
a69d0bacb0c135ea37032600687cd693,1ac43a7bd76f50561133aee17e22b497,67133,ananindeua,PA
a6c87725b81598322c4399140aa6cae9,2e4de983e4a7da0da312d68d3b9766c2,13560,sao carlos,SP
a6cf8f5e39c94c61c9fb0e869f481fc3,c9c6d353f4101827b3dbc83b093b2fe6,37031,varginha,MG
a6fb7a48402f0b53260a6b518b2119ee,b87155c5a81fed027e17765f111875ca,18609,botucatu,SP
a7089cdfb6b910afd377368f3335b1e5,e1271d8a2ce007bdd8b40df8a0ded843,09230,santo andre,SP
a70c2efa2aed78b31d5f40e0b2e6b99b,4f793397b023eaae3a6a0799c56a422d,06516,santana de parnaiba,SP
a716b64fe8dde0cfc6a3204fcb473237,2329b7c91ba3245168286403db9876d3,49032,aracaju,SE
a71b2a9ba74939ec08fb4a50fe498974,3aabcd46c57fb8f84030d1c1e7962bf7,48490,inhambupe,BA
a71be38d58e0737c4dd9bd0f1758dc6b,7ceba1a5e084db21816865aee10a80e3,08675,suzano,SP
a725b9b3c21def36039453a77be2d322,1a5608cd620560b75849588493115988,04521,sao paulo,SP
a7361cef18d3fa0382cf9b7179c7de30,be3a69b6de0ec97f56118547394770dd,04815,sao paulo,SP
a73df1399fcfdd1ec926551d0be93d00,2bbd31725c1ec8632ab0e1f21568c343,67118,ananindeua,PA
a7572127a87fabd47f018134f276d96a,869e24ad7a01801912459c8729451cd3,13450,santa barbara d'oeste,SP
a75bcc763c11877e9047c0646b938866,5acbcf8c54d3efdcc30a8c125c90d1e6,20540,rio de janeiro,RJ
a7ab31829dc9a10f37e82b1e1afd26b6,c8460e4251689ba205045f3ea17884a1,91170,porto alegre,RS
a7ba98528d4d1bb722a25e574d5a09cc,7839f50558d5b6c21331887939c0f414,03731,sao paulo,SP
a7c15c89af2d5b5a9b4cee2ddcb5c20c,76672974179eb4e13c5c983ef82c861a,99070,passo fundo,RS
a7ce327dd02ea0980cdba4f8f86b77e8,f9a2eed359a15add6ba5c1c337019224,22715,rio de janeiro,RJ
a7e08eccf0ec5860c322f88d41f09cf9,f557593232da2815cb2bd6a5481b1f27,30510,belo horizonte,MG
a7e7f8dff23d4445f62bebd3c2b0078e,52c228dabd40f7d46ad2caab73b5180b,04433,sao paulo,SP
a7f63fc7e159c61aef716577c3052bbb,f8d244cc88f8218aa6cd9d27a5d36db4,88813,criciuma,SC
a7f8ce7902371e84a160590635b0c546,a1fa7dde65cdf5e024a2b2cfcc54feda,88030,florianopolis,SC
a7fdbcc3ecc256a2b742dadbc3145f22,af00f5cf86e87b9ace1a6903d2059303,36950,ipanema,MG
a801360fcad89119ab97d96f5818e379,9ff2179ba2c564188e00d0de93023e15,06150,osasco,SP
a8042e7d6aea7c6f3ac39e7f313e8b88,fbec173c9b75fd072da74e85deec2b92,32015,contagem,MG
a821480782a5b10ee7d736b9c60e8db5,e7b0d39830ad717b934621af2c75e1c6,07230,guarulhos,SP
a835c8deb5d1ff60aea83f05e4e803df,8878e0f300d7fca75ba923dce269ad11,08572,itaquaquecetuba,SP
a846b4c71577e96d467393b192b4e3d0,c4c750e587cdcd37fd7bc2181577d3a4,07434,aruja,SP
a84e0599bc69dd52b14e2fb4a1f3ff9a,4587b42cc2b74f250c75548038ac4586,22763,rio de janeiro,RJ
a8876ecd91fd22bc8b420c9a4be69955,09d74edf20acb4f9523fb1cf19a18456,34012,nova lima,MG
a88b2f5e512cfab3a9eb443a1436553e,da897b78bb29cfc840f0cfcb769defc7,19806,assis,SP
a892e4a132cf2f2e6a1e4db449856006,593d8a35205f33bb25650b2bd5a32275,02927,sao paulo,SP
a89cadca9c9e913ed236af9991cfd22d,ff11b38f483df431276354a0215d0435,85010,guarapuava,PR
a89e9e4afe74397b3265aabd5b74d143,13171de95e9334fadd9fbf009ed9009c,01321,sao paulo,SP
a8a9e48facf3dc7bdd3bb6d63c4efa54,433859f050123271b261cbdf54c6c1b1,13504,rio claro,SP
a8aceff84201bd5628939e8ce54b6abb,fd1bc29e30f5296d6240b20f66d4de75,21340,rio de janeiro,RJ
a8bb774baf42be4ec71b92200ceee3b9,7419850411a470c611c1a6d398c853aa,71070,brasilia,DF
a8bcd37f8dd5ad261b9580c6fa2cff74,e058b9434f1c28acd8cf61b1a525985c,91900,porto alegre,RS
a8c0a3b17db7d15e74b22a926aa8a2ef,3ffb100308ef25b3fd4da2cd0a258360,90640,porto alegre,RS
a8c5d1499b4a99c111add8f2c3c94049,e0f4369442d02c201e98330c810d1e56,06190,osasco,SP
a8cf4ecb273e117353b346df0f23d3b8,64a06910b689ca2dc9b3f88eb5134785,91340,porto alegre,RS
a8de901d823613a32ea7587f0ed28fc4,1a8110261bcb472691f5bd23701cef3c,30870,belo horizonte,MG
a8e9a8abb0f2e70472f4484550eedb73,25f3cf83109f636d52d288fa4e797111,21620,rio de janeiro,RJ
a8fcf3c59c8a2f8f63406e1404dea784,a623a949a9b3e39abe7a41e3b120d7d6,03521,sao paulo,SP
a900fa42453c67e0168cebea8f69ff33,047da479ca305928b6c463036ddbbb63,31260,belo horizonte,MG
a901af1f4feafd5dc0c514b87d320d21,fdbfa68417a1a67d0b786b78234808d0,04209,sao paulo,SP
a90390cdb48b4c1ddfd36ecc316b6f55,e6d0f174fce7d94364e412b901fc7838,79303,corumba,MS
a93aa8521621d68fc2a9bef496f701bb,f0afe1fc505bdee6c81d9fb27d31d64e,72125,brasilia,DF
a96bad6c2f0b23749afc5b3ff6e6365a,8b6928e1ba961952b69d53fcdb811c11,76440,campinacu,GO
a96c3e3b619af8097f2664ff6af50487,0a054e9a7520ae591b6d07d7605c3091,75533,itumbiara,GO
a96d6b1da9c9aaa588d92a1a95e6707e,8056b915d8768eaf54c7f2da7d94687d,13056,campinas,SP
a96e90e1d85a06537da3b40cec3df48e,89fb8968948bb8340bc21992d3cb97c9,04301,sao paulo,SP
a972cb872aeefad4764efd7b891d212d,5528af7e794d044322ea7fc8cde9a086,09781,sao bernardo do campo,SP
a9788f35d5509bcac1bbb6f98b384d88,fcba84bcd36e9338aed450ad36d58db1,09911,diadema,SP
a983c02db2326fbb498f173d0d9fe068,1d4ef611a25dabe55d41c22881c14fb0,13428,piracicaba,SP
a995c91194ffa9252517fa251995adf9,e093c00d1a7972c2a479ed40e648ee00,13312,itu,SP
a99a6be59d995fe8f602287ef8cccf7e,fe41530a708dd8d8b52f0dd8f10c7360,02187,sao paulo,SP
a99e22216fc57bff861e77c5bcd0707c,dba601832ddca6294b4de3df7bb7662a,12289,cacapava,SP
a9aae87dfdb515be22e98a2054e53978,1e2a7d3a4c0c008ff480ac0f06e613f4,39550,taiobeiras,MG
a9bc2d0b568a1b02e288e4b0f701e792,f0c098c7c1e7e7ead5112b4073c251af,04121,sao paulo,SP
a9cade3439281b14f81dbaa4ea56242c,b5fc114d1c1bbd091ee62a31110c56d2,45655,ilheus,BA
a9d4d5f1e35e1255228f972bf67c9a4d,cea30ba8e28354a1ef8ecff28f8c7b62,27281,volta redonda,RJ
a9db2580134c7016c6214deb3f344dfa,fa788f3f67e9ba1153204688677872c9,13732,mococa,SP
a9e109d30979d4afa7edc0409a64aedf,017adfe7897c78902d9f7d58cd855990,54140,jaboatao dos guararapes,PE
a9e25261c12f314cfec578dfe2e5407c,7e3bf697991597d6343225f93d8f3ca7,07133,guarulhos,SP
a9fd12387efd701b1cd170637315b773,eba92d13f186ced1cabfca7dff665f4e,12224,sao jose dos campos,SP
aa1049ca8480f79761584cd0506de395,11114e2ead716fb5f5f433f47d37d61e,31578,belo horizonte,MG
aa20ad2bfaa8f55b0ce4d1de0f27dcff,a2596fa6758abf05b1c525cec976602f,17470,duartina,SP
aa2efe1edf84e625777a77aa2d18ba76,364f7b4c100b3b8793389cbf6a72ea58,05756,sao paulo,SP
aa6bbe83912aa4d9762752cf237ac30e,bfc70d3b02a9960e0a177e8f7f62bfce,14405,franca,SP
aa75863809ddc7b14204b1040b6f79e8,f82245574a832709076d232ad99d6539,75120,anapolis,GO
aa9c4bc7cf8c8f30bb449b7511860ba8,84394f56850c9f22ebf0013c1476cfb0,12327,jacarei,SP
aacd2c89b47bcc2aa875ea9b1f64955d,a33bb670bdfc972c485c44923aece1df,42843,jaua,BA
aad247815d757e959d4a0d5e0dabefb3,40c222fdf42ca7cb872bb2c4ebf06f93,13085,campinas,SP
aad6d1a76f57eb4025d1a8eccbf24437,f3a11c969ba460e0788b2745a93ea65a,27525,resende,RJ
aae8fcc018dceb4958fd6d509b6b6434,39363d99130292ad55661d56e3e963f0,09761,sao bernardo do campo,SP
aaf2c80bac819f4785dab771fa2742d5,a8e03a248721eb9e0ecaf49d307a6115,14408,franca,SP
ab28ea1bca151935ad9d3eeb0f223041,df0eeb9f0d70babcdb62e24929fb5f76,06528,santana de parnaiba,SP
ab2ad851c8afe2151aabdc9829cc23c8,5a7082176cc91600f28d5f844409f38d,61652,caucaia,CE
ab2b94cec822788e131f15e0033544cf,5692cd1570356a05121efc3514c7a09e,02542,sao paulo,SP
ab2e87ad1a915cf88638ab6f43f5450c,7d4ed299c3c41701c0558287cad39827,13874,sao joao da boa vista,SP
ab388c4334590b87f33f5c372d87ec15,5cd349e7d2a4516c1a97c2089b89ffd2,21555,rio de janeiro,RJ
ab3978c7aac1e20e122f821cabd0e157,4aa7045cd0f8c55a8155fb1bd96e4f8e,18060,sorocaba,SP
ab3e2234cc7f0a87910d05b6dfe9a70e,0283d9c78c980d3ea0fce611bbc8ad5b,04427,sao paulo,SP
ab4606afb44526c3a33ce2b9c4571b64,a999e4bbad221a030b57ef4a2bfa1c39,28230,sao francisco de itabapoana,RJ
ab4e4f11610404b4184fb812e47bb0ed,0bd4d2600b49eb951489ebc82723a4e6,65930,acailandia,MA
ab72b4d341557427246cd29f153d583b,f8cee2028b6b1e274e0e6178aa743bca,18200,itapetininga,SP
ab75fc05e770d670b6b3224e762e9bc0,75441ac268813f44834099845eb4c5e0,14820,americo brasiliense,SP
ab78499b2e8cce30443e32123634ec98,284cef87d8ebdd121f6b8d16e61bd494,87050,maringa,PR
ab8238abc2ffe92f45b9c14b9f7f33f8,8d5b0f019c3795f5639224a05ef3a4c5,50800,recife,PE
ab836f077c0bfd95a66b4ef495d3234d,cecc19ff12c206e6368dd1e9c22a848d,18300,capao bonito,SP
ab90a48c16d5533595fc9f34949a8170,4b7f624654e5181c5bfa4840abb208e3,84660,general carneiro,PR
ab9b1caa95d00ce50e2402a1e46068d6,2b639025dbac589a4d21f05c4f09b021,13563,sao carlos,SP
abcabc7d0046930c04f966c3d8d5d9d4,7784d05ea2ca9d8da18bfc63fcaa0820,88701,tubarao,SC
abcda364aa8588e2151e33d27268bcf6,2e07d40f17541120c82646b3ea44cd99,12506,guaratingueta,SP
abd0bfdbe2c7a12636b1c25a87cf38c9,ec4adb0efc1557b0261e383a576bff21,01224,sao paulo,SP
abdf1a22f119fef62a91570679ff9462,d5fbb912f2bef2cac1cc87d3edb4ae89,22220,rio de janeiro,RJ
ac09b50d5b648f30126cc7ffceb97e8b,33aa371b7512b6a9fede4f231e212226,29650,santa teresa,ES
ac0c70558ae1452173d95bc72556d99d,a3c2b12d32867ff84518faaae83b3739,46820,bonito,BA
ac197c0eb5cf980ee812fe961476814a,c45b94dc8921d187eaa93d1bbeca91ab,88357,brusque,SC
ac19d9133bc8251690ad1c1d03ca85be,4de4d4c19198225ff00de6166dc1aa1f,06810,embu das artes,SP
ac23640ef05c70108abe56d93e23f260,2f679a526d3b619beccc26a3d1435de4,20230,rio de janeiro,RJ
ac318397fb90e64c9a724a3fc61ef587,aaad33c5051196b5e73c7d65b9072e1d,37137,alfenas,MG
ac3e946018ca22557127dcd54c9cd677,57fa681a2a71d179145d8029343f8d29,36350,sao tiago,MG
ac4799a8aa8f7ec9213b489cf941cc2a,5bc58255c14d4a43b8b61865138b414d,13425,piracicaba,SP
ac583d1c408be7cac515ad79d5e4c97a,c661cbb0bcb6167c706cf76253911680,48020,alagoinhas,BA
ac5bb07473c4f65c7de7b65c1374a734,33d352eefa8484bf716f767284490592,05311,sao paulo,SP
ac60ba24d89bd3131734f9f891b178e0,ffc0ae560c10208ff8e7d8c0b9823683,08161,sao paulo,SP
ac61866eb49bc6167a811bb5dd07adb1,7148611df27dafdcc43298d60254d334,88117,sao jose,SC
ac689b1fabb72a1bb917134bbf6f0d23,e684fd5150dda0614327a268066d7c52,57900,porto calvo,AL
aca18b64dfc4ffb2db3fe697768b37b2,50b82eb0295bb83fb354bb684d530caf,20251,rio de janeiro,RJ
aca1c958b4ce2b798919091d10296965,05e16ef6f265a01d6b16192d21809cd2,18110,votorantim,SP
acab1931f3327c583da518ee45806014,7f190842e941467d1007a45f6a92fba8,03477,sao paulo,SP
acc8347e3fee97262099a0f0baa1bcb4,78dcc0e6e3cbb4ea0ec6235ccd3c786c,29120,vila velha,ES
acda596e71f174ace07dc4901cdd07dc,afab0377a864587c246f674ed081e87c,14050,ribeirao preto,SP
ace37fcfc4a7320b5dce79426561a8df,07386e01bc5f28d530fb962549391ab2,18207,itapetininga,SP
ace5f5494b09c4e9fd05d1239820cb98,e34530063d6201d9d7df1d3e5f0925bd,02522,sao paulo,SP
ace63d531dc37c74d62c8263d161f8f8,178a58ded2b9be43b90300e0e0e8e66c,40285,salvador,BA
ace839d3162a61fdbd51b08fc3e60a39,ff5017601705e932d5545e0eb337cd0b,08674,suzano,SP
acf07b411528c13274e71b7263974253,51d91326ffc0688da14a001de38c264b,75712,catalao,GO
acffc70df5f0a2ddc0e094eea7f5f069,b6bc6eaab9eb9a657eef5c57a601713f,02461,sao paulo,SP
ad0676d6d6e115c03a6d60dd2c9a00ee,ebb3596c57229b75de3e4d11c5fec489,08563,poa,SP
ad09d64abe2ba53c0e7ebf343898af81,e54cd7fdf18d3b5b54bcc11ca2dfff43,44710,serrolandia,BA
ad2645579addc9b0fbfbbbcd8eb422be,8e3404ed802732fe8a0f67259347fa34,85815,cascavel,PR
ad35def6d6e9fb6f4c678377fbf8843c,b6db71b4e9d0824120740ffab98ff697,04207,sao paulo,SP
ad38953c83078a2435f08d54d39ee7c9,fe48d57c844190faa13fd5505991bf9e,20775,rio de janeiro,RJ
ad417eed258291b622014bf443a0633b,a7b3ee56a66877702d89d6e6d8ecfa59,09361,maua,SP
ad434552da755c6bd7891853096bfb7b,115913d019289154e2f6cbe26ed8ae68,29101,vila velha,ES
ad55d9bcb0f228522867e22a73cbb7ec,d1baafbe29a07840ecd0fdd648965d9b,14750,pitangueiras,SP
ad5c926ff77843378ead512cdef2bf85,c5f6047fb345ffd234cf5b26268988be,18305,capao bonito,SP
ad71f758115aab8640f4f9ede9e8d4b3,89b0378e12845c395b78ffd47eb66f46,91750,porto alegre,RS
ad72f2a64075d63311e1bf4daf91e173,db9d51b7d9555e9e714a129da54c593c,92412,canoas,RS
ad8878022960436117fc24366b1e0cdc,14a9b2307dad0e6ae5fa706c06d71334,06820,embu das artes,SP
ada0f066567ebdf46d1aad320bd0d73e,9350983a7a49da2908eb02c9e685b455,15940,fernando prestes,SP
adad7c2f00e8d79a37b5e7b7fc17da0c,4eda116add853323e439c104b7d0824c,12570,aparecida,SP
adbf5fc5322e56f67546e9959ecd360a,a703ef9405d97c8e585ee934c0b2fc1e,32900,igarape,MG
adc1b0d30fe2b52bde12fe806630d54f,93d8aba57ba1b1a343333f89358fa60f,38288,uniao de minas,MG
ade3f0faef221a3b741b2e56face5c3c,c4817a6a08e1d6d902b3d84628999fad,31985,belo horizonte,MG
ade43932f24ae5f957351bd585c72b0e,40c2c451c5d17bfc69c0be674a234de7,24751,sao goncalo,RJ
adec67e0ce2bde83bf2ed69ad12bf63c,21f49a64e7dab9706ce0cd0ab08ad714,75680,corumbaiba,GO
adf00ef90563974803ef5bf381313946,f20818da0b2dd7b80dcb31bf3c078a67,15860,ibira,SP
ae23c7a1bdc9a2f228213e9da905fe47,84c48a189cfaacc111ba1fed41e5bb46,30130,belo horizonte,MG
ae2424a66e95f739497a3466651874fc,eca792e3700ecd4974baec86183ca697,39810,carai,MG
ae2636b5230540a5c04969749d4c0b86,0a7e10b47442388ccad9158bc3a59a98,78048,cuiaba,MT
ae2637018dbd6fb499db07816dcce0b8,32b21622c8c06acf5568104e449e2617,70673,brasilia,DF
ae546948bceb228b6f6a1980f9c28aca,c6e149b96ed4793d54a9df68edba5371,85025,guarapuava,PR
ae5b535b75ca9bfa696cbd865be253ec,0d67ad11dcae1b1a8d1d7e4e78f2f201,04421,sao paulo,SP
ae83036a02bba05dd6b35f2d1b236b97,0ce2692ac65d393485ae01cf8261c9d2,38413,uberlandia,MG
ae83491ae685afa6ec6af5deba64d7a3,bfa3303d9ff1a7668d49cff0f44ceaeb,03651,sao paulo,SP
ae9126e7f4fd1d156c489b3ee26c3324,243a60e496c1f5289946e9cea1b0987a,22795,rio de janeiro,RJ
aea1dc2400dfb8eed8cc28b4f8f84faf,558f30ef40ea639bb2a653de68b87c96,13760,tapiratiba,SP
aec65bc941b0a6e412d0ba1738ab0bf4,59bd535b5f613b4b22d265e25b3ca304,18078,sorocaba,SP
aeffa87be1c09c7d3748eeae76527494,42a47eb7e6b91e24719a090a47a270b2,26900,miguel pereira,RJ
af019120a3fed93494f80d315186f3f8,1d8d9b65139f0ea3e8ea5817008cd569,39520,porteirinha,MG
af06a118d5baeabd152479e412267333,6d8e47a5e97b99f938dacf7b0849fae4,25937,mage,RJ
af172a1f0e9f76b6ae7b00ae07d1d035,f14f9e4261e5a4543e35297cf9ced50a,74351,goiania,GO
af19987afaab941ddba949ef09e2b393,23d8f6988fc85e2debfa559262178b05,45400,valenca,BA
af204ae44962575977140c5d3a95b680,783ea32237d1b8d2a5d636df0c497e12,11030,santos,SP
af31beb9cb1ad7f0dd644d33b9e9ea44,1135e8dd0e81f7774a8d597380ea949f,31150,belo horizonte,MG
af3b67a686e5dd9109a40e92ab58b7ab,31499e721c936ac2d180f41d65208dea,59010,natal,RN
af3d9d4c28530825f0ced435b75abee4,b42766cc24e1c63a499ee07ed3d72b5e,17540,ocaucu,SP
af8fae4852aa055ff45560ce82718a98,661d5fb4ba175a473be68268caed1651,09406,ribeirao pires,SP
af990140f8d86900f33c6d996b9eeae4,2547283317d281985564ea23e6fd0ffd,60135,fortaleza,CE
afa7211b120162071eca4c10ebf7d415,4c17e4cca0d1309cf05a6cb7e34a8cab,18072,sorocaba,SP
afae2e90dfd0d2e98b0a3c5727682725,b312ad624f97da964dcedfedc0f302ed,78625,novo sao joaquim,MT
afc847f33e3d5712e2ecfb9756c66a90,3d24e3b38baf2b68aba8ebe04292c776,14887,jaboticabal,SP
afd9ea67436a624c5430af8d663b6ddb,665abf32af7598d674235697ead971b9,96010,pelotas,RS
afdf544a50f99cf8bd472e2867a883c0,43c272f80acfc8b161137776e983cae3,23906,angra dos reis,RJ
afea86eaca7e4cfd9f4abb186e66c612,e6700e278c4e305488ac1b76b8991bf3,05398,sao paulo,SP
afeb16c7f46396c0ed54acb45ccaaa40,a2ac81ecc3704410ae240e74d4f0af40,13334,indaiatuba,SP
affe45dfbbc85f104e46987acfae38b3,485b849ef839f0f401da8bfdc7ac2781,80240,curitiba,PR
b012fad340eb3e8c7d7b2b193be76831,bca4d279d433742656c21d4c3bdd4dd1,52071,recife,PE
b03af535806e398922311291ae3e1f0f,0377f8402d448137ba33672d6318d8a9,30492,belo horizonte,MG
b050c06fc1598b88202301da05929d26,c2d9349c52e333e04f6bff0fcc217b8e,22723,rio de janeiro,RJ
b079e41d8e7a4fcb68b16b1334e1f878,071fa47fec45a93dd9f185e89e330484,14802,araraquara,SP
b07bedd33ee49d60100a0edef8c9e237,94ab38525c16d9d5ce977b3fe3405ab8,57036,maceio,AL
b083efa0cd26465439a0c966b960a701,ce3d1470066bd963c5df097303265d5c,38720,lagoa formosa,MG
b08451e46f8d80e6559b22b9e0d32f41,5e0fce51c98009db0362993fe6f16981,18500,laranjal paulista,SP
b097036ec194b8151f619fe933161b3e,8ad3de005f848b9841cd3be326af3a7c,76847,extrema,RO
b09b3e158567acb2d422df42855df6b4,2f807c19f9b26287b3a549114e67cd4d,82010,curitiba,PR
b0bd4acec8cfaa6f6f7f67792236401a,9774dc6929861e95eafe51a7eb8d638e,06717,cotia,SP
b0c33e271d5098a6280aeaecf3e48639,168e53571f0da076eb259eeffe98eb8d,23894,seropedica,RJ
b0da2ef21288c6af3939878c7bdd63ce,fc8ad69ba46c0b020b6cf174fedd690b,74003,goiania,GO
b0dcdd6af159e2c0b239f92dcc095d38,dba63d24ca222a17945a6aeb6e6c0ef1,02083,sao paulo,SP
b0e2c3d5cc9ecbf6a89693a15231ac7e,0af334fc660bfc9c75109752cc8271d7,20740,rio de janeiro,RJ
b0ea223f5d75e25779fd005154765c3f,b331ffa5c1df4e360f78fc2c8919c9ad,48040,alagoinhas,BA
b0fc45475b8d1f080ba078365e949262,3e598d7fbeb3fa29fb9b7d8c83d42de1,13212,jundiai,SP
b128321979749f9034763ea47023bdd4,a8c6b6c561d5687b61a1e63ffc701918,36015,juiz de fora,MG
b12b0e2d548eb838e2ff04eb9358c293,ab2cb7bb06f35fc8568291b0ca36ef82,36640,mar de espanha,MG
b12bae899f1c75498d7c096e41acaeb2,71bbde2fcfc0f20f7111714a0c43bdff,22631,rio de janeiro,RJ
b1416ec5bad2d6fed050cd451470e76a,12886ac2b88df7aa159e84b19b58a414,55870,timbauba,PE
b15640bf0c52f6451ef41c280895d0f1,d471f45cd01a0f1851a8a2d3722d1ae6,93950,dois irmaos,RS
b1577fe16fe26aa3e120b750bae28cdc,5e9b90ac09f3dd5be14e871d4e2458c5,08562,poa,SP
b1841b4b52716344007a9f71b193a51a,8cd913c5b9ecb7156f269d6c34fc270e,28620,nova friburgo,RJ
b195bc90f08a925b3fcff60a27e14e45,7bb60ba80bdf284752528b6839693554,07862,franco da rocha,SP
b1b64e79e26d783a49e45ad0b4136613,2c6f18d5357a85878fcde7536c76f1ce,36212,barroso,MG
b1bd6e32de08eb41082fac5622c75fad,10c3c06a641e5d25577f483d4adad569,90850,porto alegre,RS
b1cc58fc6c6fd260654aaeb0e4545846,c1cc7a79a75366146aa5b3afcb83ca76,17511,marilia,SP
b1d110ec158377a6ec3d2e5280525d7e,71209693238a35ddbddabefabd4b3d92,22240,rio de janeiro,RJ
b1d1ede48fb8245ecb50d744ecd46068,dbef23605a05b01df0a82fa9d66c90cb,09668,sao bernardo do campo,SP
b1dec2ea6859708786a1c916fd69bb51,3ab5aca40607efa3d15d20637f81d42b,90640,porto alegre,RS
b1df9917cf97e94889c9d6ab92062c9e,af2b9977cb91614dcdfe84dabd297135,88066,florianopolis,SC
b1e427ff221ac2de74bf451c5e3d7206,eb3618a8dc128e314712dd3c251b9ad9,74477,goiania,GO
b1ece3a99522857ca408477c7392134d,69dbe3694c52cd73bcbf1bc7b0d5d3ab,18760,cerqueira cesar,SP
b1ff51bd725d9c52689b0cde47656bcd,2c6a91479a7dc00d8c9d650d8dee88ca,84063,ponta grossa,PR
b204afb461c278e57b4d2edb8cc947e9,14563a6aaf36dc1f7c63a9b45415b6b5,75340,hidrolandia,GO
b20d566928943834c831f5db761cae5e,c5cc0c3d16da93d503a239a65812adae,27110,barra do pirai,RJ
b2300f06092fdfd34385f05cb958e112,83d06b1922a4cd9e1db310f499bc376c,13310,itu,SP
b240cbf2b50a10ee1f80b42c56b99069,c47ec91fad63554dd8fe3e33188faf7d,36026,juiz de fora,MG
b279a1d441c73c1974d7a63618855aa0,3977f83a14549e6265bcded84e92ee80,21210,rio de janeiro,RJ
b28e4e1a855f322972761f8617f0be88,5e2d89be42420641aa1c19cf1a90247e,65066,sao luis,MA
b2a65630374da38ec0653226f3ea4dbb,b7eccb8247dce2f986bc667143eb475e,21625,rio de janeiro,RJ
b2aac5b10e65f29a30674421c6a53517,6f55c4bd7ac66d950a762a85cda22e70,15600,fernandopolis,SP
b2ae80ffbea40a9641c1a368a6883841,f5aefd928a24c5af24bdbc30ed66c590,49260,umbauba,SE
b2bee6fc26529d1c24a385b8632a5409,14c24b3530d2704e439c0935e6953669,09060,santo andre,SP
b2d1536598b73a9abd18e0d75d92f0a3,918dc87cd72cd9f6ed4bd442ed785235,18682,lencois paulista,SP
b3048bed6f8e24f898f1f83e038f247e,9959487d958bbcf9143eccd6f13df4f7,06317,carapicuiba,SP
b30a923086e4f07fff8c0ca08fca2e2d,8d7b8b62588b6c3b71f583b4bcce85b1,09635,sao bernardo do campo,SP
b31b732721552a38f5e8c1a10ea02399,79f370f8c26134e52fee1e0adb0caa13,90040,porto alegre,RS
b31c763b3d3b41630c903bc99fbca4fc,bcf958b042ece5fd995de0dabb3abf56,66083,belem,PA
b31da288a5d93df0b87661fae41bda52,ff8b95898b5d2ce400ce59b28c40bfbc,74463,goiania,GO
b31e3de2a253154bdd28a4f1f252b1ed,028296541bfb0fe84ab460804e4c0dce,01035,sao paulo,SP
b3290bb01210af453a5ee654d3e7e185,09130bee15c653e839ae2086afcd536d,20271,rio de janeiro,RJ
b32bbbb56d8b6e00aa05998e66daf749,bbe6236eb6803dba80f1a1ccbbc7cc4b,37200,lavras,MG
b34d6bae5e0a3076568c8f04faad2c26,4c4645e724402ec958ead69dbf1ade6c,12224,sao jose dos campos,SP
b35b9f5d340006ae908ea31e7439c9e6,90ba38d381382ca06556e382dd5add10,36800,carangola,MG
b3703265a0f993e108594dcabda32eec,5f204b6a83d8d323d4c2935f71cbbbbb,25055,duque de caxias,RJ
b37663c257f9cb8f2dc90fe804a6ef2a,ba57f513bb30f77cb352b1f6d1da6c37,37550,pouso alegre,MG
b38059924e5df6a030a519b2f50cc15a,5ee1f6b2f06ef1f31adde6d74932b921,01313,sao paulo,SP
b38660d1523cef75218d24553accbd7a,322c3cfed5f9ddb133c7f9b93239270d,15355,guzolandia,SP
b38f618992aaf66a48b289e2624199cb,ce467c081fb06f32d6790dfb35b8289f,13390,rio das pedras,SP
b3a700964f6f6afd6d7df555d6e088a0,b0b877c2a1e4a87d553165a612fabcc7,21765,rio de janeiro,RJ
b3bd9aa12a1990ed9f9a1ae281ee7e34,5a8e853d022c5e8f6eeea77844aec15b,89180,rio do oeste,SC
b3c9b5795c9e172c44c29fbb63f750d8,bf6656ef50e6fd00e7517b01d615b4f3,29102,vila velha,ES
b3e3fe3971fb3b7c1776e69da97eacea,7898f066e7ca1be625589d012a52db34,22740,rio de janeiro,RJ
b3e54faf12368511ce322a3ef8675bab,6116f84c2f2d5f1b413c44f9df6029c2,82510,curitiba,PR
b3f0f75df1c064dea7888f0afe738b4d,e287faaa248db587a1100d094d120d2a,41650,salvador,BA
b3f63321d868c01dfd7a025899954ec5,5833091bd6d3920f81518b02adac60cf,26587,mesquita,RJ
b400985b193841a8e9b087168b103e15,0aa203e722cc3f4b440d38e357e30e47,15220,mendonca,SP
b405dfdf46036287887efd86828244a4,e00e0e31632b3e92dd4bc3010cd7e604,85802,cascavel,PR
b4178949fd16cbd3f1f0c8b00e7773be,392e4b94ebcbc2f1b5de86de66bbe02f,30390,belo horizonte,MG
b417a9a4c05c243aacb8d35106ed5361,bffc4415e44bfe97f6a0267d81c294fe,24436,sao goncalo,RJ
b41ab09d03cd73ae63d8c474d89efed8,3b7860ba1d1bca8b56c192479bcbfe07,02562,sao paulo,SP
b4280f8c7c3c49fda3cb526f0bd5d568,8da9991adde01d555abcf1c515bed034,16700,guararapes,SP
b42845800e932aa00790fd8ef2bcfa57,da0161a3715285aa96579834b9ee8597,02251,sao paulo,SP
b434038f25087d8cb775ac6167d6d87a,eeea20d93b0e221411defcabab3c8949,15460,icem,SP
b453edb9fb0a8f0fa061a9f7b28f0ea4,28d64a00b231911701d6a6877ea0ce17,30421,belo horizonte,MG
b4805fe9c617cfaa509d98d2c365495c,e2ad8bcf2251723975d35fb6d5588e29,03160,sao paulo,SP
b4a8edd174a1969bbe2c9d5ff9794cd7,7cd967ab548b0000b0d2b182fcc2c930,04288,sao paulo,SP
b4f5ccdd01480fe597e7aea8ef056198,0937f85b7a96b6ad600405e9bf94255b,21650,rio de janeiro,RJ
b4f98a2a8fcc3ce83778e182b1560400,e2d97fc95eece649959f38c78dcf08ef,38900,bambui,MG
b4fb257403bc2a6e40abaece5b89b33a,1d6b1be263bdcb447438879e4d799a81,79005,campo grande,MS
b5056e827ed921c589618aa20ee0cab7,ea11bc07876aef08645f2c14d46b3ba7,88110,sao jose,SC
b511c2412ad8f6dce9174c4892484c5c,d6001de23a84af2015864d980ced02bf,13212,jundiai,SP
b51593916b4b8e0d6f66f2ae24f2673d,0c9aeda10a71f369396d0c04dce13a64,65077,sao luis,MA
b51ced387cf78701481cbb154666677e,7a632cfbf9b2dadf717a58247dfbff22,29100,vila velha,ES
b52548625e32de3e7e0dca735663ec8b,f8bc1d81f395f6239a2a5ab1b9edf1ab,30130,belo horizonte,MG
b52b19c1578a99fe32770796105f0ab7,65223018eb7238dbae3ee0a681f5901c,22790,rio de janeiro,RJ
b52e38ce5f71c622ea7c45311c970914,ad7f41abd3f624818f0fe019b9c9cdf6,14057,ribeirao preto,SP
b5326d3b5a5bf32edf7bc68d9010e0d9,8574eedf87be69a8f50ad3feb222599a,35057,governador valadares,MG
b53cc3c992caaa45ec73cfdde4d839b5,e0b0f9beb31782e3174a67b875697ca0,58178,nova floresta,PB
b53e89ac781f73f6720d8ac3a8d198ee,55692a0f0ec224f23be0c790a2fbdaf2,35700,sete lagoas,MG
b54ba0f5011c40abe78ab10056ea0712,265326c5f25cfb407e2b02ea5df5c562,06186,osasco,SP
b555c2cccafffab3b1ea024fca59f769,e4c0c99b4fb327044e3488d6f7f8a71f,05038,sao paulo,SP
b555fbd540c87c32c19f5d97cfe35822,57c3ebb118e0b8a741cc435919ab7b6a,22621,rio de janeiro,RJ
b5662c2ed415c039d62566365f368635,dbba0e863ab58908c70ecffe98bdb522,01514,sao paulo,SP
b5672da69f806d8bc4eea831365f07da,9e651745bfd1fd007bed5a7053561a82,22021,rio de janeiro,RJ
b58dcfda4c9957fc651450f200bde69a,72bf888b87fb63f5a23f3362b8af7e7a,89209,joinville,SC
b59a3e6478e9da13a3ca328e9faa96d1,58b0b4757ff906f793b80dfeaa1d757f,86990,marialva,PR
b59d54e1dc0ed83815e549c06a66de00,09c24fd0455b599da7e5a34570ef0ac8,30380,belo horizonte,MG
b5c118230281675a7ca647f49baef3ae,298dd87706ac1a38539aa2a2f823534a,85825,santa tereza do oeste,PR
b5c31aca67859c379f337d6c95cb37a2,85a8c93d0bcf297d5a975a3341ff77fe,35900,itabira,MG
b5c5be1de00553c776989382afa26cef,9980000a70dc1fe2c480b353bec7f470,29193,aracruz,ES
b5c786bdc9e15e28d33f2db4ea2f9875,f6038891be91afcae859d5cb60d7bd4f,11960,eldorado,SP
b5cd28e9aef7bab2d96668644ac46c63,b9f6883c3f931f5ec4cd095746e00821,82600,curitiba,PR
b5d66b35344730fb340378ad6f4886fe,904209c5857077ca8cff342b1d5e1a43,31515,belo horizonte,MG
b5e81700ea500023efd45a6f5683c230,0a1b3568f894b8b225f015a2bc9a0ad0,06726,cotia,SP
b5ef1085bf64f02d47ec2374bc101964,74069aaffb6e561e1bc4ede8de7c03af,06326,carapicuiba,SP
b62aafcc2d7c2ad2c925b3e30984edbd,1bdfc6d488745f72a41471d85b427db2,58033,joao pessoa,PB
b62b6b8762d3be392c8a2d6acbd3c881,3366f554757da30446c5f0ba9f3c8e91,36092,juiz de fora,MG
b62f3146b3166158dcb3e9c1f54f5dc2,46014217dceae9154e4f85ae292bc9d0,30290,belo horizonte,MG
b632584c672b004257be4b2e5ae4907e,9a9ae59e093bbdc9fe9199638cef2d92,44360,sao felix,BA
b6335bb5ffac3a44fd1f325a4dab8998,32b15895df6710a7c20f648a0a2bdd10,82930,curitiba,PR
b6468b4d8c27698cc09468fa3efa39d8,40bb6e4754ff5f9199f857e146af0cb5,30520,belo horizonte,MG
b6586e469c2acf2e6efe1083142c6282,02552fea6f4fa9a5c61bf9d22408ae73,38400,uberlandia,MG
b65df387ccc9a5adb98b8b5773e18748,169375136c23aee8fcf19cc4f69a38ed,39625,itaobim,MG
b66c181dc925982fab4b74e0e0fd5122,cc880daadf0374cbe3853c29e9990685,14080,ribeirao preto,SP
b671be06b16d469205a87c380a30a09c,6e9535f7b8f9d861b5cb705c525663ff,38680,arinos,MG
b67442bfea418c7574cb711bf521d040,86b6de08b52ababa0a7fe35008b2f5cc,67133,ananindeua,PA
b68ab347fd38b6934f64787c17ac04cd,5ab603cce283352d94cc28dad9bb9570,14810,araraquara,SP
b692fb160782271845b7c858cbd9c1df,46a3729194f6f9d113c57f7f87bb89d9,06766,taboao da serra,SP
b699abc1a43849f50a8b15a9b7df2978,3f79d63e7e3a081e08233f0c8fd9352c,24415,sao goncalo,RJ
b6a1f0f770066f23f23023262bd47f63,5e55d39d7c2e9f0d5ef702ce71de4546,24140,niteroi,RJ
b6abf1bfc44b9480d8c0f06c3d7ddcdb,a6a6d562bb27eda786a3df935060248e,96217,rio grande,RS
b6b1352555fba05956cb1dda2c0ff3ef,e6552d610ea7e4ab8094358f2414710e,50740,recife,PE
b6bc0a0984212a4c64f88c94d0007c07,7c85b313ae73714ec9ef7ca1adcf319f,72241,brasilia,DF
b6c593306a923aee9d3653c4f80b46d2,54d35c533affe392726681beb0336930,59025,natal,RN
b6d34ee4551cabdcd60be5390af46822,4912d12a1f3d3446774fd4a58ec90ea9,02433,sao paulo,SP
b6ec7b751e2f245dd053e6e0805f4e63,0d4f04fbbee54f135a877b15a5a34b00,17017,bauru,SP
b6f4ab34c080a9fdfb070a6630cd65d9,12fd59aada4c4cbd526e551995410993,04379,sao paulo,SP
b6fb8befdae4a1e9bfc7eed84dd852a5,c9e2c77f3e7e82a6e12fb5ca9872c11a,15900,taquaritinga,SP
b70ae91b190a35c8b6341211d3b10bd5,7886084d7a7fb543b95d8b24c4cc7ac1,40140,salvador,BA
b7126a9d53da7109ad76b05cc8b6e224,8adcefa2b4af4e35e8d1d692737c79a9,24220,niteroi,RJ
b71d390fe8dc57d420c1e5bf672fe8ee,1857dc02a1a6e7de4bf05a01ef3debd5,06333,carapicuiba,SP
b73059b796c2abebd783eb6af533b1a2,d56f9a7da9e4ce820e0478115ce287b8,11720,praia grande,SP
b73365f2845e82a0339730921895e5da,895426eb9b03b8f386d336cfefea0311,79004,campo grande,MS
b73be6f00df5391f3b315935ec0341ef,c4b36529306c541de778d6b5a3a7b298,12294,cacapava,SP
b73e048b0caca826fe525c304b9f2c8d,79b130c48d5e0478c313688ee007eb6f,90620,porto alegre,RS
b741c151088f770a5189db10c519e937,5fa89f42566eb0dc32e28d9e945c5f9a,65921,cidelandia,MA
b7442c005410200e8e70b2404b79c56f,ae049021fa05ecdf881160fb4b00b3a7,04614,sao paulo,SP
b7467e21ccbe2f30a3d2e992eaf6a6e1,fa9986e67d08ebc23479b10da8edb977,18276,tatui,SP
b76816b61d8043a98db57875437da6b5,24c0598e5978021ede868fbf7526544a,27330,barra mansa,RJ
b78865983d067a2d249b151a74ce1b80,a7cf5b98e2c071e4b5708a06e3086a59,47640,santa maria da vitoria,BA
b79d85bfccc2df403dc6610e85d2ab71,947b3a5eba30546ed3c37e0c7f1bafc6,28540,cordeiro,RJ
b79e6558152f302d0b22d5cabc983814,0f8c883d261ebcd03a9b3a911ffef65d,07985,francisco morato,SP
b7a4690ba0bc91f249bb7fd25b3be748,7c82b91749355c6daebaada73da54e2e,99615,trindade do sul,RS
b7b0527953105fd885d113399210bce2,b0b2202419a2c8686c41f0f20bf2c55d,09015,santo andre,SP
b7e45e7dbe7999fde2c43437ed74931e,9343b1983b98b641123d716978deb844,12522,guaratingueta,SP
b7e6c3b93c496e674a95460fd73f4b32,565448508b44312e8489ca1bc1f5d09e,30285,belo horizonte,MG
b7f0f8cd3edee9be516b3045dd0bab2e,a02eacf0709fe99ed472320ba1ddd738,45655,ilheus,BA
b7f50e32ef6cc9ed88e6db3fe26234f4,1ad25fe050eda6230c056fab7668b251,24890,tangua,RJ
b7f5ae711454e069867c611d0079b090,a10ffe9b02bf8f42943187b0172a3d4b,11721,praia grande,SP
b7f840ef94a2311ac205dce9a1aac7bc,49f5f0ccd8e9f10e878e57e046730888,09540,sao caetano do sul,SP
b7fc8e04ed80320673fef972447e3551,7e5aba6beeb48db16a709208fe83a312,04087,sao paulo,SP
b7fefe142962b04fa4d97b8bec20f8a1,9ef4905006f939a993f4794df18564c7,64056,teresina,PI
b816880c005e53a668a18deccad9d09c,b74b374032eb2f3ab357df64469bbe2d,02831,sao paulo,SP
b8245bf3278e6f2d8144c2b23a0b424c,2e0cd6f7d34ce42c5a047fdffcf275b9,08587,itaquaquecetuba,SP
b84061fb9715b273145994becbe9b643,4324df20523951bac9cfeea0c0b99507,06810,embu das artes,SP
b8414b8b0b2d437edbeec8955628262a,c613825f8331ed052cebf09a7a12b08e,32070,contagem,MG
b842dcd92f09219e896d81600248508b,8d1a13e7dfad1cb8bfe501505643f8e4,13061,campinas,SP
b8462c3f21655612e6a542de03fc2017,08440067b884a34e2fc8b2c67198acce,35300,caratinga,MG
b8653dbffee7a7db60cba45398fd94ed,8223442ce415860df6db9181e9a65871,08270,sao paulo,SP
b867c3da44a39181b0c4a1ef9c644673,a4740e809e3d5ef5731e07bad80990f7,11040,santos,SP
b87e0079d0d0c17a5ce63aadb9eae6d9,c5308291f146809a790673898d804524,13482,limeira,SP
b88a511344b8b49a02bca030ace61ef6,54e7622690229436c11774f5f186e4a4,22790,rio de janeiro,RJ
b893a27f67713b0aeced6c2ec3f91250,061abe74d3296b2623abc5e9755fb161,49032,aracaju,SE
b8a0349921c6b15a956ad9d7a9905cf5,6d32e53b73e3ad3b190374680d8f8b38,17512,marilia,SP
b8a8f0d040850c1e5c76d0614d22b8df,70e768f35394e68b31cb5605023486ac,29906,linhares,ES
b8be9aabc886bf52d9361784b379ea49,7649b15c0f9e10a06fd969de050553bf,28893,rio das ostras,RJ
b8cf26d2f27185937b72500471712c97,4213fb9a8faac3c944888e273fd32248,99010,passo fundo,RS
b8db3ed2d28a258de61b1db21e042868,73f90b219c69253bddd6d6111783f47b,20785,rio de janeiro,RJ
b8db736a2750311bce7d053e6d7263c3,3c2ae67ed9952c0dfbd63fe8e1c48f5e,36640,mar de espanha,MG
b91429d5af5d399493d72675dd0f157f,fa20a344d2bf1c88c1c84d1f8c91f5b2,13214,jundiai,SP
b9142bab03ea7538114d9f90f28bdee9,c316912edc02788a6a3f441da9969068,72151,brasilia,DF
b9269719481dedccccbd738332211605,79a0f98ef4cdf14d8fa7305febafe5b4,24220,niteroi,RJ
b926da2bf792c1a19fcd489ae0f8be6b,1fd6d165ffdb52c44756353c668e4a5b,14620,orlandia,SP
b95cd133dd19a62f386a7afdca3b2360,3842d2de8b603bbfe941ade4da285f32,08285,sao paulo,SP
b97e4013860297dba48d699f12f91fcb,9b408f12da0705a93d8e83f59b84f60e,35400,ouro preto,MG
b9a308c259d1ef624e6839499bad0762,512f7d27d882828b5afaf80848eb5b19,30350,belo horizonte,MG
b9a91e72d167059b83f3a601e0437ce7,0946f9ca02e66f519a1cfd229d9d2d71,13737,mococa,SP
b9ad551172b8bcf402d348f18d477059,8fe346bf2e4af73b3752f0bb1e8ea203,29901,linhares,ES
b9ad88365f35c931dbbbeab892857006,d6daa8df6192fb031e54d36f3a7d246a,41640,salvador,BA
b9b977b5750b820d527dd864ed74c4c1,eceb50042675f24ba84998de4520465d,85955,maripa,PR
b9bf4384ad7fad5b3637ac1e05508999,341755e02598ae770f187a141826f2d9,87010,maringa,PR
b9c20ab23c96e9531dfd3e7020def950,caacbdab048a4388e47880d990db029e,02313,sao paulo,SP
b9c89128e72b43ac939802d32ad5c1cf,e29331502ebc091c40e762683a107283,17120,agudos,SP
b9cc7bff1ac00970ba1247f36be4879d,62de6068da9506dca753598fcfbdcd16,20020,rio de janeiro,RJ
b9d3a40de437cfabb62d60abfd50d354,c0a37e61c7980c62666befa53e300142,30830,belo horizonte,MG
b9d3b0749093e5cbd5c5017ec08f0ade,6428403ac3b03984c38fd083fa1647b0,24440,sao goncalo,RJ
b9e6292e3e994ab7b830c74bcb35955d,c96007405437e30085baca604fdb4d87,02246,sao paulo,SP
b9ed68da40fa3b4f5df462ef5b3438a6,2e617ec9a2d9390cdf72fef2c261e24f,13904,amparo,SP
ba054847454a0d2726f6e96f66cba531,20abb106d3fc71c6558a35a4e8e67535,06716,cotia,SP
ba160084e4df378993113c061b5fdb9c,fac9eb2c3c550f64f779646726710b59,79034,campo grande,MS
ba1fefc7aa34744954bead4700a08f4d,fd4fbaea0fdd24464c6e1738ce21a5ea,90410,porto alegre,RS
ba3e8c7215f0c4648bf0811d2cc50472,c6948e4645f3782a254547fbfc8fff90,05366,sao paulo,SP
ba42e1814205f030af1ecffbd2450712,067aababad1d4ab2de52be25c7bc56f7,35900,itabira,MG
ba4313262d731a83d0277b1d920a4639,8a452cfa2b4925714df38aafd059e7a9,05095,sao paulo,SP
ba49d0aa8b1e72ef7117c3cd4a6bbe88,eb740aafbd79d26cd546c5c094985c4d,32071,contagem,MG
ba502bf0939a37587917bb56a38081cc,9381107ab673d20a7892b87a8fb7da6c,98600,tres passos,RS
ba5bcfbc3a5e2dfa78d63431c45c9f27,0439cc7d06009c57579b7d91fd979b3b,29101,vila velha,ES
ba6085df70c57fc78776a938b55bea2f,dd25ee49beb12eff932001d52c7bac97,22710,rio de janeiro,RJ
ba7e1e959b775b9f00b4dd4fc937d607,bbc0f6a39f5276b4b836d70e8fa12ca0,50710,recife,PE
ba870e27d887b676ea8ef87bb63e5c3e,4e788fe9f1e6f4dab87da92e126839a5,30431,belo horizonte,MG
ba8f5b71a2f118cb40ba2f733add6d8e,137a5bbc8ecabb4400ffb9eadd97ab44,11030,santos,SP
ba9872439094744184c4a480082458c8,207abcf5e65e72037f216db0540406e4,27925,macae,RJ
ba9fa21d16fa22ad6a806358b58e2be0,eb57b6f657dc64c32af5321202c28f99,03807,sao paulo,SP
bacc1ee57dbab94891c502caa0ee3af3,afed5a21e94b4e3e5fbe6c7e4bc92f4c,13321,salto,SP
baf2116c28c10f4732a0a9494b5e72a6,7111b98337c28d07a49f14665989efd2,55291,garanhuns,PE
baf6ad0e2d1f7703ffa952b94ace7f81,49a9dcd1756f7c4f988bdd0cedd5bf9c,88508,lages,SC
bafc01a86a63039112af25baf2791982,689c86311ffef9f2c5c525cad2717e53,20230,rio de janeiro,RJ
bb0a780318dd7a760b8ccb5c35fa16fb,20225a49ea833f6127532ed78c516c0f,88400,ituporanga,SC
bb0d1df0a5c7b32669347c443e29f845,c958ccf0759919707d52e7df7a289f16,06785,taboao da serra,SP
bb248ad930ce8aa8dc295b01218e383f,6d493b78d1bd3d21e6119e90492d4930,83405,colombo,PR
bb2989af92f629b7a640c4132c679033,c4e8ef9c2866df08f505aac010b44a1f,31515,belo horizonte,MG
bb2f3dc7e92dac1fa88135b0447c52f6,c4b58ddee855a56757356bf746f41d31,27946,macae,RJ
bb56c2b674bccae86229cfb114cfa422,7d7aa5c4be05a0443a77a744255c7b01,13820,jaguariuna,SP
bb57625bfea720d058af92852a0bb303,da85270334149dc7eb819b4604b5682b,25953,teresopolis,RJ
bb6a81fae449a2e3e9e681597076c571,a5c93e7b12545f61cbf92efa2d77f1f3,16200,birigui,SP
bb6c535d6cbd82550b97d79c39c5f062,fdcb38d99ba20bc8fb4176ca1bedd741,39810,carai,MG
bb70ba0acc9ac14d6ba0356f598f4bb0,72994e988788873a1df6dad43d38a2bd,01206,sao paulo,SP
bb762fbbec35912ed4d6235aed00159f,4cbc96275e70bf9dc067d17d66a246a4,12606,lorena,SP
bb7b6f78873d1f1914829f1e0fcbecdc,21a0245a37a2ab9d020db08b1ec03616,09160,santo andre,SP
bb897f462207bcc6d9517184aa0c43c8,6196129bbb35e46fc467b76e272fd298,09121,santo andre,SP
bb899c1c0f8263080ff9d6254c64cc94,671154fc1f75d4545783ec12d8497ce1,72850,luziania,GO
bb8edaaa3e1c1233e6c0c2692676c0a3,b1cea2fe484ca4819c2f6a48563d03bf,92440,canoas,RS
bba4fe473b8af647a7af5929255344f9,a9e776af817e4cf0018f9f1651e90d8c,04674,sao paulo,SP
bbc0dad2f1ef65b2fe8b9312701a0773,7e4e37862320e42bd8cc10e7540c083b,13844,mogi-guacu,SP
bbc82b85b6867ca7bf1380c64f8447b9,60a5eebffa1776fc17cf943de2bc847f,37195,santana da vargem,MG
bbe0f15039cf02bf42f6f0e5cbdf1f7a,49f97edb0f52b56d690b7b2e8fd775dd,87005,maringa,PR
bbe6a4187c39cb782f1889e12e3045f2,996f0b264de067c18adee607e0a83d8c,72255,brasilia,DF
bbe6f69791f44733cdb39b824789340a,cb06773dbb3415543b78720a3986344e,91550,porto alegre,RS
bbf72dd998cf3a7eead87da199b0bafd,8066fbdade39660254866b743cf22ec8,45848,itabela,BA
bc000f3077e678720eac36cdba124c5a,ed372c577aac3894fb03832df1d6973a,24358,niteroi,RJ
bc0030a83d0030a9030331ae69ba97ff,1455867dac12a7a56e9f34f3648165e9,14055,ribeirao preto,SP
bc03dcda353f7288cb3b96f09e3d1c04,589e3598151e35931768b97acbdd381a,28970,araruama,RJ
bc0a84ea7543ac13807feccb5bfccf4b,d1c73ffbc43e326738aec07c5dacb8d9,61902,maracanau,CE
bc1461d2c76f5c8e5e210ca0ff4b031c,4ebbc69e8887dba8aa3260746665e517,24340,niteroi,RJ
bc225b031d110d0b09ed6f25762f2e83,63b7f76bcd7937a717b189222c61160f,84150,sao joao do triunfo,PR
bc26d46f86d504a4e89350f0c426a419,ae09e8b1b58f30e8e984d0d300c456ac,38405,uberlandia,MG
bc3b4deda79fae642a7e529381e870ed,a58c3fb6af3c545575b2d93dd050aec9,36520,visconde do rio branco,MG
bc5c044b9f2533d8a03d44d518ce8fdd,0515541e3c23abc097a163f6a363304b,13183,hortolandia,SP
bc62514151f687ae93af879b7755c439,886248b567909a58e744dbf0148f9e90,14802,araraquara,SP
bc65abd5df0fc9cf85f69cf5c87663c2,a0232b17e5055711b7fc036dffd34f39,13504,rio claro,SP
bc7f966522485d8cf484ba1fcea934df,98d1f63d66cbd3b121c90c7c899dea85,07142,guarulhos,SP
bc8b9e820a6ac8f83ced0f3d5501614a,98d337875b35ece7c34da1d4674647d6,12211,sao jose dos campos,SP
bc94fe20172cefc3e041019d0192caff,609adc68db390a15fd21648c496f50b7,21020,rio de janeiro,RJ
bca6eaf28cd32203c825bfdf794b188d,7f4fe4d702d4a332568ce3510ddc6802,05171,sao paulo,SP
bcbbc6cf8364e1cf1a6e0fa5570372f0,c60e0c67b73f134a6554318c2a4903c2,85904,toledo,PR
bcc8786f4ffaaa491f2df9a1a089051a,fb0e46dc6bf9064d27702ba51c66e8ae,03654,sao paulo,SP
bcd15e6f5399f2899de4482cf6783dae,909bd964acc70a899c3804414f5fa70d,37650,camanducaia,MG
bcf0d8a7c55499150e65cba4a3f97a1b,7996bd915a589defd554b7b16e7543f5,89990,sao lourenco do oeste,SC
bcf1316f0bc85a5626519e9bb1205c1b,d774865a75dfb9951e56b5cb8103f41e,18051,sorocaba,SP
bcf9cd830b56f139f4af1258ce8978be,07a374b1259eace4d5462531702f3ef1,74611,goiania,GO
bcfd3b40a37ce48e8658f339cc31665c,68879d9986551c8c9e7bd1686195402d,39810,carai,MG
bd0d433f7eb2b8383f25d2777d8e4241,43fbe66c966427b0afaf3fa7ceb367b2,36016,juiz de fora,MG
bd1a163012abbb431a551fa95aab940f,68ec0f3e251cbb167c4d8263f44b8696,05387,sao paulo,SP
bd1b4c23a6f9365b44d99b2c7905cea2,cc1166c2411979ef1709678719e5d771,13188,hortolandia,SP
bd23e7fa3205d01609afa746fa646770,37ede4fc7ea61130d7d5bc149723ac40,20560,rio de janeiro,RJ
bd345656334581d4e07227d786486629,06dea25f72464d360d2ae75b42fa492a,75113,anapolis,GO
bd394e7a5c0a3aa178be002bec55877c,21b318668bb97ce15c5bb21e0275060f,27213,volta redonda,RJ
bd49f912065ce38f6a946e382e29493b,57f5a5b73f33d46349e142499aaf521d,32050,contagem,MG
bd4afd3a9f1b50e574d0e5aac2f42d3b,671edb20b43863b15ab8803c8529b103,36900,manhuacu,MG
bd5c3a196a27361936b5ff684b567570,032ddb0b6d452c1a3eac72cf33ee8b96,72220,brasilia,DF
bd6aa8a8ba9ecfb04556f483d00ca520,65a7f11f6dce46ef1804aa10d1ee872a,31730,belo horizonte,MG
bd7bfa5c367329c0ab4478160a7b992e,614e87ddad7bba047be9897c8faeafaf,14640,morro agudo,SP
bd7f6754b4afe66c8b504002385e9079,71d790b151c0349e5f5b2fbb4fbe1321,13206,jundiai,SP
bdac7cb780e6f6c2be2b42c24c03f04f,c2172289147d52e011ad9f98ef8461d8,05359,sao paulo,SP
bdaeccdb6aca7bd9cfd7a53ea93b41cc,54aeac14df5ddad1e55f76c88d37d49f,02465,sao paulo,SP
bdb70e23244bbca569252010f16447b1,fce63a67be81b4b39410984cf874eb29,24210,niteroi,RJ
bdbdcd5b18193390b025df518afe94ba,b54e1edda36c3e8918ba9c97ec8c7c4e,70350,brasilia,DF
bdbff934ece5c743168cddd09999e53b,0cbb19a02a0e1bf26ec937d0cc79941a,08151,sao paulo,SP
be10e7b8bc2d78cea9bdc7421f2fd811,ddce9e2963e71cb5713fdfb677341c4e,38740,patrocinio,MG
be13ab515f88e8f9214035e8fe642ee4,d2ccf4d2f49347c917f8ff947d7535c2,31530,belo horizonte,MG
be18603bce09d123fbcb26af9ec069c5,bd250672128c616edcc1cb6d7cdbd197,03449,sao paulo,SP
be298cfd3f9415e4914f1d44329ebf6d,c1b4427dc13af0fa51d44306cdef0e3e,33400,lagoa santa,MG
be5019d2c52dfaffa0e4663e49bdfd2e,556b4e56ead59462cd4d817f58d5a5ce,08773,mogi das cruzes,SP
be536975aca27e27b28b1a77c0c61f86,86315f137d40251b352b122fc206f754,24804,itaborai,RJ
be55be4c49ea283f0f51ba4b332568bb,5a5060dc2474b95aa67bfb465a3ab10b,77425,gurupi,TO
be5b2407d2c040ac93d987080f64fcec,d2613132231b8adb041da8099d5ae2f9,20771,rio de janeiro,RJ
be5d03aa240b103b91caa3e34ad71b27,a36e6aac0494b98f92d12383ae4194f0,38706,patos de minas,MG
be6645038a9412d0d4ca9261f268b11c,ceec8cdfa9bf8f4edbe3993b7a46488a,18385,itapirapua paulista,SP
be66ef8e04a0f8fd5e10434aa0b53fb6,275fd80a923b1bf97db8979ad8e254d8,31010,belo horizonte,MG
be727cb4f334f5d737a6cd88c4347acb,5366e4f51085e586e7d09c203623f6fb,18540,porto feliz,SP
be7b8905ffb39a2116e2fbcf8ecea2f8,4103a0dc80bfb7f70070bdef1e78841d,03147,sao paulo,SP
be8192f200acabe8beb25da7611fcd3a,9d9ea475a4ea4e23c07db21a0539342d,30310,belo horizonte,MG
bea5832c9431c2d2088697935c46a9c8,a39d1d1c60d50d29917037ad922ec1aa,06656,itapevi,SP
bea5d4b394a04f4303917b761d701115,814d9ae5d4d804984bb04ddeaae658f1,28898,rio das ostras,RJ
beaefb15f57098290db7f598c19dcf87,144c634298251b2555afab18146796bb,84400,prudentopolis,PR
beba15df134f002d757137f7ec16eafa,6841a34a648563ff3b3eced09d0d3633,01516,sao paulo,SP
beba57483041cfae26ab1d42f0d36a37,d7b79af5872a0d58e25647e4f8653962,64014,teresina,PI
bee149e10d51ea292fb297cbd35414a7,270c0ad2a232e4a10be51000bc69eb03,36972,martins soares,MG
befb9c2cbe0ffcea1a14e6be4f71cc9c,8d21edcc71e72f7f25167cc5276b7559,25268,duque de caxias,RJ
bf048168b14f8356e05d04dc16e9c9c1,f06ce369f61d9876bcdde066d3a38f0f,18086,sorocaba,SP
bf10128e5ecdd3a1ebfe697aa8084da0,a5b7de48520cea067086f5bd5518f603,13820,jaguariuna,SP
bf10e50eb561c7452408cd5bd57216aa,7c5cd64106c9160122fd28b026cec28b,05687,sao paulo,SP
bf1e01d4184367afaef2231b37fe4d92,90cd2695f924b148e6ce2d54ce0b3192,98803,santo angelo,RS
bf239a3d9e5fab72059537d02b201d37,b1509fcb21da7376ef86182f65298ded,01548,sao paulo,SP
bf31c1d91f9b4e7c8d390099541be3d7,1976cf27dc816eae1657095cc52d4ff4,18040,sorocaba,SP
bf595ac1199b8f88990ff5389e648b00,af3b89ee7f3a1cfefc9c5d3dbca30d6f,27283,volta redonda,RJ
bf5c3a54675e9a5b3dd58af952adeaff,dcf2e93c682131bb9b8ba3472d95bed1,14021,ribeirao preto,SP
bf712ab6c95d7b52d58d6cd38dab17e3,ff954519e2c82aa365ccf6f30fb0c259,14810,araraquara,SP
bf7ccf3f1fb5ff1cc9130f8f2985017e,c3984f4e489785965fc2397f9fed8dd3,05012,sao paulo,SP
bf91cf44af4339383b10549c105681e4,3ddf7acc4abacd5b21e9615ae3eb0147,41741,salvador,BA
bf9a6df07d36ad102a5bb34767855b44,765a9027d2ee6f5151e958a3da143286,49900,propria,SE
bfa622c5b6ee7f16225494a05952cb73,01aae089a9f716c2d948a24c5406603d,05445,sao paulo,SP
bfab5a9ad7cb90be9265fafcd4ef39e8,637ea98cd161c62ef22d4c9c9a9de6b6,90830,porto alegre,RS
bfb9558ab5dbb375ff3248a7adebbda6,58c8d525524743b40c8a2da68298dcfa,01230,sao paulo,SP
bfc3b18138f9f8875f3cb6d9f8202ed0,eb34fb8ca71153273b4beadf0f04111a,85040,guarapuava,PR
bfd3bcc53296e057e04bbe0f9d97323f,525e9dbf2f675f893b9f695d5ecefb31,14890,jaboticabal,SP
bffec816107aa26f6836f6fa687c9039,9060b6b1f3023237c45bf25aba446795,29310,cachoeiro de itapemirim,ES
bfff9bd5326ab677cf86986235912397,302be2cdf5c3cca66741fd7da8ad5fa8,68193,novo progresso,PA
c0081bc30aa145f28ed9b2e364453f8a,929c3cfa652a7cd6e243652984242b1b,89820,xanxere,SC
c01cb514d2cdef5688096a4c372f31c5,060fb87bcb9f60275f3fc857b35be629,04930,sao paulo,SP
c0254dbd03486d74cdefd62c0e0155d3,243c2b1c0b75591d8c13e86b2fbc3788,08161,sao paulo,SP
c02893d18058b514d56e400e1f713227,8139caa111255508983a601622e077a3,15685,ouroeste,SP
c032adfcb7e93ccdb27c8b4f12bf9122,a561f142361b777a01a7f554685adafb,31748,belo horizonte,MG
c04c34ebf85dbdc5d2d0054593e34bd8,0ecd68e0fa580ae3f923fdd46fb0f95a,30492,belo horizonte,MG
c0573fb95d387c7d26ee75592bd66991,5868fa4dfdcec3c446fdc8cea6fc9d5b,45807,santa cruz cabralia,BA
c059dcef92920c07d144df67f548e128,1aa85ded226490852007048b31ec9134,13995,santo antonio do jardim,SP
c0607f321bb86a70b4c2ac712efa110b,a9a31f6600f5bb46793e66f85f382bf4,18683,lencois paulista,SP
c0703d9275d93c6138c769adff0a4da2,c68c8c2217bb842d2dab9331ae200f07,93010,sao leopoldo,RS
c0883596c39dea12f6d9de1259fc0517,216fd197a786370ce9601ee2f6b5a31a,37640,extrema,MG
c08ef557085ca9fb0c59f6d820a0b059,e70cfd5252e2fe28de830bdc062a4597,59380,currais novos,RN
c096164be716e1a2fafd609517dd9e83,1dd4371debf6ebd102addd0e6a80c30b,09685,sao bernardo do campo,SP
c096587845614184e0dbdbe8c8eb7662,4be8154b42b4593fae17f1b2cb375615,72115,brasilia,DF
c09e97017a30dff59cec4317cffe3272,ad7b5f94505bb6e093dd42152b62e036,09430,ribeirao pires,SP
c0a679f086bb9101ede30b00f5a5ad64,65159bd53c56f51cb40445c65a59507b,17020,bauru,SP
c0a6f7b24c9ba50d36786a33ca6a7ffd,369d80f365fbd343643b1dbe56cafc49,04545,sao paulo,SP
c0b73ecb5e48f4a2dcf2514fdf57a352,23768e162b7005e3950f5a344a3247a4,70673,brasilia,DF
c0b85a1f2e552f8f4777d3256c3cd3d8,214f7f00e0d787d65a822c8ed3e9c2a7,38840,carmo do paranaiba,MG
c0c18a75f9998079c1e8cf8bd1f40e3c,ebe0d2d7e6adc60e8a4b4e7c0fbc9751,44001,feira de santana,BA
c0d3af311caad01cc8343a88fe70fdf6,895d99faf0ebe2007bddaacb3f419f07,04195,sao paulo,SP
c0d8c122eb9b251748d380735ceb72b7,e0bbdfcc37fae18fd8c1af69eceaeee5,03201,sao paulo,SP
c0dc718fcba0e8a75e539cab62e5e979,99e2f46c9fe0bba48bd131ddac456549,21221,rio de janeiro,RJ
c0e3cfb4fa98e3cc869c637ae3c1f409,161dfc7e9f94935e42317c63c5f8a779,88062,florianopolis,SC
c0fa7f3347b157aa5d82b3c2f55ef164,390df523f7c6dced198774bac51a9375,03141,sao paulo,SP
c10293503cfc09263957dd13d04842fc,9af4bfb061d2b598f4352e22dfd145bd,39400,montes claros,MG
c1052e49e04a1371d071dd1c045854a5,4738939242f878ea51b949f6e89c9084,03447,sao paulo,SP
c11c31965ff02cc1d7132df8edfcbc22,ad353b4fb0e294adc4eda48af73e68a6,05835,sao paulo,SP
c12786834454ea9bfe60531bc75814cc,85e80b64242ae28f803b4b1151f0f209,04349,sao paulo,SP
c13456c30487488edbbf3e483a24a577,7135544f763671491cb107796cfa1352,08775,mogi das cruzes,SP
c144ae806d6a6daa786935468826bd0b,530039bddedfeb2fe5a1be83340b8cd6,09060,santo andre,SP
c155fc0c74e24ef74f2f62258b8c4bbc,438aa2b994cbb567b3a42e7c23185eed,28930,arraial do cabo,RJ
c15fc378c7f70bbd1c40570e6b4a69d2,23f9e36d85a8b2fcca3dfb9a75c69c3c,73105,brasilia,DF
c18b0f796ac8806c72e1596f5c7ff05a,2fcac4723898e2bda7aaab5e8cccaf15,06080,osasco,SP
c19d85677e04a12cc4b93e9e78f97cc3,c1cf3e4c1de440972c612714a45b3f26,04844,sao paulo,SP
c1a5f27b64582f59e32f853f93500a8e,add472e8f6fd13def1c4eac4d335f75a,85835,jesuitas,PR
c1a881d78c63de5d2f1762bd7cca61e7,cf4922583bc9464b982a731f35d5ab0d,86055,londrina,PR
c1b2a792a8f36955b3dcb27c2485aabb,bd66fae87c09684e3e5ec411b4248e15,13347,indaiatuba,SP
c1b3abc0f5a34a1b1bf279c0e3697621,0a2bfc7b9705c3e494be7c34a99cade9,93510,novo hamburgo,RS
c1bc1aaa41d83c84f70faad9a89729b2,5b739e40ca3a2cdf70114f04e4384634,13616,leme,SP
c1c4cfd2b0bb3a80402b5daa79cec6cf,1112f01b6a24959286f51205eca56435,38408,uberlandia,MG
c1cc319cd4cc87a520c08d8e403bed0b,1346b4e599086be1c522ffdd2a3f816d,11712,praia grande,SP
c1d8293d24b7d25f4013a6f416e02850,e05045ca32a733892ad912bd0fe64488,65725,pedreiras,MA
c1eed0065b42f01e99ef89311a727aa2,ad6b78fa879babb5862c63a08a178c94,11365,sao vicente,SP
c1f0ff2ccfc9b49878a1149829f6c41f,cc7c744f1af97f9a54fc904aca367cc0,45003,vitoria da conquista,BA
c20207a17418d1aa04f5270a8018b8b7,f6f3a9d3577ba8938434e26140369aa0,06056,osasco,SP
c2077147d664caade6db8ecd527971b7,8ef723adfbc383f826287729391763c0,09050,santo andre,SP
c248cb866a60116f04bde9a86344de65,2e22a2c99a49984d1ef90e308770ebe4,18603,botucatu,SP
c25f1d52a454773cd3197bebbec0325a,820fb7c33392159c64fa4304e5bd95aa,26385,queimados,RJ
c267b23fea7c2a54a6a7b72ecee7eaff,c30155ed71e24e98a0c853fe0d51c3f9,85660,dois vizinhos,PR
c26860c28284ae4ae0c44c2ddb8fbbac,c5a2ace14309acb5b5cc19236eae121b,41150,salvador,BA
c26f75082b6f48de002fb3d255cc4683,2ff2f2031e662eda7fd97e038327fdc9,13562,sao carlos,SP
c2732a928751eaab8cb1e80e6d0a05a1,e5f54c5adf3d924359f93f0285661e7b,82560,curitiba,PR
c28e434060c41e9357d06d986c630799,e8eba263ac0cd93738d91ddde75bbce3,04809,sao paulo,SP
c29c2483aec7d84d37613bd1dfb86df0,d18385deeac8d9cc7f290ed4aefd2a2c,02757,sao paulo,SP
c2a1dac9fa3a12d8b2366fa901f0459a,1822a545c3715af1a3cbbd16ece2fd09,50610,recife,PE
c2a265d75ed170f4858647eb1a0b442d,0af1a64aee6e92bed8c5467cd8946b39,82520,curitiba,PR
c2a4ba1f57f47ca977e26c78a486e671,035b4831da64a20908a7ddbc95ede0cd,56280,araripina,PE
c2b0ea6dfda294a608886e885972199a,a7a72b5517a675e63ddb9f0f58c4fd33,35675,juatuba,MG
c2b75d1fd53bb83675bfdc21b3f6d1dd,a01f9f01b6f3805f87e7a322e7470c7b,33105,santa luzia,MG
c2c1b23dc2866a7449bdfd4cf6123e81,41ad36ede9c0e1dd003fa5283bf08ae2,32146,contagem,MG
c2c6de553b9ae7dc0ca347bbabfa376b,394229bb1c815a3511d8d3656b0b245b,45656,ilheus,BA
c2d0ef04518550c0cffff11d19b9acde,7d162a0926d6f0d1a3aece8d8d93fb0d,13060,campinas,SP
c2d4ca05c1058ed1b1f59df1255cd148,41dabaa1150218952d2c8b00f459aa61,78435,sao jose do rio claro,MT
c2e64d930487075593367a1ea29645aa,cc14ea7099959d91a17c9d7c3a46721d,29903,linhares,ES
c2fc0c3b579720212343725ebfdbad6c,2e13226545059168a805458e363dcf34,04143,sao paulo,SP
c320b2d7c4d59481ab82858524fd7758,22f819c5ea4afb046ae8925e517a541d,02984,sao paulo,SP
c3282cab6115ffcead8bc6557ff4861b,76c9a96ae7f1fd482d35d45710d03381,23073,rio de janeiro,RJ
c333f1bb63dcb3a4c67408e7337e30c8,8f0eb363ad943a36b7091034f29b508e,03001,sao paulo,SP
c336a1d0139a6fc12cea3220508e2e23,ca2f15a0bb24605a03bc27174919cc1e,29167,serra,ES
c33e83f45c633a4da0cefaf88bfc46e9,b3fc17304e79650b12ef436bf5e7e133,07912,francisco morato,SP
c348bc75888d19850f16cc205013a3af,47d247db5e582120cf919464317250ce,26570,mesquita,RJ
c35131c89c7ed378ee2b8380276f1573,7fe9b383e5704af9cbbf1fd7d017156d,09623,sao bernardo do campo,SP
c352445d447e16c25ee542299b98642d,06dd5bbbb6a2fd7e3baab7f88dd3c1ea,17013,bauru,SP
c35c61c180ade41a8a8d935b08236b8b,f8197b342f0082423ce016a1dd2ec2c5,03077,sao paulo,SP
c360961ef98b0d4b28357b7fd0387673,86856cc8c9e2e86be64b9d4c905777c4,22620,rio de janeiro,RJ
c360bd993e7f4afc779462c4dae4e2e7,a4996d00a712bb29677b77bcefa587e8,32653,betim,MG
c368fab675f0635bef29b452b5b5cff3,b165199fb255b8a14b61d4aeb6cb59e9,13045,campinas,SP
c3765d3e438378787581dea1c3dc3d8a,c8deb82e62d0e33c59674b32e8b8be75,22730,rio de janeiro,RJ
c386ca94c617d6f14d009fd2a1204380,481ca89097584ac46ced01f2ab16b0ef,04520,sao paulo,SP
c38f349ec38ba57cc2e541b1e481f451,8503a6f694706c9dd1c3b567ab0e3a19,09333,maua,SP
c3a9744bc2f2ce8380e3d8556c4ba67f,130ca124fab49932a251e96671ace3ce,74353,goiania,GO
c3c2890de4f0b5e1dd05a3de8947bf30,7d2d68621da84c1febf4179d76883c2c,11533,cubatao,SP
c3c705bc2da08d28ea0c6a1350747fc8,73afc53830786f0c1f1fe7284eedec84,04821,sao paulo,SP
c3c89e607f1280b715319f19745beb27,f249a8d23948360f537ac2451b171902,11020,santos,SP
c3d3e00eb0741f6662891cb94a986ecc,b9e7b5b4ab8e3f97bbc9f79bd5da55cb,95555,capao da canoa,RS
c3e716bfcf62d9dbc2016e2983f19401,51169b8e8a78bb508f12797454b6876d,18540,porto feliz,SP
c3f85df1dee609015937d3d4807549cb,3351efeee1597277261b8e8b14afae7b,06709,cotia,SP
c4357c0fbb69c53822f3690047baa057,397cc6f362ce814681a6d95e3b9cde2c,22631,rio de janeiro,RJ
c4358c59e18e261daa78295cc9b20bb1,2a780eb007ab182d25845cc267fc762b,07714,caieiras,SP
c436e7d0f83e0e21fb874d8944eb85a7,a3fa9f85ff02862dd94e82ace1f4f245,20511,rio de janeiro,RJ
c43ef016bf2cafe5db5e670dee714ccd,818048bd4969b726179cf5ab040f9245,26280,nova iguacu,RJ
c450d2558dd77bc0cd8b290f5af4f5fa,60de4491ffb20042d1970c993b5b3726,12289,cacapava,SP
c45bf3cd714e56d9b6604c76ff05547a,1dc7f464821ba2f35e66d7591703b51f,29398,irupi,ES
c465c80b3a11995fd2890c759421a7df,8dafb82f687e3b0dc9e97b4198b92128,97670,sao borja,RS
c4661023cc14f8b203bb388f6d486f3e,9b54a46b943ee3d1ebc2a2d1bc79e0f0,08246,sao paulo,SP
c4825518503be8ab4843ccce8e856814,6fb2d02cb47685bd01585df5a588ea24,15077,sao jose do rio preto,SP
c49045560f1f4c67e46520a8098e7492,753c5ab50950c1feee4c8862cd450f12,25900,mage,RJ
c49d4daab284e5d3dfcfb28a797edc70,a5a768a369279102b048fb1a0a6462b8,32285,contagem,MG
c4ac551ad523e6a4b6b0a5a6babd312c,26b9edfcfdca5ddd162feeaf03b232f9,89701,concordia,SC
c4d577a3b00d363c6a6e57d629b4b558,6af3862eb3e44e9668738db761a28017,39402,montes claros,MG
c4dc91bdedce7359df739e25b9b3a21d,57fb9a5dcee103d51bf7c744e7f3cac6,70766,brasilia,DF
c4e00400b6f79caa802740faa2829161,daec6ee742b2b2ce14fcb41bd844045a,15390,itapura,SP
c4e17eff78176dfe3401f03db0346f85,511c345b0383af6ef25406c564e4d6b6,17780,lucelia,SP
c4e54a5eac971c57497df50e7a7a3c00,128879fb7a67cfdb05d5e1fe5a37e989,64218,parnaiba,PI
c4fd402d92b11f47ef07a2412e96fdf0,39370dae1e24d5b30613cab35e7cf58c,25510,sao joao de meriti,RJ
c52f8523a6448c43354e5ca966f61e4c,5b8e2b1579f85b73591611c56267d7f7,13564,sao carlos,SP
c558d21ca617433df233c7af51f35a08,a61a2c177e2030b5de97b141200b8603,76870,ariquemes,RO
c5761e080ba22e9bb19972bd1d3901a3,d5fb0f227f7202204c85fef4ade73a62,48990,andorinha,BA
c57651797d7dca0e93258700748d3d7f,04fc637963fe982dd25ac58e4f4770c1,72130,brasilia,DF
c57b4b6f3719475543b721e720a526ad,b6c083700ca8c135ba9f0f132930d4e8,08686,suzano,SP
c5944790d706b37542a28213a9761022,17c08596e9fae2be2d7ecc31b80ae758,09620,sao bernardo do campo,SP
c5a8686eefdcb86e4216dc46cec8b81f,592fa32dca4f04d098afdc9912bd0629,28013,campos dos goytacazes,RJ
c5a9ffc867b51a706a06ac6e1e3fa61a,a75583a63d1dc5591fee025b0a670c9b,04116,sao paulo,SP
c5aa7855884fd94df7d46d99cd88072f,371fb2f33bf1c61a176e937e60c401c7,20735,rio de janeiro,RJ
c5aad2d16788dbb223b0e53e18f9bfe8,9234036c632137baacab3ea380928f96,96225,sao jose do norte,RS
c5c7d5c47827b765408483c47ab485fc,050331c7df0a0d54e5dd22f4fae0f2c4,60165,fortaleza,CE
c5caf3ba9c0bec1cb22624b0759839fb,0424c5ebdb5ce70bcd7b596efb17b561,71725,brasilia,DF
c5e7d668bb18948a7bd56396e9a261a1,d217bd1080f1600274515c3d9b78153d,14783,barretos,SP
c5ebaeed3b49cd93b3c294547784f484,43956f989bf5238c0aa2b8286046c2f2,14120,dumont,SP
c5ef4b508381ea9766c2d7e798985bae,9e165c07189ceb3281283340fefa76c5,14500,ituverava,SP
c600a87c893e7afd5ad653f2340e4e75,070447b7f798d0fff61e13a5a03522d3,53140,olinda,PE
c608f7336568970b364efe2928979019,3f66d7e007ef728aa55bbf88f8c55034,89990,sao lourenco do oeste,SC
c611a87152a511b73b2b6d639cea5034,cc3e3512bd101778a2eb0f9911df0916,04840,sao paulo,SP
c61b177cb45d59e31ce05fe775fb9ea1,816ba6fb69eb46244f8c5730ceda4573,05795,sao paulo,SP
c631648416d171bac17536b0e588cc93,9cb9e18ccdf5fb9abd08122545888873,14020,ribeirao preto,SP
c633d27c2f31012039efcb0448b9c145,df17d06a55ae671ec464754cdc865f27,02564,sao paulo,SP
c63af7127225df2f73e46d15ab662a2f,9c4f1bfd69071a5c8a169fb02a47d4aa,01520,sao paulo,SP
c6405c62925ba71e578093f93a07814a,57676a65c7de0eef9c74222d306f8fdb,03728,sao paulo,SP
c64cdd0013964702894b7d0d942b034f,24f4ef31b40a4b5a09413b51ed1b74f3,02328,sao paulo,SP
c659c6ddb8f2dbed68ea0889f16c0f69,aa8f455c5c5fcbb77246a595ff41a11f,69065,manaus,AM
c65dd94e69fd51ea41f87abcc2f1a318,c9757aa35276c00b9c0536eec8c9e1e4,06433,barueri,SP
c672861bbdf2364414603b0b8358f2d1,d53af683b67ca470910f533fff9b2814,07124,guarulhos,SP
c6806b56d02b81f94a7579c5a8ed9363,22a07b6d7ab3667efbe93ad136c0f100,12246,sao jose dos campos,SP
c6905d999d1f43ece368224f28ffed47,dd7b23a2d1528f7d396d1d8622faef9d,35560,santo antonio do monte,MG
c6955e041a62b1c6ff9bfe57c4ce5b31,d6b2a67c98eb8644a1d3b8c74be35001,21321,rio de janeiro,RJ
c69ae1f41ba74509e754afb5b49fb29d,68abb22a309ad287caedcb7c8f556a63,71909,brasilia,DF
c69c44d6121fd87aa2c3ad49ef16890c,81961b91ef27eea7d61e6ee67229c6f9,22795,rio de janeiro,RJ
c69e9b9095b1491d57aed0483eb1b9e6,5d4860175560b328f70a058bf6fa2278,05185,sao paulo,SP
c6afd539f661cdf66e12f37802d274db,b062791e857662403c72226238569567,35162,ipatinga,MG
c6d90ccb4260e1d4ec587ab1463752c2,aedcd7bb3292c0baeae60ea9e84a21e6,90240,porto alegre,RS
c6fc7b1534701f4ab75af0356847a437,5ab9ac4f0ecda632983caf9e856676dd,29053,vitoria,ES
c6ff821f69a0dec55cfc2694414e45e4,0bf78d8068bba4fc88a120a841e7fc1b,85863,foz do iguacu,PR
c702d44160f436c39dc122a2c9e22d2e,327ff3d5520c8dfd8b296d95d6335a6e,86970,corumbatai do sul,PR
c71808bea8b5b4d596f7289d199495e3,7d0645fff461a03c8714792ef7a58ae8,22260,rio de janeiro,RJ
c732fe6581f798f69ed4f58a24ea3e24,e79361a096b39abecd62b325281bff20,39890,joaima,MG
c770815b9523cc958ee5ba09819fcbc0,5f7b9be1938c03dc5e9856cc7f285e1b,88780,imbituba,SC
c794b43a21994c0b726f1803d2773f19,44f1e0006c036bc402c4e9d13d5a5335,18052,sorocaba,SP
c7dec618e4985d345609d98e43240ce6,f2b9c7bc1551f6b12ae7581d792da02e,13348,indaiatuba,SP
c7e19323cb9b0dc5b4859f5a03e861d0,28b39d50ca5eb56730010f8ed2dff7c4,30320,belo horizonte,MG
c7e45e85f22f5db2f9a06c77674c872a,ba29c41ff2fe10d13ee7b7c3ecc649fa,03820,sao paulo,SP
c7e92b25149aedfc40b8f3c297e44f47,5742406e72eceee07be827bd07fe28de,90110,porto alegre,RS
c7eb06383ae604616cb4c9d36fe6745e,f94c00f0411b6a3e6cbde94b120fb786,68440,abaetetuba,PA
c7f43a392f5fe1f7d34dfa8a57cd4e92,c043155df02002c0e0aa28d0aea4fdae,22020,rio de janeiro,RJ
c7f4ae2ceae1c61d7498868443fc755f,39233d7a20a6765ef89a9559862da0dc,74810,goiania,GO
c7f70f5cf91be88049723af74735f91c,bdcfde2bf11454f74ac8ae1bd709c6cc,15110,guapiacu,SP
c81491642e6cb5de152793df9069b300,a8e372a8df64d1e9250c093bd71f4cf0,74975,aparecida de goiania,GO
c821a8b90c1d0df109200a6ca4926eb9,842a31ee1b53a7457cd7174cb0ebc931,16020,aracatuba,SP
c82d7cb984499a33646e2378f2624f9c,7f2b05918dba5f972a8fc8757490bc8a,11760,itariri,SP
c8312397127d7b1cf18e77a37efcbe01,5d923ccb7548741c453df5a825da2515,12606,lorena,SP
c849ace72771155d3ce3a8aabbabfff9,c175d379d5d15872fa88cc38353c0396,18045,sorocaba,SP
c84f25af45aa6bade8bcc46f991c97c7,ba17fa1c74cbcd675656a975e53877d5,20510,rio de janeiro,RJ
c851e38392f26d6a33bfe6f717c0fba8,415ee7f7e65b172382f321e711057114,20271,rio de janeiro,RJ
c85bb283fa5d77323cdbeb754b936e99,790a085b80b0152b8e6fbe160e4d3326,37503,itajuba,MG
c878d9bde7511dfb209b9ba7b4136637,07b5c3178c3ad710834bbcdae248f737,45823,eunapolis,BA
c87bdfa527f494e256901a8eaf082ec2,70af4c53ef8785a916deae4611f1ad24,89610,herval d'oeste,SC
c891f94087a1bcda077d185cb4edfff5,a6f30d82f17aa1b45503e1d1305ae44c,62900,russas,CE
c89afc9845116057d29003edcd515ed4,47b10d3ab2a53725f5b75fdf20637e45,04023,sao paulo,SP
c89d15c5a577db7e5d3535a0a54ae452,8c6957aedc2947857ce35de20f665290,83709,araucaria,PR
c89ec71952197c093c9161bb737dec5d,34a0955bc5dfb973c863133bbb8ebef9,05872,sao paulo,SP
c8a02fab716a574ad3bf2324a3bd5179,fa42cf768048ae508f121344760c718a,37004,varginha,MG
c8a6be2c61ccd0a754f9050ba710bf67,61ea375c4d036fb429f0010759a2d448,04576,sao paulo,SP
c8a84c4b2aea91e2cfd48a87ae2a8947,c0536ee7a009264e0f1bf1c8f4c54ad3,14020,ribeirao preto,SP
c8aa0375ea97096fa716aeb0fae33604,2a0f18648270948cc73768189d1462d5,87670,inaja,PR
c8acaa9e724e15c79813b36a6f243d1a,ca428a8288c8c4d4d348ade11b8b7280,22271,rio de janeiro,RJ
c8ace93dcc058d6488bc06dcc239421e,bea41d6a3d56041efef1a3427ac3e94f,70670,brasilia,DF
c8c1f0597230ba044bb8cfb67fd31dd0,e4cf1359827bc6da749899b77a5ba9a6,65091,sao luis,MA
c8d216b178057e7b76dad138f9bb2aae,f5e57d38033f0d2bad0f32102f51b179,55560,barreiros,PE
c8db401ec63a5cf4fcc9e331cc626c96,f120fc6d61289eefb3f39aac12abb022,11700,praia grande,SP
c8eaa92fb78e29a73b98bb005e08a45e,d1516068b604e6a0d832ef68714baea1,22631,rio de janeiro,RJ
c8ed2b9476c21e4cfffa0dc1cff1d3a9,331b3b4cbbec4a67b2d5544a3ee694b6,12285,cacapava,SP
c8f48d57ea33b178d8b6f07c15fd414e,077ef1f9e798c39ba7883a0649826c90,21510,rio de janeiro,RJ
c903f7a5a846c6117e671107d202286c,cc6197eed38f9568999014e872eb432e,12220,sao jose dos campos,SP
c9118083d11b71877d8d42aa421ab73e,e48dd47690c9c58d5b4bcca375755b37,15505,votuporanga,SP
c91ba72845d597a3ff42d1d45c28d1b1,4fa9e82216699720c94eb5282f4b121c,22631,rio de janeiro,RJ
c92227c22263d46ce0163442bb544995,3b532b639eeac65f03a99ea180fca0e0,22021,rio de janeiro,RJ
c9263e1cc3eea092007c49ea6bf5d40e,53195b5ebfa96956c0446632da7c914f,14177,sertaozinho,SP
c93425583027046f9893dcd578aa6e22,1cac7cd9062c193f2f317b4689302d68,06663,itapevi,SP
c93e142e933bb44b34c4a1523308e4e4,00be1845d956d40218db17093f667764,40420,salvador,BA
c945b259f3fbb068c27c9646a2f9a532,481ad8632572a6f0371c47fcfd0d886d,01223,sao paulo,SP
c95bf8324acec8d3f6554af904fc4af1,c79792aa3f468806ac9ae00165025f41,30320,belo horizonte,MG
c963b585a17fb368b83163af2e792adf,b7004bff57fdb5efde2a19e2eb0a1d2f,02135,sao paulo,SP
c99b00c3b4053a8a6159264ad625dea6,73598046f1a96a0270bd36b6cfaa4624,06317,carapicuiba,SP
c9a80971444e9a7b61d645c6ff00d42a,df15f6ed7c819c41d42884e51284ce18,05185,sao paulo,SP
c9a9089bfadc6b762a71590f1f7f2e85,981c8663962b9ee012efd63880b65b2a,15090,sao jose do rio preto,SP
c9a94a45d18593ebe8f50d08cce39e2e,07f1a64852859634cccf3e52125aa854,41745,salvador,BA
c9b87d9c9f40b48c6872a6bdc623ca72,69582cf013f08d7c033cdd159437a174,38400,uberlandia,MG
c9c082e00f8e245fb30df79db1964cd3,282ae7be3c19b39aae6600da3258dc2d,70670,brasilia,DF
c9cb49149d6cde01cc34c008d9f7ab76,8e8211cea0641d4f780f748d92531e62,11070,santos,SP
c9de938da00c05ca53a91f3c9b958abc,668a97d6246427dbd84719e055c7c2f6,75180,silvania,GO
c9e36b6c0cabf0ca3e5831b9a9b1d2ee,8fd4869508146c4f423b0860ef33d583,06160,osasco,SP
c9e7c937d961937554a05768ef8c6e28,e8e1a4c056f7ca0b9c6df9965dae723a,45820,eunapolis,BA
ca150f7080297fcc2977fc1bd5fa2bf1,6ad7f988a8d4cf14bc53155dcebc30ac,01544,sao paulo,SP
ca1f590191e53132651120a6e83a8de9,a33b4ddb1e64e74fca23c959a415f401,55330,bom conselho,PE
ca29cf9562654bac7552283bd561bd48,ea49b3c3ece113a056616d58f0270048,06702,cotia,SP
ca3f383440e3514f41b0ebdb9b7b88f2,396adb4d8570f382a271ba14a73d0190,01308,sao paulo,SP
ca42993a325d1171e3f5d7de645ad88e,54e53d4b22f3a714fe75b265e172241d,83005,sao jose dos pinhais,PR
ca4dfba4840aa9ac286c79e6f2b95d43,7b0c9f0a6a8fa1274c38050fc3f57c8d,86975,mandaguari,PR
ca691979fbbfdef74e179bf46526cf9c,986b113fcb93ed01d0094585ffded412,68600,braganca,PA
ca693ab312ae43e69370a1df11f190e3,eab9e92710c0f8b5e20b9ed534e571b7,99900,getulio vargas,RS
ca7be09be15919bbd9f41de9a68d34c0,a14720d62153eabc4a7cbbd84afbcda9,14240,cajuru,SP
ca8493599537f0eaea865bf482491b9d,1d9e744bef33e92d5373533f4db95f24,70043,brasilia,DF
ca860cef411f1bc07c2e4a2b19fdfd4d,dc0eb6b79e438bca1400a408ff88fd15,13467,americana,SP
ca8cf5843bcd138bd1e81ec9f17531cf,5df98760c5923977c84e2a09f1e46317,81570,curitiba,PR
ca9a6ae226341827c9614ce7568db46c,15b521471c36ed411359347ff8257b79,03080,sao paulo,SP
ca9c542e0ee144807d875bc8702cecdc,cef165f2bae75deb1c34658aec5750ef,13276,valinhos,SP
cab77812cc7fd13299f17d2c04b88654,367a6fabffa39e72823a2a2c836a89ff,95330,veranopolis,RS
cabb8af06c1bc856f52368fd7772e41f,38d1d975968b0fc361aac11b1b18ab34,38082,uberaba,MG
cac1de9a447d5238cb62bd9ea20ff7d8,f55f92b28e828938355dfb6053dfaeb4,03112,sao paulo,SP
cac2887e5ce19f87ea3b5bfcc51dc9aa,a68aa5b6d22ffe2ac0fc2cb41a383072,35057,governador valadares,MG
caed27153d7dcb652fa5d30fa4a08930,5cf4e0deb70db6783df2d23d7db1f9b1,11740,itanhaem,SP
cb1134effa844529035effe06a2ae01d,b5492cdcd2cb70885607dd676780ac77,02651,sao paulo,SP
cb1169f09b2fa517b0255a65e31bc9e8,848e4afbe2694186332b34dac9909092,13185,hortolandia,SP
cb119e28018ffea7a8dc693d1aab7322,8722a311d994356c039af6e3ec44fba0,13835,conchal,SP
cb2c4b5c307d9317df0ef548f4ced7cb,3546c406bcfa417586d7bf240ec32161,88058,florianopolis,SC
cb3df1a94d3cbd59e70b3ee27b203af6,9039f771af9908f568b0ef12ee45fa63,38747,patrocinio,MG
cb3f24783eb4c4a37cfd6e35b41f3e4c,7c6fc58a573a35da82e23588f6c0b42b,05438,sao paulo,SP
cb7abe29d70c37edc3703a61ccc849e7,ed5c208da2c63791645edb93cd01713f,96400,bage,RS
cb85fd1337a9b227e49fbcb893babd71,9b953c95d48d666d4a7da3aec936f1ab,13416,piracicaba,SP
cba2aa3b44e87d70be5dbcc4c388e982,208b00125153b84a8a079da0461aa025,75370,goianira,GO
cbb2359424abfe3190e892223a27b650,9e4a93fc6381bfb1ae75569272a0990d,13202,jundiai,SP
cbd27e89c7d9f328657dbdfe6206bf6c,2ab1754a3f82d3ddc9ea1e80a2be1e3a,03377,sao paulo,SP
cbd80968cb96e3a59fcce491c3788b29,b612515c9f0bf4ec2d09055aff1dac48,56302,petrolina,PE
cbec6c6e7a388dcb6c91bf4919a1f66e,4050ab1fc484eccabb4479c214985342,31365,belo horizonte,MG
cc0c38361d064bff576ef1fc19336cb8,d633949030fd101bb4bb0683b0d90f50,79046,campo grande,MS
cc17e813b63c679d370ab359fc852e26,7ff4407ed5e944756d542c3782fb6ad4,39804,teofilo otoni,MG
cc220e7ea3acb606f74a9ef371b73dd5,ded30b380b67fae26a797e0fa444fdbe,13506,rio claro,SP
cc2f89bdadc348ed9f50fa834110ccb1,d11568ecebd6f5e8f5f5952b2e53fd33,40221,salvador,BA
cc389f4eaa50512f8de37f3109aebaa9,7e7099557d7e8307cac58b3df3768882,75804,jatai,GO
cc39c95f4a46addd1f64da1ea88f95fb,fa6fa94a6c6ff5a21b9364e66a3b3266,05584,sao paulo,SP
cc3cd505183c2dbf100bfe8658b56cc4,13f2fef5cc2213fabade4ad7d32ba6ca,28740,conceicao de macabu,RJ
cc5182b642198e3b0390fd6244faac1b,ac960c0979155ff8dbfdffc1c94ec676,03881,sao paulo,SP
cc520e111caf2d8356003f5814dfb2f4,7107fb477c1cee6a2f0e7a6e7b0ede4c,06266,osasco,SP
cc5fe3b10431c4cbb202722dcd78818a,6fa061182583ad8a67e3beb62d70780f,09856,sao bernardo do campo,SP
cc651839aaf53eb034cd0c8066e266d5,145b5b9990638ea1e94adec4614812ad,13210,jundiai,SP
cc6f5db7dd5f6e879475e65899663005,e611b0bc37eb590c0182ab46fe2b0454,22451,rio de janeiro,RJ
cc8b0570332e15f77abf874fc2da154a,5243d15988ba986bcf948d51c18f7d83,88701,tubarao,SC
cc8c2d369602910db921cc22d09aa33b,442ad7ba94a268d72f436bcb3b663841,35180,timoteo,MG
cc9e69978aa877c0442093a193254a67,855d32ca5e45bf54e4d88c29c65cea0b,13600,araras,SP
ccb212cf6faf1356d9b5509259de0940,6a34ee4ea650624a9754fbdc99fdd356,19026,presidente prudente,SP
ccc2d30d745db65793fa46ecb62b8181,172a2574a83be605961555ac3726762a,03502,sao paulo,SP
cccb9ee6b6e94ed342a4f81f577c2657,23ebcc7c46a2fbfba024576852b06080,13142,paulinia,SP
cccc31230cccb4de694f9cbf1cb6e133,dee268abe72f67f5d28e7499d6b6355d,22793,rio de janeiro,RJ
cce44d7973c3c5d679d99616b5f50c91,b48ba4be334f94490e91bedd0d424432,37530,brazopolis,MG
cce631765a9e31068af38b7e668fed9f,3ebf883fc9d9a5dca8de826c31689e41,60355,fortaleza,CE
cd02136ffff7628117d0f2996bb55f00,608646d3514cc48a27d666e313cfe0cc,13224,varzea paulista,SP
cd0879cb585fcbf74a2cf9417bda2362,a788b820bbaa47754700c4e0a3748778,11320,sao vicente,SP
cd0ea36f631ecc18f4a781beb4799b43,cf5ad739fb0bb0c54bcfb1c41b7fd8b3,24744,sao goncalo,RJ
cd1437f95cf93146c0fdacd572480dd1,9bdcb4acfd3af0cf10c140cb7fb62ce3,47800,barreiras,BA
cd1b76220f1ef8834081af5831663e44,f9ddad97b1a41864dbf8b1dc6bcc028f,38701,patos de minas,MG
cd24dfdff8d99033e3794d9b104c95d0,a4d4a76b47ccec27db5ea63da11debf5,41386,salvador,BA
cd281c1a7d26cd29a3ed4b029fce7270,086d6b5b5ba195a91aa0a6ec8e75d1a4,69900,rio branco,AC
cd299b4957202f88287b1ede2991cf5b,06d9c4168f968c014683e935fc57e707,48540,jeremoabo,BA
cd35dd0b8e59b051825c99ff42983181,508723a71df892b7456450d4dede6e86,25585,sao joao de meriti,RJ
cd361dc0e1c92d4c4697f9af769dabfb,ceae573284b9faf72e72688668cb193b,25954,teresopolis,RJ
cd3ad76eca9e738a7529dfeb077d5a7a,c34db728261251fbd489eb0045f9d114,05007,sao paulo,SP
cd3f821b92920ff95ceb7da103502eec,1df9c9fc3c60538a1a611b6ed81bc930,12995,pinhalzinho,SP
cd5197b832fad889118cb4ec1483b4f2,5ed68fbea058394fe9017715f735f89e,09370,maua,SP
cd69b09b4e88e12801fef674ab5258aa,689217586d2cf19288199fab8413ce0e,81590,curitiba,PR
cd6c124956591100b92fe3f3f55450a6,2c7dc2d77f266837205c84e3e91e8449,14806,araraquara,SP
cd83239e30889569deb8484dc2a05b91,3043914bf53bb5e45145e20111fb76fc,88139,palhoca,SC
cd865de179ad020a8cdaf0d6ec45c08f,b1e45bddd6621638cecdf5eb6cce0f92,82130,curitiba,PR
cd88ed0737a4336680a8bca9efe10d9a,86203c9a693c6372142af3aa3752c8eb,22290,rio de janeiro,RJ
cda2c884f421e52353b8f80aea7d9c68,fcbf97f36313abd9df813d71318dd3d9,22793,rio de janeiro,RJ
cda7a35132d1ec8eb2458225ec277e27,dc9f99eb8458b74aea47c32170ae1374,09132,santo andre,SP
cdb4836345c6e428e8ab34ccc1daf96d,45e8f61cbc9a30d45cbb5911c6ebf100,89230,joinville,SC
cdd251ceab48c424c2050a90555182ce,5f4b804b2fb21bc0a8b25b01b7efa59c,20010,rio de janeiro,RJ
cdd964d7aba86669bba2a25675fc22a9,7d524d0d52f498e17582ace5affd556c,06460,barueri,SP
cddb7c930b86c98185caad9fa6cd65c0,3a69e1826b490a9a1253e94e511feb11,14783,barretos,SP
cddd3a48c87f57e5e8a07295e48cb714,729a2696f78da805198eb9b531775daf,34300,rio acima,MG
ce00ac7b1fd65ef1493960dbca9ee71a,fd1df4bcd96b397659b947c5c8508c1f,04552,sao paulo,SP
ce0809a5eb4ada3a764f383e118c18a3,903e244773d10d2ef9cba4a679253ae4,58280,mamanguape,PB
ce1bcfe3b3c0ee8f1d421a3eb754d9ce,f0a37349de902094650c18655a82b98c,37810,guaranesia,MG
ce1ed97f1894d3dea32038a11c51c29c,ff3c7cdd41bc2a0f7b667df7951e9e93,14165,sertaozinho,SP
ce26ced2b3dbcd2e283ad3c688021fec,7da4f6efe547aa814499bbbf226859bc,75860,quirinopolis,GO
ce303f783b5f596243cf7100d6b848a6,8961b4ca2c5aceb7a78ea72c6e0c840a,06056,osasco,SP
ce40bdf89725ab732c923660e1e3c932,e6705943467b395bfe2005f4b7128a51,14406,franca,SP
ce40c9a92219c8eb3e2e44465e233a7a,9c193d633d4bf351ce01f83404a8f9d8,41195,salvador,BA
ce5b4e25d215256b0416af19bde155a6,f15aac4645f84bde58ae87779e6494a5,08030,sao paulo,SP
ce68d694e1d4e3354bee31ac4bcb90fe,8a03c2f7629a4a8a6ab40525b7179ff2,20550,rio de janeiro,RJ
ce6d32fa00bbae809e07c14126e5fa6e,1504b719eb728716ff7583dc7b86a0b0,60743,fortaleza,CE
ce88f748efb459730857f1a6513d1ae5,5e7dfa825bd9fa4cd265e64f9cc42de9,99040,passo fundo,RS
ce9167d363251ec55e167d15816ea22e,f7a06579f9f36b29b273a9193d18d041,09791,sao bernardo do campo,SP
cea73672ed36824ffda53dada3a1c8ae,1b71ebf2ad9a9e67469d5e7af4ec80c7,37580,monte siao,MG
ceb4051c6ffa6d84505741c5f96093f0,0cbb9b3e9e62de51c41fa0e8775a059b,08591,itaquaquecetuba,SP
cebf23c9423264f677a27ea0737c0d99,c17e8d36b887816df43b1ff74d8fcc03,22431,rio de janeiro,RJ
cecb0cabf6394829a7de181e95a08ad6,63d9c37bacc98b56edcd3779d54bb3e7,30240,belo horizonte,MG
ced8f3419d9a7d7fec840b843b36d6c2,61f37e13b99dae825118a5003486b934,24935,marica,RJ
cee15e4c71628cb79e97aa9dd14b10c6,4b483ad9ba083919d805a788362c71e5,04446,sao paulo,SP
cee53b7d3dd56da687a4fa61c6ce8d32,4403513209514871ac9d0fd681f7cdb5,06703,cotia,SP
cee87c1ba63da17e6d9aded0ec8c6627,0ffe1870a2ac4c4b80537171452daeff,25850,paraiba do sul,RJ
cef4764b4390fa072851cb108ed91f35,cf42a8c1a61f7148c0f031a53c5d17da,20751,rio de janeiro,RJ
cef7f153f7fb65e2076d6f15e7f58f55,076b7055bea51da430d6a6fa054e5075,11702,praia grande,SP
cefb86c8a049061f380600766d73ec9c,104e6031bebec912a487da1488687942,03546,sao paulo,SP
cf1505cdc6d77f257483919755e7f0f4,cefdb91357475980574f85364e5c8fa8,44031,feira de santana,BA
cf21fc5ce008e8d35e01caeb0ef028da,0fd77103b2734193d2bbb936e774418b,07438,aruja,SP
cf2ca98ff50dd7bc444ed0cb47a21d14,1bdfc8e1d23f38cd4f2eb0a6e117c863,72811,luziania,GO
cf4dbbb52c23ef9d9fbf701b2919afee,2480d0bceb583db037e908e1d40ec79a,24020,niteroi,RJ
cf54331ed702f203f23da3cf5a0de4d2,e1cc1be2730188040748affa422b2803,17050,bauru,SP
cf54bb2b4462fd41cd545faf74a59ca5,a3d6706e1d475bb73316ab0fa91cbc3a,06474,barueri,SP
cf6d28f68cf26d4e77f3482f0c452d70,8e617bc91e317b75f97f298bf526ecad,60010,fortaleza,CE
cf94c4b546f0a5d72297e3b559080483,09baec50afccbb414f24bf8e0bc7c020,31330,belo horizonte,MG
cf9d02b5881ac8b8c6c2c5d4be462589,02d01e34105848c4f70c643817d8b904,87203,cianorte,PR
cfb455fa4b4d00203442d49931524e8f,fc3fde3000c6c4fdbc5507265441f4f2,12945,atibaia,SP
cfd66e8cb80e01b5d940ae54a7a9c007,797b0d43d988b7402b661833954b9d0c,70775,brasilia,DF
cff157deadf46de66ac1eb7ead76deb0,56437a026e07b2b2271b8742aee81fb9,13340,indaiatuba,SP
cff98faaf25e1b86a439bf5556e6cae9,6c2d022850b74d7bfcc074ec405986ab,41815,salvador,BA
d003364cdc8beb1c87e73780d7fc9d13,4b57a7d0dc718eeb5ceb5d75f46e2f76,22710,rio de janeiro,RJ
d00682c2eaf70db1869809d2fbaf7aba,556ae943ba81f78f9d6db9e9b7ce38d2,30180,belo horizonte,MG
d00ea5d7b369bf08fa11ddfd2db8173f,d9464b6cf868d3a6f44b8d3f13e4fc14,36047,juiz de fora,MG
d010acc7fab9dd6b4779bfe36b73024f,67300bae399a6dbc69304829f60d9094,36165,tabuleiro,MG
d015acea9c4daffed2c50531e217862c,c0888c415e05dfbb9beaa9c8ac62371a,74655,goiania,GO
d01c7d818c6b39a0657b11a9e85f99d2,92b80c0469a342c21683275fb38ffd60,18530,tiete,SP
d02c08e99d8a8f8c8b2671a71149d683,44949cb416495fd4ea1f2fb9d7d39a53,85869,foz do iguacu,PR
d0355239ebf0870cbcb6659c0f2a8b2d,c8843f193258358e4923045b14d1404c,89667,piratuba,SC
d0472a32770b2d07b3746ba671268938,e5aef4b8a3dbe19889e7bce52e8f0bc2,24753,sao goncalo,RJ
d0522dd7246e11b31213cce1c3215a24,f00312c4becd1d9f41b7fabf8afaf07f,06020,osasco,SP
d05d07aa90ccf1c30bf55f0cd34b28bb,59402a12bf267e09c08111b980acd9ff,97010,santa maria,RS
d070b9f0b542ea7ae9e438e3c8a3fe99,a7431325f4f331611b84b986eefea012,05162,sao paulo,SP
d075570ed98e1a5bf9b6355be0f89b57,2ac505ba214f8572497acd6b9b34af4f,72251,brasilia,DF
d076bfcf489b61fa7f2250ce85437260,a2c8a9917071c92fde9fb4bb8f111d52,89083,indaial,SC
d088b310a3657f194fa1e5e61ad66587,57056d7fcf92fd1154d9926b343f3806,92500,guaiba,RS
d0ce4181898b96b8fc24e7c5c48c9761,97fddff431b6f155567743240e06723f,01318,sao paulo,SP
d0da29bb6c19ff57126bbbd9ed63dead,e0b85b0f7c0fe3b979937f2f483b44b0,05353,sao paulo,SP
d0eca4dcf131a1a0f4665c2a47b4ca02,139fb3595e26482b7aa26fd3b0dc0a97,37175,ilicinea,MG
d10065abe48b6225e69b5dd8ca4ee9ef,21b6d5ffb3f9b205a8a7d42d4336086d,08161,sao paulo,SP
d10629372592c7e98e0ee8dcf235637f,27e67b7b4ca8b8f0ab05e8358d2a5b2c,04132,sao paulo,SP
d11524bb77c28efad04e4467eac8a660,6968d41eb700f1ea39424e04b854bf7e,30130,belo horizonte,MG
d11d8aa3c8a3d6dafd592452eeb3a246,9b716d49aa30d57793971923eb4cc079,04344,sao paulo,SP
d12ca97166081cdbaf085814549aa109,6776dcb837589509cae6b114361d1e46,84026,ponta grossa,PR
d1331e1eacc0e2a1f9bba705c6dfead4,659fbff74728dbb55882b3d2a7f6d8fc,07600,mairipora,SP
d1493b7fc8c69384bae2af1d631a33bd,3a9b335d5832549305cbf7ce302285d3,06050,osasco,SP
d152e59310ba4b2f8a71a0c919f1c4d2,de9635ece12e65615746483baf25d62b,34800,caete,MG
d1692429b72bdc73587f97f6815f6f71,0812791f3d218cab503587bf6530ab46,91740,porto alegre,RS
d1708296fa2d1858568bac4e9ea907bf,4867378aa2b93cdcdcc1911ba28beec3,03721,sao paulo,SP
d18cb384febf76070f778d201134374e,4fc64dfc8aaeb02ba72134681233c9a4,29050,vitoria,ES
d1978f0fa5260fa6f2cac38d784785ab,da9dc8ec1367751857141943c95765c7,79041,campo grande,MS
d1a0299b96bb74b36b5be8c849f188b4,94b27f5cb0276a9d149375e24de840d2,74650,goiania,GO
d1a137a7cf84be581ba025c1a42f0fe5,80f1dc61e6737016a7b9214c6cc412f7,09854,sao bernardo do campo,SP
d1a7592390f4a2e595a0f77f62e0a5b5,c9d295dff87163412bfee2bf151a16b1,12061,taubate,SP
d1e9dfc3cc11c1c913325204a045808f,1f79ab9301eabef4e5576df4a5b2a915,21043,rio de janeiro,RJ
d205a7668b53d1207fb7af95c114f28b,3d7f8688d8a626e202baa1c149d4c2ca,74830,goiania,GO
d21146bb7e87bd17fcaccaabea993de7,6051bd75e560b584cb6d3673d92f3c31,82970,curitiba,PR
d21a1b30f682a1faa9cccc16d674eacf,ce6adb9b3e23ca6736f4b3d6038385f6,24731,sao goncalo,RJ
d21a68ee5ebdcbfb2ce1b22736e29f28,4482c69515d79132ba4e52c955d201ab,13219,jundiai,SP
d220f8978da3b1262782fc27c5caf747,d59022628f71ca843bca40fe85ad80bf,04294,sao paulo,SP
d221d7e0deaaaa2353d2128ec942ba0f,bbf1e9a6690015ed6701aabe935d5611,23017,rio de janeiro,RJ
d2241057a10028bdde6bf118ec74e49b,e8406effccc04eefb8fd8279da2fd4dd,21341,rio de janeiro,RJ
d234da1ce7c522e9248815bee7a0181f,9594f9dfee250981a281169d2c721e78,09111,santo andre,SP
d237cbdc78b4a1f2b19ffc5874ded4b7,6ea2daee1b9951236ea945a572794d67,65072,sao luis,MA
d23e282d723fd63c3b23480bd3e466e0,57172168829468d7adb1a003d5e4d4a7,30315,belo horizonte,MG
d245397e7bd8f475d82c38734377094e,6a8406da41b9f26292e637bff198c58e,15440,nova granada,SP
d247c3419a9aa4ec6ca6fd6ae2fa24fb,a5435b46270f8d38b6fb22205426a32c,45900,caravelas,BA
d24d71f630561a1fae69125e435ad612,1cafd5f02196f54ff217148cecc4c3fe,13670,santa rita do passa quatro,SP
d2678d22d6727dfd53c7b918ae2301cb,102da970e022898310b5658dfe6932cb,95800,venancio aires,RS
d2690de6c17e258b5cd23a7e6d33beb4,59ff434b284682bf6133beb5ffe2b037,18134,sao roque,SP
d2841a2495705792a3a658ae4e3e1b79,41da0a8cbe03937f174e5ad148ac3f35,37200,lavras,MG
d28af23ed5eff79ffd0464bf67d45b8a,962c6b5225cdd53c41509bc38d3a8217,04125,sao paulo,SP
d2a2f7b5bb7f3843a5ca837a7c81cb41,eba0f046d4741c9b156cd00ce1360fca,09810,sao bernardo do campo,SP
d2aa0a41ed70531037851c02269c2120,cd1ee6ab05f4d5b5461e818c87631440,64215,parnaiba,PI
d2d83da97b053656de05c3a2184666e5,4f1455bdf967d9144c8f55c7b99bbdff,71215,brasilia,DF
d2f262e4f938b4fe0b5015fa24a2d7a2,01ecdc37f767e85f5b3fd2310a289253,22451,rio de janeiro,RJ
d30f1d7a3fa4dbd466d76ae3c8082599,ac866b5de5d174d371b4bc646bb1dc28,96810,santa cruz do sul,RS
d3280ade77adc50bab8f303d92eebb17,c67aea5dba36ec8b8b9cd1c16e0fcee3,40415,salvador,BA
d32a6b048fd35e64ca76936bb399f5e9,987e22eac5949e6c50b411cdc386b421,45012,vitoria da conquista,BA
d32b49ac4cbe7f35394e35e9fba57a4f,94a880feea53a99ea54cbe8446834840,11065,santos,SP
d33318a9fa8aff8362757a45081c949e,882cc96159e2432697735b6c88816d38,51021,recife,PE
d334f19a29211c5abb837511f5179ae5,e1ebc5849ac165f9e4a7876412482afe,13280,vinhedo,SP
d339519755a16bc40e45c2491af7b918,cb4e6b1ba51f75b0c71ec207fd41a559,36400,conselheiro lafaiete,MG
d34a8ca7db5feb905adc5be26b73db8a,2e201bc75649e94412bc30a19f84132f,08840,mogi das cruzes,SP
d36e7da2b4f536d9716d6ad5f5cf918a,4325cfcc9d9dde5e93528832b371d88b,25812,tres rios,RJ
d37fd6fd3173334ae9deee9569212ced,164b46961e3ef442750fed496929369f,30380,belo horizonte,MG
d3957fb48561ebaa908d640c7452f8dc,82a942ca919e963244fbf83c6ae50ab7,27520,resende,RJ
d3a853408a30f995900bcd86f3b13923,ed200e7b5f234f298db0b45bfc977b32,06826,embu das artes,SP
d3acce793dd61c7d71e57c152af13aea,3c45cdc3826cfd437199cd7a5c2bf24b,01131,sao paulo,SP
d3ba320dfb5cf664b1437a2c154aa2de,9eba60d6202c93f02ec0694deb8a25ad,29303,cachoeiro de itapemirim,ES
d3bee0359b17267f18ad65628bbbc537,6fd6b9b24ed9773575ac261c0eb8ca63,89255,jaragua do sul,SC
d3d1b1727c49bff536d426a28b6ca096,be54c768bf32502b771d6fbaac835c2c,04710,sao paulo,SP
d3d2e5315be00995805d910be5eac7a0,c64806f8051b6e2dd95b7de4bbb91227,21931,rio de janeiro,RJ
d3d9d1df376abf1650448aa8e7a23d28,71a42269ed309ae2bd2e435ab6a7dfe8,12512,guaratingueta,SP
d3df02177d82cf2102f7448e9764dee6,3beb7118c312b912b7d74b52fcbc17e9,21310,rio de janeiro,RJ
d3e959746cfd88a3e1392952b9892c62,a42a5334b3323179cdbe68e4042d99ad,05020,sao paulo,SP
d3f8e795d5282ebf466fd3d59b17ede3,4734fd2edba523ebe48a3ea2b4681efa,11670,caraguatatuba,SP
d41e9bc1221d11912b11187ecb12b86a,52deacc5ca33fcca81bd873003e66969,01416,sao paulo,SP
d424b3ce4c850247e8c84ff8752de868,bbc4d86624927ed9617d2664bf85d1dd,30330,belo horizonte,MG
d42783a0556f58bcd4e6b56c2e1ad0f3,f04b6c016a15fb774c27bcccc50a8424,99880,machadinho,RS
d42b940e327caf15f20892bbf1c2258b,6a40a9247c9c174b6ad64a6be330d0a7,50680,recife,PE
d445b9c894d13feec15913b63b8f802f,622584559fe8aa050314bc38693a419e,35501,divinopolis,MG
d44cd2f8ecb3ef1eb66441776c1cbbf8,d6bf80bb76944314ae6b5d0d5cb77e25,15046,sao jose do rio preto,SP
d457b3332a59dfd741d7bd9bb57b73c1,5c72a10bd7b9d78cae145b0b9ec26eb3,40285,salvador,BA
d47938597c090244539476d45ba3c238,4bc0f4ad75a4b0e3284d0788d8fa18da,09334,maua,SP
d48576ca60e60c16d78400f3ac8ad9ed,28f80b66e9e383851a63274ed51b72de,89828,lajeado grande,SC
d48b4e169e5bbf1d2a8a8e74bf4c1f87,6cefc29085fbf53d5721acb4fe4c0c7e,68795,benevides,PA
d49fccf7ac42a194ce342be56b2b10b0,700e582d48cef1d46dfca9f208dd765e,05540,sao paulo,SP
d4a2823e14df7fb54dc7316631a5a117,6502858edf3c3a62198579d461cd16e3,04943,sao paulo,SP
d4a6786c02a6e6ba536f58e3b4a13393,55eaf3da785fec4d33cd70063e691bef,36675,sao domingos,MG
d4a9ae0280546de3e139880622aecfdb,8cab5089cf309b5ee530574382dd195f,29200,guarapari,ES
d4ab01c9963324fd131423659776cf19,772aa7da42f5585f7f998d9eada77e49,21842,rio de janeiro,RJ
d4bf0acae941d5b7be1d1991bd380a52,5beb7f6309917549e8977592b1cc794b,02320,sao paulo,SP
d4cd9729eeca5306a2c039fe6e55601e,8689753ac05594f16b97e8bd556b50b0,82100,curitiba,PR
d4e46c8fea215d808d199ea91ee81fb7,e5eed5d0afc1ee8620468918995df9f6,88790,laguna,SC
d4e7cb01d336245a67f8d43b21c82269,4897a3c64a635a703a71dd2d9189bffa,88354,brusque,SC
d4e8465cf3a673f5c029f0dcc426011e,43a23c7ddd875d2afb55150f5af2b2fb,37800,guaxupe,MG
d4e97f030d21e570183fcf7997ed9efb,76f01a48426ac77fc25f5892410c0916,08508,ferraz de vasconcelos,SP
d4ebbee7431569112582d78aaaf767e2,fe4dbbc69283bc79bdb2e9836d4fd582,83015,sao jose dos pinhais,PR
d500c6adddbf36b09f269947a7b32a4d,55442d4546e0a75dc8c38e90be43565c,71015,brasilia,DF
d515bf2f113f96d3dc8907c00ba6f590,ef955ce70c34965f1e0a61e2a659d034,22010,rio de janeiro,RJ
d5274e418a2364b48a3399c4fadccbf6,74bbd00f6ed06b3d6dcc9dec469ccca4,06785,taboao da serra,SP
d52da13f5938784b86666bade7b1d578,9f217bbd3e1ae6856aec9d9a7ed2c80e,41830,salvador,BA
d5308480b0869493b69ce2bec1c1d415,5c4e50afdadfb15daa38fb743fd6f5fd,37048,varginha,MG
d53b03fbfa45a0e2be9b4032538bc93c,89d97e1bb82e20cd818c291281a7dbd6,22713,rio de janeiro,RJ
d54e62fa217090b11232a26706a67604,9d3cdbd445d97cdbf91938532edc619e,09423,ribeirao pires,SP
d5530638f8cd8082128e4e66392595b7,cd8778eec8cc64ac257d4f1e882da7d8,02365,sao paulo,SP
d553acbd75a8ad3bb2e66d8b8fab221e,79c6afc41231b4c9ab91e0b564ae9a30,93330,novo hamburgo,RS
d555b8d70c02be78fe7f6f59377a8ada,ca454b629675ec3d8b7f597a0c06ce02,04852,sao paulo,SP
d56fc85fbbd22594447cb37f68c02e95,a8bf743f769f980a567df950e56c4d62,49037,aracaju,SE
d5735cd5acefcf6f5993540165c4b007,48f99b5bd841cdb9abead13c4afe606b,26510,nilopolis,RJ
d576252544d4d92d868e65ab3590cb77,bea9ae90c9b18c25c728bce147293cad,28250,italva,RJ
d57a120a63ef1c58d8704dbf52553318,67c069b1347ff0bfea48b5035a0153da,58280,mamanguape,PB
d57d4907c0bffedc7eaa6a8bad9d3249,44e905b20a14f06ab278d91af2629815,41905,salvador,BA
d5b4754054628d3de0a3349b093fde2e,ca4745cd332b50d31c221b30ed202065,04945,sao paulo,SP
d5bb85d2c9324fc7a298992e501ca509,f3a6febe6e4236817f26caf440beea4e,13603,araras,SP
d5c2ad00773abc9e718dc31789b7d4a1,3407935f69908e6f71fa09a2787fd2f2,13214,jundiai,SP
d5d929d5e3d3f1388463578a8516104f,ec5ab7b5e9e6202c5aef7fe99b94ccee,70236,brasilia,DF
d5f332ef078c9a508dd28e6da1fb0dee,9c5e0e7b43f0fe8b0a8cffe4ea4e4fe7,47740,serra dourada,BA
d5f5d054890a6ba9682dc18bc287daf8,3c6f8c4f55b17170c918087b2687e2b7,83280,guaratuba,PR
d5f6d8f3425f5f505c5662c51ef396f3,fe645fe26b82078d3a95d82a017aa396,26030,nova iguacu,RJ
d601733cfaccb4f1424e8db9bfc2fef4,1f66e8e77f5f40caaf63d93909ae7c39,09520,sao caetano do sul,SP
d6028dc827eae81534f01a813de8d9f9,5375200b069935e3ff1fc2489886ec5a,13083,campinas,SP
d602a0c12e9023bd9f13bed51e8d4caa,8d6e2d63be229a4d1ac7e7087a32b5d6,14300,batatais,SP
d6273cca22709c2745827b3a0d712bf2,07e0e472a351d2ea0a1130ecc7c2d2e4,30775,belo horizonte,MG
d62db763ef217a63fb356a1b08f55f30,4f3789687cd4e7a0df0a6b04d4c98f03,02013,sao paulo,SP
d632083cdf2a28260b60285c2f1325f3,fd923167784658e17889ae48c58a0893,86083,londrina,PR
d6540fd1f5f05337ee0715aeb83b08db,60fcf08cf11d8ccba7ea0b2c06ea1f70,05818,sao paulo,SP
d65d94358b0f8e89ecdc82e534e28c44,1b656b2f23af5e1ab13d8f067cd49527,02410,sao paulo,SP
d668b4669c35ad98b21bfb74d346f79c,d888f2a730513e235933fcc68ca8285a,02802,sao paulo,SP
d67409b18fea6a27c87240f38798b20f,7de1d5c4d664f876b5ab55de437c3dd9,03425,sao paulo,SP
d679f47ffdfa4ae1aec64bdae506be76,981dd1cab0a06679e67d5441aec4f2f5,28055,campos dos goytacazes,RJ
d6880369dd3f36a3f15b849edc8ab8d3,42fbe6ab4be2d0760e5a134370da0ff5,79500,paranaiba,MS
d68a4ad2e0e1b831588c397095a3ac27,a24766c7aa784e75c989740cd3d3e9a7,23020,rio de janeiro,RJ
d69049b6e88258a24347911b615f141d,b89e86400b3bdb89d7a801082170a668,29045,vitoria,ES
d69adc38c89adba5d688a0986eb1b060,81e80e04ac84b9d0cbdc758bd9482094,18550,boituva,SP
d6ac765eb88dac1e9afcc6fae60c5e1d,c00c3c4e673ee04fa2bdcb0b090aec70,37950,sao sebastiao do paraiso,MG
d6b5bc1a3bb9c1ac3514ba6c282919bd,3f817d9d92c9592858593f34df4bdd2d,07174,guarulhos,SP
d6cabea39275e01eaeaea9945d2380e3,98d73b235a50fa27077ec2a38cd80db5,13083,campinas,SP
d6e011b818659fed8cfa433ec3bee9fe,d9ad1a4f3055a4d3cba840034166b1a1,13091,campinas,SP
d6ea3ab260c02dc5a2d6270e7d49286d,ad7c13746d7ff7208d89765f407d40f4,66080,belem,PA
d6f526d5e848625b6044aeada9bef7f9,39ea1c331342690ef67ea5e6c6113e30,66023,belem,PA
d711a88fdd3d5d149e3448061520dd71,f15b71e1436f2203885623aa3ca4f470,86300,cornelio procopio,PR
d7263dd40ab3973760e65588299bfaa8,4acc588accb6e7b5b57fc8814dbfb76c,93222,sapucaia do sul,RS
d730db8b32b8f68be3ee938849d332dc,a75a727ecfe8c0296c2c816633e64fc2,80530,curitiba,PR
d7342522c8c12afa8013c3fe8346a140,6e620488162fe1129d32f26b751d770a,18460,itarare,SP
d73a7b09f610f81f5c49adb582aeccf6,2947c03745112e23dced5a2ab3f8c568,28893,rio das ostras,RJ
d73b6abec0e5dc2e02540bac3bb4d9d1,b563ea46e965d1c94a667daeb607eec0,01317,sao paulo,SP
d759cacdfda91f5b445c1ce8e120fc35,3e475baa2c69d9e105cada272f65cd0a,06550,pirapora do bom jesus,SP
d75f92747d1fce34cfc812ee0eb0715b,a5084f04f2923a01f685a0315852a13f,09896,sao bernardo do campo,SP
d77fce353ad3d53a6a4fb5bf105d1978,4c7ce7066ceda7a26b953bf1b47d09f7,16290,brauna,SP
d784edc44b66b9f9473bc9be729e32b4,d052fe86655dae0e952c1bacbbb99d7a,12260,paraibuna,SP
d78674e07c1599d4b14b0e623f5a981f,906444ea56230f90c5886426dd54669a,33400,lagoa santa,MG
d789d104ff47289042198c1a44f94441,dc777853866411c84f8d5381a09e1c1d,07191,guarulhos,SP
d7a062140afd5082a93efc3115b6bb53,a6746560f0f9b780b644b150b04051f9,97065,santa maria,RS
d7a8966b2cb356ea3f57064863aec379,fdd6f14e4ef0c5c24e9b5cd361abb157,46540,ibipitanga,BA
d7b7917cfa60997e23f7bb56c0055729,a73a341aa868b255594a9857c8e59772,69901,rio branco,AC
d7c23f3d2589891ae50aae3af800311b,b0e9276c9a1616b659dba62a86625edb,29190,aracruz,ES
d7c33449195886112b734c444cd367c8,bf5ee6f4cd80836b579dd64baf9dc59a,13310,itu,SP
d7c5773821f77c5341e5f00dbfff4115,4e8caaf8af5022237fc1925279afbf94,20730,rio de janeiro,RJ
d7c6202c81ea8e87b8c1afca9081081d,da2026f844d8833800d5ab729cf212b2,20550,rio de janeiro,RJ
d7e0de0dc840ffdceac2f485e78c0b3f,4a88b390fee352ef8b8ab3a997e7cbe9,46100,brumado,BA
d7ea9248d429c8c5a908a1e8aac4a3ed,a18b9d22d445280395b75ca5ebb66ac7,29970,pedro canario,ES
d7f16c15e8f7db3c67cabac56e57ffea,6aaf63fde5ca8cd6d38424243590d439,81810,curitiba,PR
d7f20de008f6b1c94290f25cc2631d79,b75e77f6579cd2b0d728a43dce22b3e6,04296,sao paulo,SP
d7f3c5688f1d04e1af261ce65b5540c6,b36699e87b94d0d045c0e0800279f429,45065,vitoria da conquista,BA
d81067f5a2e50e54cb03a4a2e1294618,b7b2f8a994ca60cf8ae96aef8ce0a9d6,13483,limeira,SP
d81c95d43b8a1de36c2f0e34508b16b6,c48a861f86cda174e4e97c48f8b7e287,07230,guarulhos,SP
d81cbd61dc93c873068a3f9c456716d9,c05aa1c7e833b489c783402d94e393f6,58052,joao pessoa,PB
d821071edc6be2316b5bb7b4bc6d6b12,2689e9b6c08672fdd48762a648c6303c,25660,petropolis,RJ
d82ced55e620b6568183a611fb3b71d1,a2b7ff1b78e90acd6810d2f646d38cb7,46875,itatim,BA
d849cb7234793ea46649de5ac4fbc012,f52cd2b0b04b870fc0935dc708d466ca,13035,campinas,SP
d85c42879d38fe0dbe78857952b04fc8,97c4e515366dff570902bf8eb583d4c5,74351,goiania,GO
d869706e82cd0867bd5620c1fe7c4d73,c54f254e19da79931e0e07338188cd70,36660,alem paraiba,MG
d87b6988897b12def5709ca4f8142012,6fd85726716a6e806049c1972b4e888e,13215,jundiai,SP
d87ffb0cd756a3428af8b3a78b1cdcf1,fcf285146acb98f615135944b2471b35,32043,contagem,MG
d887148b2d2b9e3d51736103399c3227,1e26c2df3ac9d9c4374c69c519133227,95630,parobe,RS
d890eafae5bea5d3609d7fa0b22cb293,acae1e4b2fc65a8f2395aad32b15c859,09993,diadema,SP
d89203a69ce1ed72a446a483f9d49991,f8799db7d5b85e5afcb3883fff83a7e5,81750,curitiba,PR
d89d01207332ba4362dad5ba73b8c00c,095f244a8496bb26d8eefbc7848e08f2,22740,rio de janeiro,RJ
d8a527d4870db60ec4cb46a8dd8f1c69,816b6a32903cb4376b7022e10d5aae9e,02119,sao paulo,SP
d8c0a0b659f5ea0167023bf9e8795506,9f2d3928188006c6228ad8bef0e895fb,13311,itu,SP
d8c466a3e7c4cda36cd4ae7d577f44f4,50605c81f77a2171191dffee444613b2,74810,goiania,GO
d8c75086006d46bf0e3f33b17a2404b9,ae4a04f0b8b5b2860f4d32b1490314b8,38747,patrocinio,MG
d8e2fa07c1ff57dcf5dbc5c5a7e71473,0450a895467200eb538113c095f4ec26,92020,canoas,RS
d8f596477e39e35d2da1bdd85348620f,5ecdf57f0ad605356b545f07aaac98e1,22271,rio de janeiro,RJ
d928e87d2f913e6d1a90d831bd6ffb71,da6843070a849442f1bd6f16b5458dc3,24435,sao goncalo,RJ
d9368da1704624dbf1523c1fd9b8a487,7afea6fbe5b4e7d3e2acbdc1c0dd3696,81710,curitiba,PR
d94b3b454957707eb99be5b96da7b71c,bb152cc752d514fad69ba95da9c19a46,64023,teresina,PI
d962db498655c9a4b77db1b993f157d4,cbe90a29307025b1aa98d02ad2271c0a,71050,brasilia,DF
d9640e2b44e3b7b5b31551ee62cc4a14,aed8ec9318293dfe1d9431e5259f76ff,15091,sao jose do rio preto,SP
d9753ea64ed62e8042ae6d5ee5a43d7f,c82d387fee1e389d246bb3eaaa6ae024,17014,bauru,SP
d98ac826b20bce9ec55627b63505214d,d7bd7401d20d7758649f0336ba42aa32,02420,sao paulo,SP
d98bc47c9f6bd1744959109c8e37fd88,24c0e0e5ae72c9b9f22ae827f76c5a95,38320,santa vitoria,MG
d9946163c70bfc5dccb45abf8786ef0d,8ee8b7d504a2a0f5a7e2fdcd6b984208,06815,embu das artes,SP
d9983bf03f76f720635b689e1de6059c,9030942b11a81619b6a2106222d6741b,78300,tangara da serra,MT
d9997dbfa04861886b1cc4187d51e370,a22aca4889f1d5b235c42b40b059f78e,91150,porto alegre,RS
d9aa0fd51600102c2e7bdf3bf1649250,46799d0831910f2c477c49a994961510,35588,arcos,MG
d9bfba2f23389250401438a7d9875a93,c7eac605a5da4866c5d534b5d6836797,32070,contagem,MG
d9d0060f76a6e87bf45958860a1a4d4e,35bf77c96c4199cc426de8c6906bf726,53403,paulista,PE
d9d9ef18adcedc759515809d67e54744,be276bc43fdf88180e01106af89e9284,31872,belo horizonte,MG
d9da4a83636f43e5e1c3da67b4d30bf2,2b9fdead57601fb37ae75d33ac2b03ea,06694,itapevi,SP
d9e90748b0092bb0f5417edccf34783b,031cbf8ecc3bd65cafc7061d111f3613,37245,carrancas,MG
d9f26e1768abce63ca633e2f3a5b8896,15eb6c5aa4aa23cbdb42e119220d23ec,79830,dourados,MS
da27f48eeb029c62720ef773ab95806c,6903f2c210906ee7731be7bc8360a036,05468,sao paulo,SP
da3865a87af154f97a6de04afae086a9,eedc17a4daa37e389a562c66664da3f5,91760,porto alegre,RS
da437ccfd018a010d1fb766b073c759c,06d26e5230ac619719997a8cf435a69b,13276,valinhos,SP
da455231ebafab9b01c0c28d3d637a97,dcb9aa0a57b904429fc5d353ca54e6b8,12216,sao jose dos campos,SP
da47b8739cc4221880eda77a98215f84,01dd34b5f4cee2a48f03ba1cce8c592c,74360,goiania,GO
da4b0dd3c2d5b6d284288457c7bf612e,3f9e88e7d158e60e9746e20bfa4c3fb0,22735,rio de janeiro,RJ
da511073eaee0419031bfaddcda9c4c6,49cafbfd9396463447ed16dee066305b,24210,niteroi,RJ
da6c87d5d7a19234100f5f9cce913a7b,19b4cb065aab4ec05c074ecad011f4a4,58045,joao pessoa,PB
da6cb7e84bfcd07e870786f37895b6d2,748023de9f80b6385f2873e3e492253c,40255,salvador,BA
da707ccf42e6af809fa782792fefd72e,6e5cc1ac89e20f0c76e77e9173ac8512,86802,apucarana,PR
da82d24c21654f951fedc813df8a5dc6,645d54fc2f9c61166cdac23242542979,89015,blumenau,SC
da861fc4d39b9c8b932c6967c8000b4e,64d5c7b805df5ccf5ec6560a4407edb7,05412,sao paulo,SP
da8c803de79c3cb9417419917fee0d5d,783e8b4647cd16ab3c4614607bcb000a,41100,salvador,BA
da98878435e1b9d2e4682576dd42ef9d,e6e5fa3fb733ae81af75780250520907,12060,taubate,SP
da9ef0f242177bd1de0ce7394f41a6f6,d96579e3cfb6d4f233fc048ecc6c0b12,35790,curvelo,MG
daa0e2cadf821900932ab0bcb99009ec,60ea0771f14e51067b1898ff994cf261,75908,rio verde,GO
dad1e2ee878086780ede43f04ff07a53,faa9b3f294b9363727a76d0f75781b14,03982,sao paulo,SP
daddb546b42f656e57ba8a3cf71a309f,5b7f468205743c98e58a379722d3ae79,11250,bertioga,SP
db11097c553077145c655a714f2ee1a8,b4e9b707c8e4df7d8500e81c6e8b18e0,26087,nova iguacu,RJ
db29b94a7ae343b96e89071646b56bb8,769c0ea95d3febeee4fed19038785cbf,87360,goioere,PR
db2cd76dfa613aae8ec025a8bda2b3e3,77bd6a038c46d39d2cf808891fd1bf21,13990,espirito santo do pinhal,SP
db374e4b74d15c33cc6685590db89d40,b39dde6dd619943190a8cc9aa6db38a4,09751,sao bernardo do campo,SP
db424c2dcde1c67aec5681756060f0a8,21d3f0a4bf0cccf65dcfe93b8325d250,07417,aruja,SP
db4c18dc639572a181079c0cb47fded4,4ea8a44dd97886a1e97c0237cb93be6f,60050,fortaleza,CE
db58f016ec3ff9d07bff3e50c9ac6f50,df8fc9f5259ee77b678192c7c3879a94,06401,barueri,SP
db78f6bbd64027a4147d3f8e050c1dc7,a612031b7c0dc1e14a9f25e63a4d96dc,29313,cachoeiro de itapemirim,ES
db8778c6bb41f50c45603b5ebfa92cad,d326a25224130057e076fb4ae89c5bfb,03164,sao paulo,SP
db925a533d94cee42707026949892c7e,5f03b965e26e79a371d229cfeeb578d7,07991,francisco morato,SP
db93eae3053808be50d383411b5998cf,274d4e175e327cce95f86619d7ebe6dd,85601,francisco beltrao,PR
db98acbd759fed659a06d03ecd36cd26,76c4953e8540270ef3b4ad81340f7e3f,03319,sao paulo,SP
dba5cf7fbe92b362245b9b3d684471bc,76d13626395413c9d786a59c925f09d1,37640,extrema,MG
dbab122afe1a7ac161c29bc789f595d1,a2d342f34a61db2ee336a2db0d246f97,98300,palmeira das missoes,RS
dbb68cef9a37ab412a671c35ef258d33,a0f9ad7b94fe7fa0a6e34cbbf5b3764f,04331,sao paulo,SP
dbb8e2fa66d48153c38fb4548c4166a9,f8baafbeeee68555e4ed9243728815ba,08616,suzano,SP
dbc1b010bbfd839359e6a3fdcdc33689,fc8285fe1d4d67aafe461c07d2234b13,35400,ouro preto,MG
dbc9a93b4f30c4cfc6d4e5f88359c2db,d5ace72808e5d77fac224215904ab662,33833,ribeirao das neves,MG
dbccc3a5b4b250d8924a3ae91c89852d,b16784e495591a8f32fd73cb7da89675,13331,indaiatuba,SP
dbeabfe949d48f1d7e102d7df651ec8e,071cd8999ac70f2b72112bc3d49b09fc,48710,candeal,BA
dbf371c0a6ca1ab9a8d156fd12c8f8d1,9d792a9ca9595172b8d35a2428ce6c11,20550,rio de janeiro,RJ
dc169cbfe622bb5514404bba1f6fa004,3884effb73a5df3aa3d6c4b458e55dbd,04813,sao paulo,SP
dc1d2a3775e7594df178743d90b21085,0a7f4477a26a4158e5a459ef3b0a95f2,04836,sao paulo,SP
dc312943c0d59bc2a318d289cd7beefa,ce7ad2b963f8246d249b10fae033937f,40425,salvador,BA
dc350d5cef089a6c9a444b4dd67811c7,03e2fdfa85910de2abe170f7943eb621,20541,rio de janeiro,RJ
dc353d9edb5d35503fae9521399340c8,59268ee5dc0cd98a36ea808010826cc8,13087,campinas,SP
dc38adb85ba2eb11bb3cf818834502d2,b97f457059c4a108f400ab7369548fa8,09170,santo andre,SP
dc5691f472afce37cc972599ed3d9c72,c61749ca6db1c427aafc3f4345d79f35,13323,salto,SP
dc745d5f5de1082bd0aebd9d8aec53d8,b7e2b4e7e5bbfc11eb1b22e6d822926b,03054,sao paulo,SP
dc7633763aa34b15ed79ce81651a5b3e,743b6b21edcc4f0a9be82e591187e0a8,01329,sao paulo,SP
dc79558cae15ae6f35522df09006b76f,6fcb3de18e2331fa5e3c0a5b9c4d5830,08050,sao paulo,SP
dc93c2d3500469cda3d96ca2e50f5142,5923b4f6520b20526b5a59f063e6b0ee,31560,belo horizonte,MG
dc993ef2360509ca5a8fd7c78b2441d6,9f9a1cd9db5d99427cf4ac49f03bba4e,05409,sao paulo,SP
dca3dc559819d879e32ebd56aa38466a,81456a442807874df5972289c3c272af,20510,rio de janeiro,RJ
dcaf07e3a9f02fc90047423e71eaf73f,8fe6fc853d687dac18df5b163f84d438,76240,aragarcas,GO
dcb6e7bc4e65d815025d0aa14349a4ca,a1864cdd58debf5031958069ee937742,01230,sao paulo,SP
dcce0deb2cfd275ada38c06da3c2a01a,17ce6eedc5e8ec89bb143e97521b72b5,12231,sao jose dos campos,SP
dcdc9c7e585f8d8992ea33d72b924a64,c33bbfc16120d7a669d2f168e7d71157,36212,barroso,MG
dcde5d9823057e075bcad8edf118f4ff,80532929596b8e054865555867064cff,13223,varzea paulista,SP
dce0f4ec1a81a9f978ce37a460c55fad,81e76bec3ed10f1142ddd6ceec03718a,09070,santo andre,SP
dce86563857a5b7113eb74dc94d07fce,54982b0c374191195d5f433c7cccae90,38780,vazante,MG
dcf29d92b5428a9fbcdff7b35442e1c2,2e46c6ed81f552fd73f50e758de5e577,87140,paicandu,PR
dd0ffd71cbeb719f6bcd05874f344ba3,083b13e0a35dd186fb89c345d9beacac,87113,sarandi,PR
dd100b331fc16cc3ba9925da41fd5c09,71d5b68149301ba41f0a5445f990e742,29102,vila velha,ES
dd1638563063c8bdf31cdd3cbd9e162c,4ea58d1f2aee1ec5c2031edb8f39f758,35053,governador valadares,MG
dd2b0396d98a4435d214a2cb44d60663,8c11cf5f6401ded9f456995a689dab5e,21032,rio de janeiro,RJ
dd3b3caecc97c937c19f1899d84ce142,a10022d38adb374ad38fb2524ad27128,60326,fortaleza,CE
dd59f6062e68d2f8fb6bce284218f9fd,4415028333a4be92b6f62cdfd79eac6b,38810,rio paranaiba,MG
dd73932cf2c9016f4441115ab70f506f,e69e0e94670b725665d272fe2fcc050a,24230,niteroi,RJ
dd775419344695651f23cdb9be218cd1,9cc619dc1ee388aa1fee0ae375ca8d61,13474,americana,SP
dd898ada47b8dee6bdafc7e687cd6cd1,ad0c26832480df5356d0196fffdd8eca,89900,sao miguel do oeste,SC
dd96e8ca7d7dfac2b3b5632801e5f106,90cdf84ae810487178762867e5b09fd3,34545,sabara,MG
dd977fc3619f271f431181f90e305a1f,bce40e163747be50b7bb83f016591e0f,04123,sao paulo,SP
ddaecf48ffb07085e24bdd73389197e2,5048e402eee7fe83e8335264b693954a,23059,rio de janeiro,RJ
ddb4b59eafb402e9e5dcce9204b5aa21,6d010016ac86b19d9b3a6829cd9e7f03,22770,rio de janeiro,RJ
ddc1ce8e98661b093c07a4ce91290c9f,f3ed27670a94de4b074661b65f9880c1,98430,palmitinho,RS
ddc68290ac609084ffa721fa229d55ed,527f0956fde5ece5cef5071b87038f61,13495,iracemapolis,SP
ddd8286004af97e1509997c76d83e106,996ba48a5186b3e3186b8518581d1067,29903,linhares,ES
dde7d3a4aecd8c2db8bc1693d93d5575,5860ea02a41f785f1ab02e8427bdcbb5,88058,florianopolis,SC
ddf999d85abba0ea3319bb99dc8d7495,7c2461a0fb5ae045b31c2c32e4e102df,14783,barretos,SP
de0c4d984792eb5cc97509c7e1d6cb5d,12aca1d9ee22b8cfba425249b45b07bd,22410,rio de janeiro,RJ
de3d9d27d3fe1ca96f132c282183fc08,2a37508d1962be64407eafcbdd0e51ff,65901,imperatriz,MA
de416864fefbc148110c3951c25fe872,03473df77f2a5b6cba2360f245b61a7e,89201,joinville,SC
de4c2b462c44197b26b6e596865da44c,341b6946aa6278284d3986112c43def4,58078,joao pessoa,PB
de50f74e6eaf84cfbf83ee0c30ff3575,f5101c2ff9596c3c64b380f83c4244df,04134,sao paulo,SP
de54e502455523f2aeef8eb08a924eec,b3c848573f61de095c6d53f9e1b53c35,89600,joacaba,SC
de7493ac1a6cbcc74e201b2b082fb08c,9ef51cbadb21afdfe1d532d05c6962c4,72130,brasilia,DF
de7b829832e3a4f9c9b33faa816dcaec,30808d05b361f15d12d5e5057aa2b34e,78635,agua boa,MT
de933a935e7c75c60cf44b12e0972268,0c0efcea44dc4ff4f9a2d0afa966e609,31330,belo horizonte,MG
dea8d18a25a01a5e5662e64b4a9be87c,7311b47a208b4f5af09ccc62fafea9e2,24426,sao goncalo,RJ
deb4fed7c4cda80c3624ed839502b047,a4c1aa4fc70bf96d4ce285eaa0647cdf,07861,franco da rocha,SP
ded5061729068b28e0efdc8ff1b1522c,b735dc6c2abd756cbecc90e8e33fd7db,90130,porto alegre,RS
dedde08e78927404d71a4ed03ffc5189,622c271f9f492a6e405fa99980fbc4f0,18133,sao roque,SP
def8021341a1466f13686e05d39bc2c6,e60bb7d6a4e75a17a1131346d6e18de4,09350,maua,SP
df069d90f54fd028ab312f6f8978cc17,8795d6c023a372a74a502635cc05bdb2,19600,rancharia,SP
df11cc9c942c7f07da39b38148fd5205,c6da873742e66a5f6b4de8cff5b3d1e5,46430,guanambi,BA
df27b2625974afb5aea8a397df992f86,6cd6d501d0296f00b5e3048e6e6bf173,04514,sao paulo,SP
df2af8efbfb8b719e19e7e08d0017759,71150730b022797afd6a487820125da0,23045,rio de janeiro,RJ
df370448e03b2b90e437d02b2c6a19f5,bf8b1b6b7a19dc79caa3d1a02a2e00ee,09380,maua,SP
df5109a90fdf4b8749ff1f40ad43aad7,e1668e5045b5b9b18f81163faf1c0457,71918,brasilia,DF
df578de48490fad348557aca8514d6be,87efb3bc38dea0dc5625e73a053724bc,01035,sao paulo,SP
df6ac95338050880eb8d4c94baea71f9,2d62e67e4f6fb00ceb8114c26bf1dc5f,86895,novo itacolomi,PR
df6cad6f4f2bd25475d9c36db3c65331,e98a35151bed94229f302a45d4672244,12941,atibaia,SP
df79fbae197eb69df5ab1be54bc049e6,7ca9bd2159dc3d9845e22d0387ca4625,05128,sao paulo,SP
df7b73935d01c5ae82743d422fd02fd9,787870a8d022009385fc9fbcbcc3a64e,84630,paula freitas,PR
df7c2cc62452933478a9b73daf1c71f2,04aaf081f15fb8dd128dc6dfd51f67e4,99010,passo fundo,RS
df89ed6b30c452e7d4959378606ce553,1315e12c5054350e2028376bbbbfdaf5,31110,belo horizonte,MG
df9f496fcdb19beb6351d619c29b875c,8371680538b9d830239c9109814c8ab1,05657,sao paulo,SP
dfa27a9b70d0140ca36bdaf074359abd,77510a8b11f62c910ac832b7d8f70dd7,01526,sao paulo,SP
dfac9d10624695e08c8f22fa589fc2ca,c6a129ae82a126327a797768240be473,08150,sao paulo,SP
dfb27a0b09b7c683f49366048c42f62e,cc2a97be990325d3bdab29a3b4352958,04407,sao paulo,SP
dfc5a96ced6dc9547e39a2e8e8df2192,e40673fadaa85614aa76032d529baac6,01415,sao paulo,SP
dfcd94e8493dc5b9551c733d5a5e89c3,e1da8367281568594e24f24e7349d894,39970,pedra azul,MG
dfd7aa2424a1aa1abe8f4502712c5c28,6d9760d712a88a72d89fe864701f1797,09540,sao caetano do sul,SP
dfd98d84e66b465250732382ff6a5d34,64827a379b63b1a5b42041139b44ff5e,37490,sao goncalo do sapucai,MG
dfdacdf1ff55d5ec1684269778af5528,dd8c591eef8fa422333cea02d2014279,01229,sao paulo,SP
dfdeaadc8b16289da161229b0fea3ab9,420d330a1d33f12aef4c0920a4abdc26,21030,rio de janeiro,RJ
dfe2c56fe645cce819861d7b621661ec,5349753f92959dc075b7c0cdf664ce24,18079,sorocaba,SP
dfe533d0707629488eb4571a6dd315cd,1ac4011bec2c0d9ce8eceb56bb1142c7,71995,brasilia,DF
dfe6428349699e108327e82801ff912e,020ae51ab502504a00ab6ccbac53bfa6,06760,taboao da serra,SP
dfea71c7e09469934ffa20c38024d275,2d0d003e67fb56299e829ad77cb69c65,23860,mangaratiba,RJ
dfebcf7db4ef8d9311b198edd05a0514,eaf6b569ac88573a2fae00654f624c61,85933,ouro verde do oeste,PR
dfeeff17eede15ddd241f1b3071a541c,86c4249a58f7e18215e3bce9c836e28a,29930,sao mateus,ES
dffe34ca3527d5eb4d985e7a3ace6b27,ea2a4a14c49ad9a9d64d2b7f91f0c293,15800,catanduva,SP
e00d297616884675d1a234e6fc7eb4d4,1219f6438c5658e2fafbcd96daab40f5,26070,nova iguacu,RJ
e00d37f1223d181e8f32f6f4f6f96c56,be9598af30d41b2cf3cf9a24733bbc21,41920,salvador,BA
e00d5aeac61cd0816aca4d448d2e212e,8ee86b67d90987db7e4c3db45dd0c8fb,94945,cachoeirinha,RS
e012356cb110daaecd8c1a2bb66d27f6,f64f5e0a84f83461a94633f89a0dc10e,35430,ponte nova,MG
e028afd98183a3e4c189bc75e65d1b22,bb8e63a95169ec5b2d1bb40fbe22d3bc,13420,piracicaba,SP
e02bd72de8a4b5f8ce982f24a4688b8c,dc75b21faa83875157ade3ef98dfadc5,39510,espinosa,MG
e03edae3320eaa6a6234ab9406ed76be,d78dee8786dfddb1b732cb647a55eee8,08051,sao paulo,SP
e04d54b5ba132b01e15cf50ccde581a6,60fa2abe7171194126ecb847281cb81e,85010,guarapuava,PR
e0590ae33ae1abecc19065b910364d75,44ab6b0db74475ba366d650cec941d10,06056,osasco,SP
e0612593a34175b3c0c89cac30fa35f3,03c3fd5101315d9169376e91de6882b8,05716,sao paulo,SP
e06e47b5560e84764eff2349b2b33f31,b6cdccfa64579c957a905fe68bd435c3,16204,birigui,SP
e0701a06701df9dcd6281071f33893e5,7db86afe106053a3e88d034099d152eb,15010,sao jose do rio preto,SP
e0b89d3345cbf9eaaa1bb96aef164b22,df9a45df92e7a3d3b143bb47ffe05d7d,21321,rio de janeiro,RJ
e0cd116b437ed2501f7b271190b7948f,e0a6e17e3b2690b9510807638044310c,29705,colatina,ES
e0d2d4e53864660490ab5c6d78fb7555,287b357d3f439f7a81acb81307e52d46,74840,goiania,GO
e0dfe045873912a1a09b825844b2165c,2c6dbcea5f282f15f82de930d5b987aa,89500,cacador,SC
e0e21892a75d9de82362845630f91efb,548c8c880671355a078b42dd9198405b,08223,sao paulo,SP
e0e9dc4b7b935bde461d2154e56a6d8e,e8b7b7d47f4b171e42f290bc6ec1f381,98035,cruz alta,RS
e0f38b37c6f511a9d6219102bb2e932d,f8b92214fbeac3a143e52c61c9b4f979,38413,uberlandia,MG
e10692d4cefa5a2a842a8d45c2c12247,c6421780fa90e9ac294ca550ce8047cc,22451,rio de janeiro,RJ
e10c12f413255371f0f8f61d0877bdd5,669abecc9e515ada5a43a9deeda096cd,85501,pato branco,PR
e117a1572482e4564d02760fc7d18aca,b8c783be6cfce8d7d9a4c0883ec5f36c,11701,praia grande,SP
e14fffe9e8a1c37261430c6f9c7a96b1,8a7739b88895d051d144901b28528f8e,68005,santarem,PA
e154e499a4edf9f98c29f41476f96d1c,9ee207a1a862bae0bd7c0d251e5fa291,35930,joao monlevade,MG
e155239b84f65a2131ab4ade06f9fcb2,af5b766ebb8329a34871cbafc1e2352b,79062,campo grande,MS
e15daad9efaafb0d4d10043c9ca77e7b,a1b3368fc2fbaee34a19608fc1eb4a4b,87083,maringa,PR
e15fc5eebbb46681049d28f79fde5419,7fb211f99a01b4971fd1e07e3a256458,66063,belem,PA
e196a100446474c3e476a17fcbe8ac02,26d7fb18bd08799ee81f5f1a21068a7a,56560,inaja,PE
e1979cea70a08572ee93f5a366d9efb9,b862db0fb7519413453f5e657a3376ec,89012,blumenau,SC
e19fb725a29dccd777bda66e5d680bc2,6b476da3c3b7ebe9ea675b2822539739,91220,porto alegre,RS
e1a81b9db2bc308ffc7e2ee4f70dd22b,8a9db9eecc862f85b411a51468d886a8,32672,betim,MG
e1a8bac0030788c65d3500ef868c6285,8de6467aea513d230e6b9e74f54a5d0f,94410,viamao,RS
e1acb24c641c58eb83c5bbcf4740dfe4,2a731b06e44dbc3935fe9531c9d2517c,38705,patos de minas,MG
e1b1416cc9565ebdb336ddaf12fd9229,d91efbd222f50e01299e30472dfb6c7f,03896,sao paulo,SP
e1b1c628b4250d2b1d60bbd1dfd69d40,9c560d0dfed12008342c88fc77bd63e2,18530,tiete,SP
e1c409b2499704247a1dbb5b7f96d78f,a59fb29abf279cac3c8777a5e7d3da24,15080,sao jose do rio preto,SP
e1c759e7abad6f49c2cfec93966eeb17,a85df4b4554e9517d176df5b0fca8148,37280,candeias,MG
e1d2f4a8673a4dda0838ac511f3fc8a7,33ce03b11db95148ffcebbf4f1447974,04864,sao paulo,SP
e1d569375b1ae9c7f97e864718ab4b50,cbcc5c5098cd32ef397d4231883f77c8,13070,campinas,SP
e1e145e1a407187a0057f9008aad829f,0da0ebb4d9cbedf6d64c7c6f5df15db5,54762,camaragibe,PE
e1eb245dd677f80c7f2248aec3aa6bfe,51325af30afd21d957ae43793aeb62c9,04516,sao paulo,SP
e1fabfdec84ec2b60621a1dca9c4ecc0,59dfcad0dcdcdee8c414a4900781269a,22790,rio de janeiro,RJ
e20a0968702ce304cc5f98ad6094ee18,1b347d3fb70074212eea755ab9adf0df,74885,goiania,GO
e215e63f573b24af6225dd76e2119c42,66a2af8748b4da646f2bd8f3e933b311,12120,tremembe,SP
e21b14b7f304dbaa47523498853a47c9,24c75405d509b190b7d01fd6616f2b80,80730,curitiba,PR
e234a6c8da98ead2209ef309a41a7820,392f4a7211748ee2cd1052c90e41610d,15775,santa fe do sul,SP
e243e7b7e604780c67d191a96f23e634,8be0d7f2b796064b601cf9933bf6a3ff,07600,mairipora,SP
e2534a6746cba2a938134e7106ea6f04,42b9cce9607189b90335d9cca9a6ba41,30330,belo horizonte,MG
e25c30386baad502153f382e3f8fd9de,3d97b4dff4109c1a1398e97b0f4e2248,35180,timoteo,MG
e25c5deefe6b7e4740265442544e59f5,4483110ec7728398e8128f4550f3c38a,30411,belo horizonte,MG
e2742ef931c3e60509e74345605c5370,9a481c845f8bf3fb0b9f4520f11c353e,14409,franca,SP
e28efbf584feac07e4fc74789999a8e6,ac16af5a67d8afc81afb0bf511cd0ffb,08270,sao paulo,SP
e29a5639b31697bc8d229413b5c0e6fa,dd0f82178da2c7f1c6546f253965d53e,27961,macae,RJ
e2bf448ed35400ac811205c12763bdab,2c1f5249b80192e935230e4ea0b1fede,81750,curitiba,PR
e2ccd88ee72187cef52de491449cd034,85a1b5804de46e89eb874a605e439db6,05416,sao paulo,SP
e2d332efaa3c6f6c394d00ee57547fec,1a43917020d9c84f3c37ca03f8a61e13,18055,sorocaba,SP
e2e19682c430083481f5c6e0fc985e3e,c47bde19255c14320f94f8bb9b638774,35367,matipo,MG
e2e397b14afbf10eabd70b574c00c3df,b91c15fa50027f5b62e2105515a46d9c,14055,ribeirao preto,SP
e2f063c52fa92b54f186c62b90699c10,09e9991c50513a303a2da26619870d7f,14640,morro agudo,SP
e313546dbba6949c750c058d3ee6a7db,e327dd46985c2fa74dac994a2c012e91,42850,dias d'avila,BA
e338256559cac84fbc89404394ac43bc,3e301f8fdb84fe9050faee7df6eb9849,21842,rio de janeiro,RJ
e34ce820dbfce68d02a20686e4c9949b,c34527be29fe453a826f4a03e9b2978b,26562,mesquita,RJ
e36003b61f157c0ecefdee172a637fa0,101732d08cdaa0fe2b7712b4b03311b3,63580,jucas,CE
e3673d5b4a29bd3532b284fcf945c4de,5b5cd61b458c8031542c032835901bdd,02472,sao paulo,SP
e37441c531a1f8693c41af79875a123f,eed42da7ee2f3ce26ab52758e63d855f,13276,valinhos,SP
e376bf13c93e5b5d6a35d7d958dc5feb,48c9db445cf0140ea4ed8d55e02e99bb,14150,serrana,SP
e377292245ecb36b1a471babbdda76de,a980849fd0c3fdee84e1e323e8ce9a62,55016,caruaru,PE
e37a641cec6b1b08f464a3cf50996176,15e5e30a0f4192cdf554e6a2e53ace3c,09250,santo andre,SP
e3af2f250469e17b82d7faeab2e5d26a,3f3d89793226620227507c6ec9df2f53,09441,ribeirao pires,SP
e3bf47f4bae64f039f4b4ad98a4f18f7,0cf46588cd3f5a23002166b5a1945820,91720,porto alegre,RS
e3e9f4e9f627f0be4418ae5334bcc0c2,1839f92c34d9c200eccfb1e4202828fa,05635,sao paulo,SP
e3f74d4cbb4beec5b8b77095cd256b99,17e9e299ac97a0bdb89e14e62f21b179,01046,sao paulo,SP
e3f99c719b14b43fd286740c5d8a7171,0f4054aa9ac17890e078d931362ae93a,31050,belo horizonte,MG
e3ffa14bb67e94d44caa315f274c8781,143d80042f55ced48a31f38d6a0cf1e7,48730,conceicao do coite,BA
e41024577c0be0553a143f9189d61862,c477eeb763c6b24fe733bd8d2ca39045,36016,juiz de fora,MG
e4187e722cbd5b6db4b0c68b68b8c573,7675ea22236da5d26f0d27950f7fd3fa,39530,rio pardo de minas,MG
e4194b17ced6d848551aa5eb315745d1,3bba3edfc603aeab4d53d4c841c20a25,13563,sao carlos,SP
e42018ebc03e399b6bb64c760863ec04,5bc16731c2179c57970e9ce0dbfae892,13760,tapiratiba,SP
e423929b7362dc59bfc3e9dab3acad7a,2ad1ffd24d9373937ac6d1e376e4494d,88220,itapema,SC
e4356c5636c21749cc7b40da4713bffd,2df066cc96b94b23b0cc1f562ba4b5af,87053,maringa,PR
e442a1aae863be621f90b9c7be165e71,712b4d26b1563f15615763c0d12a5d7f,51250,recife,PE
e455f2d619b05659221d21dcb2f1de15,285d7c6a3d33a46cf572fc005255928a,31010,belo horizonte,MG
e45f291e6c2b5aeff4858a3bd9a59fe7,4462b054b8d56ce4cc289435843d38cc,04671,sao paulo,SP
e45faa95f70de28f25dcf2ce74f64339,a5ad2403eb313ee26919d8a3ad85448b,64245,sao jose do divino,PI
e45fc68e618340baf7ced09aa8e0f5f3,99a0e3cbb3c0325a005759ea88291ab1,58050,joao pessoa,PB
e4721b61e8d2b4b85d606809f6baa292,dfe0f45b0b8cf0ce9c4cfb41c0808240,04023,sao paulo,SP
e4756f623e8c167acef360bc3e22f060,6e1550b8966f327f29bc06b18972dbec,15045,sao jose do rio preto,SP
e47a5eaa9f946c91bec2fceecf088ae3,8382a41c1ad0d5467ab70e368c381bcc,36150,rio novo,MG
e4c41bebed7244008560be0c59fbe6ff,61b35abbd7346766f191cfbadd401424,29200,guarapari,ES
e4c5a9dddf667522845dbcb2312c40c7,2d0087f0c1347971d3d16c9aca21d9dc,09550,sao caetano do sul,SP
e4cd7646d181863566d0c48f9d28e81a,f88b7f7cb2129bde3adc7550289373b3,09320,maua,SP
e4d05d77e9e6f1f1a807193af43e22d8,dab99d214fcc74719108e91aa54c8362,06114,osasco,SP
e4dd83da8d4355e9f69ed371d64d6638,5927e145458a6ab7d0d8710e6956ab88,41810,salvador,BA
e4e69809ae1da631eaa47e73e5f4f641,882a0803e178b947070fc52b14965102,66080,belem,PA
e4f5e592e5ed9f4ee608a09ae76ea443,55d8e264560be17cdd7eb91a613d887a,26155,belford roxo,RJ
e4f83c2e0670d9857f2f19c2b5dff6b3,df25efeec134052aa0bca8b60e9e5592,64807,floriano,PI
e50282a57bfcb1996979f08a9c82c765,9d9b80aa47b4045db6932eed0eefd59d,22021,rio de janeiro,RJ
e50df94b9dad7dd2c97692f3b4b00d96,2983fa4a4a704ab43f2f131e065a550c,14802,araraquara,SP
e516029bbcb3710bc5e9909c47c6cfa8,03418da5fc543b9c92cbe8a87f76ba27,72876,valparaiso de goias,GO
e51c1096bac2b1c14e3f8a0e24ad0520,6aa2294d9975e319365a586ba919de73,05782,sao paulo,SP
e52b71f689001defd2ddf659c41e7324,d3729a20d98aab032427c9d19d7cb7b9,12231,sao jose dos campos,SP
e532665b23b3d9fcf965342ea38a1ab7,f004f2e480aa3607ef7dc7cfd44b5998,52050,recife,PE
e54754d2e9742ee1060d207bd1e0b070,e9877f9f9b9098cee5cb46fdc785907a,80240,curitiba,PR
e54e4e978ca8efd46143bc9df0cd09c4,67265226f63e74594af1c9631cbe2be5,09030,santo andre,SP
e5529ccffa8468799205a6e959a31bd6,298c82330d6cbd3e5df8d818327ac4a3,04002,sao paulo,SP
e5687fd6aa92cc5259ea61218a57e07d,f5cebf91d23f846b7183a3007b07e039,29153,cariacica,ES
e57c26f7888cbed458512dd2b53d7180,1473636eb2ceaf90448ed0e1f5b6a166,73360,brasilia,DF
e5864c2ed237c10842e95f1d8fe0cde6,05611a5f1fa509eef8b92840648a6b34,04516,sao paulo,SP
e5867bb6374f11c018bea8a8d1246c6d,9a4ae531d8d3d971d4c18a599afe2ca6,92330,canoas,RS
e58f98729a032e4a32475e8592ce6bd2,3ae49bff8b4dcba7efea0f5f928b3f82,64014,teresina,PI
e593a233adbfed5cc5ec383f95680901,8d84ac9c08002dfbd576670c8e2cf0fa,54800,moreno,PE
e593c28fd3bd8594f6b393bc9cda68ea,64e787822e7929bd4c4ac6ecb2fcac40,13732,mococa,SP
e59b0cc2c6ca3d7855713c15bcc8792a,bece7a9834fc5f286d5931f515538f1a,87706,paranavai,PR
e5ac0347cb35830f7d7a5df7fe08fa7e,1ca847a7ae5278f0a785fbaf9ed50cfd,22430,rio de janeiro,RJ
e5b962ced77fc6700e93d437f45f4916,a2d396dd46cfb15b4bac087f6a9ad555,96211,rio grande,RS
e5e1ef3244e1c4a4e288e0b16d9c030a,987f4716cef1294c01c4c0cb7b275ff1,04650,sao paulo,SP
e5e50b9e762526a12499a7bb4e97a862,0c4266dc13e119f7b8d87ec0f31f3439,29055,vitoria,ES
e5e64951448d14fcd1ff8d98ab5f9e71,53e800ace3a29aaaa0a5479fd990b100,18071,sorocaba,SP
e60b44258e250247c031afa715241405,600c4007e5a97665f6f4a70d706949cc,38413,uberlandia,MG
e61fe87b0864704d29fd5915b7387215,3ac3dd3cb05384433cf89618ac9165a7,20931,rio de janeiro,RJ
e620a9a4cdf12ab1e817c17496e9c5d7,c283a677fa9937143f13fe6f58fd901d,31170,belo horizonte,MG
e640eb5ba79e2f38f8cf36c6efac0edf,ad56d34bf0f7e41062a7139c26515b37,13088,campinas,SP
e6428b88ea8513d718bb4199f280cd77,003800162424b7b5b3d75c9cf22a66e7,44059,feira de santana,BA
e64d794f227cf73be5dc344cd062a168,aace59eb5e6e0849953e1bdb841e1997,61932,maracanau,CE
e651d841ae3705fa132b3fbeefcbd0ab,fd47af963b760f05fbc357474509905e,72620,brasilia,DF
e67f669e175f3572055f89dfb87d7c8d,67e747b902c2d5c2e5a266b00d965145,86160,porecatu,PR
e683a3466324913040a473c89d2395ed,abc3c9ce7f7a422194fc8e0f2c837ac4,70258,brasilia,DF
e683aa9741bb090b9798e8f14b8c00c4,a23ccc160563db0a3b2d8e00841ff3f2,30150,belo horizonte,MG
e6882e9b4d8cac7125a6d98947ae0bf3,d3a4983975d6d586bcae0a4e432d9732,60175,fortaleza,CE
e68996d7ba9225ec61f16385285d3ae2,1b25a34c8e47da8c942c2a9b3bab1a05,60712,fortaleza,CE
e692fac4c9d7676f362ebb6b8cebb884,c669fe530e468dabf1746a71e42a9789,28908,cabo frio,RJ
e69ab9cf8dd76405e89146add494fa1a,426a331f0b556105818440e3a1daac73,14405,franca,SP
e69bf5017b2f0579333d892780b11b56,3965b3e9631ff87aa8c3d7e4d8473294,04545,sao paulo,SP
e6c8f5799c9aed2e74ddffb90dfefa92,defd12bce0026494f1da3b4ed5484d93,14540,igarapava,SP
e6cf45b6775e86a43908d40341b3d53d,35ecdf6858edc6427223b64804cf028e,65075,sao luis,MA
e6d07d60900b9be7053cc080a3b5cef4,cc199206f8d4c4779cb84eeab5831d0c,30150,belo horizonte,MG
e6dc2d10891fc75c1336840c699d1d88,0e189e816b30a1f9bf0a3175785a2030,37600,cambui,MG
e6e46fddabfda88207cc899d3231ce05,3686ba65138205251eb8b2940b1f198d,24422,sao goncalo,RJ
e70fcabf5f6bf5273ba341a46b6b83a8,388d7041f0621488957efd684a3665ba,29108,vila velha,ES
e71484466cc8ae37af628b0035621ada,37ee07d5edb5934d6a2b54c2c3062ee8,72152,brasilia,DF
e7214f2cd8744c2d6d53e74e226ad9de,57aee1a8b40587831ca79a06bf0df5f7,32920,sao joaquim de bicas,MG
e7232b4d5318177ea3ab911dfb920cbf,16598a26ab52b99a6790cee0542f7d3b,03029,sao paulo,SP
e74ab8c50389d5366290cf3f62109b11,4c7b5071af05159997555b2500a1ecd0,04565,sao paulo,SP
e74dabd665393795b170d61e57db6f92,ff6a8e86ea81e48f6ee6b082ed68162a,28570,itaocara,RJ
e7710c3d39c249c8731ae1a9865243df,bf8a01cfddcebe0a35344552a5b76057,30150,belo horizonte,MG
e7714a0cb7c1791ef6aecc21c8cff9c1,f1d048bdf1ab1d4ce450b4237ffcec41,36720,volta grande,MG
e77769a80e34cd27d3a09f5a2b095857,fddd14bc2031eaba663f052a83451a84,23073,rio de janeiro,RJ
e77beae82ea2b9ce19b5d85f9f3a244e,8cad2cc9f987ea4b56680700841ce2b5,91920,porto alegre,RS
e77f4504a634682ed1d9b850039fcc49,fafca0e855aa0ce0b89027f605229d55,85055,guarapuava,PR
e7898529cfcb20848578459266c3c633,ee2633c43e97c532fb22159d8c7975ae,21321,rio de janeiro,RJ
e78af7d99da7fd983bbfc4a324d38743,5729ba9f89145d241050a6d3450f9eb3,01504,sao paulo,SP
e7936bc511477310739929f93589b2f7,e374f0ed9ec35b9af339460a75c4d096,74932,aparecida de goiania,GO
e7a63b4918f846a8352704fb37e77763,ef16e5c2526b1a0fa9054cef31f3f18b,38304,ituiutaba,MG
e7aa8f71ce6a66684f90103ab313cfd1,ef6f13afb9897c1d50fa603c47749b86,38320,santa vitoria,MG
e7e1263e931c8df1462ecaaf16ead4a3,d0eb97bf1d2682c66046b50cd3078e72,81312,curitiba,PR
e7efe6bb17180833851f8987a6ce0f1b,160e82a2606e627111a80c143feee038,70361,brasilia,DF
e80c95ccebdf5d9ecfb9f38b8f1ce690,7276dbdcf4c8838b39accfacf236480a,12630,cachoeira paulista,SP
e8153efeb6784f17165fa9703078ac2d,11cf56e22c144b0969c7bf17e3cbba24,04130,sao paulo,SP
e81e7f31e6b27c161760c4088585d3ec,2d7219eeb76e3ac39948aa84f4b0828d,30190,belo horizonte,MG
e8334d453a2049e7a529d772be66ad61,c68a95b096e94c5c6e1f47c06d847171,41770,salvador,BA
e8407e62e92117ad97cb1e74cc036c93,ba18611f5c2e4a952b187c49dfd4b563,78680,cocalinho,MT
e84608e3babe2d06427e6ce76335268c,b0c63a55c080a0c9e44bc9506bfe91dd,26520,nilopolis,RJ
e8640461d21ee25de8988187e7227b70,70274c85eb170f583f0ae42e19494c6b,13273,valinhos,SP
e879d9cc471ab8feafa1056998e6ec95,afd7b301910a6aa6251b6ddbfb3a7e64,41339,salvador,BA
e8947d67ab03b85b640693dd06ed3c72,722354f0d052865ffa36138812e7e57e,31970,belo horizonte,MG
e89c6f31f747c7f49146a76efe687984,a0013bdda594500050eb4956ae1915f8,52120,recife,PE
e8a7dbfaf5a4bc723367f8d91179a8d5,90293486740949daabcbacf097236b32,13283,vinhedo,SP
e8a7fbe87306feb64382f03b7a14a2c8,f73b7f38806bb52ec8d415f0f8178eb5,09892,sao bernardo do campo,SP
e8abad00266b9c97a931297879960258,989f45bb74acf84c0e2d433202e9e3e1,97020,santa maria,RS
e8b2e467012c68957ae92925b156e5b2,93c698e1c95478c1e46c375c8d588ae1,04278,sao paulo,SP
e8e2944931965887ba4dde6cbc76b598,8dedf50a52e9ae9e862a502ca73712bf,02927,sao paulo,SP
e8ed7572e721227ba8633a723b2562d2,7713212dfe73f9d229ce336e0e67edc9,65060,sao luis,MA
e8f59674641779a204cefacfc83107c3,a5584cfbabd9bd2d0ffba5ac6ebc28fc,05416,sao paulo,SP
e8fe08cf36af5be20512a9cac36725b8,1ec5df023b06830ce9f97595b72ba625,32140,contagem,MG
e90c7c2a0170c97fee91e5e52c53631e,416c7355fe18f17d41770301769f3fe9,14350,altinopolis,SP
e92376215b80c2c97a67489e50927147,8011b44f42e4dc6fbeec46b365a6f8b2,03111,sao paulo,SP
e925294875630ca391d30949a731998b,196d6de00325326380aee41f89d7bc9c,30170,belo horizonte,MG
e92f36cc104bc4ede1abfb94804ed3e7,02ab4d19fd037fa00ad9892f7d529a8f,18071,sorocaba,SP
e9400e3d4945ada34b67e31c4c02d85f,c79719fb0dffa4835479293c560b56fe,29102,vila velha,ES
e944426cb230e5f33b25ed3cd8212dec,b59e4bb4efe81ba0f7d30cff6734f9a2,29192,aracruz,ES
e948444f124792c053b8e3d009a3bd8a,78830212f9d3148ed938a4c111a53f38,30575,belo horizonte,MG
e948cda40366cf2be9b3f34ed8a71650,93cbf5fec7763d5e004251d81df8a94f,95020,caxias do sul,RS
e9589b94323c72f2a3c8528cb3adeea9,d015e027ffb187723f3abfbf1eddc7e4,41315,salvador,BA
e96fee75ad6df5e2113615972ab1d255,dcffecd2a9bb321d4f30a0a125937243,30441,belo horizonte,MG
e9753790630a0bf9f483e4b9b5defa14,c41557d8dcdead0b6f609a1af6c9e62d,49082,aracaju,SE
e97bba2718a6ad6031cd22ec08306c0a,0b9779fc6ad98cb8c70a27bbf997d8bc,09061,santo andre,SP
e98b6caaa9a23d78a283f65cec39e73f,c21544a84de178a597642d0a968de1d6,12944,atibaia,SP
e999274ae2e74253b426473bd8885b7b,e5b8b471a09bbe9a952727f5aca64b78,88117,sao jose,SC
e9a28f7782d12e6558605da9afaffe34,1bb51d4fdd5d85d037bd71a55e6af797,02074,sao paulo,SP
e9a689ba0543eacfd32922f7195fbcc8,93ff262b3365b5aa5ed38f8e2f24e1d3,09180,santo andre,SP
e9b09b15e028a4f1ec776f98bb525182,44dc75f57638cf465f8af113bfa8250a,11070,santos,SP
e9b4af752a24a32c3c58969fa2c17712,86beb147aa117c0bfb1bda28b725fcff,36205,barbacena,MG
e9b6f1e10bd93558fd9891138fd98158,29c4f434387f5c3dec4943cf59acad99,11500,cubatao,SP
e9b93d0696cd45658587aa9fcb8dd359,7454c9ac3e2c66e2c624f4d25e10c8d1,06325,carapicuiba,SP
e9c876f6cb2bd5ab9a8ff7b30eaf6a83,23e3f0103c70d5713a091b27c4bb8c39,88104,sao jose,SC
e9dd877c0c235b753643d392b9a124e1,fee24222fefa5a001d302a0492fecc7d,08253,sao paulo,SP
e9e24284c4b5d4fb273d59e2436fbc2b,9117f3fef821178d4cff1339564c0a41,76824,porto velho,RO
e9e92bb69da148861d99774aea4209b7,4e0a6dff1fea848b9f38faf868102b59,28613,nova friburgo,RJ
e9ea17f127953c48d771b37a514d2d66,a089667d283bbe41223a6649741f3d84,77555,fatima,TO
ea2b2f7e718f4cf14d2d4138fbe3784a,951e43ac800150729e3a81fd88e64503,02521,sao paulo,SP
ea2ffcd3dfb1bf456448d1d3ae20a0a9,2e1f4afe675eeceb076c8989b9e64578,04363,sao paulo,SP
ea58700bf1ac6fda590a7f01242c2bfc,1b6e96ed99cb8d135efe220d761bbd67,13190,monte mor,SP
ea58ba76f07c7e170630ae1ef2c7b66a,f2acfcdc8a8c0c24db90cf7a71eb9d05,37504,itajuba,MG
ea5a116374d378d73e95b7b0c80fd714,40b02b6a3a286b0c52837d20795e732a,02463,sao paulo,SP
ea62ea3d096dc41f6ef76bbea7fcb40a,a297dbece29f6d145402282b8cea51f7,81870,curitiba,PR
ea6ba2b2e27f7efea73bdeab7fd6e4a0,0178b244a5c281fb2ade54038dd4b161,14960,novo horizonte,SP
ea7c78d210a9cd6b447a80b3508edc0c,02c39145f71fdb20ece3f92148868a06,41341,salvador,BA
ea86b67280b47ccf7168049027606125,40cd90051be76f2ab8062eb2fcb2db4a,37550,pouso alegre,MG
ea9088633ce0a6828760d9a1d0de3e14,be2b953d3544ab49bfeed8298b327f0e,28621,nova friburgo,RJ
eac9c7f6f691a424305e7a98db80be34,1e51a6a24372a8bedea3519f13f80e91,92110,canoas,RS
eaeedf2d64cd4ccbc74ade9c879ea06e,e810846e98d363bad11731993ef4adcc,89042,blumenau,SC
eb0cb5f239e0e0bd624410e207c3aa03,07ff40b9ca21d36f928474447be80045,08061,sao paulo,SP
eb375a0cecd4aeae29c62be4399959b6,2362e48b42786303ad71363c2af5d58d,02725,sao paulo,SP
eb40667f90c8d0694ad616975d9729c2,003c2067070f5b3d923235b1ea1cc17b,63575,aiuaba,CE
eb5cfb1e923b447232fd8d969c517974,0a1bbf130c75c8e5abe2b20167b6f7ba,54330,jaboatao dos guararapes,PE
eb6a82aa67158cda7cba8c6ae9a5912a,eb461101e27e9b833fda1a2e0fb6a1d6,13045,campinas,SP
eb6e94584bcfe4d41ad77bdf5b343ee5,df6a683d33ac7daf906695b3f82279ce,38800,sao gotardo,MG
eb6f31fdec40de6301646341c6e59496,eda7e2c0c1201a10a6e64bf854fd100e,12221,sao jose dos campos,SP
eb89e120efb5e33a086de740a4781360,68c625b679a25e1bc7dfa1c14ae3a992,12226,sao jose dos campos,SP
eb8a54dde52e8436241c322baa3f95c2,ecbd5e5e691f31008f06bd1f89d47da9,01048,sao paulo,SP
eba1b8c8550dbb4a9e8d60dc99291454,89905de8a3929a6bf26b2ecdf545351b,11075,santos,SP
ebac8d83849c9bd3204e23675e26a5e5,bd45cc3d978aa1deea0c23ca2d60c54e,66811,belem,PA
ebbc53d51a9de79be500ef4db64237c0,987edc330dcdc950d07d78cd21909c15,86076,londrina,PR
ebbe0203a019049e4f025a9ae4c9bc5e,c8906d494e8e9426dcd48710c8319bed,21240,rio de janeiro,RJ
ebca5a733316195ff6041c30e456d7e9,48d783e53b2de29c4e70a54ef0c9d6f7,79036,campo grande,MS
ebee8a6050baa684aa8ed76b90c0cecf,07f4d82acd0d57d83ddeabecb75a7358,94965,cachoeirinha,RS
ebf4a394f95a53cf104a110b3ec5ac28,c400e8b4b9b09c840845352f51bd9add,96030,pelotas,RS
ebf7e7691b7e62b2df6bbb5621bf6557,b2830cdace9a7b48c770d307caa2a222,21830,rio de janeiro,RJ
ebfec89ff4443951e41c19c07203210e,0f64cafdb3e1e4806c99ff165305e27f,12929,braganca paulista,SP
ec03e43a7a5f7a6774a43ace6ca4f366,b32e3858b01c247dba6e4cdd8fea1182,22795,rio de janeiro,RJ
ec0710f70b0a66de2e21b51a29b9850f,9818f8aa559a92d5ca794743ce6d9acd,56304,petrolina,PE
ec129cc1eae905b8a97bd912589a9783,50aecce33f258f21b0bbb27c7b60788c,56780,tabira,PE
ec2b17a04abb80772ab4e8949e3dca27,cddc66766972c6d5da2fdd80fcefe1f0,17700,osvaldo cruz,SP
ec3bd935ef79fff4a1a5946347cf8e90,1e0ee6797ad27881a1775124505468ec,44700,jacobina,BA
ec4765cbacb56a164019e928c3a0c834,414de8d7982266d94e969dd4a8f8b0a1,04446,sao paulo,SP
ec4a79232a3306f4ff97e38819a10447,c17cb2c8c05bdfdf5f7ada0b808dd55d,25680,petropolis,RJ
ec4da82eff98a289e6a3200ae727613d,7563e474eebee2d05c8bf60c557cc2db,78556,sinop,MT
ec5b5d7069348dd3284fbeaefc8aa2e4,a5314b9782eadf829791c1363ee2705f,14801,araraquara,SP
ec7067023c9bf1a4a44aea980e45bb21,85e2d284523511fe8f6cd5488ac07751,38401,uberlandia,MG
ec8456833b489a30a289b163c2b296c7,6a10b7f6208fd4c895ab217865113634,25255,duque de caxias,RJ
ec8475867514b71ceea3172f1312c533,448d4ea0cf8b28cdf55349b4d5236c35,26020,nova iguacu,RJ
eca7a7a7605b71a0a39b8aa40deaaefc,2ddc001b620bd90d0f4378cfde1db887,06126,osasco,SP
ecb17e6e5633358935ce41e8d84cf3d4,019c20bc411068e6f296cd471ac8425b,01452,sao paulo,SP
ecbbe3ed9ad0fdcc1d1e698b2554c986,fb2c5015c63a4dab28b65c5e0d9b95ec,13428,piracicaba,SP
ecc0e4274407b3610d3788fada52bf96,09724c5adca7283165ae69a30aa63d5f,19015,presidente prudente,SP
ecc519b96e049292f86c9fbeee96097b,ea478ce8acb01a1ac47f1a7f233be969,01313,sao paulo,SP
ecccf01a5732bcd6e1cbe1e0a7157366,213226323cd752b7ce6355919aa72c16,96020,pelotas,RS
ecd50c4716898b92a83b18ff630ff265,05f3dc786133949e98a4d55501a1722f,39500,monte azul,MG
ece32f7a106669d2eae9af403290a97b,7f0931655fd8d40add0f47fc6f0e3b20,07786,cajamar,SP
ed17f7cfab06ad5010c569513a1093d4,544d24409f1ea525dfd74b6d0bc7d633,04216,sao paulo,SP
ed18a0580d4fd2ca6fb30b5ecd58b5c0,b20e9ca74f03a90be117bdb9da13573e,18680,lencois paulista,SP
ed18b557140ff674f36cbcf73921dbbe,2bdf6e9b5bcfd6c33a43ac443c0a90a4,26010,nova iguacu,RJ
ed23404f53a6f7754c6d8e51539eff7f,5dd53c7d546c5f031f857c906c8267d8,37750,machado,MG
ed28bfc3a8769a51f2b064265f86f364,27967f0a8fbd06eeee18e922deaf0a21,48901,juazeiro,BA
ed2a7f574615de8b297e0074f836eefd,cd818ed8a88f62d062a0020a333e2152,04842,sao paulo,SP
ed37d81eaae6f96361a2eb0d6b000028,d32e5ab26ec56747954dab0844e8be2e,98780,santa rosa,RS
ed3c3954602b7f3793c2674e29d96cbf,e9f63faf8303fe443114779ff4740335,30320,belo horizonte,MG
ed401ce445967c386a2373dcb0d4e72a,e8a425f2b5d885c380a80386d64277b8,13091,campinas,SP
ed41fe754f77becd2c70896dcc967aa0,827b19392982299876c0aca1f92208c2,29949,sao mateus,ES
ed454b70314eea3ee1aec9434ef6c45a,9099c659f8cd764e87a1482d258fcec9,86380,andira,PR
ed4676d154bd29df2e8bcf60549621a7,439f99691bc94427463116bbeabaafbc,95913,lajeado,RS
ed4a44ab55a35b95b8e0b30e84c24422,21989dae247feb80638a5a7ae1d5c25d,83604,campo largo,PR
ed5489d5d03cfe3a1748946164d02d79,d1056d68fb207f9fa55f74562df7a406,11900,registro,SP
ed5b017546d07a40296b3def8fa27e0d,a35068958ae8c346aaf117b763850f0f,13807,mogi mirim,SP
ed6f8d78ff7bebeca70e3cfecae8eb38,df8a0c4f03f7fda2fe02e066b9298633,41950,salvador,BA
ed7c59a481afb7a4c4b75530ca7ccc49,df73a3a65b01acd104e8b1cee14923c9,29398,irupi,ES
ed7ef682569428c1afaf73b39a2f602b,58aa424ba24df5dc745e1a3941abc5a3,08593,itaquaquecetuba,SP
ed7fc88b987e2d756555740de689f3a9,5520bcb0fa1e3db5b4e52c6183e1c25f,87260,araruna,PR
ed9a9009b3f1634f5aba2e8eaee8e494,66b4a441fa95efb527240f103e4182d4,49032,aracaju,SE
edaad9e07395713e9f5a2124f6c846a1,0eb92bf267eecf025c7aa43ec480fc2c,88220,itapema,SC
edb3e8d308914f62482ddfbdf7b9cce2,d86389bdf95ef92cf7454e6067f1dd04,11701,praia grande,SP
edbaa972997d3e33faec1e1b6e0b7e43,4cee4a02eb33c498d0ad31ff0e7f32f1,23931,angra dos reis,RJ
edbf34fcaa884cdf4d538f44c818400e,bf0833b9d4074d67dc6518a8b48f2dbe,57085,maceio,AL
edcb0d489e8bf0601ab2ca4ebde3bed1,592fb34649aad7444bd5d804020af7eb,05016,sao paulo,SP
edcc2532c1d4e603a2d089188ec5ee90,9126d839ce08dd0b29b02d13dac33b14,82520,curitiba,PR
ede24a3cfbf8a9ae0f78446e9fd877fa,ae7ad692ad92c6367f2dcf2195ca45a0,81070,curitiba,PR
ede8227cb317f0794d3df6d6407c5d28,960a22e4bae4708a7db59d12d2d66ce4,13056,campinas,SP
edeaa50f1c807316f652bda93c4d5f89,8dcf2096a68ce8212a3f534ab31ee23e,98175,jari,RS
edebcc95c310919931356b64dbc65035,b4aa04dcf89afb719cb48df21fa17972,89950,dionisio cerqueira,SC
edf066c026b6d8fd9afb633fbd4ae0e5,6d94066ade6fca982fff74724c2859f6,11085,santos,SP
ee065ee29b53ebdd9e1c8811ab03b564,85f3facff98f4dea43b15629933ca91d,82820,curitiba,PR
ee0db2a3ee802980f1813ace8677cd85,2329201bd8c3ed28729e118c40b67ffc,90840,porto alegre,RS
ee0dd94cfd30e67ecbf17bf236f47c1b,4231d120daa9f7798734448b260a11b6,04571,sao paulo,SP
ee269c739b58491e77a2d01460616914,d2ab3371950e187ebbb884d71f4ec15f,88125,sao pedro de alcantara,SC
ee3a81b2771fec5f9e982cdb1b3a4804,a9a77b4e25980b7ca58cb71f878abb27,37500,itajuba,MG
ee517d3a38e003aabc2dc2b08a0bc6fb,1eb6f015c37dc8e3f5b531fbca809a49,81610,curitiba,PR
ee62ccc1b368643dc5205c67379c52fc,b6e354c61d4be25b7846ae2d163fd8ea,14407,franca,SP
ee8e1d37f563ecc11cc4dcb4dfd794c2,5cbf29b2dcf212a6a5d864b887238c72,04842,sao paulo,SP
ee94754cc685fccc80e5f9ced9ca9a8a,38e7d9937ed558d12c1192b6aece21a6,38200,frutal,MG
eea812b0e14641c47ba205796bf8ff31,cb36af177245c06f2eec15fb7afd4c72,22020,rio de janeiro,RJ
eeaaac21f40da9814f3b09b3829fb4e9,c80e8eba85e03db9cf73f0ed349d18bd,84130,palmeira,PR
eec24ad7a230beb6df8ef063d1df3a1c,19442a34d63030d2739ed3022b4fec60,12210,sao jose dos campos,SP
eec3d506a23070bb0ffad2fea91d9976,23ab17649e2b74a8a07ba814ca5ca016,25900,mage,RJ
eecf2b94cdbe9ef6245fabb5e091c987,94819c1119bcbb29d414ac33b904e82d,18403,itapeva,SP
eed07583336a218b34ffa4773126a86b,152e41e668bcc58f2d98dcec34cc5e6f,21030,rio de janeiro,RJ
eed993e8f243582c4f4609155e4dad75,1e43268a3e70448a4006ed28057bb833,08900,guararema,SP
eee1fb0fa6908e9fe26266ba3b149653,a296002504547e167a6167985e3fb7a5,96930,candelaria,RS
eeee9d1c48539af62348268fab136e2e,2883fd7c3fadd0ad0611424020a381c6,85896,diamante d'oeste,PR
ef064585c1de7fab6cae13fae7ec85b8,97c1288b2191298ebb5cb2b254b6ee7d,39400,montes claros,MG
ef1b5dc620735876514e8778ade03323,3873e70abc6d94baa578e77f6cd91479,13575,sao carlos,SP
ef3ad6cd82126989fb3e389f6b9c54ef,41cb33fa84fbf65c71995e5f6d9564ab,98920,horizontina,RS
ef41ed8ea9fd020f56c050525138546a,6f26e134ba4408c999c716c7468a586d,05134,sao paulo,SP
ef4b4f3a32448a53c0692f135e4e9bbb,d806b2a50d10abd760f44162c49eea48,39480,januaria,MG
ef5e98e0d04d6d17a694e2fdacf0a8d8,373d3f34130410953210f0a3b76292d4,35430,ponte nova,MG
ef672916931b8917dc5ab61c15a6768a,5c629da0a892a3230841e1ea891afc90,05204,sao paulo,SP
ef7853389475cd296ce1a01dda4babd8,f45ea548ca34da9db74d3bf96796a880,59340,sao vicente,RN
efa9ef2a1858d519d03521edb2d33577,2c11aebdf37a1a0aafb0715c3ec81954,30220,belo horizonte,MG
efe389e9d5152203223f50ad62a0572c,4de3fcaf5977408cc3a1bc3e24a16a48,13025,campinas,SP
efeb1f8a504d300879922d4cd4a8a0d4,045876bb64f31e69b5d38c1acfe9774f,88380,balneario picarras,SC
eff15f751d5965e6f1d3c5870144cd31,08e4c4ea02b967088505d28c741c496e,97300,sao gabriel,RS
f004d31d81706b3f328f46dda10d9ef3,819edaf0f9f04e1a70e2f134ac2992ab,29153,cariacica,ES
f032b7eb7d1b197203f63cc311e4fc0c,98278b047cb28052979c255068136405,38703,patos de minas,MG
f04a4d84ba2597da24b254fa733ebd80,04f158a79b9d85dafce892b097226c36,13402,piracicaba,SP
f04bc3f68cb2a1fff4fb642b10c6ecdb,91f0db1a51449898b8f41e565fcffaca,30668,belo horizonte,MG
f04d1503094bbd1db2565841d59a2945,2080580f5f3893b30be049dc42c4bee3,04821,sao paulo,SP
f05131b9ff23ce30a8b8ab9d416bba8b,522dd93048c41aaf124730040a2e774f,04545,sao paulo,SP
f064e65677f0641ee4c4d4bfd7b006a3,38ca743e351aa23acb3bc72cc4abdd1e,58200,guarabira,PB
f07928d150a941fee3793cbfa6e62e1b,7193dd1818cc6c9a6e21276c13a5768b,84020,ponta grossa,PR
f0807dce8ef3a4ecec555664526a28b9,67e37049d40048331a75921199104d1d,39735,divinolandia de minas,MG
f09327112f642aef342574a73c0b3a40,15094c09eaf3bfe96a05084ed9e78658,13500,rio claro,SP
f0966e2b4cd732ffffaf17f1870e72c5,dfdcc1f8c27500c34a9fc70695b1b1e4,02616,sao paulo,SP
f09e9e19fc45ed2130b6230a186ca831,10ef5788d6572ed1c8cad5a180b61126,80620,curitiba,PR
f0a961193385015dd1b2789126c34487,ac4b7bdf34250c11948586efbb0f16d6,35270,mendes pimentel,MG
f0aaffb5023be7a38e84280893892514,f28b8db4c85bd1b6955fa57784ece720,06310,carapicuiba,SP
f0bbbd92655a3b87693c7521baf03840,33f965a01c42a564872f94319a636b59,18050,sorocaba,SP
f0e79a1f29a02c9c0af513d340f48e1b,6a173492eb808e4654fba73da730a5d3,95900,lajeado,RS
f11278c6a8edfe30db8bb9506ecbdff2,1881f0742867dc75d6e0bcc24f866710,98290,condor,RS
f11a8d3613ace1bbf5de8d7e4da13a65,e82809954bfdcdf2316f73dd9ffdcbac,26900,miguel pereira,RJ
f128ed11b295f1d94750deca9a92b354,7bac6eccf7d44be2e87d13a24e1499f4,94185,gravatai,RS
f12c3ed51e54cde5e656b7521495af82,61874f8c7b44358a1ccea938e70ad6c6,12233,sao jose dos campos,SP
f13f5be3fb0e2df0eac326aa188c7a68,532155a7e1214ecd05d6c445e3354bc2,98280,panambi,RS
f14d5c39cf968c9f2dfeded06d3e84be,785829119d434b68719c0a1edfeecf89,71937,brasilia,DF
f15272fe9d0e2ae3297185f18d3bac46,11e74a9cbe1158d1c934d4c166f59ff3,15056,sao jose do rio preto,SP
f16dd3f2fdd8e832bfbf92a3fc29380e,00543330561a9088f8b3879114a7b008,48370,esplanada,BA
f19376e0c54da9409485f7ef9556d367,835118867c6782d84b62ed6c3c9db455,30855,belo horizonte,MG
f1c4f32e47264ad79b39838b82e281e0,0f3109759dc1e5fb56f3b1d08ceeaace,25685,petropolis,RJ
f1d4502d91bfed06dd2dc1354a0c5100,7dd60f12b50fbf7ba9f8c43f2712b429,03070,sao paulo,SP
f1d8392057447bcc4dedf77c9a80edb1,40c1a702053d8618481f681873de0f41,04830,sao paulo,SP
f1de875ecaa02a0bde555a897ac83c78,d6791bee9567f71796ef1394065ae224,07718,caieiras,SP
f2183922480268c0f1615ae3d86f5109,cffe0bf326840211fd854576c4064129,25710,petropolis,RJ
f2279bf6a0160ef6fbb64df126f5e42e,d09484561c33439590b44e4ec6ccf2b0,21330,rio de janeiro,RJ
f227e7071caf55fbd19620ad628aa80e,02b20b7c813efede140142ac610e36dc,03337,sao paulo,SP
f22ebbb28922e5674081e7bff1d1baef,f4ce78dd03358d790955f31ab3da1878,99700,erechim,RS
f23c0ad2b07943504e24a69c73952116,725ce5c48c5231bd7f08e88c8b4fc8b0,74890,goiania,GO
f23c4b530f6d7d421de1e38d3e0cc327,3947ca729a860c522a64a49d762baada,69980,cruzeiro do sul,AC
f253cdb921536ec2a9ff9a11cab13aea,f425cc47151eed2532879b2861b9b7c2,06246,osasco,SP
f259bb43b57b88a848f21b728530e5dc,13b0abde07086c41995ef939869c2bd4,09950,diadema,SP
f25adc5155fc751113575f08abdb181c,db93118d38801789fa752fece53bb3dd,71050,brasilia,DF
f25d8576442f2eb5a76648bea92b1c01,d3bd02174ce36b3de0d16717771061b8,77320,taguatinga,TO
f273dd8c96c0c0ae03dd3cba3014f4cb,6b99d13a1a3299af3a6261bc1263d3e5,19023,presidente prudente,SP
f2824bf9bc3ff1facfe05820f06fa436,0055bbb9c95f6acb8db89d1f6c316407,88810,criciuma,SC
f28dbad47bec24355005c467a2f6e703,b2dcabd21651edcda7049a8a2aa52a75,11451,guaruja,SP
f2a1d75b74d9ec748af88e894cd87597,15ee900ec703c9a10082b12bcbdcb307,68590,jacunda,PA
f2b049ff24281feb3783cdc603ce75e8,1a922c593edc0c31a83d0fd32883bd62,02734,sao paulo,SP
f2b943227eae28a0440b448b53e30a07,143a74bd75d65640f7d9949e41a2ef33,05466,sao paulo,SP
f2c1759f9a3268223b2832bbd339198c,891618c12f88105f45643bcefe8e917f,04660,sao paulo,SP
f2d450514f374ebd89036fe92df557bd,2ef5e7aa9a2fc5b9b15a296e1de5f729,22460,rio de janeiro,RJ
f2f42d03fbe5b55d80ad510da9a19de1,79abd55efd139ad036a57558aea211e4,21230,rio de janeiro,RJ
f2f4eb1a9dd538dbe28987f5d42e9857,0032ca69771a7758ce643258bb9e4ac7,02242,sao paulo,SP
f2f5754aa54743f8b50ad65876ebffc7,8cf1bdf074a4a6e5fc61800a219dfb08,14090,ribeirao preto,SP
f2f63bdf3220e5fb4f7237a1eb13bac2,8aad18034a52870e64095d5ac2bff86a,75460,neropolis,GO
f2f66374ab5da850ce006490eb25f609,13a381a0b4bd1d7dd7618982a873b2fe,35040,governador valadares,MG
f30d69cc258ebe5e80e1a0dd6287efb6,d720fcbdfcb44f7c6d48cab1e8d4ad31,21941,rio de janeiro,RJ
f31ce21e49feba9e205222603768ffd8,5b8985d0e84c11c2d841ee82f53c4d83,88680,bom retiro,SC
f3201a8a4ea32786b7b5948da7e7a50b,935b9c5a3162185f88dac06d8d08d623,09450,rio grande da serra,SP
f32aaeb1f3f623590bba03167a1e4b67,4b474bf572d77ca380a024397a8dad31,11680,ubatuba,SP
f3318c51c9a6779c89f2567475b4a6b9,df38102d80095da57461f4e328d3ae7e,85555,palmas,PR
f343704e8d64e463a7147138a8d21b6b,16a909e83380bb2ae4676ca69ac30886,96418,bage,RS
f3476f906a037c2c993fe44405c22a6c,6950a34bc57639c8a5c66e4022979776,68647,tracuateua,PA
f376d698bdb7db52c83a8aaccf765d87,7d19ebd08ad749039d0fa34250b76cee,43850,sao sebastiao do passe,BA
f37fb2c140fb551fdb28892bf23f6146,f429f18c8b5e0c030b65f23eab1726a9,02334,sao paulo,SP
f38dab26883c4fe20a3e9b92e07692c8,4fda11b271e3bf58d66d34729397114a,32600,betim,MG
f3a4644c8ed85a663dcfcea1e815e83a,ac3fd22565a646030d903d8746797333,74015,goiania,GO
f3a7ebd01294cc0c18f30693542694e0,a601294fe5eeb1f05f93b1a11bdd01cd,76200,ipora,GO
f3c77d075eef136f32aaf3e0ad0be638,ea69fbddc20788ebadfbfde8a27021fc,59080,natal,RN
f3d2136779b53dee8984591b042e6995,ea563003f00c888b75349498e40d6404,87330,nova cantu,PR
f3ea766418f91a35a84d530bae7787ff,71a92fd3087501bcfba6e6e1ef7e8fd7,23070,rio de janeiro,RJ
f4070dd9e6712ce1432f11b759975fc2,389addbd2b0508fd060712ea3a706e48,55680,bonito,PE
f40cc9209965e48412fc7fcef541113e,15d2493aa522c1040d639aa74bd1fb31,04431,sao paulo,SP
f40df781e8d1e5f46a4b19b347441b39,459568e2d061356560d9936ce6f71361,53270,olinda,PE
f411a040a2fa31babc72e93f3a947e07,5805f02470aa5a345996c6cf1eae5be1,65480,arari,MA
f4380f3bd8c569ec5c8ccf76ca4daea9,3a1843bdfa85949a0b09bae81235709d,02229,sao paulo,SP
f439a62be9d46893925dc9c101e2b80a,9ce6ae078350732e8632e29fcf2db082,08245,sao paulo,SP
f4536cad8ed9f07d3a6a67fc72467bd9,936a0706a3a07a59f53549d6d5a7f12e,06626,jandira,SP
f45be1f885a95dcb91592d65ea0b3ec2,6fc76443d00c18b12b610b5396f647ca,03112,sao paulo,SP
f46cd0d55f9a7374df0fc224f138f238,aefe006dfd9a37a3593b54f95ae27386,36037,juiz de fora,MG
f48c05d30461f65385a92cb74f73a934,721aa4c617d2e158801470a3c6ab6166,06823,embu das artes,SP
f49428e00cd3aa74376828ef1d135cfa,195cc291330f73e3d35032fd4e8b740f,88330,balneario camboriu,SC
f4a0b03123787bc57fd4fcd6ca35dbf7,e67b2407c7cbaf5bf0168c19c45c09d8,13208,jundiai,SP
f4aeffedf5df0d4eac1bddd754842776,aad82fe415a8c3b628e756cdb61deccd,38400,uberlandia,MG
f4e4f02c3647142fb9d59c3871691656,6aa14366984bcc5f1ea760928283d451,16300,penapolis,SP
f4f8f63280d609f794137beea04c78aa,3768a61ac1092ad9e455432831f9062e,03803,sao paulo,SP
f4fb89f8cebad5f1a88a9df87c7a6b14,155d36ad6e053a2284c5f7e2db94795b,74823,goiania,GO
f4ffcdc0d33805e200b19ab444f1649c,7ac4c09a6425989848b74f17c98638f6,19905,ourinhos,SP
f5219627819a30474a6ef14e1598e7f4,d36eba3490c536bfdecc22e3c68ad453,17800,adamantina,SP
f524cd02ed38d4ed250fde7e49e4b9d4,4f471e7d7ab4372da13e7f4ae206655a,36272,alfredo vasconcelos,MG
f55e489fa5e3fa5cdab0588fb2cf9f0b,c8beef897465bd87168f7793cf9d0981,71693,brasilia,DF
f5610a33e73e71de93a930d78aa9084d,7ab9d668d61c5b781832f05972a365a5,85020,guarapuava,PR
f565b0c0cab7869df7414d1dd50ee1cc,ec62a773b4f436e0ec8cf255cf2fdc83,88140,santo amaro da imperatriz,SC
f56957527a53eaf4a716376e9fcbed7c,8be2996a22e4884d9628a96d15b41c33,09861,sao bernardo do campo,SP
f5979320bea5e795ed0abb381c95f23d,4607ebe4da4df058df9de4562957e268,81900,curitiba,PR
f598b2d315ec85e3449198f9aeba111d,3a0266b0b438b5da8b8531f64792d0d5,04858,sao paulo,SP
f59df61ab130998cafd5d0b592eaa6e4,f67322f65afaf144137b6abdb65c16d6,31615,belo horizonte,MG
f5bb00108debe00bb40f041482324c4a,9475cd15ca1ac4f79326f3192be9d32c,91340,porto alegre,RS
f5c1a4fafa3aafcc044513f848e82cee,2cc63ed1634fbefdef65393d23c84fc2,91910,porto alegre,RS
f5dcbb401660482ff93b39d3aa1edb7a,bf429f20c75a39eab83442cda8e59832,98804,santo angelo,RS
f5e0ab2456c5103030eafd1ab05b6504,61d01e393539dc80cd54323334661b7a,27330,barra mansa,RJ
f5e44f62177b59d9938207502e8a44f3,4dfa664ad35b6339d354f3b932466299,04533,sao paulo,SP
f5f1ac51f4b9a8ceeec0df3536ccbb7a,a87661386a130317d94bdf133a1ffd72,77900,tocantinopolis,TO
f5fb123023cbd4acdc614393621b6f86,13b803281d115aedb3ef271db9be3f2d,74085,goiania,GO
f60343ab919f4c92c6684d9fff0ed1ee,7d301c7cfc8f8c7a4c1d96a7ed83198b,74786,goiania,GO
f60ef9aa98fcf78765a4ec910a555977,7da121617fb1854d7deaae5e49d7fd94,06283,osasco,SP
f612c18e7425b557b4137950a546bd13,c8a3f9657d3bc1f4b7343859648b5c9c,66080,belem,PA
f61b744f032d3de6c01387227322b865,ba9092f02be0cdd12bc6660489fdc700,36370,nazareno,MG
f6398ecd9c86a2280e6e4cf8e5bb9fcf,5edad4bb9c693e86e16632b7912e78ed,02432,sao paulo,SP
f63aa9fceef15019d51c24510d8d6c30,e3d328a7aca90ac234635088875d1646,09991,diadema,SP
f63ca288648d57833c6d2b92d228b426,86090c3ef4b87b58e443d84483082287,05874,sao paulo,SP
f63cb8460e0b173006fa7e7bf9cc71be,23cd944226e9500295fa23bcd265f52c,01451,sao paulo,SP
f648883563c14819f5e6419f89c6be9e,ebb7c2cbb003311bbd7cebeaeeeff8a3,05734,sao paulo,SP
f650ed65abda7782ac4adb70edb5f62e,9e2121a00989633ec9900d09f21755ac,38060,uberaba,MG
f6617e6db7ba5a1f45819029705176b6,efe797705b98f548de87e24d035a7dbb,35700,sete lagoas,MG
f6684db0118cdcdbe308f6de0287035c,a652ad91bdba3ce3abd71247744e3395,05758,sao paulo,SP
f68381e3e17489908640baa30d9721d9,6b3c5551dfd4d19a24999392edc21d63,90430,porto alegre,RS
f6920373a8a14434f959e893a803a48d,ff6dbcd4f418c61c54eb7c70fd301214,07194,guarulhos,SP
f6a410defc688664c9817dbfa4017e8c,85ac6bbd9993be0819bbea3cd2bfd266,07272,guarulhos,SP
f6a623ccb7b0dac8b9c9c74594f2c041,3290c55d91fa90ad3eccc922f8174046,18050,sorocaba,SP
f6b48a3dd3d76b9f3a58d8e108df430b,736b15c8cfc30911511f5957295f28a9,29307,cachoeiro de itapemirim,ES
f6bf07a73ad7c17791a5fd4c33c9b8f9,6f3ac9286ab1ac302fa8f5b8bfc2f8ff,15850,urupes,SP
f6cd5629d58e708bba4bedb09a67d8a7,df5d2b376ad8dc9223a3528f28795837,72215,brasilia,DF
f6e534985847fa0d4885a5990a4d0504,1c064f90fd103aeed97f289b08c83ab7,01322,sao paulo,SP
f6fb5f14fdbebba18783eb0e9be41669,3306ce16186d1c3938adbfc02acae631,13308,itu,SP
f7094a02fa3e369765c0c35f09c6eb5d,30fe3910a6e920e98fdf5daf5e2a48a8,60761,fortaleza,CE
f7479acf2d3ccae7c764b726bb24ad27,57eb153ae005dbfc297fdbf1f44bf046,38610,unai,MG
f75cda7d644f2586d2f3f5e83c00415f,3a131e6c88849b1d0b28020c3809ea29,80410,curitiba,PR
f76cd756cb7b70b6f769c529728596ce,312bd00f838c99265423059305d9b94f,08225,sao paulo,SP
f774bf697b9b702ff9169e23ffb8b3fe,9aaa6812e0daefa1f7edd5f772297d2e,70801,brasilia,DF
f7781053e9747cf9af8e900812a21e53,9a5bfa96e1365714c07caff44afa6daf,84016,ponta grossa,PR
f778ce20d1508a9905cb8ee5ffd45466,35c0b67a844961863a56479f183c1863,09510,sao caetano do sul,SP
f788ff83b7302742d0746b54cef984cd,c89e1b898b4877f5821c04081953c1d5,24210,niteroi,RJ
f7896b7b7659fd071aa432e5b2c30c90,efe3bed6d74ed97f8ead5105a3596451,37640,extrema,MG
f78f9e3b2e5a3060c957bf427cf94485,58bf69d651632f0a65f9550935e881c3,09060,santo andre,SP
f7954af5e24649465e35d45fda3af4bc,810ca82bf6afbeba3364ffda188f3175,84200,jaguariaiva,PR
f797b305ff4fc7689400509ea249468a,14b68d0b81f6680447a944c87295b81b,96745,charqueadas,RS
f79c9ce96b5c0d7c708917616a0ba2fe,f33407700cab2fab56dbf90a859ca270,35179,santana do paraiso,MG
f7cbc5b5009187e1d0983e1ff7a5c6c2,0b20a59951e8914258511b01d9bfaad4,13318,jacare,SP
f7d8d01811120ea71aa219b25edb272b,34092dc27778e757bebee17d98878a3d,04475,sao paulo,SP
f7f96b7ce24711b03788947f4ee1e42e,6c722fdc0ca8a586dcfa980f2f1278eb,20950,rio de janeiro,RJ
f800714187560129219abdd0c3e1ba54,3da6aa0af0352042b86a7fb507c0ff74,38748,patrocinio,MG
f806090d1d5bd75e986ce533ab850086,87fd4c29d1a743e041787bced432a5ba,96600,cangucu,RS
f8065481b7b66b8eda00febe4e98c61e,c5289f54519ba36da39fe8944d57bcca,39802,teofilo otoni,MG
f814518d7099e9edf3060a9aa22c43c9,b4d0e21689a0644377677a22c8904e19,58745,imaculada,PB
f81bb64a1e672e6cbd0e027046db8533,b8b6643025dbcaa0e516a72f6d0d0717,90450,porto alegre,RS
f82e86f678897969ded42dbab137c31f,1623bb8272e54fa0a9eb93aa4895adbd,12237,sao jose dos campos,SP
f83e78a46acb1871c42071b5d46f0301,f94096f64929f1472a2d1f2797f9fd64,05004,sao paulo,SP
f8508e9ec506a046a25f3a4a63d0c630,738ee47ca7799ec680527c31c73b7ef5,63240,abaiara,CE
f85e176b3821b59f163c55da8a16fcfb,95834cf255d8c39ea415b7e35272ca13,94945,cachoeirinha,RS
f872c372ede6306069cd060660656e8f,ce3a0f7f48b1cfa4fd6ec5df1aaa535f,79052,campo grande,MS
f8800c3575e2aacb856af1b2b8745e0b,4e50136e8b584a0778f12acd53b590bd,70331,brasilia,DF
f885a76f4d16f14183bd8762ca6420b0,bb251a9d3788c9fbbdae048f5e4c1a1b,15910,monte alto,SP
f88a416ee96a705d4dc77e82fca0e2f4,f0487cce55febc6083bc42cae598d2e8,36480,piranga,MG
f89c1a6b9c966869e441e55bc14acddc,809353196a0456095716566dd226bb48,13569,sao carlos,SP
f89e4237764a0efd10acddd6f0bd18cf,1b0dc0357a39353be33366b9488ebafe,18055,sorocaba,SP
f8a1cb0051331f57beaf3523f2c17b63,a60aa033d35681ad8b6348f15b46dcc5,01511,sao paulo,SP
f8a8fc369ae59e8efc677731d2feda95,57a276a96c34facb968c12e61604e3c6,72930,alexania,GO
f8ab509b172a033201a75cade2f4f727,2fdfa7a4239ad2aaab334df77ce30adf,15400,olimpia,SP
f8b6eb66343026ff22458094ba2faa45,acbbba8520bce737e73400b719566380,65760,presidente dutra,MA
f8bc863d8da439189f1a3c7f93e30a9a,43fde7ff18992f90a96a5adfa6e95666,60325,fortaleza,CE
f8ce7a62fd76b4ba3d39558b073cfdca,959f52044560818be455ea4c9f08cbfb,71050,brasilia,DF
f8d047b3dd09b4c6f4e873d925f56c4b,0ae70c3e3ff220ee3e43b29b6e633345,04693,sao paulo,SP
f90a7fee0ba9a9b8c9ccefa13c5abe4f,5d7ad010ab7afbb2d2b16b78c8c2e339,94430,viamao,RS
f9101abc91870da87ab5c5c0b687e5cd,00c003ed13c76042b78d53fbc26930d0,29150,cariacica,ES
f91e7738124ea7b25b9a32d3cc695381,ceb07beee04a2ef019c824ba8d6fdaa6,81320,curitiba,PR
f91f25c334f44970a6b8e4b2f3b24f5f,df3fe24bb641f97427acab1c46a06dd2,83750,lapa,PR
f93d45c8956eda83cf46d2e0ce19e910,a76db88dcbdb1cd9c74b6c2c30b2b89a,57035,maceio,AL
f94d7db76f2226b4d4375005e451ee41,32977ad79e18d02868a56afa22a3a270,04293,sao paulo,SP
f953d665a4abd0d479297c34e1ac7390,fe05372c8adce4aa00a83fbcab4c4f34,74970,aparecida de goiania,GO
f960116986b00f2c0244e9b350486df1,3ec8e2812492e28ee2412bbc9039662b,05586,sao paulo,SP
f962bd6ee98fa707c3e2eb532bab37b0,0e52335ca066271c324be8289cae3251,26298,nova iguacu,RJ
f96e15f676d7314516ac863a42da8b4f,f0eab68a3b7cd853e39d49d0e772ef67,14801,araraquara,SP
f974ad9260c7d7e235f59817a2b45a47,356732f532ad1175f61e2b4c537db16b,04217,sao paulo,SP
f98fcdb5744e97037986b4c982b142fa,2fa63db193ecb500d4058cae36026f8f,58840,pombal,PB
f9913bc021d14fc9e5a96b3508284589,341c1bfcce15f772ef1c1e93dc360141,02050,sao paulo,SP
f9a20af88c4a471038ee26f502abecc2,d179c43c787f37c5b4d72d85b9e4412e,01415,sao paulo,SP
f9a6bf8bc89af704ecd48975eff11800,1450a7cb6ba0bc92100a9a4a8a2f38e7,05704,sao paulo,SP
f9e408f34638e8fcbec8a3327142a164,510000d1f73f28ac187c8038a328cc84,13175,sumare,SP
f9f5ca79ce83ea7f4b798edd03755127,474ef1978c42917f93bd84783862bdf0,06286,osasco,SP
fa14529dcc5928dcc9a4a3776b2863a1,2ddc001b620bd90d0f4378cfde1db887,06126,osasco,SP
fa171236769262c2d8b9c6a9bb1eceb3,4c0031f9334248a4d3c675b527c67b88,08180,sao paulo,SP
fa35c2eb47d2ac9cd12506c23024faf1,bd63ccd323d8ebd197530676a3cd36e3,53441,paulista,PE
fa52af619a9b52a9b499ae425aeac7c4,8f8d50dadca0105e54b94933e689842d,29900,linhares,ES
fa53ffc93cf481ff930973da9e244a6e,6b3bb727517aec7a9dbcd67203e2142f,18530,tiete,SP
fa7dffdd159e0b0d624a60f7b72497a5,77c6e9a44e36ffa7ed7327ced5e11673,08450,sao paulo,SP
fa89c63e13c0be467dd82ddedc566260,01d46b5cad3cda9c22f52df41197a671,08257,sao paulo,SP
faa44d6a18c50d95adfcb8b7fcf075fd,bb6ba09d3fc6d4cbb5158e9ea7d26afe,16057,aracatuba,SP
faadd91de8b5f0d5487aad688f998014,c6bc500abc343b58b79588b6c43ee8b0,75265,vianopolis,GO
fab1a643ad6f3da348860df58bf39a24,334eee0094b36c6c06fa6461ed5cf9ae,55200,pesqueira,PE
fabdbe658d8f6191a286dcf7bd6fb212,cebcaa99901c5d5b662049d23445fff0,04747,sao paulo,SP
fac351d77b3663c1c9f35cd6c2c23fbd,af0eb01dfa9e3591fd168dd649b1b58d,52021,recife,PE
fac377fcf30218090635992d2467f12e,4c4584a82633ac90e58fe2d141d7433e,04447,sao paulo,SP
fac7d7254af3bd899053c9b68c6c34f7,f7f030d7f63e03e2c07f1d856c91678a,37705,pocos de caldas,MG
fac9298d311758a73a72867d032ba175,693a6f03eac80789da16ec28b283aadb,05348,sao paulo,SP
fb05a028450ab57468eb98f003a45b05,7d8a99bb8d90dda2a158704bdb5c988d,36955,mutum,MG
fb07a605560bc106800598d5f35f408f,08be381b4b9e40a1acdbc7c6fd2ded86,35240,conselheiro pena,MG
fb0e90cefa6143ef5234ba910b193194,9ad4e831d6e44322c9110d32feab5f35,01129,sao paulo,SP
fb12883b50e7a807962b3f0acd743169,81e4010e03542920c2ed6a9e4e818c5a,03308,sao paulo,SP
fb139e2c4f9ed3b05ca0dbe66ea46880,dcae10a371a35e87b7e88b8724a7bbea,22011,rio de janeiro,RJ
fb23c756b7d02814a3f3a7a605f3db42,c1f2aa3dad7ea74c0b0d261480f609de,19050,presidente prudente,SP
fb2789665d5069bf4927ac9794065e3d,50062688859efc9b34ffd4629bea6aef,04182,sao paulo,SP
fb2fdd6a93ddbfbb6390f556be5abc4a,b3ec061bf1f87a27efc54ee0b887201f,24210,niteroi,RJ
fb3c17a0741fbb9e328d54374a56f2cc,a9ac0830ef6d1cff282fe04077d56021,18607,botucatu,SP
fb4a17cce3735ae695019b8ec47c9ab8,cae816b98cc05fbf75c8d3c05e7cbac3,13044,campinas,SP
fb59a914d813f4032a12be492a6450cf,2f1581691a6b5f54b075a067ef1506b0,16010,aracatuba,SP
fb694f1a733efde390f6d93e122b702f,56cc3b271716ef0cbfe021bee7a6ddca,02017,sao paulo,SP
fb776c31b53a1f918c012a98ecd1050f,fbdd85f919749a8e7a1290c6452024e3,08452,sao paulo,SP
fba40866bbdb9966b507e565aba87490,6ba1141082a8689cb8ad818255306988,18087,sorocaba,SP
fbb505a3f8346cc167d1ffaadeadc22f,b82f7162f6cf9554423f4bb4f47820f2,04757,sao paulo,SP
fbc1bec47970c387d5f4962d518dd268,e03a1bf47d42257f8e8e5e8775696622,06900,embu-guacu,SP
fbc839b74c648a39b750799b58a13e0f,ea5ba533074aeff0844eab0c690b2c7a,88385,penha,SC
fbce2588012ce30bd9bf1b3ffb412cfa,fc11e5b57f5d9207e1d3a5f41e0795eb,74810,goiania,GO
fbd6146cc7936a7f362fb09d4526f445,30f21e5e86c79c2c6e01ca00f1eb2e28,13209,jundiai,SP
fbd922e9f5bf7801d5158eca21b27c26,e292ce879d657c57ba04028dda21fba9,48905,juazeiro,BA
fbd93990fcbda517a7c376246180a358,5d3eea6203ec9bb336962c4f24afcb1b,89801,chapeco,SC
fbe5e936200a869da3a98b8bb37584af,d105ba436df4426aaa8d11fb73d09f8d,39400,montes claros,MG
fc00541611ecadf4e775f14ea8a2a24c,41b20261d87e1d3b947967a2cfc0850a,89027,blumenau,SC
fc1344637b9c3c2987e17c03a9624ba2,e15bf8e7ec73db7a15a003b50f64abe5,89251,jaragua do sul,SC
fc3cadc0c1328b099cba58d281368351,8187563594e41246f8e959d4922cc292,75804,jatai,GO
fc474e00b3af88a2abe3ca25204b59ea,adf086074fbe538f3349023a48c10cfd,03657,sao paulo,SP
fc5c09d0b99197f393e86cf4cbb0cfac,3ccae101fe3a7feaedd33b49ece99e8d,06328,carapicuiba,SP
fc5e431acfefa67d9c63b5e2df979c17,61ec2b707b8666866dcf94dcd5f1c9d7,89340,itaiopolis,SC
fc77c4ac37e4b4fb64df2d68e0ff93dc,6fcc3c7c1227601b827b17ec3960b1c5,06765,taboao da serra,SP
fc99c647ea0438ef017c02573a18ac07,e9275e3687ca3cba55a85dd2d2780c4a,91240,porto alegre,RS
fca319b6b92302ac722e396bdb30072c,0e36fee9f974affcfef469842ddb5a35,39403,montes claros,MG
fcae9bab891c06e469b167898af43631,0d5bb565f5c4f342681cc1bbaf817f5d,03132,sao paulo,SP
fcb084dadc25471f119e59cfe794aa99,5edf1f155f854372be4fff9089fce9f1,15300,general salgado,SP
fcc709844375ea0a1a14bc3c14b2c1ee,5beb6ddd92a5f785780c5a7a08e9bca4,64240,piracuruca,PI
fce29cbcfa4f7f00fe0431dff786eb1a,c22dc532e962565718da57d27a960d8c,37552,pouso alegre,MG
fced842c7dad61e8ce47b49229659718,25bedfc6317ec4a379ef49b9c1049733,11250,bertioga,SP
fcf34db4bf62be566ac41f0e19c1ae48,6b752c08681548197c1639cbf872d65b,12960,nazare paulista,SP
fcf4489206e85420f841813c98df6e33,fb02be38d9f68f432f8992d9a7898fdf,71825,brasilia,DF
fcfa6b64765235e944c28d83f99ee9dd,af9665a7a1cf3fb1ae02dd83e8c54c8d,14440,sao jose da bela vista,SP
fd04313d2ad50c81b437c3955965cd11,96d98eef584116e44af1b51776881241,21221,rio de janeiro,RJ
fd05d735f77ead5f285db7dc288d65d5,278a0b2286900f7a9425916024acacd5,11065,santos,SP
fd0c90df7aab8c8b52d93ae6fb48c6d8,bb4a3c7e3bb5e842c83833cf1e9abcd3,22750,rio de janeiro,RJ
fd0e05528dd6037d245eee7d42ba837b,5a1f6104fa0a124fe00c9bd42048b0c8,18970,chavantes,SP
fd18e47a1f202967357c8d65c4b4a2ce,40278d2c324f238620cfa88e741bde1e,44085,feira de santana,BA
fd28c7968c649e40e639e20d79040ccb,ec3c96625c23e152219f0cf0915f0fff,22753,rio de janeiro,RJ
fd3af103b28dd473810b5f00d7f43226,0d322d78465c69d36cc9bc14ac869900,76400,uruacu,GO
fd4333e53f43e1531b94d8d3f020c27f,7b988c0649f07c0765b73145fe48c341,88400,ituporanga,SC
fd475098454916759d0c3d5a9d8996c2,aee707c0ed6136caf4804406dea859de,90670,porto alegre,RS
fd4c34140faf2931bdb3856d379019cf,be1e1e4e12d559ec403171f1fa64428a,30190,belo horizonte,MG
fd538011351c8b3d5634fa84917d6f5b,76ce1369317d9ef60a5d4e20e49ab53c,28896,rio das ostras,RJ
fd5df5d31bb44f4ffed6fe856c29802d,f1e4986c757134abfcf657b898bcec22,23080,rio de janeiro,RJ
fd72bfd55bc619ca61770f47d298a78d,c3a1333ed3a4fe92e1a9d39595a5d1d6,13084,campinas,SP
fd862bc8d2484c14b9f59de2cd3155f0,be555d608242ab003109ea70e569fd95,38220,planura,MG
fd866c2c21e9fe3acdd94820ad6628ca,8c20a65d2f777cfc7a1776cb53c8b5a3,13565,sao carlos,SP
fd88b35ff441b1536cdb975e1f804480,f1943a265a96f9fcd3fabb7d44707b00,65943,formosa da serra negra,MA
fd9b8c35f091c1ad8569a436e9c0e497,b846a19ce71828a54b2e888c455a7008,79114,campo grande,MS
fdb7c8642c7871242f295fde2b25bad6,e9bd60258117342273c84198e732b955,15910,monte alto,SP
fdb7df20df882fb648837ef2a96ff36b,bae1f64666b64b2d299b4a075be6b2d2,23520,rio de janeiro,RJ
fdbc7516376d14a129da25bdfc80b3a5,9c9150053c344f992694c053e0f892ee,71810,brasilia,DF
fdc75904277c0a308c4840fd60d024ef,2bb075c9fc167caf8c561e9a9e13f1e1,90870,porto alegre,RS
fde6d4f410c038c07dc7d504cd4a540b,dea99e99d6d263f5d87cf500007e642b,69906,rio branco,AC
fde75f43574df6efbe20b37f9ec8668c,c9435a760745651d5400628347cf4f6e,11025,santos,SP
fdf3a5bebc490cbd7a8512395e6cb12e,e8b52d1cd5a4a7ac4aaf3e4a73405534,01311,sao paulo,SP
fdf90ea1ab409555dc79650e3e36fa01,22a346f09597fb88c18322408e24349b,22080,rio de janeiro,RJ
fe082a45e6e64db9443e39ef7e3d415a,fa776b9116f0db0aa31fce6fb9f453db,01232,sao paulo,SP
fe088b708cc9258c6ac74a99a77581cd,117afdd8d1bcf43bd2039004062fea12,13346,indaiatuba,SP
fe10de536606eabb822d6f46f125cf68,36b1b9d83bbbcd7abac75ea38e9ba59d,87070,maringa,PR
fe11d27a155ab2ad8d59cdcadde0d9f9,3f4265aac241999625e521ccb38ec1ff,04841,sao paulo,SP
fe19be377c1df017aa462f3d54970253,6a6a6b35df735c38f5c6b0c26faa81e7,29146,cariacica,ES
fe382f8a2ee546cdd8a2db08bc63f347,d908486b716f6afb6ad043b4193842c1,45745,ibicarai,BA
fe3a33424ba62cc9aa644a82fb4b7c1d,671ff3c1497a8bc800a0d65b06afab0f,26183,belford roxo,RJ
fe8effb68afea983b75fab51cd03050f,d1a6a3315f0766209aa62b06506c1ad6,19274,primavera,SP
fea4aeeb4b4426cef48af6376ff8b27e,56b9717d9f78a4a379de8b1a16dd6ec1,35040,governador valadares,MG
febc8698a75e85a4ddf0e78926c1119c,5e065c2ae315b9c4549a30b40277d6ad,28920,cabo frio,RJ
fed063142605b95f0ff2fe32c641348d,0af8d59b2f4cd9169b2abc898f0e7b31,13213,jundiai,SP
fed9a70454798e3fdbee236decc7ce42,437030d5996e877794dd61c5f074fbd8,22231,rio de janeiro,RJ
fee356a6202f0d1a5b2933afa5d55306,f8451003016dc60320a73ecfd66d165d,37553,pouso alegre,MG
fef23f5010429d851aee180c61c39efe,4cd31b3036748096f530bd7559999565,30431,belo horizonte,MG
fef2e5e63da9f3e1dd89e8e319468657,f30856ad31d3e74253a3f4ccef670648,71955,brasilia,DF
fef5bebfcd96024d880aa6a0b9b16cd6,5e0fc24b616799fe27d9d3b87feb6011,95625,imbe,RS
ff217adc6431eb19f8af637ddd66a2d8,f08c37bc41a677fa88236ece8011c20e,22713,rio de janeiro,RJ
ff23f2703f021b1c9e49f69941915974,4adb08de8932929dcf4fb86147020329,25963,teresopolis,RJ
ff3fb57f76210bacea765b1f7d8876ad,99ffe96d009a803ddc2e0a99d5c5c6c1,37640,extrema,MG
ff56a290f17f6ce95604d2e7c1bd3ab3,ea66333f17fa50810ec4c4c27e4b2762,74160,goiania,GO
ff582f34a30b0646c52541de86107865,50915df398391da01c01bd5cf272f61b,02033,sao paulo,SP
ff590ff108857c7fab00afa99366dcec,63596e42d64da2ef4b6b36786c0ffa55,18550,boituva,SP
ff7c2f095c37954b032ddc50f6b83448,db23d3524d9e1ded4ec9fb121a401b45,80020,curitiba,PR
ff8ad2b0f0b304a4f7ecbfa76eecbbdf,acad1f23b6be16378a804784ef4c3421,13336,indaiatuba,SP
ff98ff0b59431751c0e90ff8c77db92c,00b8076004092a29c2c934570c356fc7,04080,sao paulo,SP
ff9c535af2f9325df8f3c81f30f60b8b,9da098e9a3edd7f640205f03a340a821,76550,porangatu,GO
ffa5a1a8c092d41b746947a1ad4d4b84,f44ed1c640aef44b2f68ec552fd4aa1c,44900,irece,BA
ffa6d90c36a9c7004692ca50761c69d6,874c93d867b18eb09a5e2f071ee89458,13140,paulinia,SP
ffb2c4cb583610b7d2e39ef0cce0048a,8257caefd0d3ed59fd4e00770b7da2ba,12237,sao jose dos campos,SP
ffbd25299d045182eee34c9493b5adec,e46fd5e02159c4cb32d9e8ee9bd5bdc4,06790,taboao da serra,SP
ffbd6fd1ff815c8392bb0f6e2fdeef75,9a6a921e2fdd2e6ba9c4fbdf24381248,40285,salvador,BA
ffc97eb567d22d3e39a56c61175f9838,d74d701ea51a34528659514dec875e2b,06266,osasco,SP
ffca23943c4b620ea24812018373fa3f,e2421eb09087faf4f51661d176aee08d,45810,porto seguro,BA
ffe1eab23bff108bf37c973b05d4e9ba,6fa76b0d56f88c4685b9e12f1d8a4220,97670,sao borja,RS
fffa0238b217e18a8adeeda0669923a3,c6aad056c7aa900dd717f3b0088129fa,02519,sao paulo,SP
