review_id,order_id,review_score,review_comment_title,review_comment_message,review_creation_date,review_answer_timestamp
0005bc906dfe3b73261020bf8e9b76cf,75cc0defdf90cda65066ce0ac171e2ab,5,,Muito bom ,2017-10-15 01:00:00,2017-10-15 17:53:22
000b3f23cb5d4e7dd8536fb2fe749164,b979990724c0c6accce90ed2a7bb04e0,5,,,2018-06-13 00:00:00,2018-06-14 00:24:36
00130cbe1f9d422698c812ed8ded1919,04a28263e085d399c97ae49e0b477efa,1,,"O cartucho ""original HP"" 60XL não é reconhecido pela impressora, consequentemente não funcionou. Além de ter chegado com atraso de mais de 15 dias do previsto. Preciso que seja trocado. ",2018-03-07 00:00:00,2018-03-20 18:08:23
001fb24cd0236565963c8301ea4490ed,840d56f863cce183ed7b2340fe33a3b6,5,,,2018-06-22 00:00:00,2018-06-25 14:30:21
002e44e3cf13f44a98e7623c88fdd336,76ccfd1f50385cff04dc3ba521500b47,4,,,2018-02-06 00:00:00,2018-02-07 12:04:30
00416f56c25bff14d99acc7ab848828b,6d0f0280ebfb3b857b70731c9df2158c,5,,,2018-05-18 00:00:00,2018-05-20 16:15:11
004487c7eeef88c369db5e2a9eb55a7b,d2aa63ac411996ad85fc0099c47db2df,3,,,2017-05-10 00:00:00,2017-05-13 00:26:19
0047003d8db587826ba443ca6005f953,6728a6a592a63817d0ac211044efa702,5,,,2018-08-26 00:00:00,2018-08-29 19:11:50
004d7b37fc34956513d3f983f42a576b,15f8a954a337218a8196bae2dc3d801d,5,,,2017-06-04 00:00:00,2017-06-06 21:51:04
005ee02b2a92d329cd650b1bba202b26,ff73e2e57b5c7d3a1aa7c3ccaacafaa6,2,,"Os tampos da mesa estavam danificados e aparentemente tentaram pintar com qualquer tinta antes de enviar o que só piorou tudo, acabamento péssimo, lateral do tampo descascando e soltando pedacinho :(",2017-06-30 00:00:00,2017-07-01 20:22:44
0067e0026403f22e86d7e52f666a6d90,a271a428c3186d0c7325878c2075a8d8,5,,,2018-05-18 00:00:00,2018-05-23 14:49:46
0068ee55e45516d7eb44878466342b15,ad017ea4537bcf364b841c9160b0fa51,5,,,2018-03-29 00:00:00,2018-03-31 20:59:36
007317dd0626d2256d07fc90df6ee515,510c6acb378271d88724c354faf156e1,5,,,2017-10-17 00:00:00,2017-10-18 09:04:37
00797ee982880d24ddfb309e2ea9697f,517edafccdb3fbe4164342a0f5ada0ca,5,,,2017-12-01 00:00:00,2017-12-01 19:29:15
0098a1f240c3744c8b356396ad4da32d,01c391e962558d0793e8dd8f6bad0999,5,,,2018-03-15 00:00:00,2018-03-15 18:11:46
009cfd7eae00f368bfeddd43d43dfce0,117c08edcd4cf5c43118fefa4e0dab79,3,Prazo não cumprido,Houve atraso de 6 dias em relação ao informado e não houve atualização da data.,2018-08-23 00:00:00,2018-08-24 09:24:47
00a14f834ceade49b8a54fd92b96fe48,828999d80d891785ff88623835515884,3,,,2018-08-19 00:00:00,2018-08-21 19:39:26
00a3cc84914eb20e5313dd5549d63194,aec4f3ce724b67ce527d67f7eb60a310,4,,,2018-04-16 00:00:00,2018-04-18 21:43:49
00b49439147c80e6916759355791a8cf,03dbf3a42789c67ed5e2198f08d997dc,4,,"Paguei o frete porém não foi feita a entrega em minha residência o produto está no correio, sendo que já comprei e foi entregue em minha casa, o problema maior é que os produtos tem volume para retira",2018-03-23 00:00:00,2018-03-27 14:33:29
00b86cda8e6a6961f769b612f06683fd,b29f546b1ce275afb2a0c39f0ade6bcc,5,,,2017-12-17 00:00:00,2017-12-18 04:50:10
00bcfc16c44b876f8f448123f55ccdb6,f90185ee34b0b34c876b408aa6a5686b,5,,,2018-06-13 00:00:00,2018-06-13 21:52:58
00c74c234b9db092a34eaebc63817678,8455db911d020aad3cc78b9fad423695,3,,,2018-02-07 00:00:00,2018-02-10 14:19:42
00d2524d2467bed9d27562755bd3dc87,83078eacae0feb71b78ec731be836ab4,3,,"o produto apresentou folga na articulação,,é um produto util,porém pensei que era de melhor qualidade",2017-11-07 00:00:00,2017-11-08 21:54:24
00d3d9bac80cfba748b93472bae9bc78,c52b847a710480721b6c4def72048468,5,,,2017-12-18 00:00:00,2017-12-20 22:59:23
00dfad4667869bb78db69d24726bfc52,112e22ce5f700d2155befd89a15b4a5b,5,,,2018-05-12 00:00:00,2018-05-12 23:48:26
00e04841cf3842df4d4a090e56672f06,36acd0e7abb8ba0ac7fba360e09c5451,5,,Adorei o produto,2017-05-27 00:00:00,2017-05-29 11:46:34
00f0ed1d0af92c2ee93b9f60bba00bc1,09af242285bcc7d2f8b12ce33dcfcb7f,5,,"Chegou em bom estado, encaixou muito bem no celular, capinha muito bonita e fina, recomendo!!!",2018-01-30 00:00:00,2018-02-07 02:22:29
010a2241efade4307f9ddb11b210e857,dfaa4ce943a8dba10b754befb76fdb49,4,,,2017-12-03 00:00:00,2017-12-03 20:29:15
01158c6edca4165bf27a332e38702c31,397512738329930b9bf6d624b7db4969,4,,,2017-09-26 00:00:00,2017-09-28 20:15:22
0116fec8af5829c4a0598bc3b06bec6a,b155e2a8589d40bc9c0381ee48e3204f,4,,produto bom e bonito.,2018-02-17 00:00:00,2018-02-21 17:03:44
011a79e87b0273bbbe67a913a8230bd2,8a8ff2c8a82c73abed3c70e90953f0b2,1,,"Entrega no prazo, mas não serviu para o meu Carro uma Zafira Expression automática, não lê praticamente nada.",2018-04-04 00:00:00,2018-04-06 22:30:48
011a9d77c04614d097904c1b72900a67,bd6b1316314a1f12d58ebf467f3f2d80,3,,,2018-07-11 00:00:00,2018-07-11 12:05:02
01365287c23e42f553fdd37afef2d3e1,ce2d0e7e8a249b93d3cfadb57113023f,5,,"Produto de alta qualidade, recomendo. Entregue super rapida!",2018-08-24 00:00:00,2018-08-27 11:09:47
0137cc8039d5b0d01b1535c6c7a4a0ab,7787da2148a7cb3d33fb258e674f8a3e,5,,"Excelente loja, super confiável , entrega no prazo, preço bom, satisfação garantida.",2017-12-14 00:00:00,2017-12-15 00:30:37
0153726cf98dfa0f5c0994878e787db3,c1a2ee16a0ebb378f57bdf69fcf45b79,4,Recomendo,..,2018-08-30 00:00:00,2018-08-31 00:18:36
0162340d190549d567ee0fdfb8fb725b,9f1887ee4f71cd4db972aeac47ca54f7,1,Atraso na entrega ,Ainda não recebi o produto é já se passou o prazo solicitado.,2018-08-18 00:00:00,2018-08-18 10:57:42
0164813279fca168f16dc2fce414850b,17f70d10c2acd50864b5dae4885894b5,3,,produto muito bom custo e benefício.,2017-02-15 00:00:00,2017-02-18 16:04:08
01b7c56377973f04fb90dfc788cd1fbc,7a2a2633b023ac3ee1dc583d44181b2a,4,,,2018-08-21 00:00:00,2018-08-21 23:27:51
01c16f03a8105807ad8499b0d98bca5a,761d39ded287ade72b1e8bdd95fe0253,3,,"Não gostei pois a gentes faz um pedido,aí ele vem em vários embalagem várias entrega.
Acho que seria ótimo fazer só uma embalagem do uma entregar.",2017-11-17 00:00:00,2017-11-18 00:33:44
01cdbf5c9237ec70ad864a6403cabdc1,dbc94ce4ff22c2daba89640dacc43949,5,,,2018-05-03 00:00:00,2018-05-06 00:13:26
01d0fe570e4c3a3b49a002e15bf39cef,33b7a15ce8edde0ee1be98069f2f5fc7,1,,,2017-09-16 00:00:00,2017-09-19 01:36:26
01eda5719e88f5524c7904bc70d08639,2db55bc45408ca33aa8ff88bbe7fc720,5,,"A LOJA é boa, compro há muitos anos, só que, desta vez, o PRODUTO VEIO DEFEITUOSO e já solicitei a troca.",2017-07-26 00:00:00,2017-07-27 01:17:02
02220e30a4b7a1b199b0f1baec21e7e1,959815491185d6d44b4adfb9caaf3b9f,4,,,2017-03-28 00:00:00,2017-03-29 16:22:10
022a93b7b82ceafd13a48b544b4e1aff,ad1d5c46d63588c477f08b1a917e0788,5,,,2018-04-12 00:00:00,2018-04-13 18:14:27
0232421580625d7f28addcba03b40e3b,820749211528f2ac3c371469c8dcff94,5,Ótimo ,"Produto ótimo, chegou certinho e um detalhe , sem risco , td nos conforme ",2018-08-04 00:00:00,2018-08-05 12:05:37
025050034fe97f815863a0e89dcbb9eb,0a6003474a7471ca13dbdb23b2c04ec6,1,,"Espelho veio todo arranhado, parece que foi econtrado no lixo.",2018-02-20 00:00:00,2018-02-21 13:22:58
025cab198bb46b6182c13c8a1a8d0811,7eb947ee7c01b2d8872bc456302687ac,5,,,2018-02-21 00:00:00,2018-02-22 00:54:05
0268cfaceb71a5ab4f28db28c339a402,cfa24f77a1afcf0827e88b162f7cf0b2,5,,,2018-06-15 00:00:00,2018-06-18 13:40:34
02758513428840ec2c4b920ef4e47204,ecb7b1b5d15cf872f986f88e7344d9ed,4,,,2018-08-15 00:00:00,2018-08-17 12:42:55
027798fdfaa0d04c7558b1b5494859b4,cebe9a3966a2fc8ffd1a3c5996678283,2,,,2018-06-22 00:00:00,2018-06-22 21:13:21
02781060fb582c7f31776afceaa51a1b,e979ae327ab74afbaf6f54421c6e4d74,5,,,2018-06-05 00:00:00,2018-06-06 13:39:53
02a982fc56c0043385b69acc0353656e,ac7be03875c6dcaf9cbe029dceeaf54c,5,,"Produto de alta qualidade, entrega no prazo e preço show de bola.",2017-09-06 00:00:00,2017-09-07 12:52:05
02ee0688ff58defd03e85eb242498c98,fcaa22948cf53b9b3ff7de0c67b6391c,5,,Bom produto.,2018-02-17 00:00:00,2018-02-17 17:29:00
02f9e4f1abb4f3c95e28ad3eff25fef4,615881190acfd290a2122e6e4d6055c8,5,,,2018-01-19 00:00:00,2018-01-22 14:36:17
02fa1bb56130b4d267772bd4b6edcf09,9760a853206ee0cabbd18c7449b4edb2,3,,,2018-05-05 00:00:00,2018-05-11 13:03:34
032e8dd4ffd4874c9461b134ee52e340,e8a8221d81dec1257a582b21f3db43fd,5,,,2018-08-07 00:00:00,2018-08-08 13:03:15
0340049ad5abcf4d0f5ee2445ca09ce0,cc6c9b89f70b32d7fe075718e0fc58e7,1,,Até agora não recebi o produto ,2018-03-04 00:00:00,2018-03-06 18:26:55
0344ba0e0f69fc63d7c873b5b3b096c8,2e241dd7ebbf1f048d5e0783826066c0,5,,,2018-03-28 00:00:00,2018-03-29 10:52:00
034528cb00b6bc981847acafbdf2ae0b,3d3742a96f24a8fe4e2e57628807e476,1,,,2017-05-14 00:00:00,2017-05-15 02:17:38
034fff9d15616ad687256f58a057f4f4,dcec2b3be8c3d53056fe63381b2a6cfe,5,,Eficiente do pedido a entrega,2018-01-31 00:00:00,2018-02-01 17:08:48
035cdc5e7ad5192da517cd947ed17a98,355c14cca8fef764ee4faa28db69342f,5,Excelente Loja,,2018-08-21 00:00:00,2018-08-22 12:13:24
035e9d725bb3dc10ec4816644d305b9f,6e798bc06e940adb731741796285a267,4,,,2018-01-10 00:00:00,2018-01-10 19:29:23
0367049c3d7c8e08b9fade8d6ceac5f9,da44f554b7c4550b0d3cd650f132d1e1,5,,"produto entregue antes do prazo, adorei",2017-09-16 00:00:00,2017-09-18 18:12:53
036f7ae263c8b62f7f9d9f3055e79fd3,4505b87dc4843da73734e3e1a6537999,5,Otima,,2018-07-14 00:00:00,2018-07-16 14:18:31
03833b3a80353c3c27eda9d0da007881,8a3086454aae1719e85d336d067a66e1,1,,,2018-05-23 00:00:00,2018-05-25 21:39:49
038c0eb7e6a1a98949c1afa9cf1fea5d,e1bcc5095d07604629d0bce9477d77a9,5,,,2018-04-03 00:00:00,2018-04-05 18:15:32
03c012aa6f2cd09d6741429194d599e4,93f09cc1052604f96116493cbf93606b,5,,,2018-08-01 00:00:00,2018-08-04 13:33:46
03c07b37294e67770931d09992478ce6,9ca29d49222112b86ede739f9a9dfbeb,5,Perfeito!,O perfume é ótimo. O preço sem comparação. Podem comprar sem medo.,2018-07-31 00:00:00,2018-08-01 23:22:23
03f9dbb61a7b699fcc6b805507852f89,4de273e695a489841193c7a5bd6911cd,5,,,2017-10-21 00:00:00,2017-10-21 14:56:03
041f31fb77b4ccaf6ecdca38cb821b1d,ecdfdb87979ffaab7c1133bf18fdef83,3,,,2018-02-22 00:00:00,2018-02-27 12:15:39
042968610802d8fe0a66d3d33874b656,62005c92ae50253cbafc90c07cf33d2e,5,,,2018-08-25 00:00:00,2018-08-27 00:35:19
044509e7a03da1828b84a6bfea494708,5b1b26d3f1b67defc956d8ae1d95d407,3,,Excelente ,2018-05-25 00:00:00,2018-06-11 20:11:40
0451f9bf5286e1588b0f7475b6fe7488,f637db9f107a517712822ef3c44024aa,1,,Não recomendo a loja.,2018-04-12 00:00:00,2018-04-15 21:46:39
045b99ac220d573cf54962b20c5e14bf,79b5579acdaecb745610365f3f181fce,4,,,2018-02-12 00:00:00,2018-02-16 13:48:24
0467168471b4c9507db000c493744da5,16378369550d1c3b2b2d3c817db399c9,3,,Não tem botão para ajustar o volume.,2017-05-28 00:00:00,2017-05-31 01:15:12
0476add2f4fd59ac8ad9173a34ce3381,615ca9b2afeaf5644ae8cef64797132e,5,,,2017-08-15 00:00:00,2017-08-16 14:20:31
04774c7f89bbb960a1204b8b6aa608fc,a5f588c27a89f3717988ca093e02ba3d,1,,fui cobrado por um produto que nem entregue foi,2018-01-10 00:00:00,2018-01-10 11:59:05
0479eddd3cfbbe071acfc09a3d5cb5c6,0f4e0cf683934cf2cc6b45a24b386a14,5,,,2018-06-04 00:00:00,2018-06-06 16:17:20
047d6804d4f8ff12f5ccd283d5892bff,1e359230c99e4510d4ce63375b5c7f72,5,Bom,Chegou logo ,2018-08-23 00:00:00,2018-08-30 16:25:27
047fa317d535b4f1ac011e65e888ce06,cf5dc40ae925414c07d1a74645ced6c2,3,,,2018-07-14 00:00:00,2018-07-15 01:53:08
048857db60613f775dd445ef1b1c5d47,add756e3e5d6be09e93f4e5ca22d7b44,2,,,2018-06-15 00:00:00,2018-06-16 12:58:41
0499653320c1907687fd50e2d2d5dc15,7a76b222b6be79748cd291410b57c160,5,,,2018-05-16 00:00:00,2018-05-17 01:49:04
04c900db29776b7d2cea7662a78209a3,0bdb173bda4bf7e4109fe707c309252a,5,,,2017-12-10 00:00:00,2017-12-11 14:52:31
04cb49fc6ac8098485a39ad1619dc652,7de03e8d15c7de252f740627b5f666a0,5,,,2017-08-02 00:00:00,2017-08-07 10:53:21
04d0f503c2dc3bf3fd560264d1beecae,c37d7909bc3c1037311795c9056acfc6,5,,,2018-06-02 00:00:00,2018-06-05 03:49:39
04d945e95c788a3aa1ffbee42105637b,029863af4b968de1e5d6a82782e662f5,5,,,2017-07-14 00:00:00,2017-07-17 13:58:06
04f44ee8c9ef9db1586d597a2ce5f82d,c58f135d215cadb93a6648e61849ad15,5,,,2018-07-03 00:00:00,2018-07-04 11:19:22
0501dd5f64de5ff95898e31e6528319d,3d7b9f89c8227047efa43e1c557e0966,4,,,2018-08-18 00:00:00,2018-08-22 23:50:12
05130601a9feed6446bf9beae35df5fa,17e22ae34edbd170fcd2efe9e44f95bd,5,,,2018-05-12 00:00:00,2018-05-13 01:12:37
052db0a4a7ba50637d7ce36d25f87389,738a72a43a2a56d21dbe8874ffddd1af,5,,,2017-08-25 00:00:00,2017-08-26 01:31:19
0539fcc8646ad7eda65465dd34c1dbf8,d30cce68111e4c4fc146bab365116a17,5,,,2018-03-09 00:00:00,2018-03-13 19:35:05
055af3521085967bdcb374b80960429c,ecbdd603d8aaf9ee128285c94a390caa,3,,,2018-08-31 00:00:00,2018-09-02 21:38:39
055ffad5ccbd5ff430002ecd869bce7a,1782119bc21f8f920e4557c56091a68a,5,,,2018-07-06 00:00:00,2018-07-09 12:48:05
05a569ca3818c28876b07a5fe5ad8a08,b1c2e69c9063d5ab5c9fe9138ecb08e0,4,,,2018-02-15 00:00:00,2018-02-15 21:31:18
05abfe9b0d325e9312ec0aad5ab9f34c,620133b0b32ccf5727e6c53ba3b0fb75,5,,ótimo produto!,2018-07-29 00:00:00,2018-07-29 22:25:18
05bf30d315c3cd05bdd6d2c5fe6715ab,c23e9a555c327fa1d60893394aae9e9e,4,,,2018-04-04 00:00:00,2018-04-05 04:04:45
05c1a1a0050664a53d7d67b59e896a4d,cc7a01248e3779979631ce8dea5c8292,1,,"stark não é mais a mesma loja que era. Até o momento, a informação é DIFICULDADE NA ENTREGA. Gostaria de saber o que houve.",2018-03-23 00:00:00,2018-03-25 03:46:21
05cf7365c154e7e2e3229fa9776b5626,a9d6b730b2ad516caeb90d9fd52c7300,5,,"O produto é excelente, veio conforme a propaganda. A entrega foi super rápida, chegou bem antes do prazo determinado.",2017-08-08 00:00:00,2017-08-09 00:33:15
05ec104149c5c93a47b0c95ff44ec3f6,694b1193d18ad057554bf13679e6a0b8,4,,,2017-05-23 00:00:00,2017-05-26 11:05:08
05fdb66cf8febe02caefb202e6c05ac4,b855a375ca3b96e3b1a106c27e2d339f,5,,,2018-08-25 00:00:00,2018-08-27 22:18:32
06003a9e2ac756acdbcf30aa984b983e,bf0b6e46855aa361a0dab877c439ef93,3,,O produto é realmente queen serviu bem o tecido é bom mais é liso quem não gosta de escorregar um pouco não compre porém ele não sai do colchão.,2018-01-23 00:00:00,2018-01-25 22:41:06
06099a1414e41b3cedfad6f8a0f446e0,724d9ea2df2a8c8c93254d43a1016cb5,4,,,2018-08-24 00:00:00,2018-08-26 18:36:41
061a08afa5057258bc7aea4d6df157c2,748d3b50f6f4b32e9998bb62826d4812,1,,,2018-02-01 00:00:00,2018-02-02 06:55:16
061e54b7c4603e4a50e4e551906467b3,8ea18c94420645b8bd579dac65636c1d,5,,,2017-12-17 00:00:00,2017-12-17 21:47:29
061fb35b151486eb0aa0c9d8e25ce261,436a28a029a7c89474beca1de4f02a29,5,,facil de comprar sem burocracias muito bom,2018-04-12 00:00:00,2018-04-14 16:53:49
064332283c9fd9e556019a5ca95d13c4,9b73a14423c28802182017b0c3295a4f,5,Super recomendo,"Pontualidade chegou antes do prazo. 
Confiabilidade site seguro. 
Na escala de 01 a 05 nota máxima (***** 05). 
",2018-05-04 00:00:00,2018-05-05 15:19:53
064c2fb292f0632744c4db6e0f7ea9df,67ef896d205bafce2b0ce685b7173d43,5,,"Entrega super rápida, muito antes do previsto! Super recomendo!",2017-09-09 00:00:00,2017-09-10 01:32:32
065155598da4c0ccd43224da047ed988,6b11ad95451aed510a1ff12346de4a14,4,,,2018-01-25 00:00:00,2018-01-28 21:31:41
065853e63fe965368a1eb826b5aadda5,0759ac0ac1a0c11ab13fc66564f4e112,3,,Faltaram 2 jumps que até o momento não foram entregues.,2018-04-18 00:00:00,2018-04-19 12:33:26
066579e74864472d03f1d31ac249629d,1c6fa4d79455e9a037cc62611a4b4f6a,1,,Não sei porque as lojas insistem em mandar os produtos pelo correio! Todos atrasam.,2018-04-20 00:00:00,2018-04-20 09:09:02
06b62cdd57524fbab1e8c9f5d769768d,67b161a02da45b7148b386cd8e8a668f,1,,Comprei três produtos e recebi apenas 01. Não consigo contato com lannister via um atendente para explicar a situação. O valor já está sendo cobrado do meu cartão. Gostaria de uma solução.,2018-01-17 00:00:00,2018-01-19 09:28:00
06b68f8cf466620588f9c9cdfba773ac,b563e4c9abf7b930b4bad28a98c22670,4,,Quanto `à entrega do produto estou satisfeito. Estamos na expectativa pra ver se funciona conforme depoimentos. ,2017-11-08 00:00:00,2017-11-08 17:34:35
06b7014d19bfecd2b42ba7e87bd84019,b085981e816dad29812a8972f65d3fc9,5,,,2017-10-28 00:00:00,2017-10-28 21:58:31
06c5266e0230241682a9cd66f29d197a,23c7702588b2b08f1bf4fbdd15f19343,5,,Excelente atendimento recomendo e indico! ,2017-04-12 00:00:00,2017-04-13 21:15:22
06e3099b149d5b491721d31b96d42aa0,fd16cef57164811712478da2f5bf81a3,5,,,2018-02-01 00:00:00,2018-02-02 10:53:58
06eb17fd3e1c11929f0fdf971880193a,b9e60cfd587e2b40cf959a04023247a8,5,,,2018-02-10 00:00:00,2018-02-12 21:52:55
070b7a160179451a326f017a2c7866f8,f16010e0add047ba483e2b3eefa7c60e,1,,"Não foi colocado meu nome como destinatário e sim ?casa da mãe? os correios não quiseram me entregar. Foram varias tentativas, frustradas. ",2018-02-17 00:00:00,2018-02-17 13:06:42
071f7cab9336550be2ad501bd1091636,92b48ee2f99d597171a30fc4a45e81ad,5,,"Agradeço pelo atendimento e pela rápida entrega do produto.Assim continuarei a comprar mais ainda no portal das lannister, pois oferece preços e descontos acessíveis.",2017-05-12 00:00:00,2017-05-16 08:59:48
0721f8245be1ac3baca03ea24c5e0efd,c1ddb9a2ec3bae0156fed0df64910447,4,,,2018-03-29 00:00:00,2018-04-02 19:44:37
072da75a57961ee2ffc6ed7784ed54a6,ebea454f1c906682ce99e01f407a77b4,4,,,2018-06-21 00:00:00,2018-06-22 13:48:44
072f19355cc46435e4f1add4ae71774d,91a5fad6dc3c119cb3dcbc59f22b9f80,3,,boa,2018-02-08 00:00:00,2018-02-09 16:36:34
072fe258f7924366f44bdf3609c74cf5,82b0f8f974cc6e92e6bae6cd7714b712,3,,,2018-08-07 00:00:00,2018-08-07 18:46:30
072ff542e31d30dc5ab5ebe4c1da09be,7a502e545ea55a7ff2a035abd83c6d84,5,,,2017-04-04 00:00:00,2017-04-05 10:59:59
0733626310e0e09fa48b28a454ffa00a,faeeb4eb4150e4e1246627ee36ae6f60,5,,produto excelente,2018-03-30 00:00:00,2018-04-02 18:38:56
0735b219f9537d2fbc80cc75d12d7c56,2a7c1794496ea317e6f88363616ad9e2,2,,O produto era pra ser entregue até 23/01 e até o momento (03/02) ainda não recebi.,2018-02-03 00:00:00,2018-02-03 21:07:40
073c03acc59f9397980ef7748713179e,78e9bbe6fc21f7945284233b6be94154,5,,,2018-03-01 00:00:00,2018-03-02 07:55:34
075996ebab568617d390e34d8191d77b,a1c5606e8638ab41b56420e4c1f4bc21,1,NÃO RECOMENDO,"A EMPRESA RECEBEU O DINHEIRO, NÃO CUMPRIU O PRAZO, E ALEGOU QUE TEVE QUE CANCELAR A VENDA PORQUE NÃO TINHA O PRODUTO EM ESTOQUE. AGORA, VAMOS VER SER VAI DEVOLVER O DINHEIRO RECEBIDO.",2018-06-10 00:00:00,2018-06-11 11:54:16
07620ff09c460acaff8b2b8b8e1c4371,82a3a8f173b1bc8e3b7da00ce95509e0,1,,"Bom Dia peço por gentileza que seja, cancelado produto não chegou, e nenhum aviso de correios, tive que viajar, peco que seja cancelado e valor estornado.Desde já agradeço.
Liliane.",2017-12-19 00:00:00,2017-12-21 12:43:06
076814aa56b6120595b53a093cd0db55,80d25aa9f66c2d419bc422687bb41b85,5,,Recomendo,2018-04-11 00:00:00,2018-04-12 14:32:51
0780eea400c1cb80c0f3a07dadda0ce9,95442deb81a5d91c97c0df96b431634a,5,,,2018-07-27 00:00:00,2018-07-28 11:41:03
0786c820b492cc28936ebd7bb35dd396,2e9d5ee7d598619b69bba815527c91ed,3,,,2018-07-31 00:00:00,2018-08-03 01:37:55
079f3615120db7bc2be5e58f04e86d8c,5dee4f20dad15577d54e207b68b96be7,5,"9,5",#SempreÉbomMelhorar!!!!,2018-06-19 00:00:00,2018-06-19 23:36:07
07ab26407a07643aa51b8151ee47a05c,e1860ce96baa10d7f08d86aaf5927459,5,,,2018-05-12 00:00:00,2018-05-12 20:44:34
07baff5ff2bc9e35a498103833c4f957,aa70246e9f9947e5a9a5e69684afe114,5,,Recebi antes do prazo estipulado e superou as expectativas.,2017-08-29 00:00:00,2017-08-31 22:10:09
07f0a588033ee847b200054c4a05f7cf,d30daca327cb882c3ccccced457f69f8,5,Super recomendo,Material recebido dentro da data prevista.,2018-08-18 00:00:00,2018-08-18 23:06:26
07fd5a2a83da3a36d681696f31544b76,72e57d0b326731ddd25d0d44212a42cb,5,Entrega,"Gostei muito da minha balança digital 
",2018-08-29 00:00:00,2018-08-30 00:38:31
08017e1da2d288e235a66aa7662937d6,fb14d0b924669f4fedd4109bbbfbb736,5,,,2017-05-04 00:00:00,2017-05-05 01:07:56
080d4fd2a99b7dcb4a0dd83577c43df2,604e352bcd3bb9d8932aebf18bc2891d,1,,Fiz a compra no Black Friday com outros dois pedidos. Os outros dois chegaram na semana seguinte enquanto este não chegou até agora.,2017-12-16 00:00:00,2017-12-18 14:26:50
0816ed9e2dfbf75dbede67066bd91bee,db5e341b9a765a33fd41da0b3f0944dc,5,,ótimo produto,2018-02-23 00:00:00,2018-02-26 11:11:11
08185dc847f92f23a986bd3ae5265181,44a7a7517b62c54dff21797684d6425d,4,,Recomendo a todos,2017-09-28 00:00:00,2017-09-29 00:48:08
081e5bf242a51486d8b002593fbbed83,7a04f1c505fcb55b00384ea037f73f24,5,,,2018-08-16 00:00:00,2018-08-19 22:35:28
082c7cb2d5fd14af8f3088e6cff542cc,eb808f17e12419314395e5309b23258b,1,,,2017-12-02 00:00:00,2017-12-04 21:26:26
0860c33044549e03b2f45d348a92fba0,146bde81f92815f59ed9c7d44d8335cd,3,Demora na entrega,sei que isso é culpa do correios q é uma porcaria estatal do Brasil mas é a unica reclamação quanto ao produto tudo ok,2018-05-18 00:00:00,2018-05-20 18:11:24
08be7f8b77f47ecbf8d8dc8686e9eb10,e032067cbea43b5e3d9a4c1ebec40f3d,1,,Até o momento não tive nenhum retorno de uma satisfação pelo atraso na entrega.,2018-01-13 00:00:00,2018-01-13 12:42:30
08c75a83abc0ac9571b001a69fffef29,ac7d1a865466115f5fb92c5437caf6a7,5,,,2018-04-27 00:00:00,2018-04-28 03:29:20
08d38ca6ba537fb19826aa4829ec128c,da633678d6fbb684914e7ed5fe73c290,5,,Chegou antes do prazo e o produto era o que eu esperava. ,2018-02-10 00:00:00,2018-02-11 02:09:05
08eca8afce604a2e8673494e914b6501,81b1ecf11d38a0654a13192ce0fc2e5f,5,,,2017-12-08 00:00:00,2017-12-09 00:42:45
08f7a6425be09df32b0c16f54f35e514,5a082b558a3798d3e36d93bfa8ca1eae,5,,,2018-06-08 00:00:00,2018-06-10 06:32:55
08fa709d8c18d9f94525043ae6d21305,6026ab778a91a44d6099fd3734dfb44a,5,,,2017-11-29 00:00:00,2017-12-03 08:05:06
0918c1736b76ee4ec1bf36f430969922,fcab81c753507a9453c01a1b9e136d2f,5,,,2018-02-09 00:00:00,2018-02-11 23:59:59
0929579516178fa27d424aa42e467d65,e2e8773d11f4499f15349b8f613350a0,4,,,2017-03-08 00:00:00,2017-03-10 22:01:17
092f3d4531ae22f25f6b37e07dc0265c,c1efdd2d9175b13e263d77e6ff0803ff,5,,"Produto conforme descrito, entrega muito rápida.",2017-10-20 00:00:00,2017-10-21 13:51:44
09359f15483ff74b39b195e6863ce370,cd74303942bee59edc3379f0a6433c62,5,,foi rápido recomendo,2018-04-25 00:00:00,2018-04-30 22:11:11
093e023fe40dc062433c8e9fb8b7dc3f,b96cb3fd98ba13f5a573fc64dfe1ee10,1,,"Fiz o pedido de uma referência porém chegou outra.
Estou com dificuldade de resolver o problema.",2017-06-07 00:00:00,2017-06-07 21:42:55
094b5d5ffff5d37b6195b4674ac84362,b5359909123fa03c50bdb0cfed07f098,1,,o PRODUTO NÃO CHEGOU ATÉ HOJE.,2018-01-13 00:00:00,2018-01-14 23:15:02
0976ea0202dd103e807904c08bbb6201,ba1f4cf892df702e9b730cb54d9fb063,5,Super rercomendo,As Lojas lannister sempre entregam o produto corretamente e antes do prazo. ,2018-06-27 00:00:00,2018-06-30 12:14:06
0995b2c5bc7512db28825e7a736a0101,493d1ad7e1ae4e8a6733d84bc34c6b0c,4,Prazo de entrega ,Comprei o quadro na loja targaryen a entrega era de 7 a 9 dias úteis e foi entregue no terceiro dia útil após confirmação de pagamento. Recomendo pela rapidez e produto. ,2018-05-05 00:00:00,2018-05-06 03:17:39
09a5c3dfad7af2f1f6c8454edf20263f,0412356b9ae3ad8db617e892afb02204,5,,,2018-06-30 00:00:00,2018-07-01 03:01:16
09a7d44748c2856f30e170e336cf7416,f6e3e88cce05228735d1d123916961a8,5,,,2018-02-10 00:00:00,2018-02-12 22:57:30
09ae0dee34bc187e7919e0df344f7210,8b57c0e23a2516e0b9a5259c83fc0883,5,,A mochila não é de um material e acabamento de primeira. Mas é um bom custo benefício.,2018-03-16 00:00:00,2018-03-19 14:39:18
09de73e3b590b5d7e834a706d5f88b81,8aa5449c8eaae72c25e792d938fad002,5,,"Produto veio certinho, entrega até antes do prazo, ameiii ",2017-11-29 00:00:00,2017-11-29 22:20:33
09ec8498f24d73aeedf09dacd0178ab7,5ee9f6eb126b4f5f10e3176c461848f9,5,,,2018-03-24 00:00:00,2018-03-24 23:54:31
09f1283af215bb5fba18baf38ac58421,adfb9e0fb02034c05e4cdf3395bba600,2,,,2018-06-17 00:00:00,2018-06-18 14:29:42
09fb494532e46016f350f46745e8e416,cb9f1593718b376b364bf688ce11d3b6,3,,,2018-03-21 00:00:00,2018-03-26 10:15:07
0a1c15f3a0f9bf36616c5040f6bbd160,39ff1e358efa92ceae42de6d5f9d37cf,5,,"Entrega antes do prazo, mesinha muito bonita.
",2017-12-22 00:00:00,2017-12-22 20:28:14
0a1dd483e29a98d32024ad2573408405,f7c60481e9597efaf926c7fd126b2483,5,,,2017-05-26 00:00:00,2017-05-27 13:20:01
0a2014da37bc871a2b42b5443bbae1e8,5dd074a5f6674685cfe723e7854c0b73,5,,,2018-08-15 00:00:00,2018-08-16 11:22:41
0a3f9cd8fcb5e959fd83afb3b592ea5e,3ee6a5145ccf8837184fe98c491e232c,4,,,2017-12-09 00:00:00,2017-12-09 23:16:49
0a45fd243a38a058dec721da94f27eb5,f6f20338750875ffa91d23d6d6ff4fb2,5,,,2017-12-15 00:00:00,2017-12-17 21:24:41
0a468b99e747408b6770b49dfb5506d5,173e03e3afede01446cd36851e3173dc,5,,,2018-06-07 00:00:00,2018-06-07 18:54:01
0a5b4a9431e7c7fc29d05c87d29466c9,fb4717856a1a4e0a10b9230a1f4b7e51,4,,,2018-08-17 00:00:00,2018-08-17 22:07:45
0a6039594371936f3bcbb057d088a13b,19ef6de262591218648e1765adedad1b,5,,,2018-01-24 00:00:00,2018-01-26 11:44:21
0a62734233c1c3bf9228b1e0a221ae2a,316f3f2ab44e5ee70b0d45afcc087e81,5,,Gostei muito boa,2017-12-05 00:00:00,2017-12-06 09:46:00
0a62c5f328edd8559588d97202158363,cee3292f46ede6ea1dfabfcb200fcf47,5,,,2018-07-07 00:00:00,2018-07-08 14:18:09
0a6eb3627a2bcba5d6690b2cd10641c0,f24cd74db6ccacf156b3f8061a765a38,5,,,2018-06-26 00:00:00,2018-06-29 14:11:34
0a736b8880941eaa3254b52f7fc27243,dbdf0c5c635838a46d0034dce3dc646e,5,,Gosto muito de fazer compras c vcs,2017-12-23 00:00:00,2017-12-24 16:44:52
0a787db36134f23df956e82a4a160172,9d1780c1dba60f1e3fc99e1072979110,5,,O produto foi entregue dentro do prazo; produtos funcionando perfeitamente... nada a reclamar.,2018-03-29 00:00:00,2018-03-31 11:02:53
0a85de467d48fa1566e0fd25c0175784,970390fb495e959776145e1bfe58de8a,5,,,2017-08-02 00:00:00,2017-08-05 01:20:01
0a8cd6d0d5928d59aaba0c0bb90e0167,9de125e032c8c74ccbcf9a5b7a3b4faa,5,,,2018-02-16 00:00:00,2018-02-19 19:03:22
0a8d7bb2a6702bf5b6b77bc4441ec01d,315ee1669de8cbcaca403bb9c0f2e228,5,super recomendo,foi entregue muito antes do prazo e produto muito bom,2018-06-21 00:00:00,2018-06-25 10:11:29
0a9d943bb061d061762891952d53481f,811155730c44e9b55e98d5bfc5e521d7,4,,Produto bom. A torneira só é alta demais.,2017-03-09 00:00:00,2017-03-11 15:22:29
0af1799d44acdab2b28a034916396066,4d38bf00b95dbf4dcf2820177584ade9,1,,Não entregou no prazo por isso a avaliação ruim. Ainda não recebi o produto ,2018-03-17 00:00:00,2018-03-18 01:58:03
0b0ca4f11d05bf594351eba7b411ac18,8b88af6ab4bcba779184de098d66c9e7,5,,,2017-06-07 00:00:00,2017-06-07 18:33:21
0b223b1f6eb7e6eb67b2ec1427e8aed4,ec0a4a160c4311f1a8c9d4d79872de75,4,,,2017-08-12 00:00:00,2017-08-13 13:15:59
0b2542d2935be3a6e264a4bcbbdfc18f,67773c483666d5120da1ff6188d8a00a,5,,,2017-11-11 00:00:00,2017-11-14 11:45:28
0b28e74bcfe3e6d27e0f38401196f2f5,54c4c0c7e9a1d272defcf15ea985bef7,5,,,2017-12-12 00:00:00,2017-12-13 01:08:31
0b299a053a5778f3caea72bfc3560561,7ab31af36d3bbf466b048fe0e1dd0dde,5,,Excelente ,2018-03-17 00:00:00,2018-03-18 14:16:57
0b51553f3cd2e9606b9c0f25667dc5bb,095e9e0811476409362d72fa70d73a6c,5,,,2018-03-15 00:00:00,2018-03-15 11:00:21
0b52817e39a466313e7ec714dce6f74c,7cb5fd41ca3412b19772e1cbfd716952,5,,,2017-12-19 00:00:00,2017-12-20 06:04:15
0b5d1e50446ea06562ff25fbba6e740f,43e6d698fe37c6ba287d6b20d552a8aa,5,,Ótima ,2017-07-21 00:00:00,2017-07-24 10:02:17
0b89db97b78e8a32cf537f263f4aeb65,bfcec6fcc6a68c5505537bb8a0a38039,1,,"Não cumpre o prazo de entrega,até agora não recebi o meu produto.",2018-04-08 00:00:00,2018-04-08 12:20:23
0b9af3c12843b743f612ca8abbc33e83,37732eb932f8b2b2b3d7cef77833eec1,5,,,2017-11-02 00:00:00,2017-11-02 22:36:20
0bb58123f6605ed5187c4ea975c1cb53,3cda6f52ca254406b2c0ce1ae433a481,5,,,2018-02-20 00:00:00,2018-02-23 11:13:08
0bc5e569d0c9315ba863ce8d23c1413a,94205d5566885abf3cb4da408bdb1ae9,3,,,2018-07-27 00:00:00,2018-07-31 18:50:43
0bd1928507f0ff11c6f626189e18331c,ddc75e18227aa517946c2239d18d1300,5,,"Excelente produto, chegou antes do previsto. Satisfeita com o produto! ",2018-08-03 00:00:00,2018-08-04 01:00:44
0bdee3d7f402f459fd2bbd8dd3853b3f,ddcf5361d96d9fccf2ad351bfb96a58f,5,,,2017-03-31 00:00:00,2017-04-05 18:12:27
0bea93b9311cc3f91e9c6ec20a6c0e28,4baa890f39672eca09e8d4cf0ffdd4d5,5,,otimo,2017-07-15 00:00:00,2017-07-18 20:23:37
0bf31e7eb0c399d4d492a54f81aca72b,db19ee032409eb975bc529b906bb8298,4,Recomendo.,"Entrega dentro do prazo, produto atendeu minhas expectativas. Recomendo.",2018-07-31 00:00:00,2018-07-31 23:07:34
0bff53c1cb1a70f97891b10ed11d7a28,6471b260244ab316f8331321d689aff8,4,,Amei o tapete muito lindo ,2017-10-06 00:00:00,2017-10-12 01:01:32
0c16080193a563918ba9957c1b676830,ae443cb420061bab1f2c5e3ad279fde8,1,,produto nao veio nem nota foi emitida,2018-03-30 00:00:00,2018-03-30 08:12:41
0c1d23b6a71dfbc102a2a13773b05063,a14a2e543b33add9891cabe38fd844c8,5,,,2018-05-11 00:00:00,2018-05-24 01:18:36
0c259ddaf60f77c9a9d5850553a04dba,4c217e3cc24f803307dea7d619377def,5,,,2018-08-27 00:00:00,2018-08-27 17:25:50
0c41bf900f6b1a96a82f4e02842ce002,cd076ae3646af3e93e3deb91b8454c6e,5,,,2017-12-30 00:00:00,2018-01-09 03:17:25
0c4d9a287d6c23f6656610aa458c044a,81a9ef6a0791099bb5859d0104f94dc9,5,100% ,Chegou bem antes da previsão de entrega.,2018-06-07 00:00:00,2018-06-08 01:22:57
0c6d9507e890c45863dc850b8c7008e7,9e1c6d5149a241963c2e3a2ddaba98a1,5,,,2018-06-15 00:00:00,2018-06-16 16:21:41
0c704fdd885902ea29eb9246244a4d7e,cd6764d145d06aa99b4d3e54afe203b6,4,,,2018-04-04 00:00:00,2018-04-17 04:07:31
0c710fecdb0940e306ce97c05644d2a7,14f70953c10e4a130a66e0fb1f039c67,5,,,2018-06-16 00:00:00,2018-06-18 23:41:20
0c712c07fe869abc7345e659f871977a,37032037a9594be86de78211bab2e548,1,,"Comprei 2 travesseiros e recebi apenas 1.
Estou aguardando receber o outro.
Favor verificar o que aconteceu ",2018-03-21 00:00:00,2018-03-22 13:17:24
0c719706f1b0bd7557202da8a3bebb62,4493e45e7ca1084efcd38ddebf174dda,3,,,2017-08-15 00:00:00,2017-08-16 12:05:43
0c7b9653166d2a9a1a2be5d538e4c065,2af07ef80eaeea49803f4f6a3dd99280,5,,,2018-02-15 00:00:00,2018-02-15 23:57:35
0c7c0bd7ca380621cc4c60f71980becf,9365c8c75027cd5e429a9355f1e088b8,3,,,2017-11-30 00:00:00,2017-11-30 15:20:17
0c99dce4265ddf38458ded74b133528b,62628ad72362122adab99bbe834e0d25,5,,"Muito bom, confiável,nos deixa seguro quanto a compra e nos fornece informações sobre o produto e seu destino até chegar ao consumidor.",2018-01-05 00:00:00,2018-01-06 03:51:01
0c9b49996ebf383d2054271313c2ee81,436a9aef30267664e39faf27982b0921,1,Sem comentários,Sem comentários,2018-07-07 00:00:00,2018-07-09 04:53:08
0c9d56ef28f0166d43f06f3b5e72983e,f53c55d69ec100514da4915a8a3d72b2,5,,,2017-11-07 00:00:00,2017-11-07 18:26:57
0cbd2b0e4ed6ba97c357a70ae09885be,b153954b30a6a686b88cf18a599b4382,5,Tudo certo!,Deu tudo certo! ,2018-06-19 00:00:00,2018-06-19 21:50:21
0cc5b39568b35fbd63564b1507e438cb,23a868333bc15837fc68d57a8287bf06,5,,,2018-08-15 00:00:00,2018-08-15 21:29:25
0cc7b6084d6ce3467d0041bba3a425cc,4460d444aff619a6e34f6080d64a3e73,5,,,2018-04-07 00:00:00,2018-04-09 14:55:28
0ccb35b372d5c137ebd2bd7d41321bf7,4ecb7b84b78466108b99fb193e6898d5,5,parabens,sempre bom o tipo de competência que vos apresenta aos clientes ,2018-06-10 00:00:00,2018-06-11 15:50:22
0ccf336f6c1a97b38c0740cce2201692,3a5c53b7345f82b31c0d656d63f3b8fb,4,frete,"Não aceito, esse valores de frete alto ",2018-08-14 00:00:00,2018-08-14 22:40:42
0cd427e62a9a2bdd5fa741620f2c8ea2,b52ea8d12cbdea8a6b2be328a2e8ae55,4,,,2018-01-04 00:00:00,2018-01-05 11:12:37
0cdaafa1452a81d9269dd4feaee517b0,ceecac582f10037ad46fd4fdc529e0f7,1,,comprei mesa pra notebook com ordinhas e veio mesa infantil totalmente diferente quero meu produto correto,2018-03-10 00:00:00,2018-03-11 10:15:33
0cecf30636500ace85987a00d2c3a08a,9abcdeded6b253b59272fb76b83b1f6a,5,,,2017-04-04 00:00:00,2017-04-08 04:05:05
0cefe73b3684a069b4f9e9ec1628cfae,9621eafd687a505c4f065d9181331a48,5,,,2017-09-28 00:00:00,2017-09-28 21:04:47
0d0cbf534adadd194f2b747effc6315e,3158067c30c82428202611ba4ee5d977,3,,,2017-11-27 00:00:00,2017-11-28 22:49:30
0d1f3f1e89cd4d9e26f1515e4b134678,e78ce48c9cd4e84041cfe6bed8be2000,5,,,2018-04-13 00:00:00,2018-04-14 01:46:23
0d2984677e1d280fca26d6d256f17054,ab9de67666ec95b75b273e2905fc7844,5,,,2018-03-23 00:00:00,2018-03-24 17:22:49
0d2d95242d29a4db6aecc61a1b000cb9,1dbaa81e10d320cf7b6278931481e284,5,,,2017-07-08 00:00:00,2017-07-08 23:25:31
0d322bcc61875aa8332aa2c4b85d7704,fbe61ad65fab58d509a6785653636a57,2,,Produto de baixa qualidade.,2017-07-15 00:00:00,2017-07-15 19:32:14
0d3c88cdbd19ca996d67cfd31706dd34,b34ca5020c5aff14fad4fd0899fb1cfa,5,,,2018-03-30 00:00:00,2018-04-02 00:02:07
0d4624aeec343d4705de79d3b9db6da0,725bc6e0462790b11f170e3729723857,5,,,2018-08-25 00:00:00,2018-08-28 11:59:02
0d592da0b11f266efd97a16956ff6417,e58b8168894c93cf61d36c90775acd85,1,,"compra efetuada,debito autorizado ,pedido cancelado sem explicações.Extrema falta de respeito e consideração com os clientes.",2017-03-24 00:00:00,2017-03-26 01:16:50
0d5b0021c003be958b95cdc87feb10ec,04bef466ed85bb9eca9a6165d765574c,4,,,2018-02-24 00:00:00,2018-02-25 14:04:59
0d77875d3127575fcd7a91e3c38dc953,acf02c5ab56a3df0a845ccd5cec4e057,5,,Mochila perfeita e bem embalada de boa qualidade,2018-01-16 00:00:00,2018-01-17 05:33:41
0d7b09483bae0a9608b862e5f12cfaf8,24950e3fcd92f8ec85a91644c7252eb9,5,,,2018-05-03 00:00:00,2018-05-04 12:59:10
0d83bfbb6bae15538fd48a47d5afdc8f,893164a028d4c803fb8a597327b48488,1,,"Conforme foto do produto, comprei um frasco com 120 cápsulas, mas foi-me entregue somente um frasco com 60 cápsulas.",2018-01-24 00:00:00,2018-01-25 02:11:14
0d8b0fcefdfd6f8f13af982ade4e6c3f,b74092206cd29b62907516d95e927fd6,5,Recomendo,"Entregue antes do tempo previsto, o produto tem uma boa qualidade.",2018-08-26 00:00:00,2018-08-26 21:50:44
0d935d60ee3078fcce9bbb9e9e441318,e34b841641aa07f65aedb6b71194a2e2,4,,,2018-04-20 00:00:00,2018-04-21 11:57:24
0dacee6b8a77949ed5b81be3bcd4b39c,65d1d79da8ac06fa5c6a8af4387d2079,5,,"Entrega rapida mesmo para interior, produto correto e de qualidade. Recomendo",2017-06-29 00:00:00,2017-06-30 11:32:43
0dd97a5e0c0a621b980dd2f05e8b927b,1cfee098c50b9fe736b638203f7077df,4,,,2018-04-17 00:00:00,2018-04-20 11:49:23
0dee09609d0ae0c0fa6fc52f0fabdb56,9f26e4473c7822a5f7b02dd62ea0519c,5,,,2017-11-22 00:00:00,2017-11-25 00:52:18
0df1f72fea4dc90f8a8805466091d54a,509952a95c250007c345b4b929663dc6,4,,,2017-07-13 00:00:00,2017-07-17 12:47:52
0e181e33a33d73286c94edf47cc80465,02ebcb8b63b7e61be9514866e432d1d8,4,,,2018-02-06 00:00:00,2018-02-07 00:51:25
0e1a29b767e9cf1c3d527b791d29a562,4c39d4875d185d6e0e8748fab228a0da,5,,,2018-02-01 00:00:00,2018-02-04 14:16:03
0e1e65e053720bf286159a05d0e7d0da,9f754867538f26f99df2027b4a154740,5,,Chego muito antes do prazo. Produto muito bem embalado e de ótima qualidade ,2017-05-11 00:00:00,2017-05-12 05:50:29
0e27eba616cd53f8cc8a4e2005410399,f849a31dd0dcf26a9af068f40ab197a8,5,,,2017-05-06 00:00:00,2017-05-07 13:02:24
0e30e365a99555a4062c214b901f0001,a61379db8a77b3c23fd2f0f60a5bd564,3,,"Empresa entregou meu pedido muito antes do prazo previsto, excelente, porém infelizmente um dos produtos chegou faltando uma parte. Estou aguardando retorno da loja sobre o assunto.",2018-02-09 00:00:00,2018-02-10 16:11:49
0e32f79dfddabc641d32f38a8d97fdb0,4a4ed9ed7922304a569ed850baba99c6,5,,"O produto de ótima qualidade, chegou embaladinho pra presente, lindo, lindo!!!",2018-03-24 00:00:00,2018-03-27 20:18:27
0e499defb513e624c026230c2e88c684,79177aaac7c3c0dd8e8a84db027512a4,5,,,2017-10-24 00:00:00,2017-10-27 13:30:58
0e58a53b2fd4c5c97cbfcda639055e66,ab87dc5a5f1856a10640d5f42e4c2fd9,5,,,2018-06-12 00:00:00,2018-06-13 01:09:08
0e5a69f8a497322569b68988b001b1d6,c2e07c679e4ecc1a5d27c0435e6c8425,4,,"Amei os potes, recebi super rápido, veio bem antes do prazo. Só que um deles veio faltando um pouco de pintura, mas no geral está ótimos",2017-12-10 00:00:00,2017-12-10 18:04:16
0e5d41cb0220f9cf9eaf96d41d109ed2,58f999d3fc97ccaa6ce17d0488658cb5,5,,,2018-06-23 00:00:00,2018-06-25 11:55:37
0e723a750c71d2993870ad155eab7894,3e1088f1c96e2b55ef9a070866bd1f1e,5,,,2018-07-25 00:00:00,2018-07-27 19:06:19
0e7ca1bf217d2d23fd0f969a571efca8,ab5ff0fcd7789a6b96e8f90c47e0ccc9,4,,,2017-04-20 00:00:00,2017-04-24 11:42:58
0e8c8daeec85491bdd5d42f72d02bd15,ab0bb51a710692e96d316072209e1c75,4,,"Ok, entregue correto e no prazo.",2018-04-04 00:00:00,2018-04-04 20:45:50
0e90fe3c9e655c9df2d41c54fb20ead8,d346a1af31b9f42d7244edcba34fe990,5,,,2018-04-27 00:00:00,2018-04-30 01:41:15
0ea9beb98a82c5c3daac740df433cb98,c1f68a068a1e19a39e7f22734b58cca3,5,,De acordo com anúncio ótimo tecido comprarei novamente ,2018-01-06 00:00:00,2018-01-07 13:58:22
0eb9eab72e3b906e1b5dce9cf8fd2297,72f13434d0258f5c25927d2b4d5b2c1e,5,,Acho uma loja super competente no que faz.,2017-07-14 00:00:00,2017-07-16 20:03:34
0ee411952019a5db7430c2ea2e51596f,d49132be94be94057aadb0fdd665943b,4,,Produto como na descrição. Mas demorou muito pra chegar.,2018-02-24 00:00:00,2018-02-26 11:00:07
0ef03983202ffd777a63d334a5e9926b,69480e1078841dadad7c1daa54407ad6,3,,,2017-06-28 00:00:00,2017-07-04 13:50:09
0f0291441357f1ab9c9e64fbc0a58743,332a6f392ac92a529c0b2a059b959913,5,,loja muito eficiente produto com boa qualidade ,2017-03-29 00:00:00,2017-03-30 01:41:48
0f0bb6093bd30d288f2162c6002a3ee2,1b0c7ed83d9a4480ab15d766b446efd9,5,,,2018-01-14 00:00:00,2018-01-14 17:15:22
0f36bffc2db642b888e7e9b9d4c857fd,9edbcf5056f3301b0fcaf1dfe914873c,2,,"A entrega teve 3 dias de atraso conforme a previsão. Não recomendaria porque o pedido foi feito dia 21/12/2017 e só recebi dia 20/01/2018, ou seja, 30 dias. Acho que a espera foi muito longa.",2018-01-18 00:00:00,2018-01-20 22:30:56
0f4281a1a68ec1ce8b18d8196fe7c511,ddb9e8975cd9123fd5336811c747faa2,3,,mais uma ves parabens a lojas americana ea targaryen pelo compromiso com o criente.obrigado ate a proxima,2018-03-16 00:00:00,2018-03-16 17:29:49
0f43000937de98ed228fa99aa707c7da,18ffbbb8c91cb6fbacf944eea0d51552,5,,Ótimo,2018-01-06 00:00:00,2018-01-07 00:34:56
0f4edd2e0772a64d965aa7f799addbd0,fe95adc34996ff34a9e162373c058584,5,Ótimo ,Estou satisfeito com a compra,2018-05-22 00:00:00,2018-05-23 12:36:19
0f5f44d33ec44594be4bfc882df31ce9,1446ae966d68c3abad1ca3a3ce58033e,4,OK,OK,2018-05-22 00:00:00,2018-05-25 14:19:16
0f5ff38ee706d02b65a73c4cdb719488,c93b7187ba63d7094c9ca0ad7c094f0c,4,,,2018-03-08 00:00:00,2018-03-09 00:20:26
0f62d15304236f1c92e2ac75c084384e,911a1415223d88db2cb3009539457465,5,,Entregue antes do prazo e fiquei satisfeito com o produto,2017-11-23 00:00:00,2017-11-26 08:57:09
0f642683241a6b084e3b80107f1a1d7d,236000cc7c90d723a7db9afa31f73e72,5,,,2018-02-05 00:00:00,2018-02-05 17:43:40
0f7468280f650899160a021ea0c81968,357f073c68543005a0065892f53ae4f4,5,,,2018-08-01 00:00:00,2018-08-01 16:13:25
0f796638e2113acc489d81f731762113,4ff17917a5050a11678d9af3fb12ef57,5,,satisfeito com a compra indico,2017-06-26 00:00:00,2017-06-26 19:16:21
0f8903d79962cb8120c702d47a3f16f6,6b07198fae1bb61de16e845a92fc876f,5,,,2017-02-18 00:00:00,2017-02-20 19:32:54
0f91970446936b133442252c739a5b1a,8baa038ccba688e5d3c2d087d7ac5ca2,5,,,2017-05-10 00:00:00,2017-05-11 09:37:32
0f9c787b7bc2ace9781c2b2748b52740,e03f2a110a3c771d1e0e126f139503d9,2,,,2018-01-30 00:00:00,2018-01-31 13:20:31
0fa224dcc65130c62452c9d7c4233808,b93753633fb990e3c74dc9474c9d9e53,1,Pessimo atendimento,O objeto comprado nao foi entregue a venda cancelada e em nenhum momento o vendedor entrou em contato comigo para me informar ,2018-05-25 00:00:00,2018-05-25 07:35:09
0fa4bdfda9cf1df9407f1f07b530ce45,eb8f4a89b1e0d647cd917487b06bed58,4,,,2017-08-26 00:00:00,2017-08-30 01:10:19
0fad728a319702a573647ea639ee9bec,402aa244b88b67e5cc97b78f03488534,5,,,2018-06-19 00:00:00,2018-06-26 11:27:07
0fb5fcd4d95587932792f6bd2663522a,741a088353f3774474ff3b2d7da8f0de,4,,Recomendo o produto!,2017-05-17 00:00:00,2017-05-21 07:25:01
0fbd12965d6af21fee1f471bdb7e19c1,983de0fdf98ff06d6cf1c379f7540f7f,5,,,2018-07-03 00:00:00,2018-07-03 19:27:36
0fc930b7f23a4a925951e1cbf12b4b8d,12c52aeb1dba3fcbef2e36accacca1e4,5,,Loja super responsável e correta recomendo ,2018-02-23 00:00:00,2018-03-08 18:04:35
0fd1737c57263f367da8c6ef9a3e9825,2581504c87d229321f70e6850d332196,5,,"Não testei o produto ainda, mas é bem consistente. Também é muito pequeno ",2017-09-29 00:00:00,2017-09-30 01:02:14
0fd331effb53a30677c5046c25f77854,bfead39f96afa0a674110835b6677095,1,,"A targaryen para entrega de bijuterias e relógios foi perfeita, mas este papel não. ",2017-11-07 00:00:00,2017-11-07 14:40:37
0fd73b08bc84ab1926b81c70865c2433,98ff4145b11d1c215563ee9ca819f5da,4,,,2018-03-20 00:00:00,2018-03-23 19:28:42
0fdadfc6a5429fe3a0355fadaf691cea,a8dca6a1942e9103b78f5aea8b50a884,2,,,2017-12-17 00:00:00,2017-12-19 09:49:09
0fe67867bf35aaa40a930b16b5f2a782,37a5204a049f51a78d2a3b22a808a779,5,Cesto ,Adorei ,2018-05-13 00:00:00,2018-05-13 20:00:48
0fe791b104cddd60d8016e65a51f5f49,bbe02deb41e96f666660dede6c816276,5,,"Apesar da mercadoria nao ter sido recebida, eles entraram em contato comigo e vao fazer a entrega no correios.",2017-05-04 00:00:00,2017-05-05 13:02:00
1000b06b693c0ad5e58997c221faab94,5d2ff43aa9d044bfeee7a47f21b05f8e,5,,,2018-06-14 00:00:00,2018-06-14 20:55:27
10112e1bb9c9eb56e228fbacb2061d6c,29921b6b001ba493f381f3f1d396af16,5,Super recomendo!,Produto entregue dois dias após a compra. Empresa parceira extremamente eficiente!,2018-05-15 00:00:00,2018-05-15 21:36:58
1018d7a808dad427b1402f6cd35d60ca,de02851d6bdb931fe9bc90c4f92648b9,5,,"Produto bom e barato, muito satisfeito!!!",2017-10-31 00:00:00,2017-11-05 14:32:01
101b5be953b8f481967df4b9b9b8b5c4,767dd7bdeb5f5d8f1840145a3e898bc2,4,,,2018-05-31 00:00:00,2018-05-31 22:19:33
1021c6eec57496467a7e224c09feef8b,4ac8967b6c44825655969aa13a7e6213,3,,,2018-01-16 00:00:00,2018-01-19 09:14:35
1058e995a9dd28f58bff16e0ff114417,011abf147a69ba486bae3a74b6cd1814,5,,,2017-05-23 00:00:00,2017-05-23 23:22:16
105a6cb36daf2821a597eff1def9d384,b0cd372b41f6018f304af6f43ae39a23,4,,O produto chegou dentro do prazo.,2017-12-17 00:00:00,2017-12-19 15:08:56
106b3da06e6bf1908e8a156ea85fca68,4207ad8e0e4e4070f271c930d25f72d7,1,,"Gostei do produto, porém entregaram apenas 1 unidade, faltou uma unidade do produto, algo aconteceu durante na entrega",2017-10-24 00:00:00,2017-10-24 22:06:22
107663364db4b6650853a900d4d65a50,7eb2b4aee9ff7ba835df2aed76fb9c4b,3,,,2018-01-30 00:00:00,2018-02-05 22:10:38
1089aed9093fac9ffa47b4d57e970c77,79e843f791612177a6bb9f948f96f904,5,Excelente compra.,Site idôneo.,2018-06-21 00:00:00,2018-06-21 23:22:30
10a9897ae7f37e304350c4db0e7c2d03,4e790ef1ee5dca2f0de38704d806e45d,5,Sem problemas ,A primeira vez que eu comprei via internet e aprovei. Eu não acreditava em compra pela internet hoje eu recomendo ,2018-07-12 00:00:00,2018-07-15 21:13:30
10b7f9f33fff28dee9f403856964aa4a,a109b4732228abd28233fc31ca544cac,5,,,2018-08-18 00:00:00,2018-08-19 01:13:45
10cd0e2607d4c26bdda44e0603103bd6,e4c35e0087c99d3416b1d90566f28e3f,4,recomendo,"Produto entregue antes do prazo, satisfeita com a compra.",2018-05-24 00:00:00,2018-05-24 11:38:51
10d180113e55838dca1365b09198e4c5,b0ff8ff92f8d916fa2e8005cd8e1a135,4,,,2017-11-25 00:00:00,2017-11-27 11:56:36
10d2b9b37e7adb0bf8655c2337531246,ec74f95e952a1019fb566fe39c383dfe,1,,"O prazo de entrega era até o dia 16/03 e ainda não recebi, comprei para dar de presente esperando que chegasse até o dia do prazo e não foi o que aconteceu. ",2018-03-18 00:00:00,2018-03-19 16:40:39
10e58b7baf53a6d4d12a3bc41fbe471c,8135d95a571b0c0529ad5624a7f72ddc,5,Recomento,"Minha namorado gostou demais, leve e bonito e fácil de ajustar.",2018-07-04 00:00:00,2018-07-09 18:36:40
10e6b23d40ef1b4312de86337f6dd109,e21fd08d7e36f975120cb6392ee71ad7,5,,,2017-07-12 00:00:00,2017-07-12 23:23:01
10eefca3fa844031991477a9cafb1aae,82330e7226e957715bc2f39fde738f6b,4,,,2018-05-03 00:00:00,2018-05-07 03:31:07
10f5017461bd08fb2a80f494c2d9f9fb,de5c0320a3acd9bb7b5acc242d51d54d,3,,,2017-11-29 00:00:00,2017-12-13 12:21:50
1103361e4baadb518953bd3d2bbcf9d2,1bfc798ddb9dadbccfa5ae581d9919ec,5,,,2018-04-20 00:00:00,2018-04-20 13:16:58
11035c291815369935da0da0737aab10,a7586f18de9c78a682d841ea07939673,1,,,2017-12-18 00:00:00,2017-12-18 19:07:27
111b3b2f285fe265546e6cc2a44e78ae,6cc170c0199d6d09ed3ae398bbfe01af,5,Ótimo ,Chegou tudo certo um ótimo trabalho ,2018-08-03 00:00:00,2018-08-06 18:52:02
113f380ea267cbfb9a7b75b0828d02e8,256d7c10e54af14e81340da966349b3f,5,bom ,super recomendo produto correto,2018-05-22 00:00:00,2018-05-25 10:11:52
1141a3bd3af73ef3a4368d68cbae04f0,a7dde6878527f0d1731d370978ba2849,5,,Ótimo produto,2017-09-20 00:00:00,2017-09-22 00:12:45
114e6ea938cd9d025783c811d8520f90,c45408df26d1ce2b64518a9a9d65fd04,5,,,2018-08-23 00:00:00,2018-08-24 19:26:53
114f5e60eb268f26dd837aed30ab555d,c4b2b908aab6585b6a3147ac72952242,3,,,2018-08-25 00:00:00,2018-08-27 11:30:01
11624812b52071f1c249cfa495275d79,6fa3706fe8cb643a03e2c14e2ecd8799,5,,,2017-07-12 00:00:00,2017-07-12 19:36:58
11641e924862c4731a71392ae6e9b48c,b64c467f4c3c4270ca94367a26503be2,5,,,2017-12-11 00:00:00,2017-12-11 14:29:22
1177d1dabd7701867a15a64b30e4c402,ec1ca92aa0c364b34658f56d01e48691,5,,"Ele é maravilhoso, muito bonito, amei <3",2017-12-23 00:00:00,2017-12-28 09:20:26
1183a0f88915c6aa2e65ca4ed8d105b8,01be661b8196707ef60f062632d6d1bd,5,,,2017-05-24 00:00:00,2017-05-29 16:05:55
1187c45277498fb8f5af117266d11d73,4030d047c111d2d8a990c6ccfd9e4081,3,,,2017-06-27 00:00:00,2017-06-27 23:43:23
119b8450f100c4eb8ca18a1d38416199,210bc4b9c2323ee8e4e138be5ba0a9ef,4,,,2017-12-19 00:00:00,2017-12-20 09:39:12
11a4141047098ca8879a6fcba72869d6,387620ec766797a584b7e92a41daad5f,5,,,2017-08-30 00:00:00,2017-09-04 20:58:30
11b501537e4927eec81488bec55ddd17,008eaf9004164883520d0bd32b107261,5,,foi otimo,2017-07-22 00:00:00,2017-07-25 20:29:03
11bc4fb84ccd02d4d7874c750cae45b0,a138937aa3e8370a29b43014b9dac5ea,5,,,2017-12-06 00:00:00,2017-12-07 11:05:14
11ca35863e90b98a94a5a1dc489712e2,ee8c69ed1b1fe27af62030f079d647c2,5,,"Funcionou muito bem em minha TV, entrega antes do prazo!",2018-02-07 00:00:00,2018-02-14 14:09:33
11d5fe6e2087fe51dde5b633725e8f33,e3a641fa10d7f975e743158d69c10ddd,1,,"novamente propaganda enganosa! comprei tesouras de outro modelo, outra cor, é o fim da irresponsabilidade tercerizar empresas onde não tem controle nenhum, é um desrespeito isso.",2018-04-12 00:00:00,2018-04-13 12:00:33
11d68e01cf4cfbefb78abeed984d3472,7f3572310e595ebd4a32c7124b1d9766,5,,,2018-03-08 00:00:00,2018-03-09 10:42:50
11d9a387c371b595db81b81128c452e5,374d4811c6f3657ec62ffec582801ccd,5,Recomendo,Excelente compra e excelente produto,2018-08-15 00:00:00,2018-08-15 20:34:18
11e88bb07a2950e6c22800b29a4bd6c0,6439653c88076433f580f0ea995949ba,5,,"Foi entregue errado porque eu coloquei o número errado 
Então eu busquei no número que mandei ",2018-07-13 00:00:00,2018-07-17 01:49:51
11ed33e9909f52f56d76de8e55b6fe7e,1e569d6eaaa4dee08f4b054b65f97134,5,,,2017-12-06 00:00:00,2017-12-06 20:09:50
11f1ad7711f9de1930d8d9daf6975dd3,3449aa90c200ac98335249ce9f0e3151,3,,,2018-04-10 00:00:00,2018-04-11 17:07:51
120980da39df0ca09a4105031214c374,da730a4d617d48b8e8d136ef1f86915d,5,,Tapete maravilhoso,2018-05-10 00:00:00,2018-05-14 10:54:25
120b9f660082345f7b6c269276da0d98,357699224271146ddda4a57375993805,1,,espaço pequeno para relatar o problema.,2018-02-24 00:00:00,2018-02-26 18:52:53
120dd78453e45befe447687fe333b7bc,34ce0ca85ae4e7d8cad0c61a10236321,4,,,2018-07-24 00:00:00,2018-07-24 17:50:41
1218909b7f78b091b959bfe056525064,b5247f083ab1483738dc1a173aac237a,3,,,2017-08-01 00:00:00,2017-08-02 02:02:10
121fe8169343b77eaa5f566e81ec9476,300f22cf9178ce8ef0db12b477f29e8f,5,,,2017-05-06 00:00:00,2017-05-08 00:48:37
123381026f13c723cb967b14b1bc673a,06f4be78b76ba6a42605efa4ce7544d7,5,,"Adorei a cadeira, bonita, confortável e fácil de montar. Eu mesma montei.
Obrigada!",2017-02-25 00:00:00,2017-02-26 00:44:08
123525355b09c8b24d10e8356f13078f,6a2cf11a0f3d4670de5674e795196f14,3,,"Muito bom, prazo, entrega e produto",2018-03-20 00:00:00,2018-03-22 10:11:02
123677b9b5cf02b90443c0f40ca276bc,e3650ea29ce4ca131ce317a0f291fd56,5,ótimo produto,"chegou rápido, em perfeito estado",2018-07-24 00:00:00,2018-07-24 17:05:03
123acc7de1d9dd317c509a44e3d1b0d5,9fa477fbd91ee8d606ff71e50ac338df,4,,,2018-02-15 00:00:00,2018-02-18 00:14:58
123bedc1f6fcdd26d72250ddf8533270,eb89fab6743f52417dec1e885261e10a,5,,,2017-12-28 00:00:00,2017-12-30 08:26:19
1242c3639e8c048f23b3cd736d2214e0,706f426a3e276fbc171e2d3aafbf2e1a,5,,,2018-05-08 00:00:00,2018-05-10 14:27:40
1251980336177d66fa0036dd6319d805,6d4fbffb6862725cc8485066b8aca192,2,,"foi entregue no prazo correto site seguro, porem veio quebrado. espero que a loja troque ou devolva o dinheiro estou esperando uma devolutiva. ",2017-05-25 00:00:00,2017-05-26 15:46:11
125af5098b160c059cd60bafcc1f6ad1,85f8ad45e067abd694b627859fa57453,5,,,2017-02-08 00:00:00,2017-02-09 10:09:24
1267502253dd60d8944d470e70ffc372,49d125fe3b5d0a36b001bf900951fe9b,5,,,2017-05-16 00:00:00,2017-05-17 12:29:28
126b501326841153900ebe946d8854c5,fcc92ad75bbb8728d4d4488325ffc907,2,,Boa tarde recebi o pedido incompleto veio faltando a luminária grande de 50 cm preto brilhante estou aguardando o produto .espero o mais rápido possível. obrigado ,2018-04-01 00:00:00,2018-04-01 19:52:11
126ffee539a436dda45504238073d697,24c88e563ba8b5ed9b8b9ca7b72f3016,5,,Ótimo produto e atendimento,2018-04-24 00:00:00,2018-04-24 19:51:55
12810df04e9a5a8d36263b98e2488455,d5baf4bcffbda9d8bb2f9ee4e942c90c,5,,,2017-10-18 00:00:00,2017-10-19 16:13:18
1281cf3c78b4855f1ff816e68350d663,98f80eddddaaa6c3e5dea02ff36ad263,2,,,2018-02-16 00:00:00,2018-02-18 03:53:01
1285df5f7ee3de3b716a93d373a77df2,2bc2d6094a9d3a086277687c589123af,5,,,2018-04-14 00:00:00,2018-04-17 23:45:06
1288f6264c0eee79e37cfc70735082ba,b5be0d1904a2ec4994047e07b0104681,5,,"Produto entregue no prazo e em perfeito estado conforme anuncio, recomendo o vendedor.
",2017-08-03 00:00:00,2017-08-04 16:34:11
1291f10f55dbd6d19c637981b06b66b9,b7063c39fd3396dd0ad64052b0825513,4,,,2017-12-06 00:00:00,2017-12-10 01:07:28
12a250c382d27ac2c95b04b459f21432,8c87396ac0bed9eb7bd138eeef8945c5,5,,,2017-06-03 00:00:00,2017-06-06 12:46:03
12a5d9a66bf49847517d9992ea82cb1a,657938f6cc6b388ef70d756aeeda75a9,1,Ruin,"Não foi o produto que comprei pelas lannister, recebi duas extensões de cabo HDI.",2018-08-07 00:00:00,2018-08-07 21:56:38
12b1ca979f883d1a97c4f8040c2a756a,a3ee95a310b51d1715ed8c16b7cd3ffe,4,,Só quê o ponteiro do segundo não para. Não sei porque geralmente ele para ,2018-01-31 00:00:00,2018-02-01 18:10:06
12c221187a19873feb6e4c456067c065,192e8093aeeb86d202c1035db3a5bd48,4,Ainda não vi o produto,Não vi o produto pois estou viajando ! Mas surpreendeu quanto a prazo ! ,2018-08-01 00:00:00,2018-08-04 01:02:17
12c6128bcc36685e9cb4637431b8e1c1,11dd41a0dbb00ead97fe3c687ce9857e,5,,,2017-10-10 00:00:00,2017-10-13 16:30:09
12e8de4c4f5261e0f6ba174b61c1f1e2,a292ffb436f475f98ec53a05994dbd94,4,,muito boa a logistica da empresa produto dentro das caracteristicas ,2017-07-19 00:00:00,2017-07-19 23:41:00
12ed6f6e3d3f25e527671c55f987de1a,55f3c870c1e40785268450603096ec90,4,,,2018-04-07 00:00:00,2018-04-08 15:36:17
131983c77f149b1a9d459bc543a49db5,d2597ccadcbb4bede6cefca892c7094e,5,,,2018-03-20 00:00:00,2018-03-21 13:31:54
131db2fa2ea1f58075fd1f563b087b92,a1368e51da9e4e5405710600bbaf7c3e,5,,,2018-01-23 00:00:00,2018-01-25 23:24:13
131edb5646a41f0d17d139c50ce895ee,5df489bf628aa872653bc4791319921f,5,,,2018-08-08 00:00:00,2018-08-08 23:42:00
1329b4f7ae9a0327326f2d287c2dcc35,8774dccac317f54e3e9b3c6096a9b2c6,5,,,2017-11-04 00:00:00,2017-11-07 12:07:26
133a3090b07b5e49da643388f6cf9b67,de38b62136dcb5ff40d44d807c460a8a,5,,,2018-07-28 00:00:00,2018-08-02 23:17:08
133ef2c66e6931a31d2dc84def9c89a6,d1b4fc9a8c1207433519a8ec52e2d03f,1,,,2018-05-18 00:00:00,2018-05-20 13:04:29
1344c5f972045942c90ee68daf72006f,9e4a465874eb1b2bb19bd8e6197615e2,5,,,2018-03-03 00:00:00,2018-03-05 11:04:15
13459b4d536e273de97f3484d6576b54,4ff21c3d42e746cac31c00b864aa71aa,4,,,2018-01-13 00:00:00,2018-01-13 19:35:06
135e5d955a1420b964a8b9a5e6ddd881,063b573b88fc80e516aba87df524f809,1,,Não chego meu pedido,2016-12-03 00:00:00,2016-12-04 03:06:12
136394f3bb81b4b50ccbd298970999ce,67e9f4fd5900a3bedf11fd772b376528,5,,,2018-08-16 00:00:00,2018-08-17 14:06:50
1370deb9d679e24900beb8ecf3cca0c5,ebe0a2b49f09387ce9e38a8353ae7f27,3,,,2018-08-16 00:00:00,2018-08-16 22:17:35
137138c3827b90bdc169245f9a92a3e7,fdfb66d87e905833548d15ef7f08ee60,3,,"A entrega foi efetuada antes do prazo. Entretanto, o produto não chegou em perfeitas condições. Amassou um pouco na tampa. Eu esperava que o produto fosse um pouco mais resistente, mas é aceitável. ",2017-11-16 00:00:00,2017-11-22 20:20:20
13785fc9a7a6925495cacff5b08e9774,6ceec659ff4d6720d0296d133cb49745,3,,,2017-12-21 00:00:00,2017-12-22 10:04:23
139796620a5b63e4cc097380c7a9a810,045e9ebd4d41affc66333d58c3d107c1,1,,"A cadeira veio toda arranhada e encardida e a montagem não é fácil pois os encaixes são muito duros e no manual diz que precisa de um martelo de borracha, que não tenho e vou ser obrigada a comprar ",2017-03-14 00:00:00,2017-03-15 21:57:54
139b034a197ac09f7f60ecdaea6ce58d,f41f4f0667b69592fa5bef59e5ef7fad,5,Ótimo produto,"Entrega bem antes do prazo, produto ótimo.
Recomendo",2018-06-14 00:00:00,2018-06-14 22:49:00
13b2872ada20991c4f52ccb141cb1705,a0ac0049119c70e88509f0c8e30564e8,5,nota 10,,2018-07-26 00:00:00,2018-07-27 11:11:08
13d45c97ae78e0ef1361835b8944b7b0,752df1d3d4248c9dc8cca21cd6b42675,5,,,2018-04-03 00:00:00,2018-04-06 09:42:34
13db06e90f5bfc56b8dd33cd2b8ee688,c0fabfdace2df4fbd9e0e958f29a2cd7,5,,,2017-12-13 00:00:00,2017-12-13 21:54:05
13dcde46c1a250aaed407dd6d5a53b77,cdbd981121b82988cdb4bc8229598984,3,Produto com defeito,Produto veio quebrado,2018-07-31 00:00:00,2018-07-31 23:40:10
13e60cedb99842187a2f2503ce1d84ca,85314e23a8d6ca48d54dd3a235b2a25d,5,,,2017-03-30 00:00:00,2017-04-06 17:27:22
13fda443af3ce6df563ffe6956042056,d7cc5fcfee9af53fcd78bb47e4e55584,1,,"Gostaria de saber através da lannister.com,como vai ficar a minha situação,já que a targaryeni esta vinculada a americana.com. Realizei a compra virtual através de uma vendedora das Lojas lannister S/A.",2018-02-22 00:00:00,2018-02-24 11:54:07
1400a12cfc8edee8fc112383ca4bc06f,59da3bd70f1d9278c6ae1577cd16de12,1,,Só foi entregue um dos produtos,2018-01-20 00:00:00,2018-01-23 00:25:27
1403627a16398351a5194c5b67074070,c80bee063ac8e261dbf244fa3f710329,4,,Prazo de entrega poderia ser menor.,2018-03-24 00:00:00,2018-03-27 12:05:42
1403c8e7ac926ea549c7cc06788d4609,b42efbd88abf3882f91928b08cf74d6f,5,,,2017-02-02 00:00:00,2017-02-02 14:22:04
141dcb35aa6a6dfcdb331f000aa0dd34,a6b0569fe3c4f86e7604914120e06df1,5,,,2017-09-16 00:00:00,2017-09-19 12:05:32
141f509f693b7146f71e5f5544d7deda,927b55d4e72a05e5af01fa69bea2a4ac,1,RELÓGIO FALSO,"Estou escrevendo e-mails ao stark e à loja responsável mas ngm me responde. 
Os relógios da Casio comercializados não são originais. Não vem na caixa e nem com manual. E cobram preço de original ",2018-06-14 00:00:00,2018-06-19 01:49:46
142f5e5db0f5760a8f45d1a08946ca06,dde2fb922a5e542ca84560b67901f351,3,,,2017-03-07 00:00:00,2017-03-13 17:23:53
14303ce09673466b69c4354628aa5a84,6f0dfb5b5398b271cc6bbd9ee263530e,5,Produto bom,"Produto bom, mas o pegador da tampa é de plástico, a dobradiça dela também e ele é bem menor do que parece na foto. No resto é bom.",2018-08-08 00:00:00,2018-08-08 23:48:48
1442a23fe4555fda0f7c7eb7ba5ae3b1,bb3b63f8a09bf476fd524c44fb767a31,5,,,2017-12-28 00:00:00,2017-12-28 18:36:07
144adb6251deee040208e17ab8c0826a,d25091a3e5d9d4a0a83ad9413f8828d2,5,Ótimo produto ,"O relógio é lindo, minha esposa adorou.",2018-05-17 00:00:00,2018-05-21 03:14:12
144f20aeae9bda3293ba568425ae4639,78dd421c4700121100bb1297168a05d6,3,,O produto na foto parece ser diferente do produto que chegou. Não gostei,2018-03-01 00:00:00,2018-03-03 03:03:52
1458794e5bd8b4eddd0a399755d45fc1,0e696093d25ba307ef78cf0d208bf500,4,,,2017-12-14 00:00:00,2017-12-15 11:24:28
146fa2e334edcf69d767c42b62d411a5,d776bd888cec910433d34b5501ebf2d6,3,,"O produto é muito inferior ao que demonstra na foto. Parece as fotos do Mc Donald's. na foto um enorme lanche na mesa pequeno.
lannister deveria analisar os produtos antes de vender.",2017-04-01 00:00:00,2017-04-04 13:20:55
14748492c237bf141e43b1072879b93d,164e1bd75353e367ce8141ccd61d1ff5,4,,,2018-03-08 00:00:00,2018-03-09 11:35:00
14751e478de8f15619eb9eeefe2f719a,790512cc033ced5f8fe1f9158eb8f2fe,1,,"Poderia avaliar melhor, quando meu produto for entregue, pois até a presente data não foi

Silvania",2018-03-22 00:00:00,2018-03-22 14:56:24
148ada3b61456c2bcb1161f70d349a5b,1cf471f71a04b68d1cda071b51d7e391,5,,,2018-08-01 00:00:00,2018-08-03 21:15:01
148d737bf598217cb67647c406878de1,68b333c4526357221cb49747a5a78d06,5,,,2017-08-27 00:00:00,2017-08-28 01:33:00
148d84500deee7d28d35a2cf89028983,bea4e26a5e3cb0a9eb16c8703a21a7d3,5,,,2018-08-30 00:00:00,2018-08-31 18:47:28
14b0cf07c817d5763d677bb99a76681f,1dbed8d8827e4f91dfbb03ce97b38109,5,,,2018-04-03 00:00:00,2018-04-04 17:13:29
14b13dae5b13a5e64aa90f29a72def7f,0115f8bb1dc16d3fac863ce1deb037b6,2,,,2017-07-08 00:00:00,2017-07-09 02:20:19
14b33ac24083bd93da570659da1630af,d0fd9595949095f91592a79bd26a2126,1,,Pedido não entregue (prazo de entrega não obedecido),2018-04-12 00:00:00,2018-04-12 15:43:55
14b445ec5a4a2fd600e00baf71e70933,0487b772aa23074a39079a6967041b72,5,Parece estar tudo correto,"Não usei o machado ainda, mas parece em ordem e a entrega foi rápida.",2018-07-31 00:00:00,2018-08-01 17:39:38
14b5ac36302000373dfc264e07f9aea0,37ccf51b0d53c5e3916005261aa8f75e,5,Entrega recebida,,2018-06-19 00:00:00,2018-06-19 21:33:26
14b699f78f1a96875b6adc668e395f96,7cdaa17ad10c7724ac707e1a2fd3a3ae,5,,,2018-03-23 00:00:00,2018-03-27 12:25:12
14c38bf0bf4082c923f3fbba24d8d762,09d6c2dd8c08336a2cbd1c449a2ef158,4,,,2018-02-22 00:00:00,2018-02-24 23:50:57
14cdbf3697dca7c7f08aedfdb0a05af1,9c0fc2500f7b845dd500f0a3a2520c2b,4,,,2017-10-14 00:00:00,2017-10-23 21:38:23
14d1da977f444b14df5ab717636fac7c,11ac4935b48d92b0e8d9b2176da04d80,1,,"Pedi o cancelamento deste produto, mas a loja ou o sistema do site da lannister não cancelaram. O produto foi deixado na agência dos Correios. Não pretendo ir buscá-lo. Desejo o estorno do valor.",2018-04-07 00:00:00,2018-04-07 13:02:11
14e84c83b375129a43d4e957bc9aad32,9c9a1d9b53c328e1bbb1f0c2c5410257,4,,,2017-12-03 00:00:00,2017-12-05 11:59:53
14ee1990f37cc7df9c78618992d52cc2,cb740e05716c376f1e99f0509fad75c7,5,,,2018-06-26 00:00:00,2018-06-26 20:00:47
15058b5b0264be9194db6dac3734a5e7,0dd40e8c8c363027df66efe4fea48bdf,4,,,2017-12-13 00:00:00,2017-12-17 15:07:00
153548c59e368cae9ceeb1dbcdc64d4d,6f51907687d51529d5d0a147cf761f0c,5,,,2018-04-28 00:00:00,2018-05-07 17:00:22
1546d753798d002b45cc0bbc901c8369,1f8d7d0c0affce811c7d6f2abf71a7b5,1,,,2017-08-23 00:00:00,2017-08-26 16:25:59
1553b65e8512dfeaadc46965169f612b,d1897146cbeab2b888285ca6264056a1,5,,,2017-09-15 00:00:00,2017-09-16 01:03:16
1572c64699a1dc5fcabb88f1149dcd2a,bfb4f8775924839c47fce828a6826d86,5,,"Recebi o produto corretamente,",2018-04-05 00:00:00,2018-04-06 02:36:22
157715c7e3f54f4052b05d2a0236d552,462972b78b68d10c722c8ba3f5ba4cfd,5,,"o produto chegou no prazo em perfeito estado 
",2018-02-08 00:00:00,2018-02-11 12:37:05
1577b6a56b96ce7ba6138ba8a02bbadf,bd2e72e4a107f535d737c2c2a52a018d,5,,,2018-08-31 00:00:00,2018-09-04 07:54:41
158421a0baf9e418ca0b5df27fe26c31,ff20ee702706d9e407a34de9fe2ff768,5,,Entrega super rápida ,2018-04-06 00:00:00,2018-04-07 02:54:49
158fc6599d3aa336de9fc772b99ffeda,dbec6fd4540dcda2662baf24a0bc8f0f,5,,,2017-10-04 00:00:00,2017-10-07 00:30:56
15958d714354f3e123c60437348a3277,21a550eeac28a30d4b59a0fd91c9cc8d,5,,,2017-11-28 00:00:00,2017-11-29 03:05:28
159e8cf52870c27caa2e4b00e036cd58,da627a0b6c0976733e24aac04405eaa6,5,,,2018-05-22 00:00:00,2018-05-23 12:15:30
15a114275fd3811a9c30505cd42af241,3f6da1442aba80bcf61179602dfab9ca,1,,Produto com atraso. Não por causa de greve de caminhoneiros pois comprei um outro produto igual em outra loja e já recebi.,2018-06-09 00:00:00,2018-06-09 09:33:46
15a3c5e26bb759b934981a4dcc1fde06,0f740a04b4f5fce0611344905b62332c,5,,"Sempre comprei no baratheon, é pontual na s entregas, cumpre com responsabilidades. Parabéns.",2017-12-19 00:00:00,2017-12-26 09:42:31
15b0f031576ab4f71830c3e3e6a0d1fe,6c51f58aa6e93a65c7002b68ba2806cd,3,,,2018-02-26 00:00:00,2018-03-03 21:50:46
15b10ee1ca8bc3cc978a67a08657cb60,1a993d55960f4e94f4ab432458e08e39,5,,,2017-12-30 00:00:00,2018-01-02 11:09:11
15c81bcb4d36882af1ab5ad5ad548484,675d6533ed09bea158fd932431474b82,5,,,2018-08-08 00:00:00,2018-08-09 02:12:59
15d30f416e763d450fd39655b6906b5a,da7c8d10be75239ed8393bba1dcc4ca0,4,,,2018-06-29 00:00:00,2018-07-03 01:37:45
15e3dad69ba6aef842853c56e8dca659,a4285d97aac2bc967bd5b9f50db5b3c7,5,,,2018-06-30 00:00:00,2018-07-01 06:05:13
1604fa7e22c62c42acdd96515ee4e255,9e7a2839a1ef01aaec67d94446617f92,4,,,2017-12-06 00:00:00,2017-12-06 18:32:25
1607db6428ba2161b81d87dc5ff4ae56,f95bc347226e75c87d4c329d25f64970,3,,Bom,2018-02-21 00:00:00,2018-02-22 11:52:31
1625e67d37fc7befb41da8a63d94a7f8,22543080a0066963931832c0df11b2be,5,,RECOMENDO MUITO,2018-08-17 00:00:00,2018-08-17 17:00:22
1631b5463ec9ef5825142c00ed6e13ec,b6369b16620510273273fe0d6be68744,5,,,2017-06-23 00:00:00,2017-06-23 23:36:00
1633fc889d4ae1dff696c058f318fc1f,f860c7860a105bb2aba6dbdfbc7f17ef,4,,,2018-05-15 00:00:00,2018-05-15 23:19:17
1655406bc5e18fdf08d13a4488e4c393,a17fd6df400fd04864fc2697bc98cc2d,5,,super recomendo produto entregue antes do pazo previsto,2018-01-10 00:00:00,2018-01-10 15:11:15
16561345af89c9e66c13a051f4f15d65,00b676b01c289cc661c6f7732492771a,3,,O kit comprado tinha 8 módulos e só vieram 7. Mandei um e mail para o fornecedor e até agora não obtive resposta.,2017-08-16 00:00:00,2017-08-16 17:05:07
165a4b6f8752a312457785d8b7c746c9,d6000a48fcae57594e206e24ad3db5a8,5,,Mochila incrível e case para o notebook muito bom e residente.Recomendo os produtos e a loja. ,2017-07-01 00:00:00,2017-07-02 01:59:45
165f2d33fe7462bece2b7c0de2d97904,c1bb3ffb1aeb6afbe42101499bd15708,5,,,2017-12-07 00:00:00,2017-12-08 00:00:16
16608004117a6c5e67f8c4d1f0e518a7,c28c4378f50e09ee967e830dac65634f,5,,,2018-08-16 00:00:00,2018-08-16 14:21:50
1675a2ca92fbe9f187b37e5c61d5c36c,8ec0671b1fcacf329783aefb39813a64,5,Excelente,"Super satisfeita com o produto, o atendimento e a logística. Nota 1000! Super recomendo. O produto, a loja e a logística. Parabéns!!!1",2018-08-02 00:00:00,2018-08-03 19:22:44
1685e4892e204414ee602177b71a6040,6d9ccb29372292701006df0d44b858c3,3,,,2017-11-30 00:00:00,2017-12-02 20:51:43
168863de0e60d3df41d90a063fba7f93,e218234621ce56589ca6157a7cf827ac,2,,"bom dia
o produto veio danificado, como faço para troca?",2017-09-21 00:00:00,2017-09-22 11:32:53
169f34e00e26eea55ba60c7b19170e66,93aa1607392862dacfb4b54774480f1d,5,Regular ,Loja em si é boa pena a americana nao da suporte ao cliente ,2018-05-10 00:00:00,2018-05-10 19:02:31
16add5f9183baa5f55417814aaa80e91,84163f7d458a14345eac02a371e544de,5,,,2017-09-06 00:00:00,2017-09-06 21:38:40
16d3db296c46b4411dfc5f8bde882e6d,3a3cddda5a7c27851bd96c3313412840,5,,,2018-07-24 00:00:00,2018-07-25 16:26:05
16d70488fb82caed4170edf9ba72756f,fd6822aef9479a47f192820b4a22dd96,5,Nota 10,"Amei , chegou bem antes do prazo a boneca é linda , minha filha está super satisfeita. ",2018-05-09 00:00:00,2018-05-13 21:37:33
16dc470174b184441dba06e6c3f67db4,719d3e99ac9883643ff9a790a2efe206,5,,,2018-02-07 00:00:00,2018-02-10 20:25:45
16dee57cf10be796f1cb59dd154534d0,67baff8b7c789c3e93b6787e4c18a14c,5,,,2017-11-15 00:00:00,2017-11-18 13:43:08
16e24afd20e9a6bfb0f4aca3759f0826,d131625abf3dd1daa6fd04443cbc6729,4,,,2017-12-29 00:00:00,2018-01-02 17:16:36
16ef463802a7c1b48249dabd0af8a62a,6a4d41fb9165f032ec025794db381fa7,5,,,2017-10-12 00:00:00,2017-10-13 00:44:33
1700896eac0c5c06d8952f7d16338908,b1442c6b35c5a2551a41ac13f2624b10,5,,Só achei muito demorada a entrega. Porém dentro do prazo,2018-02-07 00:00:00,2018-02-09 17:15:54
170bdd6d19e52a26a9a968a0dab661cd,945fb6d37a9ca75061ff8741ae8c19ab,5,,Tudo Certo Recomendo.,2017-06-17 00:00:00,2017-06-19 17:42:52
170f333c55189a2433e4bd944cae3eb2,df82ea7ca7f0f799161e0fd92c3ab96a,3,,A avaliação geral foi regular porque ainda não testei o produto. Avaliei a compra/entrega. ,2018-05-20 00:00:00,2018-05-22 12:03:45
17333c7ce377092633c77052c777caf0,98bd948995276012ef529fe379949f4a,5,,,2017-12-22 00:00:00,2018-01-02 13:30:11
1749626abf115f8aab4b08eb0be9659f,2869ddcbc4b0d9b659598ff9b1e68e14,5,,,2017-11-14 00:00:00,2017-11-16 11:18:05
174bd13e6d54ef19d0c75e1d63d9570b,ba6599a593f0007d9c2ccba953adf20a,5,,,2018-03-24 00:00:00,2018-03-26 18:21:44
174c8bf60fc5bb9b7a3bd179caeec173,e4b6df3eb118302bd304c9d02ca19afd,5,,,2017-10-21 00:00:00,2017-10-24 13:23:06
1767e69a2c7bf6c9334ecf37b76b434b,570b8c11496979f54bf5bb027e86fcd2,5,,O produto é nota 10.,2017-10-28 00:00:00,2017-10-28 23:37:47
176a5e578a6a7572af8b97159650a176,12fcd7e7ba3b8dbe376fe73f27aa0a94,5,,,2018-04-18 00:00:00,2018-04-21 10:43:20
178373b18717b0ac50d5d104df70c178,11b92cb31ef70accdf3705f879a0a891,3,,,2018-01-13 00:00:00,2018-01-14 10:35:51
178a199a5425d4e57e9e80872070a3c8,7b29aa7d6508036d7400781ca593b58f,4,,,2017-06-01 00:00:00,2017-06-02 17:06:03
1792971275893870276abda12034cae4,a794d432d0990aa47220cda510a0a872,4,,Entrega rápida e bom custo benefício. Relógio automático Winner excelente. Pena que que a bússola e o termômetro do relógio Oulm sejam só enfeite. ,2017-09-26 00:00:00,2017-09-27 19:42:15
17a7692937e726741c7b204e28fb2d0d,24ceed9729a86f5e36fd61ae94183817,4,,,2018-05-27 00:00:00,2018-05-28 11:26:17
17a8dc7cd84ee61995658d66a8fe5828,ad29d62dc7e0a18661b20a1ad16217bd,5,,Otima e chegou em bom estado .. Não substituí a prancha mas ajuda muito no dia a dia .. Como não gosto de pranchar pq acho chato ela me ajudou mt ,2017-07-28 00:00:00,2017-08-01 02:27:28
17c87bae384835826d17b70871568809,13651aa318d6af9df5257a5dfdc20f3c,5,,,2017-12-29 00:00:00,2018-01-02 21:41:30
17c97e7604417bddbebea5ad1279c538,122a6d89b8a3ee8fe039b6990c1dc226,2,,,2017-11-25 00:00:00,2017-11-26 22:46:46
17d2c33b5de052b1d3808279fb250dc3,305c60efcc38cee62ca817de65418a13,5,,Bolsa maravilhosaaaa!!!!,2018-05-05 00:00:00,2018-05-05 22:22:05
17d50a4f0073a22131e9019061a19717,573c6238eeff0fc6caaed8b752bbebf4,5,,,2017-12-02 00:00:00,2017-12-03 10:42:58
17f23f62564ce9d0e3008d938df44cc7,a52f7fed96d71ecc9f577e2584e9d938,3,,,2018-01-30 00:00:00,2018-01-31 21:56:05
17f31f7d122a4a3cb05439f823bd0409,1e3b30b2e066ae1200400ef9d72963c3,5,,,2017-08-12 00:00:00,2017-08-12 23:41:35
17fc4d49e104e69d7198ae00cc314ba4,1e7bc4fa92ad71dd2603c7582ebeabf8,5,recomendo,,2018-05-23 00:00:00,2018-06-03 21:44:10
1801df42546f925e809e05ffb6fe12fc,ddc7e0a6253bc5f668507296a8d17c85,5,,Muito bonita. Estilo redondo muito decorativo.,2017-06-10 00:00:00,2017-06-11 00:27:48
1803b2f1f46be22e2021749454cfaaba,f7f84dc96924f895eeee8f89515012c3,5,,,2017-09-26 00:00:00,2017-09-27 02:30:55
180f600df420e82a57ebe1b29830e2bf,96908b69c6dfbc8e2c29c2a2142a93a1,5,,,2018-07-14 00:00:00,2018-07-19 11:30:21
180fdaf227d4297ba99a71196b691752,69fe57ea54b1926c309bb133b16f9501,3,,,2018-08-16 00:00:00,2018-08-16 04:18:57
181804224366c42ce0dfaa6ae189c10e,bfa84c85baf67d4ed4923a3d8d6a18bf,5,,,2018-01-17 00:00:00,2018-01-19 04:25:08
181b6c4a5e29eedb4e758642f9e07ee8,3ad2072a2c9169681a3bb6138e0f8ef3,5,,Muy bueno,2018-07-13 00:00:00,2018-07-14 02:49:13
184cce49222a9a66a72ccd40377d744a,8ac9d647425b62394b980e70f7d80d6b,4,,,2018-04-04 00:00:00,2018-04-04 19:19:44
18541b22340aae377d731bcf740d1595,555bdeeec0ae00faeb547748b9e58ec6,1,,Infelizmente ainda não recebe o produto,2017-12-31 00:00:00,2017-12-31 12:38:37
185cb85ede91009d7a8e685687c037ee,2e5dc86c8c4aa663549caf5e31de840d,1,,"fiz minha compra faz 30 dias e não recebi ainda meu produto.
Precisa melhorar nas entregas",2017-04-06 00:00:00,2017-04-09 18:25:12
1884d1b1a6a592dbea2e48635f06a552,b89d3f466656d80cfaa4bf9698218c83,5,,Aquecedor muito bom rápido e bem preciso... bem embalado o prazo era 30 dias mais veio em 4 super recomendo ,2017-02-09 00:00:00,2017-02-12 01:54:36
188d931d507fcd63b39fd9606d9d13ed,2f5474b96da64f62dd8d495a3ab13861,3,,"INFELIZMENTE UMA DELAS VEIO TRINCADA,MAS A DOR DE CABEÇA QUE TEREI PARA TROCAR,SERÁ MUITO GRANDE,NO MAIS TUDO EM ORDEM",2017-07-11 00:00:00,2017-07-14 14:43:20
18908c6190f39c31f80bca55f543a081,8a90aa7c88256981f18784086121349c,5,,,2018-05-18 00:00:00,2018-05-21 01:02:13
18b88e111929bd2167c44214bbf8854c,e6152cd6ca627fc4f0f5deddea24f7c2,1,,Nao recebi o produto,2017-12-15 00:00:00,2017-12-19 17:37:33
18bf8ae62226cbe1d3176a435cc6ab1d,147074da5c33b8ae783b73d181b9f141,3,,,2017-05-05 00:00:00,2017-05-08 07:13:29
18d7ba4dc2f28eded4bd8f2dab842e8c,93ae3d70a721582a8c0a1d28d804f947,2,Pedido incompleto,"Boa tarde, nessa entrega estão 2 pedidos e chegou para mim somente a mochila, o controle air mouse não veio. ",2018-08-10 00:00:00,2018-08-11 16:00:02
18dba6b0d5c72baa4266ada011196758,79a29a6cac0403ad0d0b5390f5bbf1fa,5,Muito bom,Foi muito bom comprar pelo site parabéns ,2018-08-10 00:00:00,2018-08-11 01:04:12
18df9b13cc7233ab60b7562e773f339d,25f3c6052aa7604ff162e5a12b77298d,1,,,2018-03-11 00:00:00,2018-03-12 15:04:06
18e22c8baae1fd251e1af911f1c1dcaa,01ba72e24cf883d74c5479c0a626c740,5,,,2017-01-26 00:00:00,2017-01-26 22:30:30
18ef3a1d6833c47996479bd8dd70fdb5,2b1d482e9b00a6f20d0e5688065cbf2b,5,,"Produto bem útil.
Ótimo custo benefício 
Eu recomedaria este produto.",2017-12-11 00:00:00,2017-12-12 12:30:35
18ff32b36258a4ad15f581470adb8f70,9ddd723e703903eeb90abbd2af0ddc24,5,,,2017-11-17 00:00:00,2017-11-22 20:16:28
19029c38f73e9bef8ac609c5488f2dea,474a5a5d176b5d84afe62cdfa7d69dd9,4,,Queria que tivesse chegado mais rápido ...,2017-06-06 00:00:00,2017-06-07 14:39:10
19077ba4e4d6bf42e976d2ea418abde2,f090de1b2ed9f4e251662cb31e3c7127,3,,"Não recebi ainda, por culpa do correio.",2017-03-25 00:00:00,2017-03-27 14:10:29
192bead3e18d277bd91a840df47155cd,38c5c2886f2aab75bb1ae3f79a3f300d,5,,Vendedor muito bom. Recomendo. Nota 10.,2016-10-27 00:00:00,2016-10-27 17:42:46
1961cafe1d1cbd4cc701c2f0160467ff,2699d27682691fa4f6be5cfde364a833,5,,Confiável e super indico ,2017-06-16 00:00:00,2017-06-18 17:47:59
196a1f88189870cf5a11ffbf9711832d,01b703d8365608f2b01ed9c076d0b3dc,5,,"Produto de boa qualidade, veio muito bem embalado, até a próxima compra, obrigado.",2018-01-19 00:00:00,2018-01-19 21:16:48
197ef59a3372013b96abdb2c645d0b00,5cc63affb50754b86ebcc046f957c65b,4,,"recipiente veio furado
coloquei o conteúdo em outro recipiente para poder usar.",2018-04-17 00:00:00,2018-04-18 15:15:34
198566a632b0bb7f3afd8e5688ec6eb7,aec6c9f96db18be9eaa8730d376a916d,4,,,2017-07-25 00:00:00,2017-07-28 06:24:29
19910e37f2130c56f553edfbdc0c65fb,00b12f4674177ef40c4bdb034138c843,5,Ótimo custo x benefício,Produto chegou dentro do prazo. Veio conforme descrição e é excelente.,2018-07-21 00:00:00,2018-07-24 13:29:35
19952d344f55cf8c9826d441d77e94b0,c60bade0a2a45f8db2535ad71baf5089,4,,,2017-05-10 00:00:00,2017-05-13 11:05:24
199794d5c43ffbb83118b2915f846d56,c5bed3a385f406c503841fed148952b9,4,,,2018-06-29 00:00:00,2018-07-01 19:34:07
19adb8715ba36b9f3f9b840029645ac9,1c36473b9a0db63449081c0408a96dc8,5,,,2018-03-29 00:00:00,2018-03-30 03:35:03
19b25b0d19f5bc3614b614a0a00f653d,a681c0def1c5f464196b9deaca8d28db,3,,,2018-01-09 00:00:00,2018-01-10 12:26:25
19d9d01fe7c323398deeef4b6860ef57,076c344fa6fb7b7284fe98fbcb257ab1,3,,,2017-06-14 00:00:00,2017-06-14 16:37:33
19dad45420fa296a045e2dceb3a38182,5f156d65bf7998fce0ebdb3a046e78a3,5,,,2018-03-01 00:00:00,2018-03-01 16:55:16
19de4feb1cc16ef6b46b57eacd64ed61,329818399e3d2636cd3618c0f52954eb,5,,,2018-06-27 00:00:00,2018-06-28 12:49:01
19e5e9e033374d1652def79f53f7d52c,311155a0f4009bd8e4936e0ce45324ae,5,,,2017-11-30 00:00:00,2017-12-02 20:39:05
19f6321cbf60de44e1e01b84ea3fd6f1,90084fb270986d4c0fc78715cc46840e,3,Bom ,Bom ,2018-05-10 00:00:00,2018-05-10 23:47:00
19fe7ebbba3c95bdc8f4136e57ab79ed,bebaff5f4489a8d0b10a929087be21a9,5,,,2017-12-14 00:00:00,2017-12-14 23:53:19
1a04e92b8fa81f25ee670c02c1f15991,ab07b6c48672e9876b9f11c746d98d3e,5,,,2018-02-15 00:00:00,2018-02-19 14:09:18
1a13b52bddbe460610aa3170b91b3b5a,59682ddba24feb11071cee1f0ed1ecd9,5,,"É uma loja excelente, entrega antes do prazo e a mercadoria chega do jeito qui você pediu ,amei",2017-12-19 00:00:00,2017-12-21 13:38:33
1a1da4b746864a352d4587f18670ef60,ad9aa06b7c1aff45bb25d171973fc761,5,,Ótimo excelente,2017-12-19 00:00:00,2017-12-20 19:52:53
1a1ff9e0809e999fec6068ee6eef83cb,b08b60cece524686b12c2201f977ba42,4,,"Tudo certinho, chegou no prazo.",2018-01-27 00:00:00,2018-01-30 17:20:50
1a2bb396cb5488f469d4e7abd5835806,e9afde34823f289edc4598cfc1280a46,5,,,2017-10-25 00:00:00,2017-10-25 21:14:35
1a2ed36fd6ec692616f546905a9f34fd,cc97c71d908caa2c0b5754b35ebaccd8,5,,,2017-10-13 00:00:00,2017-10-14 22:38:26
1a5f45774863ff7a3aab1cef3e462de2,f398a143c0fe171d965db2096cf064cf,5,,,2017-12-24 00:00:00,2017-12-27 18:52:16
1a614de54ca2e0b45dbf07e3a0bd4b27,ca207209c40b29d76714f77acf8189e5,5,,,2018-08-28 00:00:00,2018-08-29 00:33:16
1a619496d9047935e9a4a0d5f70c5d43,546cd63915b3ef4ab92bfb85277bee75,4,,Entrega no prazo.,2017-05-11 00:00:00,2017-05-12 01:24:48
1a66a9c5e9572fd9b77aead0b4cfb88a,15f67529b3d91fd3da058270c9a68855,5,,,2017-08-30 00:00:00,2017-08-31 13:28:27
1a79ecb8526ce0e5238980399102f0fc,911ac4b6a3d83be295853192aa63fbaa,1,,"A película não é de gel. É de plástico e a capa é de plástico de um material péssimo.

Tive que jogar no lixo.
",2017-10-12 00:00:00,2017-10-12 22:56:57
1a9bfaf727ce12d738dd972a8cb35808,97b8a149d521ea9fbbbce767a458846e,1,,Até agora só transtorno por causa desse produto.,2017-07-05 00:00:00,2017-07-05 16:18:56
1aab39030ff449c992217a3b137539eb,15564b81a39383f08dc90fa1fac055bf,5,,"Obrigada, chegou mto rápido",2018-03-30 00:00:00,2018-03-30 22:09:17
1aab566b78cc2d6ea559886f9404a557,3a3946583c464f57913a9df9c134ba0f,5,otimo,amei ,2018-06-21 00:00:00,2018-07-16 03:40:42
1ab737c1cf6acf1f509a9444ff916afe,354ca44327bb555017ef42fd921ada11,5,,Vocês estão de parabéns!,2017-02-02 00:00:00,2017-02-02 22:26:03
1ad9ea3f9180896c3ef1439628bee434,af42a8855a3f0b15c3878111efa19ba6,5,,,2017-06-20 00:00:00,2017-06-22 22:33:21
1add1356e8f4199ac8077008343c8916,523b7abdcc8e629f4bc493a9824341f5,5,,,2018-01-26 00:00:00,2018-01-28 22:23:05
1b205b88dc9c3c2df8970d4e27926aa2,a427db09dd194740f13a3a2c7bcf38bc,4,,"me atendeu, mais não está reconhecendo o cartão de memória, dentro do esperado.",2017-03-25 00:00:00,2017-03-25 23:12:15
1b25e306afc57422bb307ea4f9e2da7d,4cca40adc01e2bfb94dc9ec45658e661,4,,Quando a mercadoria é entregue pela lannister.COM chega muito mais rápido. Gostaria de saber o motivo.,2018-05-16 00:00:00,2018-05-17 12:17:35
1b575cc8a27b5f1cbdf87d1773ca12ca,41db0ab7c0c615a697ca63860cd13a33,4,,recomendo produto chegou antes do prazo final ,2017-11-22 00:00:00,2017-11-24 17:00:02
1b65a852522267e61f9457a77c861ca3,95fd02c37f493e9525e3d3c1ed54653a,3,,,2018-03-02 00:00:00,2018-03-05 14:23:08
1b8809ba63c45674d7e287fba3679d9d,7b539e31732dcb7e50afa35e6042717b,5,,,2018-02-01 00:00:00,2018-02-02 00:54:10
1b8ab469fa9f60d4bf5794f491706d94,4c14d29f32297333491d1cf6895acb68,5,,,2018-05-28 00:00:00,2018-05-28 18:30:26
1b8df55d40e129a4003858afb671129c,b12e5d725658a4566286153c51727af2,4,,,2017-05-24 00:00:00,2017-05-27 11:14:56
1b93be181e592dc3a59e3dc987d7bad3,e1a8e28c43be15a1b32b5fce8c126594,3,,,2017-08-15 00:00:00,2017-08-16 05:41:28
1bb2ed2053331b349c6551c6277fa9d2,86200deb58eb0b29e666114e87e76302,3,,Pedido entregue no tempo certo ,2017-12-15 00:00:00,2017-12-18 20:37:41
1bde50a77f778d6c48c7b53d800e252e,bf7633822714776cc60f51470f805b92,5,,,2018-06-28 00:00:00,2018-06-29 12:58:20
1bf07e17a6817b027b5103fbe90c76a6,a759ad28933493d22dbaf7c75445cbe5,5,,,2017-11-21 00:00:00,2017-11-23 14:32:44
1bf719d2d076665e06594c1a13a4b4be,1103c4be46dcfaefc2a3b79d3ef6c866,4,,,2018-08-31 00:00:00,2018-08-31 21:02:40
1c036db1a8f4f0b4a900e227cd87383d,fcc0c3371e0af4947b6b4c013ecc6e35,4,,O produto chegou conforme anunciado. Gostei.,2018-02-03 00:00:00,2018-02-03 22:38:34
1c0de8c048ae4288ff85d7bde9e470c1,af68048a682392b0cc14f22a8eef5b7e,5,,"O produto chegou antes do prazo,estão de parabéns ,mas referente ao produto ainda é cedo pra falar se é eficaz,mas espero que sim.",2018-04-25 00:00:00,2018-04-26 01:20:19
1c10324a3c8e82abf01ba87e1c6a44dd,509be166b4a9400819808bea4ba08ec5,4,,,2018-06-24 00:00:00,2018-06-24 23:24:54
1c21c9735f69104d832bcc31fa1bf35d,3adcce2e211993b4e696031bf97409dc,5,Muito bom,,2018-05-09 00:00:00,2018-05-10 02:40:43
1c27c94595313bf058da66051775137d,a6f204a476de5e606ae0188921142f7a,1,,"embora o prazo seja de 14 dias úteis, o produto comprado no dia 09/05 só veio chegar no dia 2/6 e alem de chegar super atrasado ainda veio o produto errado.",2017-06-03 00:00:00,2017-06-05 19:46:02
1c325b09ee92b956eb82014d8995dce4,78b9793627cb45328b53a69cc525fd22,5,,,2018-05-05 00:00:00,2018-05-06 03:35:54
1c339cfef9037bad63a5d22d554e7c31,02557013eeaffd86a6cc5ffd80a4b54e,5,,Produto excelente! Chegou bem antes do prazo dado no site! Recomendo ,2018-02-23 00:00:00,2018-02-23 22:08:30
1c478c15f9b30f1ea298a717b665e576,b800afd0307bcea5536222116e3d7a4b,5,,,2018-02-04 00:00:00,2018-02-05 10:32:10
1c53627369dbe3332debee4ac60eb030,3e61448e4e84529ceb5c325efe9f078b,5,,Preço ótimo pela qualidade,2017-10-28 00:00:00,2017-10-29 02:12:10
1c5aac5e323c40c909ccc298e92e7dc0,c0452c14e00c9d8c3f5f30c189382329,5,,,2018-06-27 00:00:00,2018-06-27 18:22:02
1c6269fa961a75628c05722727b1cdfe,eea3254200d621b24b7741950693e956,5,,,2018-08-01 00:00:00,2018-08-03 21:59:21
1c8c4ee3c9d74d33726088d02b0270e2,1afb4a9edd39860a661d82a4e510bdc7,5,,,2018-04-08 00:00:00,2018-04-09 02:09:35
1c8eafa6d726c6e4d77b52c4c88af1ee,e871719502deacb16343832ef4623a07,4,,,2017-07-13 00:00:00,2017-07-15 23:49:52
1ca7b0381abec49d54f0ea34d5cc89a8,c29831d189569aeda9a401509412d8ba,4,Entrega rapida,,2018-04-27 00:00:00,2018-04-30 10:23:55
1ca98c55ec86fe569d716beaa7dc3bcf,633a7a968ccf6b62a1ee53461794613a,5,,,2018-06-22 00:00:00,2018-06-27 18:58:02
1caaf420bd15a7cd270368ee268888dc,84d27863cf4593bdc358f6b17240a3c5,5,,Recomendo !,2017-10-04 00:00:00,2017-10-07 02:22:31
1cbd8bde33bf549aed834b3971742031,2130eb96d3ca108910e9afd32f4c7656,5,,,2018-08-16 00:00:00,2018-08-17 10:57:45
1cc09a023d4cd92abf40b51269c6a175,17b6e0171d3c86549c28e1630bff91c8,5,,,2018-04-03 00:00:00,2018-04-04 22:12:55
1ccf9579328fbc01d479018bf9fc6813,b78c9cad52a105d7e8ec97c7e6d57739,4,,,2018-04-01 00:00:00,2018-04-03 21:57:55
1d1deb5ba03878cb8daf348971f9775e,af32211fd3ca6faa65dcf8f3bd3f53bb,5,,,2017-03-08 00:00:00,2017-03-09 09:01:25
1d359fdbfd59b2b846b8114d0853b763,b39de9ed2bb8fd08a970e4517c698824,5,,"Loja super confiável,produtos de ótima qualidade,entrega perfeita...",2018-04-12 00:00:00,2018-04-13 11:49:09
1d35b201a4d611fe2a9db7daf03e75b1,d54c217781126defeb4a78dc16f5ad39,5,,,2017-12-07 00:00:00,2017-12-08 01:33:49
1d3f92df40c95d2d19c3fce424601834,b6007bc0214a24634dff19daab40bf21,5,,Perfeito ,2017-11-23 00:00:00,2017-11-25 20:53:48
1d409ecf68f05fa155c71b39e094709e,3a04af7ae8cc442a2dad55dec73fb2e6,5,,,2017-10-06 00:00:00,2017-10-09 11:09:14
1d47264f80ae012b6775a295010fbefe,243fd4d4dbddf371c229a0122ac3e661,4,,,2018-08-23 00:00:00,2018-08-24 02:09:47
1d4c25680f0ee6595cf968dce06d3f2e,2362f0e9afcae197310501d93b070bb6,5,super recomendo,"Produto atendeu as expectativas da minha esposa, de ótima qualidade e foi entregue dentro do prazo acordado.",2018-06-06 00:00:00,2018-06-07 13:11:37
1d5b0d355b0eed9ffe42ac31b3a74beb,5ac2db22c3a1a5c7d59208f225e41fef,5,Produto não entregue,Produto não entregue.,2018-06-16 00:00:00,2018-06-16 15:26:32
1d66c5e9ba83aa6bb8fad2b496478979,f9b70a12018e8fc54ff01781ea794a6b,5,,,2018-01-26 00:00:00,2018-01-27 13:19:01
1d678a158dd10b745409b772094623e4,f50a129ed971ecf763627e2b2a94be73,5,,,2018-02-24 00:00:00,2018-02-27 01:54:30
1d7f905ffb43bc0510b85591f91b8b82,7073be83c3247747c26a69d5a689edbf,5,,,2018-07-24 00:00:00,2018-07-26 16:16:34
1d849feeef24e734f58b8386a368862c,525c4dbcaecd35a5fac2e4053589df08,1,,"Entrega lenta, frete caro e com prazo alto, já se passaram 5 dias do limite, somando 25 dias de espera e ate agora nada.",2018-04-11 00:00:00,2018-04-13 03:47:09
1d87cfe2af1681a2b4549c96189a7443,453b1d86b22e9fdb0d1da9c446dd2828,5,,,2017-12-15 00:00:00,2017-12-15 20:34:59
1dadcb5148e5a10a0d45fdad43b8d42b,ab85079cf6e3ab3495bdb5dc789f8b63,5,,Chegou no prazo.,2018-02-03 00:00:00,2018-02-03 23:29:09
1db3d8ba4a7123e157687e37d48e8ee4,92bdfe9e203d9d027f9c26b8b39f6ec8,5,,,2017-09-24 00:00:00,2017-10-23 12:39:45
1db427633012e7a8dd7f11c3ef031c62,10c651c81fd0bec26524dab0e94090a5,5,,"A mochila é mais bonita que na foto, um tamanho ótimo e tem as divisões bem espaçosas. Adorei!!! A entrega foi bem antes da prevista. lannister e targaryen de parabéns!!! ",2017-06-02 00:00:00,2017-06-03 01:38:58
1db5599da2401f8c1eba327d8b400e36,293f88e33dd760720e689b394b3fadcb,5,,"Tudo perfeito
",2017-11-28 00:00:00,2017-11-28 20:33:19
1dcc673044aa3260becf86d6767346b6,df19d1b00a1e07ad04c791d1301baacf,5,,,2017-12-01 00:00:00,2017-12-01 18:39:00
1ddb291971c466992b2680edc9c6ec4d,78319eed3d0e14a32693dcb23db4c0d6,5,,"Comprometimento
",2018-04-19 00:00:00,2018-04-20 09:45:28
1de55f8bb23ecbf7b812689d82b19eab,c2ec803408a0dc72513227acaf96ab43,4,Boa,Gosto da loja...mas deveriam especificar melhor os produtos...toalhas muito fina..,2018-06-05 00:00:00,2018-06-08 03:46:39
1de747876e56a224a5f0624d74daa029,e3986fbe94481f46e166546a83cf8bf0,1,,,2018-02-18 00:00:00,2018-02-18 15:15:05
1e1ca1428f154001af4db3c04dd39a45,c5009ef153ccebb4f2dfd12660198737,4,,,2018-06-02 00:00:00,2018-06-05 17:38:34
1e1e0f31f8c19f4645439223c44f657c,0191b6a5a70bcbc6cdd39427f216602e,5,,,2018-08-28 00:00:00,2018-10-16 14:57:27
1e3059a7e3554bce4be5fbf2f9018791,c9bfc156368eb14aae98ebff0ee377da,4,,,2018-06-06 00:00:00,2018-06-10 20:36:13
1e32ab40e482ee74f849efb4d9feff85,841a1c15177c6184088d268bc0f263f4,1,,Não recebi o produto e não tenho nenhuma notícia,2018-03-23 00:00:00,2018-03-23 20:54:23
1e3952bb39181df5ddd11a96ffe17e82,2ff0dab60f75a10e4f296641d88b5fb0,4,,,2018-03-08 00:00:00,2018-03-09 11:44:30
1e3e8e031ffa18e9f6c7ca098f110f9e,27a14f1949c308b236684c6b7732eb03,3,,Gostei bastante,2018-03-08 00:00:00,2018-03-10 14:47:39
1e4f1a100ee13ea231ea6e60df6d87e8,b8730b40b8f9bf7c1d557c083f82a682,5,,,2018-04-06 00:00:00,2018-04-06 18:49:39
1e50ddb7864b1a9b8429ea51580a4681,4817db123f2751c4c12805d5715a51c5,1,Produto inferior ,"Produto bem inferior as imagens, a grama veio toda desfiada e soltando as fibras !!!
Só não devolvi pelo urgência em usar.",2018-04-20 00:00:00,2018-05-02 20:59:16
1e644a660c6ebedd1432517632e1c005,8881dc280b8de23e6913aaee6bf61bb5,5,ótimo ,Produto de excelente fabricação. ,2018-06-16 00:00:00,2018-06-18 11:37:37
1e6d4c8f20a4ff9e58a72cde81eed6ed,fb520e46696d1669a96549c252ed177d,2,,"Extrema demora na entrega. Aliás, nunca tive uma compra que houvesse tanta demora. Peço ajuda do baratheon para resolver esta entrega. 
Grato ",2017-03-24 00:00:00,2017-03-24 12:45:56
1e7c9ab90319d7215b3582aecca6eb75,e587da74353d520a30d8a30587229f22,5,,,2018-05-19 00:00:00,2018-05-21 20:54:24
1eaed671b3c86d22324a5a6884458ca1,0e622d371212819a199d533eafd7e4c3,1,,Fiz o pedido de 2 aparelhos de jantar mas recebi somente 1.,2017-12-08 00:00:00,2017-12-11 11:56:14
1ebb2f2d5e9780705d0be609cf5ae25e,63a1e75d65a3dcb40d5f452a248e9680,5,,Produto com boa qualidade e entregue antes do prazo. ,2018-07-24 00:00:00,2018-07-24 15:52:53
1eca8570e301d2d9ee72698803c6ae41,f0b47dadd5f372c41ae2cab6c72877da,5,,Muito eficiente entregou bem rápido eu recomendo,2018-05-10 00:00:00,2018-05-10 23:45:39
1ed235b461315d460bd826b82ded24f1,eeed16ea7d99f4531ac2aefa8dd79368,5,,,2017-11-30 00:00:00,2017-11-30 14:36:16
1f0f65d207bd79499c902f06ff9ccc46,c29f77479a4983291796c220560a9646,5,,,2017-03-17 00:00:00,2017-04-10 18:10:57
1f0f778f8d823889f73acb46b5b286aa,186a454110404a0ad7994b2853592901,5,,"Sou cliente da stark.
Muito boa a loja.",2017-03-08 00:00:00,2017-03-13 19:43:10
1f16440fd00be2cac6725028db62fa59,dec187408e75f0e3a10eb475e45e6ab6,5,,,2018-01-20 00:00:00,2018-01-23 10:21:12
1f431f2a588ba1304c90b331e9dedc81,74fd3f19e82d4dc348cf34d3870605c1,3,eu me arrependo da compra,gostaria de devolver o produto mais não estou conseguindo preciso de ajuda nao quero o produto quero meu dinheiro de volta,2018-08-28 00:00:00,2018-08-28 20:48:15
1f490b6502945ffb7db75e4e0cda5eac,5b023700ca22594b76150412fb31d733,3,,,2018-04-28 00:00:00,2018-04-28 22:09:54
1f5a8d2d530eba649e2182fb41eb9dcf,a710aa239bfbb253f2ecd578893a07bc,3,,Gostei,2018-07-04 00:00:00,2018-07-05 21:37:25
1f67c1deea0170aae5bec05b9873903f,b88ab07fb8df9a5215f630bc0da356f8,5,,,2018-03-01 00:00:00,2018-03-01 13:00:54
1f715bc87c4b6e213ca4c21d11d2cf4a,f3b96845efd71daecf6b331fb3a9f537,5,,Eu recomendo..,2017-12-10 00:00:00,2017-12-10 16:12:27
1f80ddc1e47fa27e028f8d94684375d8,3967044b1f033a8b079e050cf79b2586,5,,Otimo,2017-12-06 00:00:00,2017-12-12 11:03:24
1fa342e530d3968dad94ef68cf9d69e3,bb0254422b24df86bddb238203a16aa4,1,,,2018-04-06 00:00:00,2018-04-06 04:48:22
1fb3951de66d99985a4fd1c3c7ac36dd,27b974fdb1343121e2a97ab9bfe080e2,5,Bom,Oitimo praso,2018-05-26 00:00:00,2018-05-28 21:39:30
1fd37766c21d37360d71d07ac216dd83,83ef226cf3b661d1cc190b0a983e2619,5,,"PARABENS AS LOJAS AMERICANA OTIMO PRODUTO E RAPIDA ENTREGA 
",2017-12-01 00:00:00,2017-12-02 02:48:05
1fd87c2d1bf9399fdea82d4ae97a3eea,ac17fcdce65beed9ddc7473ff8150528,1,não. chegou ,foi prometido entrega até 02/08/2018 e até agora nada.,2018-08-04 00:00:00,2018-08-04 11:44:27
1fecbf0dac278c0d5c219b87229a91e0,737b63f784a8e20dbc2a9abd527f3923,5,,,2017-03-28 00:00:00,2017-03-28 21:57:27
1feda18d77697c9137e786c75a1d09ff,cb896c46d38595d3eef1b8aacc192997,5,,,2018-03-07 00:00:00,2018-03-07 08:53:45
1feddd6182c504d5209e71ea3f4e8ddc,403ee67b92b2fc4c2c2ece77d61b168c,5,,,2018-05-12 00:00:00,2018-05-12 18:51:09
1ffb32409730d69bbb5e43854e520701,7fb9a8071a075a78c82420971e66dd77,2,,"Não é um produto que chega e é passível de instalação. Sem manual, é necessário entrar em contato com a empreaa fabricante. Um produto caro que exige plataforma Windows para instalação e configuração.",2018-01-12 00:00:00,2018-01-16 06:51:38
200099b88c3ab7ce6daec28ad6be3945,4a8fe18e8771bd810821df6dcf3428e2,5,,Prazo excelente e produto ótimo. Tudo perfeito. ,2017-07-05 00:00:00,2017-07-07 18:50:44
2010515921d00448c07f5f26dff7b805,174fb39de9de15c80ea4076ba0cb6c83,5,,,2018-05-27 00:00:00,2018-05-29 22:49:43
2042282643a32c4bdd1710cb2424509a,46ab3e1c2c3eed0ed5bd72930759d25e,4,,,2017-10-19 00:00:00,2017-10-20 17:35:28
2043259de03f7957f399d2f504539157,979fdfc1766453994df684ee9637ec80,1,Produto veio diferente ,Produto veio diferente ao anuncuado. Liguei e só esperando o código para a devolução do produto e reembolso do valor pago.,2018-07-26 00:00:00,2018-07-26 21:25:30
204ee22795e69b0f451c81b7c97c98aa,67396d4e8e815db60a202db276db16a5,4,,Gostei da maleta era como eu queria! fiquei feliz por vcs terem mandado certinho o que comprei.,2017-11-19 00:00:00,2017-12-08 01:33:28
2054ac33d317abdaea4465e63990b7ed,9b0f7f462c34c45144ec11e414eccab1,5,,,2017-11-14 00:00:00,2017-11-26 13:30:51
205e7010091b6e2881670e88999bf5f6,7575d831a96234bf02a093daaf34e375,5,,,2017-08-08 00:00:00,2017-08-08 23:24:06
208d752e9f4255953cfe758f81629152,23e7bb857c480aa4791ff2f7f2a5e151,5,,OTIMOS PRODUTOS,2017-09-24 00:00:00,2017-09-25 13:53:26
20a2788ca09e1c37634600a2a4b60cca,1b6c5ab6683a19bca12106679e94fe4e,5,,,2018-04-06 00:00:00,2018-04-06 20:35:24
20aee765ad3d4136c0e935b82887845b,5be9af49f40fc3bbb1c3c8aa5b7d8ee9,5,bom,"
recomendo",2018-08-25 00:00:00,2018-08-28 03:03:17
20cb3fcd5a01ab0fd347479c951d003a,543698050075bdc4dccb5009076c552a,5,,Atendimento muito bom estão de parabéns em tudo ,2018-03-01 00:00:00,2018-03-01 18:57:52
20d0c1775df917c089b8407f5c552eef,e63535549952058863a162a6c807e0d6,4,,,2018-01-06 00:00:00,2018-01-07 00:05:01
20dc459a9d65cff358ff31d6ef383200,8e3944fa77034393e3a23b589af8e3ba,2,,Porém a caixa veio toda amassada e o pior é que o produto não veio de acordo com o anúncio estou esperando para fazer a troca ,2017-10-25 00:00:00,2017-10-26 00:54:32
2104f309cc01b4e6b1b2858cf3fc3586,bd982aee32cd290fc0ecf05ec77c326b,1,,"Comprei o telefone com o prazo de entrega para três dias úteis, que daria dia 09/08, e até agora nem sinal do produto. stark precisa repensar esses parceiros com quem anda trabalhando. ",2018-08-11 00:00:00,2018-08-14 12:07:54
21119103316ddb08d0bf59fefdd60ba5,542a2c666cc61a67907e200c8cce4a78,5,,,2017-08-03 00:00:00,2017-08-04 00:10:57
211c272c6a51d3665c197bd367d8c6e4,958da7d574d07d1acbcf0c5c0f5ea9b6,5,,"Chegou em perfeitas condições, antes da data de entrega",2018-04-24 00:00:00,2018-04-24 16:57:11
2144c89d3f5223859489cd2f6248d3ec,1bc159c29e3f54a9f2d4d2bdaa45b5df,4,Bom.,E uma ótima plataforma de compra,2018-07-13 00:00:00,2018-07-13 21:41:26
216e9e72c78bd565c099e40fc426b757,d3350e3a63b03e10d16463a2e75a5361,1,,Comprei dois produtos e chegou somente o Whey Protein. Fui consultar a Nota Fiscal Eletronica e só tem o Albumax que não chegou. Não estou entendendo a entrega desse fornecedor. Já reclamei!!!,2018-04-16 00:00:00,2018-04-26 15:08:44
21861b82b8966d66c907fcdf30d9c645,5fc0077c7ba092d24743a55d05cad3fa,2,,"Estou avaliando com 2 estrelas pois o produto veio com problema na palmilha.
Estou aguardando contato do fornecedor para efetuar a troca.",2017-11-17 00:00:00,2017-11-17 23:29:04
219491d1972179c9b8f94f6124f95232,b45a5a1ecf16bbfd6254cdb7ef0dc2f7,4,,,2018-03-28 00:00:00,2018-03-30 22:12:36
21a90a1f748353fb80179a7f0c5ed3ee,44ed504dda677f0c2509cf533ceffba9,4,,,2017-12-02 00:00:00,2017-12-06 00:01:43
21b3cbeb9b6c042ee3580d4b7b7c6e96,5b10d29307d564e7cba05fe2ecf7334b,4,,,2017-08-10 00:00:00,2017-08-14 11:06:20
21b7cdcd597ff6520d20f10111128b53,9167e0a67d886b453dbb9318f1db42cc,5,,Ok,2017-06-27 00:00:00,2017-06-29 19:10:06
21be4ccd805829300980dfc9a50e9679,2da3f67af1db377e56dc9a07b969c9aa,3,,"So é muitooooo pequeno
",2017-09-19 00:00:00,2017-09-20 12:35:52
21c2ddb560e743832bbe18c761abc70f,08d862895d238cb8405dffe9b981df25,5,,,2018-06-15 00:00:00,2018-06-15 23:45:16
21ce70c1fdc9f840ad7aff98de6c2703,f18f5dcedf8a6caf530bf0cad9937b4f,5,,"gostei muito de compra com voces, so gostaria de saber o valor mesmo do frete de Benevides,quando eu coloco venda no carinho vai mundando o valor do frete, teve frete que a te 160,mim pata de compra ",2018-03-20 00:00:00,2018-03-21 14:42:54
21febdf1aa3f6e8b225d0ebd6fd0150a,7fc163ae2a200d57c1118812221bcf8e,5,,,2018-08-10 00:00:00,2018-08-11 02:45:13
220da20c8f5da4c3662dcf8e66fc2937,ff098b9342213641be5da8163f0fcf2c,5,,,2017-11-23 00:00:00,2017-11-23 16:02:46
2211b6c7a61c868164cbac342338de1e,cdf746aa8492ace4e8785a606adf00f4,4,,Vieram peças incompatíveis com o tamanho do acabamento do teto para a instalação. Tive que me virar para conseguir instalar.,2018-08-29 00:00:00,2018-08-30 01:48:16
2225b016aba64b6f0ca8df2cea272eb9,8ea33c8a1daf30c76ff35b6574d8fe63,5,,Muito bom,2018-01-26 00:00:00,2018-01-27 03:19:11
2236592b60b5a6d013ef4ddead6eca6c,b100288d2ef3b6e474121c21d2af0678,4,,Não testei o produto,2018-01-24 00:00:00,2018-01-24 19:59:05
22389927db0c1a93992bdfa88c7716f9,4e1fb96e2f63c315a9ca0c11d9254ada,3,Boa,Eu tive que ir buscar nos correios.,2018-08-24 00:00:00,2018-08-24 21:40:26
223d599945e3a610f6111484582b01c0,197979ae89666596c6a65ba20fb220ce,1,,Vou deixar mha opinião assim q receber.,2017-09-22 00:00:00,2017-09-23 12:03:41
224c46c221d3cfb01e9967158a4a71ab,05ce7829fca9c640cd884ba446956158,3,,,2018-01-16 00:00:00,2018-01-17 09:15:22
224dfa8d1d5af835fab83b23120e0486,aba02e203a50c9dcf7c2b6b210b5f6eb,4,,,2017-12-10 00:00:00,2017-12-13 15:39:37
225a1d6c15df0b41f5dc5ca48b4512b5,d35a77135cb96df5bdc938dcdbd2d85e,5,Ótimo! ,O produto chegou bem embalado e antes do prazo. Estou muito satisfeita!,2018-06-15 00:00:00,2018-06-16 13:57:40
2267d9d8439491e1a9faa3835a3b0830,8fa3ca81ea5bfd6524490d91832821b1,5,,,2017-11-08 00:00:00,2017-11-09 04:25:16
22718db7031d988807f278bb7128ee1e,f8337e09908840a3536231a3a198b43a,5,,"Produto chegou bem antes do prazo. Não tive problemas. Estava em dúvida com relação a qualidade do móvel, mas não tenho o que reclamar. Recomendo.",2017-10-21 00:00:00,2017-11-22 20:53:20
22809834a80d8349135519e2ba4b6fad,ccafe6201982b2369baac3ad28c67188,5,,Recomendo para todos ,2017-06-15 00:00:00,2017-06-19 21:00:05
228cdac9136dee0a9052096f1cce30b6,d9fee3504f55226ed8e155bdc0a36a06,5,,,2017-07-28 00:00:00,2017-07-30 19:34:48
22963961af4a6ff7709ab400c7cfdb99,68f47f50f04c4cb6774570cfde3a9aa7,3,,,2017-05-17 00:00:00,2017-05-21 20:32:25
229b8597821c0d9721619d041a531aaa,8a32f78d59c6aec1ebdfaf5788bc84b1,4,,,2018-01-31 00:00:00,2018-02-01 11:03:06
229d3a71d00eaf3257c4590902a69a1a,fc4bcada7517f413ad3d38e7404c9b3f,5,,,2018-07-12 00:00:00,2018-07-14 19:38:47
22b7f6cde15d27d97581732a97d1fcbb,55a77a7dd079d592581f4cba1659ad33,4,,,2017-06-20 00:00:00,2017-06-26 11:11:15
22c86971ee089b96f61b0468d476fa24,5441503215c03f85218efd398d2bb270,5,,,2018-01-04 00:00:00,2018-01-05 15:10:33
22cb859d4d6995fcfe4a0f95e040f9bc,e27b496ee62de9d46e3f1ed56c2c49c3,3,,,2018-08-21 00:00:00,2018-09-10 16:46:40
22d2657f5b5475eea70ad746d1913535,3c3e5bec9a05202ab008c05c55f951fc,5,positiva,Recomendo e assino embaixo.,2018-08-16 00:00:00,2018-08-21 17:30:14
22ef26e090b439dba97206ed0e15a49a,3d966a23ca6c6a3e5dca4053ee2c654a,1,pessímo,"qualidade do tapete muito ruim, suja só de encostar e tamanho menor do que o especificado.",2018-05-31 00:00:00,2018-06-01 15:19:57
22f86c2424f1bab1376203d6b4c07f87,d19f4ab4bd008d9b26f5eb3afc6cc251,4,,Ótima loja recomendo a todos,2017-06-07 00:00:00,2017-06-07 15:31:19
22fb4da5d48ba0c2456f057a6ad0e90c,1800e46c3912d9882187335b9768b6a9,4,,,2018-08-14 00:00:00,2018-08-15 17:25:23
23069688b535e676934c6b3d17a524ef,e494c29003c61332fdf1340bba650cd3,1,,"Bom recebi um suporte, mas foi com uma ventosa pra colocar no vidro, e o que eu comprei foi pro encosto do banco. Porém não tenho interesse na troca. Ja comprei outro. Obrigada. ",2017-11-24 00:00:00,2017-11-27 14:03:09
230d0ad68acf11199b1eefbd5a75bc39,5dedb012dc056caca4184c7fe7ec5613,5,,,2018-02-08 00:00:00,2018-02-09 03:04:57
230d24ebe38c59faf755b2860bc63827,1d6bda6e5595652f956770a32ae4ba0d,5,Tudo ok,Otimo. Top de linha,2018-06-05 00:00:00,2018-06-06 19:13:38
2330ba40f91f99cf7f47a5418aed42e6,fb7f2bd158ff5c98d1c6f296100b89ee,5,,,2018-01-06 00:00:00,2018-01-06 14:07:46
234c40c3552569764f42c55f34f90f27,30945faa37e8264ea2815f7bf799adf0,1,,Já fiz outras compras e foi tudo certo . porém esta nada ,2017-03-04 00:00:00,2017-03-04 13:40:28
23542584af0d3f2c4e8732bb5cea0bc3,4d6951fdb1a472a77ce1422ca656c2b8,2,,,2017-05-30 00:00:00,2017-05-30 23:08:09
235a74c5f794e1426b56987f76e9e4ba,9cffb1e19a2d93d7959976c5d5c11138,5,,"A colcha é mt bonita.
Gostei!",2017-10-20 00:00:00,2017-10-21 01:12:49
235c4344603b1225db08111bf0fb6689,bd097e5fba6d060c0adb69b8865b1dfe,4,,,2018-02-15 00:00:00,2018-02-15 21:31:20
236361d6ed747ab08f32dfe8c356dad4,2d2af0a625555b1d0ca95f6feed922a9,4,,,2017-09-02 00:00:00,2017-09-03 13:39:44
236bd005e997c014f0943a927e37405a,4f72abdcedf8185382214a227cdb9e9b,5,,Veio tudo OK!,2018-03-16 00:00:00,2018-03-19 16:56:54
2370da672c69b60b7e25c2f24692cfdd,36869aecba8d52a09823c891345e0e32,5,,,2018-03-08 00:00:00,2018-03-10 23:18:36
2371cd6facb38ce7cdae5dc687401ba4,dab8a6c6bd6ec448df5b3a6b6cb887bc,3,,"Não sei ainda , pós o que eu comprei não chegou ",2018-08-05 00:00:00,2018-08-06 02:18:43
23789cacb099079fa3d37208404fa318,821b1d19ba63b3109388a4bbc84d3f43,5,,,2018-01-31 00:00:00,2018-02-01 20:08:08
2379d3ab4bb9a429d6badaf85542561c,9c76544bc3be770f1d1577a923ca28c5,5,,"Entrega correta, loja confiável muito obrigada ",2017-12-16 00:00:00,2017-12-18 23:49:49
239280da2db6c9c98d50a19bda885d5d,098a8457920d6c63f0cb10ccfbcd369d,5,super recomendo,"Tudo perfeito, produto, prazo e principalmente o preço!!",2018-06-13 00:00:00,2018-06-13 19:35:24
239c2ef20be8bf23cb2194d354893639,f1f812f73ca332c8951443e6dc2f8d54,1,,,2017-09-13 00:00:00,2017-09-13 13:21:49
239c4af8ca802bdbbdf8f859d75606fa,6fd1dd6138481494d4b90327ceca7dee,5,,Produto chegou dentro do prazo e em ótimas condições. Compraria novamente deste vendedor.,2017-07-22 00:00:00,2017-07-23 13:55:30
23aa99a8cc2d4313ce9b776e46404c49,31a8766241a787028fc15329259dd644,5,,"O relógio lindo, perfeito.
É um modelo pequeno e objetivo, ou seja, sem firulas.",2018-02-15 00:00:00,2018-02-16 00:17:13
23aafb33fe6fa8ccf9f9dd06b010b9fc,82e098e90be56ba3b67aca2e1ba26fdb,2,,"O maior problema foi ter de buscar o produto nos correios, que não era o da minha cidade. Absurdo ter de pagar um frete que não é barato e não receber o produto em casa.",2018-03-23 00:00:00,2018-03-23 15:46:12
23b1bdd524a96924648f1b9b46bc071e,1c6380dc10ebea9bad618eb25fedcdfa,5,Excelente,,2018-08-04 00:00:00,2018-08-07 03:12:52
23b4bc2bed27abb066272d560caa7c5b,94d97c26cd5ca2a98749be9e672b44d4,2,,Solicitei a devolução mas já se passaram as 48h e ainda não recebi retorno.,2017-09-12 00:00:00,2017-09-15 00:26:56
23b54c0bc81aa99347207c68af86dabc,7c4281b08578a1e5e13e56814b3c6123,5,,otimo produto,2017-07-25 00:00:00,2017-07-26 13:04:29
23be511c12a57fe4052555f9c8905d8b,9444fa2ab50a3f5af63b48be297eda24,5,,,2017-09-19 00:00:00,2017-09-20 03:47:39
23ee6ba253b01070e7a05a01ac96d833,a5d865e12e7e0f8952334691874959df,5,,,2018-08-04 00:00:00,2018-08-06 19:44:11
23ef071a295537191124b5f9d6fc16ce,bb83b0d50ebbe83d2d41514296baf238,5,,,2018-06-20 00:00:00,2018-06-20 19:27:30
23f46e27ea328cb087d9e1b3df719048,856d6b7354ca57ce6a2865c9c5e9e6e7,3,,,2018-08-25 00:00:00,2018-08-26 02:04:14
24014f032936332c54fae101f6dc6587,1a3232d9cd3dd8dee9115e3c9a4668d1,4,,"Ótimo produto, valeu a pena.",2018-01-09 00:00:00,2018-01-09 21:34:44
240bbd56ee53548a5306092e13601409,23bd4c7d83fd48f908879d5a1aa32bf8,4,,,2018-04-28 00:00:00,2018-04-28 22:35:40
240bd4986d74f290714059c3b1e456d0,2d3bc1f6ed458a137c51adc3cab7a488,3,Atenção ,Infelizmente a informação principal em relação ao produto não se encontra de forma clara na pagina das lannister .. comprei uma maquina para extrair oleo com voltagem 220. Vou devolver!,2018-08-11 00:00:00,2018-08-14 15:05:29
241a640324b85b3eb27f068cb1d32565,f584750a7d396178965d61cce2bf2c9a,3,,Não recebi nenhuma estampa da foto,2018-01-21 00:00:00,2018-01-24 00:01:27
241d4322e9c538d28837589d9fa7e489,8ef9b1e6158c40ee1a00338ed432d6f4,5,,,2018-01-26 00:00:00,2018-01-29 03:21:15
244804a7fcda2762ce8b0dc4c6e13d12,1a96dbd0041decf9c11c051b4f13d676,4,,,2017-12-05 00:00:00,2017-12-06 11:00:27
246d468b6372cd246ebf31eba003a678,5fb801bbd0a3376799e6d3a508f845db,5,,,2017-04-08 00:00:00,2017-04-10 12:37:32
247549b3f725d625a44ccc4c15a27dc4,9b4c32557fa9eadd42717fd0f2e255a9,1,,,2018-04-11 00:00:00,2018-04-12 00:34:37
24c08f393f2d716d30adbd58e9a6939c,59e7ca596664da0a459a145eb95cc9c5,1,,"Não recebi o meu produto e nem fui avisada da falta do item na loja.Quando entrei em contato,quase 1 mês depois,é que fiquei sabendo que o produto não seria entregue pois não havia mais em estoque. ",2016-10-27 00:00:00,2016-10-28 21:09:40
24eaeb02363f796f3eb2cd62f30ee8e5,e9171e375d76592a7c88e9f155664869,1,,mmmmmmmmmmmmmmmmmmmmmmmmmmmmmmmmmmmmmmmmmmmmmmmmmmm,2017-07-29 00:00:00,2017-07-31 12:14:16
24eec1d5c2fab1de7ef419e01b9c34ac,be9d88133ac0473fda4ebbdc48d5140c,1,,"Ainda não recebi o produto e solicitei que a loja verificasse o que ocorreu entre as transferência entre correios e esperei 48 horas e até agora não me deram um retorno,é um presente para Páscoa",2018-03-11 00:00:00,2018-03-11 17:15:01
24f0d429135ca8342d86d4ca1a9c0d3c,92b2185ad7819322fe1488669fcb1f31,1,,,2018-01-31 00:00:00,2018-01-31 19:29:23
24f29af7e0160915b63db804ec27d87b,d82cef48824870df9946d57e827ed727,5,,"Vendedor muito bom, chegou bem antes do prazo,
produto de boa qualidade e super bem embalado, adorei!
",2017-01-17 00:00:00,2017-01-17 12:46:57
24f4a6d86bbabfcc5758ccd8c0c9c85b,e2ae500f28aab47adcb9f215fac99b5b,5,Recomendo concertesa,"Nota dez para todos ,loja ,entrega super rapida relogio lindo gostei demais !!!!!1",2018-06-21 00:00:00,2018-06-23 00:09:50
24f56e9a76350f8a83de02d39d05c11a,d74a4114b1ecea21d099a6c7aea88058,4,,"Pedido entregue antes do prazo, voltarei a comprar nessa loja",2018-01-12 00:00:00,2018-01-12 23:01:15
24fca39028bd6bbbcf4c0d9929b75f30,bee4fbc438d2d48527e812cb6a1c8166,1,,"embora tenha comprado o produto durante a Black Friday para presentear uma criança da família, o presente não chegou a tempo do Natal. Fui obrigada a comprar às pressas um presente substituto",2017-12-21 00:00:00,2017-12-25 21:30:26
250161ace74fde3001a8394b2353a656,7f02d70013ec3fbf6a7f5791f936d832,4,,,2018-05-20 00:00:00,2018-05-21 03:01:06
2503dfe88c9d80d68fc313012cf45e61,b600d406784f1f3c7f6129e10cae215b,5,,,2018-04-27 00:00:00,2018-05-02 19:23:25
25220e954a5481d5bb657722a87e3a97,0957ed870116e596b800540427c61497,5,,,2017-02-10 00:00:00,2017-02-10 08:18:57
252d14a48c604e457453ed16a8cfebdd,c51ed3d77baf76974358a156521bbd16,5,,,2018-05-08 00:00:00,2018-05-11 02:08:34
253084b7c36fae34f21d2c5ab0c62e2e,edd5efc0d9d7294fe4bf1636c26cf9d9,5,,,2017-06-22 00:00:00,2017-06-23 03:12:27
2538023f75dfbce7df5bc1d8fe31c31d,aab3b583efdded9a5a8214c4edfc387b,5,,,2018-02-27 00:00:00,2018-02-28 09:14:02
253be13de799f51278831416d9b8354c,bb1cb0653f2664a83f30a4bc0b483f94,1,,até agora não sei a onde foi parar meu produto,2017-10-03 00:00:00,2017-10-26 17:34:13
2546aa895aa1305fddb78d66f4730393,9f3bb89658a46c809fdd407e86914f94,5,,A entrega foi realizada antes do esperado. Produto de excelente qualidade.,2017-06-23 00:00:00,2017-06-26 11:15:47
25472a0908a93134aac482be58963c76,a477cdebba202e2c15cae2e35dbac3b3,5,,Gostei bastante fui informada que o correio teve em minha casa no sábado dia 02/13 mais infelizmente eu tinha saindo precisei sair pra fazer alguns pagamentos e tinha que ser pela parte da ma,2017-12-09 00:00:00,2017-12-09 13:26:42
254757105deb49eaddc3f03249b6a89d,0fd408210166f23fe823070a2f690048,1,,Pedi 3 unidades do produto é só foram entregues 2 unidades,2018-03-15 00:00:00,2018-03-15 19:16:58
25a577806f49f2471a62e639837ef208,d1da39d6d643a11a4083de84d30996a9,4,,,2018-04-12 00:00:00,2018-04-24 17:14:08
25ac1a18a83479d82609fa3b51051e35,6d86a700fbdfec909998eefa9110f3e9,2,,"Ainda não chegou , vou esperar até o dia 26, prazo que me foi dado. Duas estrelas, só por enquanto.",2018-05-16 00:00:00,2018-05-18 16:44:57
25cac81072dcb50ac7af0084057be701,785ceb77eb42e247a85b8e65c7724ac8,5,SUPER RECOMENDO,EMPRESA SERIA ENTREGOU ANTES DO PRAZO ;RECOMENDO A TODOS,2018-06-19 00:00:00,2018-06-20 13:39:53
25d5eea7aac9374fb58160fc7aa66b93,10baace34a8f00b9b8a872d49d897fc9,5,,,2017-09-09 00:00:00,2017-09-12 09:25:31
25dca620ed8de5c60812033fd2948a2e,154f07e395b8990c8aa5a60b0f38fc3e,5,,,2017-06-09 00:00:00,2017-06-12 11:05:45
25f2c12ee71975b0e13ac18b9aa43214,95e07772220c46b29b44d09579d28662,5,,,2017-06-28 00:00:00,2017-06-29 10:39:15
25febc24b7c3092cb816e4828c9c567a,3a0855d32f10ac8041aaa2e84ba0bbc0,5,,,2018-03-30 00:00:00,2018-04-02 16:27:10
261bb557eb45420429dc8bd41ad5265c,bc07f82ae356cbf2177d716646abe61c,5,Bom,Não tenho,2018-05-03 00:00:00,2018-05-03 22:42:33
261d7b84d4a9b5c33f4a1b158b38a61c,9c7420176504e0322420860db10766e4,1,,"Estou esperando me entregarem a outra parte da encomenda, visto que so recebi uma parte",2017-08-12 00:00:00,2017-08-15 00:44:25
2623c5658136e13c4f863e1ad47cff9d,f1e26a3e572b95d4a002309cc2ae18d7,3,,,2018-02-22 00:00:00,2018-02-25 01:30:26
2627a9d1a007e459f530a1b7a60be367,e4b774f7fa2c4ce8052731dfeb5cc3f2,2,,,2018-07-07 00:00:00,2018-07-09 16:40:08
2630d1de0af18243c1c87fcc44b3b843,7323d8e601f88123554e4d9bdb617b79,3,,,2018-05-02 00:00:00,2018-05-04 22:19:41
26358a27599326be5e39b4f4b41b995f,8bf6956999b0861c3191773f28806f40,5,super recomendado,Recebi no antes do prazo combinado. ,2018-05-16 00:00:00,2018-05-16 20:03:43
264e319534e23aa2356fb57ab00ff740,6f17dbe0baf3d45a1ddf91bf756dc359,4,,"O produto não é exatamente como anunciado na imagem, é da mesma marca, mas não confere com a imagem",2018-07-14 00:00:00,2018-07-16 18:28:50
2652799b3366b1bf28286eb777568558,baa6a79da6b02b2a756bafd22ca73636,5,,,2017-07-13 00:00:00,2017-07-15 12:57:52
266b646bb1e97e0b7fe0bcfbb39029b1,5c87f97c103f08f9cd977b07384a3fd3,5,,,2017-06-06 00:00:00,2017-06-07 13:06:00
2685e8b0cca11315cf85a4392d501450,75f227ab43795be91bd8357ab627bab7,4,,Perfeito,2017-12-05 00:00:00,2017-12-06 08:58:15
268d71995d6c0c472faf0f13b442a00e,ba89a3d7d01c8a2a0bbdb514a851e9f1,1,,Comprei 2 unidades é só chegou uma,2017-08-11 00:00:00,2017-08-12 03:34:40
269a8f5f03c995a8aec13c3dc56c15b4,4af5a8a71daf651bf0a9d449d3d1a27b,5,,,2017-08-08 00:00:00,2017-08-11 11:22:44
26c4c9a489cb89949adaf3abab5ebebd,d15310130fe6fbaf70e2c8027c9dd760,5,,Tudo ok ,2017-08-20 00:00:00,2017-08-21 12:07:50
26cb4466ec7163e260e4f19625c56a9b,acae143a186daba1a799e24d98f187d4,5,,,2018-03-24 00:00:00,2018-03-25 00:15:54
26ec162439bbf3647d2a79cd4f458a69,e3fdb4acd9e17c8b90cb9632990ee786,4,,,2018-01-09 00:00:00,2018-01-09 20:23:58
26f521d5a9950b726e74d8ed8c09eb41,8ff6ced519949488b47afc0e5af711f7,5,,,2018-04-04 00:00:00,2018-04-04 20:23:54
27029b02842d6d1e636c1b1cfdf5d4c7,fc566a7948095d23a16e8e2fb3c8ffc0,5,,"O stark é show para compras na internet, fácil de comprar, tem meios seguros para efetuar o pagamento, é rápido na entrega.

O único problema é esse programa de avaliação do vendedor que fica t",2018-04-03 00:00:00,2018-04-05 20:21:41
27031a86506363dc474b14afaa8ad6b7,39d92c90ecacf0e6411af62b7bcabe17,5,,,2017-09-16 00:00:00,2017-09-18 17:33:58
2703f9eb32b64a3625b91ba83161316d,f01221bdbf37c9c792b4cc3e78dc5dc8,4,,,2018-08-28 00:00:00,2018-09-02 12:42:50
272f9be02a082ef271640910aadbce39,57db811a1db1b622111203c37e6f98f1,3,,Muito bom o produto,2017-05-30 00:00:00,2017-06-28 18:22:47
273b1f0d4e4cd3400e90d3d426f33b35,4ecdafc07882d357b5607a05e3a1a46f,1,,"O produto veio diferente do pedido original,comprei um modelo e me enviaram outro,não fiquei satisfeita com a compra.Já fiz a reclamação com a lojas lannister.",2017-08-05 00:00:00,2017-08-07 13:50:26
27445763b6648d6f9a8d295e1d184e9f,02b9a87c19eb57b9ebaebb3a6850de9f,5,,recomendo,2017-11-08 00:00:00,2017-11-08 12:12:16
2758e6ec6d506f670f4a595a1186fa25,bfdd803339c3236164d4fda73c95f5c2,5,,,2018-08-10 00:00:00,2018-08-12 21:23:24
27617b711f04b19d117b38e82e79b547,0a54256bfd2401d553f81d8e37e5305d,5,,,2018-08-28 00:00:00,2018-09-03 20:48:51
27830308d3ac2f46740b32485168482a,6df84b84d593ebbd9922b07135002bee,5,,Produto como descrito e chegou antes do prazo,2018-05-19 00:00:00,2018-05-20 16:03:31
278762174a5e1487726430ad8dd416b4,7991b363c057a520b3ffa9dd2919cff5,5,,Os pincéis são lindos e de muita qualidade.,2018-02-08 00:00:00,2018-02-10 19:10:11
2787ad3d3fa05a16ceb7c73407ad92f2,b6db3da1ed3c1f5a82c7e5456e212d74,5,,,2017-10-17 00:00:00,2018-04-23 18:13:36
27a620f9f2f8d984232e0eeb514d9fc7,ee3a699807c80432481120cf1deb06c7,5,,,2018-04-26 00:00:00,2018-04-29 00:46:28
27b4592a51aa595c1008562c25945cf1,40516474d4dead1446fa9e9ae60d233a,4,,,2018-02-28 00:00:00,2018-03-01 12:46:30
27c253abdf9f15fe7e2c62b4335595d7,b812f8fd67c86d89510590abea7696d1,5,,,2018-08-04 00:00:00,2018-08-05 11:43:24
27d6357a04e4a4001bcb496630e91613,dd129706fb900252b1e9193815d80970,5,,,2017-03-07 00:00:00,2017-03-08 11:52:42
27e29157765523ac9d1f1496569d427f,bca438a94b0b58bd0f7a15666e522042,4,,,2018-07-24 00:00:00,2018-07-25 04:10:03
27e2f709b86113bf03892be1f2a98c83,035518626172ac1884aa3825eb7d1379,5,,,2017-06-15 00:00:00,2017-06-18 19:55:19
27e35d21394b950c29e80e4e59d1496f,7c71c859e83e35ab16a4bd8c418a5cb8,4,,"Veio corretamente e em perfeito estado o perfume.., mas hajaaaa paciência! Rsrs 
Veio no prazo estabelecido.
Porém, comprem sem preça de receber!
",2018-03-22 00:00:00,2018-03-22 22:28:27
27e374ed0b6c86c6cc00a46dae6fb6d3,b61d1cde65fdf2dffc129448698385c1,5,,,2017-10-09 00:00:00,2017-10-09 21:11:00
27f724a52b2b4deaf57804818bc27bda,f2f949c0ccde761a4485b5535eae0467,5,,,2017-11-25 00:00:00,2017-11-25 14:58:42
280488045d794def589fc89c74c0e857,ba811df8f38f8b18170fa9d29732ed0f,5,,,2017-04-18 00:00:00,2017-04-19 01:53:02
280751e84f5445ba9233922917f51fc7,9b7cadbb92caa7ecc994bc25a7932963,2,,,2017-08-24 00:00:00,2017-08-28 10:17:43
2810bafe05d6a154b69aaac3fe75e64a,7f73071c538cbb2b10e41a3041db481d,5,,"Recomendadíssimo
Chegou bem antes do prazo
Excelente
Parabéns",2018-03-10 00:00:00,2018-03-10 04:07:04
28156b0ed6a286965645785066feedb4,7b42f564d505ea0c0783bb273062ca8b,5,,,2017-11-22 00:00:00,2017-11-22 23:23:09
28182c99b81b100f16cd62b8ea523641,b431ef5386c1579fc784586883d7ac91,4,,,2017-07-15 00:00:00,2017-07-17 11:02:14
281c9ecdb3e128b981db5ed8f65b098f,7c0a8e739e7de73b6258885fc6fc32d1,5,,Agradeço por entregarem antes do prazo...,2018-07-26 00:00:00,2018-07-26 04:17:01
282b39000a7e0fc8985b455fd576e8f3,14def5e6b6021ae117c181c039258033,1,Não chegou no prazo,Ja paguei a 1° parcela e ainda não chegou,2018-08-12 00:00:00,2018-08-12 23:14:55
283200c2715258bdc36832e747b960c9,e35fda43bb9963155d19ccc348e92845,5,super recomendo,tudo certo! entregue antes do prazo.,2018-07-05 00:00:00,2018-07-06 11:25:22
2835a22ded67ac2510d2b5c5cb3e2128,b90846dbd50e328b0a1b6be47a8e2c0b,5,,Estou satisfeito com o produto recebi antes do prazo produto de qualidade.,2018-04-11 00:00:00,2018-04-12 02:07:37
2840d6a9e40d29a4af0192f220a3eac1,ef2d4e1e249df529bd9607d86aac1422,5,,,2018-04-03 00:00:00,2018-04-12 10:12:33
285b45d49d34b5cb607d344416d39210,3fb4d82a992d06f85994158787a76ff0,5,,,2018-03-10 00:00:00,2018-03-12 13:50:19
2862302ce1e8bb1fb2fa886ef0172c4c,abbfe78fd05873101e792fa04bbad963,5,,,2017-10-15 01:00:00,2017-10-15 14:51:54
28627ba82f9975b77625f60bd3e63a31,b095ce1bfaa02fb7b9e58c39b30c4ae3,3,,,2018-08-31 00:00:00,2018-09-05 15:26:03
28847cc5a3970af73dc0ced3d0b27986,bab4c3b7d9e904b2e991490cd65ccae7,4,,,2018-02-21 00:00:00,2018-02-21 16:59:57
28a1d65f1adba158faffb417f8826853,fe5934ce67c87c337cf9c8575d7772a0,5,,,2018-05-05 00:00:00,2018-05-09 00:29:25
28a69cde3073d56f546fa0fbdda48afd,37439c69cc9254ad393066b4061ae5f2,4,,,2018-01-19 00:00:00,2018-01-23 12:56:24
28c368023b7dcd4a33608eb0e1e73816,814a3fa64843bab063063a18603efd53,5,,,2017-07-11 00:00:00,2017-07-12 16:31:11
28e489b02ca82ab55544696dbea0218f,cf5e115a19c54f0457aa4c00fb88ae63,5,Ok tudo certo recomendo !,Recomendo tudo certo!?,2018-06-13 00:00:00,2018-06-25 22:02:08
28f40b7575401b1570f4dd7adfe9bd30,c61956e742b7b9e644a1f4ed0f6f941d,5,,Mas perece que ele distribui a energia e a velocidade cai se há mais de uma porta em uso,2017-06-10 00:00:00,2017-06-11 00:13:00
29077acf6d05c5cdaa0829144b89d6c6,d3b13898a835b480e8ab562071435158,5,,,2018-05-16 00:00:00,2018-05-21 14:51:09
2918056208ccbb2a19ed3946dc70f276,3da8b1bbe6650411cf568285bb956f90,5,,,2018-04-26 00:00:00,2018-04-30 13:29:32
291f98e5cd0359c30315ba32f97dbe84,c6772701a7cff60ffa313b5854c7d503,5,,produto muito bom facil manuseio e cumpre oque promete,2018-08-14 00:00:00,2018-08-16 15:29:44
29348085036c923d2db03fcf7046c528,8899770c263136aaa6768f75189d996a,4,,,2018-03-25 00:00:00,2018-03-28 02:57:12
2937766fa49789700b9b9f97c7f706b4,64cf90af2972e752091fa4a0344c47b7,4,,,2018-06-14 00:00:00,2018-06-15 01:50:31
294196c6ff0f68261f1588d35f2b6d53,4cc2340048994d76ad8665b2ed98e19e,1,,recebi o produto errado ,2018-07-24 00:00:00,2018-07-24 19:52:36
2961357aed5485e126a05fc91fa8e9f3,90bd4466c2905d7b5b56370149e62bcc,4,,Recomendo este vendedor.,2016-10-22 00:00:00,2016-10-22 21:10:00
2963e0cac76a11b6291068cb49d67e94,0e8488c62611eb99cdf174e019bf9d8a,5,,,2018-08-14 00:00:00,2018-08-18 18:58:06
2975eeacb7544067dacbf560dd572427,370098d35ccd8a2af86b57c81ac7d24f,5,,,2018-08-24 00:00:00,2018-08-26 21:30:33
297f92a0a5379707621193b62fdb4b36,fd22d0466cd7c6203111661f9efc93a1,4,,,2017-08-17 00:00:00,2017-08-18 12:49:08
29874665dd8556edb73ab0a60510e968,0b36b5725c37564b933ec5845f63b635,5,,,2017-10-18 00:00:00,2017-10-24 19:14:19
29969bc9058e85a11fb0e03dea005271,3ef9cbaa0a848de9dd30b1953d31a730,3,,"São dois pedidos, na mesma loja. Mas so chegou um.",2017-10-21 00:00:00,2017-10-21 21:37:35
2998c2ff9071103118871ac9817279b5,66b83d9733e90962483e931e9c6fb3df,5,,,2017-12-02 00:00:00,2017-12-03 21:24:56
299bdf9ce68d16e3b0601e8b825a2eed,bac5dc94cc5dbf0810f1919c2aac13cd,5,,,2017-07-14 00:00:00,2017-07-14 23:25:39
29af1dbf82191f0edfe25f006f7fe2d1,ef690426d84aff4f5560cb63d1092557,5,,,2018-01-14 00:00:00,2018-01-15 00:14:11
29bd42710a715c090d9480e013a05034,a5507507d82c1fb664405882ed065af0,4,,chegou antes da data obrigada.,2017-09-14 00:00:00,2017-09-15 14:52:10
29be3db359b9e919d6039f3714bde0f7,9105a0f2573fc723a25f05db30a3117a,5,,,2018-01-06 00:00:00,2018-01-08 23:06:29
29db304acf71e827b2d3dc7da3d0afa1,0989d111cfe79cf0bbdea443f1caf9b7,5,,,2018-06-17 00:00:00,2018-06-18 00:51:12
29eb5c01948e03383431b710454b11cf,ce8d55aa1c206156fde37e062c716ea2,5,,,2018-03-15 00:00:00,2018-03-17 00:08:23
29f6668099232dccfbc78d5cbabee59b,07da7d9fe6a7a8388af1f996b3bb0472,5,,,2017-12-27 00:00:00,2017-12-28 11:50:56
29ffb6f92601615e450be1a608cf5d2a,ac88d96f79bb0884df747b9c38fe48f7,1,,Não recebi o produto.,2018-04-07 00:00:00,2018-04-07 12:41:57
29fff84f100e9fe1a3252ca6ec231ea6,0d084d7d6f5d7b6a97582e1dc74dda2a,3,,,2017-11-01 00:00:00,2017-11-03 16:00:50
2a045fc4300bcb20ba96445841b43acf,c0bae1d039f9f7459a21f5276b1127f4,5,,,2017-11-09 00:00:00,2017-11-14 22:45:16
2a0c6bdbced67cf19cda34c1404cd72f,f86be73e2deb7e4d522ee8922cc02bd7,5,,,2017-12-20 00:00:00,2017-12-21 07:57:13
2a12777d47e15810bd523742c4cda12b,2759e33a8d084b097aaf4d4b8393e38c,5,,Chego no prazo amei . Obrigada !!!,2017-10-21 00:00:00,2017-10-25 10:47:21
2a1a36b6a8fcd0d7d318f4bfeb85caaa,65292b5890e7f0ef333b4a4904db838d,1,,"Não recebi meu produto, veio um kit de pincéis com nota fiscal de outra pessoa. E até agora não tive um retorno. ",2017-07-14 00:00:00,2017-07-15 16:57:46
2a1ffc57898e6523f73aee52474a6bef,f6f4791d4e9af576b54789af41c06f23,5,,,2018-01-04 00:00:00,2018-01-04 20:30:23
2a216c4bd332cbc86f426394d3b4940a,c7c5b66918c24322e797d5dc87caebd1,5,,"o produto chegou antes do prazo o que posso dizer e que as lannister e uma loja que se preocupa com o seu consumidor, e quando eu precisar compra novamente irei comprar so nas lannister. obrigado. ",2017-08-10 00:00:00,2017-08-11 18:51:35
2a2cf1254839024314ec620239ff91f3,0c5a7b3c5703837ef40113972224a978,5,,,2018-04-04 00:00:00,2018-04-04 19:46:51
2a2d5cf1403e370288d3e0afa30c2cac,80b2fb2d49f96b2a3ee411ede91361e2,5,,Recebi antes do prazo muito bom.,2018-04-05 00:00:00,2018-04-08 14:20:51
2a327dbe9458ce70806d34f9356aca46,484f11db440188250fec53abd4283294,5,,,2018-07-06 00:00:00,2018-07-08 21:26:12
2a395d9ba7750664d964aede064d7f34,f9847bf9cc7336c6ba07fe2bdbb6cae1,5,10,Muito boa,2018-05-23 00:00:00,2018-05-24 02:47:29
2a591af0a7b3f546f44109a08a5b1ce8,e6f9a5b68fb526cd3212c1bb62436c83,5,,,2018-04-26 00:00:00,2018-04-27 12:27:41
2a7015c19a715fb5230182a750a99bfd,bf60ac45ad533aad56e08608c2fa1f26,5,,"Chegou muito antes do previsto, comprar pelo site é rápido, confiável e prático.",2018-04-21 00:00:00,2018-04-23 12:52:57
2a893ee4c6da57c98a905ded6b990e24,c10600160de02ce63a426cc0e410e7a7,1,,"O produto é replica de material frágil, paguei 125 fora quase 30 de frete por uma réplica, enquato na loja um e 250,e arrependi, se soubesse nunca compraria aq, não recomendado, horrível não gostei.",2018-03-22 00:00:00,2018-03-27 11:37:32
2a8a02b64cae598d2607b0d773cc185d,8ac3b1365e8a70ae432b2a1ee0f68f23,5,,"Gostei muito da mercadoria 
Parabéns ",2018-01-30 00:00:00,2018-01-30 23:35:18
2aa76a1c6ac12a7473d66137b31d7794,fdfe6a493395db719f0dbe0ff0c40400,5,,,2018-03-23 00:00:00,2018-03-26 12:29:29
2ab01c7345fd0f07939b7b9124213084,95442deb81a5d91c97c0df96b431634a,5,,"sempre compro neste site 
entrega antes do previsto
nunca tive problema
recomendo",2018-07-27 00:00:00,2018-07-28 11:40:33
2acd021db06be8c0c736a9392110ed95,1d14bb358f43b14725c70bdc035ce24e,5,,Bom,2018-03-29 00:00:00,2018-03-31 10:29:42
2afe63a67dfd99b3038f568fb47ee761,49bab3f94ce298f6fde6208f426978b4,5,,"Muito bom, produto conforme anunciado, entrega antes do prazo.",2018-03-03 00:00:00,2018-03-04 22:56:47
2b00f347bfc02757afc1b9e1ea6ea280,b11a56abf15c11b6a5c248689c6525af,5,,,2017-07-13 00:00:00,2017-07-13 23:31:20
2b075ef3ad1610d7b0a3d610a5b74c96,cb6dff9394d43eeebcff3c8caea9375a,3,,tudo certo,2017-06-24 00:00:00,2017-06-26 23:12:34
2b2b94007927ef9c7382f016e8861617,16a10c94dc005b8e19195327eb853b21,1,não recomendo,"É UMA VERGONHA, SE O PEDIDO FOI PREPARADO PARA ENVIO DIA 23/04/2018, ATÉ AGORA NADA.
VOCÊS VÃO ENTREGAR O PEDIDO OU NÃO!
FAVOR ME AVISAR PARA CANCELAR A COMPRA.
",2018-05-12 00:00:00,2018-05-15 19:34:31
2b2d4f425411366d9d05809c2709d498,0e8b6c11a73010fcf68119448a6182cb,3,,produto recebido porem não gostei do sabor e testura do mesmo,2018-03-17 00:00:00,2018-03-19 10:58:10
2b42b5759aa9ebef57fe89dbe9e0b967,89b229dc09711327ecea7f124b029557,5,,,2018-07-29 00:00:00,2018-07-31 23:55:16
2b6002145ff864e46c3045387ca3e1a0,abfb34ed11820c7247adfb30fe5bb7ae,5,,"Fui muito bem atendida e estou satisfeita com minha aquisição. O site de compra mais uma vez me enviou o produto dentro do prazo que eu necessitava receber meu produto. 
",2017-02-02 00:00:00,2017-02-03 01:46:01
2b62c1a9b0b489804fda56fa0c369b22,0a2c9c3fedb974fcf5a8a569e9ba9da9,5,,,2018-08-07 00:00:00,2018-08-09 16:57:21
2b6dd85a5a65dbfddf57b22c0e269524,b9f31e3a32f182587fd629c681118d79,4,,,2018-01-23 00:00:00,2018-01-25 15:49:34
2b7008a3dc4569973af5d2ddc9334f5b,2a93ea3d6dc877b7e20d51aa102aae6a,5,,MUITO BOM ,2017-05-23 00:00:00,2017-06-19 17:24:23
2b8ba031dbfee01193af931864666f59,c91097d5f017e8117c4930db4bc51c66,1,Reclamação ,"Estou extremamente chateada com a compra, pois até agora não tenho notícias de onde andam os produtos. O prazo de entrega já extrapolou e nada. Quero que tomem providências urgentes.",2018-05-26 00:00:00,2018-05-27 01:43:21
2b998db44071672df2946700f81ce268,e517f71dc88296f054e8c386ddce3069,4,,,2017-10-24 00:00:00,2017-10-25 15:39:56
2babb4075fa142ceacaf7c831463128f,390056468c27192af8354d708051054e,5,recomendo,muito bom,2018-08-29 00:00:00,2018-08-30 13:21:03
2baffcfdc72ed76a22721dc90ed13f07,0e19122f9fa8f2ac31d7ee9742b7d98b,5,,,2017-07-04 00:00:00,2017-07-05 17:30:02
2bb308cbaf322cb684189009a0203942,b0018957adea4b9acded9df77514b844,5,Excelente,"Parabéns para loja, o produto chegou bem embalado, antecipadamente, recomendo",2018-07-11 00:00:00,2018-07-13 23:43:10
2bb4a77b8ee75888f91a06240f6c7454,3313dc446abbe2a29ae4ae064320b334,5,,,2017-12-29 00:00:00,2017-12-29 22:29:43
2bbc918eab61cc9c51afa4c62734d14e,70dd6272528235d8324f3d154b94861f,5,,"Entrega rápida, produto com ótimo funcionamento. ",2018-08-04 00:00:00,2018-08-05 09:51:51
2bc472f43a0d33ae13374eb3d3963f03,da0b6b99f3177153b2d410482eef35cd,5,,,2017-09-09 00:00:00,2017-09-14 17:25:56
2bd9596fb8902bf274ac4f73a7aa5b54,972e7938b32b93b78bf5faf4358ad5fe,1,,,2018-08-16 00:00:00,2018-08-16 18:22:39
2be8f71bd39c620331820ac4e0147f86,ed510933339bd7b6d8e16d6c83026998,5,,,2017-09-14 00:00:00,2017-09-15 14:15:01
2becb68cbc926f2284402f80ab6d1766,941d226d049bdb705438d2df05047b54,5,,,2017-10-06 00:00:00,2017-10-06 18:07:11
2bf0c7591c749c88eb1947577e438e6c,6b3138748728fe92cf423b0abf199c8b,1,Veio produto errado,"Loja mal organizada
",2018-05-04 00:00:00,2018-05-05 17:35:44
2bf2913f793ffd3739c41cccfc43c8c5,cd3558a10d854487b4f907e9b326a4fc,1,,Produto não tem clareza na informação. ,2017-04-21 00:00:00,2017-04-22 13:34:04
2c15e1486bfe2e252c295054334bdfaf,351c4682748b3e66dd18732d650baff2,5,,,2018-03-22 00:00:00,2018-03-29 00:12:42
2c18759c5b2d77637277a2aacdf73ffd,747472f67c6d285c60bd732fc28beaf9,5,,Recomendo este produto.,2017-11-25 00:00:00,2017-11-27 17:01:29
2c1aa89bcbe51bdf4192aea47555f739,52f795c33d266ff75e0f1b1738caf2f0,5,,"Ótimo produto, se vc quiser presentear o seu pequeno e não quer gastar muito recomendo. ",2017-09-12 00:00:00,2017-09-13 00:39:02
2c1ef6288d767d38ddb220ba5327bf62,6a93b0cb6a5a2c7732677334a4535a1d,5,,Produto lindo.maior do que eu imaginei.mto satisfeita,2018-04-25 00:00:00,2018-04-26 09:46:06
2c2fcdbd0433a048bc9bdced9b82f009,4a721ffd84fcdf73673c0abbf2035fb3,5,,,2017-12-02 00:00:00,2017-12-03 22:37:06
2c3de1bf07365326e090e53b60f01378,43d0e984f7e7256bce2b8f15fdfef0dc,5,,,2018-06-29 00:00:00,2018-07-01 01:10:30
2c3ef09761248e81d0cae48fa7beeff7,d0b8fae6095efc549a71c97c8c6f4f73,4,,,2017-07-19 00:00:00,2017-07-20 19:48:41
2c42ab04dea4997633269b18aefa6602,38c61d1bbf5143a8c347ebaa490e234b,5,,,2018-01-16 00:00:00,2018-02-01 15:19:34
2c447478871f6f3bde596335efc2432b,c5e0223ff36f3c5128010ee14e7ee6d1,5,,,2018-04-05 00:00:00,2018-04-06 17:16:06
2c4950529155ea11e56937bef7be01ba,cc91697062f893c9903a248153c34e8d,4,,,2017-11-14 00:00:00,2017-11-15 12:29:26
2c5d7f9d3ebb311f84368aca454e270a,d9ddf675a1e7539367d20a66ba38b168,1,,"nao recebi o produto suporte de cone, recebi um totalmente errado todo quebrado . quero a devolucao do meu dinheiro",2017-09-01 00:00:00,2017-09-04 02:10:02
2c73abcb924acda86ed239398e78746f,cb70b6a0c936ad1d4abaf743ee8f36c5,5,,,2018-05-11 00:00:00,2018-05-12 05:13:16
2c91379d72c5e80f269b451b84dbbb00,88898f25ecf940d6929b37dc7ccd3578,5,,,2018-03-15 00:00:00,2018-03-28 13:19:06
2c9b84459a57599093d12ff3b14f7eb5,8a0ab628dfb76b8bd7688ac87d051391,4,,,2018-01-10 00:00:00,2018-01-11 10:32:57
2cb06edfac0ef92b21812d2299031e9f,19a24ba386e8363a6dd9973d015e5410,5,,"Nossa muito linda só que eu pedi nossa senhora Aparecida e veio de Fátima,mais muito linda amei.",2017-12-10 00:00:00,2017-12-10 22:53:07
2cdeea245834281e478ec32f663e0925,d6290a5294ee8d7eb9b6aafd583e59e3,4,,,2018-01-15 00:00:00,2018-01-15 23:31:37
2cef275af6c651e2a2a19094e9d0e76e,9c3059c9036686226d8c445338bfdcc1,4,,,2018-08-25 00:00:00,2018-09-01 10:51:46
2d029a0e2f9a02f43a2c6b932e934809,171a8dc67900a97eead478783172b440,5,,,2018-05-17 00:00:00,2018-05-20 12:01:54
2d04f75f850b416e13743b5c9e120b29,cd673cc8b988fac75a5cda1e06e4593d,5,,"amo comprar nas lojas americas, só que as vezes os produtos são mesmo valor que na loja",2018-02-18 00:00:00,2018-02-23 00:58:50
2d05b0be9ffe2821f0cbc37670ab735e,f9e254c56ad8dc27d6fd34b26f94711f,5,,,2018-08-30 00:00:00,2018-08-30 21:30:52
2d1442dfa311ea3a74e7745edc8d3744,9b4b9dac4727545d6a2a43633e62faf9,5,,"O perfume veio bem acondicionado em papel bolha, sem a menor chance de ser danificado. Excelente serviço prestado. Recomendo!",2017-03-14 00:00:00,2017-03-15 18:55:23
2d254d575ab7f65bf7bcb02f747f2587,0896eccb8187d6b1738ce4a3a1add1b3,5,Bom sim,Só não consegui se tem infra vermelho ,2018-08-18 00:00:00,2018-08-19 01:33:56
2d40ef8f487eac6517166791672d1cce,1b70309f9d8c8068c52cab917fb26379,5,bom ,bom,2018-08-04 00:00:00,2018-08-05 12:10:43
2d48e3638210f5c922d0386e692fd196,8dcaee0f4bbb1d46a5f71c8c575b90dd,4,,,2017-12-03 00:00:00,2017-12-04 13:34:09
2d5c7bb5902057022fa2e065da01bac5,f5534d6b1d3258a7ffec513deeeade95,5,,,2017-08-30 00:00:00,2017-09-01 00:27:32
2d5fb21d2814021dc2317ceb8773e2f5,6b8e33e6751e356214e7b35ad7df83cb,5,,,2018-06-30 00:00:00,2018-07-03 14:51:56
2d6ac45f859465b5c185274a1c929637,8e17072ec97ce29f0e1f111e598b0c85,1,,Comprei 3 unidades do produto vieram 2 unidades que não corresponde com o que comprei. Devido a minha opinião é negativa com relação a esse vendedor pois não não cumpriu com o prometido na venda.,2018-04-07 00:00:00,2018-04-07 21:13:05
2d9b7acb5c247ec31ce7a18f42bbbc20,18dfe50d6b2dbbbe6508b1b5eea3eae8,1,,"Fui no correio buscar meu produto, só derem um produto, ,é outro disseram que não estava lá, fui buscar hoje é disseram que mandaram de volta, fui no prazo, quero frete de volta, pois vou na justica.",2017-08-09 00:00:00,2017-08-10 18:37:11
2d9fda915d4dda14550cf26dd3f69f4b,8d6793a90c7ed801dbea86d6271e3bfe,5,,,2017-03-29 00:00:00,2017-03-31 00:10:01
2da0dd994b19d799041c9773844dc588,cd5c1268e844dba45efdf51b22570143,5,,,2018-04-07 00:00:00,2018-04-07 23:55:22
2da590601cf12f37cebcb147b138e642,eb648c502f9756a959be78b19b069bc3,4,,,2017-12-13 00:00:00,2017-12-14 09:49:48
2dafe9e7377a140de1bb73e7e738715d,76237b6fd0f721a714d6bb93439858fe,4,,bom,2018-03-16 00:00:00,2018-03-18 22:34:22
2dd07d8603cde1fc5c17f25807727b19,033bac5f45a9d0cf7be5e47f03ed1e44,5,,,2017-02-17 00:00:00,2017-02-20 11:20:39
2ddcce109132aa46a1d9cf8598e41723,500ec09d88a6867f4a2eb557319cfe46,4,,excelente,2017-12-15 00:00:00,2017-12-20 00:06:07
2e0a0507edbf7aee705767e372ba2662,50109a6c720b998320449ebdf2c0798b,5,,,2018-02-24 00:00:00,2018-02-25 19:18:10
2e2dc2227f309ac3e01d217f588e4816,ce80533c6ef9cf6f226eca01ac2cabb0,5,Ótimo,Super rapidi.... Recebi o produto com antecedência... Ainda estava prevista pra o mes que vem. Ótima qualidade,2018-06-30 00:00:00,2018-07-01 09:11:00
2e32f58371e2cd3ca69ed75f3e05e7a7,d00fc126358622ba5ae0ba1a334b3bc5,5,,Muito bom e eficiente eu recomendo ,2017-11-08 00:00:00,2017-11-21 10:26:28
2e33927523fc955215bff05187cea86b,c72727d29cde4cf870d569bf65edabfd,5,,,2017-02-15 00:00:00,2017-02-16 09:58:46
2e4045c269a47bc00686c4d21cf9d02f,cfed781f36b83cd848a78200091e54d1,5,,,2017-06-14 00:00:00,2017-06-20 11:26:33
2e49cca30004e6360598e4e6b208789b,86ccb38f30e2df75998a24bc06860169,3,,"o envio apresentou problema no transcurso do pedido. Contudo, o produto foi entregue dentro do longo prazo dado.",2018-01-31 00:00:00,2018-02-02 20:12:42
2e54046aaed3d5974a9899b6b6071d31,a3ba21f961c9d61f7502766974371616,3,,,2018-03-29 00:00:00,2018-03-31 08:44:15
2e5d90f7b4c5646e98c9e398c98b70dd,c153dd095e8ccdaa7331d24b23bd62a9,5,,,2017-11-10 00:00:00,2017-11-13 14:32:49
2e68274aee3a8b6d5220e24adb56bad1,a4e4558822ee82b83d241adadffa42db,4,,,2018-04-21 00:00:00,2018-04-24 15:38:09
2e6ec612df2ad503c839b73a704566cf,793a100cf28df6888d0a77ae91032263,1,,Ouve um problema e a entrega não foi realizada quero o reembolso,2018-04-05 00:00:00,2018-04-05 11:51:28
2e76fbe3d4ea36bc61c11e9253df8d51,f8cc09140951893d329b6f1bb9106ab3,5,,,2018-08-24 00:00:00,2018-08-27 13:54:55
2e889c6549d409921641e5a39242f9d2,54afcb850639d95181bf3ee674f97c25,5,,,2017-11-22 00:00:00,2017-11-24 03:09:55
2eb7c299ddd23dac65c8d76b3585d4d9,3ff7c1060eb0e7df8516ff9025461875,5,,PERFEITA. PRODUTO LACRADO. 1000% RECOMENDADO!....,2017-11-25 00:00:00,2017-11-27 09:21:15
2ed7d23b1aeefac82009d7996bfa2783,62c66f80f422c25636cc243baaba2568,4,,,2017-05-25 00:00:00,2017-05-26 11:26:39
2ee6618fd46e889cb0066e9acf284891,f5147f84d290b6615104539af53179fd,5,,,2017-02-14 00:00:00,2017-02-15 10:37:30
2ef3d6a66bdc31337a9f65201ac61713,10b5d5c95177be116333e9a65a6fdea4,5,,,2018-03-14 00:00:00,2018-03-19 19:08:23
2ef8dea8e45184ecf45421b4b0511801,1cf95378918960ac4f215e2a436dc18c,5,Recomendo,"Produto entregue conforme pedido, antes do prazo.",2018-07-27 00:00:00,2018-07-28 15:36:48
2f1f83413c4db7c1c825d5f01cd7ad37,3bbf8f927f288e4a1854c7c12d0dc1b7,5,,,2017-11-10 00:00:00,2017-11-11 10:01:11
2f36c0555c5b837545e583c378e4ef13,a77c9550c32e540e8798334f832b522a,5,,Eu recomendo..Meu filho adorou !,2017-06-03 00:00:00,2017-06-03 23:15:20
2f40c6da09f3e69d10a20b0dd6170ec8,a49b8f92334f6b3b8eef67010a8e53ce,5,,,2018-08-04 00:00:00,2018-08-04 18:31:16
2f415d728152a1158167e79cf1daa470,a250e33c3d40fa9dd726391ebc5a4abb,3,bom,"bom dia... recebi meu segundo produto comprado nessa loja, porem o primeiro estava bem embalado e nos conformes, mas o segundo estava com o lacre abaixo da tampa aberto.",2018-08-17 00:00:00,2018-08-20 13:08:51
2f423432c3e807bbf966ceafa04f43ba,c9b08bd33d449366d3b89454a3071b98,4,,,2018-08-16 00:00:00,2018-08-17 12:55:16
2f4b87fb7180fcafa2484eb7fad7c93b,061cc2095125b495f7221ed85a706c07,3,,,2018-05-01 00:00:00,2018-05-01 22:46:22
2f50b3825062c9e15f663e31b3916189,b418f47f5f940ca554e3010f3c009c8f,3,,"Como não recebi o produto,não tenho como recomendar.
Favor entrar em contato comigo para esclarecer.",2017-12-24 00:00:00,2017-12-26 11:30:34
2f52dbe0cfd7c717fc3f2f4626fc7d53,c00d54903f6f9af108ff7b371a2999e6,5,,,2018-05-16 00:00:00,2018-05-16 20:17:46
2f6efbc33f50e96525f0b1522d27e64a,8051026f0cea5b93df6bf42cdf1aaa74,4,,,2018-08-14 00:00:00,2018-08-17 19:33:34
2f788d5b81dedfdb75dbe5345a3a9cf0,2c0032906c603dcc21cd954828fa77d0,1,,Transportador não entregou o produto,2018-03-14 00:00:00,2018-03-19 13:35:47
2f8adb6d5b9668614696524297ae5b2b,982bda28a7b217851c89aec9e7ea5c6d,4,,,2017-08-11 00:00:00,2017-08-12 01:15:23
2f8bf52e303b5ec02d5809ad02cbd2a0,e444d35248c6b1c8b408719cf0cdae3d,1,,"Eu recebi outro produto que é inferior, mas vou ficar mesmo assim, porque o valor do produto é baixo, e não vale a pena fazer a devolução, por causa do transtorno de ir no correio e aguardar resposta!",2017-07-05 00:00:00,2017-07-06 00:15:24
2f8fe2797c58078f4a9d8cc71702a20a,9553913bb01853f78a265724d13eda3a,5,,,2017-03-08 00:00:00,2017-03-08 19:23:35
2fb027c81abb6b47423f5a5e57088255,0858bbf6d922af574797281c8df8de5c,5,,,2018-08-15 00:00:00,2018-08-15 17:06:39
2fb0882623478ab675825c7362f83b14,cc39eb27597876b3ad16c246ffcfd8de,4,,,2017-10-15 01:00:00,2017-10-17 11:17:33
2fb0cfc845dddf8152c573cbc1f81b88,f50e6fe960b68d2b8510cc0cef8ed8dc,1,,,2018-03-29 00:00:00,2018-03-29 09:42:23
2fb26a88cdef97dc0d2683c0d2a7c27b,506537a590a8f111389ca1f2a4963847,5,,,2017-03-14 00:00:00,2017-03-20 21:19:10
2fb3b29dfeb69d80249fcefb5af0b278,e531f04ac27aac6bf0cba03986415776,1,Produto quebrado!!," Comprei um Troninho Musical, p/ a minha surpresa veio quebrado. Estou aguardando o retorno da loja para efetuar a troca. Infelizmente, existe muita dificuldade para entrar em contato com as lojas.",2018-05-09 00:00:00,2018-05-10 08:46:19
2fb60e12ba4a8397283b338ed50dc04d,a28f923e467a199f1c999037c871c9b1,5,,"A mercadoria foi entregue muito antes do prazo.
Parabéns ",2017-12-17 00:00:00,2017-12-19 17:56:29
2fb958fc5093001412544cb05574337e,31944c223e12e51000bbca2b8705ebf7,4,,O produto chegou antes do esperado e em perfeito estado! Recomendo muito.,2017-08-02 00:00:00,2017-08-03 03:32:07
2fc1e383212e59e1a293c93e20ef1f99,0a31cb63d4483ffbef1d5503752a0b5d,5,,,2017-07-26 00:00:00,2017-07-26 23:29:43
2fc7aefcde2ae9c214adecc478295ca9,6ab7e108268118baaf663ad2b3af166a,5,,,2018-02-01 00:00:00,2018-02-03 17:37:22
2fd691f0060220072e41b986449df1cb,6fdd6ca7bdcce986b6a442588af840a3,3,,,2018-04-07 00:00:00,2018-04-09 01:54:43
2ff20e39598a1b5c3ac484fdac05db8b,26e2db0bd73689ff814692e3dc232671,5,Mop,Produto ótima qualidade entrega muito rápida recomendo o produto a loja tá de parabéns ,2018-08-31 00:00:00,2018-09-01 19:29:54
2ff727f9057edbf6df3e29216f1d25f5,16e6abd6364ba99a3513c39f0e27145e,5,,Recomendo ,2018-02-03 00:00:00,2018-02-03 21:50:51
3014755015a6f45b8bc8ad62983a0573,e16fb24453a306d5d6ba1fb3156df7a4,5,,,2018-08-21 00:00:00,2018-08-21 22:47:36
30153632ebb19a673c80aa1b13e94c3d,6cbe792e9ab88ffb6579d0b28088a988,4,,,2017-09-13 00:00:00,2017-09-14 14:10:09
3036713165c927ea86215820aa68a381,a454983d73207579d61a09fb40ea7ae7,5,Super recomendado,"gostei do atendimento, tempo da entrega e qualidade do produto",2018-07-03 00:00:00,2018-07-06 12:01:10
3038a3a1f984446e18e641f59750a9c4,a5da284831a584245b8ab3cbce6eea11,2,,,2017-03-26 00:00:00,2017-03-27 11:40:06
3065d828c09addfc3a1a09a17dc81b56,e11b41677b48150784cf28b5c87055e0,5,,,2017-10-07 00:00:00,2017-10-08 22:00:14
3069d1d660f6a9c76b9037d9d840d892,00c62d05602c1ca8164b98746d127fa8,4,,,2018-06-13 00:00:00,2018-06-14 08:15:54
307138721cc61344de78b5d4790e6b93,5038599d301a92796c7e52408dd0aea3,5,,,2017-05-17 00:00:00,2017-05-18 10:42:01
3076175430618aa506b941a1d54bbfd6,5a610ef4a49d9be48df16a1026f225f4,5,,Muito bem chegou no prazo e funcionou muito bem recomendo,2017-09-20 00:00:00,2017-09-21 01:28:14
308aa99a70d28ba75e803ec8caf49088,eec7f369423b033e549c02f3c5381205,3,,Meu produto chegou quebrado não sei como proceder pois acredito que tenha sido quebrado durante o transporte dos correios ,2018-02-28 00:00:00,2018-03-02 17:28:17
30a35d9184da71dd607f5508e217a5a5,8a8fe42973aacdf0b83fb915d722aac6,5,,,2018-07-01 00:00:00,2018-07-03 20:40:50
30a8934ee432d707a08356c4cf9dfb0b,1d35be28af536ed23f7e3ae4daa91aaf,5,,,2017-08-08 00:00:00,2017-09-22 18:25:00
30b2611a1421826d5cae279226c73738,bfca565035711cdb02880c530c383872,3,,,2017-04-07 00:00:00,2017-04-10 09:13:37
30bd04ee51f6d263dcb6e313162ed316,41490608ca43942cf4ac60d48275a230,5,,,2018-06-05 00:00:00,2018-06-05 20:30:43
30d18971ffe31bae2f78cc585631d90c,9fcd31b22b1d10dea904f5f5d8e3e7ea,1,Produto.nao chegou ,Produto nao chegou ainda tentei contato para saber como resolver o problema,2018-04-29 00:00:00,2018-04-29 12:28:55
30e629b53efe4888efa64332a8f717f8,672240472a9a48838f902ff436aab4bd,3,2 pedidos e só 1 veio,"Recebi só 1 de 2 pedidos com o mesmo rastreamento,estou no aguardado para solucionar esse problema.",2018-08-19 00:00:00,2018-08-19 14:24:02
30e6903f3556ccf830e022242367ec20,05eb212cd5b01c76bdb5215a49df19b6,1,,,2017-07-22 00:00:00,2017-07-24 14:33:13
30ff64688d07a805374f70a76a5caaef,4a1ea52e0dfcd2d974464a1cb86cfbf2,5,,Tudo ok,2017-03-31 00:00:00,2017-04-03 02:45:18
311c70ad1e02ff21d1d06a9d03f1c22e,a7f28fe443db7fc7f6f79297e3a18923,5,,,2018-02-08 00:00:00,2018-02-10 20:56:25
311fdfdbfe9b736a4e65c43d7b198c84,8daeaeb312867695e95090559c5aaaef,5,,,2018-03-09 00:00:00,2018-03-09 09:02:46
312929996aa0accc26c92f4047798794,fc447b97d47426eaf8ec60d936f96ca9,4,,,2018-02-24 00:00:00,2018-02-25 02:43:50
315fa898974db64a9310eb64440951f0,f1282227fa785dd8dfdcdb22f99be533,5,,"Chegou bem antes do tempo 
Só a bateria que veio com defeito ,mas de resto tudo certo",2017-05-27 00:00:00,2017-05-29 16:27:14
3170bd3d6b06b69862c100f5d7a85f90,e5d8cfa5be1c79663c3c10804a02a372,1,,"O produto foi entregue antes do prazo, porém não site não fala sobre a qualidade do produto que é bem baixa... ",2018-02-01 00:00:00,2018-02-03 22:34:25
31710fec300ad29f9a3c2cb1f128e2ff,b0d7b6944026251e2bb069eeef3c647d,4,,,2018-01-27 00:00:00,2018-01-28 12:11:37
3183fd58e30f776c60d8c141c8bd2cc7,1df599f6c4bc10fe5cbfd2ae1ade43fc,5,,,2017-12-06 00:00:00,2017-12-09 14:53:28
3193281311fb713d3d32348108eca1a3,eb529b6aa88196cef958e24a0a8f4086,4,,,2018-08-15 00:00:00,2018-08-16 01:36:32
31abaae6402cab5707b223bcf2d058e5,59c89c6f877fc8863ea3527950e3ae68,5,,Chegou no tempo previsto.,2017-05-30 00:00:00,2017-06-01 23:14:45
31b057b40dcbc80d4ca438c447914ba0,232ac1c81c6a84fd76f9653b248b5d92,1,Produto falsificado,O produto é falsificado. Não veio com manual e nem com certificado de garantia da Orient.,2018-08-08 00:00:00,2018-08-08 20:36:49
31cac050cf78fac6c0bb0b3298ca4b1f,4660bb9edc05ee0d35c8aeaa896f3300,5,,ADORIE TUDO MUITO BOM,2017-11-22 00:00:00,2017-11-22 10:24:34
31cf4119c8cfde73700978c1d4457286,7a94606a015a9feffa3b4ac23e84d132,5,,"Produto atendeu perfeitamente minhas expectativas. Entregue no prazo, como sempre. Parabens Lojas lannister",2018-02-10 00:00:00,2018-02-12 09:33:36
31e52b996633d401c034e771090f0f02,5a07e91ff0df440fc9e39922aa973b9d,4,,,2017-11-14 00:00:00,2017-11-17 02:50:43
31fb695417e7bc1f39a93e9a529bddcf,a28d9d45abc45839d16fa972466353ed,5,,recebi antes do prazo,2018-05-12 00:00:00,2018-05-13 11:14:43
31fd14937208f6599bc5cb84c0eedf06,7e3df478d7ab6ef28c022acd6bc4df2f,5,,,2018-02-03 00:00:00,2018-02-05 20:29:58
320740ce644572d3b1f73592049b133f,b325a4afad33f2c09ba50df161457bdc,5,,Produro chegou super rápido !!!,2018-03-28 00:00:00,2018-03-31 02:00:39
320ae91d4c5cb8164c168fc68392a5fb,934e266bc66e8ed5bba8266dfde60175,1,Produto pirata!,"Quando instalei o cartucho de tinta, a minha impressora indicou que o mesmo estava vazio, e apresentou a mensagem de erro ""!"" em cima do marcador de nível da tinta. Já solicitei a troca. ",2018-05-22 00:00:00,2018-05-23 01:03:33
3220c1b08c9260ef41390289753544e2,fad45938bae3bd8a63fbae03cc8ae040,1,,O produto comprado foi Mbp-662 o fornecido foi MPB33S,2017-09-20 00:00:00,2017-09-22 03:16:50
32413cf272397f80f64f851d6758d312,0d9e86e02c1a823b20c03ea29d616607,5,,,2017-10-25 00:00:00,2017-10-25 14:31:05
3241cf92fd3f7d82748cc0424bb7564a,154296963babe7e6f491818cb07b17ba,5,,,2018-04-21 00:00:00,2018-04-22 12:33:18
324775d118d96cca3fd1f72cf0b3e140,dadb01b1be2452288cad226dc8deb6d7,4,,,2017-10-26 00:00:00,2017-10-30 09:39:22
325425c36e5e24ea1e7de1470c73dc41,e227bbccb113df7570b250faab62f29b,5,,Produto excelente entrega rapida !!!!,2017-07-21 00:00:00,2017-07-25 11:44:38
32554c668be6414373951ca45158b8d2,e80e2d3130b41e2f2771f7b558432ac9,5,,,2018-03-14 00:00:00,2018-03-16 20:27:32
325fbb7e69d66d81dc29cfae1823fa4c,6301066e2dac8d64b49ee0cafd9c727e,3,,,2018-04-03 00:00:00,2018-04-03 22:03:49
3268f7b38163ebdf394940a7bb9f80e3,5714245e554b639710146cab5708287a,5,,,2018-05-12 00:00:00,2018-05-13 01:51:23
3269c7f6163d1296a35ca6f2df3f2eac,59a5648d91a60574c541152e2fe1c66c,5,,,2017-09-29 00:00:00,2017-10-02 00:04:18
327010b38edfeca8f02d90722dfafa7b,e5989171218c1c7948bcca1c93ec2a6b,4,,,2018-04-05 00:00:00,2018-04-06 12:42:49
327425bbda502d806f410c544b730a23,0573b5e23cbd798006520e1d5b4c6714,4,,Recebi antes do prazo! ,2017-07-14 00:00:00,2017-07-17 00:20:28
3291ce5f66b4005a90530c2ae98e78a8,36b8ca63eb9822b5f68630749ff70e32,5,,,2018-08-28 00:00:00,2018-08-29 10:31:43
3295dbb1b074d724e79ef4c08482b92c,8c2c2b26ae4677e7457b0daaea13a8d3,4,,,2017-11-17 00:00:00,2017-11-17 16:26:39
329e25b21f481e37944d51ece2d3ddef,51c064ec2d79d398b30db3f8e1de8ec8,5,,,2017-05-11 00:00:00,2017-05-16 22:06:19
32a544de847d0d073ee7f518e3506265,50459e4bff96bdc46566472362da2e0d,2,,"O produto estava com uma má qualidade,pensei que viesse melhor ...",2017-08-30 00:00:00,2017-09-01 09:32:52
32a9713f0620627f437c39344c29bae5,3788e0af9e212034588d6d24fa1b7fd1,4,,,2018-08-08 00:00:00,2018-08-10 23:10:36
32ba31ad3e32fcf3cfa30b5cc8198ff4,a85de20f557d7c93da92888cde9b7aef,1,,Eu ainda não recebi o produto,2018-04-29 00:00:00,2018-04-29 04:16:08
32bc0082d2c69b94c02763a3fceb0412,befae3252c7f7ffb6abdeb4d3f4eb668,5,,Linda mochila e os kits minha menina amou super recomendo.,2017-05-26 00:00:00,2017-05-28 23:49:50
32c14e7dadd936ba1537b1a6e4fc5e00,5fed29bc3234f8a50dcdafe6754b62ce,5,,excelente produto e veio rapido,2017-06-07 00:00:00,2017-06-29 14:12:41
32c1cb697bfcf1c6b7f71236a2b37bcd,0583457e98d0d734222af5237cd8fa94,4,,,2018-04-18 00:00:00,2018-04-21 17:09:35
32c392e41c9c69d1fd608be6bba6ab71,19cafdf7469104c432959892a04920a2,1,,"Horas liga, outras não. Já imaginava pelo preço que seria inferior, mas esperava peço menos usar um pouco de modo contínuo...",2017-11-09 00:00:00,2017-11-12 01:51:35
32cea6d22c3ad0f41b0434a00dff423e,e077d52f6cbef7bb5e3e3e147e44a189,5,,,2017-11-29 00:00:00,2017-11-30 14:34:17
330964460c6be5576945f5e95251f7bc,af516db8ac29ad210281b90ef0a33d19,3,,,2018-07-01 00:00:00,2018-07-04 21:26:18
330a6ac08d3be46981227024bfdee5e1,d2f636c21b8c69ea8ceb90f373babd4f,5,,,2018-01-27 00:00:00,2018-01-30 14:39:46
330c6404e5821a30d57643f50f5f276f,5f9c46986c8990debd941ac4f936e95d,5,Otimo,"Produto entregue no prazo, material muito bom, já veio montado conforme descrição do produto no período da venda.",2018-08-16 00:00:00,2018-08-16 13:30:15
3335a382c443ca44cb299d9c3aae2158,1e5b9ba96bdd2f8c7836f6fb5c7f9712,5,,,2017-12-27 00:00:00,2017-12-30 17:45:54
333de1f3b4eed4582102cffc23123675,9b32795311e821b3314911f55bb8a327,5,,EXCELENTE,2017-06-20 00:00:00,2017-06-21 19:27:09
33455e03f1cf31310568641e7a0e5768,4d513811c3447933c3472defe4992141,5,,,2018-07-12 00:00:00,2018-07-12 23:35:02
334960781fcaef2a2e2116bd36a62590,52076105d0ca4133091c2c1db1d4bb9c,5,,,2018-05-10 00:00:00,2018-05-14 12:50:13
3356816a884c597b4dd71747783094a6,ce243573aa83a8e70bb99ca6133a210e,1,,Produto muito ruim.,2017-05-31 00:00:00,2017-06-02 23:12:13
33631ed5b0f4f16c3bc90d168373c700,d8523695fd09e96dd93c94cde119c037,5,,,2018-04-25 00:00:00,2018-04-25 21:30:43
3388112184744332eff218f52f976618,077743f9ba8964fff85ace5b958e5284,3,,,2018-01-05 00:00:00,2018-01-08 20:15:17
3399c230c47b20e122f6b143546b61a7,a9c8ac0c26c178f0ad33618f96225a01,2,descaso com o cliente,"muito ruim, atendimento somente eletronico, vc é obrigado a esperar pele boa vontade da loja para entrar em contato.",2018-08-09 00:00:00,2018-08-09 11:42:26
339bfb10f7743cd521a4d0e7faeddc97,e2fca022373f1b683cf49d41e76ec1e8,5,,"Eu me surpreendi com a rapidez da entrega do produto! Em quatro dias eu já estava com ele em mãos!! Além disso, o produto veio bem embalado, e em perfeito estado. Recomendo para reparos domésticos.",2018-04-06 00:00:00,2018-04-09 01:20:46
339e794b13dc7d2ca6b6405d14d82641,c22a588780963010739e299de0a9bf51,4,,,2017-06-01 00:00:00,2017-06-05 11:31:02
33a68363079f340107aa32d7b76958f4,1def5208ea4cb393260ab333be753296,5,,,2018-07-26 00:00:00,2018-07-26 21:09:22
33aa5c84a2db516b7d18e74f2193ad0b,ba2a82359a00bf0bd1f5ae32527a5a40,5,Excelente vendedor,Comprei 3 unidades. Todas entregues no prazo e dentro das especificações anunciadas.,2018-08-23 00:00:00,2018-08-25 21:28:18
33ad69aefab3f7445f7556f1387a3a6d,10a44d7bc8f54ea814e6020e0f3e5fbe,5,,,2018-08-07 00:00:00,2018-08-08 01:25:24
33af71dcc28c787619da162c05977a07,2d14badae001e6b55cd0c31238e284d9,4,,,2017-07-01 00:00:00,2017-07-02 14:48:23
33baf3b3ecb7808bba07489fe247dca2,09da806d72011e816e9242e6d24164eb,5,,,2018-03-06 00:00:00,2018-03-06 16:47:01
33c3327c076ab86a1976e60d897061c1,fbff49f23160970478cfc548cf7acde6,5,recomendo,,2018-05-13 00:00:00,2018-05-16 22:06:29
33c4ef830add6e21cef32ea6001d0570,61fa6d238ae5d2e7063f2df458609c91,5,bom,produto condi plenamente com o anuncidao.,2018-07-12 00:00:00,2018-07-16 10:28:42
33ccc09525793f83db051c546243e74c,066783a7a5bfa25f21a22e17c7ec9137,1,,,2017-05-09 00:00:00,2017-05-10 01:21:56
33cedfe9bfa9e4c3cc5467574e51436d,1a6c3832fcc2947c38b41bd24fe0201e,5,,Muito obrigado mais o Banco do Brasil bloqueio o meu por conta ter feito essa compra ,2017-07-19 00:00:00,2017-07-21 23:51:58
33d728fbba0fee6ba05ef9921cfdf33e,0f4ac89389a25eb2b1d923e4ed43c0a6,4,,,2018-07-15 00:00:00,2018-07-16 12:40:46
34059319d13e77670923da57e64f3f5a,8a354bb43e2659551a9e6abdc9d1e933,4,,,2017-07-28 00:00:00,2017-07-31 11:20:57
3410ce4f391bf98779ea8b2edac894de,1954fde9d62c76532499182aa37e268d,5,,,2017-09-01 00:00:00,2017-09-04 19:55:48
343d9ce1dd469ae4ba4747c57140a440,d37a4faa7cb8cd88246d73aee035a327,5,,,2018-06-14 00:00:00,2018-06-15 12:48:51
3442f5cadfa8e9079d6d41002293ea53,3305840d006ff4ecbf347e2c1a38d698,1,,"Ainda não tive retorna da loja targaryen, só tive retorno da equipe das lojas lannister que esta acompanhando o produto. Ainda aguardo! ",2018-01-18 00:00:00,2018-01-18 03:42:04
34446cdb9799f28a3ac5a8fbc89035f6,f3c2158661b32530c0482c598745fc61,2,,,2017-12-13 00:00:00,2017-12-14 01:10:32
34607a81539003a1cc38e8f8942d6e0b,d719d2c72e0dfc9d994ee85c1d594861,5,,,2017-12-20 00:00:00,2017-12-21 01:21:12
346730565e84609bf0a18a45b4b686d4,3c91e3497ee8a38751b01e5d549a9bf3,5,,satisfeita com a compra realizada.,2017-07-19 00:00:00,2017-07-21 03:25:17
346f53a13c3bbd1c3ab535399404f25b,1e738ef9fa41ecf83ae9f37a89591620,5,,,2017-09-08 00:00:00,2017-09-08 09:42:45
34708a29aafea8d5c0f18b2d48e3be76,d9773132aa1151c56c6f940c8d29cc0a,5,,,2017-12-11 00:00:00,2017-12-11 18:37:46
3470d23da6843a4ece28cdac3892430a,2f4b6bf22d858c8b142942bf133b5b05,5,,entrega super rápida e ótimo produto,2017-12-07 00:00:00,2017-12-08 11:22:24
347d0b9a27e679a84007ed5948c290e2,57877cee20b0b56f383bcec5069c48c8,5,,,2018-07-13 00:00:00,2018-07-13 14:03:23
347f3a11b8039f3a37fecd76e23e47ff,9f8e1e683e02e3aef599ac6fa4cc6b21,3,,Para melhor avaliação só usando e como ainda não usei???,2017-07-27 00:00:00,2017-07-28 23:28:31
347fd10f9949b67e2039a7c62611b20f,e433edc92cb5e3ae5515301b3309e303,3,,Esta entrega veio correta mas outra compra da mesma loja veio incompleta e o cartucho era falsificado,2018-03-30 00:00:00,2018-03-30 19:35:46
3486c19ad3e2b18181e3869c7bee23cc,cac7e309df39d1f200b8ca086c4ab624,4,,,2017-06-04 00:00:00,2017-06-04 18:55:14
348f6373b7a445885d64a4d8dc9d5c21,a30cba7093267abeb0f8489d5c16c7af,1,,Ainda estou aguardando a entrega do produto!,2017-03-28 00:00:00,2017-03-31 12:49:32
34949657af8b98dd92325940d633143a,f282ce44705a84bdcd2784a5c18ffefa,5,,,2017-11-04 00:00:00,2017-11-05 15:12:53
349c28769a079bb8cb29c64e9c12965e,488e14d5f98e30e2e5aa3fa2e58d058e,4,,MUITO BOM.,2017-12-12 00:00:00,2017-12-16 23:02:31
34a6ea8678c09bc153a3d194f24c038f,c4b9744b03d4c89b98b6847ef0b04321,5,,,2018-05-15 00:00:00,2018-05-16 19:06:52
34a894fae7e2738f78af1a5aad298824,0ec20feeac30045e916578f17c2085e2,1,não recomendo,Comprei 6 tapetes e só recebi 4. Estão faltando dois.,2018-08-24 00:00:00,2018-08-25 20:53:25
34b882ab5dcb12d49e4357387fa7bc71,28f4aecc81f76b7e6055d4c9e6b7e9e4,1,,"Consta que meu pedido foi entregue dia 20/12, e não foi, gostaria de saber o que vocês vão fazer agora. No aguardo",2017-12-20 00:00:00,2017-12-28 19:16:49
34d05986ebddcc83a137a38eb1d1e020,35660aec0cc42b6257e24281ee0e6255,1,,mais ou menos o produto veio faltando uma peca,2017-04-28 00:00:00,2017-05-03 17:37:19
34da1f3f395f51643c5ffbc02a20f82a,f05e32e2cc67748c34a77da2ff68841c,5,,,2018-01-10 00:00:00,2018-01-10 18:36:49
34e3bc6d4870c753d574b9c10042845b,6536870177386f1b5e859b2a5ccc557e,4,,,2017-06-06 00:00:00,2017-06-07 10:31:15
34e4c638894313ed48c280f3a4f85b36,2663f91a68c89174d7550cdcdb1d5df3,4,,,2017-06-23 00:00:00,2017-06-24 11:22:22
34ed868294655ef98fecdb186b41e65f,4155cce59e4c6284e17f9143818b2906,5,,,2018-08-28 00:00:00,2018-08-31 00:43:22
34f6e55df7f4e5e789685efee6b4c1a4,5b8d793745f3ac9e033f77ff0f8ea88c,5,Ótimo serviço ,"Entrega direitinho, são de confiança, eu recomendo.",2018-05-24 00:00:00,2018-05-27 20:07:14
34fab30cbd627cbd2f98a0983bc2203f,f6a40045364c9ef1f9405ef1d094c389,1,,"Foi embalado de forma nao padrao de original, a caixa é igual a original mas nao é.
Celo orográfico falso, nao mostra o nome da marca, caixa nao lacrada. Fui enganado.",2018-01-13 00:00:00,2018-01-17 17:50:44
34fc01745aca8016594ddfe051bcabba,ec56d96c2ee83fd3641863f6e7b66d41,5,,,2018-02-02 00:00:00,2018-02-12 20:48:20
34fdfbf519c13aa563352fc20f35b749,6b67ec6cfd19c0a30f91afb6bd431e8f,4,,,2018-03-06 00:00:00,2018-03-06 19:21:01
3504cd5ab1422e94524552e39649983d,13ba5c26aeaa1d857d413ac4b93f0924,5,,,2018-04-24 00:00:00,2018-04-27 21:56:00
351c961994d42d61c7d82d80bd5160e9,9e0d565b6426f0ec14ee6e1be3047f8d,5,,,2018-08-11 00:00:00,2018-08-11 21:20:30
35348afc7be3412acd0129ce3fb28ba4,d5cce452fb90a159a0b02988567a37bc,5,,,2018-08-31 00:00:00,2018-08-31 16:59:40
3547ade529a1b5a5e093456476b22c58,d8721b9f395286c3b43ff47a250ad40a,2,Produto errado ,"Pedi duas carteiras. Uma veio com defeito e outra veio errada, ñ é a q pedi.... pedi reembolso e creio q isso correrá bem.",2018-08-05 00:00:00,2018-08-05 22:29:00
354bde0a5d21223d0561acfa9ae34dc1,17763f2297211e949e3925cfb2d30cdb,5,,,2018-03-27 00:00:00,2018-03-27 20:45:33
354da7dbbb34736a7dd557a1776938c1,6d335a14529f4ffa4219793d5b5a9772,1,,nada,2018-03-11 00:00:00,2018-03-13 03:44:51
355339576f48f592b470124ab84eb016,aa2e81559d88cca16ac122e7627078c8,1,,ainda aguardando,2017-05-04 00:00:00,2017-05-06 12:03:10
355355d2ea38da630ce0569f07022c66,3683a05264a0926a8c06607f4623a0a3,5,,"Comprei um relógio Casio.
Chegou em perfeito estado, no prazo. Produto original na caixa com certificado.
Obrigado stark, fiquei muito satisfeito.",2017-11-30 00:00:00,2017-12-01 12:03:36
35546e3b322270576dd965ec35394d63,de17623947aaed64e2babfa41a212a91,5,,,2018-04-03 00:00:00,2018-04-04 11:10:25
355c5125e753a033a287774dc5ef0137,a880a78363d1f9a76ec3ca2b150de0dc,2,,,2017-12-08 00:00:00,2017-12-08 23:44:49
355ccb5402a2a2b1c2b9ff8d5c62df18,fb8d3c9c828695a80f48d03b0675ea08,5,,tudo ok,2017-12-07 00:00:00,2017-12-07 17:20:29
355e9ba6b4c5e50226766fd394a0382c,33cb48a8f9d0e5bf683cda9881aae15e,4,,,2017-04-06 00:00:00,2017-04-06 23:26:05
356159cb6a1003f8eb167f52df6ca3df,302e35ab075da160f3f02ba14e56d918,1,,"Até hoje não recebi a mercadoria , e quando entro para rastrear a entrega os dados não são atualizados, em resumo não consigo saber nada sobre a entrega.",2018-03-24 00:00:00,2018-03-26 16:57:27
356c31529e1b62739a8ff1d943c64b10,114c9407eb2b873d07c1b3bf91e35a9c,1,,,2017-10-08 00:00:00,2017-10-08 11:59:23
356d3e2e446fa511e6037b576f21f4b0,60eeb6cfb0da0d3db8ccd8a0ca15f272,4,,,2017-11-28 00:00:00,2017-11-28 22:43:15
35771f30f806e6c813693c8ce39757e1,643fa404d2dac7349a17416c2d2abf42,5,,adoro fazer comprar pelo sai-te ,2017-04-01 00:00:00,2017-04-04 17:08:35
3583854f4648d968e1fb9128c453d7a4,a6476259927be2539b760baec362ce92,4,,,2017-12-20 00:00:00,2017-12-20 20:05:03
358c6d57eeed2ea970c34e05ee68867e,6c8a46db92b71607f9b4b53efe70b28e,5,,,2018-07-26 00:00:00,2018-07-27 14:07:46
359b9c2850bec6e6ec5a0a24bd7b0209,93ec3e2c9a4beee38c28973d307093e1,1,,Faltou a FLANGE da cadeira que e considerada a peça mais importante.,2018-04-07 00:00:00,2018-04-08 15:21:39
359c4eaee156ffde583c71dbe4615998,be454ec4b7cf35a9dfdb8489e9b000b1,4,,Chegou no prazo.,2017-11-25 00:00:00,2017-11-25 15:08:33
35c1da98f96726d00707e92251bc46d2,755062e6c08cf5b87a6eb6a094eca92b,5,,"Chegou antes do prazo, Sao liindos , e o material é de primeira!! 
Recomendo",2017-05-27 00:00:00,2017-05-28 09:56:30
35cb5ce8cd2b6a6d6909ff72eea8892b,c6d53b50b9624bf6575b96607dd5b109,5,Não recebi ainda,Aguardando.,2018-06-08 00:00:00,2018-06-08 06:15:49
35d1e3a584c89873b94db44d6a212326,4d9a297fbfa9ba6d8d70c06d4bec9ca9,3,,,2017-02-25 00:00:00,2017-03-09 00:30:12
35d5b4b74b3b426709d2725bf7a6a7cc,33701411446fda95a2c013c5e38596ba,1,,Eu comprei duas unidades do mesmo produto é apenas uma delas foi entregue sendo que na nota fiscal está dizendo que foram os dois produtos entregue ,2018-01-11 00:00:00,2018-01-12 01:09:36
35e737378175325f7ea16238e978baf7,52ade67b3fbf4821fbb52e5c8e3a463e,5,,,2018-04-20 00:00:00,2018-04-20 09:41:25
35ed11ad2230bb9fc165ae98cdda6134,24ae0d766df69840feedaece7acfc653,5,,,2017-04-14 00:00:00,2017-04-17 10:53:58
35f6bdbb62da09fda6e791197be9b3fd,17341621682ba3c2b7bc79fd48d22a34,5,,,2018-05-08 00:00:00,2018-05-10 12:40:39
35f99f8617e335ae7b1abb02b68ceb64,e433edc92cb5e3ae5515301b3309e303,1,,"Comprei 3 kits de cartuchos hp contendo 1 Preto e 1 colorido cada, total de 6 mas recebi em minha casa apenas 1 Preto e 1 colorido, com nota fiscal q dizia conter 3 de cada! Aguardo providências",2018-03-20 00:00:00,2018-03-21 02:36:47
3603e082c0890d0f64b35b61514afe31,d192eacb35dd2f0aa30709fe7560ee4a,5,,,2017-11-01 00:00:00,2017-11-01 20:05:31
360b83e9bdfce1a001d428b4bc07f7c9,c7ba0cafd5334b18b4103846dfd723d4,5,,,2018-05-03 00:00:00,2018-05-04 11:35:34
360d2fa3c6491b28527fbdbfaea5ac30,75cbdf50ad99f2f1770fca4ef27142fe,3,,,2017-12-20 00:00:00,2017-12-21 12:55:08
3619334e47a08edbc895ec91c6908a8b,733abca4b3372182a6c955ed064b0929,5,,,2018-08-11 00:00:00,2018-08-12 23:42:02
361f835780958f7d6364a74d7f7b78fd,a2612baf139a2d944224cb87c81d83b1,3,,,2017-03-31 00:00:00,2017-04-01 02:10:07
362b55a97ac85c7d618f9b4d8ba6442f,183e1cca7e6e1aa97b65598a1b2fe6ea,1,,Produto paraguai muito fulero joguei no lixo,2018-03-27 00:00:00,2018-03-27 23:13:07
364aacc8e25e103b242a31097b2421d1,28fbe65f18578f91f026300af5e6bdbc,1,,"confuso, entrega errada, estou aguardando os produtos corretos.",2017-09-02 00:00:00,2017-09-08 01:10:34
364df0f2f982dfacc722a9990f8fbc7b,a0eb4b1d3b5e4c29890291cc63a8eb20,3,,A loja em si é boa porém eu pedi um colar e veio um outro totalmente diferente,2017-12-22 00:00:00,2017-12-24 14:36:54
365a560d8207b3bfa990bae1c7043348,c5bdd8ef3c0ec420232e668302179113,1,produto não veio completo,Eu comprei dois produtos tais como: testador de cabo de rede Rj45 e RJ11 e um pacote com 100 conectores Rj45. Só q no pacote da entrega estava o pacote com 100 conectores e de 50 quero o testador,2018-05-06 00:00:00,2018-05-06 19:57:24
365f4a7afc60f4ddcdda9f3bfd42c6a4,eecc1b7c0a139c574d4f9f7e707bf083,5,,,2017-07-13 00:00:00,2017-07-13 23:39:46
366d16639e317789dd65d3d3dccf50df,371dbb83f599fc061ccd8558b577499d,5,,BOM,2017-11-30 00:00:00,2017-12-04 12:44:38
36782e02b36e98c98f6c0448e17fc781,08ee9c1b1da47ffd2a7c7163aa134b16,1,,"Não recomendaria pois fiz minha compra, efetuei o pagamento e após alguns dias recebi um email que os parceiros não entregariam na minha região.",2017-09-08 00:00:00,2017-09-11 18:24:22
36786ebb2e5295d485f126528150b942,de11626bdec1c2e2c4f907036e55b981,5,,"Tudo certíssimo!
Objeto certo, no tempo previsto e com preço adequado!",2017-08-22 00:00:00,2017-09-02 03:08:42
368e44dc9284b3a824be181ba5385dfe,4fd59975900e997c6785ec9da06787aa,5,nao foi o esperado,no mostroario e um e o produto e outro,2018-07-03 00:00:00,2018-07-08 10:58:59
36c806b200b36a447432ff12641f43f3,36eb3c711e799624b2138786f704d202,5,,,2018-05-18 00:00:00,2018-05-20 17:05:48
36d99347239e9d592d9f0d3d7ee84a34,b68a6db5c5def0ec7ba68639bf384c82,4,,,2017-11-25 00:00:00,2017-12-11 20:13:37
36d9a708859425cf2ede9d3e3e587540,59e965eb9a8f7f341a003466fbe14229,5,,,2018-01-12 00:00:00,2018-01-15 10:13:15
36e667a3b162cb47c6f0a9febedceab4,c505a1999c5ad6aacc8339242d824073,3,,,2017-04-20 00:00:00,2017-04-20 11:54:56
36e96da4624146dacfdf755c9e5c2178,d908de4c1a0a5ef56f75e404abb7ee10,1,,A tempos sou cliente desta loja sempre satisfeita cm minhas compras. ,2018-03-23 00:00:00,2018-03-23 22:46:18
372afafeee0aadf890c23b27554091d0,c9e77b39e9de73578b21ef93a26f3905,5,,,2017-09-02 00:00:00,2017-09-03 14:30:08
373825e945447b146b1b12104520995c,70009c6d985dfa16754461cff33c10dc,5,,"Recebi o produto rapidamente, sendo que mercadoria tem uma qualidade boa. ",2017-08-17 00:00:00,2017-08-17 22:25:40
373b7a9485709ae7e7f9bc6464fd5bbb,feafc8e3422f6e1f4c00bd29dd9c2921,5,Ótimo ,👍👍👍👍👍👍👍👍👏👏👏👏👏👏👏👏,2018-08-31 00:00:00,2018-09-04 17:03:28
3742fa4653c19fba02ef5d76e593659f,2a08278777d9f1a73321180ce445b630,1,,,2017-08-23 00:00:00,2017-08-23 21:41:18
375835425536888da58284d3b78ed551,550f7653632f43410dcc64a9aff55f45,5,,,2017-09-14 00:00:00,2017-09-16 05:36:08
376699beddd0826c6bb1419e96d4db60,4a58db81127d824c22ca14ae7724d8d7,4,,recebi corretamente.,2017-11-09 00:00:00,2017-11-10 10:43:32
37680aaaa05c4feca6dc54850acc4bda,a6d7b2808b32dae3b384222edb93efd0,5,,,2018-03-29 00:00:00,2018-03-30 22:28:38
376c23240f8f0ed3279ce924b0d6a260,f494e4f6b6de7aeefe3af00acc8b3426,5,,,2017-06-24 00:00:00,2017-06-25 23:17:11
3777dc6c5790bdbef8a04218e4309515,cc2bc03e269a96d61ae2718d55e19350,5,,,2018-03-20 00:00:00,2018-03-21 02:53:14
377bd24462995fd45391ce0b4f0ddc94,69f3b65d77cf7451092f74b61e3bad45,5,,,2018-04-09 00:00:00,2018-04-09 21:53:43
3781e7293069b0dbc1aea0dcbdb10d64,06db57a9e774a7fbdb7c8ee188baef65,5,,"MUITO BOM, SEMPRE...",2017-10-25 00:00:00,2017-10-26 11:29:03
378c5a99a8f6a6f8239695d2b22c4b91,1a4f26ea67b1c9f4013809ba466e84e7,5,,,2018-01-31 00:00:00,2018-01-31 22:56:06
378f0d32fe38ad2db1888d6cf4ef6b80,dacd9ea86285f197d0b7495e8af14781,1,Produto errado,"Pedi o produto na cor cinza e recebi na cor bege, pela burocracia para troca, tive que ficar com esse mesmo,
Pessimima experiência, erro primario.",2018-05-01 00:00:00,2018-05-04 01:52:36
37933d3021f85646fae880ce626b30e1,47cb6230e12948960e82a4924f9ca0b1,5,,Ótimo serviço!,2018-04-13 00:00:00,2018-04-14 17:09:30
379a465848bb6813840684800a0467e9,031f488d7e8549b5d8af94f5a3e9300e,1,,,2018-03-23 00:00:00,2018-03-26 01:47:50
37a040a5c30d6d064b8d50997b1ca29c,46d0f76081021815e170035bdef4c828,5,,,2018-03-21 00:00:00,2018-03-22 12:32:33
37a282a6278b17ed3548663c03493c8f,da286fe249fa752e4b234df260764f06,4,,"Achei o frete meio caro, por ser um produto leve.
A capa atrapalha um pouco o uso do sensor biometrico e é dificil retirar a ultima camada da pelicula, durante a aplicação;",2018-01-09 00:00:00,2018-01-10 02:16:28
37abb7320ea362be913e49050e2c624a,2b7a74de7a07d7c71956b675cd98116b,1,,Quero reembolso ,2017-09-23 00:00:00,2017-09-27 01:41:25
37c30633484c5746a10d2722b17229f0,070a62ae87136bfbe6ef6d0e2883cda5,4,,"Tenho um produto comprado nos EUA, vou verificar se a qualidade é a mesma.",2018-08-05 00:00:00,2018-08-06 18:30:12
37c7d5c90eb5e65d2bf1038735776cba,17c27a26080bebdb67c4807b9b51b8ff,5,,,2017-10-28 00:00:00,2017-11-02 00:13:44
37cd1496abc21a566ce58bfab58e2b13,42c37b18445759836227d8f05e252d10,1,,Foi enviado cartucho incompatível com minha impressora. ,2017-10-19 00:00:00,2017-10-23 23:22:48
37e059b2399fe4345d3fde9b27937a3f,e74cddc9bc11794b017044166896d69f,5,,,2017-11-23 00:00:00,2017-11-26 10:52:27
37e1ffd37716c648baa5f8f2ffa4d4a5,4b38f9d30c069b6ec0c1da7d03c0ea21,5,,,2018-04-28 00:00:00,2018-04-30 19:34:38
37f797c8daa750e705da89f14da1fc08,f3fdee8d27166359de2abe05ec16b351,1,,"Não posso classificar ainda, pois não recebí o produto...aguardando!!",2017-12-21 00:00:00,2017-12-21 03:53:28
38025b51b3d52fd096ce5c1ba6cbef58,0be2a2a52adfb0963b9bb86b3b668b90,5,,,2018-05-22 00:00:00,2018-05-23 22:43:27
381668c235b752439499fe6deac39a3e,84300a0c4b27875cb77c89f5383df360,1,,,2017-11-24 00:00:00,2017-11-25 01:25:02
383506b3aca47addf262857c93c45b33,ab85b219b698a7d569995ee1ea9b76fe,4,,,2018-05-23 00:00:00,2018-05-25 20:21:09
38456ff35fa5b8de760de86073d5ad8d,b26d0e4b269b9370121538ab116bb04a,5,,"Recebi o produto antes do prazo previsto, veio tudo em ordem. Recomendo.",2017-07-18 00:00:00,2017-07-20 15:13:42
387f9786a2a1e00ae0ecad8da2e59530,321b1257cfaf6c0ca8a709d230158920,3,,"Tudo entregue certo, só o tapete que era bem mais claro do que o da foto. Por isso dos 3 pontos ",2017-08-01 00:00:00,2017-08-02 01:43:14
38821b5c496b678cf91acc34892805ad,02e723e8edb4a123d414f56cc9c4665e,5,,,2017-09-03 00:00:00,2017-09-05 12:12:51
388f75916ff39b64e27a204498215d95,988a21449c85e5aab93c446596246149,2,,,2017-04-15 00:00:00,2017-04-18 13:41:39
38a3033c2b361c31d91d04d30073354e,74f9ee0e66467cc93728042775469e4e,5,,,2017-12-31 00:00:00,2018-01-02 09:17:42
38b655541cba250e9e40e573e105cdf5,e3f2faf5604308ede614257aeb86ccf8,5,,,2018-06-02 00:00:00,2018-06-04 20:20:49
38ba21fcb58dfcd2712d363d234b1111,0ffdb6473bc02f6e0b767083d21457d0,4,,,2017-10-18 00:00:00,2017-10-18 21:57:25
38c87ada3b0d23f326de2a64decbfeaa,bb299ee4fb79d4056dad3e6bc0aa8a46,1,,pedido veio incompleto e não me atenderam nem por telefone e nem por email.,2017-04-07 00:00:00,2017-04-08 14:45:50
38ca70688d192155a791b03ca18abc17,bbf7ad105edc929937625364891dc8c6,4,,,2017-06-23 00:00:00,2017-06-26 00:42:13
38efe652c5725724d76cb940fd84860b,a02f84215d0352b46e21cd5c8bba24f8,5,,,2017-06-09 00:00:00,2017-06-10 12:56:30
3905d891b3603785ff624e77d4d41469,e1e5a84a3748808d3ff0dcb4b58ac5dd,5,,,2018-05-23 00:00:00,2018-05-24 23:06:02
392911eb94f1b9a0679da3937fedbd4c,0e3ee99a343d05fc3fa4256f7c675c63,5,,Produto entregue antes do prazo e dentro das especificações. Recomendo.,2017-10-10 00:00:00,2017-10-11 11:05:44
39296277d983fb61a9962f513cca8d7a,ad430bc59db52b1f7522b6f19e669bc6,1,,Mercadoria com atraso superior ao relevante.,2017-03-29 00:00:00,2017-03-29 12:38:57
393f4fac5e054adb35b901eea4b9752e,401fb6dadb664eaebc2a116c4672147f,5,,,2017-09-26 00:00:00,2017-09-27 00:06:18
395c3fc562a5ddb4d62c89ab488aac53,a59e5a3085765eccf13872b4529fba3c,5,,,2017-08-20 00:00:00,2017-08-20 19:41:24
395cba99003481f97d178f0c7f52bbe8,97ed3c46d9b6ed13afaa7d8779322d5b,5,,,2018-06-04 00:00:00,2018-06-04 16:22:35
3963daa84ce5262ce4e184487b2d17df,4b3176150cda3ef1348ba91dfb6c7b32,3,,,2017-11-24 00:00:00,2017-11-26 08:27:27
3968006f924b0509c130d2f5d83d12ce,18c0e47466dfe911dac270d92d6f55b5,5,,,2017-07-05 00:00:00,2017-07-07 15:06:28
3975c41f053382c0889eb57ec120ecae,3c2a7cc75899d6a06e8735da9b7fa302,5,,,2017-02-21 00:00:00,2017-02-23 11:54:41
397689273fc3bf629220de014ef902ca,f536792a13716fb94028f1c59984763c,5,,,2018-04-10 00:00:00,2018-04-11 00:52:24
397ac2c51f3c67f7c76756de707db859,8e5f329bbfeedab5a25b115446d23d4c,5,,,2017-12-18 00:00:00,2017-12-19 13:35:01
39a5bfc97219fcc1f03e747895973f5f,8cda3e06e93016da7b1b99e24398d19f,5,,,2018-05-08 00:00:00,2018-05-10 15:02:18
39a70024b60e4ab7a195ef1c1acd5051,67796eabcf10419c4abd84d49a3ecd59,3,,,2017-03-09 00:00:00,2017-03-10 08:30:27
39b4603793c1c7f5f36d809b4a218664,02e723e8edb4a123d414f56cc9c4665e,5,,Otimo ,2017-09-01 00:00:00,2017-09-02 12:13:03
39bfe96d4e8c3319ba054941e1e57e4b,b269f9c95ab6ee9fbc0a887627851d9d,5,,"Estrega como sempre, super rápida.",2018-02-21 00:00:00,2018-02-23 12:25:32
39c1d78d372a4928b5ba72b5e6723e4a,9aa6637f278e37448385a4293706e8ae,4,,,2018-05-09 00:00:00,2018-05-10 14:31:27
39db40a4b419fa54459f06cc9f86707e,367733070da9a9f5f70e9a9cceb99ea3,4,,,2017-05-20 00:00:00,2017-05-22 23:50:12
39f186aa301e12050b0b9cb26ef2e474,044b08f176981f660b98a85c559ad57d,5,,,2018-07-25 00:00:00,2018-07-26 09:26:01
3a00fd7a353784300e698edd020f658d,531e17477ae1ecd4809a2732f4a7c331,5,,Entrega no prazo e produto dentro do esperado.,2018-01-20 00:00:00,2018-01-22 12:00:45
3a05ea987c7e77da16a2c83800f42f84,546bb10cd086a577f9bbb4027d79c0f2,4,,"Bom dia. Gostei de ter comprado nesta loja, recebi o produto no prazo e lacrado.",2017-08-31 00:00:00,2017-09-01 10:25:13
3a12c9779661170ffdd7835d87934ab2,e7ae5aa5c6aee358cae7da910d48fe36,5,,,2017-06-28 00:00:00,2017-06-30 00:18:41
3a2dbc7bdfd52c55c84751efde865c5f,5eb1569b3a9e174aebf991bfa0fef897,5,,"O prazo era de 17 dias e chegou em uma semana, produto exatamente como dá foto!Um charme no banheiro 😘",2017-04-20 00:00:00,2017-04-21 11:52:11
3a3209561f7200d603084f74131a3795,99917575a602235938d9572d18ad0caf,5,,,2017-11-14 00:00:00,2017-11-15 11:41:52
3a43535b8e8dff67ff565d934272612b,6e6bacc052a79d14a6e7d015188bef50,1,,"Não recebi o produto e ainda não tive nenhuma resposta da minha reclamação. E o pior é que seria presente de 1 ano do avô da criança, o qual pagou mais de R$500,00 pela mesma. ",2018-03-24 00:00:00,2018-03-24 13:48:51
3a5940370de5d5165fa0ef2f7fc3fb62,38ac0cc1879cabf9cb23a2e8f217acfe,5,,,2018-02-17 00:00:00,2018-02-17 21:36:09
3a5cb7ba2dce9b466161f3365798e88f,7844d2f4784ca5e03bf47dd1ac050bc2,5,,"O unico detalhe e q co.prei 2 iguais e veio em duas caixas separadas e poderia ter vi do em 1 caixa e diminuir o valor do frete so esse detalahe me chamou atencao.
",2018-08-09 00:00:00,2018-08-09 21:15:49
3a6034d91bcfb0503129f5bf8ec8a80e,e1017b936851c9cfe214af471fa314ac,5,,,2018-01-05 00:00:00,2018-01-08 10:44:43
3a6367499476a812af6967d68565d51c,5377440d8cd95a8640466b534a83f87d,5,,"chegou antes do prazo , bem embalado , produto de qualidade.",2017-12-20 00:00:00,2017-12-21 03:25:34
3a639d0e41886576107c9b39a28d6253,a795d23a5dda16a79cabe752ef263cf7,5,ok,ok,2018-06-26 00:00:00,2018-06-26 22:14:25
3a664a9e42a9be086b5359f58f36ed91,6f0a7c01d397ce3f7c6df65823350890,5,,,2018-06-07 00:00:00,2018-06-07 22:57:56
3a736bb9d55e01421f8940f647fdc487,b143aeb37a4d82ae652c5c4ba8461411,4,,"Muito rápido
Gostei",2017-12-16 00:00:00,2017-12-21 02:22:16
3a7f28b0497f3fe1c00a1f9374a55215,65b214a5e85949a6fcab64ff7e244426,3,,,2017-07-01 00:00:00,2017-07-01 23:04:12
3a8e4575e5ddf2af9b5e26b9c9dce5f2,f32b1e3320d65b3c94140ffe559dda4f,4,,,2018-07-28 00:00:00,2018-07-29 02:59:31
3a93161d60e03a74da25a0e067b711bd,0bba959fbb649221ae07d0c128ba1809,5,,Recomendo,2017-10-03 00:00:00,2017-10-04 13:45:11
3a9ef5b5d714d7771b2b6b5c569ed0ef,cb667db7bf699e2940c1ccdc16ef7ec7,5,,Produto de qualidade excelente. Design exuberante. Ótimo...,2018-01-04 00:00:00,2018-01-05 01:36:33
3a9f02503f33655bc4770983487b3094,ba9ec6bfbbe8454a533f194e8cd420f8,5,,,2018-04-05 00:00:00,2018-04-06 16:16:44
3a9f71e5e757228317549f6eb982042d,849eace12a4c38cc5d4647af9f942eff,5,,,2017-02-20 00:00:00,2017-02-20 09:14:25
3aa0567dc5d85f829ed68c96bbbd6393,eb8f24cf4aa474bfe99c062aff65c4c9,4,,,2018-03-21 00:00:00,2018-03-23 21:19:03
3ab7014559e5e4767073023f54f09e65,fd700d48d34b0b4f75767e4502c3fce2,5,,,2017-10-10 00:00:00,2017-10-11 13:21:07
3add3c85c25ba77713b6b70552e61aa9,1ae12b6aeac8467444bd1b07ab3c793a,5,,,2017-11-08 00:00:00,2017-11-08 21:20:27
3ae354f85b525f043a6350912783996d,3d07a476264a25476f6a5aa642696bd4,5,,,2017-11-21 00:00:00,2017-11-22 20:04:26
3b0cd3e2155c4814e799afc35209c54b,f40af969fcf3d71db248ca5459f0b7ca,4,,,2018-06-29 00:00:00,2018-06-30 00:27:19
3b1a55a23de920842ad4f669313b457d,132947cc0a6620350693052f3548070f,1,,"Ainda não recebi o produto que comprei.
Já fazem mais de 3 semanas que paguei, e nada.
Solicito esclarecimentos sobre o envio!",2018-03-24 00:00:00,2018-03-24 18:19:48
3b1b8599d201dba3f58c11eb87c2ac2b,17c6ede699b320b43f35ab1311af0bf2,5,,,2018-06-26 00:00:00,2018-06-28 01:51:40
3b1df7b228e3a67b0887187f8a59d7ca,4ec40a7013b2b2e20429009214c283b4,5,,,2017-12-08 00:00:00,2017-12-09 09:17:02
3b407e0a2e316b0956d8f5593f040d39,44ce6def1c74186615c88a02d09abcb2,1,,,2018-03-09 00:00:00,2018-03-09 04:24:26
3b43e8f799cf36cbbc1353c4139e724a,9fcbf999818b2fdac16197fe22bd2bd1,5,,adorei ,2017-12-16 00:00:00,2017-12-18 10:36:09
3b6f148fd03c4b12f20bd54499e004a8,4ab8819fc4b34e4d6b2710f3121b2400,3,,,2018-02-10 00:00:00,2018-02-11 01:42:52
3b99b68efe4657d3bf76ee08b21c69b8,c003c1face3c31cba0af4ab5314f3332,3,,,2017-08-22 00:00:00,2017-08-25 12:08:38
3ba1a7ddae6d123a1d54e7f6c9fac135,1671068b64a9cdbffb5bdba38a07382f,2,,Difícil acompanhar a entrega. Rastreamento não entra,2017-07-22 00:00:00,2017-07-23 14:37:56
3bb6723395bc10ed82ba9901d984bb73,bd6c3e07e22039cf9560d3369ea396ee,4,,,2018-08-11 00:00:00,2018-08-12 14:28:41
3bc26a840048d5eaddf3052fe1423ea9,4dea0f922f4dd1f6db6379f7ad64ede2,5,Rápido e eficiente,O lojista enviou o produto rapidamente e bem embalado.,2018-06-07 00:00:00,2018-06-11 03:17:36
3be54108d80ad185ebd895613b9612f3,e8114ebb6eae4aff63282fef68ad6a4c,5,,,2018-01-06 00:00:00,2018-01-06 22:31:04
3beab1efade8d8173a78e1708dbfe40b,7d9ce17cffaae5fd7a74b0b5621f7ee4,5,,,2017-07-15 00:00:00,2017-07-18 14:40:56
3bf0f160945fecf09a47db208337f9b1,dab321037289756354fa98b118f4463b,5,,"nota 9,5",2017-03-05 00:00:00,2017-03-07 23:25:34
3bf130ccfd82d779991244dd7a92f84d,29069b15adeec52fc98e512ac98acba2,5,,,2017-12-20 00:00:00,2017-12-21 13:47:25
3bf681d0fbb024a3a720747277f8ad38,4493ce8729200aed0eca9d3ae8bcc57c,1,,Mais de 40 dias e o produto não foi entregue ainda.,2017-03-15 00:00:00,2017-03-20 13:38:48
3bf80e5f709dbe1f26f90eac2437be49,4bb6e6f5af26e1f5951d934386615406,5,,,2018-07-10 00:00:00,2018-07-12 20:54:30
3bfa066a0dbfb13b86cec627e345e56a,d7c88efc86371e81d37eb2cff1c61020,4,,,2017-05-30 00:00:00,2017-06-01 21:46:29
3c1f6707dbaa217838703568d6e56452,fd038d8e957d1407c9928ef57603146e,5,,,2018-01-25 00:00:00,2018-01-26 11:08:51
3c1faef1d33eeed4fd15b26520bb328d,ce5586df181549ebde007969801906c8,4,,,2017-11-08 00:00:00,2017-11-11 11:17:27
3c23c61d842c35688d98e2ad77d09bf5,adff7b867a7bd97bcf42ddec332f246d,5,,Foi entregue bem antes da data prevista. Adoreeeeiiiii.,2018-04-21 00:00:00,2018-04-21 21:15:16
3c2cb00748904de8d82a85bdca2c5ba0,95efc26128229ac33bfc67d4fce8fa28,5,,Chegou antes do prazo. Tudo certinho e muito bem embalado apesar de ser uma peça pequena tiveram todos cuidado pra chegar ao destinatário. PARABÉNS.,2017-08-29 00:00:00,2017-08-30 10:07:44
3c34605555a73d74c0d0ba4fa01b371b,3464de846f6595e07bdee9f5a234743c,5,,"Gostei da atenção, entrega no prazo não gostei do produto.",2018-02-01 00:00:00,2018-02-02 02:29:06
3c350981d3173ebaf19a6e9a0aa3a776,727d6f1c0f045a1a301ea6484e83697c,5,,Tudo ótimo venho como eu imaginava super satisfeita.,2017-08-04 00:00:00,2017-08-05 11:30:03
3c3adb3358d733b9844895e472502e8a,eae87b24ee716eaeed2b3b67eab5e244,5,,,2018-04-03 00:00:00,2018-04-19 21:17:37
3c4aee27bd0137b9f263ada6f444f790,146f79f564602aa6bf9ecbd760651c7f,1,,leva um tempo excessivo para enntregar um produto tão pequeno. a compra é do dia 25/04 e até hoje não recebi a capa do celular. um absurdo,2017-05-18 00:00:00,2017-05-18 14:35:59
3c60b0958fb6ecdb3bcbc78b5117b165,5f2afe447ecc492da57db318b381a3ab,5,,,2017-06-23 00:00:00,2017-06-27 11:07:56
3c6984372c74a8f5547fa868267cbfe4,660ad30c11df22cad81d8a3b30af6cee,1,,"Propaganda enganosa, comprei porque na descrição estava claro que ela flutuava, porém ela não FLUTUA. A faca afunda. PÉSSIMA, PROPAGANDA ENGANOSA ",2017-10-14 00:00:00,2017-10-16 23:56:46
3c6c35cf43cded35891fe92f83bf6a33,6ac314f1970b39cf3b7760803caf3c23,5,,muito bom,2018-07-24 00:00:00,2018-07-27 01:06:32
3c816cad8d7d6cab27026b50b3ab3204,303cefa0f5b9ed6af793756df252eff5,5,,Adorei o produto!,2018-04-18 00:00:00,2018-04-19 11:04:53
3c95105686e2ae71e8fd94b6483eba79,f9c78e6e58306dc81efbbada1ac11f24,2,,"comprei 4 cubas ao mesmo tempo, fui cobrada pelo frete individulamente e realmente elas chegaram embaladas em caixas separadas. recebi 2 em um dias e as demais dois dias depois. Acho um despedicio...",2017-09-19 00:00:00,2017-09-22 15:23:29
3c9bc1dda121cb9138ad31ec6d0426ed,e9a87f539448764e674a6b96122c3ef3,5,,Otimo,2018-01-27 00:00:00,2018-01-27 20:48:02
3ca82ff091f399729e2449fa63200d95,bf605ab91479a9fb68eadab4406c8064,5,,,2018-07-31 00:00:00,2018-08-01 11:33:13
3cabf4d0c9a7722ab959f2a843603ea6,9de375e01aa3f39d32001e75abd82b99,5,,,2018-07-05 00:00:00,2018-07-06 11:42:18
3cbebcd7a597986865c5732202f8de68,b37a7be6fbd41461b87deafd8b902cc6,4,,,2018-01-12 00:00:00,2018-01-12 12:50:58
3ccca17dda6781525cb11a3e6bdc53af,f6ab013773ba1820dc3239e7388ab5f1,3,,,2018-03-01 00:00:00,2018-03-03 22:18:41
3cda46ccd7010d5be20f36f02ab42207,baaaa6a46bf8f53d113193a6a23efbd4,5,,"Rápida entrega! 
Com certeza comprarei nesta loja novamente. ",2017-12-27 00:00:00,2017-12-28 02:50:52
3cea9861321fd97d94b462845ba105df,910b6236c4771f905eeb252718b05b6e,5,,"Muito bom o produto, gostei muito",2017-07-13 00:00:00,2017-07-14 02:06:10
3cf0e83a633b427fc2df1fc65962055f,ad716a0d2ae795dfccfb3afc5d40a6e9,5,,,2018-07-11 00:00:00,2018-07-11 20:15:26
3cff4b7b534b3e4e94033f238ddf24c0,3c0a214a5ba7ab90427502f4d578b659,3,,,2018-04-11 00:00:00,2018-04-11 22:45:19
3d0746e0f8bf4bd55b7b3f3dd385b828,19d468d1424d2a259a1f3d3fa073f41a,5,,,2017-05-23 00:00:00,2017-05-24 10:14:56
3d1ed46f81b19ff0f048c66d5dfc07f0,334decd7ef04da2ca241d7d049383f5c,4,,"Chegou no prazo, mercadoria muito boa...",2017-06-09 00:00:00,2017-06-11 00:12:42
3d21c7adfde003d678005546c499f2c0,771c4f1f521f462e4b95619e648aaeab,1,,Falta a entrega da Cúpula para abajur modelo tradicional.,2017-03-29 00:00:00,2017-03-30 01:32:35
3d3c95c8f8d4a53e2b8c505271bb5325,b8afeb65bbea252eef3d4a2845dfd6ab,5,,"atendeu rapidinho , chegou antes do prazo estipulado. recomendo muito",2017-02-14 00:00:00,2017-02-15 14:06:44
3d547106e52864f3948cb02f57b1b5fc,efa2e42246bfe580af1b33ae96edc78b,5,Exelente,"Já uso esta pastilha à algum tempo, ótimo produto.",2018-08-09 00:00:00,2018-08-10 11:08:41
3d6536d7cfb020bb1b211d051af050ce,adeecc8758fde854ecaaa035e0ae212e,5,,Excelente,2017-11-09 00:00:00,2017-11-11 22:15:57
3d6cb8c5f86e99a3a0752845d7ce1454,25a328788a40be038f54f6b2d3c54b78,5,,,2018-08-01 00:00:00,2018-08-02 00:19:05
3d907d471951f9d5b2dc2397d6b99e4c,9089ae7edd24a60e79f8bd277e3c654d,5,,,2018-01-12 00:00:00,2018-01-12 23:59:25
3d9911684882ab0d5f6c54b71101c773,2a08278777d9f1a73321180ce445b630,2,,,2017-08-31 00:00:00,2017-08-31 20:59:40
3d993ac5a64163f1f248caf17c3d0afd,7dc8379a32999985a71e0653836c7f91,5,,,2018-06-14 00:00:00,2018-06-15 05:58:41
3d9f04fd2150a9218a14e1d365b6ff9a,0ec73995908cf00519d1da725119d114,5,,,2018-03-27 00:00:00,2018-03-27 21:16:47
3da5091254b75a5a22c13cc3900289fb,f605124d27f2e57fff4d4555277d0dbd,5,,,2018-08-23 00:00:00,2018-08-26 20:08:34
3da63a10b27ee356d98a5be6f0be6201,fe755232f249d0844951831268c55593,5,,Gostei.,2017-07-28 00:00:00,2017-07-28 19:57:35
3dabe8f52a6ffa0a5b8eb73bd3a4135b,21a724726546c32790ded320f982a506,1,,"Comprei 5 produtos e recebi apenas 1, sendo que constam que foram entregues 4 na nota fiscal, enviei e-mail para a lannister e até o presente momento não fui respondida. Aguardo solução ",2017-11-30 00:00:00,2017-12-01 01:16:43
3db4063685335e6b85af54e056b8fb68,905f99d528bb299e8c62c67657cd8ccc,5,,,2018-03-11 00:00:00,2018-03-11 15:36:12
3dc2a723b318a31042bb1215777d7a83,48ddd457f76f31a99e60ac8007bc8b28,5,,,2018-02-09 00:00:00,2018-02-09 19:42:42
3dc3a52fc3ec13ff0350ae4451ac1282,dc0109bc73a54e5a94b39f557da4916a,3,,,2017-08-19 00:00:00,2017-08-19 23:33:34
3dc5304d3dc4a8d0236a2f669fe28dd0,ec00b687490dbcd07e98596ae801b8cb,4,,,2018-01-05 00:00:00,2018-01-07 02:30:16
3dd797b0291e9db64b0070727126793f,b899ac30c0df28d003611ad4999aa487,5,,,2018-08-11 00:00:00,2018-08-11 18:43:37
3de48e7f8896f8ac88a58ae43aa3123d,d5213c494008952344b10bd19e27d9f3,5,,,2017-07-05 00:00:00,2017-07-07 17:11:25
3debb6783b15dca78ae3926cb17c7956,e5c83b9d7049d45d07109c42cb808281,1,Divergência de cor,Informo que comprei o produto na cor azul eescuro e cinza conforme a foto do produto e foi entregue o produto na cor azul claro.,2018-07-15 00:00:00,2018-07-15 21:26:25
3dfe6f707ea6f2f28559f487c80ac4f5,be16ab3862dd2927ab1e3cb7434007f6,5,,,2018-08-31 00:00:00,2018-08-31 21:32:03
3e1b776954acb17a1a408ac2ca6b0723,66a488ea7c0b8cea6ee72116130ec501,5,10,Amei o Quadro,2018-05-04 00:00:00,2018-05-05 10:38:54
3e1e7563f6bf41eac1e9c3711c598f82,0ead7996f8952fba09e18bed9872414e,4,,,2017-05-07 00:00:00,2017-05-09 21:24:46
3e281df1de3ce61b68bb2db64b9f376d,c87aeaf4ab89100adcaee5b3123408fe,5,,,2017-10-25 00:00:00,2017-10-30 17:59:54
3e32a20f846f8461df5e92ff37fb6abb,818080c38c17ec4bdcb39798ccb51b4e,5,,"gostei muito do produto,sem problemas ....",2017-09-19 00:00:00,2017-09-20 15:06:05
3e372219a8b57a6b38199e0b7ef1f3a9,66f7aaabc647b43d94e8a841bb99612b,5,,,2017-12-09 00:00:00,2017-12-09 03:54:34
3e60d18a239551de48ca8a2ff9382db5,aa21334313579b3bf1d6e8a10de215af,4,,,2018-08-05 00:00:00,2018-08-05 22:53:28
3e77e10e6387d5dace6b98b3557f6651,ed1f83ea460fccaadaccff780127db45,5,,Ótimo,2018-03-27 00:00:00,2018-03-31 13:37:51
3e806b94c61c41064535168e0ba275d4,94df1f9b9ae08c944036a4ef894be868,5,,Não recebi o produto ,2018-04-05 00:00:00,2018-04-05 22:56:16
3e8d0de1fc9ef38bc580598685e91a4a,5e7b379aa81e0e21c5894e1f71cb45d6,4,,"esperava muito mas qualidade do produto como vi
na foto, ficou muito a desejar",2018-08-29 00:00:00,2018-08-30 00:48:38
3eae1b528a9f46aa9dab885bee9ef799,1e90f6912f47b660fa57730f3885af08,5,,,2018-03-28 00:00:00,2018-04-04 16:41:19
3eaea9644a69d01dbf55c330a0359b18,fbaf27e77414fafd620939df6eeb37f0,4,cumpriu o prazo,,2018-07-24 00:00:00,2018-07-24 23:41:07
3eb9f9d2563d9e4503d499b4ad9fd003,5296a60e3eef35a29bfacb328de58d94,5,,,2017-12-18 00:00:00,2017-12-18 22:25:02
3ec75e95fb8b14acaf6e47909eb5c980,0372d2e3d0ac2600aa8e08e6c46cb7dc,5,,,2017-10-07 00:00:00,2017-10-08 13:24:03
3ee2403e902a9072e071a144f8c7e4e3,43ceb3a1cbff88e05eab7e0bea014063,4,,,2018-05-29 00:00:00,2018-05-29 20:03:31
3f0045f8f91e85d1d4a1ba745264f17f,f14cabd169ba0d0ecb7433e55c72aca2,3,Bom ,Chegou no prazo dado pela transportadora ,2018-07-06 00:00:00,2018-07-06 22:21:34
3f06420c7695fc4a42b0a6ba673c76b6,5bcdec60d84d4495d0d90b64a3e81804,1,,,2017-12-30 00:00:00,2018-01-01 14:28:42
3f12ea978f890c9cefd099aa02639ab9,625f2a06b46e5cbf695ba96293f76721,5,,,2017-03-08 00:00:00,2017-03-11 12:03:19
3f1a1547b8d9a775b93de22f64157b1e,f6661fe3177a741fbfd91547b86a00e9,3,,,2017-12-02 00:00:00,2017-12-03 13:48:31
3f2c7754ee2537cb50afad16b6d56ef6,293f1f31a342e210ff008a393e2955bd,4,,,2018-05-08 00:00:00,2018-05-10 14:05:27
3f35b7c628e9c69f54d8fe35d08a5aae,a0e0ab62ae4f2dad1ca6f19103dba9a6,5,Ótimo ,Entregue no prazo é de ótima qualidade.,2018-07-29 00:00:00,2018-07-29 22:40:01
3f4c7632d46d34e18082054d8511272f,37404c7e8f026ab1b81aef92a59939b5,5,Bom,Muito bom,2018-08-15 00:00:00,2018-08-17 11:56:57
3f5c41f96d2b821e38180547e1858d31,9fa34daa1767b075c5a2490c9e8b403e,5,,,2017-05-31 00:00:00,2017-06-02 01:54:49
3f5cddf6f4965c7a09d8a90fec5003b1,97f06fe395ce93098b2deafe88e888c4,4,,"Produto bom, material aparentemente resistente. encaixou perfeitamente no local,",2017-12-19 00:00:00,2017-12-27 20:51:45
3f6f2e70091957bb2045b7dc20bfd431,d8d4fd7b15d5b9cb93926c29f7f3066c,5,,,2018-02-17 00:00:00,2018-02-20 18:44:07
3f835cd72d3402daa9ce4f32507ca2fc,7f1e6c8280634faf3e57ac93f781b98b,3,,"Lâmpada com iluminação correspondente a mais ou menos uma lâmpada de 50W e qualidade do som razoável.Ponto muito negativo-controle remoto não funcionou,precisei por bateria nova e mesmo assim falha",2017-06-21 00:00:00,2017-06-23 12:19:46
3f8e88d8692b7778b729e8ba18127b92,3249acacf413f55e488c452cf8b84651,5,,,2018-05-19 00:00:00,2018-05-20 15:28:33
3f8f16e46dffd6c84ec8f54af593af32,7ab1a9babde2a1355e3075d07ea895e3,5,Classe A ,,2018-05-18 00:00:00,2018-05-21 03:01:39
3fb33c49be4d375ddb15913bbb8c0f73,095e9e0811476409362d72fa70d73a6c,3,,"Comprei 2 cartuchos com o mesmo vendendor e só recebi um. Sei que pode ser entregue separadamente. Mas não consigo rastrear o outro produto que não chegou, pois aparece que toda a compra foi entregue.",2018-02-20 00:00:00,2018-02-21 02:51:10
3fc23e67dda48ee66555eccc44fba34a,2fb37826cdb8f506242e4dabb544e516,2,Não recomendo o fornecedo,"Recebi produto diferente do que comprei. Comprei luminária branca fria e me entregaram neutra.
Trata-se de produto para instalação em meu cliente e vou perder o prazo para entrega do serviço.",2018-06-05 00:00:00,2018-06-07 01:42:12
3fc93d354fd30f8442ae2933bc253675,25850021261764efbccacf5e29ed13f7,5,,,2018-05-26 00:00:00,2018-05-27 17:26:01
3fca95425de85f09a53a4ddf53382986,8e5a8b1f6cf7513edaf3bf7c5573ebf4,2,,"Produto ótimo, a entrega deixou a desejar",2017-06-30 00:00:00,2017-06-30 12:20:22
3fd6da30d03846b7aac3cd8ab90a67a1,73d70dce05cb08ecad51b47c4fd26925,5,,,2017-11-04 00:00:00,2017-11-04 22:41:21
3fe84a4087caa8a6ef252acf3b859a09,11609008a7e4bb0256bcfd643ebc6a7f,5,,"Compro há anos e nunca tive problemas.
Eu recomendo...Pena que esse produto aumentou bastante.No mais,sem reclamações.",2017-11-22 00:00:00,2017-11-22 14:23:06
3ff478f20c4f3439f79cc14180573ae8,3d0c0f6ab268b67176fd58927a08b69b,4,,Espero que o efeito seja rápido como a entrega ,2017-05-17 00:00:00,2017-05-18 01:11:37
3ffb98ca03bc20000519a4b009e541bf,26d821f4e6c14dc9a3b4cf118c806fbd,5,,,2017-12-09 00:00:00,2017-12-10 13:38:27
403f3002bba753a35a66e46b9242c837,7d9ccfd5b1183560523d8351e2e22aa2,5,,Entrega excelente e rápido antes do prazo bolsa muito linda,2017-09-26 00:00:00,2017-09-27 03:28:31
4048b81e0de31798b68dcdb9bdf63bb0,333977327b5c548879a21a3b1fc87c48,1,,Quero meu dinheiro de volta ,2018-04-05 00:00:00,2018-04-07 16:34:58
40506badbb397b0c0d8ea9605f52a459,ed159f7220fe49164a43fbf4fe3a15d1,5,recomendo,,2018-08-11 00:00:00,2018-08-12 13:42:06
4068ce36cdcdd5a298ed48715da043c7,097452f101cb19b0ccc80d3a980d9755,4,,,2018-03-28 00:00:00,2018-03-29 22:07:27
40707721d8d2ab84657b2b790a75fbf6,0a87de586a94b42f2294c207845674ab,5,,,2017-06-01 00:00:00,2017-06-01 10:39:07
407c493857737a969fcdc295c61ba7e8,b6d8ffb86091833de0d17a93f919a4e8,3,,,2018-02-23 00:00:00,2018-02-25 21:24:00
4081a4a743a04f295bd0315f4b73b4a9,6726b6ce39bdad195755f019dd9bd4fb,4,,,2018-07-27 00:00:00,2018-07-28 03:01:11
4081c5a846acbce5033bd16ee572d342,b1cc9d6366adc60f9810891f491b54f5,5,Otimo,,2018-08-28 00:00:00,2018-08-29 10:38:50
408b9b33409642813985dca0a8696ea7,894e3de9f4244f5113bf5b97627330d8,5,,,2017-05-11 00:00:00,2017-05-12 11:16:25
409b07b7c9b8ad8d7114e3157f20a978,2a5c7850b48cf4e26405577d4d2e78e6,5,,,2018-08-17 00:00:00,2018-08-18 01:49:42
409dee41f936b0c065be5769cb1ba1b7,3d7b0b699c4690a1cda8c8cef8c5b95c,4,,,2018-02-07 00:00:00,2018-02-07 20:12:06
40aaca9e09b8d41842071e0cf74f6dbd,1bac6c5afd46ee5f279f46bfc081871d,5,,,2017-08-12 00:00:00,2017-08-14 20:01:04
40b2d650f1cfc0f57b749ceb66991bc5,3c34298915dda196e053873162f24bf4,5,,,2017-10-03 00:00:00,2017-10-04 07:59:45
40b768198cd0ab109663505955c35e69,e917a7cb4d175976dd50e47989af2077,4,,,2018-01-18 00:00:00,2018-01-18 21:48:58
40c40d0bf2ac35de2827afe7e2b6f3c2,a2f11c7013b28222f6c33526257ce2bf,5,Recomendo,Produto recebido em perfeito estado e no prazo.,2018-07-28 00:00:00,2018-07-29 22:02:34
40d53edf926512a1613ce57295233d97,191019adbccb0d2a1f8bf25e117c9252,5,,,2017-07-27 00:00:00,2017-07-30 13:25:09
40d873533f5d706c8a39d47659270845,64e8072af36708bc51f7aa18eed8ea34,5,,,2018-08-02 00:00:00,2018-08-03 01:32:20
40d9367ef2e05a0847a4929dede88467,0cb398989a2bafd3944803b5427a622d,4,,Chegou antes do prazo amei ,2018-04-05 00:00:00,2018-04-05 20:18:08
40dad6438b6cbec46d936bec2377778c,bb5849f8ba21da43ffa31ea52ba81b37,1,,,2017-03-24 00:00:00,2018-08-24 16:46:52
40f7dd9f543e8c9ab41821be170cac8e,2f1a1f6835e7ea0d360901c632fc0cbf,5,,Recebi 20 dias antes do prazo estimado!!!,2018-01-17 00:00:00,2018-01-18 19:14:55
4105f6b3294ef3f83c0e31b4a07d2f64,618ac45ad42a3bd6d81db7fce1320a15,5,,,2017-06-20 00:00:00,2017-06-20 23:12:40
410a5ce986f221014e02657fcd86f835,a2f7326351628f773f83d542a9da6851,5,,,2018-08-21 00:00:00,2018-08-24 03:15:35
411772e8d6877c4fe7ba72def9f563be,371f13dd168ce30a881e0db8cf3929fb,5,,"eu amei meu tapete
",2017-09-13 00:00:00,2017-09-16 01:22:17
4118da0624b51167015263892a070967,7d5f037cd90e278069b2d0fd0d060543,5,,,2018-04-25 00:00:00,2018-05-03 01:31:52
41204a01a26f8825537926c465d5122c,8818ff7a81f4751daa9dcd455f1c9379,5,,,2018-03-16 00:00:00,2018-03-17 01:20:45
4141866e8ffd4121e88caefbe462e2c3,2caa92df77593ebdf24a65d26e9001e2,5,,,2018-03-06 00:00:00,2018-03-08 21:36:27
414502bb07d8899376c617291aeff700,e8b64378ad79a0463f32ec53ecc00881,5,,,2017-09-29 00:00:00,2017-09-30 20:56:09
414c0ef7c48824d30878d0b05a071e3e,57c2914d78f0d7f4b76089b7844e77ea,3,,"Comprei o produto e veio alguns pincéis de outra cor.. Os pincéis para pó, blush, base são bons porém os outros como pincel de concovo é muito duro não é fofinho e as certas caem fácil...",2017-07-15 00:00:00,2017-07-18 13:59:11
415d490a0bb131b5b69723eb9f5503c4,9e6dbf2535201b87c18bdf90bf117204,4,,,2018-01-10 00:00:00,2018-01-10 20:21:10
416bac3d797bd7038cc83def1d116945,d8e436a94b1158d6fff244c9ae75fccb,5,,,2018-07-10 00:00:00,2018-07-11 04:56:02
419211fd47b421beb4a25a92b74e858a,63a737026bbe83be3d56d70c83923ebd,4,,adorei,2017-06-02 00:00:00,2017-06-04 00:14:08
41926e45719f9b923357ea3bb222195f,1601df22ba2f78168443e6f729e74868,5,,"Entrega muito rápida
Parabéns",2017-08-29 00:00:00,2017-08-29 21:06:01
4198d35a785946b89c115358d9a42fb9,0cde8327c49577c3c0fed91e084daef5,5,,,2018-04-08 00:00:00,2018-04-08 21:21:07
41b9e3b2289fe919558e1a19c4b453da,2a4408332d5a4d37e075056a8b46d59e,5,,"Eu havia feito um comunicado q não tinha recebido mas houve um mal entendido .
Correu tudo bem
Obrigada",2017-10-25 00:00:00,2017-10-25 22:44:33
41ba93de3fcf3c939bd9c4e96c388fca,790d7fdb41e9a2457520208c7a7eb0ca,5,,,2018-02-01 00:00:00,2018-02-01 22:46:44
41bf2111b83173884baf9ba2763c42d1,32934ee250c2eb4a72f61dd37e4f5a81,4,,"Recebi mais os dois estão com defeito e não sei como fazer
",2018-06-17 00:00:00,2018-06-19 22:02:15
41d0a33139b6bbd5c93a28d7fd1c3f70,7658df283ca8d2e1a258dfc456fd4e74,3,,,2017-08-03 00:00:00,2017-08-08 14:12:09
41df2230a0178c7e7f2eb55b904e603f,e061fd2fe7ac86187875963e906ecaa8,3,,Na hora da compra após colocar cartão de crédito e confirmar vai para uma tela escrita em inglês que parece erro. Segunda vez que ocorre. Da outra vez pensei que não tinha concluído compra e a fiz .,2017-03-04 00:00:00,2017-03-05 21:04:54
41e3459f55b302caeecc3c100eda791a,80000ae9d118d79953522e35cce34f13,4,,,2017-03-09 00:00:00,2017-03-13 11:09:09
41f9e1785dd8ea3b6777220901df3c8e,bee4fbc438d2d48527e812cb6a1c8166,4,,,2017-12-16 00:00:00,2017-12-19 17:23:51
420d61bc2b29a0843e3abeb50772c46a,3c8876b8e5a484c81a1aa6c8bc4e65d6,5,,,2017-10-11 00:00:00,2017-10-11 23:36:35
422033ed0509033c7d9adb35c40b473d,b0b49de4bb38c36e7acd74d879631d6f,5,,"Recebi no prazo e o produto é ótimo.
",2018-03-06 00:00:00,2018-03-07 14:09:32
42234c5a1a448b2847bb538610f7bd29,4224f44695338cfa528e9a57d8cbd1e5,1,,"Infelizmente não recebi o produto, então cancelei a compra.",2017-06-18 00:00:00,2017-06-18 08:32:48
422cc6fed2288ff2ffb8a82d630ea404,2232bf34060433dc7ae5f0c76a2e6cab,5,,,2018-06-22 00:00:00,2018-06-23 00:03:23
42310ac5a702a5c03582f0b1ae815145,f64c7fd99793f1416dea0acbf3d9892f,1,,"a base da cadeira não encachava no acento

deixou a desejar",2018-02-15 00:00:00,2018-02-16 18:00:14
423c3947bf496671722a8e08db34c72b,0ccb884361ec00003176dab0ea647f59,5,,Nota 10,2017-06-02 00:00:00,2017-06-05 14:07:31
424ec901809a526a46915448cd6b6a85,04a772c0620384a8776c4fbcf4af5c01,5,,,2017-12-29 00:00:00,2017-12-30 01:34:04
4251b23ed5d45695cf9083204e4bcbca,252e3d8642591a131552842adb8230f7,5,,,2018-08-14 00:00:00,2018-08-14 21:40:35
4257b7d048e049fb3f66134411d2438c,fd192fd37b66b1d22bfe7b82ace0a064,5,,,2018-05-22 00:00:00,2018-05-22 23:03:34
4267af07be6e9acceb650cb10100e377,9ac048d7ffebba67d54456aa9ec07d7e,5,,Vendedor exelente cumpre o que promete. O produto chegou antes do prazo.,2017-12-06 00:00:00,2017-12-09 01:27:34
427bd96b0e278d817d7846014cf99676,a6d6282641341836469627a964ade597,4,,"O produto tem uma boa construção e aparência, apesar de ter vindo com 02 dos seus cantos descascados, além disso, um dos vidros está com uma pequena trinca, acho que deveria ser melhor embalado.",2018-01-24 00:00:00,2018-02-01 20:15:00
427dcd8ad82210a96e32639799218454,be47ea1ee3433ff4f5006ab2c5f9e0a9,4,,,2017-12-17 00:00:00,2017-12-17 18:51:38
42934c7d15d19b43c49ab26ea76f6a05,28763f36038db84d7ab6ff7b3ef9774d,5,,Chegou antes do prazo.,2017-02-08 00:00:00,2017-02-26 18:41:11
4295c0da599d73ea0eb1492be0269956,0f3a5047f59b6a2df32f4471eedb41c5,5,,,2017-11-08 00:00:00,2017-11-08 18:38:39
429ead0d8a254dff6f01ade32794c07d,f40d3749a6d621bb95be74a8ce79e06f,5,,"produto original de qualidade, lindo, chego muito antes do previsto, transporte seguro, uma das melhores compra on line que já fiz, obrigado.",2017-02-22 00:00:00,2017-02-23 12:41:31
42b11d8401b96a53b3e2a1818f968f88,08636a3fcd5c2b3e957b9b8c6ac8ecd9,5,,"Tudo bem!
Entrega mais de 10 dias antes.
Grata",2017-08-26 00:00:00,2017-08-28 21:01:17
42bd18b4a9757a63d6bc9b4cc348c1dd,03aba68b07658f28f29612641f08d4ba,4,,,2018-08-22 00:00:00,2018-08-22 22:10:33
42c4b0325ddf94ac3b43ab05dd37fc74,d11450f714cbee2ff7df6b663fb79781,4,,,2018-03-01 00:00:00,2018-03-02 11:15:25
42c64f80580954841eaed4a1a5454dd1,a5543e119a631f1be4191fbc2c5e1e07,5,BOM,,2018-08-24 00:00:00,2018-08-27 21:49:01
42ee83310d07b62115fe29f00fb970f4,25cdbf36318188d83d96f32a9236d1e7,4,,,2017-10-05 00:00:00,2017-10-06 12:32:38
4313c344979e0c3ec514e3eadb56e3cb,46cfd37753bbd00f768165cf4cb7ace1,2,,Comprei 2 mochilas de rodinhas solicitei a devoluçao de 1 ate agora nao tive resposta pra fazer a postagem pros correios sem contar que nao recebi o meu produto do cabelo o matizador ,2017-10-31 00:00:00,2017-11-03 02:16:15
4316ba70446b0a1872c4a6659000dbe6,418aaa61ff9515614340e03422fed9c9,1,,"Comprei duas cortinas , porém só chegou uma , quero saber o que aconteceu , entro no site da lannister e só diz atrazo no envio dessa mercadoria porém da como pedido entregue! Mentira !",2017-03-18 00:00:00,2017-03-19 17:03:57
43261c68e7de1a484927470bb048585b,9a5d120ae552d50b367cad2bbd87caa0,1,,recebi so uma caixa contendo uma pipoqueira e a outra ate agora nao chegou...ja tentei fazer a devolucao dessa q recebi e ate agora nao obtive resposta .,2017-05-30 00:00:00,2017-06-08 16:35:37
432d8c2f45acbf1e64723319aecc52d9,a1370d5fa6508c13787ae000e5d2ad77,5,,,2018-07-03 00:00:00,2018-07-06 10:06:29
433c07f38e80815c332fe843c26bd996,997e6bea52d4cfdae5cbbf67c2ded47b,5,,,2018-08-16 00:00:00,2018-08-17 11:01:41
4348f9b38fea09b207618e0eae4c5d6b,d5b1560bb46f4b57510a45569fa41b4c,5,,,2018-06-09 00:00:00,2018-06-10 01:24:35
437990d021656a11bef7ca6ec4796f16,3f927a0036358d9522078e7e3007cfe4,5,,,2018-03-21 00:00:00,2018-03-23 20:58:49
437b4b1e059b6362508034b8b8fc2f46,270c25da086ad763f34a2cd66c6aae7a,1,,Comprei um controle remote Philco. E recebi na minha residência um controle remoto Phillips. ,2018-01-18 00:00:00,2018-01-20 19:33:49
43a3e41fcd56004fd765e87f55828ee8,0650ef96422834cca0cc7799efbf6307,4,,,2017-02-16 00:00:00,2017-02-16 21:56:52
43b1e44a227be48d1ae097f8a5a6e337,62c01156265aaaec691a0634593dd678,4,,,2018-08-25 00:00:00,2018-08-25 22:58:13
43c846975cad387b7c0a36aad510f825,ad818323f40e1a353eb3a3874d138c51,1,,"comprei um aparelho para voltagem 220(sta Catarina), enviaram 110.Em contato com a Diluka Power disseram que mandariam um transforormadorque foi recebido, mas pinos não combinam,teria comprar um T",2017-01-21 00:00:00,2017-02-06 15:15:40
43efa0149534d3edbbb4e414c5de43a0,de86d7a1250c84c7845795cdcf16a9ad,4,Gostei do fone,"Gostei do fone, se cocneta fácil ao celular, bom som.",2018-05-25 00:00:00,2018-05-25 23:57:08
43f2c8897592753fcf31ad9d6c165199,9a1d12fbdb2aa498f08b214188f80b57,5,,,2017-06-27 00:00:00,2017-06-28 12:17:11
43f636421dc92186f9b9b2b803ba70f3,6c45e2d6cf05790573c8247e28c24a91,4,,,2018-01-31 00:00:00,2018-02-23 23:48:50
43fa97561845d76fb5d730a535bac0ad,72002d46bebcafbe621c662f1ad3cc45,1,,Compreis os 2 itens só recebi a película de vidro ,2018-04-12 00:00:00,2018-04-12 23:29:08
441bd7002d68961b3ba29a334a108388,65fe49f6306ac1ba00c59d9e65c78827,4,,,2018-04-25 00:00:00,2018-04-28 02:58:16
4421a396ae544e58b0b416dbe5a9ca75,b4c4d00d5455e74ead9715bc1f9e8774,5,,,2018-06-07 00:00:00,2018-06-11 11:52:08
44267b67aa64e2523bc9b4c2ffe16585,f565be42bf5390f6cd98934cc4c17091,4,,,2018-05-26 00:00:00,2018-05-27 17:02:55
44370b68120cfb4e3513e71a387a6328,d9644b981a4d023c5392dd06bfc8cdc0,3,,"Me enviaram um produto, porém não foi o que pedi. Pedi um termômetro Rosa da linha iColor, porém não me entregaram o que pedi.",2017-06-23 00:00:00,2017-06-26 03:12:58
4444b9298a8c095c108ab648a71e4e2f,dea56b3893564838aa0a8b56394f46a4,1,,,2018-03-03 00:00:00,2018-03-04 02:49:51
444518d92c71528b9978cd0051b37e3d,69f1e4d5709c13914c309652f82319f8,5,,,2018-08-29 00:00:00,2018-08-31 20:43:59
4463f11abcfe0b06b6f0667c76713536,49aaf52025f80a8470247c3d1b9e3f1f,3,,O produto chegou. Mas demorou muito,2018-02-09 00:00:00,2018-02-09 22:36:41
4466cfd1d825467d15f0b8eeaad4f5d4,df9a9799d18fea4a40cc802a44f7c400,1,,,2018-07-07 00:00:00,2018-07-07 16:02:19
4468690fb57131aa1b828b2dfe5554a2,70b3137c66efb2783c73b76b78215401,5,,,2018-05-19 00:00:00,2018-05-20 18:17:38
4476a41056eea641e55e2f18ddb7d22b,dbb56a8ecf60edb17a584daea927824a,1,ainda n recebi,o produto ainda n chegou a minha residencia e ja esta com alguns dias de atraso na entrega.,2018-04-25 00:00:00,2018-04-27 04:22:51
4478613ec0c9d35febddfefed9158e69,5d80f1568478295e280e48e5d766bb28,5,,"entregue antes do prazo, fiquei mto satisfeito.",2017-05-31 00:00:00,2017-06-01 11:21:43
44a2381c6da2de3501a4de18266de6dc,498e4c5508b686018306d8d363bc9d18,5,,,2018-08-03 00:00:00,2018-08-03 23:45:41
44a4100dcf7ad2c4395a42f6d9926a5c,a1a835a7e59148cc5f62243387eb6c14,1,,So foi entregue 1 e foi comprado 2,2017-04-14 00:00:00,2017-04-15 05:30:14
44a511535f9ea0f4dbddfa2caf0292e3,b49180948b6f7e304351b16053fe2f42,5,,,2018-01-06 00:00:00,2018-01-08 14:44:22
44b227a36322266e323a5d0b6b9eccfc,6e5fc24bede0e47389f2042dc5f8473f,1,pRODUTO SIMPLES,"NÃO SEI SE CRIEI MUITAS EXPECTATIVAS, MAS ACHEI O PRODUTO SIMPLES.",2018-05-19 00:00:00,2018-05-21 18:46:50
44b33be7e06ccc9291d9282a00df5d85,4fe73718f01ee4a8a5edb8f5c72d1994,5,,,2017-09-04 00:00:00,2017-09-04 15:39:02
44bd9097a890ad6d861692d987b2c586,6914acb0f52f56529563f4f97062b90b,5,,"Ótimo produto, bem embalado, chegou antes do prazo.",2017-08-05 00:00:00,2017-08-08 20:34:04
44e06e25ccc8525db695721c54fd7455,31bc09fdbd701a7a4f9b55b5955b8687,5,,,2017-10-22 00:00:00,2017-10-22 17:06:47
44e12007fb3637b369e716ef2a2d57e5,07242eb6740fc0feb5044eda405a4782,4,,,2018-06-14 00:00:00,2018-06-15 11:38:24
44e15b94d050309bd2ec55b45bf51987,b19cbdc71dc9913fc6eda58071709aae,5,,Bom,2017-08-25 00:00:00,2017-08-31 23:35:56
44e43f4841ab824e931b58c1ce30884f,5aa709ad0b286644ffbb7c9aa6a1db27,5,,,2018-04-22 00:00:00,2018-04-22 22:03:13
44e51c31e08570e0c3135c81bf82675e,b0cc2434ee3727e682222a0f745a5948,5,,,2017-04-04 00:00:00,2017-04-05 01:09:22
44f7482ffa6b98bc55f68fd6452cb308,c130858ff611f05ccbfbac337cd09cdc,1,FABRICAÇÃO,"Origem do produto china, qualidade ruim, na hora da compra não ficou claro que se tratava de um produto de origem (pirata) cuja a qualidade é ruim.",2018-07-01 00:00:00,2018-07-22 12:31:18
44f99910fdf023c28081475182609acf,57d86c396c1d48482e96e9e4a0e14ffb,4,,não usei ainda,2018-03-20 00:00:00,2018-03-22 22:17:31
4503cab88931f445b565931a8c564b5e,878c411445b7128a9715f6f06ca14bea,5,,Recomendo sim pois vem antes do prazo produto de ótima qualidade sempre pensando no cliente,2017-05-31 00:00:00,2017-06-02 21:30:23
4507f468c30a26901fdf6de2f611d96c,6cd1a4eb4b9a14b5a991a897f096d443,5,,"Achei o produto excelente, porem nas fotos do site não informa que é produto Chinês, que aparentemente parece ser bom.",2017-06-07 00:00:00,2017-06-08 01:02:22
4512edc289ea8f66fb52d743142624f3,1239c47cd51a11ce6c5b16e84517626f,5,,,2018-05-20 00:00:00,2018-05-21 22:02:37
452507eca642c1ee1df52604e0e28f41,8f1d6980e5537dd52cdd222e0794fdf4,4,,,2017-12-04 00:00:00,2017-12-05 13:19:57
452e09e968952996b6eedbf6c046486c,8d3b97f37bdd7afa5d348afb305858be,5,Entrega no prazo,Enrrega no prazo determinado,2018-07-04 00:00:00,2018-07-05 00:51:27
4535362cfe6d30f4099a637f16ecc294,a206b5b5949384fc699e072ced43192d,2,,,2018-01-10 00:00:00,2018-01-11 10:03:40
45353919b5590b503e8c534da4ce902c,3d2538dbdbc283f9cb3e187912cf770a,4,,,2017-10-26 00:00:00,2017-10-26 17:37:41
453a6df7a7408ae1fb456614d0654af1,bd311764a2c2a541c99f90f076923b34,5,Boa,Boa ,2018-05-25 00:00:00,2018-05-25 23:52:32
453cbd5278fdb3b95154a21cb7ab0064,1a122ca21948df08789d7d88094ff11f,5,,,2018-01-22 00:00:00,2018-01-24 23:27:38
453f5a4317f671c1947df372d77995ab,251f7157d5e425718ae0767439991dec,1,,,2018-02-01 00:00:00,2018-02-01 22:49:48
455142ca1d973a1dacdc4768ca6073f7,2b9fcc0b86e42aaa05818596c7d9299a,4,,,2017-12-02 00:00:00,2017-12-04 11:16:20
4577e72405f5242360b72d6e981ed148,32f0d08563a05bd541da24218934fdab,1,Comprei dois falta um,Não entregaram os dois ainda falta um.,2018-05-18 00:00:00,2018-05-20 13:41:59
457e95cf4e34ffdc57551aa43765dba5,e26f55a50645c4ffe8f2278b9c7e05b6,5,,,2018-04-21 00:00:00,2018-04-22 16:47:24
4580aae2cdec07e207d3cb50036f9620,de2884aa8799702e8d242dc4029db3cc,4,,,2017-12-09 00:00:00,2017-12-09 21:25:13
4583b7f4e34487b81fbdbb1e5631c446,edc13c926d0553c5c63666905a3adb6b,5,,,2018-01-30 00:00:00,2018-01-31 01:01:38
4589bdf0fd974f0dc291af441d37beec,bfe8c448781919b17936bdd844baefc4,5,Excelente ,Veio antes do prazo de entrega. ,2018-08-16 00:00:00,2018-08-18 21:54:03
45961c4bd4f1685ad8829a889e5e8f46,a1123c93471aa08ec72dfd5c941edcdc,4,,,2018-05-08 00:00:00,2018-05-10 18:51:31
459b25423619e268d0c62ff397fa5e14,4198d0f2bb36652e0d18c1f7bbf3b6af,1,Primeira Falha,"Infelizmente aconteceu... em nenhuma outra compra de várias que já fiz na lannister.com, deixei de receber o produto, mas dessa vez, não recebi.... uma pena....",2018-05-05 00:00:00,2018-05-05 12:54:54
459bb088b9e0869d028dad6afed8c94c,11afac295480894b1dcdf9cf95815731,1,,,2017-02-15 00:00:00,2017-02-15 22:20:52
45ab2a75a636809c0bf66e277ae62dd6,1ee34237b5f6da17a68b98f9f27e4a4c,1,Cartucho falso,"Comprei dois cartuchos 662XL (1 preto/1 colorido) e após instalar em minha impressora HP Deskjet 2546 foi acusado na tela do computador como sendo falso, cortando todas as impressões pela metade.",2018-08-02 00:00:00,2018-08-05 00:09:34
45b256a0dd58d5ccc53fa45af3526254,7937987ff13bd22aa39304d525e1eafe,3,,,2017-12-13 00:00:00,2017-12-15 19:02:22
45cd71d3a05dd5c9916800d713a47c98,24157de329cfc5610de79f904534eab4,5,,"Recebi no prazo, e estou satisfeita. Recomendo o site. ",2018-03-15 00:00:00,2018-03-16 01:22:57
45cf0253815947e90d358d41034f403e,962b2008b2f1e396e0d30b76caa96832,1,,"recebi o produto antes mesmo do prazo, porem o mesmo não funciona.",2018-03-03 00:00:00,2018-03-05 11:57:21
45d2cc59e8a574072e25940e8ff8f382,3d4c0bee5a287df3c005b08aebb13911,1,,"ENTREGARAM APENAS UM BRINDE ACOMPANHADO DE UMA CARTA, EXPLICANDO QUE HOUVE PROBLEMAS NA FABRICA DA CALOI E AGORA NÃO SEI QUAL SERÁ O NOVO PRAZO PARA A ENTREGA",2018-02-17 00:00:00,2018-03-01 20:42:18
45e367167acca0fcb036c3fce7dff3d5,ad850e69fce9a512ada84086651a2e7d,5,,Tudo conforme previsto.,2017-12-08 00:00:00,2017-12-28 01:56:47
4617fa06aff4c809d0dea30c71f43d95,9f353d55cebbc63a3eb1bf5d53774ab5,5,,Entregue no prazo.,2018-02-10 00:00:00,2018-02-13 21:13:30
461a0dbf4fe068f3aa43fe6b43c76ce9,2b0d020da35221c291bb03a55f70794a,2,,,2018-04-14 00:00:00,2018-04-15 20:10:22
46200d26c42f4fb7b7786c351e09b7d3,c274216562a0ca3b0f14b7b46b8f7f4e,4,,,2017-12-30 00:00:00,2018-01-02 14:27:50
462a3ef43c2d9e5155909a72f91b4640,8b5ddca535bbca0d4282b4e82248089e,5,,Ótimo recomendo,2017-09-27 00:00:00,2017-09-30 00:21:15
4633560fc8bb4690963751d9fde33db1,628869b4f8a615bc270791a2def79f7c,5,,,2017-05-28 00:00:00,2017-05-28 23:32:13
4639a4ab224b005f3fd4c40af64edf69,8681115ee9073763981721e9e4cadbe3,1,,,2018-03-21 00:00:00,2018-03-23 12:16:16
4650b6c3cc59899f66a8f91c139058e3,d87739e1a489341831ec68b0876174f0,5,muito bom,,2018-08-24 00:00:00,2018-08-27 13:41:24
4657429fc5c6539f3bd38256c8d6aa1a,a698eb7ffd8072c3664a4950b259ff0b,5,,,2017-12-12 00:00:00,2017-12-13 12:19:10
465ddd5d473fbdee9a68ed584812db49,061b74bca735bb2c1953e40bc098101d,5,,Tudo de bom!!!,2017-11-28 00:00:00,2017-11-29 06:30:50
4673e23c15ddc0dda40b646ad2e1102d,f769d5778736c059f21be80b520c0b86,5,,,2018-02-16 00:00:00,2018-02-17 01:23:11
4674ee8c14067fafb2b5ce521ed91dd0,ef94e1ff9bb30d81e5e8c9bf9527bc16,5,Ótimo,"Ótima cortina, pano muito bom superou minhas expectativas.vou comprar outras com certeza",2018-05-23 00:00:00,2018-05-29 12:35:07
467a87e491928552a1f09c69ce6c1428,377761f188a20507117a18c35bc33bde,1,,"Recebi o produto errado e continua constando que recebi o certo. Ninguém tomou conhecimento de minha reclamação. Aliás, está em duplicata no site, parecendo que recebi duas vezes. Fujam dessa loja. ",2017-12-13 00:00:00,2017-12-13 14:42:20
4696aab7040bda1e18115fcf90d532f3,34de5f7952fbd04a9a1e5d7001b014b5,1,,nao recebe as cores pedidos,2018-03-09 00:00:00,2018-03-10 00:46:40
46b75cd8780708562b862df95b982c1a,fb7d6ea70e823cfb1afca3524282cbf9,1,,"Boa tarde,

Fiz uma compra de 5 unidades de pendentes meia de iluminação para a minha loja é só recebi dois, estou desesperado pois estou há dias da inauguração da loja, minha encomenda está incompl",2018-04-12 00:00:00,2018-04-13 12:32:53
46bb6a7a341a3130f746c49df9885399,f349e78f52cb2d25cffd4cc44f168413,5,,,2017-02-12 00:00:00,2017-02-14 14:53:20
46de3dfa0036aed626375bde40b476e6,321449a02a8bb4029e39f54fe306be0b,1,,,2018-07-14 00:00:00,2018-07-17 02:33:19
46f5faf927dbb0a1adff8e17befe975e,9af45b618745db1a57fbfbeaceedc889,5,,Correu tudo dentro do combinado..,2017-02-23 00:00:00,2017-02-24 16:39:08
46f963c23807bcdb5220aacfab919336,7ec00b7266a2e8826ba86a7509fb7939,4,,"otimo produto chegou antes do prazo, porem o frete muito caro",2018-07-06 00:00:00,2018-07-07 14:21:38
470f439e820c914345ef98cd21bb7891,166a835dcb0ffdb5d917db2a93358502,1,,"Não recebi o produto, tive que buscar nos correios, e ao chegar lá, não havia produto, apenas um envelope com uma nota fiscal, estou aguardando solução. Saiam fora, não vale a pena.",2017-08-01 00:00:00,2017-08-01 16:21:42
47277ea6649c17413a1abfc83e501176,ba70922d044f56d4b4cce2010e3f4cd6,5,,,2017-06-27 00:00:00,2017-06-28 05:13:09
4728e3cb75ae28c6311afa948a9ea306,68dfc0cac13912ba836bc59a40e10509,5,,,2018-03-09 00:00:00,2018-03-11 23:55:56
47415c392b79f4a58888eceaf895195c,6ba74355a0bd6d93ae590f6d510958b8,4,,,2018-06-23 00:00:00,2018-06-25 11:35:19
47495e97c354d68c61e23f61e5949e25,8f8e4c6e05e4b84707bf0dafc310fc7b,5,,Recomendo. Td OK.,2017-08-09 00:00:00,2017-08-09 23:52:47
4749acd0a3c5cc04622e185b08d89e1d,3393e0117eefaf7abdee7c0ec9582632,5,,,2017-07-11 00:00:00,2017-07-14 10:31:04
4764da0b469685a9cea43b65e82a888d,246ed527fc17d711f0b578e0bd407257,5,,,2018-07-01 00:00:00,2018-07-03 18:18:21
476b61949355b946cf1e65ea1d7431f6,c8be1a5ee02f0d4bfb401c7194b607e7,5,,,2018-02-26 00:00:00,2018-02-27 11:47:30
4788fb2ce82d0fb5ab15501418f09257,8c8ab4a6c61aaea6eccaed2958c36231,3,,,2018-08-26 00:00:00,2018-08-26 09:58:18
47ab4c1eccf5f46925bab594f39382c5,333fd556e66dcdb07b2081f258f42ece,5,,,2017-12-06 00:00:00,2017-12-09 10:36:39
47b0c5a684a3bb021fca479197a7f136,e235f2f2440fa2abd4c0777a2fda1026,5,,,2017-10-17 00:00:00,2017-11-02 00:18:33
47b369f1f6fd0a861e786a75e54d80ca,47e8ba7c05a52927e500dfc927b74031,5,,,2018-02-07 00:00:00,2018-02-08 03:48:42
47b51e267a42110ef461ac08de6b5f0d,746c571ef93dfd0c1ee0a6d4e9d983c7,3,,,2017-07-18 00:00:00,2017-07-24 21:33:40
47c33a7d434a10b35907a00dffe922e4,e849e2829de302019ae8bd9924055171,5,Muito bom,Podem comprar recomendo muito,2018-06-07 00:00:00,2018-06-08 09:09:08
47ca46d41ad939b577bac1394e19a568,22b6314011ec44222f024670a2c91929,5,,,2017-10-06 00:00:00,2017-10-07 09:21:05
480752333c7ba4fb14623f7985a66d10,185e7ea81e4cf0fc1d2f4e8e38e8e7e3,5,,,2018-06-19 00:00:00,2018-06-22 01:20:09
481737ef64b05090ade8bf822749712e,fed6ef6fb04042a3b895df051c11225f,5,,,2018-08-15 00:00:00,2018-08-16 07:36:13
4820d196c44de42cc5746aba409634d1,a09801b9e15eb9aea012ad7d7f3257c4,4,,,2018-05-08 00:00:00,2018-05-10 22:32:19
4822849a51898252353f21d8c73373e9,72be45eab146087612b9ee932e825574,4,,,2018-05-03 00:00:00,2018-05-03 22:02:15
4827f406241010070842c0461237a2c8,1e8bd56a8a79c55409341b1c83b1e8b0,5,,,2017-12-19 00:00:00,2017-12-24 17:08:24
483681f6667d97add3bcd3235480de48,40bdd1ba5a9602677ba0603dfb0a659a,3,,"aparelho está com defeito, vou precisar trocar?",2017-10-20 00:00:00,2017-10-23 15:20:01
4836dd803b9810171446acaa3df7dae4,a7b3902a1a640e1f0d4f861d468c588a,5,,nao tive problemas,2017-12-12 00:00:00,2017-12-13 02:29:14
48524042d3c07435c8af70c7f4cb483f,652ae40b48d62a6682c9f4a674f83621,1,Solicitei a devolução ,Recebi um produto diferente do que foi requisitado. A imagem do anúncio não condiz com o produto recebido.,2018-05-19 00:00:00,2018-05-21 19:47:57
48566ae786a6a9f02ad76b31ce8e6a10,fe206005e41f89f9759ece7fe7acc9c3,5,Ótimo ,,2018-07-04 00:00:00,2018-07-04 23:29:59
4866aeab594732f2d471edac2b4c83dc,6299bb8e855289b411394e216495f96f,5,,,2018-07-18 00:00:00,2018-08-03 14:19:37
486d7e64e0d9a69a923b675d5285f62a,083c3a567b005b0f7261c9c0c76fe151,4,,,2017-03-18 00:00:00,2017-03-18 22:51:39
488f503f0e56dc79a12a035233c34fdf,7b80eb102c74259844e5a4fc17cc7c26,5,,Produto lindo.,2017-11-14 00:00:00,2017-11-17 11:01:42
48b1c44af67db62593db1c98c2696a04,2873470e494bfa664423c256505962e1,4,,,2017-02-23 00:00:00,2017-03-01 10:15:22
48b94fe61f1b985f6b4d2195e6dce11c,a4101dff2487b4a3d89330b9fe480475,5,Boa,gostei do produto,2018-06-26 00:00:00,2018-06-28 16:25:36
48c2ad80a6f5be558d1be429988ef98d,1560a63a0c01388598eac8e14a503f2d,5,,,2017-04-13 00:00:00,2017-04-14 01:26:29
48c5faf6c6d2ee4bd94aa925ebec2a2f,588319a0ed0db7baaa43a314a333434c,5,,,2018-02-20 00:00:00,2018-02-23 03:11:46
48dd5a7b0fda983bace0c2162fef6f6c,ad9462a4da64add20fbc051616035832,4,,,2018-03-07 00:00:00,2018-03-09 22:02:11
4905eff14cce5e6a640f7b8d97d43b84,831f3205c78da9d0b68f53e483eb3e08,5,,,2017-05-30 00:00:00,2017-05-31 13:21:41
4913be345159a3151c060698b518e99c,1c1975ccdbd34c48a241f30cc2258dbb,1,,Prazo de 40 dias e ainda sim passa do prazo,2018-02-24 00:00:00,2018-02-24 11:28:09
491eba62ef49203b5b652753f0548eb4,01be2f7ca246adb9112cb75096af2ee0,5,,,2018-02-27 00:00:00,2018-03-01 01:40:13
492c20d080df77bc374228a3efa9aa15,2f54db7250b3463f57049dc32ce4ff93,5,Sim eu recomendo ,👍👍👍,2018-07-04 00:00:00,2018-07-06 20:30:17
492d9c7ee7e7d4246a23af2175e0721f,c6a79749006273a0aa6567ddfd275527,2,,Discrição de panela de ferro não conferi ,2017-12-12 00:00:00,2017-12-13 09:22:33
49310d61e774bc2a50dd5dd4dc6dea64,7cd9f4c5a26e353b50e10cc165ef40d2,4,,,2018-07-03 00:00:00,2018-07-19 00:08:34
4961f3c0fcd5bbdf7185b5d071d5bc3e,4688d8a3d2db532497201af1f0f69376,5,,,2017-04-14 00:00:00,2017-04-16 23:38:33
497f57ace6444775d1eb51c3a3c6dc3d,3ecb666eda6d2ebb9348dfc65c32252c,5,,"Pneu muito bom, foi entregue dentro do prazo e veio bem embalado tudo ok.",2018-02-04 00:00:00,2018-02-05 12:09:13
499bd076404054a696b58589b196cde2,b57410d258461ade68673ab75276e66d,5,,,2017-03-14 00:00:00,2017-03-15 00:44:17
49bc6f91eafc9bcba971390e3150cc19,ce699ae4abc92356538ece036da1045d,5,,,2017-10-05 00:00:00,2017-10-06 10:46:42
49c2083b1c3520946b98461a3245c55b,69bec49dcedcbf07e8333244796dd70a,5,,,2018-06-08 00:00:00,2018-06-10 20:16:22
49c4a1851af7b573eac290b45e25ee53,5486a5d84a1d6dcc94887f6f2821a4be,5,Perfeito ,Lindo adorei melhor que na foto ..,2018-07-06 00:00:00,2018-07-07 15:44:21
49dc1a77d03e598dbe358fbdd36d602c,68873cf91053cd11e6b49a766db5af1a,4,,,2017-12-15 00:00:00,2017-12-17 19:12:44
49fa1fd863ff63cf4b3c85d3f0bfbc25,b48e71659903550bcf90e87f245cefbb,4,,,2018-03-23 00:00:00,2018-03-28 19:55:47
4a19a81c98e91ef3a87538d219d37126,2e7e996efcdd5363fe2dc812bf804e58,3,Mais ou menos ,"Se vc não gosta de plastico, nem compre..
Mas é bem bonitinho, só achei caro.. Os desenhos não são bem coloridos.. 
Eu não compraria novamente..
Porem, minha cozinha ficou bem bonitinha..",2018-06-22 00:00:00,2018-06-27 15:14:56
4a295cd3b14f25ab84f7c242796e6b07,d0462d19e9c58af6416a06e625c58f13,2,,,2017-07-27 00:00:00,2017-07-31 16:01:08
4a30776976e4d9a4ff464f78222b8184,91efb21be6a9b69ab5e7f13f7dd74b3a,1,,,2018-07-12 00:00:00,2018-07-13 14:01:58
4a337e1717847e6add8f55c174013f58,b2987cdfb6847c50318e4c268aa8d7c8,5,,,2017-03-25 00:00:00,2017-03-25 21:07:53
4a34058aa15db57a95e355787f8d53cb,e8c7196e322086d2f22890afc5f7e750,1,,Até agora não recebi o produto comprado. ,2018-03-29 00:00:00,2018-04-05 21:28:08
4a4d7f19af1c6bd491462ddb342494ea,e1ecfe26de4293cc0e26bac6c0359f09,3,,,2017-10-12 00:00:00,2017-10-14 16:29:38
4a555488de99954c15b94e6c84ce1fe6,cc0c05a1ab5fad72c351bd0ca1b10fc8,5,,O produto foi entregue corretamente e rápido. Estava de acordo com o pedido. Veio bem embalado. Estou bem satisfeita.,2017-07-05 00:00:00,2017-07-06 15:40:07
4a6b6d2ec30eb3b9e0775a2cb44d752e,59e53c261681312bd398bcac254262e8,5,Entrega perfeita.,"Muito boa a rapidez na entrega, recomendo!",2018-07-12 00:00:00,2018-07-13 14:26:20
4a6d0a6681e9cef5e488af3ae2f66e1f,15b1aceab346b46189a6eea3b6f4b951,4,,,2017-02-10 00:00:00,2017-02-12 11:15:29
4a77b7a13defdb8bb596d7dd74d319ec,e31fbb2860d15276b1e38f43e9423924,5,"Boa qualidade, vale preço","A maioridade das cameras de espiã em baixo de R$100 são lixo. Raramente funcionam, e com qualidade péssima de video e som. Investi um pouco mais aqui e fiquei impressionado com imagem e som. Recomendo",2018-06-05 00:00:00,2018-06-08 22:16:48
4a809ddd49bbebe893c34ee5b4f7fbaf,814449e266f5cbff53f6e336abd1dd5a,1,,o produto não chegou,2017-09-26 00:00:00,2017-09-29 11:08:59
4a8bd2f4ee2460ce40302bca021a4786,4293c08add04a8db68205c16fcb0554f,5,,,2018-08-07 00:00:00,2018-08-10 22:52:12
4a91f1456cb460b89751e9f115c3c3f1,97eb8123f2508dda8d9234f0aca79572,5,,,2018-04-25 00:00:00,2018-04-27 14:02:33
4a932e0164bdbfca7cf937a61a3070c5,dd5ebf00c3d8b88a41ec9c8450ec59db,5,,,2017-04-19 00:00:00,2017-04-19 21:08:39
4a9d0e4acc123c8ae263602b2898cfa4,2e39e94b6b5f7944f872ba6bf39b758b,5,,,2017-11-23 00:00:00,2017-11-23 10:35:02
4aad336003259ae594c9e4ef55a93049,d39e59e93bf34f4b2f6cef3902672a6f,5,Muito bom,"Muito bom o atendimento e o produto é ótimo muito bom,amei......",2018-05-04 00:00:00,2018-07-05 16:59:59
4ab1faecbedf353b2bd2602841a16974,c3c86ecc0f7508ffce2a4662f49d9d8b,4,super recomendado,ótimo o trabalho ,2018-05-19 00:00:00,2018-05-23 02:13:11
4abe3f40c58cb5bdc9d59f7a70912044,b3dd5b90145b576a279167630eef9def,4,Recomento,"Aparentemente o produto parece ser muito bom. Não abri ainda, pois é para presente.",2018-06-26 00:00:00,2018-06-27 16:48:43
4ac9fe6bad39598c7f1fe087b4833f8d,9966919513b173e92155677f14ec8a67,5,,,2018-01-05 00:00:00,2018-01-05 22:06:33
4ad2c60296ad152a9f9a254bce1ca374,e1df35a4d8a73d8ad53be0f5993e6af4,5,,"Atenciosos, bom produto e pontual",2018-04-20 00:00:00,2018-04-23 20:49:54
4ad36cb82087b7fb5628f573967830d5,4f5dafaf09552e7aa5747ae0cb84ffc6,4,,"Pontualidade, e recomendo e recomendo está loja",2017-11-28 00:00:00,2017-12-08 00:45:15
4b0cc20ed64981322f4a5ee68d5af22b,dc6ad9979090e9f597d6cd0ea5a3feb6,5,,,2018-04-10 00:00:00,2018-04-11 17:20:20
4b17beb9e003b44fdd0a773763cdaec4,0c2766159bd610cb7f38a657ebb28e39,4,,,2018-05-16 00:00:00,2018-05-19 22:07:28
4b1dd88ca703cca53296ef5c5da441d6,9cb560230b18aed833770219fd165e16,1,,"Fiz a compra do produto,pelo site lannister,além de não ter recebido o produto,
O mesmo foi cancelado ,e não fui ressarcida do pagamento do mesmo.Irei fazer uma.reclamacao no reclame aqui.
",2017-08-04 00:00:00,2017-08-04 09:33:06
4b44b1cbe34f0ff9f4af74014ca6ed61,f6a88b9bb4c26463d70208b8ad03eb28,3,,,2017-04-07 00:00:00,2017-04-08 01:10:10
4b4909c1268991dd2e068b8d6d7f5e14,1e1f2f647008bb63f8fb6cfe18d64467,5,,,2018-01-05 00:00:00,2018-01-06 10:35:46
4b55496b6c3ba91e998371919e195a95,ca823578aa819296a9581dee40fefb60,5,,,2017-05-23 00:00:00,2017-05-23 23:37:40
4b582949c6bc2e9f223f0360d7576ddd,6a30d0e1fc7dd7c00dc07bcba79c589f,5,,,2018-08-22 00:00:00,2018-08-22 16:37:25
4b6d32e8b878b4a089b34ee0a45122d8,6c611d177ef47b4d67080071684f3da3,5,Excelente,"O produto que adquiri e de excelente qualidade, veio muito bem embalado, entrega foi bem antes do prazo. Gostei muito. ",2018-05-19 00:00:00,2018-05-21 10:37:04
4b93a8cb070e52356357e46e3fa7156f,04a18000a647d0f0f842ca489dd4a464,3,,,2018-03-29 00:00:00,2018-03-30 01:07:55
4b9cb7f0d2c37a687c9032f6dae5bb9d,ac95b87f13bbd7609c75bfcc17cf3ae7,5,,,2018-07-28 00:00:00,2018-07-30 02:43:34
4bd2ac4fb75fc2097d12a5fb0dc98032,e3bdef3908e4c6a22a657b3786f89d4d,5,,Bom,2017-12-28 00:00:00,2017-12-31 13:14:16
4be01979725f06dfb2de7b1f8a372c01,082da800c206687336a039aa7269d303,4,,muito satisfeita com a entrega e produto,2018-05-09 00:00:00,2018-05-15 15:21:10
4be17370cefa9fccf9201afbedbfe612,c76d2d304f60e2fd258910e47c8dc5f8,5,,,2018-05-24 00:00:00,2018-05-29 02:59:35
4c0dad2eb5d2f8a44696bf34fac257ce,c1bffb64e9e46207fa132a9a4f4e1307,5,,,2017-03-23 00:00:00,2017-03-24 01:01:07
4c1f953bffe03137a754892818c02d50,21d601597d3c4723d5e5f81dc1d2c01e,5,,"Produto muito bom, e chegou dentro do prazo.",2018-03-16 00:00:00,2018-03-19 19:41:52
4c34441c2e354be66aec5372b1799b06,3316b67b63d43c414af962eb7452d56a,4,,,2018-03-27 00:00:00,2018-04-01 00:45:33
4c374a55eaa924fbd249434af4617162,24cf826a7c6a7038c6ec3a5173a4c78b,5,,,2018-08-30 00:00:00,2018-08-30 19:05:12
4c8b5ee3633325d125db8507c400a07b,ad6d3a18d2c834c332464ee72c2131cf,5,,,2018-02-03 00:00:00,2018-02-05 21:41:51
4c8d0f32f60f1d543e6ea1e6b37c997c,b1ce4c5e6ca283609965c55ad9583d45,5,,,2017-11-21 00:00:00,2017-11-24 09:47:05
4c8f8404cafa2aadef5a65b86a6c073b,21b966a378471db65c18fa4ca20d6800,5,,,2018-08-28 00:00:00,2018-08-30 21:16:06
4c978efa3014f70eece28f78600e3292,71bdcc58db48fbd3f6aa39889aab2e8c,4,,,2017-08-20 00:00:00,2017-08-20 21:21:44
4cb05ec239eda44d4963ea5e0aca0d52,0f4ace47be2863cb7e7e547f32afbe2a,1,,,2017-12-31 00:00:00,2017-12-31 03:17:04
4cc44bda1fdcce34222438b9ae0d7c9f,6b47aeb5acd9b0fc45cfa4cda0b42c5f,4,,,2018-03-17 00:00:00,2018-03-21 01:24:05
4cce9dcda9a1d82e455c773d152a195f,e9bc7c86be84f95e01a59c247ddf6208,5,,,2018-06-22 00:00:00,2018-06-22 22:49:23
4cd37dd1963598c3fe478f658cf11b85,4a661ab7f8cc33b9cb79df5c0b912a73,1,,ja tive problemas com a lannister 2 vez o meu produto nao foi entregue e nem estornaram meu cartao quero saber como vai ficar,2018-04-12 00:00:00,2018-04-12 12:41:14
4ce59a5fd5fa96d31a122c62b18bba7e,73950eeeb87a86705a2e3c7f42f1b4bc,4,,,2018-04-20 00:00:00,2018-04-21 13:17:29
4ce81892e17defd0edf1fb84be2f837d,354ca0db56ff74ee830a15fcc1416642,5,,,2017-11-24 00:00:00,2017-11-24 20:15:14
4cea1c741ec6f07ca752baeb01116dea,d83e73ca49e7e9ec7ba0154139858fc8,1,Não recebi o produto,A previsão de entrega era para o dia 22/08 mas até agora não chegou.,2018-08-24 00:00:00,2018-08-24 10:07:22
4cf601f1287d4ba20b3db6f3e744c02a,e14ca33656133486b155bc46e5b742c1,5,,,2017-06-17 00:00:00,2017-06-17 19:10:40
4d14b091d71391a8bb96870aa1f7d3c1,0c922ae7c3b6cb7d848150c80121bc1b,3,,Goste e recomendo,2017-04-08 00:00:00,2017-04-09 16:13:11
4d1ccc500a171745ee1980a610eac49a,f1331ba967671bd1a0cc183d806c57c7,5,,,2018-01-25 00:00:00,2018-01-25 23:59:31
4d24b68f9d046af57c3ab14dae8790e5,2b72e9015af390303d5d89ae0fd64673,5,,Segunda compra na loja. Estou muito satisfeito. Produtos chegaram rapidamente. Recomendo. ,2017-12-01 00:00:00,2017-12-04 12:46:32
4d3bd6bfcbede3be1a7b8747ce38bcae,448e3433c1fdb3dc2678294be291a7ec,5,,,2018-07-06 00:00:00,2018-07-10 13:57:37
4d3e0dc72a93155e2cca5525e1ff6592,d77c5cb217e302146127b857e56ee27e,5,,,2017-05-05 00:00:00,2017-05-06 16:52:00
4d82edda7113d0e5d46fa30b3ce6e2cb,5dd64c69f0f1a0f2cb3a5272837fb904,4,,,2018-08-28 00:00:00,2018-08-28 23:43:12
4d91a3909713df7d52ccd443cff5f4a4,16cdedbb1542ddfe411a0b979b43aa64,4,,,2017-07-13 00:00:00,2017-07-14 04:05:57
4db014fd08b64581442a0d73daeb7f19,1cf93eead4feac27cca0e9f08bc489a9,4,,,2017-11-22 00:00:00,2017-12-01 12:03:21
4db7b95fb2fb90537fa3ff49c3234c6d,e03802b5209c43fd6ba9d5fefbd664ca,4,,,2018-03-22 00:00:00,2018-03-24 20:16:54
4dc7a70acb9d9eeeb1db4e74f88b2e9b,1ce0acf125f1bcd636276dd213363196,5,,Recomendo ,2017-08-10 00:00:00,2017-08-13 17:29:51
4dcb76cbed9a0b28ed5856d8852385e6,85770deee3205a161f62a227bd92f7ab,5,SUPER RECOMENDO,"EM TODAS AS MINHAS COMPRAS NUNCA TIVE PROBLEMAS.
",2018-06-09 00:00:00,2018-06-11 19:59:55
4df3ee6b6d341dd5fde210834e9ea10a,a45d988c5f5764f548ae6fa14a8ee773,3,,,2017-11-30 00:00:00,2017-12-05 19:04:15
4e12b16a718da8c55f85f153df42b9bc,09a12008dce38051d0f39f922b380e05,5,,Recomendo a loja ,2017-05-24 00:00:00,2017-05-25 10:31:51
4e1f047c50205d65d05e9052aff05ea9,2f913d8514e1297d2b7543d5e7a6f90d,5,,"Eu ainda não montei as araras, mas aparentemente, são muito boas. Elas são enormes. Eu achei que vale muito à pena. ",2018-01-29 00:00:00,2018-01-31 12:50:06
4e1f5f8812eb6685ca315cd07950613d,9ea091924b1229de50a0ab7dc63a797c,5,,,2018-05-19 00:00:00,2018-05-21 01:47:22
4e2d0fe88faab6b53e9aaec116ad5b7d,7b039bcfd98f73afd5973f8ba56c5987,4,,,2017-12-20 00:00:00,2017-12-22 15:02:24
4e34f5c8460cdcc9cd339d8bd86407b0,b0abfb398741998a8e47cc773b5e0edb,4,,,2018-08-31 00:00:00,2018-09-03 19:13:57
4e45a1f2c9a633fec1ed244a875b8a96,c3172e32bc52d8dde2aa5c6cb36cddfd,1,,"A loja está optando por um meio de transporte sabidamente com problemas estruturais, sem compromisso com os clientes.",2018-02-24 00:00:00,2018-02-24 10:30:02
4e62f3d46b7aaf44529b914c10521104,8f6ac8f0dd2588b2dc8dec2898d6095a,5,,,2017-10-25 00:00:00,2017-10-25 17:07:50
4e63543cb27ab6f33c7d25839f6f4b4c,cc4262265ee51b6f5d446e6218149391,5,Satisfeito ,Meu produto chegou com rapidez. Nota 10,2018-07-26 00:00:00,2018-07-26 22:45:28
4e6678fd20923162d9d5897dee289ce1,a54a8115a2feb724778f05afb10f69e5,5,,"Produto chegou no prazo e bem embalado. A única reclamação a fazer é o preço do frete que, de tão alto, quase fez-me desistir da compra.
Contudo, recomendo a loja.",2018-01-31 00:00:00,2018-02-03 18:40:50
4e7db7d9bdafdd99952285cc366d108a,b360e877916b9d6b03877df56551e4dc,1,Produto Diferente,O produto que recebi é diferente do produto anunciado.,2018-07-12 00:00:00,2018-07-14 21:01:58
4e81e7fad45d642addc0170adcbb8e73,1c74ffde86fb781136c43931617a5958,2,,,2017-12-12 00:00:00,2017-12-20 21:45:49
4e83b9d80a722c3e78a5089a7c975a26,3aeb3d4e53be38746876f1f83d3726c2,5,,Gostei foi entregue bem antes do prazo super rápido ,2018-06-08 00:00:00,2018-06-09 12:52:39
4e8d04490fb8bbb437c3416c441c5aee,a31ecde4565b9e5e70a4ac17fb47174c,1,,Sempre compro nas lojas lannister... foi a primeira vez que não recebi o produto q comprei. Inclusive já faz quase dois meses q comprei. Sempre entregam antes do prazo. Já venceu o prazo da entrega,2018-03-08 00:00:00,2018-03-08 12:16:31
4e93fb74cba5f9ebd79eb5362bf2874f,e9a85222994b1065ed4e23c6426b64a9,4,,,2018-08-08 00:00:00,2018-08-10 01:17:51
4eb8c2ddc1de66e6f4f2cf8f9dccd660,e54ac9a4438ed19f1367717699a2863e,5,,,2017-10-03 00:00:00,2017-10-04 12:08:24
4ebd94e5936c7f44247506f1d1558d9c,05d46826bd0fb605d6b00e30e9141882,4,Chegou super rapido,Chegou super rápido e bem embalado. Recomendo!,2018-08-30 00:00:00,2018-08-31 00:46:55
4ece67238854406287895671afd82527,8ee5cab30019132affead27f19959ff2,5,Recomendo!,"Otimo preço, rapida entrega, recomendo... ",2018-06-03 00:00:00,2018-06-04 18:28:48
4ed4174664dad1544f51d021f3086426,802a16d8b5c3a74a38cf9216f429c469,3,,,2018-06-07 00:00:00,2018-06-08 23:24:08
4ee57350880116220a2070558e1f0dd9,1e2335cf4dd533488459494190011751,5,,muito bom entregaram antes do prazo que a empresa continue assim ,2018-03-02 00:00:00,2018-03-15 18:15:40
4ef8a0aa65a9a2625bf739da39a1f67c,0b83b48cff92afd5eb4360860cad0ff1,5,,"Muito bom super recomendo 
",2017-02-24 00:00:00,2017-03-01 21:54:39
4f01834baa95e8393c109248cc1fdcf9,7dc8487f60263dbf289600757f5c6f99,4,,,2017-05-31 00:00:00,2017-06-01 01:06:27
4f03f271bf235d3349b4a3a1125a1c65,e55d5c08b9e26113f2f0b5b9ee191b65,5,,,2017-09-06 00:00:00,2017-09-06 22:19:12
4f233ecae556c6451e111284e23ce182,6c6fa28d797aaeb6b8d918dc102129af,4,,,2018-03-07 00:00:00,2018-03-09 16:29:26
4f2780a7b52df6417d4a1463e493b5b7,88791555f9832d0bee1f87f2074392ef,3,,"O pedido chegou no tempo previsto.O produto,
um pouco inferior ao que eu esperava,mas creio que usarei no dia a dia!",2017-12-20 00:00:00,2017-12-20 23:41:46
4f2c1fb7a602823e69511c8bbc7e5a67,ad4725342567809f8d0b8230394585d1,4,,,2018-07-03 00:00:00,2018-07-04 01:29:16
4f4762aad0cd4de4b49bb7eaaff0e38a,9a14984b8e92e2c06592b0de08ae9fb3,5,,,2018-03-27 00:00:00,2018-03-29 22:01:41
4f535d7213ad272d4f5f1f849de3f441,a085154af3d68d11b256a6facc891a56,5,,,2017-12-05 00:00:00,2017-12-06 04:16:54
4f538107c1ba3eb5db27404aa7c8d9e3,34de5f7952fbd04a9a1e5d7001b014b5,1,,"as cores nao sao da propaganda
",2018-03-09 00:00:00,2018-03-09 18:34:47
4f59a8e6827985e3a105df00435480dd,3ac4f30b6ba23f340792aeebba73158b,5,,"Chegou muito rápido! Tudo nos conformes! Adorei o relógio, muito lindo",2018-02-06 00:00:00,2018-02-07 00:55:16
4f611351fcbae81bdd205a9d1365e6cb,00c405bd71187154a7846862f585a9d4,1,,Produto não é bom pois não faz nenhum efeito na sombrancelhas. Não recomendo,2017-11-01 00:00:00,2017-11-04 00:08:03
4f6394c6ab9b5b256e50437736c284ed,e5ccd8b1ea09c33c4fc4f38dd671cd15,5,,,2017-06-24 00:00:00,2017-06-26 09:53:50
4f73bf95f1fb8baac0c6ab3bac3538b5,97abdc70b137f4f0934fb120debe3b58,1,,Gostei só que demorou muito p chegar ,2018-03-10 00:00:00,2018-03-10 23:14:58
4f786d705bae7089ff580eb7b0c4dfcf,73b1e5c9d05c96ee6d19a6bf2f79e2d0,5,,Produto chegou coreto na 01 dia antes da data combinada.,2018-03-06 00:00:00,2018-03-06 23:41:20
4f852e4d15ee8bf027411eb11fc5081c,1ac4ac576a3e3ef61ffbb64937ed1f62,4,Produto duplicado,"Conforme já informei, recebi duas remessas do produto e espero que apenas uma tenha sido lançada no cartão. 
Gostaria de solicitar a retirada do produto extra.",2018-06-19 00:00:00,2018-06-19 19:39:47
4f876068a553be4e72af60a107dbd104,e61a7dc1fe0c1e1372543d0de05f809d,5,,O produto chegou antes do prazo... top,2018-06-13 00:00:00,2018-06-15 13:04:09
4f8d13f64ba0eeeeaac793133f265048,23afc00db0b1c005196306f02e1c1178,5,,,2018-03-18 00:00:00,2018-03-18 22:36:49
4f9bbb4923ca4ad36f2115d4356b12ac,a1e3ae78b2bf6dedf2c6a37f96e17900,5,,Tudo correu bem com o pedido!,2017-08-12 00:00:00,2017-08-14 17:52:39
4fa1167137a5ad89e1c8c77531f7d5ba,2060cb090f613a2c6e389e351afc8031,3,,,2018-08-15 00:00:00,2018-08-15 21:01:44
4fa1be5669a5d8a0121a49d2cb8d2655,ae0b67266fec287e49a6bfa534e52d8c,5,,,2018-06-20 00:00:00,2018-06-21 11:09:28
4fab9d37190c042bdbe281697de9dd74,b7fc42dea7da9916727efa0ab2f3f89d,5,,,2018-01-10 00:00:00,2018-01-21 20:42:27
4fb667a50b8d9010523b050325fb918a,ea8a923ae9fcd23e6fa17eea177c3cc1,5,,"otimo adorei,recomendo",2017-05-19 00:00:00,2017-05-24 15:07:59
4fbdbcb7d15e9e1e8d89e44a2ebb9f37,eab0944c40c304c769e5c24309caa8cc,4,,,2017-10-11 00:00:00,2017-10-12 00:46:42
4fce8c660bdc692db94049b1380df74a,5d897972f7c8ca3878faa6d297a0173e,1,,"Até agora não recebir meu produto na minha residência. 
Fico muito triste pois essa é minha primeira compra pelo baratheon e fiquei insatisfeita.",2017-06-15 00:00:00,2017-06-20 02:27:47
4fdde4110c32b96a1aa1a99c91fbb10d,f325a745f44598592ea78a6e64b589b4,4,,,2017-11-22 00:00:00,2017-11-24 14:55:10
4fe8b2665e1eae868b729a5b3149228c,caa18d06d1387d719412906fd4cb2063,5,,Veio exatamente como o imaginado... Muito linda !!,2018-07-01 00:00:00,2018-07-01 22:34:20
4fea089659b78b233489192ca88d8448,3200257acc9dd36d1fa819e72fca7e59,4,,,2017-12-05 00:00:00,2017-12-08 00:30:08
4feaecdf4544407df59daa77888f9f76,f78c8c3b43d996a8ff2d7be6a2eb5e8a,4,,,2017-06-20 00:00:00,2017-06-23 03:20:58
4febe77c8cc7a983bf4227da2a4798d4,efe2bd0e4d25b933231492f36a6e1847,5,,"Original ,de qualidade superior.",2018-03-24 00:00:00,2018-03-26 10:20:26
4fecd2df844eac7dd7228bae09384359,52128ec39ceae0d14af6c5779c4173cd,4,,,2017-12-12 00:00:00,2017-12-14 20:02:01
4ffb9e6e1acc371657344f2c483cb7af,e8c12bea30d2a23cd334b456cf469112,3,,Amassado - isso ocorreu com a carteira que necessito e desta vez não o suficiente para eu pedir troca; o cinto veio solto em caixa e preso por fita. Receio em comprar desta maneira se não há cuidado..,2017-09-20 00:00:00,2017-09-20 23:38:21
4fff862384a8604b71539f5c8c223aee,aebed143b42af20da37583ee7e4cb7e0,5,parabens ,parabens pelo site facil e entrega no prazo ,2018-05-01 00:00:00,2018-05-06 04:20:50
50039c19c4f3549ef7d42ee1204cd37f,ee86b68eb9222b0cad7da50f4f758a35,5,,,2017-05-21 00:00:00,2017-05-24 01:52:16
50073c0ac905370780d6fc042908d73c,4b598c1855fb903ebc2697088200a071,5,,produto entregue antes do prazo,2018-01-21 00:00:00,2018-01-29 23:17:13
500eccbf8e0595982705ffc3f3e39438,6f91e4738284a9312089fd89f0d61648,1,,Meu produto não foi entregue até hoje e não tenho nehuma resposta! Vou ter que acionar na justiça.,2018-01-24 00:00:00,2018-01-24 03:42:42
500f8c80b3fde36f48a5bef707a6a3f6,8bce18fa222d49626263bbbf2413fcca,4,,,2018-01-03 00:00:00,2018-01-03 23:17:18
50134208a6947de1580ed3f0106ea24e,40ea731f6fa10cf721b503b64f3b178e,5,,,2017-07-29 00:00:00,2017-07-31 10:50:10
5019d7917a42dffada45a7ec6ae22b62,e2e85885a15f712ba00eb35cf5be7cfd,1,,"O PRODUTO VEIO ERRADO E JÁ TOMARAM AS PROVIDÊNCIAS PARA A TROCA, ESTOU AGUARDANDO O VENTILADOR CERTO... VAMOS VER...",2017-02-25 00:00:00,2017-03-04 08:45:16
502ea7062d25bcabbe225d8b6edb83a1,87317718d67eda6146e87be5a4688d63,4,,,2018-01-24 00:00:00,2018-01-29 16:53:12
503047136e5e02ea07c86a1dd81c55bb,f96c24233b2160cbda61f76e59f81412,5,,,2017-03-08 00:00:00,2017-03-10 13:55:32
50316507b952f30def48e43810dbc410,9fb4185dd9d8f82b6effea11c1555899,5,,Produto de boa qualidade entregue no prazo,2018-03-27 00:00:00,2018-03-29 22:08:08
5039b5ca9bdf0b297b538f60c4999dc2,23afc00db0b1c005196306f02e1c1178,5,,,2018-03-18 00:00:00,2018-03-18 22:37:03
50529e813a1b36dc7b2a35114074562b,3061eeeda2ce6bbe56d21c705f5d083c,5,,"Gostei muito, vou poder atender 30 pessoas carentes com esses cobertores. Muito obrigada. :-)",2017-07-19 00:00:00,2017-07-19 21:22:35
5068e69b65b412290465bf920a3bdcb2,d3085edb0a0b0d550bd72f712de90c09,5,,,2018-06-05 00:00:00,2018-06-06 00:10:47
507a0b5826e993f6a7a44f7e62c3dead,d3123a8def350af103d31c2026666c25,3,Ótimo produto ,"Produto simplicidade,e funcional...",2018-08-28 00:00:00,2018-08-30 23:27:16
508dab93b55f6f59d39ea07a7909c986,87b476f53da12dbaf8b42ba931985c93,1,,,2018-03-24 00:00:00,2018-03-26 12:33:51
508e9672e1c858d68fddc40e8aa9f63b,cd6abb02d781babd935ee80555d3972e,5,,,2018-03-10 00:00:00,2018-03-13 02:59:24
50b07cf0a40ce65f364940c629a9da55,d5b95703830a61c73251a8a3dcdb9772,5,,,2017-09-14 00:00:00,2017-09-22 11:19:28
50ba911fc4cffe1b3f14ccf9efa2e45c,a059bf220c121cd3d48e82b036e831d0,3,,,2018-05-15 00:00:00,2018-05-20 12:17:06
50c445ad6391c334bafbfb967fff0309,571ceb25e5db8f2493bdc932ae31e994,5,,,2018-01-17 00:00:00,2018-01-18 02:05:32
50cf341620f0901a4ad2481bc4a58816,8a9e4058bd52b1df24af22b9cd604f87,5,,"Amei o produto, era tudo que eu esperava e chegou muito rápido! ",2017-05-30 00:00:00,2017-05-30 23:31:20
50d0364ba56498addb3487d3c232b06a,488d5fc485f4624acb8132918763416c,5,Ótimo,"Gosto bastante de comprar pelo site de voces, sempre fico feliz.
Obrigada",2018-05-26 00:00:00,2018-05-29 00:47:31
50eefe02ad8997ee034a5d95cda04402,4b6aa78846ad555241cc92ee58c815c6,1,,,2017-12-31 00:00:00,2018-01-03 21:50:49
50fa1de15e4d678a99c81ed6ad725e57,eabb26aeb1ce1147b26952c40f719f0f,5,,,2017-12-07 00:00:00,2017-12-07 20:47:42
50fad090698c0858e7075e7d2baf6ac9,967c49716bb3079dd0f2e8cc27301f92,4,muito bom!,Tudo ok. Recomendo!|,2018-05-09 00:00:00,2018-05-10 17:02:16
50fce90792af03d07936b78ee66d41cb,875457c60d42163f5d8bc4b4e94b2412,5,,,2018-06-08 00:00:00,2018-06-11 12:33:24
50ff902fb0bac99b20c4218f945560da,1fb3e3b50c0686e0c491b0c17249d2d8,3,,,2018-03-21 00:00:00,2018-03-22 01:25:10
510eb1ab9a3fb51ae021ec7b1ab5f926,8e21294be5e4cba1d069be0f7d4eaae1,5,,Tudo ok,2017-12-29 00:00:00,2017-12-29 20:21:39
511a6c1a4ca7e1646054192903672cc8,e22127be7a5664250637f87a4d12410c,5,,,2017-08-27 00:00:00,2017-08-28 12:24:49
512b4d53ee1ec699f1eccd2497898749,869f303aa6f137c9295a0c115de2f771,5,,,2017-12-22 00:00:00,2017-12-24 15:28:12
512b70ae68fb417ea5c5a56d847a2ef3,543cca75b036b547b2b025a1d896895f,2,,,2018-08-01 00:00:00,2018-08-02 11:38:28
51594657d8cb51305273d97e109ecfef,fa2fd666118d799e8d1872a146839d77,4,,,2018-03-25 00:00:00,2018-04-04 13:45:55
5169bf4a182131bbb554af46bc7dd4c7,6a3c507660b55ba44c463acc23cc8d68,5,,,2018-06-06 00:00:00,2018-06-06 22:18:08
5195edfebaa067083af63f5cff3314a6,20488170c0793bc73f2b06d5b5457729,5,super recomendo,produto excelente,2018-05-25 00:00:00,2018-05-28 22:30:43
51a809cf3273908957b559822d3453b2,31bfcb30bb17876d402e178810ac042f,5,,,2017-03-10 00:00:00,2017-03-10 22:11:46
51b4c760e444c1aac965f0ba14a11daa,e102f8dfd6da168838a2d13dfbc3bb10,5,,"Chegou bem antes do prazo estimado, recomendo!",2017-08-18 00:00:00,2017-08-22 13:22:23
51b5ffbf8592b106416495eb22455515,e82aad8d522b370541586c367c19a1e3,5,,,2018-05-26 00:00:00,2018-06-17 21:56:47
51c19fa62794a6d51f71f0c5558bc23c,1a0698c23712555ab9567f13d04fd704,4,,,2018-05-08 00:00:00,2018-05-10 12:46:36
51ce11aece61bc03348f7bb625760a0a,b3bcacdd3b409fff8c57b4cc4f40f4e5,5,,,2018-03-15 00:00:00,2018-03-16 20:20:29
51f67b0a6a2514f94aee031c61cf4bb7,11b4e9ae5ca811613824353594fa6044,4,,,2017-09-13 00:00:00,2017-09-13 16:33:09
5210d2fbed17f24ce92e4fbb480c7c36,1d4fef737d9b6c214e13e92ae014018f,3,,demorou muito a entrega estava previsto pro dia 30 chegou dia 24 parece ser antes do prazo porém da data da compra demorou ,2018-08-25 00:00:00,2018-08-25 23:13:17
522fd6a953a583ead01ab65c641f5578,9b4f84a4215a234a6e69b47e77183d4e,5,,,2017-12-20 00:00:00,2017-12-21 09:41:55
52392ebafc7980883b703e725930c479,54a6545f89aadb5724b75a5a6a1f7837,5,,,2017-12-12 00:00:00,2017-12-15 12:08:41
523977f4f5cbd25ee0b7a8a4daaf1ded,3b714b1a7fdd3fa6787c2e5ecce9977a,4,,,2018-06-28 00:00:00,2018-07-02 12:11:04
523bb7730c8bc3c9f0aa26ee8a4a871b,8866ae65c875985acc6fd5772fa8e4a9,5,,"Gostei muito de ter comprado com vcs, não me causou nenhum tipo de problemas.",2017-12-13 00:00:00,2017-12-14 18:05:20
524b32c45c6e03c198984e38522f559f,f2dd5f15184c73c0d45c02941c7c23d1,3,,,2017-01-14 00:00:00,2017-01-15 12:48:49
525fb2df8ee11d3ef4db5f7fb2286b08,3087dfec43100fd80fab47b128aeaea9,4,,,2018-03-16 00:00:00,2018-03-19 11:02:06
526422b1e00d40074041807ac1b515c9,0bc9cc637f074aa7df9fb7f206125066,5,,,2017-06-02 00:00:00,2017-07-13 14:24:36
5270574b820e27ed76cdb13a6dfc4391,a82dcbafd23833baa1a6f5328cedf5a2,1,,"Paguei pelo Kit completo:shampoo,condicionador e ativador de cachos e recebi apenas o ativador de cachos,isso tá errado
",2018-03-25 00:00:00,2018-03-26 12:19:24
527b5e4ea0f1755532ddaf63d05beb9b,adfbf6c2a620196f9a3ec747491c72b7,5,,,2018-02-28 00:00:00,2018-02-28 18:54:12
527b97ca46fbe3b357368f4baf88a783,71df40458537292f7d7fb3a95e0d3786,5,,,2018-04-17 00:00:00,2018-04-20 11:01:44
527c448d82afcfc27e5e734d621d472b,e2ec0a81f014ff5006648b818c33219c,5,,,2018-06-15 00:00:00,2018-06-18 08:52:59
527faa0815a5db8094ee5add245f4395,1e8c4aa0871777d9ee5169d3a6522575,4,,"O único problema que eu tive é que veio uma lente meio frouxa,nada demais.",2018-03-09 00:00:00,2018-03-13 08:50:05
529766fe9bd8184f1e41ec58998d62cf,7b186487147f406839316cb0a719d4b1,5,,,2018-08-17 00:00:00,2018-08-20 00:40:35
52a9e73b9ab9a1e3418cd86d28c47450,5f00e80d3b9ae5d8410469f9f0ffd1bb,5,,,2017-09-14 00:00:00,2017-09-18 16:31:01
52e5a7eaea85e0dbf56bb0ae72cf2a4c,cc427984e779c3d1dd7e082f39a98fc6,4,,,2017-11-08 00:00:00,2017-11-10 15:24:30
52ebfec7f33381e573d23ae8b48dbe48,4d5fca22363528ec48be05c22fdbf690,4,,,2017-08-30 00:00:00,2017-08-31 02:33:52
52ec691304fd5fef1fe958c1e95deb00,e8250a89f967d49af320330c8660a9a2,5,,,2017-05-03 00:00:00,2017-05-03 21:08:06
52f8ebc374cb5a257ba0453bff787dcc,58a4c696515fef3e9c865e1a70b950d1,5,,,2018-02-16 00:00:00,2018-02-16 20:32:25
52feb86d64e5ef2896a6c09f9c2c210a,7384cdc62fcd832cd6c6026440c42821,4,Recomendo - B,"apenas um dos fones chegou com a parte de cima um pouco folgada, mais acredito que não vai influência no produto.",2018-07-26 00:00:00,2018-07-27 09:57:46
52ff4be3f0eb40263e7f4eca3efa639d,64d6282bba1a1c015acbdcacca391253,4,,Único problema foi no ato da entrega onde o produto chegou no destino é voltou ao remetente por falta de comunicação.,2017-06-06 00:00:00,2017-06-08 11:48:18
5317d9f05757cb578c099b5b8e9fc3fd,309a6726656b1ace9925bb760fc46b81,1,,"Minha opinião, até o momento, é a pior possível. Recebi somente o bebe conforto do que seria um kit, tentei contato e pra minha surpresa só tem contato virtual, tentei ligar e ninguém para atender.!!",2017-09-14 00:00:00,2017-09-15 19:43:14
531c9a1377149f5e3e29c5c6d6252614,14d45fea1c20e4fd5c31dde983344115,1,,,2017-05-03 00:00:00,2017-05-05 20:48:30
5330944d0a4f09129c2030cdca6569a3,38bff8bbf4905806b94884c0124dff22,5,,,2017-10-17 00:00:00,2017-10-17 21:50:33
53351deb1aff1fbd9238e5923175ac4a,68fed8c67c135afe92f670687163fafb,5,seja senmpre asim,muito bem foi entregue antes da data estão de parabens,2018-06-02 00:00:00,2018-06-03 14:29:15
533823ab9e5c4e16d8e003cb8cb1aa39,4e9cb71601575577f2208d3aedf933cc,5,🌟🌟🌟🌟🌟 super recomend,"Produto perfeito , b",2018-07-27 00:00:00,2018-07-29 15:43:39
533b52320e00720998fa34be5742163b,105a17b015064cf48113e9593c2ad700,5,,...,2017-12-09 00:00:00,2017-12-10 02:03:37
53456afcfa7926552997ac1df1d1d101,0168a7f186c1f066748d15d8c51f489a,4,,,2017-05-19 00:00:00,2017-05-22 13:21:32
534631cf399b3ecc98ec54525a682f7d,76a8a2d403c21555c48ffd596ba88b14,5,,,2018-07-05 00:00:00,2018-07-05 20:50:56
5382c82b2768985802295b9472907aa6,70e6517f1dbbc45684b77b43123539be,5,,Entregue antes do prazo definido. Muito satisfeito com o serviço.,2017-07-06 00:00:00,2017-07-08 17:49:13
5395e388be6105b6a76ddcce4557356f,3200257acc9dd36d1fa819e72fca7e59,4,,,2017-12-06 00:00:00,2017-12-08 11:27:16
53a67cbcf26a60c36aad0fed80cb0e80,90747e77f1f92c16ef47b7e5aa910e0d,4,Entrega rapida,,2018-08-29 00:00:00,2018-08-29 23:57:51
53a7675c89590c1814fbb9692c66644f,350885c9ea4a1a48519246d7ea5518ea,4,,,2018-05-04 00:00:00,2018-05-05 03:08:41
53a9fcfc200d360afecd856f79b3b1b0,16288edc7382ecd4230909d0907fb939,5,,,2018-03-15 00:00:00,2018-03-16 12:59:16
53b63abd520323af16f6aebffd08f32d,5a254755df1e90c1e7bff386319a9cc7,5,,,2018-05-15 00:00:00,2018-05-20 15:09:10
53bb48ee7634ac95fb489a60cf1ec81d,258b933113e8f7411e255b6fbbf16dc2,4,,,2017-06-28 00:00:00,2017-07-01 19:30:17
53bbc6d11dc002f049b57330096e024b,785b7455ab5bec2f5e04de3cf829209d,5,,Recomendo ,2017-12-12 00:00:00,2017-12-13 20:44:13
53bc8e44d08f9b9422623f05b80557eb,b88330a020772cd6f9b2454f307a486d,5,,Entrega no prazo prometido.,2018-04-18 00:00:00,2018-04-19 00:08:21
541680ffd8b4241dde7d79d2c81a1bab,dfa133091470b285a434fad21fb4bbd9,5,5 ,"Recomendo a todos
",2018-08-07 00:00:00,2018-08-08 01:18:10
54193030afb6d6c50ffe9ea8070b4f29,0e5d6a7f18b77c72f681911eaf6c011a,5,,,2017-08-10 00:00:00,2017-08-13 00:22:26
541b9699b1a2fcc4209eb924fc302627,6b8c07c310d8c6a39e79ed3d38e6578f,5,,,2017-11-17 00:00:00,2017-11-18 08:42:25
541ded3a68fd98879a5e3f0d8ffc463b,1ca2f6afe6ba0ec0172d795f09cd06c2,5,,excelente!!!,2017-07-04 00:00:00,2017-07-07 22:51:56
542e312e2c09da691557b44740382e5a,4c48c455b847c7a5d291a519e1e42d28,4,,Recebi e o produto é otimo,2018-01-10 00:00:00,2018-01-10 02:40:47
543bb45edb505743b79b933f733d56ed,678c60c6679ddcf17629ba109f4d1249,5,,Entregue no prazo e bem embalado,2018-01-26 00:00:00,2018-01-28 23:38:49
5440bc9fad886e4b96e3c506a2f0d326,cdf0571d960505817e8a525040584ae9,5,,,2018-07-03 00:00:00,2018-07-05 14:01:00
54ab0bc205e3017fa83719320c4f37ec,8d45ba0ad212829bdc547dacea18c3a2,5,,,2017-10-26 00:00:00,2017-10-27 12:25:24
54adccddced30d80e37a3a5839274561,374fcc5350e3372ce0d7cab981d7de90,5,,,2018-05-12 00:00:00,2018-05-12 18:09:16
54c5f5cb6ad288f6825511c37dab63ca,f95e68e0a929684e9e406ad28d6604a3,2,,"O produto é inferior ao anunciado,baixa qualidade ",2018-03-14 00:00:00,2018-03-20 13:49:25
54d9648c1dd9098f0f6b7cf461dcf6a2,ff07ff058c25c993a564127557043c5a,5,,,2018-04-05 00:00:00,2018-04-09 14:14:26
54e56edc361c3825ba763be1e2b19f5b,9fc6faedaf0973bdddea7d2672e71923,4,Numeração incorreta,Pela segunda vez (já tentei comprar este mesmo produto anteriormente e tive que devolver e ficar com o crédito) o produto veio com a numeração errada (42-43). Desta vez vou negociar por aqui mesmo.,2018-07-26 00:00:00,2018-07-26 19:37:04
54f9225048369a6a7870031a11cc1829,ed130013de4053d7678825d4d8e7deb1,5,,,2017-11-04 00:00:00,2017-11-06 18:52:48
54f995a3b58836aea6321d2b47d8beea,5930304c1503cbf5928b7e38bc52e248,5,Recomendo! ,"Linda boneca, minha filha gostou muito! ",2018-05-10 00:00:00,2018-05-10 23:30:02
55038c8aae8c68547e303daeb418ce7d,5d6e04a5abfffe286806a9e6b296eb1b,4,,,2018-07-27 00:00:00,2018-07-29 20:09:47
55287bd68df56239e1d78a54cfc11405,a0b1ffd30c671f95ed8065ce07d10470,5,,Ótimo produto. Veio tudo certinho antes do prazo de entrega. A bolsa tem ótimo acabamento. Superou minhas expectativas.,2018-04-25 00:00:00,2018-04-26 03:43:28
552af3b8943cd80f8441298b78c46b07,e441fe4a9a90a9174dcecd88671cd3c3,5,sim,recebido antes do prazo,2018-06-27 00:00:00,2018-06-30 11:22:30
5547971c0d7934a5efbab5cb7795ad6e,9a75fbfdd0e2d8c9285edc0b65879551,1,Pedido entregue errado.,Fiz uma compra de um produto e recebi outro produto.,2018-05-15 00:00:00,2018-05-15 22:06:40
554f6545765e5c000f1751682dd00158,c0f3e5b46a6f8a899bb3a9de4afd5525,5,,,2017-10-15 01:00:00,2017-10-15 22:24:11
5554a2c9f1d403751fc91d2f5acaf3cb,d7aea8cc5c6d288a60d3cc1d0026bfcf,5,,"Fiz a segunda compra no stark e estou completamente satisfeito, foram perfeitos.",2018-02-27 00:00:00,2018-02-28 00:19:00
555a9bdffe6a8ed6deda9c0630288b27,62db325bc32b729554e4fd9c793ab850,4,,,2018-07-03 00:00:00,2018-07-06 22:29:01
555c4363abb77dbd5c7501a4fa5a92ca,82bdf2be6cd75f6a34999c235f18948f,4,,,2018-02-16 00:00:00,2018-02-26 10:06:26
557913c4b05824eddba95bc335edece5,d3909d7239431c7132c3aac806ec6507,1,,"Pedi e paguei por dois cartuchos, recebi apenas um e não consigo entrar em contato com alguém que me informe como proceder nesse caso.",2018-03-09 00:00:00,2018-03-09 17:01:03
558f06b96bf0e8114b2d3572b6badb7d,cd408efeda0fdd3fe5f27134bd065001,1,,"Não recebi meu produto, como que faço para ter meu dinheiro de volta?",2018-02-24 00:00:00,2018-02-24 12:38:51
5598c9c5571557887f8abbae4faeeba6,a6eaa4e9d0e172457c2f76bdd1face86,1,,,2017-12-08 00:00:00,2017-12-10 07:48:03
55a52ad965b425809cbcb87fe4f5d2f1,102b790156f60813474ed025355a59d5,5,,Excelente produto.,2017-02-09 00:00:00,2017-02-09 18:18:29
55b4b05e49d964442344e92e71cfe9e8,adfb15b690df8a5aa4c327edfc6ea9f3,5,super recomendo,"Ótimo atendimento em todos os níveis: Rastreamento, passo a passo da compra desde a confirmação, logística de entrega pelo site da lannister e correio, entrega antes do prazo, logística perfeita. ",2018-08-24 00:00:00,2018-08-27 11:36:35
55c752ca63598465879db17b8de552fd,d70fd017aef831ae5be08b4a58ad57ea,5,,Tenho comprado algumas vezes neste site e tenho recebido em perfeito estado e antes do tempo previsto.,2017-07-01 00:00:00,2017-07-02 14:15:58
55d0a95ea8efb6e7254b7616b9a2509b,bafb907417d324de4bc43390ccf3fbed,5,,recebi o produto antes do prazo previsto!,2018-01-26 00:00:00,2018-01-31 10:23:58
55e75349772296ce03638d94f56a2551,28572ca6264628bbdcd513eb363d6b3a,5,10,,2018-05-15 00:00:00,2018-05-15 22:25:01
55ece9dae5893a67284e787cf1565387,12cebf41d5735b3a901bc60d2a26566e,5,,,2018-05-18 00:00:00,2018-05-21 01:52:58
562640a8507c69bb5f99d26c440e0f4a,570a2d92be76532681e5a09ac38c8e78,1,,,2017-12-16 00:00:00,2017-12-17 21:00:11
5634e69c94c442771e2520e6d870b871,407fe646704ea7828e324c8ef7e7e616,5,,,2018-08-01 00:00:00,2018-08-02 13:49:47
5635e81df4ef8959f297a41e1491092d,de0d5d6bf2003cc68cddbcbb3783b87d,5,,,2018-06-26 00:00:00,2018-06-27 09:07:35
5655e02439bb19b163c4015ad4e23aac,3ec05d74c91669694d41dcf4d7cdc764,5,,,2017-06-10 00:00:00,2017-06-12 23:43:04
5657f8f8f0d3c0ef4b541696c24245ff,2b629b6b09597b429808b20156ec6998,2,,Demorou um mês pra chegar! Produto qualidade e acabamento bem inferiores! É bem grande! Bem maior que os modelos que tinha visto! Enfim não gostei!,2018-04-12 00:00:00,2018-04-12 23:08:43
565ac6f22c1620b2fd9d6e672e837e20,c78b46b9e5371e47b97a2bb7eb4740a3,5,,,2018-01-04 00:00:00,2018-01-09 02:10:55
566acd0031a3da158f60f1d3d1b2566e,5c8016724722d7906a7e8cfa22d7727d,5,,,2018-08-16 00:00:00,2018-08-17 02:05:33
568161606d74605259a4efa025e23d42,36f264b6ab0169bf0db37101cf2df98f,4,,Produto com bom material ,2018-02-28 00:00:00,2018-02-28 11:56:51
569767ef884bc5448dad10af58baeb37,e918a18483ed36b716b6fbc8cf570e83,5,,,2018-07-26 00:00:00,2018-07-27 02:06:18
569a00f462106a953620572695dabaca,7ede340903c485e891cba5b1064ecf5c,4,,,2018-04-27 00:00:00,2018-04-30 14:23:56
56a1dd079ed8fe7a42f67ff1b0be1466,a8097c0d6367263ed08ac7fa6b864235,4,,,2017-05-17 00:00:00,2017-05-18 10:49:45
56a66e5eff96727ef69bca9b6981a456,006cba07f62f921fe4f58365bde2b2eb,5,,,2017-08-19 00:00:00,2017-08-21 23:27:41
56a7f54647e87da5e436685b454d8976,d234f846aac643047caabb1171030524,5,,,2018-07-25 00:00:00,2018-07-27 21:12:24
56a86f661bb5414f640ac0993d5dda77,fe650e72e3f39d6c3a0e3d87da7971cd,5,,,2018-04-12 00:00:00,2018-04-12 20:00:31
56b7452646cbff8a680c948b7fcceb9c,3fdebcfe1a2cdcd4ee2770a2e28b2af4,5,,bom produto,2018-01-09 00:00:00,2018-01-11 23:17:18
56ba0f8c51a173e96a8fab8584b86e7c,a9b929204be626d61a1d60d47e6b52bc,5,,,2018-03-07 00:00:00,2018-03-08 13:07:30
56cc8909494bd4658d0e2639c8c6f87b,7cab0843cb15d0cab47c402e5ec63d22,5,otima,"produto melhor do que eu imagina perfeito, otimo acabamento, super recomendo... a entrega entao foi muito rapida chegou muito antes do que o previsto..",2018-07-31 00:00:00,2018-08-01 17:06:01
56de39acc5daeedb199812ed503a202a,284b3707cd4351c728d8d59db0ce2c45,5,,,2017-03-22 00:00:00,2017-03-23 01:23:59
56f6448a2bccb34f8cfe17dadddd9927,2c7b41b2acb40e97acfe3dc543de718e,4,,,2018-03-22 00:00:00,2018-03-23 17:06:49
570b831b97a0d12cbd3b898287b66886,980044cb2540e5978dc610bcc47bb9e7,5,Tudo certo!!,Recebi conforme o pedido! Tudo perfeito!,2018-08-10 00:00:00,2018-08-10 20:04:26
5710a8cfcb822bc6f62ece1753b11786,05452881e2846549b81d39249bb66ad7,5,,,2018-02-08 00:00:00,2018-02-10 16:50:27
571c9dee29a6f2425ecdab29e32e695b,2a152286cc2026c2332455f5b2ba2980,5,Excelente ,Excelente ,2018-06-28 00:00:00,2018-06-30 20:07:02
571fd1802fc8eb2314d0b3578f1a81b6,11bc6fba055abbdc961925690db38135,5,,,2018-04-24 00:00:00,2018-05-01 03:21:37
5721ef147501c2f7a1e646708eee3c24,29a2291d6d805fb5ed5585585715b98f,4,,"gostei principal de ter sido entregue antes do prazo, e também a integridade do produto.",2017-04-06 00:00:00,2017-04-10 15:24:13
57330de45dee4ec2f3daebc6afb22cb6,a093b99db34ddd74e5c5dd360a44710e,4,,,2017-12-30 00:00:00,2017-12-31 00:44:01
574ed12dd733e5fa530cfd4bbf39d7c9,2a8c23fee101d4d5662fa670396eb8da,5,,,2018-07-07 00:00:00,2018-07-14 17:18:30
57658647ef3ab748aff92a5439ad04b8,c96bee3fe3caeb224420da7bc815b0fe,1,Faltam peças,"Recebemos o produto faltando peças.
MANDAMOS E-MAIL FAZENDO CONTATO E NÃO OBTIVEMOS RETORNO. ",2018-08-15 00:00:00,2018-08-15 19:35:43
57744a88a194691d310565b69d334de5,ff7cbd73d6ce84294d3d40ec1a7e12f3,5,,,2017-06-08 00:00:00,2017-06-11 02:42:53
57763b3acdbe739bff9746099f5e2b42,1917dc45b0bd8e45ef7e5919e9c35c15,5,Ótimo ,"Produto muito bom, transportadora sem palavras. Entregaram muito rápido",2018-06-04 00:00:00,2018-06-05 12:12:58
577ac0f9a4341568d2525e282d2e1732,c6a2bdf8fa25475ae4031f5138c716fc,5,,,2018-08-18 00:00:00,2018-08-20 13:56:18
577b1a558404719c529ea0d19b545056,714e87e589c74ad0e8ddb6b9c9706abf,5,,Produto de qualidade e a entrega antes da previsão.,2017-02-18 00:00:00,2017-02-20 02:22:44
578bdbbd5f81bf8812e45e75049d2107,553fee3c21ab4328508c8e467806613e,1,,O produto mesmo depois de quase dois meses do pedido nao chegou.,2018-03-08 00:00:00,2018-03-08 14:09:51
57a3d04566ab1f6729141cc45161ba50,f75517cfb973c21eab8559a870263794,5,,"Estou muito satisfeita com a lannister e com o meu produto.... meu tapete simples e bonito, obrigada!",2017-07-12 00:00:00,2017-07-13 10:13:21
57a98434e0b800995fdf93cd22dffc79,8013932c4c00036478bea6424e783117,2,,"Recebi o produto, na verdade comprei a case para um tablet 10.1 e não serviu, então as medidas dessa case não deve estar correta.",2018-03-08 00:00:00,2018-03-12 22:37:25
57c73d49babb6d08ea5a2ec2ac71c230,90a0f36026ffd698c58239148a28b412,4,,,2018-05-09 00:00:00,2018-05-10 02:37:54
57cb11fe94dbcdbac95ea76a47e31471,fa1e2a95826b093d8c6bdee094c13c2b,1,,"creio que houve engano 

informo que recebi mesa de piqui nique
e entrei em contato com empresa sem exito
mas meu pedido nao foi atendido
",2018-01-23 00:00:00,2018-01-30 16:49:24
57e38501934c9e7a9defbfa3c3ee1e88,234d54f2c7e5f1b3fa99a853ee8a6211,3,,,2018-07-11 00:00:00,2018-07-13 19:14:26
57eaee742454db96c25f45c9ceb7d207,55d314f638b1b911d957c44db2ccafce,5,,otimo,2017-12-23 00:00:00,2017-12-24 14:48:07
57ec62cb4143a050d8a331520ef9a798,24341ac85c8c726efbf9b78eb47982aa,5,Excelente!,O produto é muito bom.,2018-05-12 00:00:00,2018-05-14 17:48:37
57f7e4797dbc1f5a6ab17693b57b4838,ee044ff2777c49a97d4be749aa8e24bb,5,,,2018-04-13 00:00:00,2018-04-13 22:24:45
57ffb4ba50c348cc630be6690955f6b8,17bc0acf9f5ac57fc41fb222543c3c46,4,,,2017-03-29 00:00:00,2017-03-31 19:30:16
58069c6193b2edc555eade4cd61ddf89,e8570cab2c50d7a922f29d959fa57a2b,5,,,2017-12-08 00:00:00,2017-12-08 23:54:50
581266e32ca6f9d637016d3bbd02e3d9,f11844e5101079fad91a7d31842b9ca5,5,,,2017-08-29 00:00:00,2017-08-30 01:48:06
58309db54abf424e901c2fcd35f0805e,03a54d3b0f15ac01bad656997420d3bb,5,Otimo,Parabens nao tenho nada a reclamar !,2018-06-07 00:00:00,2018-06-08 01:59:27
58402ae221a811b5625bd1dec2f2eca1,8774d6fb5a8c64bbb720a8271eb207c0,5,,"Satisfeito com o produto , perfeitamente o que eu procurava. Quanto a entrega como sempre rápida. ",2017-03-14 00:00:00,2017-03-15 14:17:12
585186aa09dd5f4d0f5b3058ac5259d8,197c1d7e2df41beeb978ee6859d6dacc,5,,,2018-06-08 00:00:00,2018-06-08 22:30:26
58563b5a416e722049ae6481a1cbe973,3a9ddae8c6c9ec787ccf981dbbf34499,5,,,2018-04-08 00:00:00,2018-04-11 10:12:39
585a646c178f03c376541aa521135b41,3363e330c754a732795f39079bb76d55,5,,,2018-01-27 00:00:00,2018-01-29 14:50:43
589b0e6b17b5cfe3f7b593e07803976e,7b3821e2a5cb30052dde08403418c349,5,,,2018-05-18 00:00:00,2018-05-22 00:34:09
58c4933f0848973742d623fdb84cc5e8,d7703c6f32e51dde96ca41e281d4254e,5,,,2018-04-14 00:00:00,2018-04-23 14:01:38
58c9f7da72f686f3b58451e90f30c2f4,3869937e33c68a5ec38cde1f19a6968c,4,,,2017-11-30 00:00:00,2017-12-02 13:24:04
58cd9a3253e2d18a6656e4e4603245ec,8be3f8cf0b9c0840f7fc2d6dcd6b9570,5,Estou agradabilíssimo! ,"Ótima loja, fez a entrega no prazo determinado. Obrigado!",2018-06-12 00:00:00,2018-06-12 23:31:10
58d19f402c419122e8cd1030dd2537b6,1a8c6cac549a7eb5b432c5617fe21ff3,5,,,2017-11-14 00:00:00,2017-11-14 22:14:39
58f8344c833bf423b7f82e7c39cd49bd,bf63e72c6c17fc3204c0124ce16426d1,5,,,2017-08-11 00:00:00,2017-08-23 17:38:49
591498191276f46cdc72582e5d7a0614,a1910c13f7264ec8e1b32221debcee26,4,,,2017-04-06 00:00:00,2017-04-06 11:51:24
591cbc886b2cd6e9f0c1a6d14a5340fb,b0ed97babdfc249ba9d843fa7eaf907d,5,,Vieram sómente 2 frascos. O meu pedido foi de 3 frascos. Acredito que o correio esqueceu de entregar o terceiro. Estou aguardando. Só percebi o erro quando abri as embalagens. Porque a empresa não ,2017-08-18 00:00:00,2017-08-20 01:16:00
5932699f92fc010bb2fbb48c2c600400,ae00ce5e73025df933f11dcb23c27104,5,,Produto entregue no prazo em perfeitas condições recomendo a loja e o site atendimento maravilhoso ,2017-06-30 00:00:00,2017-07-03 14:35:46
59421067f8108c7b8c4a87e0770ed3ea,05086b5a715c97d1971784b6ae899a6d,4,,,2018-07-01 00:00:00,2018-07-03 23:02:37
595d372df0a7ea7c5d81c5f57375c0bc,ae8a569660d9208ffed48d06824629a3,5,,,2018-08-08 00:00:00,2018-08-08 22:33:43
595ef5789de4152ee41389f5b1420d55,ab500cb1d60a0e2ae7ce02ef4e8236d9,5,,Veio até com o selo de importação ,2017-10-27 00:00:00,2017-10-30 14:05:17
59617f7d53e405d92785018fad00b90e,0101aea69a09e1aa32caa6dbaba98503,5,,,2018-06-17 00:00:00,2018-06-18 13:48:35
59627354bff0f450069fae40e96b572a,2d825a962a725110b2647050cc636b3f,3,,O tamanho da carteira não estava devidamente descrito. Acabou que não era o produto que eu imaginava.,2017-12-05 00:00:00,2017-12-06 03:35:16
5967a3f1ae51709ece1c82581052dbbe,b46a585f4ae96d0dec633727953055fe,4,,,2018-06-28 00:00:00,2018-06-28 19:28:33
597751faa784bfa66e93d55ba314c17c,e677b67c28dfc75969bbf0ff515c0983,4,,,2018-06-28 00:00:00,2018-06-28 12:28:25
597d64f807ef62731607614c1b464774,7aeba3591c40b6adabbaa598d84ea144,5,,,2017-11-26 00:00:00,2017-11-26 22:40:48
598bb7c137bc7d4d7c7ba786897e0c21,f84df8c0d5dd2861dd4b0939c1a9fc27,5,super recomendado,"AMEI O PRODUTO,SUPER RECOMENDO!",2018-08-01 00:00:00,2018-08-01 14:14:08
59977c284597fc513b33c097755d821e,495df6b807cb718b99cf24a4609fd323,4,,,2018-08-14 00:00:00,2018-08-15 12:07:45
599f31a50911868fc9b530cb505f4561,0759c200a1d9ec728ba380676bccb583,1,Naorecebi minha encomenda,Não recebi minha encomenda e a mesma conta como entregue. Estou tentando contato com o vendedor e até o momento não tive retorno.,2018-08-14 00:00:00,2018-08-14 17:14:47
59b0a0bd71bedc79b0d51791b02c3121,4c5b8b3b4df35733589fd795aa7e0d17,4,,,2018-01-26 00:00:00,2018-01-29 16:37:52
59c7f3c9ceceaced4a38941638217e95,fdb3f8e441b4613d2687df310f3dd318,5,,,2017-11-18 00:00:00,2017-11-20 12:27:52
59d1bd6bf9b7ae0e176965520a0a0d61,9557c06b25706a833b8edf4783ea5661,4,,,2017-03-23 00:00:00,2017-03-24 11:38:00
59d8a64b5ada1fdd5fc13cd6f7833697,6a0bb0ba8a97dd4ed115462820be7e1f,5,,Demorou um pouco a chegar. Poderia ser uma entrega mais rápida. Mais valeu a pena esperar. Ótimo produto,2017-10-27 00:00:00,2017-10-28 01:38:22
59da8479890c076277cc85f2e1211206,6489b3baf98eaf50ca1b39f9178a1510,5,,perfeito.,2018-03-10 00:00:00,2018-03-15 23:32:38
59dcc736bea84fc0ad98eb571eb15356,45445c1dfdf9122c4399129db31fba89,5,,a data de entrega foi bem antes da data prevista.,2017-08-15 00:00:00,2017-08-17 14:30:46
59e5b5594f3dd7033563e30cbf2b162c,b92aa81f74ab98a2f1a9cc5659f6edcf,5,Ok,"Recebi. Não sei se é o produto certo pois ainda não abri a embalagem. 
Estamos em obra e o pacote só vai ser aberto no momento certo pra não danificar.",2018-06-28 00:00:00,2018-07-01 13:16:47
59ea6e259f458c86c39f1ee6daf3146a,36ea72943a97d3bf36050be233ae1151,5,,Gostei muito do produto e do preco,2017-09-05 00:00:00,2017-09-08 09:19:22
59f8e51e22857c13d977169bc48884fb,2a65dd524a3b3160b9f67476c8ec40c3,5,,,2017-05-13 00:00:00,2017-05-14 02:51:40
5a14640b2a0f2e851c5cad3afde858ba,bcb0343717a9e0265e156e34c25c3dc0,5,,,2017-08-12 00:00:00,2017-08-13 00:43:36
5a1dbb31dfdab5b16ecfb0262ca4799f,5c970ae2d7acc353fb8a086fa101ba95,5,,,2018-08-23 00:00:00,2018-08-23 20:42:09
5a2f001015ff0db540d00d93a6f73a2e,def43ca6d79899925ea0c19f4fb63200,5,,,2018-08-10 00:00:00,2018-08-11 21:40:16
5a39a58b27cf5eccc49ce38a944cd189,ce44f44ee93f1deea42e493e84b5cd63,3,,"Não fui informado que os produtos seriam entregues separados.Quando tentei contato pelo telefone de atendimento ao cliente das lannister achei péssimo.
O contato com a loja foi rápido e eficiente",2017-11-01 00:00:00,2017-11-03 14:58:42
5a3f72e72d894e2cc5509f6f7aa0876f,38648b71bc657c2d7c0f96930cee401c,5,,,2017-12-22 00:00:00,2018-03-15 02:30:09
5a4ba374d75ec2f19173285b88c239b3,d413cfcd1406d2d501179c9671b727fd,5,,Produto de boa qualidade e entregue antes do prazo.,2018-07-06 00:00:00,2018-07-09 14:44:12
5a55ff3b168ff1e8ccc32609936afed4,f3534c412bf7774091285cb7c57ca373,4,,"Ótimo
",2018-02-21 00:00:00,2018-02-22 20:00:49
5a608d2fc0a82b41abe8baf3047996c3,16cb3a72f04e248a1244b076ce0d9bb7,4,,,2018-06-20 00:00:00,2018-06-22 22:37:05
5a65242dd44a9100a17702ce286d7b2b,fca7b989b55ec495fc04ef8344bdb7d9,5,,,2017-04-21 00:00:00,2017-04-23 16:03:43
5a6cc30077bdd090b6133ef059638830,0311da9b3ac095a57a2662813e179bcb,4,,,2018-03-13 00:00:00,2018-03-27 03:58:56
5a6d8b5c8d7c634e73b19116082128af,9e6356cd884202aa5e0d16e033c8c08a,5,,Ótimo produto,2018-03-28 00:00:00,2018-03-29 15:49:42
5a6fc34a0521802f8ccd8a6ddb1e520b,b513a14f9b8b4de3fe87cadf03715229,5,,ENTREGA REALIZADA ANTES DO PRAZO,2017-12-04 00:00:00,2017-12-17 11:24:07
5a7168b59e5d1ac052c5cff9878ab425,02bcd06d9bfda1c2a4037560bed7b90f,4,,"Chegou muito Rápido, apenas 3 dias!!!!",2018-04-21 00:00:00,2018-04-23 21:46:33
5a85def9346ca53558638b778b99950d,0b8c594f80a7db56ea4927af84e45203,5,,,2018-04-12 00:00:00,2018-04-13 13:02:23
5a928618e36e5c92d74c23cdc3be6f5b,22561cc73693742c65f9e31bd0e8df08,5,,,2017-06-13 00:00:00,2017-06-16 03:29:28
5a9b05730cebf8042a42508e4ada181b,9de0f1837aa8fd37e21d4e12faadd2ed,5,,,2017-06-30 00:00:00,2017-07-03 12:37:31
5aa3e491065f3a0038814b6e74b78f2c,9c0776f3465b8aba3e47b9eb0f034360,1,,,2017-11-24 00:00:00,2017-11-24 02:48:58
5ac53f74dd66064c9a4e1f80af46eb97,3ef5b20302c49fc70c926348301d065c,4,,,2017-10-02 00:00:00,2017-10-02 21:42:18
5aceb7fb0c2279bd2af1e7e37a3271e1,4728d981da8b9d9e9fb4c7c069e46509,3,,,2018-07-14 00:00:00,2018-07-14 23:55:51
5ad8102a42cdec3fe1833700aee79ef7,3d00fba40b3bbf3283c4f21e9129d855,4,,A entrega demorou demais.,2018-06-07 00:00:00,2018-06-07 23:02:05
5ae8070580b87fee24f3dfd7c14f96ac,be62a7e48d2d0a10e3ce4d03e737843c,5,,,2017-08-26 00:00:00,2017-08-29 09:19:15
5ae9285607b1df71dd5be35df0af7f9b,be128a58459554e47e89d3bc200ba5cc,5,,,2017-12-28 00:00:00,2017-12-29 01:00:21
5afaf2f338731d8989d3df88344459dc,b14b52f3d9077665df2361f007c8e6ec,5,,,2017-12-02 00:00:00,2017-12-03 01:11:15
5b053aef383ef7a0b84a0a6477530f7a,98515e643e7cc228244834ea1b21a345,5,,,2017-12-29 00:00:00,2018-01-02 11:38:38
5b2967965156dcb9bb558da699c28802,18edb9e5b61f525f0da899c852534893,5,,,2017-09-07 00:00:00,2017-09-09 00:57:46
5b384d4094585475c9a32a30356479aa,0d702aba7840fe6e6942e419648d9e0e,4,,,2017-04-20 00:00:00,2017-04-21 18:36:23
5b457d0c0d5ab5ab10b17be74269ec72,f11a42c865e929c2b7709f3390d1bc7f,5,,,2017-04-13 00:00:00,2017-04-25 02:21:17
5b5d2067b044db5a85fe47e933bcdb6a,e288fa5f1799464f8ec22b005044bf8a,4,,chegou bem antes do tempo e em super boas condições!!,2017-10-06 00:00:00,2017-10-19 16:06:37
5b6200bd79e822c13e70645d82b60ed2,3f3f8127c7e0537f9f74550f3504f93d,4,,,2018-07-10 00:00:00,2018-07-10 15:19:26
5b67c51c6e08aa7df1632948c8b56dc9,bf93a9c9cc2879163c62f43f8fb70cec,5,,entregue antes do prazo,2017-06-06 00:00:00,2017-06-08 19:42:23
5b6a0d5350fe3036f41d543d06eb7a5b,7beece85fb714c481300a516c9fb1ade,5,Excelente,"Simplesmente lindo!!
Adorei o produto!!
Tamanho perfeito!!
Já comprei várias produtos, já faz anos que compro no baratheon !!",2018-05-20 00:00:00,2018-05-20 22:39:11
5b6b29a768a84b92ef422d34ecef740e,162e915bc5d7c6b2de7eca743a65b033,4,,Serviço muito bom!,2018-01-13 00:00:00,2018-01-14 13:29:52
5b82b8ce9ea1c6c16798a88b9ef2177b,b88330a020772cd6f9b2454f307a486d,5,,"Comprometimento, dentro do prazo. ",2018-04-18 00:00:00,2018-04-19 00:10:16
5b85cc729a44f6fbdcab53328f9fbba6,71c1a607d67393d01bef51c097368feb,5,,,2018-02-07 00:00:00,2018-02-08 10:46:54
5b8a574df3ba5dba0fe009c3b1a1c717,f80ad99e797d6ae86865bed1ff9483dc,3,,Guarda chuva veio com pequenos furos ,2018-01-12 00:00:00,2018-01-15 01:54:42
5b8bc821b0dac71070edd3a6ac0d7bea,135118d8d6f93cb3d6839435e5b6658a,5,,Amei super indico mas fiz uma compra junto chapinha que não chegou ainda ,2018-01-13 00:00:00,2018-01-17 06:33:03
5b8c893431cda9998d050b7606be75ea,f423569a17449da1163fa5de4414338c,4,,,2018-08-29 00:00:00,2018-08-31 19:54:05
5b8d34c90e6b3c02c95cc28122776d9a,5419ec6ed07e2abf375fd4dc0121db0f,2,,,2018-01-25 00:00:00,2018-01-27 22:59:56
5ba123815fe4c16cad025aa2e1b53332,8d9c408abef22868d40547ecd87d327b,4,,,2017-07-06 00:00:00,2017-07-07 14:21:33
5bb73bd067899b2b4bec0a95f03a24aa,83b730ab4cac58471d803672a6688b5e,5,,,2018-03-17 00:00:00,2018-03-18 12:56:01
5bc0cac5b3a3ca554819c7fbb327ac7f,32a9c2b7a764ba82d9f45c94152f4679,4,,,2018-01-09 00:00:00,2018-01-10 08:30:32
5bc8649ac4ba90984d4f2e009d1ce7ea,aefd4f1e5f6dc055f7a57ff5d884071e,3,,"A capinha é boa tem uns detalhes bem legais nas laterais da capa, porém, a película é pequena e não pega toda a parte do smartphone fica faltando um pouco mais de um milímetro. ",2017-05-10 00:00:00,2017-05-17 11:53:05
5bce7b934f03c120c12ba350a6150205,e0d4f16621f76377959e79ecd61f69cb,5,Chegou bem rápido !,Produtos chegaram muito rápido.,2018-06-29 00:00:00,2018-06-30 03:24:56
5bd39ef8f3c59cbc9403c8b4527868ff,2343d4a98379202b11d3ec66c322ab57,5,,,2018-04-06 00:00:00,2018-04-07 09:03:16
5bdcd6ba34699124614ebc5512b4cd05,03f2f876bfee9ea9a502ec0d8a664e4c,1,,"Comprei dois jogos de lençóis, só veio um .",2017-12-02 00:00:00,2017-12-02 18:43:06
5bec31e158fb06bc6241148b2d429b65,acda113f032ffc47eafcaad99a617bd9,5,,,2018-06-29 00:00:00,2018-06-29 19:32:25
5bec80ab42a742e91b518f7ff8ba07f3,829f21ada22c20b2a15c75f8b63a0533,5,Super Recomendo,"O produto chegou, bem antes da data prevista, bem embalado.O organizador é excelente, muito espaçoso e comporta muito bem os brinquedos.Adorei!",2018-06-30 00:00:00,2018-07-06 19:48:00
5bf58b2eb325498a69527b6712f25084,215f3324d1e0ac9abd788d1ac6d65b9d,5,,,2017-11-10 00:00:00,2017-11-10 14:41:51
5bfe1259879e8fed4df4b8df0571b31c,932fbcd8ff83452581f2b710115f094e,5,,"Muito Bom, adorei e quem recebeu o presente também adorou! ",2017-05-17 00:00:00,2017-05-19 18:24:46
5c0384360c2c628892c1614b37c31045,e169b880e5f68fbd4500941ac7107168,5,,,2017-09-27 00:00:00,2017-09-28 00:31:07
5c190c05cc625270b16b7cab1d9c691a,4e4aa299535ead6fe63a779d539c493d,1,,,2018-08-09 00:00:00,2018-08-09 03:38:21
5c1b5ef86c64e03f09ee94b7b361cde6,e3c93a72c954974ce7fb82a5f97d8b89,5,,Excelente Produto e entrega dentro do prazo. Recomendo a todos.,2017-03-02 00:00:00,2017-03-02 20:22:51
5c23397e6eec696a00a793d2d3b09f8d,1c0fd29e6a54b2331357d1cdc6ccc375,5,Cadeira,Excelente qualidade do serviço e produto,2018-05-09 00:00:00,2018-05-10 01:54:44
5c2b04dd0e3f6662f96c1793094587b7,38d1232695dcc849092e1747534fe225,5,,,2018-04-13 00:00:00,2018-04-14 18:11:52
5c2e675c75a324fd851773654ef55aec,f9eb516475260ab01f33937aac3cfd40,5,,"PRODUTO MUITO BOM, ENTREGUE ANTES DO PRAZO.",2017-12-05 00:00:00,2017-12-07 14:24:52
5c3fecdf03a7080cfe64bedb3ef3c725,7fa917593c3ed7bd80f35dcb6e1aefbb,5,,,2017-10-03 00:00:00,2017-10-03 21:07:03
5c4a395946e81630b80f3b54793b9841,70eaa52116958c2e734172d6ed51015e,5,,,2018-03-28 00:00:00,2018-03-29 01:09:55
5c66a3c9ec87f07f55472224ee881ab8,f22698a00370679c0784aae7c060f87d,5,,,2017-04-21 00:00:00,2017-04-21 21:45:14
5c7f0db132b96be71eda82a897e80da1,0691811195a83594b0377267a8050e6f,5,,,2017-07-08 00:00:00,2017-07-14 15:19:19
5c8016728064913b32a051588b9eae28,2b2354a7ca69d0b7f006aeab04524c12,5,,,2018-07-24 00:00:00,2018-07-24 23:05:31
5c9fc5f0317e9b7b28e8108ab02b0513,4d65b53f48c951380c38eb2aadc99138,4,,,2017-05-12 00:00:00,2017-05-15 16:24:36
5cacdb5494caa21d078932dd7edd606b,d3964aaa8f344d16a3367d03e540be9a,5,,,2018-04-03 00:00:00,2018-04-03 21:42:01
5cb094768b71eeb7cc9b2ddbfa95521c,0f14db1abb2772e95d78a72c30d69678,3,,"Não recebi os posts, apenas o papel de parede.",2018-04-21 00:00:00,2018-04-22 19:07:51
5cbb7f4bb47598436be3f643c03f3119,aae4a80d679f211688ed391ae747100f,5,,"MUITO BOM, FOI ENTREGUE ANTES DO PRAZO PREVISTO.

ADOREI O PRODUTO.",2017-11-21 00:00:00,2017-11-23 16:48:22
5cbfc2ef35f89ca64120c4cccd269aba,7940121491c0b1c3b7dae6f2b1f77e4b,4,,,2018-03-02 00:00:00,2018-03-03 02:45:23
5cf749d3b3241fa983eccb2279127693,739677eada57f8079787189697f71d74,5,,,2018-03-17 00:00:00,2018-03-20 14:31:12
5cfd1bdd38f8b6a202e3fca5f4c7b21d,839f4f226f1d843a3922ddb8b3637cc3,5,,muito bom.,2017-08-05 00:00:00,2017-08-07 11:25:56
5cff2df468494d6247bfaaf5c808032f,1097d35f1e7f8972fb78c8a135090ca8,1,,"Efetuei a compra de 3 pendentes. Ocorre que recebi o pedido INCOMPLETO, dos 3 pendentes recebi APENAS 2, já enviei 2 e-mails para lannister e até agora não obtive nenhum retorno. ",2017-09-13 00:00:00,2017-09-15 14:03:08
5d158fa73f518454b672fa3762ff8f4d,4ce0878b1fe7231ce22e503117abc62e,5,,,2018-04-17 00:00:00,2018-04-18 12:44:30
5d20d3758d80ca552c7f7065398cb1f1,23f563c1e12c5d6d279ecc446b5f933b,5,,Já recebi gostei muito bom ,2018-07-03 00:00:00,2018-07-03 20:37:09
5d22db02b37bee8d553e5f6ca057876f,bd4937d306741b31e9a738f0ad9da78f,5,Ótimo,Adorei ótimo produto,2018-06-20 00:00:00,2018-06-20 16:52:34
5d4e13901cf9c59fd59e9b309ac38ec4,317f677073cd35ced91d8e59ce483b0e,3,Mochila ok,"Pelo valor, é uma mochila boa. Os fechos são um pouco dificeis de manejar e alguns bolsos nunca ficarão 100% fechados (não é bom pra colocar moedas e coisas pequenas).
Um zíper também veio sem o fech",2018-05-08 00:00:00,2018-05-10 16:54:18
5d5e53241539c276fbd6e479b6ae0b3b,6d4616de4341417e17978fe57aec1c46,3,,,2017-05-06 00:00:00,2017-05-08 17:25:41
5d6d0bd7afd235fad7988d4025a4f7f5,73da42c497d6ab85df4446d41addabdd,5,,,2018-01-12 00:00:00,2018-01-12 15:22:10
5db0686f3ae22fba22057b4ede2ee6f7,f45a9d097cad72a13df7a423d893dab6,2,,"Produto entregueantes do prazo. Um relógio muito bonito porém não gostei muito da qualidade do produto, mas mesmo assim gostei.",2018-05-06 00:00:00,2018-05-06 13:35:27
5dc7cd40c4839354ef46fd218b074f94,e0ba11a8f559fa965f2e848bf086d197,4,,,2017-10-06 00:00:00,2017-10-06 22:11:35
5ddc2ac0b8d872687163b69df2480d25,d2b9baaec80a1a1d4516a2228b5694d5,4,,,2017-08-09 00:00:00,2017-08-11 15:12:48
5ddc50ba10730316b56940fd999f0f3f,7a490afdd127d5a584b98fd097425124,5,,Lindo!,2017-06-22 00:00:00,2017-06-23 02:30:45
5de2541f4ef6cb873b10673a727f5eb1,989c69b80eadc79ccae5fe89c92a35ce,5,,,2018-06-27 00:00:00,2018-07-12 23:44:42
5defcb1de4440fdfcf0f9c2fc23b3bce,d9a857b8ca6c8ca6a97e6977be3e47bb,5,,,2018-03-06 00:00:00,2018-03-11 23:31:53
5df30f51be21055e75c0f4606cb9bc36,a011e51d26a0679675e2a26be4ffc46a,3,,Esperei uma coisa e recebi outra mais tá bom espero ter sucesso,2017-07-06 00:00:00,2017-07-07 00:11:09
5df3300edfe22b2d3954f788924a73fd,e6ab8245f96b5c84ade5edfb8e0c2753,5,,,2018-05-16 00:00:00,2018-05-21 11:53:21
5e10d690f21938ea4cf88d46c5530c4c,90bf73869f0ae6e4ea3731dcf7e2e620,1,Produto incompleto,Ao abrir a embalagem somente constava os cestos e os pés da fruteira NÃO VINDO toda a estrutura de madeira. Gostaria que verificasse o ocorrido.,2018-05-23 00:00:00,2018-05-24 19:15:11
5e10f40798cb47a37faa1d745ddf34e7,ca4ced509eae117b7d3823b4ce2467dd,5,,,2018-08-16 00:00:00,2018-08-17 01:43:29
5e1ac9c9d8bd7f6aeb6a8eafceda8650,1221112b1c9563dc03d5a32b6078a962,2,,,2018-08-14 00:00:00,2018-08-15 12:57:52
5e2498f7df1ba3394c541579018580aa,09956a4d0066f2ef4e70f7ae51e2c9f3,5,,,2017-11-01 00:00:00,2017-11-05 20:21:29
5e33269228033e7fbacbc9aa3936bb3e,01c7b08f0c05952ce15edb928bb63d2d,5,,,2018-04-19 00:00:00,2018-04-22 01:26:41
5e5a319cd421d2b5aa7eb8517c687664,94c6026e6a2dcfeb6847cef50df19736,5,,,2018-01-20 00:00:00,2018-01-22 09:15:18
5e5cf3a1ac5351e311183cd49b327f7f,6f03abb3b9fdecea11093c52dfd8155e,4,,,2018-06-16 00:00:00,2018-06-19 10:25:11
5e6e27f3b0b81ca7f675eb23863219e9,8de627d14a078b2047d929756c94546a,5,,,2018-01-25 00:00:00,2018-01-26 14:51:41
5e80699aeafb97352329fd4110532b33,7f36414d61095a13bb7965c9dcebef06,5,,,2018-05-12 00:00:00,2018-05-15 18:44:42
5e88454903e8e5dff1302a1703749aea,2e99a8c55fe4b528eb671351410cd81d,5,,"bom produto, entrega no prazo",2017-08-11 00:00:00,2017-08-12 01:39:29
5ead427f015f26b5361507c95af4ba6c,d40e7a80365572af2e27d31a9cf79169,5,,"Pela segunda vez eu faço a compra com vcs, espetáculo de bom",2017-07-05 00:00:00,2017-07-09 13:49:46
5eb5bc090baff2c13adfc6c0f3b009c3,e1f07bd016a804b8e38ba7dcbe65d663,5,BOA COMPRA E ENTREGA MEGA,Ótimo custo benefício . Muito satisfeita!,2018-06-29 00:00:00,2018-06-30 01:03:24
5ebcc15b7d00f8ae33a4f2ce6edb90e4,3841b9f0b88c1f4776e948e96261a099,4,,,2017-08-15 00:00:00,2017-08-17 19:33:34
5ec17d7617beae931e1dfd3ea17b936e,c9facf1957d4cfd6bf178b54fff813f5,5,,,2017-07-05 00:00:00,2017-07-08 11:39:35
5ecc10cec038ffb3931735dcd99c66e6,ab92a98bb35621bd312084351fb238f1,3,,,2018-04-03 00:00:00,2018-04-06 21:15:42
5ed1cf8e408fab8222231475b1153b17,bdb9bdd2b7e7f7fa3429262ba9cfeca4,3,,,2018-02-09 00:00:00,2018-02-10 00:51:40
5ef3e858da0ef7fffa56c7db1bded11a,f2194f10572bc6bfabc99465a6d3f55d,4,,,2018-04-14 00:00:00,2018-04-14 23:25:00
5f0e16b10c60bec05db060541157c6a5,4a58a286f3ac0318f970a271f83c0b6c,3,,Prazo previsto eram 12 sias. Já se passaram 30 e até agora nasa da mercadoria.,2018-03-29 00:00:00,2018-03-31 12:08:29
5f15ee468edfd04e2ca5ecd29b67ad40,162f8986e2cc7a5fca25fd4be685b98d,5,,,2018-08-02 00:00:00,2018-08-08 16:02:41
5f16b40d23fb508f9bfb1d834860f796,a4e90e85913254028e2b816285a11db9,5,,,2018-04-25 00:00:00,2018-04-26 00:23:49
5f1a19d7aabf23b499244d8e98db943c,16c4141aba032aee4127e9c20e5df44f,3,,,2017-12-30 00:00:00,2018-01-01 18:24:45
5f222f80c589a6d83c18dc844bdb224c,1cc2afbca351a1423aeb95bd67821271,5,,,2018-04-19 00:00:00,2018-04-20 01:44:35
5f22f19f98b68c91f146002c48101fa5,da95823b29f9ce7bcc4deebe1e568aff,5,,,2018-08-23 00:00:00,2018-08-23 23:49:01
5f2d3f95be64371921b42ba857034459,f509a7040093f6d9092290c14fb8cdb2,5,,,2017-12-18 00:00:00,2017-12-18 18:07:30
5f2d7f1bd1e1e704e1a2de760a035c52,3348fa7940562350a8d19cf788f0187b,1,,,2018-03-15 00:00:00,2018-03-17 01:43:53
5f32e7fd340fc8dd1f6409ae8c031b2b,cdcdd974adb1606df89687f10cf130eb,3,,,2017-12-20 00:00:00,2017-12-22 10:45:36
5f36be498c1db1126df5337909bcd378,7bbc66a921e0671f689e2bb419d3cf09,1,,Ainda não recebi o produto e não tenho informações sobre a entrega.,2018-04-05 00:00:00,2018-04-05 11:44:29
5f420c712d773efe1ab068a018d21fdf,826a9236d33be907c46cf80986795f73,3,,,2017-08-23 00:00:00,2017-08-26 18:48:16
5f4309bc2f92e6b840bcaae6202aaf1e,701b6152f4772bf004cad6741981b060,4,,,2018-06-05 00:00:00,2018-06-06 03:08:31
5f56fda031f518e55b8d8640c0cfa562,6c2df3329834884b60365f14e084c043,3,,,2018-01-26 00:00:00,2018-01-29 10:59:16
5f5cf8a268786784ff5b82e6845035fd,e9ccb8277ecd5374b5a0532b5ee47f7c,4,,"Loja muito boa e prazo de entrega para antes da previsão.
",2017-03-05 00:00:00,2017-03-07 20:55:00
5f60c2fa01f9b1b196d28fc3b830f885,0f1297fc73dfe8ec236409616c39eba7,5,,Chegou antes do prazo e é muito lindo,2018-02-07 00:00:00,2018-02-08 09:53:43
5f60fcd1444ddc7c159b051453b98853,21babe33a62ea8ca20539175f5f77dd2,4,,,2018-05-16 00:00:00,2018-05-17 12:41:44
5f81fabdbc69795bfc0eba8eaf4aea6c,2c293bd3c9f41735731112a36cbcaf81,4,,no site a pulseira de cruz estava como 21 cm mas ela mede 22 cm ficou folgada e não tem como ajustar,2017-10-24 00:00:00,2017-10-24 22:34:00
5f86de91e8b09cdbd307f1bd640d9914,84d21eead7694f99925e7e056ca88832,5,,,2018-08-07 00:00:00,2018-08-08 12:24:15
5f8cd20f3aa4144e01a60c8c94ea6f2c,594f77c01c63636e30fb32025939df9d,3,ótimo produto ,fornecedor correto e produto excelente ,2018-05-22 00:00:00,2018-05-25 10:45:14
5fa85aae230f4f0aed66024b1d812865,e8ab4523e5661e8945b938ccc4d89553,5,,,2018-07-07 00:00:00,2018-07-11 19:23:24
5fb3a53607a01036c7e1bcc8927e5579,6e0a631dd4ced6d6f1bb087e0f9a648b,4,,,2018-05-11 00:00:00,2018-05-12 02:54:21
5fbf8f5c3bad74a8532810142a110dce,c5625e0deb904fd1ae3c6c4a3a4a55d5,5,show de bolissimo,pó comprar,2018-08-01 00:00:00,2018-08-03 21:34:12
5fe5fa2667f93dd8dcbb942d11d7f6da,e1d476e141862d870436d761b312032d,4,,,2017-09-26 00:00:00,2017-09-27 01:53:09
601269563463601b0b1b1f09bea7d013,ed35f59756edecbfcefb866146f00905,1,,"Comprei 02 computadores, e um deles veio com defeito.
Mesmo abrindo 02 reclamações, nem a baratheon e nem a targaryen sequer responderam as minhas reclamações",2018-01-04 00:00:00,2018-01-30 22:59:04
601c028fe4903dbe3d286b9cfe012786,cb71dc72237d3c654e1ac60c2ea343e2,5,,,2018-06-29 00:00:00,2018-07-02 19:55:11
601c2b7c67a47df0dfb5f7a65d3c9c8c,6ace7c2a595a57867f443b5d3d1a7607,4,,,2018-05-18 00:00:00,2018-05-20 17:22:54
602ed10ddd70be725ea979587f7b0114,c2e3ee5ef901092148e19caccfe10ffb,4,,,2018-08-10 00:00:00,2018-08-13 19:28:53
6030eda8e6dd59ef5142b7749a94d683,73ef343c9dbf2f6d45362c9bc150f4b7,4,Tudo ok,Tudo ok,2018-08-21 00:00:00,2018-08-21 19:13:51
605337a0a436cdde1187779faed05de0,7576a97a255ac81433d3932443db8fad,5,,,2018-02-01 00:00:00,2018-02-01 23:32:31
6055e17a58ede1adc08d1c381250a16a,a214ab5dc32ac17a484d2e0f95f8c90b,5,,,2018-08-10 00:00:00,2018-08-10 20:07:35
60616e2c3ce6b18250554d682c339a93,62a4fdf762d5c41efd4bb2418f236e9f,5,,,2018-07-05 00:00:00,2018-07-08 00:29:15
606f901fcebc9f407318ee9ce31f986f,cf52c3631e531c83e5f92681b933a521,1,,,2017-04-02 00:00:00,2017-04-02 13:36:56
60735a619d0f9b7654c82a0624be0e29,e4d23e4aa01e7ed940ad8a6c2e94934e,5,,,2017-12-02 00:00:00,2017-12-02 22:22:06
607d67ae4299213dea2b4a40f519dd89,3a340d73b238bb50736793ddb808d21b,4,,,2017-06-15 00:00:00,2017-06-15 23:47:58
607f46605e1e3fc2e12cc894c0eabeca,ff9fa3c222a580f6b52c81a08bd4f7dd,5,,,2018-03-17 00:00:00,2018-03-18 00:21:21
60a4327d0710433d658be531cda4b7b5,2d88faf08d61205e21df03548b98d88b,5,,,2018-02-24 00:00:00,2018-02-25 15:55:14
60b0b747741d0a3ac9b230fbe6b7f5b8,a586da019f92d63ea627fb32eba2b776,4,,,2018-04-29 00:00:00,2018-05-02 13:50:55
60b836c8b9d81983a79520b29df7f113,2eb25d32344f7fc22c7d52e33110bd51,3,,,2017-12-27 00:00:00,2017-12-28 03:15:42
60c515f7021ad2a145504df2b7aa80e7,23fe7e1e5139248d8e9e379e1a910860,5,,,2018-06-26 00:00:00,2018-06-27 13:55:15
60c755c872de8b489305a1d388460bb8,23eaa9100d479846141e3105e949df27,5,,,2017-10-10 00:00:00,2017-10-12 23:30:28
60cfad49a74cd30f622da427544d6150,f738ff751aa9c2388f4009d04ada528b,4,,,2017-03-22 00:00:00,2017-03-24 21:05:24
60d7acc9c24c48d276a7eafc30338425,0aeb20ab92028bf31d5d8b2314b03092,5,,,2018-02-15 00:00:00,2018-02-15 19:40:13
60d7d7ae4d102c808136b38f045094b3,b41c9972504c576d0aef689e13a2df12,5,,Entregue no prazo e com tudo certinho. Nota 10!,2017-10-06 00:00:00,2017-10-09 12:41:58
60ec1037f98408f1163a0b92d66921d8,2b9aa198d33cfb44834120efe900c103,5,,"produto de otima qualidade e a entrega super rapida! Parabéns, como sempre vcs arrasam!",2017-06-29 00:00:00,2017-07-06 23:55:15
60efbc23ab113e997427e078da4fbba4,a56a8219728fdbdc71a20c07b77f1328,5,,"Comprei o Microfone para minha igreja, gostei muito do produto. ",2018-04-13 00:00:00,2018-04-14 13:02:08
60fbd613e6573b559c94a5c6c85b2905,54766753b06221dcdc0b0d27db25cc10,4,,,2018-08-15 00:00:00,2018-08-16 09:34:54
6104981e38bcd5fb1b24f573b74b2140,28fbe65f18578f91f026300af5e6bdbc,4,,,2017-09-09 00:00:00,2017-09-12 00:23:37
610b2c0c1484fff6aa0098bdb3a4c988,53e503de6a65006651097e013bda72e4,5,,Recomendo este vendedor !! Pessoa muito séria . Vou voltar a comprar com ele . Entrega antes do prazo .,2018-04-03 00:00:00,2018-04-04 11:16:53
611a8eb6c877efb4104655966e0646ec,9053a7a342729c317ced50baf9de3040,3,,,2017-10-07 00:00:00,2017-10-09 22:15:48
612090773732e2e467bd840eec7f7581,fc44a585a233aa97fd6b95f25e97cc7b,4,,,2018-08-23 00:00:00,2018-08-24 22:40:48
613fe809bb1c5a89af5749cdbfa35e86,7e491390b96f345321d7c43a4acfcc40,5,,"Ele é bem potente e confortável!!!
Tem bastante fio de fone, distancia é de menos!!!
Chegou no prazo o que foi muito bom !!!",2018-02-20 00:00:00,2018-03-31 00:26:03
614a691c44090d2cecb30a66524e793a,0a3d9f14b1781670b56b1832ba291095,5,,,2018-08-03 00:00:00,2018-08-03 21:39:32
6159689061e8996b3c8b7b6fcd9f1f95,c464355f722adad51476d92a1182d3f8,5,Super Recomendo,"Entregou o produto antes do esperado, estava tudo perfeito dentro do que esperavamos",2018-06-30 00:00:00,2018-07-03 00:38:44
615b57fca1896a195f1e15e73f82ab86,0eccc15fe0cf8638062ecf10382350f1,4,,,2018-06-19 00:00:00,2018-06-25 13:25:02
615ef7509519fdde9dbb873ad9da204f,f458316312c3e16919d3eb5f56c95930,5,,,2018-06-08 00:00:00,2018-06-11 17:31:41
61604773a2f725a07c3af26d1e866bae,aea58826ab6af5bcec0ed22041b7dcfe,5,,,2017-04-28 00:00:00,2017-05-01 02:22:44
616e124ee42a0c49fc4bad878feb3669,97d0a7726f58ed266c7501929e1ea81d,5,,,2018-01-12 00:00:00,2018-01-12 21:40:18
6170f90311ae5540ebae4e9c0eb7c66b,49a4561c8844cc95f2af25a0fdf77156,4,,"Gostei do produto, qualidade muito boa e entrega foi dentro do prazo. ",2017-11-28 00:00:00,2017-11-28 15:16:32
6196a3dc3929d028cad6fa6d78d59fef,5df3e4bdf3b11255c6c73bd401826bae,4,,,2017-10-14 00:00:00,2017-10-16 16:41:04
619cf0eb57c07f782e224fdb6aaf5cb8,118b09c1cf1b29c8401cb7833d29c10a,5,,"Entrega rapida, produtos certos ",2018-02-01 00:00:00,2018-02-01 19:51:01
61a271eca0ed85d04936382e3b9829a9,4638df545f7ab35cb2e4ed4bcb490e17,4,,"O produto chegou no prazo, mas recusei no ato da entrega por motivos de desistência.",2017-10-07 00:00:00,2017-10-07 11:06:53
61bb221369ffa0c6b0df900f97c5062b,05452881e2846549b81d39249bb66ad7,5,,,2018-02-25 00:00:00,2018-02-25 04:09:03
61c41e63e5d1614b05612534944359f0,8caa967e048f7c1e27144a219ad123f9,5,,Tudo certo!,2017-07-28 00:00:00,2017-07-30 15:19:48
61d97023cd615e6c6ecefd5f52721b13,152c2472d13abe1c989b66d0a8c2dac9,1,,,2017-12-13 00:00:00,2017-12-17 18:36:16
61dd422804ce6b85fdff21357f1647cc,6bef43b399ad748e06bfbd0a31efcfb9,3,,"A Entrega foi em cima do prazo, recomendaria mais atenção e o produto é bom",2017-12-12 00:00:00,2017-12-13 18:43:31
61e8c8014ccc7dc7450e602b8247293f,94a71bedec852e752e86d530d03d6061,1,,,2017-02-22 00:00:00,2017-02-23 14:59:27
61fe4e7d1ae801bbe169eb67b86c6eda,029863af4b968de1e5d6a82782e662f5,4,,,2017-07-19 00:00:00,2017-07-20 12:06:11
6207c21e498923f85ae30bc01f233549,0f2f8cfaa707ef6df9c6363b3d70ed23,5,,,2018-02-17 00:00:00,2018-02-17 22:57:10
622c3f22d6383c75d4e1df03fb8d99af,b4e154c611973630ea64ad7f8daa133b,4,,Todo o processo efetuado dentro do combinado e prodito atende o que promete ,2018-02-01 00:00:00,2018-02-01 20:09:22
6245e21f0df4e64c3f02c1840492c2d0,66270801492d7434e9f5fe3a6ff89c37,5,,,2018-07-11 00:00:00,2018-07-12 00:19:20
62508b457e7089c0f078e303afd46ff5,b6b4d4aab61035f87291877a9b0a6e25,1,,,2018-02-17 00:00:00,2018-02-20 02:15:50
6252cbb116b9fa7205b1c340e2852dc2,2dd08b72f1dfc49c74883302437e6f6d,5,,,2017-10-06 00:00:00,2017-10-06 18:14:52
6253a4e973f67ab005836e73aa9a1936,3dd5cc10816f5a16ed7d1c54e7d7549b,4,,,2017-12-13 00:00:00,2017-12-15 18:28:50
62628a3221b30b2b72789a54e37d50b1,2a9cb99ef87c3d128dc9ad43a7369854,5,,Achamos um pouco fraco o cesto de lixo,2017-07-01 00:00:00,2017-07-02 00:02:32
62698b34f4b5982b8c4853afb278d82e,0d2d1445891e7aba669fa2069d695601,4,,,2017-10-17 00:00:00,2017-10-23 22:33:11
6289a316d57cf8ad0d5b52c3b4a79609,754effa06b71f54d7f439034c128b509,4,,,2018-07-24 00:00:00,2018-08-22 12:54:40
62a83c992b3ca065a1f0f586d1e50450,1b5c359c2188ceeab2777c0d27e7c343,5,,,2017-12-28 00:00:00,2017-12-31 08:23:28
62cdd77e7fec7e5318544b00d66d3f1f,239f80de3a90292c837e69ec8ff3c4f3,4,,,2017-12-13 00:00:00,2017-12-20 00:49:57
62da2c66bbf810a48bc0bbca17af4bab,92c10d3fad01ec9df6ccf1fc0461ac60,4,,,2017-07-12 00:00:00,2017-07-15 15:22:06
62da94454411c0cf57e86d0d6ea0fc47,5ff6b1218c59006ad453dc0f33c70ec2,5,,"O produto é muito bom, esquenta bem potencializando o efeito do produto no cabelo.",2017-07-08 00:00:00,2017-07-10 12:19:51
62e753bbe328b8a9a5c6a68c34d45316,40ea2ea8a722cafe20d875802ea20dd7,5,,So nao recebi em casa. Mais tudo bem deixaram a mercadoria nos correios perto de onde eu moro. ,2017-11-01 00:00:00,2017-11-02 00:42:13
63025d2b509d01ef1735c3e62c9e6cc7,5810962e1a48530a03bc82a2e63c9f85,3,,,2018-06-19 00:00:00,2018-06-20 00:53:12
6312da3c583da09b49d3f8797937532c,da0f3ca7a69fe74c208f8cad4b3a42f2,4,,,2018-05-24 00:00:00,2018-06-05 20:32:14
63169927eb33eec25f69b0bacd517005,93aa3771306828f17309cce989a90e5f,1,,O prazo de entrega está vencido a quase um mês e até agora nada. ,2018-03-28 00:00:00,2018-04-13 10:44:27
631843429bdad43d92aec16e1f7417b6,6551aa5197870cea53e483f92d3a75df,5,,Produto de excelente qualidade e designer moderno. Super moderno e fashion.,2018-02-16 00:00:00,2018-02-18 01:30:28
631c883f5e3635d7836731e2b0dc92aa,f44845a8eeec9bf829093ad92c846c09,5,,,2018-07-25 00:00:00,2018-07-25 21:43:51
631eb2e2b219fc211a77d82abb04442e,34fb24b31d9f7c52c22cc20e8c81449f,5,,Ótimo,2018-04-24 00:00:00,2018-04-24 17:06:03
632d276d1448b0a3dc31de113f3b62f4,6ceb24a53abed9d619d077dc285fffb8,3,,,2017-05-09 00:00:00,2017-05-09 21:54:35
633306bb0ce60c52255dbc54d505cd16,3b28722276b5d42721d0122d688f518a,4,,Produto chegou no prazo prometido e bem embalado. Recomendo.,2018-03-16 00:00:00,2018-03-16 05:52:50
635044896a2c8360fb357d97c9695cc2,dc86dc4acc1d71e89538c72f78688caa,5,,,2018-07-27 00:00:00,2018-07-29 15:51:45
635184d6ffd900537596325220776bde,2d17c499d9ed8dbdfb97368c0f322dc0,5,,,2018-02-28 00:00:00,2018-03-01 11:58:36
6368f90f6005ff82f18365b641818007,4266cc59dbee85121deb59ebfcf36eae,5,,,2017-10-14 00:00:00,2017-10-14 21:02:04
6371fc57c454985844591b6254ec562c,38907d62f0ad31245147a7a2378ff1db,3,,"Os pincéis em si são bons, porém, foram enviados na cor diferente da comprada, não recomendo este parceiro!",2017-06-21 00:00:00,2017-06-21 22:37:59
638d7d8adfa37c28220ad990e97ac2c0,a6aa2d9d0561ad1c39f33d69e3f1277e,5,,,2018-08-04 00:00:00,2018-08-06 13:29:38
63aec62f4bfb8eca6393f8b38414b3c6,18feb354fd368bc9d6cd27c5359e2243,4,,,2018-03-13 00:00:00,2018-03-16 12:40:58
63b214a48533cced87a250b56c541d01,c2ef540e16617cb62d8c9d0bb874a498,5,otimo,,2018-06-25 00:00:00,2018-06-29 14:35:51
63cf523f1135a87ca583799c7676da95,cd866ebb9aa10bfa70f22d11e82bc4e9,3,,,2018-07-26 00:00:00,2018-07-29 21:55:40
63d6e684a97a83e4ab4603e65f025b9d,a21f94aa35415aa7bd905a21f468e688,1,,Fiz o pedido em Novembro. Já foi descontado no cartão de crédito e não recebi. Não recebi um email justificando a demora. Falta de compromisso com os clientes. Odiei a experiência.,2018-01-07 00:00:00,2018-01-10 14:48:17
63ef22730b3e11522c5827bd65efce7d,837a1123bdacb7ea470ca4843c33aee9,4,,,2018-03-23 00:00:00,2018-03-24 01:22:05
63f41ddc95438cd015c41e150b57dd17,7729dd457f2649c804b02f610b54acc7,5,,Tudo Perfeito!,2017-04-21 00:00:00,2017-04-21 21:42:15
64051e79eebda59e87182f6bb4f2fd31,20e9f3d5d268869b86ccb6c13fec2dd0,5,,,2018-03-30 00:00:00,2018-04-01 00:44:25
640bc87200a3da1f94b7108fadf1e259,93e01af1a5d9d9d64c5668ec037ed020,5,,Adorei!,2017-07-15 00:00:00,2017-07-20 03:11:25
641608e20de084d44494bada0ee47ec0,58b99a93ab6127501faa09a1c8878dc4,4,Muito bom ,,2018-06-06 00:00:00,2018-06-07 19:31:02
6434e4340a12ee5d6cc4ac66b131775f,be6e0e5aee2918775fc14dfe68d18a37,4,,,2018-07-03 00:00:00,2018-07-03 14:15:37
64408d18914abe811a12225c1da97beb,ebc7576de7c411cd4196d81d312d191e,4,,"Chegou antes do prazo, produto de acordo com o anunciado,",2018-05-15 00:00:00,2018-05-21 22:07:19
6452ac3c8fe852889223443309f965fd,764784b2e19d54da239286b0757f222c,5,Muito bom,,2018-07-31 00:00:00,2018-07-31 20:41:52
6453879a422cb8285885686c3473fbc6,03ebfa9712b7dbc7031291856263b314,5,,,2018-03-28 00:00:00,2018-03-28 19:31:15
646925f8960ae3df6eaa6f8fa10b8fab,1778680c0dd08f2bcd27642d236a91f0,4,,,2018-08-18 00:00:00,2018-08-20 23:03:01
6470cb3b0987aa8ebe00bb1359dc69e7,853e167f64c749528b3b531bef12850c,4,,,2018-07-25 00:00:00,2018-07-25 22:35:33
647a5c7d693aedb5ce12f3c5e5ec9095,745e2506fb647deca4669e1c88ce9783,1,,"boa noite, havia feito 3 encomendas, 3 Cortinas Voil Cinza 3,00x2,80 Forro Microfibra Ilhós Cromado e 1 Cortina Microfibra Cinza 3,00x2,80 Com Ilhós Cromados, e veio apenas de microfibra.",2018-02-01 00:00:00,2018-02-01 21:10:55
64868c684df949ae54276cdc88e7097d,25db8af390f9984ee0af317b5239af35,5,,"ja sou cliente ha varios anos, nada tenho a reclamar, sempre recebi os meus produtos",2017-06-14 00:00:00,2017-06-15 03:03:54
648dbc0946125f9ba172931c4c8b5a37,481010fdaf8e172cda436faedf27159d,4,,Bom produto recomendo !,2017-10-18 00:00:00,2017-10-18 19:58:26
649fd6e20481bd5285f2f37d8b24ea16,3fcc23281e8679bfb293a37d2fd3eeb8,4,,,2018-03-24 00:00:00,2018-03-26 19:28:01
64a254bda05eef5ebd25eadb166981b5,d301e4651c2fb09b847fce76b3f73885,5,,,2018-03-14 00:00:00,2018-03-14 13:23:21
64a265be5b1a0e4ac8271b58196d89d4,1bf5ad2a94cb784f7e27820ab656c398,5,,,2017-05-25 00:00:00,2017-05-26 02:19:25
64a3fa10f7fbd6ad4b1a0653756f9b67,eacbe7948aadfac0292211f2f352fdeb,5,,,2017-11-12 00:00:00,2017-11-12 21:32:55
64a40503380f19c6f5d9c1b06bdc5f12,70e38e6c6f3ff404a97ab901da03db56,5,,,2017-08-03 00:00:00,2017-08-06 00:13:41
64b23c30e8de8e09d1b18b2225884508,9241b8242fcfa16437e5eb1136ff9d1e,5,,,2018-03-30 00:00:00,2018-03-31 01:29:54
64bcbcb4272c36c9f9c19062af45b3c6,8486f414a491ce27cbb5e501739d2d04,5,,,2018-02-18 00:00:00,2018-02-18 22:00:57
64c274429e82bb85fcde76c89259a135,685eaef260332ff45909f2f0a44b60f0,1,,Recebi somente parte do pedido visto que comprei duas unidades do gaveteiro e recebi somente uma unidade.,2017-12-05 00:00:00,2017-12-06 16:00:41
64c657be7f1867c89e8a00a1c5d4b141,04eb8bac62618bbc56c582cd49493669,4,,,2017-05-24 00:00:00,2017-05-26 19:31:24
64cc3a3c459cf8a1d1b07ada1a839696,636f0241ddc83a3b9e37a8088167bd45,5,,,2017-11-04 00:00:00,2017-11-05 16:54:13
64ddd421ad75ee2fee853009fdbd6031,821ab83aee62992191306118d37fcb3c,5,,,2018-08-30 00:00:00,2018-09-01 00:39:13
64e2ce266a7f980af4547e29c90a3083,1bcee4703d916a7dead99492b946773e,5,,,2018-03-23 00:00:00,2018-03-25 19:55:19
64f7b1d69c9a21ea29e3a1438b831c2d,23d0ca011ea2e7273f99c4875a80854f,5,,Eu gosto das lojas lannister é uma empresa séria algumas vezes que eu comprei nunca tive problema sempre vem na data prevista ou vem antes da data prevista que vocês continue sempre assim obrigado ,2017-12-21 00:00:00,2017-12-22 00:15:38
6507dd4ed3991705315c72b4a9cec8fb,0abb65aa29ab57e5f52f657d22b47648,4,,,2017-07-13 00:00:00,2017-07-14 14:27:52
650e3d316c505c4fe3e8a1b80911f743,f36968a6fff53a64b407f705a0566478,5,,,2017-12-29 00:00:00,2018-01-03 13:07:34
6510c19a96d1f415a4f8f8933137330c,070d0196420dc138bcfaa72cb10eea02,5,,,2017-11-30 00:00:00,2017-12-02 16:17:33
65128c95d2309170ba0cba5492047e06,d2d67121a09535b3a7b6a000e58d8625,3,,Achei um pouco demorado a entrega,2016-10-25 00:00:00,2016-11-12 21:28:56
651b39adf04c4745de144f2cfca454b1,6e63dcc83ec280b72783617737ce886d,5,,,2017-12-08 00:00:00,2017-12-10 12:14:29
652028e24e7005c59be82bea4a5417f4,cfc130b608476dd1cc71396ebc483e1b,4,,,2017-12-12 00:00:00,2017-12-13 20:17:30
6537234907a79a4fdc2d7ed540d3cfab,f05e28dab420413c46a8eb509b5767cf,5,,Muito bom o produto e entrega no prazo. Obrigada,2017-12-28 00:00:00,2017-12-28 15:27:14
657654f17abc5a7ce8290f148efb3dd3,a41c8759fbe7aab36ea07e038b2d4465,3,,,2016-11-04 00:00:00,2016-11-04 23:45:17
65847f47e12cd19ee067f5903096cd87,f72467d6531722969a365e9bad203276,4,,,2018-01-07 00:00:00,2018-01-09 18:08:11
658f6f47cb2758162da3185cc7e7626b,c8f21ae0d8ea0dc3d6cbd9ef66d4981f,5,,,2017-05-12 00:00:00,2017-05-15 13:02:32
65a7eb0d21c32eef818d59271c762543,a6a5d5673d42186a8b8b94ad29b59897,1,,"Sempre compro no lannister.com, porém dessa vez tive uma experiência ruim, já passou o prazo de entrega e eu não recebi minhas poltronas além de ter pago um frete abusivo",2017-06-22 00:00:00,2017-06-22 12:46:39
65aedda53ac4acd46a4144d56f959ae0,f098ba607d20654e7e6edc6be7c742d5,5,,"Uma boa carteira, simples mas eficiente.",2017-05-10 00:00:00,2017-05-11 05:54:29
65b4eeac5a20ebf39d33f05e2df79d3d,475daaf912c5d6077ae695875f9e02dd,5,,,2017-09-19 00:00:00,2017-09-20 00:25:42
65b9e4853b2d8fba311ecf103a48701d,934838488a3fc133b3cb9b1f716c5937,3,Bom,"Gostei, chegou bem rapido",2018-07-28 00:00:00,2018-07-30 17:45:37
65db5280a253f9be0ad1a779ffa97952,b5839f6ef0df11dd4912bc5bfa299e3f,4,,,2017-12-15 00:00:00,2017-12-15 20:16:06
65eec167dabc68492ae681d53d344f69,9f59e3048b31d71c3aeec67a15467426,4,,entregue dentro do prazo fiquei sastifeita,2018-02-20 00:00:00,2018-02-22 00:37:49
660c786be142ca69274a75b5db685056,e05824bce3b3c69a0632e8e75b1a7e9f,3,,,2018-03-29 00:00:00,2018-03-31 23:20:03
6611112bfec82fc50a8561d105b6fcb1,4c7ef39af59d31fa247f85d10ed414f6,5,,,2018-07-27 00:00:00,2018-08-01 12:17:13
661146b49c3c0fa409709c9c8dd12334,d32d584f32319a9b013c05fd83400831,5,,"Muito bom e seguro
",2018-08-08 00:00:00,2018-08-08 23:25:41
6620519c83772681d6a0508bedbf72cd,376ae7556f341edea2995422a5fa74a6,4,,,2018-07-03 00:00:00,2018-07-03 18:51:35
6620eca7ec497a7c019c1b38aee71cfe,bfadb548852a3f28f3beba2245ccd552,4,Show de bola ,"
Minha esposa gostou fica muito legal obrigado.",2018-05-23 00:00:00,2018-05-24 23:57:57
6622c5240f3a3c63a4dd41c793586647,aaab824b480222c061bba0fa4886308e,5,,,2017-10-04 00:00:00,2017-10-05 15:18:53
6631656c9a16f52207dab958e235d486,507f10036261cb4c3ab736a68441d6a1,5,,,2018-06-05 00:00:00,2018-06-06 11:13:32
6666d0fe60543025207c2b0abd2f8b71,37732eb932f8b2b2b3d7cef77833eec1,5,,,2017-11-09 00:00:00,2017-11-12 00:01:42
66811ad57d10849a12f912e719cd0097,cb51128a709fc24d52f27aa407697411,4,,,2017-05-18 00:00:00,2017-05-18 13:24:49
66a2fbc2f99818efbce1127cfb18eaf5,09356cee7d8fee33dcb3ee80c1ccb14f,5,,"Eu recomendo, veio antes do prazo e deu direitinho no xbox o né. ",2017-10-25 00:00:00,2017-10-25 23:53:26
66b994e29ad2545df76fd8fb2bedbe6b,74d882fe8bdccca5952fbe23321ecfa7,1,Passou o prazo de entrega,Já passou o prazo de entrega e ainda não recebi o produto.,2018-06-09 00:00:00,2018-06-10 00:16:39
66c6e96890f3079030fa7078f4eec93d,d5d6f9b551159c1891545df759887e9e,5,,,2018-02-27 00:00:00,2018-02-28 19:39:28
66cf3a2d9f96d15b727977a36923049a,a891f3efca32da79bccc94e6e69fd3e0,5,,,2017-02-19 00:00:00,2017-02-21 22:28:32
66d0e4d167b93441765a6438633e8256,5fa31572cddd9405f1eda482f8106353,5,,Ótima qualidade ,2017-07-29 00:00:00,2017-07-29 14:52:12
66d44b0ebd4b1f03cb6715a40216d606,4735d69a263ba04fa00533b8f3d317b1,5,Produto de qualidade ,"Entrega com 10 dias de antecedência
Por isso só compro no stark ",2018-05-12 00:00:00,2018-05-13 12:36:01
66d5d9960adb1832777a387f38561de7,699ff12900168a9020bb2487be684cc0,4,,,2018-06-02 00:00:00,2018-06-03 00:27:35
66d71c867c232b5de6284a423065f177,42a06602c542e66dd5a4377a0270320a,5,,,2017-03-23 00:00:00,2017-03-23 17:17:07
66d792c5de959f322d1a591f8e0df516,e393cee11ecbbcc2a9b3dd06a660957c,4,,,2018-06-17 00:00:00,2018-06-18 16:43:17
66e4430c5bc6b7e3773886bf1c14d912,84cec4f65c7a4f2f54c294a30224a594,5,,,2017-06-23 00:00:00,2017-06-27 00:52:02
66eacf69da9102f481c142ad2c20a858,cfb3e7072452d771156c3fa588c1db10,4,,,2018-03-29 00:00:00,2018-03-30 01:52:13
66ec1d0ed18ac80fac4e348e1488806c,490f9c9fc86a9e753c5729f7119e84d7,5,,,2018-05-11 00:00:00,2018-05-13 20:44:37
66fe268e870e4f241ce3d385744462a4,34a989b4dcc21e3151e957dfe67df824,4,,,2018-05-08 00:00:00,2018-05-12 17:31:20
670c1a2b752d88344d11f642389cc007,013aa6ba5077072401773f83f1ee6408,2,,,2018-08-16 00:00:00,2018-08-25 11:03:50
670eb4d96ffcdea9f3a823f489a84112,719beedd6c2193b3e1e1ea1d2706eaf1,5,,,2018-06-22 00:00:00,2018-06-30 11:26:27
672c75a7ce7d13a39ab5016b1d7aaebe,087b902fe8df6660b295f28f1d8f7c30,5,,,2018-03-19 00:00:00,2018-03-21 12:10:40
67400179a95f842aa144cb397211bb59,793c97a0188117b9b0aad84f6cc8883e,5,,"O tempo de entrega chegou até antes,eu estava muito ansiosa para receber o produto.chegou na caixa tudo certo,garantia e nota fiscal.achei até que fosse réplica por ser leve,mas é original.",2018-04-24 00:00:00,2018-04-26 09:02:39
675477cec1d66bb1be95caa00799247c,cc5aa8cda6decdb7d61ad7ac55767ec3,5,,,2017-08-29 00:00:00,2017-08-30 01:45:06
6761dc3de32683b152711c3646efdba0,8d585a78c58bc6ee2c28323cfd8ce6c7,5,,"Muito bom o produto mim foi entregue antes do prazo, vou comprar sempre",2017-10-19 00:00:00,2017-10-21 08:18:54
676efd7b82a2a2afa6ae35fa5b8ec790,399fecaa30efa4d1624e7314b2eeaead,4,,,2018-02-21 00:00:00,2018-02-22 01:58:22
6775506f406a3527e1bd844814b3e54e,8e9168f5b8cbf3a8e5d2f6767cefa724,5,,,2018-04-07 00:00:00,2018-04-08 14:11:16
677aaf9f1a231a681b4ee59a17ff4a73,865632b4b7bd773e94d482105b596672,5,,,2018-08-22 00:00:00,2018-08-29 18:46:54
678f612fd38c1f5dd069284bcd7fa853,ebe6eddebae955b95268b2c70cdc019e,3,,,2018-02-17 00:00:00,2018-02-20 13:42:55
67a65c1d0bb88115b905cf2e46b70816,366ad1dd93fb7f77b686017bc779447b,5,,Entregue no prazo.,2017-09-12 00:00:00,2017-09-13 10:43:00
67c2557eb0bd72e3ece1e03477c9dff5,8e17072ec97ce29f0e1f111e598b0c85,1,,Entregou o produto errado.,2018-04-07 00:00:00,2018-04-08 22:48:27
67cbc8261db692b10eb3a521eb9fd18f,e77667e4e913dd81cbd1eb473c01fee0,5,,,2018-07-12 00:00:00,2018-07-15 14:48:32
67ecbda9e102652644d744eff8cc004b,6f836daf60e4b6e978d737f822dab814,4,,,2017-10-25 00:00:00,2017-10-28 23:30:57
67fadf748c40f0cea432bdce0252d155,361454f6abef97fcf00c67ec27a32e6f,4,,,2018-01-31 00:00:00,2018-02-01 09:50:04
67fc719f677a39f4f78789fd83b2cef1,98bd62478f45e100b026c030c5b0b121,5,,,2018-08-14 00:00:00,2018-08-17 16:36:01
680a9074117c564e3a60b0d5bf96b3d3,a89eed32f0011eb66dcf2beb3d0fb255,5,,Tudo perfeito.Recomendo.,2017-06-01 00:00:00,2017-06-06 16:29:22
680c54245c3397ed8edf4a5a8b6730f9,9d10b455f195f1fd74ef4ce42acf747d,5,,"Antes do esperado, bem embalado, amei... com certeza farei outras compras",2017-09-26 00:00:00,2017-10-03 20:06:30
680dc5014d4542d4a3e0afdc6d95bc25,597310d5c3dc11229fe9221f13489cab,5,,,2018-08-15 00:00:00,2018-08-16 15:40:44
6824079f792ddaa9399c4fcb34c6c69a,119d2d80c921d5b4806a1b19b4e8c531,4,,,2016-10-20 00:00:00,2016-10-20 23:57:05
6833c21945cec2af57777e68f1a763d2,1b737f58cb00f95d1513899b6e637eba,5,,,2017-10-17 00:00:00,2017-10-18 20:41:04
6835ff664345bb97daec01f5a944938b,e7374ec864786dbea6a5478d93332e1b,5,,,2017-08-29 00:00:00,2017-08-30 12:29:14
683ce0046686df44e2d802b6719bf5b4,bc1407516b972c301cdd874626028952,5,,,2017-10-06 00:00:00,2017-10-07 01:12:32
684228c8aab08528cd148e87b0516a66,10c12ecab799c32c29b4df3a203ecaa8,4,,,2017-02-16 00:00:00,2017-02-17 04:55:42
685a9348c14fb4f0239545e94d092baf,7e39c7f737bbf597868c912bb9d2bb48,5,,,2018-01-16 00:00:00,2018-01-16 21:45:27
6862a9594c1b4906828cbb6cfd954e63,dd31111df3c5c93d9be367bb8de6d3ed,4,,RECOMENDO !!! ,2018-06-23 00:00:00,2018-06-26 00:18:57
686ecf47dcefaeb545f51f0193d59c7e,4eecbfcab9ec27fad7e24ac94f9a032b,5,,,2017-12-19 00:00:00,2018-01-04 11:51:12
687db77f6b5d72e057ce380d512bb515,c3df9abd148ceaa39d9911b77b041810,3,,,2017-11-23 00:00:00,2017-11-23 22:43:56
687e0550b35162a477fd1ca38a700535,13bd28c9fb3f72368af23530f1231cb2,5,,,2018-06-26 00:00:00,2018-06-27 01:36:58
68943d08a20deb9b08c7de80a0927214,b27b73e4dc66dd3733d11cd49b3474be,1,,"Produto veio correto, só achei muito pequeno. Não gostei por isso. Mas produto foi entregue no prazo tudo certinho. ",2017-06-14 00:00:00,2017-06-19 19:46:26
689e5f022c82dc1953572f05f21c62ae,7c333b73033a5b03379b9587a92685dd,4,,,2017-12-09 00:00:00,2017-12-11 11:49:37
68a941bb7e4ee4fc95dc87dbcb8c9ae6,9e50d6711cd120b8b6fecc98aca9d306,5,,Satisfatória ,2017-09-21 00:00:00,2017-09-22 01:35:51
68aadabe98bebda381f9b6c172af4e92,07159640598ab46b708279254ec3be0f,4,,,2018-06-28 00:00:00,2018-06-30 20:14:15
68d0b2f7b3792652198a907be5fc6c1d,262a22b18b8c7773c9ce2e3665db8c44,4,,Gostei do produto e a entrega foi muito rápida!! ,2017-04-19 00:00:00,2017-04-20 09:50:16
68d11679d730c8ebbb706bc9150b4767,5e81df12374f3a0e3c11e392a252fdcf,5,,,2018-04-17 00:00:00,2018-04-18 22:27:25
68d69f9fe8fc523bc03e0001f01ed7c1,576a4c1c23fdba52cef2228ad0232cc6,5,,,2017-08-29 00:00:00,2017-09-01 12:02:07
68e006c20ec33c4d0823aa93a7d1d930,29c20a338ac69db0ccfe9702b4f94a54,5,,,2017-08-24 00:00:00,2017-08-29 11:17:43
68e2511ab61fdd484d7c0fd50e882ff8,1daf08cbd75c8c42c6febf36b63e4bb2,4,,,2018-01-19 00:00:00,2018-01-20 23:33:24
68f77e33a1a37d69fe91326904d24045,a12ac41904fb4122fafbd91fbb9230ed,5,,,2017-10-27 00:00:00,2017-10-30 15:02:49
68fbc2efa80bcd747c95aedf9d210c6c,e16e5b4572640ddc3de053a9b0f6432b,4,,Produto entregue antes do prazo.,2018-03-18 00:00:00,2018-03-18 15:14:16
69049b97da1868d57b4cdd1394bd7fba,3d5297364b0d752cbbb48a11a58eef00,2,,Produto se diz grande mas não cabe na criança !,2018-02-21 00:00:00,2018-02-23 16:21:58
690c11ad065e0c316f99f50ec69e0829,650df820145c92501d76b8a8501b1f9b,5,,Parabéns pelo atendimento,2017-05-13 00:00:00,2017-05-14 09:44:58
690cc073e729a613751d89dd9059846f,1cd27ea64a7708735cd38f4eae93a8d9,4,,,2017-12-01 00:00:00,2017-12-04 15:01:16
69132fd77f860239211cb4e79d26e6de,b1abc0fe22da191344832b1b462d08c9,5,,,2017-11-14 00:00:00,2017-11-15 03:27:28
691b51fd8aee2b87d807bb291143c05c,2356e9b211b952c07f32b7addb1250fa,5,,,2017-11-11 00:00:00,2017-11-13 13:54:31
692cd9d6d3f34841b4d890e8cc2d014d,690fcac48556995b83b79610b6732288,5,,,2017-03-25 00:00:00,2017-03-27 10:47:01
6930fa0f5191214922fa1b23ef7f1fdf,a169311914e5fbfba32bae481dd1aa39,4,,,2018-03-22 00:00:00,2018-03-22 21:53:15
694995afe6e1c176d3146467ff88440d,1676fa2516c38753e7a0ee7fa8e41009,5,,,2017-09-12 00:00:00,2017-09-15 00:48:59
695c9dbf80a82cb9b6308ef15abb105d,ff2b99df83d1c413829f65efca33da17,5,Ótimo ,"Produto entregue antes do prazo,em perfeitas condições.
Amei sempre compro e vou continuar comprando.",2018-08-29 00:00:00,2018-08-29 20:56:41
697247867d68b32c4576ae67b7e31af9,9f5630ff3b1445ec3e06b2cbe5c47258,4,,,2017-08-02 00:00:00,2017-08-05 13:03:10
697a805d46612fb7fa970af4e44486f1,78af4d32fa98a1435686699030cbc1bf,4,,,2017-09-12 00:00:00,2017-09-13 00:43:30
6983898dc3ecadec5016b2c124954769,04b16351c3a70c83b9f8f1fe295cb450,5,,Recomendo,2017-04-29 00:00:00,2017-05-01 23:04:04
6997aff78d3a381d4ad4b183377daa93,2567b61de29297da09bb8da381d2b37e,5,,"Muito bom, veio tudo certinho.",2017-09-05 00:00:00,2017-09-06 01:15:33
699b866b71b5ad31f1faa2b1ab4fe1a6,43150008aa4569cfef4be756bd7dbdd3,2,,"recebi sim mais com defeito os encaixes sao dois igual e nao fecham 
",2018-01-18 00:00:00,2018-01-24 10:19:28
699be8563c7086a12f6a044a07210c70,321d9d09f4d1ffa67dd4ca76b9914da0,5,,"O jogo de lençol é lindo,foi entregue antes do prazo. ",2017-11-22 00:00:00,2017-11-24 23:57:52
69a5116956ab8707d00bebe34517c7a8,0eb292344b2b6367acf848e125a32538,5,,Loja super segura para compras ,2017-07-08 00:00:00,2017-07-11 15:26:39
69ac850c1f5add15f0f37801257ca63f,aed5554747b457b11b6357881e378195,5,,,2018-02-16 00:00:00,2018-02-17 13:22:10
69bff9b14af485db26a834dbb018f06b,4d171855324a9f6bbfceca895af66e6b,5,,,2017-10-04 00:00:00,2017-10-07 00:19:02
69cfe58eb636917d747bc13263c493a7,ab7668e66b0f2053a4ba0baec415d511,4,,,2017-10-22 00:00:00,2017-10-22 19:18:55
69dd338f88a1312dc8b8a3258417b02e,02a3c3a1c72dbff557b2f56fc0caa847,5,Muito bom,"Chegou antes do prazo,bem embalado e como esperava",2018-08-14 00:00:00,2018-08-15 01:55:42
69f14201124ad50af47d3d2c33c091c7,b8d8e7c7fe850dd45f9e3762c8b4b940,5,,,2018-07-03 00:00:00,2018-07-04 00:33:22
69f4e808b269a8de0ff2a4e86dadab32,c5c6c23c10d2df268fd5cd8c107ba622,5,,"Compro por que confio, minhas comprar sempre chegaram no prazo e até antes dele, nunca tive problemas eu recomendo.",2017-11-01 00:00:00,2017-11-01 20:57:20
69ff61c26c18cc361ca96952f70e1bbc,f92658c234d93f1b5e25da234dd2968c,5,,,2018-03-24 00:00:00,2018-03-26 23:06:44
6a013bc0d9ed1881e88efea769f63739,0556fe7a6dbdc95276ba0513ee5f0471,4,,,2017-12-14 00:00:00,2017-12-14 22:31:53
6a043e6f6a8e2b16c64c96ccf86f3bd7,d4c1e781e9d24a003cf92fc0ba8384b0,5,,,2017-12-05 00:00:00,2017-12-08 08:41:04
6a054ee3d71202ffcce35269565d3509,2be34c2ba4b5bbab97cc1ab70c699168,5,,,2018-08-28 00:00:00,2018-08-29 17:08:05
6a0e45cc85375f8ab5687af3279bb224,463f34a9bee899d2d1f5f08af0c86d06,5,,,2018-01-20 00:00:00,2018-01-23 11:15:33
6a28de2483262982d9021770860cec68,613642e8ff12626da63befddef26efa4,4,,Loja confiável,2017-03-09 00:00:00,2017-03-11 14:24:12
6a2a1f4b472150f475549c7c5f3f7629,6f75ffc4f296c878f6d66178f5684825,5,,"Produto corretamente enviado, bem embalado e até antes do prazo.",2018-02-10 00:00:00,2018-02-13 14:09:09
6a2eeed13c85dbbb57aec5457b90a2b1,4a91ab50eb21ac9d39b0a581487fb252,5,,,2018-07-05 00:00:00,2018-07-18 02:38:45
6a326590ddeec987b9fdd85ddbc23288,6aedefde651c239abf93383dd9175022,5,,,2017-12-28 00:00:00,2017-12-29 13:12:52
6a45c607db3f4d69d2ea099cf353ae3e,e703f9ab67e765670d62eeec75af5d62,5,,,2018-02-21 00:00:00,2018-02-22 13:51:10
6a6275671468d945f74a45201293fdf6,c2792ecd230f2d8f50741f6b37649fb1,4,,,2017-04-19 00:00:00,2017-04-19 22:09:21
6a6d54746a6695a1a85683f425f8b9c8,ef39e8a01edeec8664b6fa8ebc5f3b9f,1,,"Recebi o produto dentro do prazo, mas a balança estava oscilando demais o peso.",2018-03-20 00:00:00,2018-03-22 20:38:16
6a770c1ee24adfe4e050332cc70112e9,a0ba767f45d100f0a10b9c7c5ffe077e,4,,Entrega como combinado...,2017-06-15 00:00:00,2017-06-26 23:55:00
6a780551f37d86650380342b53520b27,9a0b56e930f6e5cd70a4662400e4e6b5,4,,,2017-10-20 00:00:00,2017-10-23 13:19:17
6aa1c3ba91b99cc09ecb6bf84d53c300,ad69edd5c027bb8d8647e5ad00cd2857,5,,,2017-10-18 00:00:00,2017-10-18 21:27:31
6abbf7cd7559eb5b32d6ef5cb25db317,593f849c29daaeee17ee32baa44795d6,1,,"Chegou com a caixa machucada .
Ao abrir , o produto avariado .
Tentaram maquiar o vidro quebrado que estava por baixo , mas eu vi .
Pior compra que já fiz , vergonhoso .",2018-04-05 00:00:00,2018-04-05 18:18:41
6abc7723e4359c0e6c480aa6326b51b3,bbd5315a7667b9537e1cf428fddf09b6,5,Tudo certo,,2018-06-20 00:00:00,2018-06-20 20:35:55
6abd0aec1597ea2cc0a717e4b4ab4a53,f1849c4f06c0360ebf0862e55c31fa8a,4,,,2018-04-22 00:00:00,2018-04-24 10:04:42
6ac1784af79388dab9316a767f6450b5,05104976125ea1e5cc04bc1f506a436a,1,Atenção! ,Coloquei que não foi entregue por que eu que tive q ir buscar. Eles não entregam na minha casa... E outra uma semana de uso o fone já está dando problemas!,2018-08-26 00:00:00,2018-09-01 15:23:03
6ac21af8cfe1d008e7e68427579862a6,390e5f12e01c2af04027580e4cdde515,5,,Amei lindo recomendo sim,2018-04-24 00:00:00,2018-04-25 00:43:35
6ad64dfbb6a845e738a99a372932de16,d265e2114f019b12adfff1e68a241a8e,5,,,2018-08-30 00:00:00,2018-08-31 17:55:49
6ae2f4403d64910933b2fae18430a35f,d6e32818428593eefe8ffd7e15acb83e,4,,"A loja fez a sua parte qto ao prazo de entrega e entrega do produto, so acho q deveria avaliar a eficácia do produto antes de por a venda ...NÃO RECOMENDO O PRODUTO, não realiza o q é proposto.",2016-10-26 00:00:00,2016-10-27 18:44:02
6afc19a5421b17d09e72a4fcc098d58a,8c4a924fbaf8e5d685676b7a7269cc07,5,Nota 10,O produto é mais que perfeito e a rapidez na entrega até me surpreendeu. ,2018-06-15 00:00:00,2018-06-16 14:05:47
6afc2957aa87ce45f01aaf08cbe2600f,9e60724a9f4d8f5d169ee0b5bb7a8a46,5,,,2017-06-27 00:00:00,2017-07-17 19:35:05
6b1de94de0f4bd84dfc4136818242faa,9de125e032c8c74ccbcf9a5b7a3b4faa,5,,,2018-02-16 00:00:00,2018-02-19 19:04:21
6b1e7982c1ccbba514b43da7c00a8d66,24812bb88ca7c88144814233a1d6f78e,5,,Recebido conforme espectativa,2018-01-26 00:00:00,2018-01-28 20:10:58
6b2028c3d554c592471a7eefdcd1b76a,e8735e0751e0e33b80ae0bac98f65381,4,,,2018-05-10 00:00:00,2018-05-11 10:58:07
6b20f0cfb867ed0761d375fe21dee6dd,145e208aa1770c67fd155eb6b4084372,3,Recomendo ,"Recebi bem rápido, Mas a bateria da câmera não está carregando, isto é não pega carga....",2018-07-12 00:00:00,2018-07-13 01:11:47
6b298d209aa5d83663c18cf6fa0be2ff,ae76bef74b97bcb0b3e355e60d9a6f9c,4,,,2017-03-10 00:00:00,2017-03-16 03:45:59
6b2ccf72cc09123f39a5d24e823ca2f9,cdfdb4e7e805636ed4750f8dc333b01a,4,,,2018-03-28 00:00:00,2018-04-03 19:32:58
6b2da17e3705f7a4e546a9538e02cc41,d6241dead130f310711dc2f50927f1e8,4,,,2018-01-10 00:00:00,2018-01-10 19:36:07
6b3d97a282d6752c04cf8a4b3847812c,538917e9e6d39e4e2f6d7480f7c2479e,5,,,2017-03-02 00:00:00,2017-03-15 16:12:22
6b407b834a65600bd778cf89cbe3a7fd,11a712e608d2c5d35b89246489db966d,2,,"O produto chegou intacto, mas a embalagem toda rasgada e o produto parcialmente exposto. ",2018-01-27 00:00:00,2018-01-30 10:09:35
6b6269b4d543afab7c9a279c71a72ff2,df4b824bd4343d1cb124a2a17a87be00,5,,,2017-04-12 00:00:00,2017-04-17 12:08:15
6b67d22b0d51e1b2d11a99fa4277d44e,aa830d74d3e7d4a392cb7eac51a9c719,4,,Entrega rápida antes do prazo previsto e produto correto e parece de boa qualidade. É o que procuramos hoje. Com essa falta de tempo para cuidar das coisas da casa. E pretendo comprar mais uma colchas,2017-01-26 00:00:00,2017-01-27 10:44:41
6b92469d51a79082d9c40f8f5b53e03c,19196153dd04a2d8685e3928185e498b,1,NUNCA RECOMENDARIA,"Péssimo serviço nunca mais o site do shopptime, segunda compra que realizo e a segunda que da erro!!!! ",2018-06-09 00:00:00,2018-06-11 16:11:12
6bbf1970b3a3c8146745e1d3e172bc90,9e2fbf3b51437bc915ed549c475eef2c,5,muito util,adorei minhas xicaras são grandes de chá e deu para por direitinho...parafusei no armário e ficou tudo organizado...comprem sem medo ...muito util,2018-07-27 00:00:00,2018-07-31 21:34:06
6bf87158a25fcf3f445e85aaf980cda0,bb90b02637daa6d6ea968529eed50699,4,,,2018-02-06 00:00:00,2018-02-07 10:07:09
6c0a59aa839f84ab26077035004fd4a0,ed98c37d860890f940e2acd83629fdd1,3,,,2017-12-22 00:00:00,2018-01-08 21:08:53
6c25ca9ff218c108f4c927bc7385d79d,9ff8294af4730928d432cd048756c28c,5,,,2018-03-17 00:00:00,2018-03-20 11:08:25
6c29b2d7dfd0d35728e46ab02457cb3f,02e7b3980e9984556bb3a764306f3e31,4,,,2018-04-04 00:00:00,2018-04-07 21:31:55
6c2eb130d26dae6d53c3d9926e256230,93f0b28291bddb8a70034aa5138ddf24,1,,,2017-12-16 00:00:00,2017-12-17 16:33:15
6c304a63ea3332aca744d9c70e269e48,336b23be3e03293e27330af8c716f0da,4,,,2018-04-05 00:00:00,2018-04-05 23:26:12
6c3557ff649816cf0f56d2006e5e4749,bb5cce57f8d80c481d1beee24eda6616,4,,,2018-07-04 00:00:00,2018-07-04 21:54:06
6c38829dcad88e9429fc1c786b66db56,b0c1eb643cc230efdadc151753e940b5,4,,,2018-06-27 00:00:00,2018-06-28 00:38:06
6c55efc753d963f63f14b6dd6a80d3fc,09ae00385becd9090c7e85eb465605e0,1,,"Não é original, infelizmente o pós vendas da stark é extremamente ruim, pois já entrei em contato e até agora nada, aí consegui ligar para o fornecedor parceiro que já devolveu o dinheiro.",2018-04-04 00:00:00,2018-04-09 12:23:38
6c565de26bbc113a48a5a9904f5d432e,f52ca6450bdbd97aace8dc2d9d711000,1,,,2018-04-14 00:00:00,2018-04-14 21:26:51
6c596e30a343facf82361e161fc7bb5e,c2b98b5cd6c038d9115970d03ecb1f6c,5,,,2017-11-09 00:00:00,2017-11-13 23:46:10
6c70036c8855d447b4f729e0f9785988,6cad7a7812903a72ae057da0bfb61cce,5,Ótimo,Ótimo,2018-05-16 00:00:00,2018-05-16 18:16:17
6c7ed335c8c14a030c8d529642ea78ba,320647e42dac370c80184c0f74433cac,5,,,2017-09-20 00:00:00,2017-09-23 17:54:04
6c828098590c34a0d5937198f47f1a7d,31157b4bc58dc4cb53fb5b390b4a0934,4,,,2017-06-29 00:00:00,2017-07-07 14:34:23
6c87b0a49c11ddc3042e843af5d5a229,4948f06b894477c108c871a15fd4f1d6,5,,,2018-07-31 00:00:00,2018-08-01 00:40:07
6c912386372006201625719dcbeefaac,e43a94e0ef58ee8b2507c9176c7581d1,5,,,2017-09-02 00:00:00,2017-09-03 13:04:55
6c94665101b6478e32a770153572cf13,dd65ebf209e7f649ebd0db15a8f61b24,5,,"A Mercadoria chegou no prazo, conforme o Pedido e em condições perfeitas.",2017-07-12 00:00:00,2017-07-12 19:31:16
6c97ffd410e366da17b17ec71b47d56f,40e0f6a96881e259b2be8697beab436c,1,,"Comprei pensando que era um Casio de verdade, era um relógio pirata e ainda de mostruário, todo riscado. Golpe. ",2018-01-13 00:00:00,2018-01-14 01:30:12
6cafa244244fd8b8a3a093fe767ab332,62ba4fa6bee7a583369ff4aa2dc3131e,5,,Otimo,2018-02-28 00:00:00,2018-03-03 00:16:46
6cafd169e7eeea081a7b27ce19cdd227,1c34405a26acbdbce1a7702fdcca5c31,5,,,2017-12-15 00:00:00,2017-12-28 21:17:33
6cc57f7379262abc0a2d0f6cd367ecd9,7a422b767b8a7f3738b95534a89f534c,5,super recomendaddo,,2018-06-27 00:00:00,2018-06-28 18:10:49
6cc6b6f94de33d77d17022220cc58349,d3045e7fe9e2988614cbbaf560c424f7,4,,,2017-08-18 00:00:00,2017-08-18 23:35:52
6ccef551dee54ceb59a39249f46dc78d,01786fff06f2f7e8a83950c4b3b424ea,5,,É um teclado prático e todo iluminado. Excelente para jogos.,2017-12-30 00:00:00,2017-12-31 16:43:38
6cd5b99752d9e5028e9e724530d61d8d,c2dae969e4d48f3afc69a5503b48bed1,5,,,2018-01-18 00:00:00,2018-01-19 12:27:27
6cde342abc437b207f0a31f3bea0b9a8,53239db74c7835641f106ef90b3d0100,5,,,2017-07-19 00:00:00,2017-07-22 12:42:29
6cebb1f5eedb3b7de35a499c0e0bf4ac,2abe97fe40841c06d48dbde9d9df1279,5,,,2018-04-17 00:00:00,2018-04-20 10:09:58
6cf468bed22a57591be3fc875d05d4c6,ac244956f757aeeb76242334254bf9a5,5,,,2017-07-26 00:00:00,2017-07-28 21:11:29
6d1c1e9d6cbcfd0db2f79cea3360f59b,dec5dddbabb890eefc4bf9e0b66ad1bc,5,,Produto de primeira qualidade. Conforme anúncio. Chegou muito rápido. Recomendo 100%,2018-03-07 00:00:00,2018-03-08 02:34:01
6d2a48d18dfe5989f975e01d35677a7e,fa8af66ee11f929d58f95e9a0522d792,5,,,2018-04-27 00:00:00,2018-04-28 00:21:35
6d41077ba0ef28c56bc00e475b2b0838,c7b50349c671aee4a4e97aff1c8188c5,5,,,2018-08-24 00:00:00,2018-08-27 00:18:13
6d5aba762fb3b8b6c5e0245c904e8ce8,1cc47b4855c5d2cf01a73dc8ae838079,5,,,2017-12-28 00:00:00,2017-12-28 19:09:57
6d5d7f49807bfe3b5c438c231f4b4df4,63c6b78c7aceade884a5f08177c04e57,5,,Mercadoria recebida sem qualquer anormalidade e sem atrasos. ,2017-05-05 00:00:00,2017-05-07 21:36:41
6d888d4169b2b7d293ff1a37c633e024,2816b0ec050fb4a136c32a6bda007a91,4,,,2017-04-05 00:00:00,2017-04-06 12:47:52
6da8b5c00df4189bf93c587b1a03ec4c,ada8de3a9486cea2fce7f4b00319cf3c,5,Lojas lannister,Eu gostei de comprar sim chegou no prazo certo ,2018-07-25 00:00:00,2018-08-16 15:50:46
6dae57e2a23b352d19440fbd93c884b6,f5b364f870f2417bb837200eac7677d6,5,,"Produto muito bom, ótima qualidade e veio conforme mostra a foto!
Recomendo!!!!",2017-04-20 00:00:00,2017-04-24 22:25:36
6dae7e6854369174ce5dd93273e8ca83,40ec2cf5cb1eb0bf1ea2b117552fecb5,5,,,2017-11-22 00:00:00,2017-11-24 10:04:34
6db2021f979a1bcf9271f3e239d24168,f5f15b58af5d98ee482e59fa194a9112,4,,Comprei um cartucho 60xl preto na mesma data na Americana fornecedor Inga Printing Shop e acabou vindo 10 dias antes,2018-08-02 00:00:00,2018-08-03 03:26:45
6db51734b98ad4bd1d48a0e09984c9b7,e2ea04401857fff26dea0694a4d1bb99,4,,,2018-01-04 00:00:00,2018-01-05 14:03:59
6df3b052d1ccc72cc6035cc77ccfb4c7,cd747ef99d8317de4ea4eda3de915865,5,,,2017-04-19 00:00:00,2017-04-20 11:43:49
6df44a385888f80408015d7e82267506,8ab08a832f16966f270a9bbffe395cfa,1,,"Peço auxílio para resolver esse problema. Não recebi o produto até agora, depois de 2 meses do pedido. Aguardo retorno",2018-02-17 00:00:00,2018-02-24 03:20:55
6e1023916802b727bbb3a096f01afae9,fa42ca789329fe838b380b2dce4c0307,5,,,2018-05-17 00:00:00,2018-05-20 19:52:16
6e13b8b3c87332604b5cc696a2d0256a,22d58ab98a59a304fd61d116c625ec4a,5,,,2017-11-08 00:00:00,2017-11-09 17:50:41
6e21e3385b6c916e147ff52fa399668a,1a7e970c994a82401235495241e66a14,5,,,2017-11-24 00:00:00,2017-11-24 19:23:01
6e228db9fb2b156da9d75ec631d450f5,9fbbd9e1516b7cbce439d5f07dd07f98,5,,Nem esperava receber tão rápido. Vcs estão de Parabéns. O produto é exatamente o que eu esperava. ..,2018-04-17 00:00:00,2018-04-18 13:36:19
6e25aed0cc41aa34f87e0842b28c63dd,18c89078cd21364b7ad7f4d652e0cb84,3,,"Ainda não recebi esta atrasado nunca aconteceu isso sempre como ,chega antes ou no prazo.
",2017-10-29 00:00:00,2017-10-29 17:29:09
6e295672e48529747c8e7ecea3c671df,44b24f94400635cc1f692121bc4ef110,1,,,2018-02-18 00:00:00,2018-02-19 18:01:35
6e33fa481edd138a15d9f05508087ffb,96a829e0e554c697670638997aadc45b,1,,"Ainda não recebi meu produto, o qual já foi pago, e não recebi nenhuma justificativa sobre o motivo do atraso.",2017-05-12 00:00:00,2017-05-12 16:33:22
6e4422cd3e9202c85cfb7fceab8f9b6d,40bb654f08a089c46353cea13d590ac9,4,,,2017-03-21 00:00:00,2017-03-27 10:34:02
6e46fb41018820c8ba84d10ac630adf4,1535ffdb181e70ff560cfced342c4f40,5,,,2017-03-22 00:00:00,2017-03-22 11:33:53
6e49478ad3c745d72cc52d5cbb141475,87b314ae9dc134ce22cac9d7d3be2678,4,,O produto é bom! Principalmente para quem deseja gravar videos pela câmera frontal do celular e não possui flash! Ele funciona como um substituto do flash! ,2018-02-10 00:00:00,2018-02-14 18:19:03
6e4c4086d9611ae4cc0cc65a262751fe,8e17072ec97ce29f0e1f111e598b0c85,1,,"Embora tenha entregue dentro do prazo, não enviou o produto que comprei.",2018-04-14 00:00:00,2018-04-16 11:37:31
6e51b85bb35b47f3e4c68465cdf2bc26,d3ec40731fe6a0b60cef4f782e7be160,4,,,2018-06-29 00:00:00,2018-07-03 23:59:34
6e5efad25e981635ed137697af64799f,06d8cb692ed19b092adaaf5337d01a39,4,,,2018-08-11 00:00:00,2018-08-13 09:45:34
6e730c75ce770c984365963355ad4463,fa82edaf6d788f4a8a80e2f8fc4cb9b7,5,,,2018-08-29 00:00:00,2018-08-30 00:10:53
6e87c7eedc83cced4c3d441add3a2066,16e6eb900110dfb1f423bfc65820ff87,5,,,2017-12-08 00:00:00,2017-12-11 11:09:08
6e8fa9c7abd763aa3b4d887140cfd7cc,0c51cc0743219907058b0a266949d0a9,5,,,2017-07-04 00:00:00,2017-07-05 11:54:53
6e969a09f6c141be120ad7368643da73,c15582dfe92312e48613b9cb37caf0c8,5,,Parabéns ,2017-05-27 00:00:00,2017-05-27 23:18:35
6e9bca18453897350cc1ad6c1bed49ef,ba89a3d7d01c8a2a0bbdb514a851e9f1,1,,Não posso comentar pois ainda não recebi nada,2017-08-04 00:00:00,2017-08-07 16:19:06
6e9e0955d4db4d291d1b4b63d9865f04,7e5821896794f7ee1e792ef610915f78,5,,,2017-09-22 00:00:00,2017-09-26 11:57:22
6ea9c8549545c1131ebe64fd85ba23f6,2982a4a9b9ff0bf9a4f5b88a45a6fa67,1,,Eu comprei o produto no cartão.A venda foi realizada e dias depois a loja cancelou o produto e estorno o pagamento ,2017-04-15 00:00:00,2017-04-15 12:38:46
6ed5fd9c2bbd81b1b7aad2443e2e0d8e,3e5851bac5137487999e438e2986af8e,5,,,2018-08-23 00:00:00,2018-08-26 07:15:11
6edb0d6ccce983bee5f57408d20a69ce,96855425ac02c08fd0467f1fa9186d4d,5,,,2017-05-30 00:00:00,2017-05-31 11:08:01
6ef9fe271a4d510a342d32ea8a5492a3,85f2d1d18951198c1beca750c4df59b1,4,,Muito bom ,2017-12-17 00:00:00,2017-12-18 09:29:57
6efa360af67391bedc8f2454aa502494,8304f049f874798b19276d475a0b1851,5,,Ótimo preço eproduto,2017-12-27 00:00:00,2017-12-27 18:33:55
6f07ae776d9de992e7a2105911284845,96ae30a2357a999e6010b2f1401af374,3,,,2017-08-20 00:00:00,2017-08-22 10:35:55
6f09a1ab813f3793cd6a6172d0428754,68078862fcfa2002707c665997fee311,5,,,2017-06-02 00:00:00,2017-06-03 02:58:53
6f0c17b7929f16d2c2548b6b7d20c7af,22d0b79a88fe360e41471c8477379673,5,,,2018-07-13 00:00:00,2018-07-13 23:18:26
6f2295f9b0dacf53ce30de8d1cf73b4b,16dc31df327657954186535144a72e95,5,,,2018-06-26 00:00:00,2018-06-27 02:30:04
6f27507c02f73f5dbe7fbb41f0905d77,2459807af0cad1161d053ae93c170398,1,,,2017-11-30 00:00:00,2017-12-15 13:32:21
6f3a39d9a95c6539cbba7ae5cb131d1e,e82d53d269948c3c4b7bdd5f15a5db0f,5,,"Vou dar de presente, então ainda não sei se é saboroso. Espero que a pessoa goste.",2017-12-15 00:00:00,2017-12-16 09:59:01
6f3e5077387ac0f723b54a42424fe161,aef5267a7266e5536db6ea825b9366b8,5,,,2018-02-16 00:00:00,2018-02-19 13:20:52
6f4f1cf452ebca3b2ee4a22d0fa58773,074d6aba62abd52ad27529d3fb746260,4,,"Caixa veio amassada dificuldade paarmazenamento pós i
Uso. ",2017-06-22 00:00:00,2017-06-23 19:25:06
6f51ef0d253df95a40eedfb4f9234817,669c7981751faedef6f92bc287c34205,5,,,2018-01-27 00:00:00,2018-02-12 17:03:10
6f885e2fd69412264d9e74e805175d53,108e1d5b7a25ff07b49e500b1c7ae4b0,1,,"Recebi bem rápido, porém veio outro produto, e não o que eu pedi, o modelo veio diferente, a cor, veio uma capinha que não tem zíper, enfim, não recomendo. ",2017-06-22 00:00:00,2017-06-23 19:35:16
6f8f95f14128b25cc60c07d46f0946e6,c1556665d5eda63ad0a01cb682e2ad6d,1,Entrega ,Ainda não recebi o produto. ,2018-08-22 00:00:00,2018-09-01 17:12:53
6f96062fc93d395810682db18ac64d51,d24be64fd6aadd3a06ae6afcf8785cc2,1,,não recebi o item caixas organizadoras,2018-07-07 00:00:00,2018-07-11 18:07:33
6fb86d0cd3c625e1c5abd795e2e19a61,4e7215ac8ad76bd95a10b8230492c690,5,,Satisfeito com a compra e entregue antes do prazo! ,2018-05-05 00:00:00,2018-05-06 13:55:21
6fbe6f8d2d9acf0fd2446bb39f1909cb,9f78c08ae4928d0b51b8ec8da9585714,5,,Ótimo,2017-03-31 00:00:00,2017-04-01 22:23:14
6fc2df68dc8946d86ea711c533826dd7,8a01f46a3c2541b03ba737f3c83a7bd1,4,,,2018-04-11 00:00:00,2018-04-11 19:02:49
6fd34ed1c049d08681489e65f8527fc3,2d33f101d4220c7eff9e64679870dd44,5,,,2018-03-30 00:00:00,2018-04-02 17:41:31
6ff24a45633e0afb168c452f36a67ef4,20887fa4e0df7ed8c8d252ec5e9d4551,1,PRODUTO DIFERENTE,"A EMPRESA ENTREGOU OUTRO PRODUTO NADA A VER COM MEU PEDIDO EM FOTO
NAO COMPRE",2018-06-30 00:00:00,2018-07-03 11:53:57
700135724fcdc3170960fd95b8fb5904,bf013ab8da2ddc44737310fb1f58361e,4,,"O violão que comprei é lindo, porém a cor do adesivo não confere com a foto do ato da compra, mas aprovei.",2017-06-22 00:00:00,2017-06-22 23:54:31
700b427310c1f79e19e6e4f939a890c8,63f040d4a7b09c928627e309f6c17552,5,Super recomendo,Trabalho de excelência; pois recebi os produtos bem antes do prazo.Obrigada pela agilidade!!,2018-06-26 00:00:00,2018-06-27 11:55:07
701196a523cd1529e93ec374ba1db586,1a2056a1d6e8db71b7d777ec36f9b1b5,5,,,2018-07-13 00:00:00,2018-07-15 23:17:40
7015a3567694d9d33621a1a842f8393a,76c4c846aae2dae9e87dfa492c3f5259,1,,Só Chegou um produto,2018-08-17 00:00:00,2018-08-17 20:11:48
7017c0c177e7d0cd8c845b88a9c5d8cb,546f64a5981ba2d29b0a43a6ab6da440,5,,,2018-04-08 00:00:00,2018-08-09 07:37:54
70261538c5da09be75e9534c01d21307,d33eeaaa657fd3ae5e7f4e8f92892ea5,4,,,2018-08-14 00:00:00,2018-08-15 12:26:00
70453b57abb34334d0c79550ace118cf,5c59a70dbcb923876763ecb18ff3fad4,4,Recomendo.,"Apesar do cabo ser um pouco curto, é um ótimo produto. Chegou dentro do prazo estabelecido.",2018-05-10 00:00:00,2018-05-14 11:28:29
705d5296d896ff56ba75026020a8a697,e79e5fa889ba35a56c0155d5a447857c,5,,,2018-07-13 00:00:00,2018-07-15 19:59:13
7062d6658758a2bea9af2bde40aa2cd4,217ec7b7a29a68b086c07bda53f3f6b5,4,,,2018-06-30 00:00:00,2018-06-30 15:16:08
7072d3ceb8f67cc1b384f1594e1fc04f,b41055f900d670bae8cfbf3a8df79d8c,4,Produto como indicado,Bom produto. Apresenta as características como descrito no site. Entregue antes do prazo.,2018-08-08 00:00:00,2018-08-08 19:50:54
707e3074d8010e2ab0bfb917b0a000e2,2458de231bb0e4286a97ab335afb78c9,5,,,2018-07-31 00:00:00,2018-08-06 18:16:34
70aafcbc41ce61c5add256d1d6c3222f,fc3aa05d6850a6420531377b15473f98,5,,,2017-08-31 00:00:00,2017-09-01 07:55:44
70ac04d3ba564e628cfae96770759e06,be0321747be0efc1c7241a5e985dd299,5,,,2017-02-14 00:00:00,2017-02-15 00:31:32
70b53ff6502e4c4119df59c6cffef060,2dc3a1303e348a49718ef4a190d14eb8,2,,"preciso de uma posição ou prazo de entrega deste produto, estou precisando com urgencia
",2017-10-15 01:00:00,2017-10-15 13:00:58
70c20196c9c00a250fbc9239eebd88d0,d0a2ee9c1866926b3d773366fd916e37,5,,,2018-07-29 00:00:00,2018-07-29 20:36:43
70c93098bf8eb77739f2932b379525f8,6bbc91e028da6d54999b583c9be6e413,5,,,2018-01-27 00:00:00,2018-02-10 18:40:30
70cbd95ed75be2d3c21c4cf71d8e01eb,4645204bfe0435a74ce5ada0eb4458ae,5,,,2018-02-07 00:00:00,2018-02-07 20:28:23
70e4fb7fed989323387af2c25182d991,6b688d7c200891c0f00b36cbb2156a78,4,,,2018-02-22 00:00:00,2018-03-06 11:57:06
70f6ae8e604989287766dac895c7469a,1ea8fa159bf5ec460bf24d669396a421,5,,,2018-06-15 00:00:00,2018-06-19 21:05:52
7109b77365ceb543338956d3e98292a9,131497483f8457541cf92c467b847c39,3,,Ótimo,2017-11-14 00:00:00,2017-11-15 13:00:55
71122810db28d6383e55c1c0862fe551,a8f2de0bd364d148696276ada61777f7,5,,,2018-05-25 00:00:00,2018-05-25 23:31:18
7114128080697963f3d79c27313d9a18,3025217f257165e00d2312dfe35a9b60,5,Super recomendo.,Produto entregue perfeitamente e bem antes do tempo programado. Nunca tive problemas com compras realizadas nas lannister.com. ,2018-05-03 00:00:00,2018-05-03 18:26:11
71176ea90619ff48ff2c0747532b9c1a,d5e892687c8916b17cafe284780d01b0,5,,bom,2017-09-19 00:00:00,2017-09-20 18:25:56
711c737966a0c3fafdc6ea363dc6f3e5,15e59b8fd2802ac2c5e6d7571775b661,5,,,2018-01-23 00:00:00,2018-01-24 00:26:43
712899ac7cc81153012f010c10034b95,a4277113bcf10ed364a0182042fc8155,5,Boa,Gostei!,2018-05-15 00:00:00,2018-05-15 23:16:15
713a97bbe43979675fadfb2dcca0325b,942818fe0196e1b31017bffb40c048ba,5,,"Capa Boa, porém não tem velcro inteiro na parte da frente do casaco, somente no início e término do zíper.",2017-12-06 00:00:00,2017-12-06 22:42:42
71430be9a12920fa0610d426c973b0dd,c75860f1d422b9efcb29383df98932f7,5,,,2018-05-15 00:00:00,2018-05-20 15:17:21
714ff84167fe23d572d0ddccc41bd4c6,67f45b915d20c7c02c711e0fbf871a3a,4,,,2017-09-24 00:00:00,2017-09-26 22:32:39
71540d6334b554d5a3b75ab5006988a3,2ade26ce6c23d8df75d4e7444128fc84,5,,,2017-10-10 00:00:00,2017-10-11 19:37:38
715b42c8dad66a1a4398bb59cfcb0d94,6ea4cd6f1ec3ef5b3dfeb0c90093a5d0,5,,,2018-08-31 00:00:00,2018-09-03 00:41:19
7177b743bc34ca680795500cf1db91f3,442c20f1686da98436dda5a6c7c52e16,5,,"Ótimo produto, entrega rápida, minha esposa esta extremamente satisfeita, me dei bem !!",2017-12-06 00:00:00,2017-12-07 12:00:26
717ed92f5107595f187efc15269d3789,eb1c390413604079df388d4093910e74,5,,,2018-03-03 00:00:00,2018-03-04 00:11:02
718be340dc5372699a82e8ea991b0bb2,8508367ffb93fbcdea00997ea565ad6f,5,,"SIte com otimos produtos,chegou no prazo..",2018-01-17 00:00:00,2018-01-20 16:35:14
7191c8ff7554ca2f5848d869e03def55,9de85e24940c7fd91ec9ee1dd540b3cf,5,Recomendo,"Chegou bem antes do prazo, é lindo qualidade excelente. ",2018-05-12 00:00:00,2018-05-14 01:56:43
7194996c45de87f394936333196976f4,27cc371fc21005cb23584884e8364a35,4,,,2017-05-19 00:00:00,2017-05-24 16:43:48
719db446c903233531338a79b6c7bdbf,d6c0ec2e67adc2163605b7c0eafe3e1c,5,,,2017-12-22 00:00:00,2017-12-22 21:27:08
71c00e1120c2f7f8146a6a5ce9aef938,45b8bb0bfeacbf5aebe4c3f5cbcd2b06,5,,,2017-03-17 00:00:00,2017-03-18 14:23:13
71da4094436e434dc15b1e7f986098bb,517bd49d869100558362e70c45f13dd5,2,,Eu compro sempre nesta loja e gosto,2017-11-14 00:00:00,2017-11-14 22:46:19
71e4a1cb249624d55a107b743ae0f168,6c9c946ae6eb5b5c312bf3b325f4e25c,5,,Melhor loja pra comprar pela internet,2017-11-21 00:00:00,2017-11-24 03:13:11
71f4cf5e945175c8f547ce4634be7aed,ab668aaea7f0e48e485474b11f44c582,5,,Entrega no prazo e produto de boa qualidade.,2018-07-01 00:00:00,2018-07-02 22:24:34
720301e32d251a0ac5720e3781752bbe,aec3389fc7c084e0cd8f8fae90fa52e3,4,,,2018-01-07 00:00:00,2018-01-08 10:17:54
7245b655e9508771fa5f9549caa61aac,4615129c8ec596bf8b287b95934c7b78,5,,,2018-05-12 00:00:00,2018-05-15 01:56:56
724607076b40775f0a4034618f681fee,1cbd71feda5da8baea7160be1168fbc5,3,,Adorei,2017-03-24 00:00:00,2017-03-26 19:45:19
724b6c9d2a62f0e33af6f0065d3378fb,a8eed0db5f225dedde3f0edcdf9ee3ed,5,,,2017-10-11 00:00:00,2017-10-13 17:00:06
7252dbf290ca77f3b1db6215908550a8,51b808ed0e75c3a1106b08d3afe4f655,5,,,2018-04-14 00:00:00,2018-04-14 20:22:43
728493f78659d8be5e18a4ed8a570611,e15f1e584322c33341bb95913477ae2a,5,,,2018-04-08 00:00:00,2018-04-09 12:42:46
7286036f7b0eeddcb1fd3d004c192061,a2dbd8a0cd329f7a6850f5f2f1257a53,5,,"Quanto a entrega, foi muito antes do prazo, agora falta saber a qualidade do produto...",2018-01-06 00:00:00,2018-01-06 14:12:59
72888bd255eff79a818d533c426b67f1,3935314843d69e339825d1b0d7f6ebc0,5,Entrega rapida,"Produto chegou em perfeitas condições, bem antes do prazo. 
Recomendo ",2018-05-19 00:00:00,2018-05-22 00:25:56
728a0b4f318134f6b8a9315516fc30de,62cebc207886dce8b9f4460a1266bfdb,5,,,2018-02-03 00:00:00,2018-02-03 20:11:15
72906dc18cd7aaed26be40c859613c65,8c6a3fab1ed272b02f23bb7dc9061d9a,1,É muito confusa.,"Comprei duas válvulas solenóides iguais. Paguei o mesmo produto com quantidade 2 (dois). As válvulas são iguais, mas as roscas são diferentes. Uma é BSP, com passo igual a NPT, a outra tem passo maio",2018-05-01 00:00:00,2018-05-04 17:54:45
7292d4eb9d6305ce84be61d380292d19,48e57df5132333c7c43df89d2c531ff1,5,Super recomendo ,Chegou no prazo e em ótimas condições. Parabéns.,2018-06-10 00:00:00,2018-06-11 11:23:57
72a0a9b9bf8628ceaa01e4054736fc84,9680f3fdc078a63f1a4d5fca0f7790d8,4,,,2018-04-03 00:00:00,2018-04-09 19:17:54
72a34ebc5feaa03907f9d6817d04a6a8,63089c5f142cc1148a1d7799a8359e8a,3,,,2018-06-30 00:00:00,2018-07-03 00:35:47
72bb360d2a137f462280111e6222957c,885ae5d5896b9a5f3bd2a626876ace12,1,,,2018-08-01 00:00:00,2018-08-01 04:10:12
72c56b15694d440e3bce2e8877a3412a,b80e879030f825a648abffe9d993ff6a,1,,,2018-03-28 00:00:00,2018-03-28 09:10:15
72c5fde083c44b03c8a2e4af4b6126ff,ac05edf13466f6c474516cccd781bbd7,5,,,2017-12-22 00:00:00,2017-12-22 23:28:19
72c8fc883373d604391e4e69ada6b2da,937906bc0b6f522125f9b2a1f39cd358,5,,,2017-12-10 00:00:00,2017-12-11 09:08:55
72e192af73a4e0e299c1242539d00ce9,07f6b1ad9ba4f7a4d2326adf7b8f517f,5,,,2017-09-01 00:00:00,2017-09-02 19:02:28
72f992f34d1ccc512ce2ca96f56a3603,a1cfeb76f1be888dfc371fbd47344141,5,,,2017-07-06 00:00:00,2017-07-07 12:35:58
7312244806651234199206c84f565453,4cdf8813fc5f4c3d74041453f606868c,1,,Comprei são faz tempo e nada estou indiguinado paguei 279 e cadê meu aparelho,2017-10-25 00:00:00,2017-10-25 09:03:05
73169d4d6221ff5683934657b95884ff,87850ccd83d669cf004ea32dd917d6c4,5,,,2018-07-31 00:00:00,2018-07-31 19:05:08
73197039c8b0d9d5942943aeac66e28f,48e7f3b7aa6ee2bbdd92ab84674fe4e4,1,,"Quando recebi o email para ir buscar o produto na agencia do correio, ele ja tinha retornado ao remetente, ou seja tem um problema de comunicação ai.",2018-01-13 00:00:00,2018-01-15 17:51:32
7320cce1372e46962e7018b25d705198,81e04a215f5131c83423eb5d8d21a9a1,3,,entregar dentro do prazo combinado.,2017-12-09 00:00:00,2017-12-19 00:35:33
7322c5159c4ad6026d8433cdb927c0a5,52597890ec6f46d79c0cc61f35b1cbc7,1,,Pedi a fechadura com chave tetra e recebichave simples ! ,2017-10-12 00:00:00,2017-10-12 18:49:59
7327b9e19695b7b91696569433affa23,8616397296bf3ac1cc07c21a5c457894,5,,"Produto bom, nao tenho nda a reclamar, a entrega foi antes do prazo.",2017-11-29 00:00:00,2017-11-29 15:50:43
73327c964dbddf9363a6d626a04d8fd9,ab348b95012031ab6a86594395ad47e1,4,,,2018-08-18 00:00:00,2018-08-18 09:01:15
734ce5df39af2e9a9f82e61140b1daf0,266b0e02c5f1de0a40f86f63180419ad,1,,Veio faltando duas peças.,2017-08-08 00:00:00,2017-08-10 12:54:42
7351f1afcd5f6985e33b03e598b22393,cb3fd1d04f967b6c2d2fbb8f50970c8f,5,Excelente,,2018-08-31 00:00:00,2018-09-01 09:36:22
739942ade858d1417bae6e909e04abf0,e3c57d0ebff7edcd11f4f15e59ccc852,5,,,2018-06-12 00:00:00,2018-06-14 21:05:26
739991d70151c3840c96c397c1ff6a02,954ecf032c0fbd43696c6b12baaa293b,5,,,2018-03-08 00:00:00,2018-03-09 00:09:29
739fffcd31d637fc1ed3e7b1c01dbad4,a400b16a97414ec974f5a6910c28dbe5,5,LINDO TAPETE,O TAPETE É MUITO BONITO E CHEGOU ANTES DO PRAZO. RECOMENDO,2018-08-21 00:00:00,2018-08-26 23:30:42
73a800e5d1c124670b154a46582477c7,de8f4a82099fe4fa6bcb8952ca51420f,5,,amei super recomendo chega muito rapido e em ótimo estado amei ,2016-12-16 00:00:00,2017-01-13 17:34:52
73aa3ff7200aed5e4060c8813609eff6,31491a6bf618385b8b23b9924a119e4c,5,,O produto chegou bem antes da data de entrega !,2017-10-15 01:00:00,2017-10-15 15:40:59
73aba927d84a0111f8037cd678d85e84,d5bd0af0e37b739b88fa363a30301220,5,,a minha é que essa loja é ótima e eu recomendo a qualquer pessoa obrigado.,2017-11-26 00:00:00,2017-11-30 10:50:30
73b8a25977fe3c823f2662900b405417,2d5ace7adfe7a22628453f05952b4ebd,4,,,2017-10-27 00:00:00,2017-10-30 00:54:01
73be1652607f0ebd33b9ecd57bb0a888,63902aae1ab37f12ba6aa2b6d21a0634,5,,Super recomendo a loja e o produto. Produto 100% autêntico (original). Ótima qualidade e fragrância. ,2017-02-21 00:00:00,2017-02-23 19:30:28
73d2d73f76f857a51993c67e9ac795a7,27dfe580597e36bfdb283184aa96a201,5,,,2017-07-01 00:00:00,2017-07-02 21:15:36
73e6c3569c7e94a943a7640ed32de474,f7d960d092a081a1124e6f27cdeb2130,5,,,2017-04-19 00:00:00,2017-04-19 22:13:46
73f6307b0038f9713c7df88a2d91cd34,10fdf269eed6d4c024dc5eeb5c7f6c37,4,Produto bom,"Achei que o tamanho dela grande mas é média devia deixar isso mais explícito.
",2018-08-09 00:00:00,2018-08-11 12:39:30
744c1ac29c7e806d5d027e981f815172,ab4fc7cc026a9ea1a616584f9cfe4b9a,5,,,2017-10-18 00:00:00,2017-10-19 15:01:49
744e7d8188557d72ac27a2694a1eba85,d43e09377465273d9e75ee7a51a6445a,4,,,2017-06-06 00:00:00,2017-06-07 10:51:15
7464864ccb984c19fab7765f3ecb761b,ee590d1b6e4571a2c03e30571fef072f,5,,,2018-06-22 00:00:00,2018-06-25 00:08:20
74669f9631d3c654a40e566fbc8b6a34,7059c2afa0f74d0d09b1a8bd04ed2f7f,3,,produto bom... mas o vendedor demorou a responder e avançar nos passos da compra atrasando a entrega da mesma.,2017-07-07 00:00:00,2017-07-10 17:31:50
747c84e5e680bbd96112027768885d64,4da38cd7084ce9fdeae2412858379255,3,,,2017-11-09 00:00:00,2017-11-12 02:54:45
748bceb2d47f389666460f7ddab1977a,1dd7e8d1a469f3ce26f8c5c93ce9e636,1,,"não recebi o produto, horrível o atendimento!",2017-05-28 00:00:00,2017-05-29 02:50:47
7492a813d0551e2d217b6f0329aa8fcd,3fcf477d8f1cc1e4b5cf7594e9a7090e,5,,exelente,2018-02-09 00:00:00,2018-02-10 00:16:41
74974832efd36827d3bba8f4f0579c51,2456821eb4bf8fe5ac094da15037a2f3,5,,,2018-08-11 00:00:00,2018-08-13 10:55:15
74a031213620535657c8af1b3948eb3a,53ad0f90be4c36080d70c96aa70eafe9,5,,,2018-03-27 00:00:00,2018-03-29 20:46:44
74a550eeaffac6411fe76a41d6e2639b,fdd5c1089ba5eeffbe95fd36269b6d5e,5,,"Produto muito bom.
Boa compressão e confortável.
Recomendo",2018-03-17 00:00:00,2018-03-22 13:59:32
74a6dee3abf4c943528192aaa74da434,2ac520de90670f0cb695af6630a00c4a,4,,,2018-06-15 00:00:00,2018-06-17 21:06:42
74c541c6a2aedaa97d89dbfb9d4dae20,3d894f368ae702ec71a9db9d4d21291d,1,,,2017-11-15 00:00:00,2017-11-15 07:37:58
74c9c7d0bc153bbbc92e4c1597b8ba55,86cafb8794cb99a9b1b77fc8e48fbbbb,5,,,2018-04-17 00:00:00,2018-04-18 04:29:47
74e11f9085fc5422b4a007af5b518ea7,4912377c02eb84d181d53e98e010124e,5,,Recomnfo esse Site👍L,2018-04-08 00:00:00,2018-04-10 02:50:13
74e516d2425fe287a9610db9721d4c93,ac149cc1646470fa003284a354a2b4f3,5,,,2017-12-01 00:00:00,2017-12-01 22:11:34
74e9b2e9e0981f72f94715742ee28d33,d279acf202b55cb48ca420ecd39105e3,5,,"A entrega muito rápida, bem antes da data prevista. ",2018-03-04 00:00:00,2018-03-04 04:27:16
74ee6659dba8331ad18e58f50594ff45,49b9d8e434684c2ee92f901ead7f74a6,4,,,2018-04-21 00:00:00,2018-04-23 17:33:39
74ee8b3ec46cf56eb0b1349ff526025a,bb54e9bf4bdb6c6391a7c6b517748b9f,3,,,2018-06-27 00:00:00,2018-06-30 16:09:07
74f0f2e0e6d5be2b968a2a8307f67ecc,275705caa614c75dffeaf1844c1f6db9,5,,,2018-03-13 00:00:00,2018-03-14 10:54:21
75151066cc6d70e7101a557c83ff6fe5,f98a633c73840753516ca92e24128574,5,,,2017-09-14 00:00:00,2017-09-15 09:39:49
751594fe445d5c9d3958d764a6ffe0f9,19d8b9d9a60cda90fc402ad5580a0faf,5,,Produto de qualidade entregue no prazo e com bom preço. ,2017-06-20 00:00:00,2017-06-21 17:08:33
75182d5a487add1610318e2f4358bf41,0c9b9834c09d4fbf6bbadf2b3fba9828,5,,"Apesar do prazo ser longo chegou no prazo informado. 

Sem problemas. ",2017-12-11 00:00:00,2017-12-13 23:12:49
751a87a34a5e686acb96adee6f435df5,01978b8bae8292ffb4cee6abdf9b9089,5,,,2018-01-04 00:00:00,2018-01-06 13:30:50
752a8c39c20d48199d96e06d4e2cbca4,b9a089706e16d5490f7a2feb363e32e9,1,,Esperava mais do produto. Muito duro o puxador da mala e a lancheira veio vazia. Esperava ao menos um squeezi e um potinho. Não valeu a pena pelo preço. Produto deixou a desejar. ,2017-09-30 00:00:00,2017-10-03 15:23:52
7540d9d77486bcb226ae84011b53f61f,5820261a4aacfd67c653d120a4acdc46,5,,Produto muito bom e entrega rápida ,2018-01-20 00:00:00,2018-01-21 00:52:57
75478c69aba47abf44e6e84c41ba955c,08c6860a0281fefc591da60249d5fa76,5,,,2017-04-28 00:00:00,2017-06-17 18:54:56
754c789880963db672b6584300aecadc,80dbbd6f2282898dbf912a2ec668175f,4,,"Chegou bem antes do prazo, ótimo vendedor.",2018-04-19 00:00:00,2018-04-20 09:31:04
755102603d5917363e29c8c4750e63f0,9482fa3487de3e3fec62063176aec6f2,5,,,2018-03-24 00:00:00,2018-03-29 22:16:11
7561a387dfe749f4b2fdee2bcd366265,3ae5cb75e3aaf3d9e99637e6c07032e0,5,,,2018-03-21 00:00:00,2018-03-22 07:58:22
7562db1dfa96018149443b8197ccca5f,6ee27e2aa69517789049416f0c9d4580,5,,,2018-02-17 00:00:00,2018-02-17 19:07:24
7563de85aedd1f55fb83d8ab23729940,2cdcc5a4a3365e4e73abd4d0774f8636,5,,,2018-06-23 00:00:00,2018-06-24 03:19:34
75683d766c9542a331fdf31cef6fb235,a06c43ed81f5c604287461f4d21949ce,1,,,2017-11-19 00:00:00,2017-11-21 09:57:15
756fed5c909b1bc612a132d5a81e07b6,d5548ee8b123f1ede666cedd8c0049f2,5,,,2018-03-13 00:00:00,2018-03-14 15:27:12
758931a761b22484e7dd172098d884a7,79e5ae80172f5697f2402439382f2d77,5,,,2017-08-17 00:00:00,2017-08-18 08:54:11
75aab0089effbda8b153cbfe31617f12,6b78266e22c19ea2fd49f03f59ef7b47,5,,,2018-05-04 00:00:00,2018-05-04 21:47:47
75b989e088c5e0935915936df0885c9d,0ee83875134e649fc7cc3b867c337bee,1,,"Está em trânsito há 26 dias e até agora ,nada... acho muito dificil o sistema de comunicação da stark, deveria ter uma forma mais facil de realizar as reclamações!",2018-04-07 00:00:00,2018-04-09 20:12:44
75dcc8635930dd09103505944e12451a,e86b1b2dd48839d7351406434afb578d,4,,Gostei do produto,2017-12-05 00:00:00,2017-12-06 01:09:31
75e96e98fae3c09354a478e5b0c101db,9b027054a981a89fca1af6a5341e81e2,5,,,2018-08-23 00:00:00,2018-08-23 20:38:22
75ed80f68d731eeb23e6b508e5cb9fbd,ccbd198eb55e22f3b2240d1605961c5f,2,,Gostei mas veio com a mola de apoio das folhas quebrada de resto está perfeita ,2017-08-02 00:00:00,2017-08-02 17:17:10
75ee2eb06a5a7fcce52cb67ddc6506ab,d3397f49eba129958cca1d4ed73dba9a,5,,"Entrega muito rápido, e produto excelente ",2017-10-07 00:00:00,2017-10-08 20:07:36
75f8f0b3e8400ffaba369e35baeacef7,bd0ece9767b9088d339d9f68ed6a4738,1,,,2017-10-21 00:00:00,2017-10-22 02:06:47
760789d6c02e26b7dcffd7d0111b2005,90fdc874aae30f20d38d3cf1cd9161fb,5,,,2017-12-15 00:00:00,2017-12-17 20:22:05
76244ae560d6056ebc608952bbd00a5b,fa4ab8250c20f75f121f9ebbfd0a915a,4,,Adorei,2017-05-31 00:00:00,2017-06-03 20:04:43
762ee1eaab71913a18a34fd2738f9d18,2e2cbb3249517eed43f1192508daa71a,5,,"Recebi o produto,antes do prazo, tudo certinho como eu esperava. Super recomendo.",2017-09-09 00:00:00,2017-09-12 17:33:18
7653e49b971ee8818d82caed50f2ed2f,d339c9a9c019e5beaf1cafb6cf77a23c,2,,A cor e compatível com a da foto mas o material. E bem diferente. Bem inferior a da foto. Não. Gostei muito mas a entrega foi muito rápida ,2017-09-15 00:00:00,2017-09-16 03:16:17
76561047e665ecdc970050cd76057d4f,fbdda663869065b1521bf7be56191f6f,3,,"mas não serviu na minha impressora - HP OFFICEJET J4660 - PRECISO TROCAR ,, AGUARDO",2018-02-15 00:00:00,2018-02-18 21:15:49
765b6e0a637db3001057d55889597410,da225376046ab771e41a24f84f53f536,5,,,2017-04-20 00:00:00,2017-04-21 15:14:47
7660cc098ce5722f4c8e7afd1eec5bbb,75f19ffdc366b3e66a822a7fafa0db05,5,,,2018-04-16 00:00:00,2018-04-18 21:11:39
767842293da7e287c70162b12bc46609,e94463ec887705d951724d52248d7855,3,Defeito do produto ,O Ilhos veio com defeito. ,2018-06-20 00:00:00,2018-06-22 22:23:49
7682a15a6ab56ee9d11691344b85767a,9cbbee2d6fc84610e720368c09517556,5,super recomendado,Excelente satisfação,2018-05-04 00:00:00,2018-05-21 13:21:29
7688214fba93aa99b5a9da5c116da50b,e5da8f29d47b6f0f3ef8ab33a013a0b3,5,,,2017-11-29 00:00:00,2017-11-29 14:59:27
7691b5c72b027a1bce00a5700d841274,bb3b63f8a09bf476fd524c44fb767a31,5,,,2017-12-29 00:00:00,2017-12-31 17:22:45
76a3ec4016c5708bd096178b269c175a,0a01aa0d779fc923be4cc5505b0c6dd4,5,recomendo,Muito bom,2018-06-22 00:00:00,2018-06-23 16:35:19
76b481a419d23775e1403dd320b9cf5c,777bf4670edce6de8fa9aa0b68b57b28,5,,,2017-07-22 00:00:00,2017-07-25 10:44:16
76b6e29d5eb1ea1dacbf95d326f31ec4,296354937d156bb322d68e56f8e2729d,1,Pessima,,2018-07-26 00:00:00,2018-07-26 09:33:39
76bfb0a0c911ed1396bd2855ae995ddb,029f37989dcd7c9b928028086d68034b,1,,AINDA NÃO RECEBI A MERCADORIA,2017-11-15 00:00:00,2017-11-16 09:28:41
76d143f51d89ead96814bac36797382a,309de5faf9baa8961fd068f3f4e44dcd,1,,"infelizmente não tem como avaliar,porque não recebi ainda o meu pedido.Enviaram pelo correio e não foi entregue! Está parado nos correios,era para ser entregue até o dia 07/03/2018,mas não entregaram ",2018-03-09 00:00:00,2018-03-09 18:16:02
76da50796569ed8f9ef8a5bee8fc3a61,db6c4c19928d9acc355a54ee897bfdbb,5,,,2017-11-10 00:00:00,2017-11-13 10:17:30
76e41296aa94d59d1b4ec5c8b6da29d6,4e345c55d847fa86f3500c1abfcbdb8b,3,,,2017-05-21 00:00:00,2017-05-22 11:26:34
76f56d4279ea1433df0e2622fde6a97e,551c21a415e6d07ce3dfc85e627f8aaf,5,,"O site é seguro, a navegação é ágil, os parceiros, confiáveis, os produtos são honestos e sempre entregam antes do prazo. ",2018-02-02 00:00:00,2018-02-05 16:20:23
76f6fb164446f4f60e4a9f55ad9501de,8c242b06662dd71ddc5251a5b0f62b87,3,,,2017-10-13 00:00:00,2017-10-29 19:28:41
76fe154d4cba8f87cc55433b3465fdc3,43581787775b8fbac5c4d6dfb76ee984,5,,Produto excelente chegou muito rápido recomendo,2018-04-25 00:00:00,2018-04-25 20:57:21
77036e050a15156f98c6efd1926992b1,fc22b5be95b78b75981e0941fde2d34c,5,,O cartucho que comprei chegou dentro do prazo e a validade é bem longa! Estou muito satisfeito!,2017-08-03 00:00:00,2017-08-03 23:34:38
77136b940e2015eb10f853379d5b4149,05bef443b850685058070c9e781988e8,5,,,2018-06-27 00:00:00,2018-06-29 22:41:03
772cfde05143c8a71f8be02caabec1a3,20469319e0bed934658208f7bf3015ee,5,,,2017-12-27 00:00:00,2017-12-29 23:34:04
7748fa19be66125d9d04471959ef9f93,8339a4963d8b1727c15465ff154ce74e,5,,,2018-01-05 00:00:00,2018-01-06 15:28:14
775c98df8f30e2fe4f13c71da79e3e66,713eda1fb337fff2cccfae60fd0b411e,1,,NÂO RECEBI A COMPRA CORRETAMENTE. POREM ATE AGORA RECEBI OS PRODUTOS INCOMPLETOS.,2018-03-02 00:00:00,2018-03-10 19:44:26
775d6c86d7fb8d1c66fc9dfeb7169052,2ec795cf2d2eb7925def2e207f6f648c,4,,,2018-02-17 00:00:00,2018-02-17 19:41:03
775dba9f6d5a2315def6b28fa449f05a,a92225110bfd8206a036f272ccf0fb1b,5,,Tudo conforme pedido.,2018-05-16 00:00:00,2018-05-20 10:56:02
7781cb369122d7bf052c9715d0f4ff02,3ee9bd56fcb90ab8b29de6387760b666,4,,,2018-02-28 00:00:00,2018-03-01 02:53:05
7781ef072db542a5715d6665754f1155,22f1399a4c5b23e40453c44942c04100,5,,,2017-08-23 00:00:00,2017-08-24 14:00:48
7785e1b613c66bd21591eaaf202414f4,320f8045f186a371da49b2360c152bff,5,,,2017-11-18 00:00:00,2017-11-21 17:47:23
7789a8fbfd0a8a5dd80bf8dd425c1f98,9ba68602fafba92a21fc48911251ce31,5,,"Produto perfeito de acordo com o descrito no site, boa qualidade e a entrega foi antes do prazo previsto.",2018-01-26 00:00:00,2018-01-29 11:13:03
778a2ecde30ebab600f2c077ce34eb0d,23e117ca8f65562000f29a26f19f1a3b,5,,,2018-05-16 00:00:00,2018-05-17 13:44:34
7791b069b631653faff166a056ca7ec2,50620e639f6ed3116494d51bd888f449,1,,Comprei dois produtos e recebi apenas um,2018-03-06 00:00:00,2018-03-07 01:32:10
77941ec006378308e901943c57bf3760,52f3d979cd31211d1a3ef16a187def92,4,,"Gostei, e parabenizo pela pontualidade da entrega. Obrigada!",2017-09-29 00:00:00,2017-10-02 13:21:53
779cb82f7281af1415e1ab477ff25726,94f07507c9b68ea4fd0a02fdba2a6fdb,5,,"Recebi no prazo minha encomenda,recomendo.",2017-07-14 00:00:00,2017-07-17 14:05:08
77bded48323fc22ae0965a7daa19e988,8f21638fa75afaac7bd3062113867201,4,Nota 9,,2018-05-19 00:00:00,2018-05-20 18:15:09
77ca6e154dbbfe38659a4c110b42b4ed,a5d81ef92239f2dfe3b2aef1416077aa,5,,Entregue 20 dias antes do prazo,2017-12-13 00:00:00,2017-12-14 10:17:41
77d30d95ffe09c3214d076818a25a8bb,33c2430c9d2f05d9d244895aa53b4a82,5,Recomendo,Entregou antes do prazo. Tudo certo.,2018-05-16 00:00:00,2018-05-18 14:36:38
77e33c08e382b5b76bfd11489c4c1c5a,c70cb30c4935057ce1fe28f7f1226507,5,,,2018-01-23 00:00:00,2018-01-26 08:36:52
77ed4f94b3638d1f0b0a2dd781c11a8c,5f8772295e1adb4e4832c988d6b631b6,5,,,2018-04-10 00:00:00,2018-04-12 10:28:20
77f20080811b9a5074d0209938837cbb,b73183cb490ec16839818660ffc3d832,3,,,2018-05-24 00:00:00,2018-05-26 22:47:52
77f2435215ef818f212bffce84a7e0a3,aeeab8637de633de993bd592471e4cf2,5,,,2018-05-15 00:00:00,2018-05-20 23:07:06
7809e9182263f632c86c4a8264830c06,bcb0343717a9e0265e156e34c25c3dc0,4,,,2017-08-25 00:00:00,2017-08-26 01:53:38
780d2444eecce448ed5c08e4e8837848,2d021148258852ee21ec94ddeb0dbe3a,5,,,2017-04-23 00:00:00,2017-04-25 21:37:02
7814606c0c20edda9ede4887a1488417,e98ca3f29aa70a0cb19f76d286905f03,1,,,2018-04-19 00:00:00,2018-04-24 19:36:00
781bcdbbc5db589febe23c35d294ec94,128e2bcc764e1cf5e4952af2267acef2,5,,,2018-08-16 00:00:00,2018-08-18 23:14:29
782539f5a7bd6276fcd02f722c4e53d2,9b8f3948f0476494b86f7785f7c1e848,5,Pontualidade,"Entregou antes da data em perfeito estado, e veio tudo certinho. Obrigado",2018-08-10 00:00:00,2018-08-11 12:01:44
782be3066f784bbc0a5f4f5256172488,655e65fc77c14d8f715cf7f9684182b2,1,,veio conforme o pedido mais o pós venda não respondeu nenhuma das minhas perguntas,2018-02-16 00:00:00,2018-02-22 18:40:14
783d719a59054752afba387bdadaf9d4,12fd4ba303cb9951f45b3ce9b6ba764b,5,,Recomendo o produto chegou conforme o enunciado. Meu filho amou!,2018-04-11 00:00:00,2018-04-13 11:29:14
784cacadc26024a079605ca72906d7f8,364f451ee38a4268d7c15d317021eb35,2,,,2017-12-19 00:00:00,2017-12-20 11:24:21
78605d222baef19fd793a6fb6bd34c42,9ab17910110e2869d3b5644d2002eb40,5,,muuto rapido a entrega ,2017-12-09 00:00:00,2017-12-12 20:49:50
7878de1ba3384af75c5e260638ec32df,bad46ed77a751d33a1a1b352075c3cdf,4,,,2018-01-31 00:00:00,2018-02-01 12:37:21
788339d70635cde24288ced49bf77864,55cf955cfd4e236d76710709a400f845,5,,Lindo amei...veio tudo certinho...precisa melhorar somente o acompanhamento da entrega online..,2018-04-14 00:00:00,2018-04-16 12:45:37
78869498cf4fa18c659a978c8d2399cb,afa2c425be2efd14c19b4a0aa62f9b59,1,,Não recebi o produto e empresa informa que recebi.,2018-03-24 00:00:00,2018-03-26 18:47:40
788bbd45387e5796158ee6946bb4fc37,25fbf27ebf14d822b62827aeb77d9d10,4,,Ok,2017-04-10 00:00:00,2017-04-10 16:58:43
788e55a14cd1091eb574ce3c04f90ee8,460673777918e7a42a262293341ae7d5,5,,,2018-02-25 00:00:00,2018-02-26 11:48:49
789297e8410caf139434c34f73a879bc,6cbe792e9ab88ffb6579d0b28088a988,2,,,2017-09-12 00:00:00,2017-09-15 14:47:46
78aa5eb106fbf558574691b330ebbf6d,af4b97d45b73e6581a7f25603d503efb,3,,,2018-06-27 00:00:00,2018-06-27 16:31:13
78b60d1794db558c6ae574d04f1e2a77,5d813e90f3a2dcc17b05e3f7fb2d4ce6,5,Ótimo!,"Adorei o produto, tempo de entrega rápido.",2018-05-17 00:00:00,2018-05-21 11:57:12
78b6493a7c9eec4f67ecc192870d22d7,2e76a5ef63f6a5a14ad1de12b201dbd2,5,,,2018-07-03 00:00:00,2018-07-04 00:17:02
78eb2b640be90d331a70daec47af911e,0fb130991a0a1c824371ba3df52881f3,5,,,2017-05-16 00:00:00,2017-05-19 10:16:38
78f2148aa1875aa08ba678b1f32d9b19,f0c8f501afe22bb7a23e3721bcc6221c,5,,,2018-02-17 00:00:00,2018-02-18 11:08:19
78f743672188537413b2e591bf060851,2045198a6e7202ea847fd4816f7dde74,3,Titulo diferente ,"Na discrição do produto aparecia tamanho oficial, ,as quando recebi o xadrez era em tamanho menor. Não se aproximou do tamanho real de um jogo de xadrez oficial.",2018-06-28 00:00:00,2018-07-01 00:39:28
791573167b2b6165649fbfc68e73757a,c3e4094adfa71210e702f8e3f90b5569,3,,"Só encontrei dificuldade de receber este material, pois tive que ir em duas agencias dos correios para conseguir retirar, mesmo tendo pago o frete para receber em minha residencia.",2018-01-04 00:00:00,2018-01-04 20:00:06
791bdff3149617460a9ba5df7653e20a,54369f1e37831273ce26f463ca306881,4,,,2017-12-14 00:00:00,2017-12-15 09:59:24
79219c3c01d27409540747977a18d5a9,932917bf5776b6b41c8184cde607a9bd,5,,,2018-03-24 00:00:00,2018-03-25 23:47:08
7924102b26310ea441554601a4b013ac,2f4011790ff902584d5b011f0e35ff1d,2,,Na foto mostra o kit com 36 canetas e na descrição o com 30. Engana o comprador. ,2018-05-10 00:00:00,2018-05-10 23:16:26
7926433de276b751992fbb72f8f2c209,842b04782c3190ba1cb33fb384592455,4,,,2017-12-05 00:00:00,2017-12-06 01:44:10
79379ce03cbb1ead36114425f5ba3552,7d3ee0bd440416eb22946dad24f7e4c2,5,,,2018-07-14 00:00:00,2018-07-16 00:08:22
797ffb9f76a340e980e50699fb55fb79,e339dedb65f3cb8513ffe6dfa54addae,5,,"Muito satisfeita com o produto, entrega. Recomendo!!",2017-07-12 00:00:00,2017-07-15 03:16:50
799971409aa85a412ad8b1e72afa71bc,231f5faa326e8643dc979ef4dcc9cd31,4,,,2018-08-16 00:00:00,2018-08-18 20:49:12
79a492567d41283fafd648eea27473bd,f8fe8d24cb8a4064a82cd795715643a4,5,,Produto entregue rapidamente e corretamente!! Muito satisfeita com a compra Obrigada!,2018-08-19 00:00:00,2018-08-22 05:27:14
79abd687107c77ae63f7d9f848a74236,300e2dfe7d37393693973f78426a0807,5,,,2017-08-16 00:00:00,2017-08-17 00:54:20
79c0ebe1059e91e04bd88d9e112040e8,457ade8093de88b42998c569334a7864,5,Rápido e confiável.,Loja muito rápida. Porduto exatamente conforme anúncio. ,2018-05-15 00:00:00,2018-05-16 16:06:45
79c747463e470fea4d1d09e29bd9c1e3,e29da678b1634c56e518d57a3354fbaf,5,,,2018-06-19 00:00:00,2018-06-19 16:49:49
79d4336d31cc1a2067dd855d52dd3371,0791c9a8e89bfcc422ab718dd43f2dca,5,,Muito bom confiável,2017-07-12 00:00:00,2017-07-14 02:46:34
79fdcd7ae33e0c5a9d78a66d91db7d2b,5f69f6bf68dce110479aa0bb515b47c8,5,,,2017-12-01 00:00:00,2017-12-01 16:40:16
7a03404f98bb59dc4c1719da32935b88,39a70e9e9b729b11dee34ac12478597f,3,,Achei o produto razoável.,2017-08-23 00:00:00,2017-08-23 23:32:32
7a16c18d643e9e87710d8d7d3e8eab22,9f28bebb21ed4b8984afe68c7ef6e127,3,,,2018-01-26 00:00:00,2018-01-28 15:44:42
7a268c7dc74ba6032d96c9c34f29924c,88fdf07e2e8bcf581835191551224be7,5,,Excelente ,2017-07-15 00:00:00,2017-07-15 23:48:16
7a3d6a17a2adcaaed9cc41ca56dff3c8,e75b1f78d337cb36abc23dfd50d649de,5,excelente,muito bom produto.,2018-05-22 00:00:00,2018-05-26 21:28:44
7a4b6f6cec8d69593cd87c73260b906b,9fcbcb4a0b2d62715ac988b220c621ec,5,,Muito bom chegou até antes do prometido,2018-02-10 00:00:00,2018-02-10 21:12:42
7a5355e5b203670f8c52d4fc2e58dada,4399f0c95ac804e27baf82ea7799b102,5,,fiquei muito satisfeita com o atendimento e a pontualidade do site das lojas lannister. Foi minha primeira compra pelo site e super indico para quem quiser. Pontualidade e atendimento 100%,2017-08-05 00:00:00,2017-08-09 18:28:35
7a5beccd35361db7013579c7ac4ad694,e82323311535cbac6219860ae75532d3,4,,"produto conforme anunciado, entrega na data",2017-12-02 00:00:00,2017-12-04 13:17:12
7a65dcba40c923c720890a889ffd0587,6191c14b9afcc6173831a7275f92c55b,5,,Chegou bem antes do prazo estipulado,2018-02-28 00:00:00,2018-03-01 00:46:23
7a663216503559e5d41ac4b9a552f4d7,4ac2b21645a33938ab26a37096fcd16e,5,,,2018-03-17 00:00:00,2018-03-20 11:32:33
7a861716fa3432d60447e627490b7015,bf941d5fc1bc7b644937b66246ad2150,5,,Maravilhoso adorei o produto ,2017-10-15 01:00:00,2017-10-15 15:04:32
7ab6cb7e0e782b119d8338745f78ea8c,05e19ab996b114339f316bf41b359d52,5,,,2018-05-26 00:00:00,2018-05-27 15:34:22
7ab6df5bdf8f2f35b999da674f9f2123,2463eaec66167230ee0c637e3598e2cd,5,,,2017-09-14 00:00:00,2017-09-19 00:25:29
7abf3ef911ed8ede3a1e3d02e8606221,a85b39b522ebdc78718abeca337444a5,1,não recomendo,"os pendentes vieram descascando, um deles amassado e com o acabamento dourado com defeitos.",2018-07-05 00:00:00,2018-07-09 23:29:22
7ac01d3056a97f64b05d68997a0bba47,30a1f7a69f9dc03ac7bfd48df243ccef,4,,,2018-02-21 00:00:00,2018-02-21 18:35:22
7ac6ae5247b706a7478eb498315976aa,b7224751323afdaf34d3c285bfe72866,4,,"Só recebi o jogo de três lençóis , o outro produto não .",2018-05-13 00:00:00,2018-05-14 20:27:04
7ad95ef30c1ee316a441da6c56b0123b,3a46125908fdacca936ce28a0b4835ea,2,,"Demorou muito, nao prestei atenção na hora da compra, pq sempre me entregam em poucos dias.",2018-02-06 00:00:00,2018-02-07 00:59:59
7ae464061185ed6b318165f0d353d86c,e04d9eacedc0dca9d83c14fcb0d7276c,5,,,2017-02-09 00:00:00,2017-02-10 20:27:39
7ae978f6d6b1ff5057a8314107b209a1,97479dca48e26f93b2d370551d4603c5,5,,,2017-09-19 00:00:00,2017-09-20 13:17:45
7b1508df3adab409eae8397dddfee71c,1c939324bacd87c65d030c7974e38338,5,,Boa,2018-02-20 00:00:00,2018-02-23 00:15:35
7b17c104d5a266bd23cc2367d1223bb6,3f74987a2030cff1cd1829b3c4b8149a,4,,,2018-02-28 00:00:00,2018-02-28 10:53:38
7b2d3a4794961271f9150b21fecfeed0,2964eb001b521cc23017f1c007a6712b,5,,,2018-04-06 00:00:00,2018-04-08 18:42:33
7b392c77b403e9a264bc1e2e9b2a5d09,3b28f0058ea921e275c87efadc8f7c32,5,,Muito bom,2017-08-11 00:00:00,2017-08-11 12:58:08
7b4d2b26b51adf3856eaf04a5ceda932,db3fc84b6b11b4b4c892442161860ca9,5,,,2017-12-19 00:00:00,2017-12-22 14:02:28
7b8249b403f28860eb68d9ec3f5b5556,565073e67c654be3a7e7fe0e10e36629,5,,,2017-06-01 00:00:00,2017-06-02 15:19:55
7b8a95bdff974efa14c9f73ace3a5cd4,50c2a6b25b1df03eff6f7249da47f931,5,,,2017-10-25 00:00:00,2017-10-26 14:01:58
7b8d2fe2b4f3859c107ca46a1d252b6c,9857b5a9423566b75667ef0fb926bd5b,5,Perfeito,"Maior que eu imaginava, uma arte muito bem feita. Super recomendo!",2018-08-21 00:00:00,2018-08-22 20:51:45
7b9c39cc448f58bf36504b5d78f6615a,7c921161980003eac272f619f2fa5776,5,,Chegou antes do prazo. Tá de parabéns. ,2017-08-27 00:00:00,2017-08-27 23:22:42
7b9e04f5698b28d6126de00164f40047,b8145816fba4a277273c08ab21aeb7bb,5,,,2017-03-07 00:00:00,2017-03-10 01:58:27
7bc04489d9557d05906b80917bdd9d4f,d1ee4bc3ffe8a30f23ecc003e76f958f,5,,,2018-03-14 00:00:00,2018-03-16 17:22:05
7bc5e55d0cfe90e29152303ab9810e5f,0893ae2dd572c400965d60fa77f45076,5,,,2018-07-25 00:00:00,2018-07-25 21:08:26
7bcd08bcfc322eb77746b5e299ba436b,f8fa646064b580d92a30a5db627a817a,4,,,2017-03-24 00:00:00,2017-03-25 12:04:09
7be16824df28c8f84b5b778cad6d2757,2a70ce8b5ade3f0195fee5b3afc3bf71,5,,,2017-11-24 00:00:00,2017-11-27 01:28:58
7bfbc96c824b2e36b11bccadf5e76029,28deb75c8cd00d9b37fc3376aca1cc09,5,,,2018-02-24 00:00:00,2018-02-26 21:37:07
7c191f1d1e2d45eebc6b4b45668940b4,0c7ac4325ae837f28df12a94a51cf375,5,,Bom!!,2018-08-22 00:00:00,2018-08-29 01:15:49
7c1ed09efc1b29f8f93add04d312381c,896b228e1623e6b8f20f2b3782750d48,1,Não funciona ,"O mini scanner não esta funcionando, preciso fazer a troca do produto",2018-08-01 00:00:00,2018-08-01 19:12:15
7c68cfbdae1a144e379b60674b4909c0,c8c288995f09b4167f89687f7535c75a,4,,,2018-02-15 00:00:00,2018-02-15 20:06:25
7c698faeca7bcd5e0ca36e31327ddac5,5fe8c7141808af2ac47d98ff8a006ac5,4,,"Itens bons, funcionarão corretamente.
Itens de Boa qualidade.",2018-02-20 00:00:00,2018-04-18 21:33:23
7c69fcbd86399d432e0241dff0224dd5,b12e5d725658a4566286153c51727af2,4,,,2017-05-18 00:00:00,2017-05-19 11:41:51
7c71743ea34297d4dc30876d9e8eaff8,0d0aa4989e49d1acbc9d973bf923b77c,5,,,2017-04-20 00:00:00,2017-04-21 01:20:16
7c72c1ce698ace68e95370a9f154d9e7,3189959300e5acc4558e39ee4026e122,5,,,2018-01-13 00:00:00,2018-01-15 11:27:43
7c77b4bff0f45c3544329ad34f4c2a04,9da95e5b2fd14284851567baca5a43f5,4,,"Veio certinho e não demorou, só a latinha que veio um pouco amassadinha, mas gostei da pigmentação da tinta.",2018-04-14 00:00:00,2018-04-16 15:44:44
7c7837d6ba671987c6b331b512ab48b9,8b0b0bb16bfbee0b827837e8d27e4a35,4,,,2017-07-11 00:00:00,2017-07-11 23:24:38
7c788ff72ed42f56481b6f6829226fb0,d459a5cd21218ae140bbdf31aea15fa0,5,,"Entrega super rapida , menos de 10 dias",2018-04-04 00:00:00,2018-04-04 10:07:17
7c7d0a7bb5f4b7e668c4e00a931ccbf4,0af96849112c968e7764ac7f17e4f9f7,5,,,2017-03-09 00:00:00,2017-03-14 00:30:59
7c7d7e8db86b36c6e811aaf650fb2522,dbb1353a1b37773612291d7e294ec323,5,,,2018-04-07 00:00:00,2018-04-08 02:50:00
7c9fc5ab905aac3830d9edefb42afd32,aff4e35a92033577c37cf3a99f640cd9,5,,,2018-03-30 00:00:00,2018-04-02 12:54:08
7cc4fa53e332ea729a5bc11846d96d21,d248a26c7a58d74a85d6baf93e5bf772,5,,"Produto é muito bem acabado e ficou melhor do que eu esperava.
Recomendo",2018-04-11 00:00:00,2018-04-12 12:39:45
7ce974cec3f17ec1bf49dde6a7e3325e,25c22896dca583d857448141d99ef3ff,3,,,2018-05-03 00:00:00,2018-05-03 22:17:03
7d0c144395f15f0c21ea07c97e2402c8,bdcf9c2f3ef0c55dc1273dd2c507b0f8,5,RECOMENDO!,Produto entregue antes do prazo. Excelente!,2018-08-24 00:00:00,2018-08-26 23:26:31
7d4e464d1216e0b1f7299fc2dab33071,88a63f5cd80c851070a20452bd83d4d7,5,,Melhor loja para se comprar produtos. .Entrega rápida,2017-04-29 00:00:00,2017-04-30 01:18:40
7d607a81ca4671f6f5337064cefec45f,f024323e3c3e4f505cd695bc87a9bee9,5,,"O pendente é bonito, mas não é essa cor da foto. 
Na foto aparenta ser azul claro, e veio azul marinho. Mas veio no prazo e em perfeitas condições. Preguiça de trocar.
Mas é bonito mesmo assim.",2018-01-15 00:00:00,2018-01-15 22:18:23
7d62adee36e3cda2a335d1aaae942bae,41ad2ae32ee66c07ef3b0301ba02ad27,1,,,2017-12-19 00:00:00,2017-12-19 12:07:04
7d82d82215049e274ceda39e3034a18f,676932c5bc4092decfc9c84b4cb34055,4,,,2018-01-11 00:00:00,2018-01-12 12:02:31
7da98e030affc019553e483c3d0b2074,7d962b9178f5ecd3d31dd69811311e65,4,,,2017-10-25 00:00:00,2017-10-25 19:25:05
7dafc90398a4c153de6c374de027cd20,fa2d13f8e78f4d76a375ddac6b2d4337,4,Recomendo,,2018-05-03 00:00:00,2018-07-31 15:27:03
7db2631738c433cc51917db13aa2e747,cefe510f726c2a8d6a5f0a8a515ebf50,1,,Comprei uma capinha transparente e veio uma marmotenta colorida... ridículo..,2017-11-04 00:00:00,2017-11-04 15:33:56
7dc4d6f51e7efb304e89c94e2c1fc99c,bcfd112593a122ae1272e80681e2ac72,1,,,2017-03-30 00:00:00,2017-03-30 22:44:10
7dcca56942b68cd00d97d01c22367f4e,6dcacad3b7f099fe3502426b5abb9cc5,3,,,2018-01-18 00:00:00,2018-01-20 22:25:07
7dccc9fb3614e8aa552d48a2feaaeb26,abd354c184e0394672290b846384b3b3,5,,,2017-06-09 00:00:00,2017-06-12 13:22:14
7de629ef6fc149017444cc5bbfcc990c,65377f2460bd19606a6279134627ca05,5,,,2017-05-04 00:00:00,2017-05-07 14:54:31
7de7f1dd00e213405c9328588fb1660e,edb858219a0b7155ce5b977c044ef9f9,5,,,2018-06-06 00:00:00,2018-06-07 17:41:38
7deee9b9efac063749962e384e4875d6,15e6974ce19cb7d0b8483c30c071dbb5,5,,,2017-12-09 00:00:00,2017-12-11 11:01:19
7e021abb9536b48f66d49bbf8fb2d552,6e0b92bf7f849a26ecbd65716cf5d610,5,,,2017-08-29 00:00:00,2017-08-31 23:00:17
7e079a95f43c3aa9d8ddb23024a3c94a,52a5a288dcbb4561e2c2354115357b5c,3,,,2018-04-03 00:00:00,2018-04-06 02:32:04
7e09b890e890ac5671ff64d6bb105044,6e60f42eb32450c23ec4595056312745,1,,,2017-09-05 00:00:00,2017-09-16 13:42:53
7e20471d71eb0ab0d795d8b15ec5f0cf,1e73093ee708ed2b782f359056925208,4,,,2017-08-19 00:00:00,2017-08-21 12:53:12
7e232da31de410aa1da69c01cdc19b14,ea1746bab086c3edea7d06f8cc510bb2,5,,,2017-11-01 00:00:00,2017-11-01 19:58:10
7e51c2194cf17e6905b07959c4af1180,12e5a909c18964acada1ce9a760d9afe,1,,"Sinplesmente não atualizaram a pagina e eu comprei uma coisa que nunca iria chegar e esperei 10 dias a toa , loja horrível!",2017-04-15 00:00:00,2017-04-15 05:01:12
7e7a35821013735db8dbc91358d5a228,8ae758e9dfba42257dd89e48380b3d1e,1,Péssima compra ,O produto ainda não foi entregue e já passou do prazo.,2018-05-18 00:00:00,2018-05-20 10:39:27
7e90c125979edd292fe0dd840d9ef381,c6f02030f6bc633b8073c50178eb2833,5,Ótimo ,Entrega mega rápida.,2018-07-05 00:00:00,2018-07-05 23:22:51
7ea08db468643c2305022ee1b8f842d3,785e5848b43e60ee92f14e0e20dca105,5,,perfeito!,2018-03-29 00:00:00,2018-04-02 12:38:33
7ea0c350571c9a17353532918ae75584,8ec34abb2dfd64e47f9336f3b6cab510,3,,,2018-04-26 00:00:00,2018-04-26 21:06:49
7ea0f326fc7eb0ef1a26f764bb19a121,852586974b34f22595f8bcc918b48040,4,,,2017-10-25 00:00:00,2017-10-25 21:52:38
7eb479aab8c9934b16999ff1715260c0,d07f143b702491d2a1cd6ed093f2cdee,4,,,2018-02-24 00:00:00,2018-02-25 15:22:49
7eb713e33c896a3ffbd7b498316fb2c8,666e488ce51569ca13755283bce0e7f0,1,,,2018-05-11 00:00:00,2018-05-11 18:03:30
7ee0b28d45ccec1de14578bece79af0d,628111ec0fcace16f3112336b1138aef,1,Falta de compromisso,"Solicito o estorno do pagamento no cartão de crédito,pela falta de entrega do produto.",2018-08-04 00:00:00,2018-08-04 12:12:17
7ee84751da4a13a842292d0a92c85c19,78dec59f50d90e8c0cb22eff4dac7b07,5,,"Recebi o produto bem antes do prazo para entrega informado no ato da compra, Ameiii !!!!!
",2017-08-29 00:00:00,2017-08-30 10:44:00
7eeaa7983456c7132e5b505caf253f41,a7c2931e0d164883a0792bdbb8240381,1,Não recebi o produto ,Paguei o produto é não recebi. ,2018-04-28 00:00:00,2018-05-04 13:23:43
7eeb2cbff212e6c311994d274bc1a149,49bab3f94ce298f6fde6208f426978b4,5,,"Entrega rápida, bom produto. Conforme anúncio",2018-03-03 00:00:00,2018-03-06 12:41:39
7efd0da7b564605ca1086b99012dc058,1c2f3eb4c18b1e3ca9439f2824205429,5,,PRODUTO perfeito... Detalhe entrega antes da data... Obrigado,2018-03-10 00:00:00,2018-03-10 21:49:21
7f15b0441b1a17a878e03b5e268678f8,b6c8f27c95a4bcee39ea806f4e059ce9,5,,super recomendo produtos maravilhoso,2018-01-09 00:00:00,2018-01-12 10:15:43
7f3cb973b5642c0133ab0216040f5402,3b694fa216b9963c2df0ad993a355551,3,,,2018-04-13 00:00:00,2018-04-20 15:33:04
7f3e632d72f36aeeb2fe96ea67f0a6c0,abd0736f947aa672d9254ad3cfaca4ff,5,,Sim muito bom,2017-07-19 00:00:00,2017-07-19 23:28:04
7f67b09ec4cc25a522884b02905cf9aa,7b75f8f560e99f2ae0446d1369bf2ebf,5,,Muito bom ,2018-01-13 00:00:00,2018-01-14 18:05:14
7f69ba7d1ef012328a81ce49daf53342,8d642f469cded3eccfec417ffabc7141,4,,,2017-06-04 00:00:00,2017-06-05 03:52:10
7f6db6f1aa484a1f5e467ac4404bb324,8ef25ada03b56cd00e4021ea5b98f58e,1,,Dei nota baixa pois sao dois pedidos e o outro do aparelho celular veio faltando 1 e até agora não recebi 😡,2017-10-31 00:00:00,2017-11-03 01:01:03
7f739b82a08d62b5d1caba5f946712b5,c1e0ca05590ed1c16d7aaa4c96fdced6,4,,,2018-03-29 00:00:00,2018-04-02 12:59:56
7f786ae0a99e0a5b5b11f33a1bb441a9,fd4bcae925b879102eb780d2bfc495a8,5,,Veio tudo direitinho. ,2017-10-20 00:00:00,2017-10-23 16:02:52
7f88572b1b1cd27bedc3ee707cb69712,6d785f644bb980fb780ae00dcac90210,1,,"Fragancia muito fraca, produto aparenta ser falsificado.",2018-03-29 00:00:00,2018-03-29 17:13:47
7f90592b83529987ba53499eedac7441,5642f00882c2ab59e001778dc483135f,1,,,2018-03-09 00:00:00,2018-03-10 21:34:46
7fb8d3a478e8ae07546885b5888225cc,6d1832bd42dccbd91d1ce32da7f54492,5,,,2018-07-05 00:00:00,2018-07-09 19:50:28
7fbb8e9c6d237e733fe242d10169d673,4bd99e53cba81bfc30dea95659b864e7,3,Led queimados,Um relógio veio com alguns leds queimados.,2018-04-27 00:00:00,2018-04-27 22:08:54
7fbfdd0bc25c10518e05e2080a16d198,c124b224a2727ecb4e7c9a378a936d0d,5,,,2018-08-16 00:00:00,2018-08-18 08:55:26
7fc6a5c83b1bf07270f919b284bc70a2,ef8ab3e652b44dfe541199dc0b9f5d09,3,,"Não tem como avaliar nem o produto e nem a entrega, além do problema ser em parte dos correios.",2018-03-24 00:00:00,2018-03-24 16:06:17
7fc9322b4aa0f81bbb91030fb2a81d03,e6ba7ef3fa398a176291132b06cd519e,5,,Produto entregue 1 dia após a emissão da nota fiscal.,2017-02-11 00:00:00,2017-02-14 10:39:13
7fd1a61c5fa6dac0f653a21cf926ea47,e7ce9b9f4c61af74340791cc36964dd8,5,,,2018-03-10 00:00:00,2018-03-12 12:18:37
7fda844923c715fed499ec4b7647c5e9,5e73c84a4d8bfcb7f5f1aca946e843c7,4,,"Recomendo, produto entregue antes do prazo.",2017-07-30 00:00:00,2017-07-31 10:48:36
7fdfd6ad50849fe1435d51b8ffa8e4b2,319bc82f24defe9aea4274a6bded23ab,5,,Produto de ótima qualidade e entrega dentro do prazo,2017-11-24 00:00:00,2017-11-24 18:08:03
7ff02a61c340c864ca6c4fb11e0675b9,014fc889637133d9075190ba873dfc03,1,,Bom comprei uma capinha Sony xa1 e veio xa1 ultra a película também veio errado,2018-01-25 00:00:00,2018-01-30 19:13:26
7ff4937802584f66e8b3f357619189ee,a9884879d65dd954426915174ac439ad,5,,,2018-03-03 00:00:00,2018-03-05 12:25:43
801b9adf8fa02950a0bcca24df99f4c1,ef30a80a52425b419de68e25624a8a9e,5,,,2017-12-14 00:00:00,2017-12-15 09:04:59
802abc7bc87698608ece13a13ff39651,747c10818501d15381c0718ba37eb2da,5,,"gosto, muito!",2017-02-26 00:00:00,2017-02-27 13:36:52
802f65a525c31a96e88ec98e6eae54eb,f1f77c2644fb432824a8e7183f325b11,4,,,2018-03-23 00:00:00,2018-03-25 19:22:58
803eef7fdde05c740ee1fa258d7c9ae9,9c0bb2c7680b4f084fc874b19722fc88,5,,Um produto de excelente qualidade. ,2017-03-17 00:00:00,2017-03-20 11:36:22
803fe5766e3a3289ebffddf046c01909,fc7638aa60943d049d9b5811c587226e,4,,,2018-04-10 00:00:00,2018-04-13 00:46:24
805735495a9d411f76adb1026c4541ce,f93bdede82a36c75fddda9a509f2298b,1,,Ruim,2018-03-24 00:00:00,2018-04-10 12:45:25
805bc207431cc9623c2394a012dc2d00,8f4af5bc8345e13d9b92eb4d75aec7d1,5,,,2017-08-02 00:00:00,2017-08-02 23:37:36
8072cfe28153e27e3d7c2e30d78c1886,91244521aad278a4f697dfd15d31287b,5,,,2017-05-16 00:00:00,2017-05-24 13:16:27
808889732b979df26123e977022ca6d5,d051c76aaab0eca195d53f6c3411793e,1,,"Fiz o pedido e decidi cancelar em seguida devido aos comentários. Recebi um e-mail da lannister confirmando o cancelamento, porem a empresa continuou com o processo de envio. ",2018-04-19 00:00:00,2018-04-19 19:31:34
80b144f7e517e35ef0115431e0def3f7,21bdc97768bc2e7a3e428d0ede7deb85,5,,,2018-04-07 00:00:00,2018-04-07 09:37:57
80c9404ffc1349b2ec7047522f9ca2de,de6ea8b619d37e5f86f1566fb3136a15,5,,,2017-11-10 00:00:00,2017-11-10 14:36:31
8108653554af7920893a396f3ba33368,da2aeb448f7a4f8604a2d56cc3b2e02f,5,,,2017-12-23 00:00:00,2017-12-24 10:33:51
8111e0c092a1af3beafc471428786b79,099be5827a2f9692b1c1ad111affc9d1,1,,"O Produto não foi entregue.
Foi necessário retirar em uma agência dos correios.
Aliás, o produto é de baixa qualidade.
Sem embalagem...apenas um saco plástico para envolver esse ""pseudo relógio""",2017-09-14 00:00:00,2017-09-19 05:30:25
81167f7b449895d1bdbfe110bbfbb8d8,251fe947dc87c3ac12965b12bd34f160,5,,Chegou antes do prazo... amei,2018-05-17 00:00:00,2018-05-20 13:58:49
811a4673cc44a9367e56aaa7a236155a,20a0f3d89273ba4b9525ba497e2821e8,4,10,"Obrigada amei 
Chego antes d prazo 
",2018-08-15 00:00:00,2018-08-16 00:49:42
81205e1dd8fda4291c6e857e849007aa,534a285e4e770b1bfbb710c8d45ea5b7,4,,,2018-06-22 00:00:00,2018-06-23 12:31:30
812a620f03fcf1ce62d49c186871be64,5186d475bd6d5839473d5a6b8669638b,1,,Recebi o produto errado,2018-01-25 00:00:00,2018-01-25 23:55:20
814ba4c8bf8477bc6449f4d89d37f57c,8bd234ce8ee3bfc5da0cf859cd80e414,3,,Não recebi a bateria. Será que foi extraviada? No status do baratheon está como que foi entregue. Mas não foi até o momento.,2017-05-17 00:00:00,2017-05-18 12:52:44
816558a005704af769db4d4391ea4058,736a8a3d8b9cde5dd9b1f985fc523c0e,3,,,2017-05-23 00:00:00,2017-05-24 00:04:09
8166534eb1e0ece55817b9fee81c92e2,e4309eeca1cfe3c6df5a187c38817a5c,1,Não recebi ,Não recebi o produto portanto nao posso avaliar ainda,2018-07-05 00:00:00,2018-07-05 09:27:03
81669c0e77ec52a88c027a1f91d03a46,fc84e4c7eef7e91a7cd081a2f273f5b8,1,,"A entrega não está completa, Falta um pneu, por enquanto a avaliação é esta ",2017-10-24 00:00:00,2017-10-24 23:39:11
8168428564decab232ac025b94512cf9,73c67371d275029330214fcd2b439fcd,5,,"Veio tudo certinho
Muito satisfeita com o produto",2018-07-10 00:00:00,2018-07-14 18:32:24
816951f669ccc0dce90b7ab09fad82ae,2cc93fd6f68e6cfcb968814de8a14296,4,,"Tive problema que foi resolvido.
Fiz a compra tentei cancelar pro várias vezes, porém o produto foi enviado, devolvi, e fizeram o estorno.
A comunicação com o vendedor deveria ser melhorada.",2017-10-29 00:00:00,2017-10-29 10:49:03
817b4c93b3cbe36a336891d665e37809,69f8ac735b4a0bbbcdbe4a87e9041a21,5,Óóótima! Amei!??,,2018-08-24 00:00:00,2018-08-27 19:27:24
81843574b6416b68647e27a7e6e4e1e8,adf119c06ea77cd7d347b943780c37de,1,Não gostei,"O produto foi entregue, mas a cor é diferente, é manchado! Parece que jogaram água sanitária. Não é harmônica a cor. ",2018-06-26 00:00:00,2018-06-27 01:22:45
8184cb278ee36cba366dbb77632e1ecb,d0a1df38173b0296c8cfb65fd0e1e361,5,Bom,Apesar de terem me enviado um matizador de uma outra .gostei do produto ! pedir da marca mairibel me enviaram da hidracollor mas como eu tinha tirado o lacre antes de conferi o produto deixei pra lá .,2018-05-20 00:00:00,2018-05-21 03:32:32
8186bdc146b4f2d9b977c12a9df0fccd,31c8528678f80f4491b0e2634ae8940e,2,Não chegou o produto,"Atraso na entrega(a qual já possuía um prazo mais do que suficiente), logo não consigo avaliá-lo positivamente, muito menos opinar a favor da transportadora.",2018-05-17 00:00:00,2018-05-17 12:42:12
818da5f0e89be84a2158909862d228ec,49e809b11c0445fb0229f28378d3d30d,4,,"Entrega rápida, bom produto é fácil montagem.",2017-08-01 00:00:00,2017-08-02 02:32:24
81918db81d583848ffce39a93fc44e40,af533a27d10b603c1d46186437ed4896,4,,,2017-05-16 00:00:00,2017-05-18 23:23:14
819e81a9517787c76bf3bbad51959338,c87d92d5c64c70c79d7cadac8d53ee3a,5,,,2018-08-28 00:00:00,2018-09-04 19:30:45
81a57c09af35f9736f760b6ae16af118,167d05678f810589a854d30460ae62f0,1,,"Demora, produto nao entregue!",2018-03-07 00:00:00,2018-03-07 15:26:21
81b3d45fd350ffd436d8efdfd8e18866,d55cd104a6a05987a3b55d39c0e77995,1,,"Há tempo estou entrando em contato com a lannister para informas que o status do produto é o mesmo desde do dia 02/12, eles pediram para aguardar a previsão , que seria 27/12. Continuo sem o produto",2017-12-29 00:00:00,2017-12-29 11:20:17
81b4c0150f0f3b099b23e2362123f97e,bc1e260c14566150f353c716e61215e4,1,,"Comprei dois lençóis e recebi uma caixa com apenas um, sem explicação ou comunicado. Para piorar o stark não disponibiliza canais de comunicação p resolver esses casos. Só avaliação ou e-mail. :(",2018-03-03 00:00:00,2018-03-04 14:33:24
81d85b558ec3fd3f505fd73df1bd3e56,60c6ad4cefc764d607e14ca66de81444,4,,,2018-03-10 00:00:00,2018-03-11 02:17:45
81ebcaca75dfb45cd9aa656c6aa9f0b3,c1965eaf39451fdf97e27cb13e5f401e,5,,,2017-11-23 00:00:00,2017-11-25 19:17:29
81f072455786d33de5a41ea4abda1466,57638520434d4c12b81d532ad9bf2f1f,1,,"comprei um jogo de toalha e um jogo de cama ; só veio o jogo de cama, sendo que os dois segundo o e-mail que me mandaram, foram enviados juntos, com o mesmo código de rastreamento; ",2018-03-03 00:00:00,2018-03-05 10:27:05
81fce9c83e6646fff1a02c4f18bada5b,2921ebd304831878ac888644314d424d,1,,"Mando emai mais ninguém me responde, não recebi meus produtos. Eu quero meu dinheiro de volta.",2018-08-17 00:00:00,2018-08-19 04:52:19
820e87df5a935ff5805f67624b427ac3,7b1e7ecf29040bd9581a1577a522548d,5,Produto não especificplás,Quero devolver o produto e comprar outra cortina de tecido,2018-05-03 00:00:00,2018-05-04 00:57:05
821208427e078b0bae747756fb0a1709,50f6dc29061cc84a0517e8c487314855,5,,Maravilhoso ,2017-07-08 00:00:00,2017-07-10 23:23:22
821bae3ca898cef32e2008d57e50fe10,06b491ece3a9bd260341c1ad36870e8b,5,,muito bom,2017-06-13 00:00:00,2017-06-14 23:01:16
822cb6651c630ae54b659eaee73a5351,5e524bb81ff2ff0d50ebd32cb30c04e4,5,,Entrega no prazo!!! Obrigada,2017-12-21 00:00:00,2017-12-22 11:14:32
824f4f7f59dc6e0801b5fbe8ac968941,38c69a1ea85be350abf04516e9527573,4,Ótimo ,Saindo tudo certinho antes do prazo previsto,2018-06-09 00:00:00,2018-06-10 12:02:59
8262ae27cc3f1cbe1fb5606699fbe081,9d83ef2eae9001ced10bfc373722a184,5,,,2017-10-03 00:00:00,2017-10-04 03:35:42
826a0715b02db901d9ef4a4201c6df60,0ffc72fbf456655a67de48c1bd094594,5,,,2018-01-04 00:00:00,2018-01-06 02:21:24
8274a7723f2ac50c61850e78daa3befb,a3c299fda1b92fa41de80b43ecc70ddd,5,,,2018-08-17 00:00:00,2018-08-17 21:38:18
82785cb60f7ba996604b08bd332d2857,dc30763d1665f5167ab925fbb51202f9,5,,,2018-06-27 00:00:00,2018-06-28 12:23:24
827b232f128434f88857a9686c2e0061,f32297601abbfbf31af1384e85636bac,5,,,2018-08-01 00:00:00,2018-08-01 17:57:51
827c6a35c54b6088fb10b6d6192bde82,7d2e63c38de7969859ec3eee027b043f,5,,,2018-08-04 00:00:00,2018-08-04 23:42:52
8291474bd339646654c7e1e0ebcb969b,b2634f19a1007fd4a54a9fed9291230c,5,,,2018-02-10 00:00:00,2018-02-11 00:45:32
829ca530e0680e4467603722c2c3e221,3e153abd068ad6638364a06df17cdc5d,5,Recomendo,"Produto chegou antes do prazo previsto, bem embalado, relógio muito bonito.",2018-05-23 00:00:00,2018-05-23 11:18:11
82acfa2a545d12b6b889550491eff64e,dabe75dc242585e529fea2c265e70da3,5,,,2017-07-15 00:00:00,2017-07-21 18:43:27
82af8c27b2d94168707a396872ac0d40,3ccb8870c169b9a65a6ce1b3736c49a5,5,,,2018-01-09 00:00:00,2018-01-10 20:43:23
82b9e9ee1baa07109a8a67c43be58302,63d44f6f75e4ac6761afb732931751c0,5,,,2018-08-24 00:00:00,2018-08-27 14:10:41
82ce8cfa0dd0f8c63f48ba62570a8a64,ebc45391c3d191ea75a52f6e2201d311,5,,,2018-07-11 00:00:00,2018-07-11 21:43:13
82e124f68c09d3617ed0136837511c56,bb903af0ad020f23de12114a1c74a2aa,5,,,2017-05-23 00:00:00,2017-05-24 01:26:03
82f759d6f115173c75b6409532144ee8,699c2650a2382b850eadb96176fcc3ee,5,,,2018-03-02 00:00:00,2018-03-03 00:21:57
832225cbd4f9de507c89f5576457ed10,5bb67bb01ea5cb177b047ffe340c5c3e,3,,,2018-07-27 00:00:00,2018-07-29 19:53:56
83405345a74c19f62dd3a396dd8e1f93,98a9159e1817e774888c9252f23283e6,4,,,2018-08-18 00:00:00,2018-08-19 02:25:12
834ab6c7caad9ad23f7130010008f992,7575f0c5a89cdb0c577224d9efde0266,5,,,2017-07-20 00:00:00,2017-07-23 11:04:12
834ddafcc5ec95d7b47bd8787f8bd01f,1b8d897de53143a7b639d4870e6e3cdf,1,,Comprei dois produtos iguais e so me entregaram um. Ainda estou no aguardo da entrega do segundo que nao venho.,2017-07-21 00:00:00,2017-07-24 17:09:21
83668a6b7a0ebe142853f6e2c22c131a,1a68123d36b3a96ebeb710db015da2e3,5,,,2017-09-05 00:00:00,2017-09-11 07:06:56
836b2d2f8562a68853211691345f39de,babcb908e411ea7b016add4ba7928922,5,,,2018-05-25 00:00:00,2018-05-28 14:56:05
83760072a5bdffbbcd74c70693010449,bac4595733cd0e89158cb02bebbf6352,4,,,2018-04-19 00:00:00,2018-04-19 21:51:32
838e8b6a83214bde89a46a2726f7debb,aec9735c10ae64b07f60d33908e5b58a,5,,"Parabéns ao stark, produto entregue bem antes do prazo previsto, estou muito satisfeito.",2017-11-25 00:00:00,2017-11-27 10:18:34
83ab21ebc3aabfb5a375bf5c61ce778a,5dbbced030c8556f919a3b392a589b7e,5,,,2017-11-26 00:00:00,2017-12-04 09:15:26
83ad0cef2177f8bf62795f3f98b9e878,d2d558357a6c69ca47cc4eca7571f593,5,,,2017-06-17 00:00:00,2017-06-19 23:39:06
83cfe860021f43522e584d1ac2ba09b4,edc852e0d271566f7923b10c089c30ec,2,,,2018-08-14 00:00:00,2018-08-18 21:43:17
83d450502e14d5b86bb51ba7b6532864,45af143724bdd26ce96b34fbb2d98f0c,5,,Chegou no prazo e achei excelente o produto,2017-11-01 00:00:00,2017-11-03 14:39:27
83e6f9e063b42df8108055d31402dd0f,030475e22d114f70be1a265fee326192,5,super recomendado,ainda não testei se realmente graça em couro. finalidade pelo qual foi comprado. mas creio que não vou ter problema por isso já antecipo que esta tudo ótimo começando pela entrega bem antes ,2018-04-27 00:00:00,2018-04-29 00:21:22
83f16a2ae96ed322208af6377d40e082,7cf743c2c2f5595bf3780b5b379cbab5,5,,,2018-04-19 00:00:00,2018-04-19 22:09:36
83f8c39e7592823c8beb9f0a62bb1d55,560c623fdd94c3bbcdb7e9f7b130cdf5,3,ótimo ,,2018-08-24 00:00:00,2018-08-25 10:34:46
83fa5db7fbfca92507364fe42930ad62,f03ff8d4dd01b31194926029790475f4,5,,,2017-08-31 00:00:00,2017-09-04 12:13:56
8404579e5369d5ed471d75af4d2bd23c,fafd2c21c936debfbe975488ded4667a,4,,,2018-01-23 00:00:00,2018-01-26 00:07:50
8406fa0ead1cf1d19718c4eab131e2c9,4969de35fd774f0dc8cdb13b069135df,1,,Comprei 03 unidades de cortina rolo e foi entregue apena 02 unidades. Já entrei em contato com a loja e ainda não obtive resposta,2017-12-07 00:00:00,2017-12-08 10:08:35
84073adb0f90f39f98172988efc809e2,e4cf3be0bfaec7868f5c8ac4f977f997,3,,,2017-09-26 00:00:00,2017-09-28 00:37:34
8409d68d3635df372440875e8d668226,68a9fce416cc56ce2950c32b7e70138e,5,,,2017-11-28 00:00:00,2017-11-28 23:48:35
842d366e15cd846b208f845a97534b44,ad9c035288b84041ed2c530e8e09db8e,4,,,2017-10-25 00:00:00,2017-10-26 01:30:53
8436f5e27c2a734354755e884f5f728f,7622da48f027d5659a0d7b0a43597354,1,,,2017-07-23 00:00:00,2018-04-03 22:36:51
84427c29e55d3b041ccad6a3eeb3078b,adf7dde7efb2d3ce93a32ba439bce856,1,,"Realizei o pedido e pagamento de um pendente meia lua amarelo e do kit de 4 arandelas.
No entanto o pendente não veio, e preciso urgente, alias comprei justamente pelo prazo de entrega.",2017-11-28 00:00:00,2017-11-29 21:22:20
84467f1766775ba4c14fc25b3ca67905,b63fff1ef8b6201df68bb611ee41129e,4,,"A crítica é à entrega, pois por se tratar dos Correios tiveram 3 vezes aqui em casa, sendo que? eu não estava em nenhuma das três, e não me deram a possibilidade de agendar o horário, tive q ir buscar",2017-05-03 00:00:00,2017-05-03 21:06:33
844b9dafc2f7f6b3c2446a76387d836f,7cd7446904e8e1b7bf7ca80444f1dffa,5,,,2017-09-02 00:00:00,2017-09-04 20:28:09
84a12a896e1c5d262199f6316e410a2f,3c2988b42a58560a3f8f467ddef9eebb,5,,,2018-04-13 00:00:00,2018-04-15 03:23:26
84b683a6aaf389211281d1576ed7b8e4,a1406509a4e81343f4c669ae236fd01c,4,,,2018-03-16 00:00:00,2018-03-17 09:33:16
84b92ba8ae888f66db03f7e5ab7c95c3,5d1c0dcecd1bdd50fb9edd53d2680184,4,,,2017-11-21 00:00:00,2017-11-22 10:16:30
85076005d2cab48706d716be5cc8ef35,3a0b207c999d48a7385a3ec9ceb251fe,5,,,2017-03-14 00:00:00,2017-03-15 20:22:16
85106266c44a3350d73ddab020728900,c36b97b242c0409d5f536b647b56256e,3,,,2018-03-18 00:00:00,2018-03-18 19:38:44
8517524b3bd5bff8c6ed37fd182267df,8533051a3ddfba857f39aa28d5b7a8f1,5,Bom,Como eu faço para troxar o meu produto. Não é o modelo certo que veio.,2018-06-11 00:00:00,2018-06-14 11:58:59
8518a4b60f9418149d14c9f4b1ea66b0,8385aedfa19a31e7d4871586bd47de2c,5,,,2018-01-27 00:00:00,2018-01-28 01:08:43
852f7bbefaebd9fb27e4e9afed85803a,2c7e5cbdab3bc1cc70b61425a7648ff1,5,,,2018-01-04 00:00:00,2018-01-04 20:25:37
853819599f18f41524b2dfdad56fdd7d,43eb55273f90173602132799e81d95e2,3,Bom,,2018-08-24 00:00:00,2018-08-28 13:19:47
8539c1a3bd6cd4b11ec369444dcf41f5,803d9be249d7c523418ceffa07d99724,1,ENTREGA," Não entregam na residência, o produto fica na agência dos correios.
 Os atendentes do Fale Conosco são péssimos, falam qualquer coisa e encerram o assunto sem solução!
",2018-06-20 00:00:00,2018-07-05 18:58:45
85438fb5740652d15616912936e0bf1b,0d922ec2be9bd5e75e225b6bacfdc4d6,4,Boa,Bom produto e rápida entrega. Satisfeito.,2018-07-14 00:00:00,2018-07-14 15:33:13
8564d76c3b41391a40be796a863f459d,b4a53c6fa9bc78adf59983a160f5470f,5,,Gostei muito,2018-05-30 00:00:00,2018-05-31 10:41:00
85663a4a15dbd65543f0ba2311421aee,56f1d06ce4c0cf8a60c9d1af768f39de,2,recomendo,"o meu pedido estava para ser entregue até 15/08/2018, mas até agora não recebi.",2018-08-17 00:00:00,2018-08-17 18:16:14
856f1a5df9dae745dee1770e564e0c20,8ee4362f8dfc794ac7cb9b309b4a87b3,4,,,2017-09-10 00:00:00,2017-09-11 12:16:04
85709b0855f76ccd56d05f308719fc4a,bff8a4fd45acacd3f3390aed67ed8e91,1,,,2017-05-05 00:00:00,2017-05-05 05:12:28
857b8808c004b41fe850ccd64a22117b,7263db988c07c61845869e0708739119,4,,,2017-08-01 00:00:00,2017-08-05 20:23:37
85954e3ec41c109b4e85935a728a3654,5ffef190f82ef1609e36ce56abdde5e9,5,,,2017-10-18 00:00:00,2017-10-19 14:06:55
85a48a61085433ef3f98efe4ce7a07a2,b399edffb45924aa34e06ccfab7513bf,5,,"Então... Fiquei surpresa em receber a mercadoria antes do prazo previsto para entrega.
Estou muito satisfeita com os serviços prestados.",2017-11-25 00:00:00,2017-11-26 08:28:29
85aec12917d89d87ae7fbb400c194c86,d8d0488eb1aa33a391551c5bbe00e93f,5,,,2017-05-05 00:00:00,2017-05-06 05:01:51
85b9a7b2009b749ead6a9e72a51ff051,86309254ed4a0698cf9b97e5d28637df,3,,Acho que a entrega poderia ser mais rapida,2017-12-19 00:00:00,2017-12-21 15:41:05
85c278706650e9ba1fd1fb84f93536a6,ebb615f4359b27e961316b3959532f6c,5,,,2018-08-01 00:00:00,2018-08-01 21:20:08
85cb5835b51abc9e3f0bb85ed4a8340f,c60c1ff560443153d7f50771e5fe9b92,1,,O rastreio do correio disse que o produto saiu do PR mas não chegou ao ES. Já reclamei por email mas não tive resposta. Já se passaram 12 dias do prazo de entrega e ainda nenhum retorno.,2018-03-21 00:00:00,2018-03-28 18:37:41
85cf56133a8e9f40a876f43054f0f3cd,bbeb3a35e986d6a0f87217b567c99cd0,5,,,2018-04-24 00:00:00,2018-04-24 19:54:45
85d43dd2cbe9ebd9ef3a87778bc6a058,623125bebed45c5fb349862e0913dcf7,4,,,2018-03-07 00:00:00,2018-03-07 09:43:58
86051a2b5cb3494e9c5de5a4ca34a875,6d9da1dcc8d05c588e4ea617d0fe9465,4,,bom.,2018-08-15 00:00:00,2018-08-16 14:52:52
860c419b84ba0935e5bda31304373a3b,15bc19aabe8d08cb8e00f86c31f85682,5,,Produto maravilhoso...recomendo,2018-03-24 00:00:00,2018-03-25 15:50:05
860ccb80096fcdb3b645f51e6c3fe904,4becfda49755e3759f3bef6ebb43e88d,5,,,2018-06-08 00:00:00,2018-06-10 21:51:53
860f30b8604aae49d7df4145f09bd2b1,a8b78b69f09b2a198f5a89c1897f8c72,1,,Solicitei cancelamento da compra. Prazo de entrega muito demorado,2018-03-15 00:00:00,2018-03-15 08:54:55
861dd4bbf127de3cc6962a52901680b6,ca61d72c0b9e1072b94af79bac8ff610,3,,"O produto não é tão macio, é bem fino mais muito bonito",2018-04-11 00:00:00,2018-04-12 12:49:06
86256e6ddb2e7655f62983e30f3683f1,a5dfe2f94a7c8cb55a435a6ed9fc2c12,5,,Parabéns ,2017-05-16 00:00:00,2017-05-19 16:54:09
863a0af2173345c34969675eecfc6194,70cd45f4715c8840b197efee2b9d533c,5,,,2017-12-01 00:00:00,2017-12-04 01:19:29
863a4dd813724d32cb4153c04e80f885,61a9adbc73db5e5c33e5d6d528f8846e,4,,s,2017-08-02 00:00:00,2017-08-03 11:25:41
863ae91a5e641fa070dfed4ada12f877,b75531d67f9616e9012cea103a187c8c,4,,,2017-03-24 00:00:00,2017-03-24 21:59:19
866372f8627d3359eebb3856c30646c2,e7336e1648bf13ca6664c8568363dbb3,4,,"O som é baixo, mas atende minhas necessidades.",2018-03-06 00:00:00,2018-03-07 02:14:29
8668dc5d02f1a4d15920adc2a81c3334,eecc2228a558c977d240693c7adf6dc2,1,,"RECEBI O PRODUTO ERRADO, SOLICITO A TROCA",2018-03-24 00:00:00,2018-03-26 14:36:08
866c68da9f3ddb2416428ca769ac756a,298ee6136c29ce0b78bb3cc68591404a,4,,,2017-05-07 00:00:00,2017-05-08 11:53:17
86788dd2f0472ea4fbbcbe0daf10e267,f014aa85d8f495d824d120e9035faacb,4,,,2018-04-12 00:00:00,2018-04-14 20:59:33
867cde0a72bc79d8f2d76528520d5fbe,f18209d8f562e6e43f73013f3e9aa40c,3,Entrega ok produto errado,"Adquiri a cortina pois gostei dos detalhes e preço e preço, mas a cortina chegou com a cor muito diferente da imagem, e sem os detalhes. Apesar de ser bonita, não a instalei, e não sei se vou ficar. ",2018-05-03 00:00:00,2018-05-06 01:05:05
867d3df0fdd3c722b9f046c728e105a2,2502fdbda37b0748046e3b6c9d33e7ea,1,,Película muito ruim celular Mem funcionou a tela com ela ,2018-04-28 00:00:00,2018-04-29 21:41:45
8683251f66a10616f9ada370f4114a4a,343c609ca3ddf3294e1e2d54ce6d9a76,5,,,2018-02-02 00:00:00,2018-02-02 23:37:02
86944c88482c998823f2e20c6b55d16c,5e799230fac44bd261f49b46edad3213,5,,Comprei várias vezes na americana fui bem atendido.,2018-03-07 00:00:00,2018-03-08 03:28:52
86b8bde137a30b4b34e00a427d0c9b6d,dd7466999a78895066f04b645789deb3,4,,,2017-11-01 00:00:00,2017-11-03 11:26:33
86bd2ef1c20c7f2cfde9fc9cc41ea380,e117ced88985de310c55a4f417b2028d,5,,,2017-12-05 00:00:00,2017-12-07 19:11:36
86cc78425d246545d0ae9e72fef89a9b,0a0185b8b72cbf2290c3e4218300a61c,5,,100% algodão de qualidade,2017-03-25 00:00:00,2017-03-25 21:08:25
86cc9fcde56bd6cb5fe69636a9743dd9,7463f829999f41a9eea1e98f4e52b48d,5,,,2017-10-19 00:00:00,2017-10-21 14:29:04
86cdf020d2ec0daeab2bf8dc0d22807b,f614b00ec28e93d421101c1a27369277,5,,,2017-08-22 00:00:00,2017-08-23 10:55:07
86dc69fa4a3fc65f9824cf208ff0f6b9,97629524819bce0eba7d519f19af5810,4,,,2017-07-21 00:00:00,2017-07-23 15:53:50
86e66e69e835c10d5e2c6b5a79bafe90,6f678401da533b025aedf90ee59ab1d6,5,,,2017-10-24 00:00:00,2017-10-24 23:28:52
86f40a5f9f9854e5fe2a19850b681987,4cda214be361d0c1d78e4beaac96496b,4,,"Produto chegou antes do prazo estipulado, tudo certo.",2017-10-17 00:00:00,2017-10-17 19:30:45
86fb13ff524373df815f6e2e9cfc8c08,0371bb519b3c4b04bed0460608ce6c59,5,,,2017-08-12 00:00:00,2017-08-13 14:04:07
86fcc07343a5aafc7c229991f150e435,3a3abd8e28e6facbad63e5ee376b5cb2,5,,,2018-01-06 00:00:00,2018-01-07 05:15:35
86fec5e24f68c5aac4955861ff6dbf4f,0a8f1a36db93c2d10a0ff456e5550ae8,5,,,2018-05-19 00:00:00,2018-05-20 14:33:45
8702d567351d10233ae684c8725404b9,d304c1d37685ed533e5e16e8e74ff2c1,5,,,2018-07-31 00:00:00,2018-07-31 21:11:40
87048382e64891d1ae0fa67968a8f21e,a56e37d8a5dac95d919eaff11259c597,4,RECOMENDO,,2018-05-24 00:00:00,2018-05-25 16:52:55
870f3eca02f387d8352041e62a1f3f29,39f948e000e2da7329061c875b6d35a1,5,,,2018-04-15 00:00:00,2018-04-16 08:14:17
8711606f0d73485895609314e87481ae,8333c49adbe3515e032c472789e8201e,5,chegou rapidinho,,2018-08-25 00:00:00,2018-08-26 02:24:09
8717c015f859e9b97ec6460dd42ecab1,904a8c5eecb566b06d4737b0cde3e0ab,5,,,2017-07-25 00:00:00,2017-08-22 01:47:11
87235039da15f39146d0f6b7597029c4,bb5be1811a54b7c516ea8c1eeb48272a,3,,,2018-07-08 00:00:00,2018-07-10 21:19:15
872e58db966727da58f765c55f4f6454,88ae9b9dc65aa9f22722800a34d865c3,5,,,2018-06-13 00:00:00,2018-06-13 23:33:57
8736a629c7261b541b077fe623ec725e,6f5a2dbe5ccce73a9d053a542baabd1c,1,PRODUTO COM DEFEITO,"Preciso alizar a troca do produto que está com defeito e não consigo registrar a solicitação no SITE. No item ""TROCAS E DEVOLUÇÕES"" sempre informa que está com problema de comunicação.
Aguardo retorn",2018-07-08 00:00:00,2018-07-29 22:59:29
87372d62475088a990fb966efae35790,f31e4f9ef9c06d4ec8fe2cb66c65e384,4,,"Demorou um pouco pra chegar, mas dentro do prazo. O produto é lindo e pelo preco ainda melhor.",2017-10-13 00:00:00,2017-10-16 01:28:41
87666b7fe11059899bd6306a0bebb955,5d2331c2b9c856b5b42d3c9f0c9b97cc,5,,,2018-08-25 00:00:00,2018-08-25 21:51:53
8768f14182c8ceb29678dc1cf7718f32,895dce73de79888b14581541cf3a811b,5,,,2017-11-07 00:00:00,2017-11-08 11:57:42
876c5ae17d10f3ba2919206fbbb66ea8,4240d84451ff02c5a7f3f34926699cd9,5,,perfeito,2017-12-13 00:00:00,2017-12-14 12:19:00
8773571ae8d248bc7c5c289115ac0f4b,61e5a319032ea9f5d404dd3f2cbe2a8f,5,,,2018-03-07 00:00:00,2018-03-10 00:57:48
877c0eba843b53a832a41d7563479a48,a5db68fbdade236961fa0c90c8264898,4,,"O produto é bom,e age rápido.",2017-07-12 00:00:00,2017-07-31 17:16:04
877d5d6a0695e37f8950cef7cff1a8fe,72e2c4bbd8ad5d2eec29b795d95afbe2,4,Prazo muito longo,"A entrega foi realizada no prazo estimado, mas a compra foi realizada no dia 16/ 04 e a entrega no dia 06/06 quase 2 meses e não tinha opção do frete mais rápido. O site poderia rever essa política.",2018-06-06 00:00:00,2018-06-13 18:31:15
877ea337312cedf55b2c91b2e01af170,69f57d3eb1a981a8fd71d99c39bb6109,5,,,2017-11-14 00:00:00,2017-11-15 12:03:43
87907dcffd28bd5bfad86965165460b9,7dc8487f60263dbf289600757f5c6f99,4,,,2017-05-27 00:00:00,2017-05-30 13:52:12
87a179fa69d04cf3cfc5ced3a1440e0a,dcc07c60d0b67d006e3b736ed1c75e69,1,,Desde o dia 16/10 que está em transição pelos correios e o produto ainda não chegou nem na sede dos correios em Salvador/BA. Ninguém sabe informar nos correios onde se encontra a encomenda.,2017-11-08 00:00:00,2017-11-08 15:30:40
87b3d969fd4877a327bcf4dbb52c21f2,3f4d686018624f3b9275acdb244b0fa4,5,,,2018-03-27 00:00:00,2018-03-30 23:48:04
87b6591e88915d706c85804eb829658c,310d1dbc8ae8050a39e80f2a8367047b,5,,,2018-03-27 00:00:00,2018-03-28 09:11:19
87ecb383b7c08af4d2e3a0006cea16c6,b96d1eec0b6f42ab363018c8f68c2254,5,,,2018-06-22 00:00:00,2018-06-25 00:38:08
87ff9c40f84b5694ed3576a5839b33cc,289cbae847c6623b3a488df45f472c66,4,,,2017-10-11 00:00:00,2017-10-23 18:07:07
881598478b7cedd7a8415d2043a43873,749eb4902527dc1a8e81681cd9c1b016,5,,,2017-05-23 00:00:00,2017-05-24 17:21:59
8817e7b0642afe4927b503e2d0a20373,e560cc6069dbeeb38995174a47c13674,3,,"Foi a segunda vez comprando o mesmo produto, sendo que na primeira o produto foi extraviado pelos correios e na segunda houve problemas com erro de informação no rastreio.",2017-12-27 00:00:00,2017-12-27 17:31:47
881b377296294ef60b947f4d9350d024,1c1d7c04efff33ea9ebb71907b576f50,5,Boa,,2018-07-31 00:00:00,2018-07-31 21:52:23
88221bf021bf88eb5756060a1bd5fbdf,43df7d0ebdaa1d4df7b8f25e2fc50fd8,5,,,2018-06-27 00:00:00,2018-07-21 02:22:47
8851449d38a1a4876b51c1708d1a1042,6ddfbf514959b49b6410c01ad93054bb,4,,,2017-12-21 00:00:00,2017-12-22 01:13:28
8860591a164ef8ba01637958d5a209e6,94ca38619d7e64f94facac403a99682d,3,produto de qualidade,O produto é bom .Custo -beneficio vale á pena. Só nao fiquei tao contente porque não é 1005 algodão.,2018-08-07 00:00:00,2018-08-07 17:16:46
8868dd4be1378ed55880e92349af46db,590df66dc01ee360ffc28411a5b15f0d,5,,,2018-04-17 00:00:00,2018-04-17 23:14:11
8889d80029e2bc8e07e0cfd263307efe,9da51871b26e9f5356a2544f6540f900,4,,,2018-07-27 00:00:00,2018-07-30 13:19:14
888bf415256c6c641b44edac8fda1b52,b1290930402d6e29a52dbd6efcab1c3e,5,,"Produto de boa qualidade, não acompanha fio, recomendo o fio blindado, para evitar interferência e não acompanha protetor anti vandalismo.",2017-04-01 00:00:00,2017-04-02 12:07:04
889bd6683d2db12bda0a7ede0d0bd32b,38ec15a8c5ee8b06e98a7db4f56f066a,5,,"Excelente vendedor, ótimo produto ",2017-07-11 00:00:00,2017-07-14 03:20:39
88a5c28864f91abc308ee5a341ed5a21,fc0933f59ece039ad7fd014c0464b77e,5,,,2017-06-14 00:00:00,2017-06-15 00:38:29
88cacf058b14c614bc37836633d77635,f5ab5341b520987fc899c69ec795dc1d,5,,"Adorei meu kit , foi entregue bem antes da data . chegou em perfeito estado . Super recomendo ",2017-11-11 00:00:00,2017-11-11 19:08:46
88d60cc4481778a1ebd5bc404a0643a7,e8470f7ea8b4ca604cef2a97b725c27b,2,,Produto muito diferente do que mostra ..material muito fraquinho pano muito fino .. não gostei ,2018-02-28 00:00:00,2018-03-03 06:27:28
88d6983d4aae3c0a31d82aba57821c2b,510e8baa207d989f72b11146c37f3411,5,,,2018-05-24 00:00:00,2018-05-24 21:49:38
88e109b99da73e2277fe13ac2c15c86f,299c93716e44a3cc7521ffd9b2db1fc3,5,,Ótimo adorei o produto foi entregue no prazo muito bom recomendo,2018-05-17 00:00:00,2018-05-21 10:48:55
88e85e9caf39ce690f073fe2d03aaf40,6b08bac55e7aba141d62c13bc3cb97b0,4,,,2017-12-13 00:00:00,2017-12-14 13:24:12
88f685aab409f462be73f36bdc6d3b02,d96dd69ac1c031310e28e40e22130149,5,,,2018-04-05 00:00:00,2018-04-06 14:03:57
890a2e88d0bdfd6323f8654da30e2d9b,269fb3a37e10ad284ed9ca4a34c32d09,4,,Recebi e recomendo o produto.,2017-10-10 00:00:00,2017-10-13 00:44:43
89260395c18490bd8d87b6fa237cecd7,59ee2fecea61fffb6f6da1adf48df362,1,,Não recebi meu pedido! ,2017-06-30 00:00:00,2017-06-30 10:58:53
89371f741951263540925710d6a4b81c,c1559efbfbb38d83f6280b505bd3e0df,3,,,2018-07-14 00:00:00,2018-07-15 07:32:10
89426e70aeff3ccfe1ee32605d5b0301,da9d5d868a28b17116214d1240c22837,1,,,2017-09-14 00:00:00,2017-09-14 10:26:47
89460671831e7688ecb5e1ccb8b5f244,ed5d4a748b19272af146935199dc6329,3,,,2018-02-24 00:00:00,2018-02-27 11:00:47
894e719e0ab78474c25de3350f8f7bce,faae3d4acaaab21062794c932248e58b,5,,"Comprar pela lojas lannister e mais seguro, e porquê agente não conhece bem os seus parceiros más eles cumprem o quê prometem, vocês estão de parabéns a lojas lannister e seus parceiros eu indico. ",2017-11-08 00:00:00,2017-11-08 13:01:52
894e7c7f0550933cd13111f4fbb66450,32a5dab70d12a1ed24b1f79bbf17bdc7,4,,,2017-09-22 00:00:00,2017-09-23 02:26:29
8955166c0f6309bb72130b328dfa3fb5,c7cd3c19aef809218b54579be10b4209,5,,"Super recomendo a loja, chegou antes do prazo dado, que vocês continuem assim, estou super satisfeita! ",2017-07-26 00:00:00,2017-07-26 23:50:34
895ffac749c3e36cb5e132e77b85d62b,88c4fe503028fe735969053f5459584f,5,,,2018-06-15 00:00:00,2018-06-18 20:42:02
89734f75a919c0a7eceb305f18eb0623,c782094350460d47f0f37a41f40858ec,5,super,otima,2018-04-26 00:00:00,2018-04-26 21:57:36
8975c689451037f29865cd563862cb13,f1383f0e3f1a27d300b52df20a252be3,4,,,2018-01-26 00:00:00,2018-01-31 14:07:18
898619dc637dbddcdb29f69a6d09f9df,515c58930f7c49f1a0d9756e12491e63,5,,,2018-08-24 00:00:00,2018-08-25 11:34:00
8993890d92c2f0f7ff4610c12c4e5c03,2a5fd2bee90721df67729d2e85221278,5,,,2018-05-25 00:00:00,2018-05-25 19:40:00
89abfaf6ab64c038321018e625f8b884,4055525efb230dfd940236b7888f2012,1,Ja pedi devolucao ,"Ja pedi devolucao, nao gostei do produto,veio com a caixa do brinquedo com um rasgo, como se algurm ja tivesse aberto ela, a cartela de adesivo veio sem 2 adesivo,as cores nao foram legais.",2018-07-24 00:00:00,2018-07-25 07:50:01
89b9dfbaae96c971e8856be6ed43af8d,59e44a5b3531b9de0e55335ef6cfce2d,5,excelente,ndr,2018-06-13 00:00:00,2018-06-13 20:56:11
89c00cccd27407955aeebb64b2631070,e8f9c3d144b4f81b7250b660737b1256,4,,,2018-05-24 00:00:00,2018-05-24 20:14:40
89c44476c5a6f0963b3b567f255be814,1827ee8015c4edd94bbfef221a3a27f5,4,,,2017-10-06 00:00:00,2017-10-06 18:40:19
89d93be97fc46e7b974e2e3fc68bb7d4,43f637f4ddf1f51c9a9ab9a34856d259,5,,"Muito bom produto, recomendo.",2018-02-20 00:00:00,2018-02-21 00:00:56
89e3955f6e2646b4ade85be55b4934b8,6ae8d599fd407bfba5bce00a72c32544,4,,,2017-08-26 00:00:00,2017-08-30 00:08:48
89e9a30db8680ffcb411e6195d0ed3a1,5be7a00f3302bbc55973ecf0d9322ba8,5,,"Excelente atendimento, produto chegou antes do previsto, muito obrigada.",2017-08-12 00:00:00,2017-08-14 12:21:38
89fe9f7ae8cf27238b43674d728c186f,26ef05ca1105e34d67dfaccab65e1100,5,,Boa produto bom,2017-03-30 00:00:00,2017-03-30 21:39:54
8a20acdef184eeddcdf3665368b921a8,1239e8b4884c746e8d1ea651d4ff74f1,1,,"Comprei no dia 28/11 e até hoje dia 20/12, não recebi o produto. O prazo de entrega se encerrou no dia 19/12. Lembrando que é um presente de Natal. Continuo no aguardo.",2017-12-20 00:00:00,2017-12-20 11:58:49
8a2be1a0a6b43336c591d98cb6455b11,fdb3ef83ea6f7bef7d13bdd9b38da661,3,,Td corrreto,2017-01-27 00:00:00,2017-01-28 05:26:34
8a2cafc6b27b235c8b83974d7458b164,9fe292254834c701a4b05deafecba7b8,4,,Entrega dentro do Prazo!,2018-03-23 00:00:00,2018-03-23 19:03:24
8a56f6e8e184cbb73fbc0f58ec3028d9,536b55df90b1eadec8cd2151d8d54536,1,,,2017-11-15 00:00:00,2017-11-16 12:36:40
8a724f1b60cd9fc387a1e0b9c3e5381a,eaf073079dbf6ebac22213d250816e2b,5,,Chegou bem antes do prazo.,2017-08-17 00:00:00,2017-08-18 13:03:28
8a82511298d02b233295c17efec706c8,72ec88002ed159da398333164be7f876,4,Ótimo,,2018-07-07 00:00:00,2018-07-09 19:55:27
8a8f7d4b4040a2efaea6b0b82ce5fdd9,d91a069afed21a6f7b095b0a908f5008,4,Muito bom,,2018-08-07 00:00:00,2018-08-08 11:28:14
8a90511249a72061a421c9bbb7a6f45f,9c9c501f71dcf81d14d006826972733a,1,Recebi produto diferente,Recebi um produto diferente do que pedi e não estou sendo assistida quanto a isso !,2018-07-14 00:00:00,2018-07-18 19:09:23
8a93dbd1fa144865b279458cadd89937,14bbe584b52d7f29efcd5d8b5553af3b,5,Excelente,,2018-07-28 00:00:00,2018-07-30 12:58:42
8a948c344517065d9cca70dd7d0dc6d1,5c9ef82c5db4b1a72d24609ec6779955,5,,,2017-12-31 00:00:00,2017-12-31 13:58:04
8aa852b7d428143c839d4e0e244b0747,79b64ea5b697b2e014789fe969dd50a0,5,,"Recomendo essa loja, produto?chegou bem antes do esperado. ",2017-05-31 00:00:00,2017-06-04 14:25:10
8ad92e79ad03a26ded6f715036e1e8ff,7f8627b25121727150b46207617a168a,5,,,2017-06-03 00:00:00,2017-06-03 23:17:28
8ae632a63acedca6bc4fb54103dabab5,5137f8c3662122707504625d55882d56,5,,,2017-12-13 00:00:00,2017-12-13 21:02:57
8b02be7c138459ad09e47813223f854e,88986b613097da641340bc366a2d91d4,1,,,2018-01-11 00:00:00,2018-01-11 14:53:50
8b037ee973a3f027a623ef5c82e3dd31,a33c70384e5369223140d28308cc84a4,4,,,2017-10-05 00:00:00,2017-10-05 16:32:05
8b05ce80ea0e2f2b995c671eadf96c1d,fa200e49cb5e3ae19cde414d9d9161d4,5,Entrega rápida.,,2018-08-24 00:00:00,2018-08-24 19:58:48
8b085defb14ff6825dbba5594bf4bd7d,ca757dbebcac3d3bbaa4eb7ea0f699c8,1,Não recomendo!,O produto não vale o preço cobrado. O material do fone é de baixa qualidade com exceção do som que é muito bom.,2018-06-16 00:00:00,2018-06-17 09:27:20
8b2f064cfd936f2989a8e29014ec475d,89a6292b97c0dd8f29261b64ad8aabf7,5,,,2018-07-24 00:00:00,2018-07-24 17:44:23
8b40afea38292b4a7389ecdaa9e4c5af,cba1b88e10f4504583b2b9750ac67e03,1,,Pedi um produto que vinha com cabo para telefone Apple conforme imagem. Me enviaram um sem o cabo e com um cabo pirata para Samsung! Ridículo!,2018-01-21 00:00:00,2018-01-22 23:21:51
8b425ed0ac7782bb325796c3bd7bdc9a,89124696e3e799665a6b844c18325cf5,5,,Ótimo produto.,2018-04-22 00:00:00,2018-04-24 11:38:31
8b42a81d336b07eea2137e8b0ea0c557,50aa3e58985353eac3370fc8bba877ad,5,,,2018-06-19 00:00:00,2018-06-25 13:01:20
8b548414b28f8c2e5fb81d33f0f24624,82d62e8dbebf85af5c2873e07fe0721e,5,,Entrega antes do prazo produto correto tudo dentro do esperado,2017-04-20 00:00:00,2017-04-23 02:08:02
8b63f42602fd24d50063b62eb98fdd68,0a979eab29ef830d6363887a00907fb3,5,,,2018-02-17 00:00:00,2018-02-24 12:50:38
8b683bb351e1ce9a0e1547cbeff8b608,85b8899fd1383f7177fe622d29f09272,1,,,2017-10-25 00:00:00,2017-10-26 18:36:49
8b8509f2fe3c5175b55ef89d4f0af113,dc0e878c900ba40571360f0890a14666,4,,,2017-12-07 00:00:00,2017-12-07 13:22:57
8bb3e802449fac4db93c9fa1d11ba083,640f82f9967dcab29b95d5a62abf911b,3,,"Deveriam diminuir o prazo de entrega pois perdem venda com ele caso a pessoa queira o produto com certa urgencia, se bem que chegou bem antes do prazo mas a data possível é assustadora.",2017-06-30 00:00:00,2017-07-03 12:28:08
8bbbf9aec20efd2490e778f6417bcd0f,190ae960b78afbbf3f0cd1dd3d2240fe,3,,,2017-08-22 00:00:00,2017-08-24 03:28:57
8bbf55a026009ba472a3397366169917,948368c5523e4c43acf831fa3353992b,5,,"Loja com a menor taxa de entrega pro meu bairro, com o produto no melhor preço, entregando antes da previsão.
Estou muito satisfeito ",2017-08-24 00:00:00,2017-08-25 13:34:11
8bc426eb61c7b2744c5f761b094adca2,2f655d9169f2159a439e96af86d28c12,5,,Muito bom. Mercadoria veio bem antes do previsto. Acompanhamento da entrega da mercadoria excelente. Parabéns. Continuem assim.,2017-07-19 00:00:00,2017-07-22 02:49:04
8bc4d875dbab927e9190060688edc80f,b6e5ddeaf2e5b56015e295beb333f305,2,,Excelente produto indico a qualquer pessoa.,2017-07-18 00:00:00,2017-07-19 10:45:53
8bee958cfdc2d00df217110fe11dae54,7eee039d49ee815e69350a021cae95fc,4,,,2017-05-14 00:00:00,2017-05-16 17:26:25
8bfa44208afecfa464af0df5d1a7e975,b6dbd61bb13118766af40ef6a325e303,4,,O produto é muito bonitinho e bem acabado. O envio foi rápido e chegou perfeito. ,2018-01-27 00:00:00,2018-02-03 11:33:07
8c0c9e4d1f0bf2a308f8ad49ea1691b3,3331dbfe6f55503bd3b962d95445ac7f,4,,,2018-04-10 00:00:00,2018-04-10 19:09:32
8c1f5de7d34a7e47acc98054b4124a9c,a53d587cedb15e572d3aa67984929be5,5,,,2017-12-28 00:00:00,2018-01-03 21:16:54
8c23672727a9ce542b8b954f9f342f94,b4fc77bdadd28d0ee631208831bc0d49,4,,,2017-03-22 00:00:00,2017-03-22 09:44:45
8c2461bb7167e2fcf5bf9a39635324f7,4d6a47078b73c647206be4398bbe29b1,4,,,2017-12-21 00:00:00,2017-12-26 13:07:11
8c37dd7e4fdc4e0bd4e27a78a0f8f64b,0cfabecb909812856ae6d21400104334,4,,,2018-06-08 00:00:00,2018-06-08 23:08:16
8c39917848f87bb7030c7e13d2155560,b1b5b604a5e207c764779ffb50527018,5,,,2017-11-15 00:00:00,2017-11-15 15:42:45
8c3be0bacaeab2821e6223249724ff77,ca674a7cd949c98c9e02bc4c5922836d,4,,,2017-03-04 00:00:00,2017-03-06 02:51:23
8c46cb6609ec2ffd67012f5167c960a5,92ecc22dcdb92188d9866d8b120c5428,1,,"ENTREGARAM O PRODUTO ERRADO (DIFERENTE DO ANUNCIADO) E COM DEFEITO!!!

NÃO CONSIGO CONTATO COM A lannister POIS A VENDA FOI FEITA ""POR UM PARCEIRO""...

JÁ ENVIEI MENSAGENS E NADA!!!!

E AGORA??",2017-11-19 00:00:00,2017-11-22 18:24:44
8c505cbf67b6655fde53695b6c585672,fcdc3e0003ba241c9a56bcdc32590c38,3,,,2017-12-12 00:00:00,2017-12-13 22:38:53
8c6d55fb54f18ddd012b1fefecfc7292,1decf741e38f6bb92236968ffff3b2dc,1,,Péssimo atendimento,2017-08-05 00:00:00,2017-08-07 18:20:54
8c9110482b15dcae40a3e092b5dfcfa7,0756c3213eb9155bc1209caced66eb82,5,,,2018-01-11 00:00:00,2018-01-12 02:01:36
8ca7390fb0a4d1fa30c3d9147920dc8a,7ad9577a964cfb13c1f4875c1fd025ff,5,,,2017-11-11 00:00:00,2017-11-11 21:47:32
8cc8327c3ca4edf4a75d19e71669c915,9df975b38ffcb2931968b4949c8b29a2,4,,,2017-07-26 00:00:00,2017-07-28 23:41:04
8cdfcfd351aaed5d9e7767c8115e8e1f,a3ab1f6066a1d294342241bbe29e363a,5,,Adorei o produto e a entrega foi rápida ,2018-05-24 00:00:00,2018-05-25 11:25:05
8cecdf29b454546b63f5adcec4f8746a,13832510afc6f94103aec19663dd52cf,1,,Nao recebi produto nem satisfaçao sobre ocorrido mandei cinco solicitaçoes sobre como poderia proceder e nao obtive retorno. Produto ja foi pago e nao chegou. Pessimo,2018-02-25 00:00:00,2018-02-25 14:29:01
8cf2ace7bcc33554abd63b36432f2384,be6343c24d4cd24d3a630c7a8aee1a6b,5,,,2018-07-13 00:00:00,2018-07-14 00:03:38
8cf601488366f836b647c8a1d90ccca1,2771d3ac1d43785ed9c2fdcb077a87b0,5,,Satisfeita com o produto e seqüência da transação. Recomendo a loja.,2018-02-27 00:00:00,2018-03-02 14:17:19
8cfd88ab481fd1e717da434577ab8c02,cf2cd23374d78a2bb4d6d6058fbc1d04,5,,Loja excelente sempre comprei e estou muito satisfeito com a loja. ,2017-10-03 00:00:00,2017-10-05 21:18:09
8d0b2bb53190fef0cced8854cbd73b27,7be3bc8a993254a45f536cd9b418f275,5,,,2018-08-03 00:00:00,2018-08-06 14:36:37
8d1145a143835cf50010806970d5a9c2,df832acdcfc236969ab361d4597e6e0a,5,,,2018-08-01 00:00:00,2018-08-01 21:46:22
8d2ffd60151b4fdc94ae54758f73f25c,3af2a81272fcd0c650bd44f53f7e61ef,5,,Recomendo,2017-12-12 00:00:00,2017-12-15 01:54:19
8d4afcd7eb9a868e0a8fa708a71aa472,1c2b9188a3ec985a80fe268c3d0af21b,4,,,2017-05-09 00:00:00,2017-05-11 13:33:08
8d52a9ba267150208acfd0968fff4565,accddd3ce343b9c4a7ad6d49ecc3c3d2,5,10,"produto atende as expectativas. Muito Bom 
Recomendo ótimo custo benefício.",2018-08-21 00:00:00,2018-08-22 11:31:46
8d5d5ec44e8fe084def83570676a47e1,c981128521975354988b8e88309a898d,5,Super recomendo,Entrega rápida e produto perfeito,2018-08-10 00:00:00,2018-08-13 08:59:40
8d68693dce7c28eb35d8db7f2d8b3047,9f80c79b3c2260ac4352d49fea965897,5,,,2018-06-30 00:00:00,2018-06-30 19:49:54
8d6d68825df7fe5d9124917b351efd72,6bbafe0017bf2f1c7dd4331a9a742023,5,,,2018-07-27 00:00:00,2018-08-01 15:30:16
8d6f41c8ef2be6ea4938081b7ffd3eca,efcd8852328a37fca811747c09c6fb69,5,,Me surpreendi com a entrega antes do prazo.,2017-05-25 00:00:00,2017-05-26 04:31:41
8d783ef3455209f8b983a1b0b1b50f80,a425d9ae82dd1c3e17ee1ec6e6c0757f,3,,,2017-05-12 00:00:00,2017-05-13 02:03:19
8da5acdc2565178f11edb57558d6aad9,0097aafe2a01dd54e39888976160c377,4,,,2018-08-29 00:00:00,2018-09-01 15:44:44
8db49dfb0044b995a546ef195b96bd41,350038b23604468ee252b66f20af1443,5,,,2018-06-16 00:00:00,2018-06-17 10:04:14
8dc3a31f22c7de3d6f2bc8540469b4c2,1336838d0eba0be4e38d6f917665d23e,4,,,2018-02-22 00:00:00,2018-02-23 09:39:14
8dc461b4255e0da9cfc05f84cf214e78,5e5235e11bea2c86b1255beb1b7e247a,1,,,2017-07-09 00:00:00,2017-07-11 16:13:36
8dd5a20bceb673f2e35a9c9489147fca,276c36d0f0218b24c09343edf53cb98f,2,,,2017-05-07 00:00:00,2017-08-10 16:25:08
8dd9320952ca79d193f12a7f55366e65,8e64c8a9ce934e47e871b0a4eaa973f6,5,,"Bolsas espaçosas, lindas!!!",2017-07-28 00:00:00,2017-08-01 01:52:26
8de20c189a1d16bc8431fa7e73e8d4ac,bc314ea94634ec397df2b65d3bcb2c1c,5,,Relógio lindo como na foto e parece ser de boa qualidade também!,2017-10-25 00:00:00,2017-10-26 12:07:30
8df1ae9a5e319d96deb4429edbffaeac,a11a425bf8a1d74271b19f31a3cbe76a,5,,,2018-08-04 00:00:00,2018-08-04 23:10:12
8e0b09c55a716bf62bb979d094292645,e3bcb51f9cf80e278397c1c56d827285,1,,,2017-12-21 00:00:00,2017-12-21 18:11:25
8e0ce5f750d3c23d706caa67a12e2905,0ef716d86b77c7bf750b25ef9249d193,3,QUALIDADE,"A qualidade do produto deixa a desejar, pois é muito frágil, longe do original.",2018-08-14 00:00:00,2018-08-17 04:31:39
8e25a803e07129cb18537d51d539aebb,c97e64988f3d2b091838bb2815fc246b,5,,,2018-08-07 00:00:00,2018-08-14 16:37:33
8e25ff173671c166999ef883f684f1b6,ea921667f0ab37edbe094d0e67c9d454,5,,,2017-04-18 00:00:00,2017-04-19 10:49:21
8e2fda1f26ba5b8f4cf3b0902f390619,b7baf4f0b6c65476ea5e4bf388710a09,5,,,2018-01-06 00:00:00,2018-01-07 14:25:26
8e4beb3d634e53886dc80fb899297a9a,92ae7ea2c6f759b8aa53b32b59e0d142,5,dentro das expectativas,satisfeito,2018-08-14 00:00:00,2018-08-16 21:12:05
8e5408e78acc81f872afcbcd6e30b45d,0dc2734aeb43fcd6b5c4a6d6296f50c5,5,,"Atenciosos,ligam para dar acompanhamento. Bom prazo de validade. Demorou de chegar. Agora é verificar a qualidade do produto.",2017-03-30 00:00:00,2017-03-30 23:06:55
8e6c95dba4569656d8b12b95178fcfc6,bcf8ce1cea8935dbbf537c9caf248f46,4,,o que me impede de comprar mais é o valor do frete. Muito alto,2017-09-06 00:00:00,2017-09-15 19:04:24
8e7096b333c5faaaf3482a4cf0a1a9cf,5ac0d2c1229ba07ea5cd990360b21e34,4,,"Bom atendimento e chegou dentro do prazo

",2017-03-07 00:00:00,2017-03-08 01:47:49
8e7b2ab6bfbe7ca82c41011eecec6ae1,3474c37ad7067402582a2852a08015f7,5,,,2017-09-20 00:00:00,2017-09-22 22:16:40
8e7c211c1139b8d986f0bba306adf5aa,c8ff0e33e2f8df953767f28065a3a6e0,5,,,2018-06-24 00:00:00,2018-06-25 16:50:19
8e7fd3a46e075612e299871838e15195,6ddda171d214be5f13055479d8b41364,5,,,2017-10-18 00:00:00,2017-10-19 11:32:52
8e813b0fe5119d3a2db6dd5587b66a33,37fef9185066b091254533c2192edd72,5,,"A loja é muito segura e tem uma entrega eficiente
",2017-05-27 00:00:00,2017-05-30 00:18:23
8e88ce8f89c0f7a0280173f6aad2f511,c8bac0f86737c4d00dd169cec03acf71,5,,,2017-11-21 00:00:00,2017-11-30 09:54:11
8e92b52f84cabb21da79da88e8dc16a0,b9eb04083d9367fcd3523d0125406023,5,,,2017-07-13 00:00:00,2017-07-13 10:03:10
8ea037d1c477c37644c88b35a91648f2,a8096d0b94faa1314dbd562efc6a0967,4,,"a entrega dos produtos e muito rapido ,mais dessa vez nao recebi meu produto,fico nos correios ,ai volto para a trasportadora",2018-02-24 00:00:00,2018-02-24 15:48:31
8ebaaf7c29a4ede69b956558aa65af75,3f7aea4e3cecef996bd62713fbf8712b,5,,,2018-02-15 00:00:00,2018-02-16 15:28:57
8ebcd810b095e8e10887305a8d33b233,945cebd7f0d6886e7971663839507ec4,4,,"Chegou antes do prazo,porém o tamanho não veio correto, a medida que pediram pra tirar foi de cima do ossinho do tornozelo,porém a tornozeleira não fechou na panturrilha, tive que comprar uma maior",2017-12-19 00:00:00,2017-12-20 11:44:06
8ebe7369dc27856c9e7bbfa8003bb99d,b72a8622beb9d67af92564bfc0f39dc6,5,,"Entrei em contato solicitando a entrega um pouco antes do prazo estimado, pois não teria ninguém para receber no prazo, eles responderam minha solicitação e o produto chegou bem antes que o esperado.",2017-12-23 00:00:00,2017-12-26 10:57:52
8ec93794b94de252c0d835882c41f7bb,588085f388f3dd80c9c56681b47bf588,1,Produto não chegou ,O produto ainda não chegou,2018-06-07 00:00:00,2018-06-09 10:29:16
8ed30ecbbbc2fcdf5979b03cd2119783,0c40dfe4127461031cfea37fb4c63856,5,,,2018-05-22 00:00:00,2018-05-23 11:32:15
8ed7b5e49ba3be34f9a5363dc38d869e,88e2adba13194300be8cfaeee4512133,5,Super recomendo,Entrega rápida...,2018-07-26 00:00:00,2018-07-27 00:38:49
8ed8b84117127bde20d83b08163a485b,065c05543ebdfd79fb629b2b4a6ab904,5,,Satisfatório!,2018-04-04 00:00:00,2018-04-06 14:16:43
8ed9b4b69dbdfe8c1e598e69d4bba5a9,2477eccf092b3407c1442bf98cde9729,5,,,2017-12-14 00:00:00,2017-12-15 11:59:36
8ee8cb97672b01e5578fb50e551b6826,ce44954b3198c35bbf785d9c95e28aa5,4,,,2017-06-29 00:00:00,2017-06-30 09:12:05
8ef19c25c547613eb79ff70af80d4f3b,c5a06d75e7ddf0ed779053a64ee08c7e,1,,Ainda não consegui receber o produto em minha casa.,2018-02-28 00:00:00,2018-03-01 15:01:01
8ef201bad59423746de7045042640379,48275cf565f4ea4f291da07bbbc7d330,4,,Entrega bem rápida achei muito bom o atendimento também ,2017-02-22 00:00:00,2017-02-23 11:18:56
8ef8246bfd453978dc5b0aa66ff321eb,9941a0a6225e94809b6d9955bb16b594,5,,Entregue em perfeita condição. Rapidez que nunca vi. É exatamente como visto no site.,2018-03-28 00:00:00,2018-03-28 21:51:39
8f0b65fa4bfdf81d8e4e0335a004cea1,7b9783133bb4a92b0c131b1b4f7657ea,5,,excelente,2018-08-16 00:00:00,2018-08-23 12:06:56
8f0dbbc7977a92fea3ce079dc3c55a89,2591661e8952477c49e9efd03a319cfc,3,Não entregaram,Não recebi o produto,2018-05-25 00:00:00,2018-05-25 11:27:47
8f14b7898949be61ab103db3bd63f56b,4bd59c9149ad4be79cbc3dc2c2ef76af,5,,,2018-03-13 00:00:00,2018-03-14 00:05:02
8f18483fa7cce483702b4c9bdaf8ba8c,d3764fd6a2c04354a8cbde8508cc0ba0,5,,,2018-05-11 00:00:00,2018-05-11 18:18:09
8f1d1e22a230771c452b83680a3dfed3,d6a2e1d3b958b6c5cb3af6f1d4d4a203,5,,,2017-12-09 00:00:00,2017-12-12 01:22:12
8f2351d96356b9690bcf1d67a90946d2,cecf84099dc3067ec87149ddac39105a,4,,,2018-05-10 00:00:00,2018-05-11 03:41:11
8f25674c7effff373105b64a3c79c184,d308807f231cc2e9a4e2ee71b86fbebd,5,,,2018-05-08 00:00:00,2018-05-10 16:39:19
8f28fc7d29a09403973697645d73b72a,00310b0c75bb13015ec4d82d341865a4,1,,,2018-08-31 00:00:00,2018-08-31 22:49:14
8f2b628682e6ffa13fe7a46d65bab97a,6e0eaecee9bbc83b77b4632e6c592963,3,,Já comprei produtos e chegaram no prazo só esse que não chegou ainda,2018-04-11 00:00:00,2018-04-11 17:47:31
8f2d0a5b91c1867ed400a707730637f1,8389e56bf17964405109e56799563a03,5,,,2017-02-24 00:00:00,2017-02-26 19:25:57
8f3209e579889265c3d7784603455325,2195712688ef03e20c8053de61c82493,5,,,2017-02-02 00:00:00,2017-02-07 17:08:13
8f339123d0f47703e5dd044cb937c28e,fa2c90cc79e4e69f0083fa936998174e,4,,,2018-04-24 00:00:00,2018-04-24 21:04:56
8f37b3ddf56ccf573e814648eb978860,d0caa50d59dd78761abd9c1bdd06bba4,4,,,2017-12-18 00:00:00,2017-12-18 19:21:41
8f3bd9de238087d04f04a2f6c586d3bf,fdd0f5240ca014963e5ae66b99423908,5,,,2017-12-06 00:00:00,2017-12-08 01:28:11
8f3e7bc414b4b12b784746537eb42f34,4f1330720e5aa2d61a474c63620fc42b,1,,"É uma falta de responsabilidade por parte da firma,por conseguinte, das lannister, em propagandear um tempo de entrega que não é cumprido.",2018-02-17 00:00:00,2018-02-17 12:34:54
8f4e6e6f562687ce797d830a06bcd5bb,c28475e383b1ded793fe443af4d1efca,4,,,2017-10-24 00:00:00,2017-10-26 17:47:11
8f5bb9a937d01f4caca03a4569f4d052,a7a256d455df2402da6d060321656b20,1,,"COMPREI UM MODELO, MANDARAM O ANTIGO, QUERO A TROCA ",2017-11-28 00:00:00,2017-11-29 10:10:35
8f5d56912dc6801f0ac9f4e3ff136893,66144189f7b5fbb4eb76eb513ac33a17,4,,,2017-02-07 00:00:00,2017-02-08 22:11:25
8f6295a59a5aa8f3dff2ef8780fb32d7,3cfb6e2f13d190a67c451cb4a359faee,5,,,2017-12-12 00:00:00,2017-12-22 19:16:14
8f7525471eede168806f82371f962312,91c4fb2a013280c780ea608101fcac7c,2,,"Na discriminação dizia que era de sisal, mas NÃO É. Vu dar entrada no PROCON.",2017-11-19 00:00:00,2017-11-21 03:30:12
8f934594c6aeaf152cab098436d8518b,43cdace79982e3365d435048c203cde9,5,,,2018-04-03 00:00:00,2018-04-05 23:03:05
8f9916a19f1b3f741dd3489a30ac37df,741219cefb77a5c6acbbecafb6d0e6f5,5,Bom produto - Recomendo!,"Cartucho com maior capacidade, está cumprindo o que prometeu até o momento...
Entrega dentro do prazo, ok!",2018-07-21 00:00:00,2018-08-05 19:20:37
8f9aa50ee40780ba3f79614530a34ebe,729c445f5f350f88d5c9a3911d6e9bc0,5,Muito bom ,Creme maravilhoso e entrega super rápida,2018-05-10 00:00:00,2018-05-10 16:21:17
8fc74be37e879c11f02b30b978ad5e51,20368ff725d0f3b5adf1ab319ccecb62,4,,,2018-01-18 00:00:00,2018-01-23 22:55:37
8fcfa290784806172f41ec9a6bb2673a,d1f9a1aec23787e664aa0ccd55fe2fd3,5,,Entrega No Prazo e Excelente produto.Valeu....,2018-07-28 00:00:00,2018-07-30 20:20:29
8fe57011cab19d8e27dd6978779537c3,5320fb6f684caacf933c7f9597454391,4,,,2018-03-10 00:00:00,2018-03-19 14:59:18
8fe9344cd93d97c6b19de15a8498d8c2,479b6ef981f240df12226a5ba0abffef,5,,,2018-07-28 00:00:00,2018-07-28 20:53:04
8fec6bb41a4d655749193394332afc07,2fd12ee976f68370d5397cffb377b4b5,5,,,2018-04-13 00:00:00,2018-04-14 15:42:21
8fef20ac844ac6683fbd3f2498b18ed5,8a1a4c9d81475d4f07d558d04598e00c,5,Recomendo!,"Tintas originais, bem embaladas e entregue bem antes do prazo. Indico a loja, principalmente pelo preço do kit das 4 tintas ecotank T664.",2018-05-15 00:00:00,2018-05-16 16:29:33
8ffe5dc30a28620ac9a4f6531213bbdf,f8a7ddc8ce9090a2647d48daecae3a24,3,,Qualidade do produto um pouco baixa!,2017-06-22 00:00:00,2017-06-24 19:07:15
900d4ea6628849cf950be739b6b0f4f7,418e52c121e971463d3804676a3042a2,3,recomendo,"só acho que o frete é muito caro, eu evitaria comprar novamente",2018-05-08 00:00:00,2018-05-16 00:46:42
902971cd72d70f546d21e58a0fef8293,f61f547d212a8e108eb2a928aaa5fb03,4,,,2018-01-31 00:00:00,2018-02-07 10:42:51
90527c45edfcddcabf974ba93797dfd4,ab09afe5fa58419dc20bca18a0a68fc4,5,,,2017-10-28 00:00:00,2017-10-29 01:32:24
9072e81ff1f444c1d074eecafb27e15f,24750706d247c4d573cae75ee4372c59,3,,,2017-06-14 00:00:00,2017-06-15 00:41:21
907bcfdf4c90324e928878011d6a9460,f7b820ea870eadff426970af299e9384,5,,satisfeitissima,2017-10-17 00:00:00,2017-10-20 03:40:33
908f14bf0f57d89888f208bd563e05d1,e78a6ebf08a820b5ce4a82208d912130,4,,"O tecido das fronhas não vieram com etiqueta da composição. Por isso, não sei se eh poliéster ou cetim de verdade.",2017-08-17 00:00:00,2017-08-18 10:50:34
90aad395500d0867e01e1e8a680df27d,40480952d51c22285abc3b9a16595822,4,,Gostei. ,2017-09-01 00:00:00,2017-09-02 02:26:56
90f8ead8bd9b5050847938e6f5e67614,267f42757da398f66b0cc956f501f29d,5,,gostei e aprovo,2018-04-12 00:00:00,2018-04-12 22:49:27
910522dba557cbad7d9dc9adc74109d3,891e419a9019fb81b67212a708cb5f83,1,,"A loja ofertou o produto por um preço abaixo do mercado.Depois que realizei a compra, a loja liga cancelando a compra.
Não cumpriu o valor da oferta que anunciou.

",2017-08-05 00:00:00,2017-08-06 13:09:31
9105568358c6aa610b877fc1f0b60019,713631547f1e4dbf7d1a05eb38012815,5,,,2017-10-04 00:00:00,2017-10-05 10:51:34
910aa79b48597f41313a6f1b8d9fd0df,00584d79015452d19fd3d044ba3abdc0,5,,Muito bom,2017-07-27 00:00:00,2017-07-28 09:32:38
910e1cd90820571b383d2f56732c5a9f,0ab72bab67e4b9af0dfc369356d70202,5,,,2017-06-09 00:00:00,2017-06-10 03:08:41
910eed3674a8220736e8f663b9416806,b84c178bc4308555f74ed9cdf3a38193,5,,,2018-02-08 00:00:00,2018-02-10 23:08:55
911489d0bc7092faa2e845b5300acde7,5cc475c7c03290048eb2e742cd64cb5e,1,,"Comprei um toner samsung, paguei em 04/10/2016 e até hoje não recebi.",2016-11-27 00:00:00,2016-11-29 21:57:20
912f15ae27dfe51711744e1e89404b2a,adc5d4b4ff1723e6a68bb73bb1eda4a8,3,,OTIMO,2017-07-29 00:00:00,2017-08-03 13:56:13
91315c6279d3a877698aad6e8c09cb0a,81fe59dfdb8538cc9b604380742323e4,4,,,2017-07-22 00:00:00,2017-07-26 21:40:19
9131b860af17964bfbeff2f4c3ae0de9,a3f701e4bf2687d7aa6b807340426a26,5,,entregue antes do prazo produto como descrito no anuncio,2017-09-05 00:00:00,2017-09-18 14:13:42
915195bb549bb49c0c6577aff21dc9e9,f8d682487207f7eab4caa4ab2f2968f7,4,,,2018-08-23 00:00:00,2018-08-27 14:02:58
9159686b67bcd1c81681442c0db15c10,16a0100758e7dc53d0b3f271c63f4906,5,,Mais uma vez a lannister.com se superou e entregou o produto antes do combinado. Estou muito satisfeito.,2017-05-26 00:00:00,2017-05-27 13:45:59
9166089a76a327c35a8d9b02fe4095ab,f3cb950f0d57842dbbd55317ceaeaa71,5,,,2017-08-04 00:00:00,2017-08-07 11:47:07
916b25fdb63a60a98bae44969aaa0357,1844430a4130a112771839a244829457,4,,,2017-10-26 00:00:00,2017-10-26 23:23:58
9178483cac08254d61038a40c4b4e419,4850125b26ca8977d47c83f60df48401,5,,,2018-05-15 00:00:00,2018-05-15 15:29:18
917f7951e6b9bb7faa92331de638c85e,1fc71eb4a30dced088d988c57e751078,5,,,2018-07-25 00:00:00,2018-07-26 10:46:04
9185f849f32d82e216a4e025e0c50f5c,fffc94f6ce00a00581880bf54a75a037,5,,,2018-05-11 00:00:00,2018-05-14 12:53:47
9196eed6e6c115db36b6789cf400867d,880818864a5b124a7e8784b03caa1d84,5,,,2017-09-22 00:00:00,2017-09-22 17:50:41
919a825ad3dad8c051fbbad4bc29ac81,375bb4357db0f08e163905aa4bbd5d7d,1,,"Não compraria em momento algum novamente nessa loja . Confiei e comprei o produto que eu conheço, marca que eu conheço e veio algo totalmente diferente. Não indico. estou frustrada.",2018-01-25 00:00:00,2018-01-28 13:31:08
91b10e08e00320dc6411a94651fd3271,58207f7c0efe1d999163cf9f30042830,5,10,,2018-08-26 00:00:00,2018-08-26 04:20:13
91ca5bd393677eef3e3abc9ae73e7ce9,7a0698ce87fc4cd3e171e7361f0bc0b5,5,,"peoduto muito vom atendeu minhas expectarivas, indico a loja e vendedor ",2018-06-29 00:00:00,2018-06-29 22:54:14
91d2932c1369020b06c834667e1af228,9069cf8008a940efbe703ea943d271a5,3,,,2018-05-19 00:00:00,2018-05-22 04:09:04
91e70fa7860f519e80c95f33bdfa68e5,77f786b616f184da30df78a7eb228d92,4,,o serviço é muito bom e entrega rápida e eficiente,2018-08-23 00:00:00,2018-08-24 21:12:54
921869635d4f812d1ade6418a6ff442d,6660a709a26684b66ea12d604ddf0579,5,,,2017-09-28 00:00:00,2017-09-28 22:53:15
922640115d967af492ffad1e171b8ef9,78f08da30e84bed8ec2f91fa7566d314,5,,,2017-08-01 00:00:00,2017-08-02 17:25:26
92265cb5a08b00fa4b0672b384fd79ab,2cb14cadfd564d88f59990e80cd4e81b,2,,"LOJA QUE NÃO ENTREGA PRODUTOS COMPRADOS A MAIS 20 DIAS E DIZ QUE PRECISA DE MAIS 20 DIAS.
NOTA ZERO",2018-03-30 00:00:00,2018-03-31 14:25:18
923002c21d4ec6b6a2c1d67faea0c16e,106d8484bb6bb4ff239daff27fc4feb6,2,,,2017-06-23 00:00:00,2017-06-24 02:42:20
9234ab12e80c4ec62706f3c9bd3b2f88,bb724065b1587966bc6e4553aeb0b2c6,5,,,2018-07-08 00:00:00,2018-07-09 20:00:05
9247ea45d25f83d0b3d1f5c41386c4dc,571ae93d1696ee933348dd3de7a44efb,5,,,2017-09-16 00:00:00,2017-09-19 17:06:34
924b36d033d3fb0dc849bdbf55032932,57f67475fb7b09eedaba20d1a7cc6097,5,,Chegou antes da data prevista.,2017-08-24 00:00:00,2017-08-25 01:32:06
92521a2ee72a7069ff609d773e37d925,4fcf76f4599c2d725c33ed838078c8df,5,,,2018-06-12 00:00:00,2018-06-13 00:19:47
925ad67dd3b74050968e851081e6fd03,a5ce51395d295fe2c816182f79c81866,5,Maravilhosa,Estão Todos de Parabéns. ,2018-08-12 00:00:00,2018-08-15 15:58:11
926251475cf95c24a9503fe330ab54fd,e5b2ed06cede059b5085e68c5225d993,4,,Muito bom,2018-01-26 00:00:00,2018-01-27 16:33:58
9269993c28e71de99e96176c4f2cc537,39ebbbb18aec8b7d8de948019c3298ab,5,,,2018-05-19 00:00:00,2018-05-21 13:27:07
926cbeffd3295851228cd87c1c80bdb7,5c1d89aac6e3b4a8f69d548ea030179a,5,,"Bom produto com 2 pontos para encaixar a lâmina e é base de fechamento onde trás segurança ao travar.
Peso ideal para ter melhor precisão no acabamento do pezinho",2018-02-17 00:00:00,2018-02-18 09:47:39
92807deec632befc152056b11d1a3b50,c8cf9cd92734a5803265426a94989d0f,5,Bom ,Tudo direitinho,2018-07-05 00:00:00,2018-07-07 20:54:47
9297942f5c883d2b39e801e28b8777d6,b07078baf6a1bbbc998cdfa28e7f8230,5,,,2017-07-28 00:00:00,2017-07-29 02:27:29
9297deeba7f3a3fdd1557056914f9795,8194f59689e6129d3bd13dce90d86c2b,3,,,2018-02-15 00:00:00,2018-02-27 11:02:08
92a99bdfd6fa46ec3924c88e6c790412,8da66baf68f49a58324e0e8297d4f1b8,5,Ótimo ,,2018-05-24 00:00:00,2018-05-26 21:20:45
92babff5f5b70139c627f4de3d15735f,2de931311a1cb3001070a6c567124301,5,,,2017-10-05 00:00:00,2017-10-06 02:01:58
92c0c385494c0b05e01d0272ef7724f3,93c781a8790c89bac596f6ff7d924c73,4,RAPIDO E FACIL,MUITO BOM,2018-07-11 00:00:00,2018-07-12 11:26:07
92d27386a3bb0e5009014cb8ce11b223,b30abf162ff1730f50b6400bdc32550f,1,,,2018-03-24 00:00:00,2018-03-26 11:05:48
92e2a8f895bd2fb1bec8ca9acc005680,8f66c7fa9b811026d696fc619becd5df,4,,Entrega rápida do produto,2017-08-10 00:00:00,2017-08-12 12:29:00
932997d62c4ca54077b33c573c778a38,a92635cfd1b863f3c3c225dcab38d0be,5,,Muito bom produto ,2018-04-08 00:00:00,2018-04-08 20:22:29
932e98e0aed0e5063f3def55817f19a4,dff0494b87d4607872757269757c7bb1,2,,,2018-03-10 00:00:00,2018-03-11 02:46:32
932f8c5de124d8b3f2929bd2f4c4e58c,dfe927ca4859176d7377a7543078d4b1,5,,,2018-08-18 00:00:00,2018-08-21 17:00:34
9345147cd6f14292d2db41d541b95aed,99ca85d0497f1b958fabcd12b46168e6,5,,,2017-10-24 00:00:00,2017-10-29 18:50:11
9348567d4f95c5e9793a2fd2e31e30d5,0e1c841770446e9becaf95190493901f,3,,gostei do kit e recomendo essa loja,2017-12-05 00:00:00,2017-12-05 20:52:43
934ac15f3f0c81bb01c8b920f0aa9924,67c78c07a98cbe27b5acebd87a164192,4,,,2018-04-12 00:00:00,2018-04-13 00:27:47
9355d793aacd4ec3422e7ff2bbf7f484,43d1fe9178de269c073056a519bac11f,1,Produto com avarias,Recebi o smartphone faltando componentes na caixa e com a lente da camera traseira arranhada. Parece que o produto já foi usado. Após mais de trinta dias de espera o produto vem em péssimas condições.,2018-04-27 00:00:00,2018-04-28 01:11:59
935cf0d91e70e7ee3ca6040b3a7765f4,5a29fd07d4a1b1523a932159e4648b28,5,,,2017-12-04 00:00:00,2017-12-05 16:13:43
93623428a858a3a0cf8679c420c4a8d3,cdd1432a23108f3aff0acc23792b8285,1,atraso na entrega,não recebi a entrega ainda.,2018-05-19 00:00:00,2018-05-21 11:40:16
93627ba62360e42a7a75ca89d97738d9,eb2e026bae01f340ff4c0cc9aad6aecd,4,,,2017-07-19 00:00:00,2017-07-19 19:58:54
937eb471f914c18e2202896f041aedf0,9b1c817fd98473c0a0dab2a95b5979a6,5,,,2017-08-23 00:00:00,2017-08-25 20:20:10
93801d40cc9157c2f8a48ad51370969d,4a0c442614599b83a064e2889049712c,5,,Ainda não utilizei o produto por enquanto avalio a integridade da empresa em cumprir com o contrato. Até o presente avalio como ótimo. ,2017-10-12 00:00:00,2017-10-13 00:10:58
9384b807a6db7f34a52e30075814b3f6,c5a04e8b14a30499f45857da5edfea7e,1,,Eu nao recebi meu produto. Ninguem me informa o que fazer. Já liguei e mandei email. ,2017-06-04 00:00:00,2017-06-06 09:55:36
938f28d65cc5d93cf5fb2fda6a5d804a,649c4145bbf6cdb7b096afa02bf5e299,2,,"Gostei do design do produto, é bonito. Porém muito estreito o case, um dos meus hds externos não coube na largura. O case poderia ser mais largo, 1cm q fosse, para servir no geral os hds externos.",2017-09-29 00:00:00,2017-10-09 12:30:43
93a9b580d5236a18ca62d06367afdc58,61eedf8710394769412bccced6288fff,5,,,2018-08-28 00:00:00,2018-08-28 20:43:49
93ce766fc01b3148159f6a9d61634385,db88b6343641816263ce1df8c1ad1b2a,5,,Parabéns pelo cuidado e atenção!,2017-10-21 00:00:00,2017-10-21 15:44:42
93f529187a4579f3361f118e2ad2515d,f1c5f3e9df9be5699de80cb4eec88c04,1,,"Comprei um produto e recebi um inferior. Quero receber o que comprei. 
Comprei um inflator recarregável e recebi um normal diferença de 50% do calor. Absurdo. Quero receber o que comprei",2018-03-02 00:00:00,2018-03-04 20:26:54
93f72220a2eefce8606c24ba7e121333,ec1bf6be538a31d3b13bfa67d87010ce,1,,Produto já veio com defeito não funciona ,2018-08-02 00:00:00,2018-08-02 13:53:14
93fa5d49c0e55fd6d04719f0243f7037,ddb860efe17d6082630b99db1200b1c0,5,,,2018-08-28 00:00:00,2018-08-29 01:49:40
94214a1cbd92aeeccd44f5506187282a,ab292f6c11a661dd97feca37ffe7b162,5,,,2018-04-11 00:00:00,2018-04-14 13:00:37
9447da36caa0bff79031f394fc1290f5,f8fb39acd1750678fd3d2be1d4166cf8,5,,,2017-10-24 00:00:00,2017-10-25 13:03:17
9473888a291f98595d86f848e5b3d763,a878ec01610f77e9f5ddd8bbc33b4468,5,,,2017-12-22 00:00:00,2017-12-22 23:11:42
948486cd5f6b1d69a905ac8d8d43b34f,563cc94852488599d7c665e7f9fb7ab1,5,cicero,excelente parabéns toda equipe,2018-06-10 00:00:00,2018-06-17 01:29:14
948654feaf0ba06f55958dc75fe2ac1d,4d9a297fbfa9ba6d8d70c06d4bec9ca9,3,,,2017-02-25 00:00:00,2017-03-09 00:30:40
948d8ff0dfd764294a1953fa0be7b5ea,8e037d22abe0755825b4a5bd17135b23,5,,,2018-06-29 00:00:00,2018-06-29 18:05:54
948fce74511120c2a59a943096c348b3,905cf34043925642f36abb99eea3f3d6,1,,COMPRA REALIZADA DIA 26/01/2018 E HOJE 26/02/2018 PRUDUTO NAO ENTREGUE,2018-02-23 00:00:00,2018-02-26 22:46:21
94bda7683b54d70b2d987a19d726f567,e36c63ea06394d310e4b4ce9334c0392,1,,Apresentou manchas de utilização no produto.,2018-04-17 00:00:00,2018-04-18 13:20:55
94c012459593683f8ff942148d8f68a6,323edcfa718f1be4d393578d24d3072a,5,,,2018-08-07 00:00:00,2018-08-07 23:25:29
94c3a8b54240c9cd574b74a2c2cd59a7,4c22be46e1fe5c05c6ced534449f7432,5,,Excelente,2017-11-09 00:00:00,2017-11-10 00:00:09
94c5625156947c37c984ec59263883e0,c2b170fa201b85b5a2447365d111af05,1,,"Comprei um relógio Casio e oque me foi entregue não bate com o número de série que comprei,, pelo que eu identifique parece uma réplica gostaria muito de devolver este produto ",2018-07-31 00:00:00,2018-08-02 22:19:59
94d346eaf6ab20eafcde24acf9e9cb44,6559f8884c6331e0364d9306262c779b,4,,,2018-03-20 00:00:00,2018-03-21 11:58:33
94d950a41403f4a115ab713488ddb3cd,dcd9b00fff62919c208f9e424f8b2c13,5,,"Produto perfeito, chegou antes do prazo!",2018-01-30 00:00:00,2018-02-01 21:40:37
94ee83af5bf1b8b4a39d9c868053fc00,2d3518f1b535de87ccf593d3892022af,5,,Super recomendo ,2018-03-08 00:00:00,2018-03-11 01:30:38
94f490eb11546a453a643fc7e0716b6e,a1f4cd05945a0b268d626b4183922f03,1,,,2018-02-07 00:00:00,2018-02-08 23:04:41
94f4ff835385231e34fd9f23cf4dc577,0c54f2a2eeb0c42bd55937babb4669eb,5,,,2017-07-19 00:00:00,2017-07-20 08:19:31
951044c09f00878e59e9af3a49ae6eef,a3f157a067efbb72090189af1f7b78b4,4,,ESPERO QUE ELE SUPORTE UM AR CONDICIONADO DE 12000 W,2018-04-12 00:00:00,2018-04-15 03:20:25
952786cedfae3b1743d3f2d67bd12e01,54ba74414bed49a8b13864b3e8666f57,5,chegou bem rapido,meu filho amou otimo produto,2018-08-07 00:00:00,2018-08-10 09:47:01
9528c6f7377b78f7cc8c4d4540e0198b,50aac4af5f330951d508c0c255fde322,4,Entrega rápida,A previsão para a entrega era para o dia 19/09/18 e me foi entregue no dia 26/08/18 em perfeito estado. Parabéns a todos! ,2018-08-27 00:00:00,2018-08-27 16:49:00
952b4d50bb30927773f3ddcc0733fc05,eed169e888ef45d577ec9d8972a597c6,5,,,2017-08-13 00:00:00,2017-08-14 00:53:42
9537825d8904b06ba32853212503da2e,4b56b0f11819efbf57af78ef26982ca5,5,,,2018-04-10 00:00:00,2018-04-20 00:07:39
953dfa346f73b50b38ee53c3ff2918c8,1fb66111a1c0bdc6fdaab7101429f9df,3,,,2017-10-18 00:00:00,2017-12-05 21:07:13
954a46cf54b6b923f091bb06026610d1,9c440fc86e36452b4288efbf2d65dcf5,4,,,2018-04-07 00:00:00,2018-04-08 12:23:29
954a95a9960c9d7abd06fe6978f22fd5,69fc6a373350bf068caecb8869e4f31a,3,,,2017-03-07 00:00:00,2017-03-08 23:45:14
955942ee34ced547818e56f754da2893,099a55045696dde09f58f62e8e82a542,5,Ótimo ,"Amei os produtos, organização show para meu closet!!!!",2018-06-14 00:00:00,2018-06-16 18:29:53
958072afab08ff7bdeaa28f281ea989c,0b01066982af6f2681ea9b0169f0d987,1,,A mercadoria ainda não chegou.,2018-04-08 00:00:00,2018-04-10 15:15:42
95842caa3d6de7d8516ebf436badeb61,2c32c97550e1aef2feba6d0bfa3e2c37,5,,,2018-03-11 00:00:00,2018-03-11 12:53:22
958b4f230723a622d63f21b874200461,4a484c46ae5f093eca638e3c55d3dbc2,4,,Recebi o produto conforme descrito no anuncio. Tudo em ordem.,2017-02-24 00:00:00,2017-02-25 10:47:38
95a3135743556b117d888cc8c6e12e11,f9c78e6e58306dc81efbbada1ac11f24,3,,"O produto chegou antes do prazo mas recebi um produto diferente do que mostrados na descrição e nas imagens. Uma das lampadas esta com problema

Fizemos uma notificação e estamos aguardando o retorn",2017-09-14 00:00:00,2017-09-17 11:14:08
95a6c937f3d52aee857c8b68b6928394,deb21a069a630275a86d9f571e371d22,5,,,2017-07-05 00:00:00,2017-07-08 02:45:42
95b79d19ad2f75ce123b7249ef780974,0e5dcadb0c33c96bd4c6573929a80d9f,4,,,2017-07-13 00:00:00,2017-07-13 23:09:59
95c1ec08cf1c9c8fa3f083af38d35d6f,c40e13850994649006f28cc890cc4c64,5,,Excelente vendedor. Recomendo.,2018-08-25 00:00:00,2018-08-27 14:29:38
95d5f7e23cfd1434dd905e6ae89f09f5,622db91c93396e938ca004d8303dba6c,5,,,2018-07-12 00:00:00,2018-07-12 22:25:50
95ddf97d294646fe0b04156a799d07da,6b0e4ed8dcbabec5410a8b28f0405cd6,5,Lustre duplo aramado,"Super recomendo 
Amei os produtos ",2018-07-14 00:00:00,2018-07-16 20:03:48
95e794e559248a0624bd784971f4e377,b0aab812f60f61971b4695951d09766d,1,,,2017-03-03 00:00:00,2017-03-06 04:40:39
95f39a6d088b7b7ac70f978fbcddf161,34984c4e45c628649f0e6c60a8f626f9,5,,,2018-06-02 00:00:00,2018-06-04 19:35:49
95ffa9b27fc6f6c880d38bf2afb28e52,48182f93c2c0bc28cb145431fa5bcc16,5,,,2018-07-31 00:00:00,2018-08-01 12:37:19
9608ca40258158e77a6a83b33f30ada6,b6b375071cc968750ab3deded827b864,1,,"Produto com qualidade inferior à esperada 
",2017-07-25 00:00:00,2017-07-26 16:33:15
960a1ad96fd144fd5bf08ceea2201f46,abdc66adfb59c21caa145e7791e59a25,5,muito boa,,2018-04-28 00:00:00,2018-05-08 23:20:20
9618cadd61da63a878df71a4645613dd,d72c87644eeb5b1c8658e9a34ad13f50,4,,,2018-08-09 00:00:00,2018-08-10 12:02:52
962b8a68c6027fbd9244e0df436d3405,4921567919029aa0950f3ebec0f91169,5,,,2018-06-23 00:00:00,2018-06-26 01:11:44
96395644988d1648cff7489e1150adef,1e3dad2b395168bf9948b5bd80c7258c,5,,,2017-06-17 00:00:00,2017-06-19 23:55:08
9643c1c176577e21cba4acc0b7932026,d3320c7579b87d355511ba06b4d18aa4,5,,"O produto atende as especificações. É bem simples, mas condiz com o valor. Ficou bonito na cama.",2018-03-30 00:00:00,2018-04-04 13:45:40
9649e60a77b60208b8d190c05c6682bd,64c8d713a96944349d954eb4bd62e6d5,1,,O produto veio com defeito,2018-08-23 00:00:00,2018-08-26 12:19:31
964a4c3e1a4d2c1a37886e9fc0bfccb1,1bf3cf4f3a842f629a7a52e336d96263,5,,,2017-07-12 00:00:00,2017-07-13 11:11:12
964a8e9cbec55cd520b489915fad9661,5c092582307d1169e1a475648c90003f,1,,Comprei o produto há mais de 20 dias úteis e ainda não foi entregue.,2017-12-24 00:00:00,2017-12-26 12:23:36
964b54e2b7615546e3986b4519e8f4dc,fd8ae066cb36d75d6a3679bb30370c39,5,"Recomendo, aprovado ",Muito bom adorei o produto super recomendo. Chegou bem rápido. ,2018-08-17 00:00:00,2018-08-17 20:03:01
964cd653d2eb40fc1338fd94985378f4,9e24613b913b312f009ec05b56b339d4,5,,,2017-05-12 00:00:00,2017-05-16 16:17:06
964d826bcc1aa69a7d720e9236b40724,5b1c6bad461d722c0e428b2ad4e5cafe,4,,"A colcha é macia e bonita, porém, eu esperava que tivesse um tamanho um pouco maior. Mas o produto é sim muito bom.
",2017-04-04 00:00:00,2017-04-05 14:42:02
9650782d878fcba109ac9fe7e2c7aa1e,afd0dbbab8e90d099aaccdd8ed7d5f26,5,,,2018-06-19 00:00:00,2018-06-22 14:05:41
965cab354e78b716916a20efb0abc481,f7f3b76959c6fadfb61d9c5474b885e7,1,,,2018-08-22 00:00:00,2018-08-22 11:28:21
966348eed46686e69f2f456dd9534870,b24f4b97e574bf36072e9bd1a8fe042c,4,Recomendo,"O produto chegou antes do prazo informado, bem acondicionado. Ainda estou testando o celular, mas aparentemente não é ruim.",2018-08-28 00:00:00,2018-08-29 11:17:22
967d342309a4ad0de2fa8958882b7aa4,efacca5eaae8bd32666ea169089f3e59,5,,Responsável ,2017-05-10 00:00:00,2017-05-11 11:46:30
96813c044224f5c1ea4226e2083b1f9a,044d94a4ac73b24fe28ff5293ac35bd8,2,,recebi 2 dos 3 produtos desejados ,2017-06-27 00:00:00,2017-06-29 13:36:26
968ac8904d470a9c60fc56500cdaf83a,c4ee04fd6b5632ac5b0b3c6834a9f3cd,5,Compra perfeita,"Compra, produto e entrega ok. Recomendo!",2018-07-11 00:00:00,2018-07-13 19:48:13
969f92ec0d1ed31eb1db6701a57d0dd2,c3f76f14ce3587ab9df86c8caaac928c,4,super recomendo,satisfeita e recomendo,2018-06-05 00:00:00,2018-06-06 15:07:33
96ad0f3404512a2eb5d5686c21906fb9,2f6ce0fc6861201ce7e46d0b67ca0dc6,3,,,2018-02-15 00:00:00,2018-02-16 01:02:12
96b0620a8e09ce02f2b1d52b15af1442,d983124667a44e540ef9ab35c37c486e,2,,"Recebi o produto, porém, veio sem nota fiscal do produto. ",2018-02-16 00:00:00,2018-02-17 00:01:18
96b0aa5ecc991cc60c5ede5aab485e44,729bf6aed8c44bca10dba0fc98328fd0,4,,,2018-02-20 00:00:00,2018-02-21 15:23:00
96b9fe8715419130df56879551307612,3745b3f4f984381ce40a6804a2be23ea,5,,,2017-04-18 00:00:00,2017-04-18 20:47:41
96c4cb4bc3a4c3dc2d32e71447fe6ecb,2dc8ae13ff86f4dcefb60ddfbaf43df8,5,,Entrega rápida! ,2017-05-05 00:00:00,2017-05-06 01:16:06
96e5ecbc9aeef6bbde04819106e9d9ef,354a5b90cf468691c4b06debfd2c8115,5,,,2017-02-16 00:00:00,2017-02-16 22:50:24
96e861ebed354fa0072e0d423c056eda,79f7d697719bb0bd65cf1a1c5fc67348,5,,,2018-06-20 00:00:00,2018-06-22 19:52:23
96ebedb9cf17e38df3237b024079ad4d,ec13417c22246237142725ec35601c99,5,,entrega ante do prazo produto muito bom.,2017-10-05 00:00:00,2017-10-05 20:52:53
970bd1fd0482b3e0e15769800de6a7a5,9f2b23380dcf7e8f6984dbbf19bb3e3f,2,,"Muiita demora na entrega do produto. Protu comprado em 03/03/2018, e até hoje não foi entregue (19/03/2018).",2018-03-17 00:00:00,2018-03-19 12:06:02
970d116dff1c32cf15efb6cc4b92dcc7,d67fdefdd78c824692a1f0cab56e71c5,3,Lindo porém frágil.,"O pendente é lindo, vermelho super brilhante igual na foto mesmo, porém o alumínio é muito fino e frágil, se tivesse visto o material antes provavelmente não teria optado por ele",2018-05-01 00:00:00,2018-05-03 00:09:35
972ef50582e61d626f5e2d8dca71a0cf,81d6ac4e9d7c1c677ea8d5d128e7f659,4,,,2018-05-22 00:00:00,2018-05-26 19:45:31
97317aba7e4b6e291e75a57123f09355,c1b946b2592023776151752222cd31e7,5,,,2018-04-17 00:00:00,2018-04-18 00:54:52
973acaadf9fb05a5c8be5540310c795e,6e6527028de694ccade37f5a15a6d84a,1,,Estou aguando o meu produto que não chegou dentro do prazo ,2017-12-19 00:00:00,2017-12-19 13:11:18
97411f94ebde035db136bcf35243c1dc,310665e6326967af1b7df9e9ce885ff6,3,,,2017-11-15 00:00:00,2017-11-21 11:41:24
974c9391e455a46c9f36a748a2e8b97e,b9cd12cbf3bc726135ede88877aca4bf,4,,"ainda não utilizei o produto, mas em chegou em tempo, em condições aequadas de embalagem.",2017-07-18 00:00:00,2017-07-21 11:41:28
974d8737076dff0cb68bb10d12eec0f8,37921782093cc3bbeec6354572683718,5,,,2017-11-24 00:00:00,2017-11-26 21:47:29
975ab95917f04820592f02dee906a157,4fde26fa2510c48a5de5fd2fd876745d,5,,,2017-05-18 00:00:00,2017-05-20 11:13:23
9760ae4a6c2a654484f094a3f81f3311,97ae631fa495a9b1e3a4b4f14379846c,2,,,2018-08-28 00:00:00,2018-08-28 23:08:17
9769d8e11e979d811b7d70bb0e15bbab,31ffe8189e41e4bbad1c872b804c6bfd,5,,,2017-04-21 00:00:00,2017-04-22 21:41:40
977431a1f7a33d41da65508b383c46dc,3aa0bcd95f24f4a91c0ca3f0a160ec9f,3,,O produto foi entregue em tempo mas ao tirar do pacote e abrir quebrou.,2017-07-14 00:00:00,2017-07-22 10:26:49
979c366bd1ab63acee6f50c32be7ecc2,12b66545947857f58986d526e908c0a0,3,,,2018-02-24 00:00:00,2018-02-26 17:03:28
97d73030eb57403db1f1708d072647b9,8382255ca7fdc3ec278ab4c83aef9122,3,,Foi entregue com atraso mas do correio não dá loja,2018-01-19 00:00:00,2018-01-19 23:00:50
97ec2b5493793c1317c7bee94c770f28,a65123674e1b3ffde2fff9af8c009f30,3,,Só o erro e quando pedir um produto manda o certo ok,2018-01-31 00:00:00,2018-02-04 12:40:57
980876ef0cb01abd700a819df9bb109d,59f0c755f151fc512bfc8a38e3b192ba,5,,,2017-10-17 00:00:00,2017-10-19 18:18:21
9828935505d2a858580d91fc3311c565,402094e1d8f8b5f681f962bc2554345a,2,,"Sr. Diretor| vieram apenas 2 unidades de luminária de cone pendente na cor amarelo, uma cx. com 10 lâmpadas led de 10 wats. FALTANDO UMA LUMINÁRIA PENDENTE DE COR BRANCA COM ABORDA DE COR AMARELO",2017-12-14 00:00:00,2017-12-17 12:06:26
9868533a30cfc5e245d2a50dda6d29f1,5d04adb20b546fc5628d3f926b5fe37c,5,,,2018-04-20 00:00:00,2018-04-23 18:26:20
986b2e6308248189bdcbdefff29b2b0b,a7737f6d9208dd56ea498a322ed3c37f,4,,,2017-11-07 00:00:00,2017-11-07 14:27:18
9895f6df89ca75db0e6a442430cd66e4,37ebc8f9d2308911382c1fd433ba3b7a,5,,Cadeira chegou em perfeito estado. Muito boa!,2018-02-20 00:00:00,2018-02-22 21:40:53
989d6baa4f2f2dc2c03dda1daef5a6e1,a483ffe0ce133740ab12ebcba8a3ccf9,1,,"Pessimo vendedor, foi entregue parte do Pedido, e os que vieram são errados, comprei 60XL color veio 60XL Preto",2018-01-20 00:00:00,2018-01-22 10:36:54
98ab7e2b335b1e18e5abaa088e639994,7ecfe10bb4477fa530dbbcca49916468,5,,,2018-04-21 00:00:00,2018-04-25 16:05:21
98aca11bf4ba0be467e67999fe8de72a,4c520618a0cc5957cd116b12a553770d,1,,Não recomendo essa transportadora targaryen eles falaram que vieram entregar aqui em casa um dia após eu ter feito a compra e não vinheram eu mesma tive que retirar no correio no fim do mundo AFF ,2017-10-31 00:00:00,2017-11-03 01:34:36
98ace8d4b74adc4ab60a94ecebe4a313,9804e30eb21a5fe72b152d69138887e9,2,,,2017-07-25 00:00:00,2017-07-27 23:26:46
98dcc373aee832aadf88302cbf704f2f,6a96e0fe44fbaf356a77f9cc21365334,4,,,2018-01-30 00:00:00,2018-01-30 23:45:45
98e4d6fe0476b6a7ebf2fb190a0177ee,986eb0e0707439d7852369091e0fa8d9,4,,,2018-05-22 00:00:00,2018-05-23 01:13:28
98e9abff81a4968230b01acac753828e,5340b130e66f95396ce83ee3f6d36ee4,4,Recomendo,pedido entregue no prazo,2018-08-01 00:00:00,2018-08-04 17:54:21
98ebeab901ad63fc788ec7c71342fd3d,421e787a5dec780e5db14facee9bdab5,5,,RECEBI DIREITINHO E RAPIDO. COMPRAREI NOVAMENTE.,2018-01-20 00:00:00,2018-01-24 10:13:38
98ee53c394ad7d39a800e8b1c004b44a,ab97ff9b268ca7e6f9f741cd843363e3,4,,,2017-12-07 00:00:00,2017-12-08 13:08:22
990b9ddc9d9bcd3b9c7da72d6fda5db5,5985ffeab1ed2339fe93d713e2c48db8,5,,"Muito satisfeito estão de parabens,super recomendo",2017-10-05 00:00:00,2017-10-07 10:42:59
990d9ea43dd403d4ce7cb22ae8ca7968,26f078c600b86ed6c916be331d3dc1b0,5,,Recebi produto,2018-08-18 00:00:00,2018-09-03 15:10:20
99162cb46cd4a6cd86318f908600acde,34d91b022de394cf98320a2109457501,5,,,2018-04-25 00:00:00,2018-04-26 01:16:06
991fcba8b650fa3139109cdc7b73cd35,82bfafb84a5843f06b8c3983edb1883b,3,,"o produto parece ser de bom corino, mas suas presilhas de elástico se arrebentam, o velcro mal costurado se solta, não tem furos para os encostos de cabeça tudo tem que fazer, danificando o banco ",2017-02-11 00:00:00,2017-02-12 10:19:38
993e470d4dae920e16acf63dc7884191,810233b1d86cfaff1b46b1458f7d0a41,5,,,2017-11-24 00:00:00,2017-11-28 19:42:26
995536bb9c5df034bb6a509c27e155e2,757b85709c71afdd65579b82b1f5401c,4,,Protudo ta em teste ainda,2018-04-07 00:00:00,2018-04-07 14:20:22
9959b8fe4f82a3ab37ec0b1829e34442,4a0b592d4d6082de8155698ca49c6345,4,Rápido,Chegou super rápido. Comprei 4 produtos. O que não entendi é que cada um veio em uma caixa separado. Poderia ser na mesma. Achei desperdício. O mesmo produto e embalados separados.,2018-08-01 00:00:00,2018-08-01 22:35:09
995f9cbc253d7895d39ce7f81e4b39b6,4b06d0583c7ba03f377c15729a3c69dc,5,,,2017-12-19 00:00:00,2017-12-20 19:11:25
9968ea097d2a1593dd475d8f47db3a7c,304bf410920449182fb3294bc7405597,4,,,2017-12-18 00:00:00,2018-01-08 10:15:51
996e808c4368a9085838cca277684daf,6f103e04419629871125495a575f26f7,5,,Produto chegou em perfeitas condições. Entrega no prazo. ,2017-09-15 00:00:00,2017-09-18 18:07:38
99740a3d8e076728c028ba7afbec5e4b,f280cc89e43c0261d95d1ee72a78cb8b,3,,,2018-03-10 00:00:00,2018-03-12 18:23:14
9980f3a5664ad72cfe3d078359078397,cb599c234fc71be7c137179b6d473a30,1,,Não recebi o produto...Não fui orientado....Não me ligaram....Estou muito puto!,2018-02-24 00:00:00,2018-02-24 20:09:52
9989d03266cc493aff3cf7f9a48b3d8e,efbc31f25e73773a418a59dcd5ee7fee,5,,,2017-12-28 00:00:00,2018-01-02 09:23:44
998ab461a3580ea262ebd0f83cf90fa5,f9114a9615fd4c8a09fa0768afb4a8f6,5,,,2018-03-22 00:00:00,2018-03-24 22:20:05
998c7669ad814a4b07ed4b5f66777fcd,ce9c02c63ccfd380ecd3ccf5e8894f96,5,,CHEGOU ANTES DO PRAZO,2017-11-14 00:00:00,2017-11-19 23:55:19
99903107a252f43f975ea0915271716c,37113d4a4b32eb2a62556a3688dc0277,4,,,2017-12-21 00:00:00,2017-12-22 09:38:51
99abdce1cf23d45762bd90872fcefdb5,7e460703dd3adb450213b20170a237f6,5,,,2018-03-09 00:00:00,2018-03-10 15:41:09
99ccd0842fbfa3fe9e7fcd6adb38b48c,ce9348af8cd4c5166a650a1c840f2b28,5,,Recomendo ,2018-01-30 00:00:00,2018-01-30 23:19:13
99d3c7ca1cc7cfa581be474c232a3358,5c72a1e93e4f43b00cde64df569c2155,5,,,2018-01-17 00:00:00,2018-01-17 21:15:24
99e564ca327372a458779d2b37885a5d,4e26917edee71b496c27c12c72640436,2,,Trabalhem para reduzir o prazo de entrega. Não sei se compraria novamente através do site.,2017-04-14 00:00:00,2017-04-17 01:00:24
99e62ac9bd8af67ec60d65fd3cfdf87c,95e4477d8423c69a93c55d840e02d9ba,4,,Recebi certinho chegou antes do prazo pelos correios,2017-02-10 00:00:00,2017-02-10 18:21:15
99eb1c8cdfa41ad49f5352ea7eaef81f,de6db4f3c511147d4ab0a44149a38960,5,Entrega super rápida,"Recebi o produto muito bem embalado, e bem antes da data prevista. Estou satisfeito. Recomendo.",2018-05-22 00:00:00,2018-05-22 19:04:57
9a0dd358efe781e9c884b701f2d9c87f,5922f7c7645fe4c84b8074f7574dcacf,4,,O produto veio apenas com alguns arranhados.,2017-07-11 00:00:00,2017-07-12 01:21:27
9a10c75418c7973955299f3755a1fe0c,c33a8aa2dd5053d9fc89793f94229ab4,4,,,2017-04-04 00:00:00,2017-04-07 13:55:06
9a15aefce750b8b113b745ffe25b89d1,92e84486f579af569ada10423502d997,5,produto ótimo,"produto chegou no prazo, veio bem embalado e certinho a especificaçao.",2018-06-29 00:00:00,2018-07-02 17:41:39
9a24aceed5bb5dc1528b8d71fe858fd5,9345b6d9c1df4782997d1f2157647d63,5,,,2018-02-08 00:00:00,2018-02-08 22:31:21
9a2bfdac92f258c42533ab6c9beb1d47,266a1f6959fbb6cd5b50201b10a0d46f,4,,,2018-04-26 00:00:00,2018-04-26 19:02:10
9a34700b85ee3408487fa555dfad57d4,e128a277a345197ba9155d63c2666f99,5,Muito bom,,2018-06-27 00:00:00,2018-06-27 22:26:59
9a38411e0432f43dd3db1570c35005d5,9e9457385ec61a477390b14f317686c2,4,,,2017-12-22 00:00:00,2017-12-22 20:47:54
9a5ea4c584dfe997ad201bb483c7b8b8,816d8c857c3f15aa8b8dd70be0744d20,5,recomendo,sempre que faco compras recebo direitinho os produtos,2018-07-10 00:00:00,2018-08-01 18:58:38
9a6442db4a50c0bc2be71d4bdc997f4c,b22d306e18b3b665d49f2ce7d060742e,5,,,2017-04-01 00:00:00,2017-04-03 00:27:44
9a66089c24c8f699925a27f174ac6690,1ed8d07471dcc2832eb42d1507847102,5,,"Excelente produto , facilita muito na limpeza diária .Foi entregue antes do prazo , eu recomendo 👍",2017-05-30 00:00:00,2017-05-31 22:09:34
9a6ed2d8aff06a8a18b189770c51435f,c645c38b97d82c6a042adcf18df3daf3,5,,Ótimo,2017-12-07 00:00:00,2017-12-07 04:58:13
9a7df3dd5d627fbea9f21801cdae60bf,f97038209977e4fcbbbb7ca58e55bc1b,5,,Produto de boa qualidade e a Loja Americana entregou antes do prazo.,2018-04-01 00:00:00,2018-04-04 12:07:47
9a85a070a66237ad2521efbe81ec4b59,4ceb9336411700f9568db2ef11bda594,5,,"O pedido chegou antes do previsto, tudo entregue corretamente.",2017-01-27 00:00:00,2017-01-30 13:18:10
9a95bd6621368287aa062e09214bd17f,f97b22f43ebe3a849c11dec2d26ad2d9,3,,,2018-05-16 00:00:00,2018-05-16 22:20:01
9ab38ffe083a6a858c7c78ad89cc8fa6,b87f290b049eb668936a0f94149a1e2f,5,,"Rápida, Pratico.",2017-05-30 00:00:00,2017-05-31 13:40:27
9ada8b48b97dd483d1fb3833a7e703e6,dd25b9c9ad6b58c1431edea24eeca196,4,Produto certo,Recebido no prazo e conforme especificações. Recomendo.,2018-06-30 00:00:00,2018-06-30 21:32:25
9b04b6c2b3ec1b0d0548ca3cbac11b5c,96fbf81fa0815632ed37610e1ab103b6,5,,,2017-07-25 00:00:00,2017-07-29 18:00:07
9b09f24d75ce1bf0ac4b05d6dad8729c,7d0c53f67b84e94a751d09f03fe58e99,5,Bom,Bom,2018-08-10 00:00:00,2018-08-12 18:28:01
9b128df07a15b6daaf0870eff3ae267c,e247a0570d308da27cd7f349902e66f8,3,,Cancelei o pedido 30 vezes mas a lannister continua mandando mensagens.,2018-04-04 00:00:00,2018-04-04 11:40:00
9b28749f2638d3e5f8248c4ecb4b9bb8,eb56ddfc112b49241ad368f44da00dc3,4,,,2017-11-26 00:00:00,2017-11-26 18:17:29
9b5a8bef8fcee982224c9672bacf86f6,da4de3d19e5b90636ab88e1919fdd00e,1,Péssimo,Não recebi o produto corretamente e não obtive resposta ao questionamento que fiz. Comprei o produto com 120 cápsulas e recebi apenas o de 60 cápsulas.,2018-05-17 00:00:00,2018-05-20 21:13:17
9b60c1e3481b000687e6f573de377e12,728795566669c2f36ab5118fcde3af33,5,targaryen 10. lannister 0.,"Comprei o produto em Junho. Após pagto disseram q não tinham o produto em estoque e propuseram vale ou dinheiro em 10d úteis.

Vencida pelo cansaço, refiz a compra e deu certo 2 meses depois.",2018-08-18 00:00:00,2018-08-19 17:55:29
9b944ac590fe75604bfea6669340dee2,71564d5e5450bf310e411bc3087b2903,5,,,2018-06-23 00:00:00,2018-06-23 22:32:42
9b9ce7ab5c8c8c1f162e69c34c31339c,4cc00a9ac85dee3a197d788b827da7e8,1,,Não recebi o produto ,2017-12-30 00:00:00,2018-01-01 06:23:37
9bc66edafab4f5c232ce2794e1d986b2,0d387b5d8e636190398548a221d4185d,5,,,2018-06-14 00:00:00,2018-06-16 17:08:57
9bdb93e1339cdbc9bbfd95c5df00f82b,72b9d86fe4e984d9879013b9ecbb25db,5,,,2018-04-24 00:00:00,2018-04-25 20:28:48
9be2df63439af33e468d667e510df53e,d15b257b7d9942a18c578ac0b3483139,5,,,2018-08-28 00:00:00,2018-08-29 02:10:00
9bef87b04ee04cec68f23c1844f7ce03,b07244447d6e71d93891e79c556a7fc0,5,Mega satisfeito!!,"Entrega muuuuito antes do prazo!! 
Produto muito bom, bom acabamento e encaixe perfeito!! ",2018-08-21 00:00:00,2018-08-22 01:06:15
9bff287f79111762f6da9163dd0ab70d,669833f6af7254475316c8960bf742fc,5,Otimo,Antes da data ,2018-07-04 00:00:00,2018-07-05 00:57:58
9c0167dccdcc71c78c2889f9bcc13d56,914ccbb5110ed49b96c301b5fbf8d629,4,bom.,"O produto foi entregue antes do prazo, porém, está desmontado em caixas, como devo proceder para a solicitar a montagem. 
Aguardo, por favor, um retorno para as devidas providencias. 
Muito obrigado",2018-05-19 00:00:00,2018-05-21 12:09:55
9c076b9237b825e6485b799280b9d481,3ae4d97402b1cec4506cad07762d0adc,5,,Bem confiável,2017-05-03 00:00:00,2017-05-08 11:02:51
9c0a8bf7b1d6d4cc10e4d743634599a5,806d19127814e557e910ad0c90891886,5,,"Excelente produto, de ótima qualidade, chegou a encomenda antes do prazo estipulado. Recomendo o produto e a loja.",2017-06-02 00:00:00,2017-06-05 16:47:06
9c0ba0494a2e6e769ba8fc6d67d371a8,f8b8a77937cd83cba18622b9e1e2681f,5,,,2017-10-18 00:00:00,2017-10-19 11:23:51
9c2e7b47b548dc84b0ebf46200377874,840fba0867d6686cd4a428f76d01f97e,5,,,2017-10-21 00:00:00,2017-10-21 22:24:37
9c4c6f476bd5b9c250e7f7bd8a8af571,3b2cfa22d9226264ad6c05510c4a3ef3,4,,"Estou avaliando a fixação do perfume, pois achei diferença de cor do líquido do que eu já possuo.",2017-07-26 00:00:00,2017-07-27 17:04:31
9c523a0263f13d4050bce552e7dfc83e,af6ed18f03a877659659ed9467c7cd9e,2,,,2017-03-22 00:00:00,2017-03-24 12:05:24
9c73afcd189a6cbdb56afa7f80aa77e3,7ef3a4439f550deadd7bc3891b2f6242,5,,Gostei entregou o produto certo e até antes do prazo estipulado. muito bom!!,2017-11-15 00:00:00,2017-11-16 16:30:00
9c786697840ad52b699938fe728f9960,56beb5fd73b90e8bc46a9d551c30340f,4,,Muito bom,2017-10-22 00:00:00,2017-10-24 17:56:20
9c8b1be3f3130403e81086f303b57d6c,f655ae6fff7b523b34ac845cd918b87f,5,,,2018-07-03 00:00:00,2018-07-04 14:55:58
9c90b3e21233d46f6f37a7cd31f8c789,606135eee1f82ed9f028183c267aa8d8,4,,,2017-05-31 00:00:00,2017-06-01 13:40:26
9c914e29b623743b1b8e90212e72b66e,11fd51275a43d1590816139eaca0bf94,5,,Parabéns a loja por ter entregue o produto anunciado e antes do prazo previsto!! Produto muito bom conforme o esperado!!,2018-03-06 00:00:00,2018-03-07 10:41:24
9ca7a6782e054c92e56da06bb84d9a52,404e2c2a9c8b32e2c57597440e356f2f,1,,ainda nao recebi e a ultima informacao sobre p produto e do dia 08/12/2017.,2018-01-04 00:00:00,2018-01-04 12:12:16
9cbeb6619c3129d80f54a682df05606b,94179e454a575df8240e5f5246490129,5,,Aconselho a comprar nesta loja e entrega antes do prazo.,2017-05-16 00:00:00,2017-05-16 13:07:05
9cc8d7bd258c9fce428c83b2c3215138,48b3645f62cbacd4396279c43e8fb4b2,5,,,2017-11-24 00:00:00,2017-11-26 17:56:23
9ce226cfe0d821a5f74b1e081d8a83b4,caa6045d366628b2fe9115e7e99bd399,4,,Um pouco demorado mas dentro de prazo. Tudo ok,2017-12-28 00:00:00,2017-12-30 00:01:35
9cedb64aa183e57c9dd1b0ee14b536d7,f1e21bf02dd5a9f69c64397ef7bd0433,5,,,2018-03-21 00:00:00,2018-03-26 11:51:39
9cf48cb5d02087d8b4f1aae12a1ed29a,9f827631dbbe551d3b830ab61fa3919b,5,,,2017-04-12 00:00:00,2017-04-13 13:57:19
9d0796cafe08bb0cb55874a82204d4c5,cf26282d538d870cf5e212b2f6c572b5,2,,"A empresa precisa fazer um estudo dos correios para onde vão a mercadoria, ainda não recebi o produto pois o mesmo está preso desdo dia 22/11 em um correio de reputação ruim.",2017-11-23 00:00:00,2017-11-25 10:56:11
9d38cae400f386d398c1a7fd581b7121,e02e125437cc2226be342ae222e83a15,5,,,2018-07-24 00:00:00,2018-07-30 11:22:29
9d3a18282d366a287b6e22d563447116,db5ffcf21d69f57af9556fedec62a95a,5,,,2018-04-14 00:00:00,2018-04-16 12:22:05
9d5537ed0272fa5dd7d620dd3e86f68e,242c9821e1036401ddc1d061ffcb034c,5,,,2018-05-11 00:00:00,2018-05-12 23:49:24
9d71557d825f015e8924d2e75f9c83d6,6aad3bed746944c70143bcbcadb6c5ab,3,,,2018-06-12 00:00:00,2018-06-16 01:16:07
9d80b08186e6237190cfa482e909ab78,6e3e15bde53821ada4e7c475f2f98dcc,4,,Muito bom entregaram antes do prazo ,2017-06-21 00:00:00,2017-06-21 23:30:52
9d88de3dfdee595681d37a3aca23b0b9,ab98ff74321e38f5374c79cd84819ec8,1,,Está faltando um relogio.,2018-03-24 00:00:00,2018-03-25 00:20:29
9d8f1010a4422d4cb83d8ec8574e53d5,ab2f2b70a35105e169d9fba7a65d3ac0,5,,Produto entregue bem antes do prazo e tudo em ordem!!!,2017-03-04 00:00:00,2017-03-06 13:21:41
9d98dc46088ac99aa7fb5c17e231f984,a8f7154bb991a05d09b8175c2e50364e,5,Recomendada a Loja,,2018-07-03 00:00:00,2018-07-03 23:54:57
9dad94dce5cce19925015c19ac361551,618f64df06c611bd4ea802bafba3e20c,5,,,2018-08-14 00:00:00,2018-08-17 00:00:13
9db41636858d14314685cee2cab2f90c,c284a43b72cd107402733c5bfe5678bf,5,,,2017-08-29 00:00:00,2017-08-30 13:33:25
9db6d55af85d9d68dfb27a3326919cb7,fcc13f1fc01aacaf59da3b5bbc2e1b9e,3,,,2018-05-17 00:00:00,2018-05-20 22:12:38
9dc3b3f081668e5673520176c7879686,e834b1811f1b453f8c3c5823249b852d,5,,Adorei,2018-02-15 00:00:00,2018-02-16 11:34:43
9dc50077272395ec4c7dcf0ff89be4fa,c5a468ae781ffb0ec6d36ae89fe512b0,5,,Super Recomendo..Um encanto :-),2017-01-21 00:00:00,2017-01-23 09:57:30
9dc570f9207a301eaa610e73dc14c632,841f22552ef7bc21e205df35283025c4,4,,,2018-06-27 00:00:00,2018-06-29 15:14:55
9dd318c1ce63cf583e66302a6e4ab6f9,0197416059c0e56b5344bf2188066317,1,,,2018-08-25 00:00:00,2018-10-03 12:54:19
9dd82c651799bbaeabfd11deed989cd4,2ed4a7943bbe7f0641a9b23dde2241ec,1,,"Mandou o produto errado e ate hoje não entrou em contado para tentar solucionar o problema, Péssima loja.",2017-08-30 00:00:00,2017-09-05 13:55:57
9df28da07b8f84b12c2eb3ab71a51459,4b8e7877b3a106b2df0a75470a397339,4,,,2018-04-12 00:00:00,2018-04-16 12:51:39
9e25d6e3025e9b9a0fc7f03588d33e2b,869997fbe01f39d184956b5c6bccfdbe,1,Razoavel,Peço um produto por um código e vem outro totalmente diferente.,2018-08-31 00:00:00,2018-09-03 09:33:00
9e279f84aa0144467359bd8294eed84f,acdaa16a13bbe2ca9983c730d0e29c2c,5,,,2017-08-02 00:00:00,2017-08-03 10:30:29
9e2b89b175b2c965043ce65bf8c1a9d5,31c5b1c46eed53925a1f2feb3493ba31,4,,"O produto chegou dentro do prazo e com a caixa lacrada, mas ainda não testei.",2017-10-02 00:00:00,2017-10-06 02:48:13
9e2f407a1ecb9335e1acdb76d04ed503,6b2b0edb95053b55efeb09177b6510c3,5,,"Somente tive problema na entrega. Quando o produto chegava em minha residência, eu não estava em casa. Houve desencontro. Sugiro que vocês liguem antes da entrega para evitar desen-
contros.",2017-07-22 00:00:00,2017-07-23 22:29:49
9e48602d518a985e50f02926834be024,3c8ac84fe0d090d76cb65e2db3bdefbf,5,,Chegou antes do prazo estipulado e bem embalado. ,2017-11-23 00:00:00,2017-11-25 20:24:57
9e51d3dcb9189e57ff2025c80d830a91,58fa3cd471625c6384fc92e41508b3a6,4,,Produto excelente,2018-02-03 00:00:00,2018-02-05 20:32:15
9e636a877998fb3eff031bf86c2a9692,c724a4299403a06db6a91f12801f845a,5,,Chegou bem antes do prazo em perfeita condições conforme o meu pedido,2017-12-19 00:00:00,2017-12-24 19:37:29
9e6c2d731d510bf52c69c3c8e0332707,186748dbc47f9d6cf119fe3ce8be3ea7,5,,"Apesar da boa relação preço/qualidade e de que a mesa foi entre quase 1 mês antes do que avisam no momento da compra, ainda assim levou uns 25 dias para entregar um móvel tão simples.",2018-03-03 00:00:00,2018-03-05 23:40:26
9e73224bfc19fbe745ea074feac838ce,f7b919c0d2c64a38f645de0bb6f20e4e,4,,,2017-11-28 00:00:00,2017-11-28 15:43:07
9e820b2333b90253be116475bb78b70f,2aea39f518e5af3c58b9047d5f0e5e0e,4,,,2018-02-10 00:00:00,2018-02-10 20:43:30
9e8f798416f8b1f81ace8fa80fcfc1f0,439f6d37b8ba10b7ba975f29ed951beb,5,,,2018-08-22 00:00:00,2018-08-22 19:20:27
9eb93ff75b36d683ad9093b3fcd129ee,a5b36a263c9692d52e2243b9ef05c6d6,5,,,2018-06-26 00:00:00,2018-06-26 19:40:36
9ec909f70b42eae03a60a98dc5b97ea4,4ba6cf8c58812d65edc6a67cf37c4aeb,4,,,2018-06-30 00:00:00,2018-07-01 01:41:45
9ec9e06f965ea453352fcadb73a310ef,78d1ad5b65aecc8f61c0fab7b28e8281,4,,,2018-04-05 00:00:00,2018-04-07 20:04:52
9edabb7172e113d84d164066258b7f1c,434455c454a49013064dfa54585892fc,5,,,2018-04-10 00:00:00,2018-04-10 14:31:55
9ee6f8e7b724c555ee222d0297f512a0,2c4194cb7130f5749ed2f4e8d7328b0d,5,,,2018-05-05 00:00:00,2018-05-08 11:33:01
9ee90ebb2f4cf9075ee2707edc5f3717,3ab3084e2fd91af8e021237e7bf08cac,5,,,2018-07-31 00:00:00,2018-08-01 00:32:28
9eea461bc3bd92693f578682ce81451e,ec6d1b017b14b90d5c60fcfdc2b7216e,5,,,2018-08-01 00:00:00,2018-08-04 10:45:26
9efbe374e067c255edaf4089400c62b7,5b5270acff888d4eaf14966f98eabd54,5,,,2018-04-28 00:00:00,2018-04-29 22:52:17
9f009cf69554f808ce6f451c8035bb27,1d3e89c83af0905d749a8d07aac56855,5,Super recomendo,"Parabéns!!
Produto chegou rapidinho e muito bem embalado.",2018-08-18 00:00:00,2018-08-22 15:23:34
9f019401b5ea4ff08cdfcccc92aa7703,0fdcadc1ea2d7ca9f59b5085aad894ad,5,,,2018-01-24 00:00:00,2018-01-24 19:47:38
9f084c1a0f4b9e655e56ec22b3d90874,a1e92d086f682e6d8a328e19e14e0621,5,,,2018-01-30 00:00:00,2018-02-01 22:30:53
9f0fc876b58124396bf11d45e2580066,f76722e1f5bbed6240fe01d579139c3f,4,,,2017-12-19 00:00:00,2017-12-20 10:53:48
9f2780b4da4a36f45eb3eb3986f4d2a2,f69425cdf960af0610de624359fd6a04,3,,,2018-02-16 00:00:00,2018-02-19 00:10:11
9f2b2dee044af4983b7728ff87f43564,0a79d1506c2e0249c9aff8723bcf51e9,1,demora na entrega ,atér o momento não recebi meu quadro!,2018-06-03 00:00:00,2018-06-06 15:55:31
9f2d41929815ed9877f3da6897fd1bfa,c6be81e3c1e9e15e5893e19d7ce49647,1,,"Primeiro me ligaram que não tinha a cor que escolhi no site. Posteriormente, recebo um mouse com fio (sendo que comprei sem fio) e não é um mouse gamer (conforme consta no anúncio). Péssimo produto.",2017-02-03 00:00:00,2017-02-04 11:15:15
9f471c3db6754ed57161289069f9d9d1,db5f60962b917b4dd9d73efd3e121ff6,2,,,2018-04-19 00:00:00,2018-04-25 21:00:16
9f8826be82dd8c277978b50c86d98a39,1ce796ffd3b96e287899e429b44c0e3a,4,,,2018-08-25 00:00:00,2018-08-31 09:28:36
9f921dcb27af0b9395d5095d0ce53ef9,5d0db9d992f9f02d3bdca8a7e64c2c27,5,Muito bom ,serviço rápido e eficiente.,2018-06-16 00:00:00,2018-06-18 11:53:52
9fa4b126d3cd1c19a6cf2d2fa0634bf0,4aa3affa1cabce4defa1f592b369baba,5,,,2018-06-26 00:00:00,2018-06-27 01:36:01
9fafec15841ed7cf76547bd3eb074b97,dc9470b246bc5c83e5e72f1897971fcb,5,,,2017-08-08 00:00:00,2017-08-14 14:57:57
9fba1422676daebd2b47e62b6bd93030,94876636c0c9ddd3455bffe120d95c68,5,,,2017-11-14 00:00:00,2017-11-14 20:51:29
9fc0d062e722c8625eafba72d5201078,f1adecdec113c6c915849913c65ddd59,1,,Não chegou no prazo e não recebi até hj,2018-01-21 00:00:00,2018-01-21 05:23:50
9fcdf7983153b632cdbab78bf7d7f83a,b3b8133868458b6acf08ea6ffc22e3f2,5,,"Logística ótima entregue antes do prazo previsto, estou satisfeito. ",2017-08-19 00:00:00,2017-08-26 17:03:10
9fce64a76ddc84414632c07e6cb98e43,963030216f9dfae3f21a1660bfed8274,5,,,2017-02-12 00:00:00,2017-02-14 23:05:27
9fd305e0a854c0708322c1a6759a8045,cb71499c074fd6946adf7562f592ac25,5,,"Envio rapido, chegou antes do esperado",2018-05-02 00:00:00,2018-05-04 15:16:44
9ffb868de9b81e1958041c4f12701e00,e06fdebc12c0419b48541e02526f2292,4,,,2018-05-15 00:00:00,2018-05-15 22:22:02
a013f4c72554fff0555fc21428ec84de,dc17c17282032d56b1ca7dfbb291cf07,4,,,2017-03-02 00:00:00,2017-03-04 14:13:32
a0185383f19c9569a903f36500993bcc,f4b75a851727133860699dd7a8acda5f,4,,,2017-12-27 00:00:00,2017-12-28 11:37:30
a0291a9e068b9cf09d890fc9061cdd48,0d29f866f714402153c7a02ca8bf6134,1,,"Até o presente momento não recebi meu produto.
Gostaria de um posicionamento sobre a entrega.",2017-11-09 00:00:00,2017-11-11 12:25:58
a036d0d2a51a19beadb476be07fef088,3f35e6f6080a0f108570a0f177f8c2bd,3,,,2018-03-29 00:00:00,2018-03-31 14:04:12
a0485b328c47471092d5515450335a39,37b8c558c5edf11ec6b82f288bcdcf8c,5,,Ótimo produto e entrega rápida!,2017-10-10 00:00:00,2017-10-12 23:38:08
a0495ad5f56049d241019dbc3d32ef7f,6215b65b1a79cc034605e477320e37c3,5,,,2017-12-13 00:00:00,2017-12-14 00:32:49
a057d6a44fd71b7629e842838c97756d,0ce0997380b2110e5d35697ce4ddabd7,1,recomendo ,Estou aguardando uma posição da loja em relação a disponibilidade do produto,2018-05-30 00:00:00,2018-05-30 11:02:21
a0653b3f4fc04970caf2f893ab19238e,9ad9351ae71f76e5eba268bb2f667959,5,,,2018-02-15 00:00:00,2018-02-16 10:17:00
a067b1fa0769c7d1512d9e608686686d,a87b1e2e028f2dd7b4f77afd0f1da268,5,,,2018-08-29 00:00:00,2018-08-29 22:01:46
a0698ca84e88746353f7b9fa3dc29991,f49c0fbc31a71d739df8b7c13dd6ffd8,1,,,2018-02-24 00:00:00,2018-02-25 00:48:41
a079931141522ebc7588411ad454ceed,2a77610e00a6f4db47364ddb4871de68,5,,,2018-01-19 00:00:00,2018-01-22 09:11:01
a081d72bbd7345f0fd34f67cee10ebe1,aa8315492e537030e29f1bc252d26cb1,3,,,2017-02-26 00:00:00,2017-03-01 16:14:10
a0849645a25d7dc93558d3365e018b38,8faff12af96ce78eba0d5b1597d5baa9,5,Muito Bom...Ótimo....,"Gostei muito , entregaram rápido , antes até do combinado muito bom ....",2018-08-17 00:00:00,2018-08-20 14:03:52
a092a54c8c852fc8837eb29ec8614ede,09545768adc993877dfa9a4024b360c2,3,,,2018-01-26 00:00:00,2018-01-26 22:37:34
a0932c9e8ed6f3b7a5f0f8075e90773c,7ec740ecb9d6f73b2e80bbc93dd784ca,5,Produto ok ,"Produto útil entregue antes do prazo.
Recomendo vendedor.",2018-05-11 00:00:00,2018-05-15 01:27:06
a0cb388f727cfe453578ddd5b790448a,723e240c9c7fab76e64b2c232afb8bd8,4,,Chegou bem antes do prazo ,2018-04-13 00:00:00,2018-04-13 23:00:42
a0eea85aa0ca529a082648ea37681a5e,4f4cdcc0b6af1eb7d23872ddc92b5d05,3,,,2017-10-20 00:00:00,2017-10-23 11:03:00
a1162cb07809eb4c1916124f2fabd8c1,c05df8b616137f63b7d902415bd94490,5,,,2018-06-29 00:00:00,2018-06-29 16:44:13
a1215964a3ef80967c0fe7d5048a7c11,f8bbf6bc03d0fb7a5a78e3dadea9f278,4,,Recebi o produto conforme anunciado dentro do prazo.,2018-04-04 00:00:00,2018-04-09 12:41:25
a122c50cb9f1b3fcef6225b6d9b873c4,a009ada42a46d83328c627c1ffc57f56,5,,,2017-11-21 00:00:00,2017-11-24 03:34:35
a12343b51ffdede1499fdd99422026dd,91c3ea3f720dd9cc12b762347379b0eb,5,,"Muito satisfeita, chegou antes do prazo ",2017-09-06 00:00:00,2017-09-08 06:01:17
a1334cb4a20f1241f3d6cee9a8d901f5,96c898ec831c5199304b2b5b43157ede,3,,,2017-08-31 00:00:00,2017-09-01 12:09:28
a13f7ac2f3ac42e370fc4956d5d105ce,4bbd33a0def862d1273f79f0fb4d597a,5,,,2018-06-27 00:00:00,2018-06-30 12:18:53
a152102c38d64be9beb3fa8f070461bc,71d33900d3db33c09ceff19ffc7ec460,5,,,2017-05-31 00:00:00,2017-06-03 04:24:02
a159af6d25c5112cda3f9bdaea0047fb,6533a0d9c1703a1ebf0115fb55e01834,4,Entrega antes do prazo 👏,👏👏👏👏👏,2018-08-25 00:00:00,2018-08-26 03:12:30
a15ef3824b59cb62e2bb9be237533977,3f80947ce4ab2d28cede3db5c92e44d7,5,,,2018-05-10 00:00:00,2018-05-11 23:08:20
a185264a12a28a8596f1b7fe3ad474bd,2ec398158cb686267b1f4b102129098e,1,"Não recomendo, golpe!!!","Não me enviaram o produto, só me enviaram uma nota fiscal estou sendo roubado e ninguém resolve meu problema.",2018-05-09 00:00:00,2018-05-10 01:08:59
a1854c7cf1b5f035ee93a0dae675d755,8ac5b235603eee2e21e36261b2df536c,2,,,2017-12-06 00:00:00,2017-12-11 11:46:57
a197803d377ce2e191d03ff634653e5c,8864a2d847bb201242e03cab4d54994c,5,,,2018-08-02 00:00:00,2018-08-03 01:09:43
a19e0a3ad1dcda0f28ad1e37fff6ff27,4888eb67727162d62e275521e8d6bf41,5,,Produto entregue,2018-06-21 00:00:00,2018-06-24 00:28:08
a1b32d5b405e8a5b4aff7b1faa9e8f81,5b649740381032adc79831802d8d221a,3,,,2017-11-14 00:00:00,2017-11-16 19:53:16
a1b5def821bac80e6b055955be88ff30,7a00da9515dc144e302458e696d61943,5,,"Jogo incrivel, ótimos gráficos. Recomendo.",2018-01-23 00:00:00,2018-01-24 16:18:55
a1cb202348290bcbe771a919748fbc8a,47bc2fbe3e9b64a723dd530a4f1612b8,4,,,2018-02-17 00:00:00,2018-02-19 03:01:30
a1cdd61d328c81c1a4e2418b8ee02288,414fe5cf5ccc8afed3c265aede6cc37d,1,,Produto nao foi entregue. ,2018-02-16 00:00:00,2018-02-16 02:46:50
a1e95908a1837f826a811efbddb60ebd,bd7585a77f0aa76b3775bb68fb293356,1,,,2017-03-11 00:00:00,2017-03-14 13:24:09
a1faee692039d22aa2302442e127836f,55a4f9b50beced29f599c03bf4df76e0,5,,Legal,2018-08-19 00:00:00,2018-08-20 15:03:52
a207811bb6a40cdec537252e4a4448ba,c4c9066b8b703b82bbaa0561244e0e0f,3,,,2018-03-28 00:00:00,2018-03-30 18:37:32
a20cde550812a1e26efbc2ec506353b2,be33f61fd2cab2493c81b0810b31da89,5,,,2017-07-18 00:00:00,2017-07-19 01:32:27
a21049666dd946f5aa05469e13f7cd2e,c9f987ae7f8399dffe6db135d4cf9289,5,,,2018-02-08 00:00:00,2018-02-08 08:03:51
a22212d6b634a8f8461074b6dd0c8b6b,de31b55d7cafcd6ebb9bc6aa3c28a55c,5,,Entrega antes do prazo,2017-08-15 00:00:00,2017-08-16 14:13:03
a242e4194364f15877af7298f2ae3b59,1fbf8f4fb186a87e85db3cf5ad3a0354,2,,,2017-08-04 00:00:00,2017-08-05 00:04:39
a24ed7164978a83a484bfd8b6bdb6f24,41f1c1e22e7befb68bd39a783477ffb2,5,,topzão,2017-09-21 00:00:00,2017-09-22 12:07:36
a2847c331a9fccf9c9ad1822ee4a6d38,61fca91868781e2844bebf0ba3129950,5,,,2018-03-13 00:00:00,2018-03-17 22:29:06
a293b74bec4b3b88caea13029d674735,cf0e03e1812c8c676e5f37237bd08af0,1,Não recebi o produto ,,2018-05-02 00:00:00,2018-05-02 21:26:57
a2966b85195c01a975926e431d4736b2,581e402f36b377643fce426a28dc17e4,5,Excelente,"Amei o produto, entrega super rápida!",2018-06-24 00:00:00,2018-06-28 13:11:32
a29e2027f7585951a4b7bf25d1f57d94,f9b7d4be1a26d7a0017957e6a6f26e01,5,,Não recebi,2018-04-28 00:00:00,2018-04-30 20:54:54
a2a0351351fc351471a0d3719ac19447,fcaae2ec3667a30a9164785ba78306b9,3,,,2017-10-15 01:00:00,2017-10-18 12:55:19
a2a33763a53c33c8f07e58d55855dc77,29062384ce4975f78aeba6a496510386,5,,"Bom amei o produto
",2018-03-15 00:00:00,2018-03-15 22:34:26
a2b8a5a2ca5d932c05d983f8f5eb9cf8,b30a09b85513a03dab6e86a547a73219,5,Gostei muito ,Gosto muito do atendimento de vocês!!,2018-07-03 00:00:00,2018-07-04 00:33:30
a2c941a988c08a0b0bb2b30aa639bd70,5e479fe6d021c55b96aa4799e9046634,4,,Produto perfeito e entrega muuuuito rápida. ,2018-03-24 00:00:00,2018-03-25 01:44:54
a2cd6215401f66af4b352cce638f1b09,3edb50273f0fec7a7e340030467076bc,1,,não me entregou no prazo cancelei a compra.,2018-02-03 00:00:00,2018-02-05 10:34:00
a2d6929aa98427ad61a30276648a1f08,a23d281315a434afd0b7bf492ce6a579,5,,Chegou no prazo é bem acondicionada! Ameeei! Combinou com a minha casa! Perfeito! Super Recomendo!,2018-02-22 00:00:00,2018-02-25 01:10:29
a2de0d3f01fb7d391b0bb9a872c5f004,d694c1f3e3e0bd20d4673555d43c875a,5,,,2018-03-22 00:00:00,2018-03-27 00:07:37
a2e0d982abe0a650156ec056ca4d1b85,a4244008bc97ae9cdc3807237fa83229,5,Satisfeita ,"Entrega no prazo combinado , chegou certinho recomendo esse loja ",2018-07-04 00:00:00,2018-07-07 15:50:37
a2f5682d3a0e84dfee20d6d69c4a5452,0b8dbb26699a171be239666299d2174f,4,,,2017-03-29 00:00:00,2017-04-04 11:18:39
a2f6320ba5beb67a3ba17f2e83495529,abe4bb0d5f5e83b74e08e54f5aef8c35,5,,,2017-09-30 00:00:00,2017-10-02 20:18:02
a30667c67d25a85c575adbb99b7af591,44c29a73f92d2ec846b75feec8e70e81,4,,,2018-06-07 00:00:00,2018-06-08 10:02:07
a30bfc3a9fb4ea43dc2ad7c62e3336f4,af71e9e2ee3f91d619aacab51fe2e75b,1,,"Estou muito chateado, pois comprei um tapete e nao recebi, estou tentando resolver a questão de forma ",2017-11-19 00:00:00,2017-11-20 16:14:33
a3150f6e0ee80baaaedb5089a797db63,87ebcd73de7c03e3ba13f9e9466c15c5,5,8,"Muito correta esta loja,recomendo....",2018-08-31 00:00:00,2018-09-01 18:41:55
a319107f1f1ec6eb6cbb3e369a887b0c,16c9dc0ba34547f2eb228bcb2971815f,5,,,2017-04-19 00:00:00,2017-04-21 22:53:09
a32989ffc67a5d5892302a0dea532491,fbdf13b5cfcd66dc81e7fc629df1877e,4,,A torneira com filtro é linda e super moderna.so deixa desejar por algumas partes nao ser de metal .a função chuveiro é maravilhoso. ,2018-03-21 00:00:00,2018-03-22 18:03:37
a32a8b4fb0f74996db7478b5e672b09e,2ccb6bec4f3730c45dafaa8beb92f482,5,,,2018-03-08 00:00:00,2018-03-09 23:24:10
a3390f4dc6d805994c9402176e2540b5,18bbbbaeb60911be63bdad20b92fa69d,5,,,2018-03-06 00:00:00,2018-03-08 16:26:26
a35cca2abb31df8bd9c12fab7b28b386,775130c792f4c6460c63162e994a1114,5,,ok,2017-12-12 00:00:00,2017-12-13 15:09:45
a36f38c7d205ba63c2fbc501686d9e9b,09944d214dbe0d92666178941a674632,4,,,2017-08-30 00:00:00,2017-09-02 01:04:10
a3768896b7621dc0daa97ea1095019a2,0cd93455c51655ebb590c07a06d584a1,5,,,2017-04-04 00:00:00,2017-04-07 02:15:42
a3812bd8ec5b86324afbd38669d943d7,77baa217632fcbf3656de4ec4a66b0c4,4,,,2018-05-17 00:00:00,2018-05-21 14:39:01
a38486de2bb39222c0c9f1bea5dff5ac,7c28cd51bc7b7b5b8e81ae0bb7f17340,5,,Satisfeito,2017-01-28 00:00:00,2017-01-30 11:05:11
a3934ff1ab12574ab07f5eb5fbd38c78,74ad3397d84521ee94f326aad1a35d14,1,,MEU PEDIDO NÃO CHEGOU!,2017-12-21 00:00:00,2017-12-21 11:20:20
a39a22738cf4df4356f0845ed53c2477,22d9f175d75a69bcfa445d7e1bc82ed3,4,,,2017-11-18 00:00:00,2017-11-21 10:34:24
a3a3a671116d3e47c79a7b36550b2cfc,2c5948305d5a014ba38e3bae99c2fa36,5,,"Recebi o produto certo sem problemas dentro do prazo.
Obrigado",2018-02-03 00:00:00,2018-02-05 18:23:43
a3ac09376298b68a4002728956f85d9d,34e356294ae93c00aa77347b2f84ea1b,4,,,2017-09-20 00:00:00,2017-11-29 01:23:02
a3c563ad8fb5097a4660a736a6534993,1ec5ab4a5ab1b60a84603c6a06da028f,5,,"Fiquei muito satisfeito com o produto, do jeito que eu estava querendo e com entrega bem rápida.",2017-12-01 00:00:00,2017-12-04 09:17:29
a3c57d0858c49b6abcf223027115da9b,58c6e33bc7b4ebacdc2171cd9e2c6f96,3,,,2017-11-22 00:00:00,2017-11-25 00:09:40
a3c6b232055e299c4e570518be92c6e5,a542babfe6f6339952a1f699ddc1868b,3,,,2017-12-20 00:00:00,2017-12-24 09:32:07
a3c8b9f11e3514e1357b59228a5a2199,0efa0c45020bf70a48af010afcf0a3cc,4,,,2018-03-08 00:00:00,2018-03-09 01:09:08
a3d3f81feab13ba44c54700da3de8731,7aaf9721911fe977bb8e6640c442aeb4,5,,Parabéns pelo produto e pela rapidez da entrega. Obrigado. ,2018-04-24 00:00:00,2018-04-25 12:42:29
a3e4d6f39bdb95a0abf9a8c8ecc8b7cf,4d9d0b428174582a413b99766ffcb53c,5,,Muito ótimo!!! Super recomendo,2017-07-21 00:00:00,2017-07-27 10:55:22
a403fcc32f97f9a88ad2cd11da888ec3,94eadd6bc72a7dde85095b20f33e06e9,1,,Estou aguardando resposta sobre pq não enviaram o produto ainda...,2018-01-11 00:00:00,2018-01-11 10:57:31
a40881429e4c4172e4d5bf77515bb9bf,e40432477b0a9de5823fb1c0fd293a5b,4,,,2018-07-31 00:00:00,2018-07-31 22:22:09
a45ef3661aa1cf84ee33fdb73668d32f,dc53168ed84c77eb9eb18a8026bc393b,1,,,2018-03-24 00:00:00,2018-03-26 21:00:05
a4682710f08c7aa86dd7f28f6cadc39b,c14cb154425639c9d91bd601bd5afe89,3,,,2017-07-23 00:00:00,2017-07-24 17:55:30
a479581e48a78b9fd3f85d6734ab05a5,9142a3c29501af1e90aa7eea2a6949b3,5,,,2018-04-04 00:00:00,2018-04-05 13:21:59
a479b72fb99ae8674c3030a3734a60bb,5f9023a84ef9e64c87bc7c1970da5680,5,,Recebi as mercados conforme exposto no site e chegou bem antes do prazo estipulado. Recomendo! ,2017-09-26 00:00:00,2017-09-27 00:20:34
a486dc3afef21e02959dfec66720f379,8209537dd24f5c7e5cd13be3928312d5,5,,,2018-02-01 00:00:00,2018-02-02 11:13:39
a4883191f6f4a013dfe6af47b1ff984b,78a1892a741bea2ea3695fe515c811f7,4,,,2018-02-07 00:00:00,2018-02-08 11:38:54
a48f5620d4aa67ab1545014859297854,521758adf4fa0c8f76b1488d0aebb48e,5,,,2018-07-27 00:00:00,2018-07-31 23:37:57
a499afa429c581eb05accf7906d625d9,310abfc7bfd9ed2e2a2ffd77256c284f,5,,,2017-12-01 00:00:00,2017-12-01 20:48:17
a4ab408e4ad709739ea0cac1dbed4eb5,ad8adc3413ef931f82e9cc0e6c1ca009,5,,,2017-05-20 00:00:00,2017-05-21 11:45:41
a4b2bf3ca1b43cc51a33691c34d48de4,0ccb5b7bf95c5b642f3717b08c633361,4,,,2018-07-14 00:00:00,2018-07-14 22:45:54
a4cadcd70b93a1a4c96278ef91851ac3,a0d503b20274a7c654eab441adac695c,4,,,2018-03-21 00:00:00,2018-03-22 13:59:44
a4d1fb9a3bbde320b2b8ece822ec97a9,d844cf5434575b8359b353fe82fb8d67,4,,,2018-06-06 00:00:00,2018-06-07 19:52:29
a4dca4ae73178c802d9effd90ee1e718,9ca84d8b801d8d14cf479b5ad04b8139,5,,,2017-07-22 00:00:00,2017-07-24 23:42:04
a4e0aa2ebed00f4e7ec6edfd95d4483b,4e743d407939e965ac0b7bb694e67eed,5,Otimo,"Deu tudo certo , gostei e recomendo, produto bom e perfeito ",2018-06-20 00:00:00,2018-06-26 22:34:02
a4ef928996e2717e6c7e44bba205dbea,899b8d92e1bdaece69745ffcc3c47d08,2,CANCELADO_AGUARD._ESTORNO,"CAROS,

Solicitei o cancelamento deste pedido no mesmo dia em que a Nota Fiscal foi emitida. Liguei no fornecedor informado na NF e cancelei o envio da mercadoria. Aguardo forma de estorno Americana",2018-06-03 00:00:00,2018-06-04 11:33:27
a4f518ee6db4e9ca8410f7792d513f64,f8815360ba396d9d7cfa13aa2048041e,4,,,2017-11-23 00:00:00,2017-11-23 21:48:34
a4f8513f2051235d2ef8843434dd1232,8a49984afb76dae66f3810e1b7093ec4,5,,,2018-03-15 00:00:00,2018-03-15 21:33:03
a4f94523ffd54267a8664d3ffaf21390,940c5c8cc3ea86ca75804a5c8c350533,5,,Muito bom.,2017-03-30 00:00:00,2017-04-02 21:58:29
a4ffcac461e90c7fc83334fede598bb9,47ee6fec7ba2a39c23a7c84127e1fac9,3,,,2018-03-21 00:00:00,2018-03-21 20:37:30
a5037d20c8a7af82c4e4c719ab80e869,e6b2afa6b02c9f066002cfdab6d53080,5,,"O produto é ótimo e foi postado na data. O atraso na entrega foi culpa dos correios, que não vieram entregar, alegando que não tinha ninguém. Depois entregaram o aviso no último dia. Quase não recebi",2017-10-24 00:00:00,2017-10-26 22:15:03
a50683db6b0196076d65bb91687ab52c,2ae00ff32b724a74e37b8264ac4fb85e,4,,,2018-08-04 00:00:00,2018-08-04 21:28:26
a507e62d1c147c98def943fe5a2a1eaf,62ec63f37c8ed14ce3dba43a02721f5e,5,,,2018-03-27 00:00:00,2018-03-29 21:58:22
a53d98f598d8ffdc0ce406e930dd2a3d,ba9db9fb21617fd062fee898664e4996,5,,,2018-05-03 00:00:00,2018-05-04 01:04:24
a55012f5c7e74353e92986be15d133b6,54b73f808b0ff25da4276773c30ac269,5,,"Gostei muito do jogo de banho.A estampa florida, o bordado, tudo muito bonito. Ótimo produto.",2017-06-03 00:00:00,2017-06-04 02:22:55
a5525e7779c6a2ff12e442fcfb959cfa,7aec7aea70b4d42cdb349810c4475051,5,,,2017-11-22 00:00:00,2017-11-23 17:07:46
a5599da20f759323c300c7bb5dbe197b,94acd425f088b17d675c6f8801f9dcfb,5,,,2017-10-13 00:00:00,2017-10-13 22:10:02
a56162b0276769236e7e55d11a063a93,e8474158736fcaca4c7f83b6f610aba1,5,,tudo muito bem planejado !! Estou muito satisfeita.,2017-04-01 00:00:00,2017-04-03 02:02:42
a562723aee097b418a71a44d9c04d662,0da26371f58ab8e89157a901ef0cf390,5,,,2017-08-29 00:00:00,2017-08-30 13:00:08
a564c81aeb98035c22640eb51a681fb5,4fa82fd6944531bec3422230e90cffc1,4,,,2017-10-26 00:00:00,2017-10-26 20:00:24
a57779c66a6c32a11edab572de112ce5,7ced17eac048bb56b535174eae0bcb7d,3,,,2017-05-23 00:00:00,2017-05-24 19:47:48
a5846c4118dd3da2395071fd61c7128a,fc7e0e70546cba116020b8c07f87da04,2,,"A minha encomenda estava prevista para chegar dia 08/02 e não chegou nada em minhas mãos, eu já mandei ate mensagem no Messenger para a loja lannister mais ninguém da um retorno, eu quero o produto!",2018-02-10 00:00:00,2018-02-10 13:03:35
a58ead6f5717855da780960d415ed427,c11770b0aaeeaf11800205df9b333d78,1,Produto com defeito,O produto não dá a voltagem correta impossibilitando o funcionamento do aparelho. ,2018-07-28 00:00:00,2018-07-28 17:07:29
a59566302c9577e6baa3675143d3e3cc,8b648f3b8380162bf589d5ea0d49f5b2,5,,,2017-12-22 00:00:00,2017-12-22 23:46:52
a5ac6f556a3a9ad8392f9d911f354fc0,ba57df46d6c7801e304a57084265bd86,5,,,2017-09-28 00:00:00,2017-10-02 15:25:30
a5baea4409ce36479010163919b4b3da,da96d28b7700ca5ee77d63d455a9ff9c,5,,,2018-04-19 00:00:00,2018-04-23 20:35:29
a5bf4be72da6008e5669b2e4e7676803,2aed991f5c4a0db2a7aa9bbaf9f4044f,4,,muito bom,2018-05-16 00:00:00,2018-05-17 14:47:42
a5c5f6dba6b1d14062444bf5a96c11a3,305daa1af560f81a4225d0d70f636a51,5,,Ótimo serviço ,2018-08-18 00:00:00,2018-08-21 09:22:56
a5c7607be90c49f812bfdc06b128ed0c,4ad2ebd3c62db5a8509e3f25fb8b81ca,4,,,2017-03-17 00:00:00,2017-03-20 14:18:08
a5d6a712d9c95f451af1568f0a3a7985,56f251ca89f74d06076966d5d49b9dc6,1,,"Nao recebi os produtos e nem o ressarcimento do valor pago. Estou reclamando e não estão me dando o devido retorno, uma completa falta de consideração pelo cliente. Estarei procurando os meus direitos",2018-03-25 00:00:00,2018-03-29 12:57:51
a5e51b571879776dcad49e574d85a7fa,85a0b57d401cf8eabdad7f818e087799,5,,Adorei e continuarei cliente.,2017-08-10 00:00:00,2017-08-11 19:01:55
a60f8e8fa5cb3b129cf605054e2e0121,b0a53313f05c1fb7b57eba8c55f35035,3,,,2018-05-24 00:00:00,2018-05-25 02:47:40
a60faec05a1853f6fb55e7b0bdefd49d,5f5009f6c5e45b305e8cab76a5df6a18,5,,,2017-06-03 00:00:00,2017-06-10 13:53:48
a614fd24fbd8348db190dc720530e101,fffbee3b5462987e66fb49b1c5411df2,5,,,2018-07-06 00:00:00,2018-07-09 10:41:17
a6406e9a31cc18cb7c5ca425bf437fc9,ff92b9f4c3333e0e977c4530a2e8d9cb,5,Maravilhoso,"Rápida entrega
Produto de qualidade",2018-06-26 00:00:00,2018-06-27 14:37:46
a64dca77c61d333030063bfbb223aa06,cc80504e2db2b7b744e2bfe2450c95d3,5,,,2017-03-15 00:00:00,2017-03-16 20:04:44
a67058db94211daca88c9832d7422c1a,3c8194a8d47f5852dcd52ccbf364596e,4,,,2017-12-02 00:00:00,2017-12-05 10:36:43
a6758951649968b6d19834274634fbee,f0ad6b89b7bb4a740b8121a4a69511fc,5,10,Muito bom .,2018-05-17 00:00:00,2018-05-20 14:25:24
a6764cf521c8f174674cb065323525fd,e05832d71fad97ae7744fc444ce72075,5,,,2018-03-22 00:00:00,2018-03-25 20:59:49
a684aebe1863c9586aebd3e558bb4821,90b6cdda02bbf9ef9a404d36e11a8268,1,,,2018-05-23 00:00:00,2018-05-23 11:37:40
a68f87b3c92594c8bd8b4ebb35303e7f,c9b4d99b4e9c827fbf0a40d2aec43d89,5,,Produtos entregues bem antes do prazo.,2017-08-04 00:00:00,2017-08-05 12:18:00
a691269a45388d1608a204a4bcae08b6,f03c93c7441f0edaa7987c4313467110,5,,Estou satisfeita. Produto condiz com a minha expectativa. A entrega foi rápida. Estou realmente feliz. ,2017-08-12 00:00:00,2017-08-13 01:27:33
a691433d8387a1898f5d14459f0e12ae,484ab8a13180429b94330c723289a4f2,4,,,2018-07-22 00:00:00,2018-07-24 20:08:19
a6aa26f2bc3c35b0c4680a48fc46d702,d634e78710f26d98ace611f615489774,4,,,2017-12-22 00:00:00,2017-12-25 23:31:24
a6c2242648d5b750b739de1dcaa5f42e,f24afd66659f204e2fe3866ae39f4e20,4,,,2018-07-26 00:00:00,2018-07-26 22:23:36
a6cd7377d1153e2917c86a30c0b7d2e3,19475e4f70007f7a726004e6c6f87cb7,5,,,2018-08-24 00:00:00,2018-08-28 01:05:13
a6d164208be6d489e2034c85bdaa03f4,90b27d5506a9be4b5fb162ac5857d2b7,5,,,2017-02-04 00:00:00,2017-02-06 20:09:32
a6d3cffb1e55a4aa16bba8cb3da5acdb,7b6900f9a0d0ecc69d4ac5bdc8b3ffd3,3,,,2018-03-18 00:00:00,2018-03-19 00:09:08
a6d42f46c0ce3342ee838d342fc80f16,e4c5944219ba806a2c6bc1596facb602,5,,,2018-03-03 00:00:00,2018-03-03 13:14:34
a6dceed3d4d1edc58403977efecfa778,4ceb6d05f749bbbb67e5606aa2d16647,5,,,2018-08-30 00:00:00,2018-09-03 10:55:51
a6e60018bd1bc5861164c87ba897fb7b,381c217ee7fe965c547e4af4c8a70b75,5,,,2017-11-17 00:00:00,2017-11-20 00:33:17
a6f83a15512172a0e16d132e9478ff78,669a663f230d97aa7f73a763ce435bcb,5,,,2018-05-19 00:00:00,2018-05-21 22:27:49
a70c1eec975c676518bbd9293d9bd651,dd6e5859df4016efe3a4c9979af4ee90,5,,,2018-08-07 00:00:00,2018-08-07 23:57:38
a7114b2d91aed4a2a884b22d3950d02e,f0dd29734578caa3db607e173070e2a9,5,,"Comecei a tomar agora ... Espero um resultado, cfe pesquisas na internet. ",2017-09-28 00:00:00,2017-09-29 00:30:19
a71492b3cb02c2a1d3e34f7f7f1d9619,dbbb8658d9a27d2be4cefb9a9a5d9e33,5,Excelente,"Recebi muito rápido, produto perfeito.",2018-06-03 00:00:00,2018-06-03 16:49:36
a72bcc3766058672f286f09b3787d9df,c4cac393cb3ff78fe2823fc2222d1f04,4,,,2017-11-11 00:00:00,2017-11-14 22:23:17
a7500cafc54840983607004f44182fee,f64acc0cecd62080222884dac91d7e81,5,,,2018-03-29 00:00:00,2018-03-30 02:22:12
a752bded6938927fe475e3be46cfaca6,203a651bc28694f332b40c3e61bf8e04,5,,excelente custo/benefício.,2018-01-11 00:00:00,2018-01-11 22:27:19
a753779eddd7843d473c4e42408e804d,38fa147f3463d7751cb8a2b2455d628c,1,,No meu pedido solicitei 2 unidades de cada item ....só recebi 1 unidade de cada item ...e foi cobrado frete por cada produto em separado ...por que? Aguardando ansiosamente o restante da mercadoria 😡,2017-05-04 00:00:00,2017-05-08 15:09:53
a755a44b7ea3ce56fa2e12b9c8cb7193,2b36fe8c73edb9af80b2d3e73b46122a,1,,"Estou muito insatisfeito com essa loja targaryen, já paguei o pelo produto e o mesmo não foi entregue no prazo, quero que entregue meu produto com urgência!!! Espero que a targaryen e stark resolvam isso.",2018-03-18 00:00:00,2018-03-18 11:16:28
a75d5c621316f34319c7443a756afdf7,8a7059f3a26aa6df1579a6c9ccbacc3e,5,,,2017-10-04 00:00:00,2017-10-05 11:02:03
a75eaa921c8bccdacceac3c835794fe2,1648b503676883c70854279700e3cfc3,5,Ótimo ,Ótimo produto ,2018-05-16 00:00:00,2018-05-17 02:48:36
a763aef23e581325df3ce049c5bd24ad,97b7decf3d24b8e8db00cab51c75c372,5,,,2018-07-29 00:00:00,2018-07-30 10:50:42
a76b26687759c43ae39854f07a03b2f7,e8a6076acc910f75cb8b149ecc89441e,5,,,2017-07-20 00:00:00,2017-07-20 23:31:16
a76ea2f4a2d8f1bc8c54e1c3fb4d380f,7b5b2437395186ef1d461d39bdee1621,5,,,2017-02-24 00:00:00,2017-02-25 07:06:48
a780893a7701b9c66f4bd78ac9de3d23,e3b5fc6a21524bb02af5c5ae8934c216,4,,"podia ser mais ágil, principalmente se tratando de suplementos vitamínicos.",2018-04-10 00:00:00,2018-04-11 00:07:41
a79b54c4119b764aee89a6011638929b,14e1335948fa1aacabaedacaf51d545c,5,,,2017-10-12 00:00:00,2017-10-14 23:52:48
a7a8e9c7cf39837a133330b1f6a703c5,47e488415ce9fda6fee06ab849f35ec0,2,,Produto não funcionou no meu pc. ,2018-02-21 00:00:00,2018-02-28 12:18:54
a7aba82959025672895ede66985b14a8,294d70a37f9e32ceb08958fd03ee49fc,5,,"Produto chegou bem rápido. Parabéns, lannister pela agilidade.",2017-07-20 00:00:00,2017-07-21 01:48:35
a7d436492cb5104b18b056d91f8512cd,ffc29f864fd689fab9ae81be82baf8ef,5,,,2017-08-10 00:00:00,2017-08-14 01:35:04
a7e10678720b77be6a024c2a28fb0890,f8269b176544d1f16f51e785046d1785,5,,,2018-06-29 00:00:00,2018-07-03 00:49:27
a7e8fb8bb0ad48424a866209aa0bf895,527a4abbfe2ffe1727341dfdf63ae447,4,,,2018-01-24 00:00:00,2018-01-24 16:31:02
a7f41a353edb37fdd0786dee2b65ca4a,886554d6a49f10154eb12b81a6c4ef4b,3,,,2018-03-25 00:00:00,2018-03-25 14:58:49
a7f429b36c9c6b489a4ea60ac6055f6e,c6945bf7e920d9832c4e4402e57baabf,4,Muito bom,,2018-05-09 00:00:00,2018-05-10 00:43:11
a818b7da5ced240a88aa7f9b081c38d2,471a6da1b73e8e40114d97f64ad384b7,4,,,2018-05-09 00:00:00,2018-05-11 23:20:11
a81a2223d282cbc0e9e423480e488619,f8b187febb8635055dee874a1d99aa0c,5,,"Produto de acordo com anúncio, muito bom. ",2017-05-12 00:00:00,2017-05-13 23:29:40
a81b170af5580a6a3c4344b366f4788c,66b090d3b031a3fc0d1e296a209b0de1,5,,,2017-10-20 00:00:00,2017-10-22 11:40:49
a81c2180664e81068f9dfa314b6dc944,33688e8b749940b759d6824ddf7f437e,5,,,2017-12-17 00:00:00,2017-12-19 17:57:16
a821e1e839ef2d843331d4cc1b9032af,af4c6eae672d9b20d881b0ef961bee65,1,,Não posso avaliar a loja no momento tô muito triste e chateada procurando os meus direitos pq tava agendado pro dia 15/02. Até o momento nada e nenhuma satisfação fui nos coreeios e nada.,2018-02-17 00:00:00,2018-02-19 20:54:34
a83fef0357d98cdb4a769a6e1895afa3,77de74763ac99bedb50deb68da4b981d,4,,"o produto é horrível, vou usar como-pano de chão . Porque o que mandaram não dá pra dizer que é toalha de banho.",2018-07-17 00:00:00,2018-07-18 17:17:20
a84693b92ff540def3591f682d7b1da3,6f46d796b9d7089d7d0a78e0d254f38f,1,Muito ruim,"O produto é de péssima qualidade veio faltando parafuso e ainda não encaixa no vaso,Não recomendo, vai jogar dinheiro fora.",2018-07-28 00:00:00,2018-07-31 17:54:32
a84addd1ebc8b96b701e6034cd3f8daa,e49d2358f7bb8587895c7cb6cd635396,1,,"Se eu soubesse que iria demorar tanto para chegar o produto chmais tinha comprado nesta loja. O produto chegou hoje, e veio quebrado! É lamentável! ",2018-04-04 00:00:00,2018-04-05 01:50:17
a858d652f94c762f2d08941ecd00a53f,d28a0d4aabf9fe1941c36b8d1af9bd5a,5,,,2018-08-16 00:00:00,2018-08-17 00:19:30
a8618e617f23ff1f98349417726fe06a,5642f00882c2ab59e001778dc483135f,4,,,2018-03-08 00:00:00,2018-03-10 21:33:54
a87144dfa7c06e05cc142006ac4ad6a2,f8cbe869cc12ad59a53e2efa569d7e34,4,,"o produto é muito bom 
",2018-01-06 00:00:00,2018-01-07 21:52:04
a893fe88ae0b9eb22e5becd02d25c9bc,c38e0a7ecb6d609cc307eb449dbdc4de,3,,,2018-08-21 00:00:00,2018-08-21 22:01:49
a89788af7d878759a0391994e3d44c19,d3fc45461660252856d603ed31eb4e77,3,,Bom,2017-11-25 00:00:00,2017-11-26 20:34:43
a89a2b0c2014bc49a0f87f1eedb7b269,22b1eef278d4416c1e867a55d1c39fea,5,Entrega antes do previsto,,2018-05-26 00:00:00,2018-05-28 22:46:27
a8a2caae388d08276421f669472cb8b6,326c29ec5b89834b17aea7d85302fd70,5,,,2017-06-03 00:00:00,2017-06-07 12:27:00
a8b25a110e5bbaa4f1e360fdd2ba6ee2,548cef769a379d873b5a602a8bf39af6,5,,,2018-02-28 00:00:00,2018-03-01 05:16:32
a8b2c323467dfd69c467072a8d6dcf53,ef45721e5184380ab98c58de39230c42,5,,,2017-12-08 00:00:00,2017-12-13 14:38:27
a8b45a69444df4d258e488545053aefd,77af7c0b651686586766ad39c110536a,4,,,2017-09-19 00:00:00,2017-09-22 02:37:50
a8b63e1292141b8158d2f87355b15686,e0043b9e113bdc5f84b14893d62e00ac,5,,,2017-12-01 00:00:00,2017-12-04 00:13:56
a8b82e74bcd702f9554b4ce498905a62,75e7a7873f5f25594624a750188facc4,5,Recomendo sempre.,"As lojas lannister como sempre pontual com seus clientes, parabéns!!!",2018-07-05 00:00:00,2018-07-06 04:45:46
a8bd8ed6b552db2882474a572bce16e4,ec9a51782b5483ba996ab13bc3bbc30d,4,,Recebi conforme o esperado.,2017-12-12 00:00:00,2017-12-13 08:48:42
a8c477edcb0d43fdbe571814a1ab403d,be4689494eafff3235986fd4915cdb56,5,,,2018-01-19 00:00:00,2018-01-20 05:02:59
a8db3e2a9aa577e259c4b1f3887fe6a9,455bef37f8ae2d5a8d99c72a6ffdbb6e,5,,ok nota 10,2017-12-30 00:00:00,2017-12-31 13:02:57
a8df9c2ff791433bf945047cf14cfa38,6a8456c9e88a7b8905c7fede59f25b5d,5,,Tudo ok!,2017-05-25 00:00:00,2017-05-26 03:08:33
a8f1904ae9737b2b32db4835df517199,890617d30098dc78a28e27cfc7d6ccec,5,,,2018-04-26 00:00:00,2018-04-27 13:44:32
a8f93b02b6246be3ce44d69f32b5eec2,04814d2760b610101075888832621881,4,,,2018-05-07 00:00:00,2018-05-08 17:20:12
a91a6434bba80b997eb72b549898cb29,fe03e808df6c069fbc70b82be411d07e,4,,"O produto tem boa qualidade, mas acho que não vale o preço pedido, só comprei pois tinha um vale que me deu desconto.",2017-08-26 00:00:00,2017-08-27 11:31:39
a91c97c8373175104990660345b87786,87b732d9778eda3d298cbd97c22aba48,3,,,2018-04-22 00:00:00,2018-04-23 12:08:49
a933dc74c6d0a9aa0f0f07919f328e80,eaab44d4e74c7fffbef5ea53e34068a1,5,,,2018-05-31 00:00:00,2018-06-02 18:38:30
a94f946b511b0862669f51599cf77d6f,cd44196e80474114b859765d62f12ddf,5,,,2018-04-24 00:00:00,2018-04-24 22:54:35
a958f5bc0571efcb124dea1caa63ba53,e5f642cd02cde85e17b08c8c1534801e,5,,,2017-11-17 00:00:00,2017-11-18 20:39:45
a989ba4ebda7704e9a2dd76f279e7ca7,b5548f1e1d8138e39efdf8b24c93bbd3,4,,,2018-04-04 00:00:00,2018-04-04 11:05:42
a997aabab74e06b14fa10cceba62429e,7ea599036acba8c4d180c9e2bedc6e9f,3,questionamento,Achei o material muito fraquinho... Precisava caprichar mais!,2018-05-20 00:00:00,2018-05-22 20:49:49
a9a34e89873f0630d540845166c437de,d3617ef729315e3964c28a7404030da3,5,,,2017-09-28 00:00:00,2017-09-29 16:19:36
a9ab835bc8f5cc23295acb351854a830,67b0499c2ebfc14f8d5f507ac029a683,5,,,2018-06-23 00:00:00,2018-06-27 11:43:08
a9b872616f837bdd29a87b4216e9dc70,a757a56d0e861a38647169019a35ef8d,3,,,2017-12-14 00:00:00,2017-12-14 09:40:02
a9bc85b04e68725cec03e67b0a4bf2fc,316f68b737bb9d1e24ca9a1d4de6f352,5,,,2017-07-25 00:00:00,2017-07-26 10:10:22
a9bda8bfc86dae045ece299cf7ef986e,28cf6655a339bec298464ed6ac5b4550,1,,Comprei dois entregaram só um.,2018-03-21 00:00:00,2018-03-22 09:59:01
aa0abbf5da8c9f6056a4382b91b2144b,c87d7a80e2ec732b00980f3ea7961603,5,,,2018-01-04 00:00:00,2018-01-04 22:59:25
aa0b629974edb00c81577b2184aed974,63197f17fd0ed6f37890886192ccdece,5,SUPER RECOMENDO,PRODUTO RECEBIDO NO PRAZO,2018-06-30 00:00:00,2018-07-11 23:36:15
aa370fbf5fe40fceb260306f05505b8b,1fe07512d05f79bf44e02f7052cca2df,1,,,2018-03-29 00:00:00,2018-03-29 04:02:51
aa42917fa0f4f455a788e0c8e29034f4,1dde4ac4444355c43b97d058a89e45bf,5,,,2018-08-16 00:00:00,2018-08-17 00:00:46
aa4cf51748aecece51748f5d1dd9fad7,eac4ffbe456464bdc3ce5f001b6439c5,5,,Excelente. Recomendo.,2017-04-21 00:00:00,2017-04-22 01:35:47
aa4d7316417454a3549d4b4a022f8f4d,58385f20ce70cfb92449b879d4d0d08f,1,,Meu produto não foi entregue,2017-03-11 00:00:00,2017-03-13 15:40:30
aa4ee92c0493c4704770de97f83d8307,565db683020d918f5bf0a745784b44fb,4,,,2018-03-03 00:00:00,2018-03-05 15:49:18
aa507f2fe9aafcedc5b2589d704844a6,10d1e90a86d2be981a52b6a927c97dc5,5,,,2016-11-08 00:00:00,2016-11-16 01:58:07
aa67db603a2e8a9cd15f7e117b3f7aec,b6bf0977a04c2f3b84bf63aa0d308b5e,1,,,2018-03-30 00:00:00,2018-04-02 12:37:52
aa7a815f5dafb188476f9bbcde99787a,7a5941b80b56b7d80e8e695e1c88eed4,5,,o,2017-12-23 00:00:00,2017-12-24 11:54:36
aa7f82d2ad9e5236e30c2987b3059001,b26a79020606ef73722d450c8458f9c0,5,,,2017-08-08 00:00:00,2017-08-08 23:29:49
aa84b6b235eaeab8909bc9c3ebe44abd,0e62b7f0d74e42edd997cf3dfaac54c2,4,,,2018-01-24 00:00:00,2018-01-24 20:45:57
aa9e5ca111b301637a5419b3f21d1498,e7df3fcd195fafd25a46f580fc96c9f3,5,,"Entrega antes do prazo, produto conforme.

Página não permite escrever o título da avaliação!",2017-12-13 00:00:00,2017-12-14 13:45:05
aaa4b2cf31fc102a0efe673c53893050,551881f4a46fb5aafca0e72765c499a9,4,Recomendo,"Produto bom, ótimo acabamento. Adorei. Uma das prateleiras veio um pouco solta mas só ajustei o parafuso e ficou certa.",2018-06-09 00:00:00,2018-06-11 13:14:10
aaa96cae35cbc4ac2ad58c0dcf35f996,ad86b0d3d5cafc39d8b70a248b46cfa6,5,,,2018-05-01 00:00:00,2018-05-26 09:27:20
aab5764924b6d31fb1a5c8be3469fdba,a6c872862f17570fa0c8d8d39bdd2473,3,,,2017-06-07 00:00:00,2017-06-08 01:30:46
aadc49fbf2b502fc73738727d11833ae,f1b69a785e2f47e44415f46f270f1545,5,,,2018-02-16 00:00:00,2018-02-16 16:09:17
aaef8dd9f7c57966c047de45125c7c7f,ce6773b2916ebbc43dcaa762c0c6f9b2,5,Ótimo,Entrega super rápida em perfeito estado. ,2018-08-03 00:00:00,2018-08-06 01:33:55
aafbecce62e543c901837707b59a3a70,7a76fba56e5e78997c15b4e7a3a7e760,5,,,2017-10-05 00:00:00,2017-10-11 16:01:44
ab014ccfb8995cd17cfa45bd5ea6e6f4,090df55d4945ec96f88731875465407d,4,,,2017-07-26 00:00:00,2017-07-29 02:21:20
ab11ffc138f16f11c6b49571fbcb6f91,9fb578d8a9c6d5c73ea157e45b69d479,4,um exelente site,"o produto é como eu realmente desejava, a entrega feita antos do prazo estipulado.",2018-08-11 00:00:00,2018-08-13 10:39:57
ab125211266c7cb8542597fc230766a3,1069874467b6a425853288c450f68fc9,2,,"Entrega foi rápida , porém o produto de péssima qualidade, fino , não passou nem perto do que eu esperava , está certo que foi barato mas eu não pagaria nem 10,00.",2016-10-29 00:00:00,2016-10-29 19:56:37
ab171181547ac2f34a2056ff4086efe1,56030114e560e8093abc06e38626e871,2,,,2017-11-25 00:00:00,2017-11-27 13:32:45
ab1b3edaec7fa630e361b714387a8e45,3edfecc4a611653ebb70ad242db1aa56,4,,,2018-08-29 00:00:00,2018-10-04 22:41:32
ab2de69aefd92dab3b0fc91f8675b75f,e11e0f810b87b5bcbc4ce90273881f6c,5,,,2018-07-31 00:00:00,2018-08-07 13:09:19
ab39601f0ab7449e0246fe666b94c87b,11a6156f787eb963fb211db50db44d99,1,Não recebi ,Ainda estou aguardando ,2018-06-06 00:00:00,2018-06-06 14:51:01
ab3a564be8669de7f3e84a06da097d1e,bf0d67707bc87fa3fe2cf74a1c2c693f,5,,,2018-07-27 00:00:00,2018-07-28 17:50:19
ab4650b47d51a3cc274b2dd80f51d347,73e0c0e9d14c86750d2df4a0d74eff29,5,,,2017-02-22 00:00:00,2017-02-27 12:41:47
ab7a13719cb4219fb3fcfd6c287716fd,eea58982d534991bfd7f844e9ff0e28f,3,,Ainda não conferi,2017-04-14 00:00:00,2017-04-17 12:19:14
ab88b0b8ef34c0b855aed44c6cfb3f42,3b6bf8d07e34c52b0f65c58afb3df15b,5,,,2017-12-12 00:00:00,2017-12-13 00:22:22
ab89228d266fc77720e3ef757f127ea5,1e50bb2b1fd2e009684c3b7bd8eb73ce,5,,Só que era presente e demorou chegar,2018-01-06 00:00:00,2018-01-08 17:40:59
ab8a44474de67f941660ad754d362b90,8f7d470b019f3b33a814cf048df30370,4,,,2018-04-24 00:00:00,2018-04-24 19:56:07
ab94c28b9460da4ecf2e10ebaf531484,40a59440b8edfb3c3b493a7df101a0ac,4,,"Foi muito rápida e eficiente a entrega, porém ficaria mais satisfeito se entregasse tudo o que eu pedi de uma vez só.",2018-02-24 00:00:00,2018-02-27 02:26:57
abbe1a9790d103720d7022256a9e985c,cab82738404ec4bf9389ddd56a7aa784,5,,,2017-08-03 00:00:00,2017-08-04 01:29:38
abdec07c8be0483f36a2240ff1f3bf44,dbe715996d171c4b2877daa01c0d6aca,4,,,2017-05-24 00:00:00,2017-05-25 11:02:51
abe1b7104263f5c849349930406f5246,736d9580e48fa6a156f60f5341acd2da,5,,,2018-08-15 00:00:00,2018-08-15 13:13:03
abe670827aee2d593184e7d9bd68fc90,3e9fee97691551e4a1444f095899d5f9,5,,,2017-09-15 00:00:00,2017-09-18 12:50:34
abe8321fcc34533ab9899067d3acc192,fd8acdf929a762e10cb02698d2116fdd,5,,,2018-05-18 00:00:00,2018-05-20 11:52:56
ac1001352ad3b724e3db6ff2a8cb896f,8b54ad5dd057cd34a1308553e2bba5dd,5,,,2017-10-26 00:00:00,2017-10-27 17:44:39
ac29da125435c603e84e0634fe7c2b6a,f5662da1743a5f7589fe85510a24e197,5,,,2017-11-07 00:00:00,2017-11-07 20:19:57
ac408d22ffa6f42d1f30e8ec69cce554,15be0c9cf56bcf3cfe7c453ca50f7c38,5,,,2018-07-04 00:00:00,2018-07-05 18:25:14
ac43751b40d83bca5aeb6875d587e62f,88765c7c25c8dd40cefcd887f3c8cd8e,5,,,2018-07-24 00:00:00,2018-07-25 00:19:38
ac4b058182285254410a6827ca137ef1,29e88d870b2322863f45602dc1a8bd89,5,,,2018-05-08 00:00:00,2018-05-10 15:37:04
ac807a0a4d89fb670e5757923f5c45e5,824a8fc017adc80f979335a8477eb7cb,4,,,2017-12-12 00:00:00,2017-12-13 15:10:31
ac80f6e4b43f0723605be92100180fd5,5fa86014b9702f8c488d3ca356d24dd9,3,,,2018-02-28 00:00:00,2018-03-06 01:15:58
ac8b2468cc6ebff2fcb99ceadabbec25,e71783fc8cd92f708d13542f6d17ff7f,4,Produto,Dessa vez eles tinham o produto e nao me devolveram o dinhiero,2018-08-18 00:00:00,2018-08-20 19:49:49
aca74b9197be67db0df49fa486a49ce6,7818864c8604b6c6114235d245908ad6,5,,,2018-03-19 00:00:00,2018-03-19 19:20:55
acad77a2025044b67fd2da18e5f67d07,ea2a094b786d1184a3b3cf0e5f549d04,5,,,2018-07-06 00:00:00,2018-07-10 23:28:27
acbba5cc79b8d9bedc38bfe2c77ce0c4,10cd85520165aa0f64d484b8f9bf60c4,4,,,2018-05-04 00:00:00,2018-05-05 21:19:43
acc21beb35cf2a421ccdaf5122f5c491,884245b62173977a377007d7c62cf9f2,5,,,2017-10-17 00:00:00,2017-10-17 23:03:32
acca28a0d6bba6617d0c7da29cd6299a,877893a9d335938c3fdaeed687b3f6e9,4,,Adorei,2017-10-13 00:00:00,2017-10-13 20:02:19
ace3f5241fb6401ec2dc81daff3261c2,e008eec42c3cdeca3e9b47a91fbc848a,5,,amei o produto muito lindo,2017-10-26 00:00:00,2017-10-27 11:52:38
aceecee726bc8182a8b7bdead90db6a2,bcc3b9b2b1b0f27be6e2816968b08fc6,5,,,2018-01-24 00:00:00,2018-01-26 18:11:07
ad0a3b5ddb2f46989b644576a6d4d373,057e8245e6408a7f5db33b517c481617,4,,,2018-03-13 00:00:00,2018-03-19 18:30:28
ad3c93aa78d45de0d00a896886e0e805,d0b4c30f45087d9a9114b3cbe87aee63,5,,,2018-08-31 00:00:00,2018-09-03 11:51:22
ad40da2fd32869cb0560533c4d2c0670,77ce8174ece613ac99bd6506f3d679d8,5,,Muito bom,2017-11-04 00:00:00,2017-11-04 23:46:13
ad429b6e5d1af8446d183de9bca2d5a2,e2b7031b8151dd5de69d77a161b19c44,4,,,2018-02-28 00:00:00,2018-02-28 23:54:00
ad42ad35528e7edbc95b4f25b29abdfb,293195bcdbd978c21b548c48185374a7,5,,,2017-09-23 00:00:00,2017-09-23 19:43:40
ad43d3f05c4571e3347b7da3d8fdb24a,4dea4753bef29a866f8cc4a9c7ccbf40,4,,,2018-08-14 00:00:00,2018-08-14 22:10:48
ad4d955207fcb41bb9b07997bc304952,1aa720b6963ff9b4b5bff9bc48b49a89,5,,,2018-02-15 00:00:00,2018-02-15 21:14:56
ad642557369ff5402fc5fd5938002d3e,743d02b8213067631ae00120303b4ab0,5,,,2018-04-15 00:00:00,2018-04-15 23:35:25
ad6f9bd2d7b463f8b733a767436b295f,8ea4a5894120c659405242f39659da6c,4,,só não gostei por q o produto não tem o selo do imetro. mais o resto estava tudo serto.,2017-07-21 00:00:00,2017-07-22 10:21:43
ad8ba09e9d77bfc502684f424c92937e,57d153da23520b86eca3cf063cc3838a,4,Perfeito tudo de bom ,Chegou bem antes da data prevista a minha mulher amou o relógio e perfeito e sem falar na embalagem q e linda ,2018-05-10 00:00:00,2018-05-10 22:04:15
ad97a2af4ccd4df73413f016a766744e,beeee30f17612200615fd1ce39b41a43,5,,Entregue antes do prazo. Recomendo,2017-08-22 00:00:00,2017-08-25 17:37:02
add2ace7076ef6c8dff225c3fe204328,1fad09d0fdfb8f4f8cdfc1d5be566893,5,,Produto correto e no prazo.,2018-02-25 00:00:00,2018-02-27 11:36:56
adea13ed92fc449adb95c186b8476698,6782d250639c09c7c4e49e3cf17828a2,5,,,2017-06-01 00:00:00,2017-06-01 23:24:27
adedb5bcb459664a4ff94fc044824710,abefedeaf61ad043302fe9d2837a9772,2,,recebi apenas 1 dos produtos e uma nota fiscal constando 2 itens,2017-09-23 00:00:00,2017-09-30 03:40:09
adee6c1422d5e86e850198b24f958a94,ab114f47094abcacaf5888844db683ff,5,,,2017-03-15 00:00:00,2017-03-16 12:21:56
adf2a2c1dadacb2ff9fd638f50f73b46,937b8c2c23c033f63b1b46e876b2c385,2,pessima qualidade,"pedido com 02 itens, recebi apena 01 item. item recebido refere-se a 01 jogo com 05 toalhas, que vou usar como pano de chão.
o outro jogo solicitados não recebi, então não poderei avaliar. ",2018-07-05 00:00:00,2018-07-06 11:30:55
adf4278dca8f2af71afbb7ba5f64405b,b4b9bb7dcd61983e42bcf0d13ab3f704,4,,,2017-11-10 00:00:00,2017-11-15 00:32:08
adf561423652bcd029459cb67da080e8,065d95bb9e6d5bbc0a5a2c40579b16e5,5,,,2018-05-12 00:00:00,2018-05-15 02:39:21
adfc06dc8c065a566414879c88860c9f,152575943eb3ac19455e0e1a13e3d1cb,4,,,2018-08-30 00:00:00,2018-08-31 00:18:57
ae006095f119a4396259b1275c829ccf,5617a131d53f18d61b0b90a2d279e820,5,,,2018-03-14 00:00:00,2018-03-16 10:46:26
ae1d973c2d4fd7c00c4b43bb9ab17f45,9e607cec8bd33ad2250970a82dc17011,4,Boa,"Gostei bastante da compra, o produto veio correto, chegou no prazo e até agora está correspondendo a minha expectativa",2018-05-01 00:00:00,2018-05-03 20:02:13
ae2293592087500a5efd9954af0d1098,303537b4b88abe56ea3a5c0801709c36,5,,,2018-06-22 00:00:00,2018-06-25 00:15:26
ae288856fb6a1de8445f3e1ccf5f7bfd,241b1a5ff1d152dc47bf2093ea154edf,1,,"Eu cancelei este pedido, não tem como avaliar.",2017-08-20 00:00:00,2017-08-20 20:45:59
ae4ce7a80379731956dfa238a2d74797,9dd7bd30536daba0afe7e080f4b8a3dd,5,,,2018-01-28 00:00:00,2018-02-02 19:03:50
ae59d5f498f91c7a8d845c5f69fd187f,4320677b3638816c46bb7ecdf9533fd0,4,,,2018-06-29 00:00:00,2018-06-29 21:24:03
ae5a70a142bb2ed24d298661248f3ef1,60e04ef7b695b4d6bae420059a317028,5,Muito Bom,"O produto alcançou todas minhas expectativa, e sem contar que chegou muito antes do prazo de entrega super recomendo.",2018-08-14 00:00:00,2018-08-14 19:48:58
ae5e0c90e4cacde00bea68b857dec5d0,48fbeebc9d59b8f5b8c06d87af9626f2,5,,,2018-06-20 00:00:00,2018-06-21 02:06:09
ae71d369eeb85bfe55ce2ea7515af1b5,edddb585a5c894ef488568334c567e2e,2,,,2018-08-22 00:00:00,2018-08-22 20:05:29
ae7eb9c157cdded800b076faa2bc4b5b,97a982d424741dfe24bc1ca5d943ad70,1,,Esperando.,2017-12-28 00:00:00,2017-12-28 09:48:39
aea672ac00b54c5ebbc7cb3344189ccf,07d395244b58ce72bbecdafbb1b60ace,1,Produto errado,Comprei um produto e veio outro. Devolvi o produto. ,2018-07-21 00:00:00,2018-07-24 00:16:10
aebf95f22970712abd297636692309cc,095f058cc1daeb1e7ba1c133473090a3,5,,,2018-05-06 00:00:00,2018-05-11 21:35:35
aec2f144670b6bd6abc69aac86e441ff,acb8a8355ba526f10697c17f40dc3352,5,,,2018-05-25 00:00:00,2018-05-27 20:02:09
aec879667d25137213cfebc739f3e3e0,c56ae3a36b8942fb185a2c02c46fba20,5,,,2017-05-20 00:00:00,2017-05-21 17:43:28
aecbcc9c21df15e331a50f8b00c700d8,1e48944f586b8b17f307ac4f5319b0c2,5,,,2018-04-20 00:00:00,2018-04-24 00:23:22
aeed23162014d941565b064d8fd272f1,5bf4b0c6624c03f4a531a60082fab3b5,4,,,2017-04-04 00:00:00,2017-04-05 13:14:21
af0aca9681a4d8b83b6abbc9bf8391f3,a017bed18c5f129119f36a92642a1cc0,5,,,2018-06-16 00:00:00,2018-06-19 11:53:19
af1c326dfaa2128c7d22b308d02db5ff,a4736d7f64163c9072e4aaeeb18f3aa8,5,,,2018-02-07 00:00:00,2018-02-11 00:44:15
af309bb1fc7c44e25cce0399a7da25f1,494c2e94dcd29167f5fe359a45aa879d,5,,,2017-02-02 00:00:00,2017-02-03 05:15:19
af3c3310dc786e347e44d1bb789be8c1,efa247c04ccbd33d0ddfdcd3817466a9,4,,,2017-12-02 00:00:00,2017-12-02 21:30:06
af64d2317435834b89df09ceea920d98,4ed9c32a4e9d45ab8b3b9596e69f7346,5,bom,,2018-05-22 00:00:00,2018-05-23 02:04:12
af6b640dc8653ef2dadf9ada85c1daa2,69cc55eb653cc27eea935e7a0d26b83a,5,,,2018-04-28 00:00:00,2018-04-30 01:12:59
af6cdcae73e4833f110cf455e6d6a2a8,5bec9dad5626dc4e86bf625a3a6d0523,5,,,2017-07-28 00:00:00,2017-07-29 01:11:21
af91e4a6a15abbe6af99409ddd74592a,ce8157b7dce9a36c6ab802ad73f494e4,5,Otimo ,Tudo de bom.,2018-08-24 00:00:00,2018-08-24 23:24:59
afa153d582daee7b12324a920021f341,d9fa4ce136debee4083c12f5073aeb79,5,,,2018-07-14 00:00:00,2018-07-16 11:15:12
afa798b2c249e1363e2387e4da3079d9,0e3743eb1b447eb4747eaafc9221fb41,5,,,2018-01-13 00:00:00,2018-01-13 22:38:23
afb30d999324a9bf0e8b8e8c36dd688d,8e65dc9111065511a3429687624b4fd2,1,,produto veio faltando acessórios e ate agora não recebi ,2017-04-28 00:00:00,2017-04-30 14:21:36
afe07e3eb6226ab0a87ce93eb9ec435d,76a6cde2f1431bc0834cad44ad2f472f,1,,,2018-03-08 00:00:00,2018-03-08 14:42:29
b0122cb1623fa4d1e74e7ab9de549465,87cbf27ac970c7423f11157c2ef6ec26,5,,,2018-02-09 00:00:00,2018-02-09 19:42:47
b0183f855aa7227348c7eba4ebb2dff0,6d37c2777465f819544099f0ec5a6b25,3,"Entrega no prazo,",,2018-05-18 00:00:00,2018-05-21 01:44:37
b0301f9b9a70de1c272a6177ce8d35c2,b2ba6dc36919f6194acddab3c69c65b5,2,,,2018-08-11 00:00:00,2018-08-13 18:43:35
b03660cda42b380390996968da43793d,92599308ba8d89889268df82c199bae4,1,,"Até hj dia 17/12 o produto ainda não foi entregue era p ser entregue no dia 15 mas até agora nada ,foi minha primeira compra tanto no stark,como na loja parceira targaryen.",2017-12-17 00:00:00,2017-12-17 09:04:20
b055853fe37c64d08f60679c9a91e812,62c4fd481d60fc62e465737c7f09ee92,5,,Cumpro com aquilo que promete... funciona perfeitamente no gol g3 1.0 16V... O consumo de combustível instantâneo funciona perfeitamente. ,2018-03-03 00:00:00,2018-03-03 21:41:27
b05ac8dde66e37ee8cc11ef2a03d06db,303ee5296914e7240620a31df874be35,5,,,2018-06-09 00:00:00,2018-06-09 22:07:18
b05da977051820f8d34010451467e56c,c0926505809f1295c7ca6902c2c4d932,4,Cortina Boa.,Produto conforme foto. Gostei.,2018-06-08 00:00:00,2018-06-08 22:10:49
b060f38e6de7a9940ec3218c1900dcbb,a8ddfd6f6316a1c31da18f179981ecc6,4,,,2018-07-06 00:00:00,2018-07-09 15:56:00
b069e71b3bfabdcca00b497c8d5cff4a,d48b61ddc056e387c86d308c28798dec,5,,,2017-11-14 00:00:00,2017-11-14 22:44:04
b06c6bb47ed7a56426371add10e26107,43e9d6cfdcf9eaad45b8fb0a3ebcd521,5,,,2018-03-21 00:00:00,2018-03-24 14:35:45
b097cfd2b58930c5b9999eec2dac6996,eec1e7170bc88c845bee8ab6ef36721c,5,,"Produto original com preço excelente, recomendo.",2018-02-16 00:00:00,2018-02-19 14:07:59
b0989bb919e1e571fb36e17d326ca09d,6b4691b98b476dcd37e1dbade28ab62c,5,,,2018-05-08 00:00:00,2018-05-10 14:54:05
b0a62a1a05f2554ea1425e38eceaab68,e67c5e18a6f322301db55af5c4541aff,1,,,2017-12-14 00:00:00,2017-12-15 12:24:27
b0bc18099cc16c89447978669a6b2b62,621e872311397c42f0b553c82785d56e,5,,,2018-08-07 00:00:00,2018-08-07 22:39:56
b0c678d9f28c1207e602edb07323a486,da0831d4484d6bb80afb9ddc8c12068c,1,,Não deu dois dias a pelicula solto. Qualidade muito ruim ,2017-05-17 00:00:00,2017-05-18 10:46:11
b0fd08c22ab26385dbb09838bf0f1738,1ea7acde8dacf11a098d0b85b13cdc0e,3,,"Mandei email com reclamação de que meu produto estava com a etiqueta/código na parte interior muito danificada, aparentando que o produto já foi usado por muito.Gostaria de explicação pq comprei novo.",2017-11-07 00:00:00,2017-11-09 15:06:05
b10623fc1e55ea09bab96a0336046d4d,a97a20383c7664aca72d666d1858be2a,1,Pior possível,"Comprei um coisa e recebi outra, já enviei e-mail e até agora ninguém entrou em contato comigo.",2018-08-16 00:00:00,2018-08-19 21:51:54
b10af7a31f805a2757a9b4bdc790c39c,953b30be6cd0f69c4339736550b2dc1c,4,,,2018-05-04 00:00:00,2018-05-06 21:10:31
b1537e43e89524a0dd88f2e8440df0b7,4a098cad947704b7e739e19a092e24de,5,,,2017-12-15 00:00:00,2017-12-16 14:44:07
b16d4274e57ac7a920972fbeb1cc9c79,96c85fb240067205674e99425c5df3de,1,,,2018-03-18 00:00:00,2018-03-18 12:38:26
b17fe0628c8ca6460ca9111c99d0425c,554798f223b7f6268362b7489f7514e1,5,,,2018-03-27 00:00:00,2018-03-31 04:10:52
b18204ed1b39d84c36cca10a2b45643d,a402af38a74c44926247db438245d95c,2,,É a primeira vez que um produto não chega no prazo,2018-03-08 00:00:00,2018-03-08 10:27:58
b18c76e11ab24f0307c7e967220b61bc,9f94d18d96cdee37300256e7284d7de9,5,,Chegou antes do prazo. Achei que era maior e mais resistente mas ainda assim é bom!,2018-03-20 00:00:00,2018-04-09 02:21:04
b1951fbd538997ac0fe35c284e349a2d,f8898796f33b7a0741dc0cf4f54c0001,5,,,2017-10-07 00:00:00,2017-10-09 12:13:52
b195f7f91bba824151ed23d6f3aa174d,ce4d8859d85000477949b11c78144074,4,,,2018-03-21 00:00:00,2018-03-22 10:15:21
b19a033cc2b01e1372ee0df5934aeaaa,a68ddd6009f7c4914e2bc86567262d3b,4,,,2017-11-23 00:00:00,2017-11-23 07:27:38
b19fd9176b81354620dce51580eed060,732a77c453f0b9ea3a2665a575f3ecd3,5,,,2018-08-18 00:00:00,2018-08-22 00:54:59
b1a6518330aa667964713b531645e8cc,d3c64cf55752f7821e85e7ea9b9b3f30,5,,,2017-05-20 00:00:00,2017-05-21 22:32:49
b1ad90af3939c1a1a9bfa63604565368,100e8cf23e7518027376ac07ca0ec96b,1,,,2018-03-21 00:00:00,2018-03-23 13:54:15
b1c08a737850987bb66fbe9449dfe54a,65c28faddc1bdb2d3d5de4f713de3f9a,2,,"Veio na cor errada. Enviaram o lustre laranja, em vez de amarelo.",2018-04-25 00:00:00,2018-04-25 23:06:47
b1c18045cdea093ef77d2846e9b3c752,e4dbab8bc2ed64c1bfeb63cf0765c0c1,4,,Tudo certo,2018-03-17 00:00:00,2018-03-18 00:14:19
b1c599b0afcad8694b3522b5ab87fdd7,eb3fabeabbe68b3abea891b6751aa77f,4,,,2018-06-27 00:00:00,2018-07-02 19:57:31
b1c83abc115ddb8ecfd76f17d35c3c92,024a74550cdbd36c0fe3955fc9e2bcf0,4,Produto,"A capa carteira veio correto,mas a película de vidro veio menor do que o aparelho.",2018-08-16 00:00:00,2018-08-16 12:07:13
b1d218f3d372789a8db1ea0a425abe7e,a5b65501699091dc28e4499a0b143963,1,,COPRA VEIO ERRADA E NÃO CONSIGO RECLAMAR COM A baratheon PELO TELEFONE ESTA SEMPRE OCUPADO .,2017-11-29 00:00:00,2017-12-05 06:23:37
b1d8ad7775f8adca2fe77ce377bbe666,ff8d0c8b5c1e8bdd6f8e3170f6fd62fd,4,,"O frasco é bem frágil, quando tirei a fita adesiva que prendia a tampa ela descascou toda. Ainda não foi utilizado.",2017-11-11 00:00:00,2017-11-16 16:57:53
b1f1d60caa5501af793fbd4e16bd608d,641b2871fe2ce7418e69b4c4fa21bd40,5,,,2018-02-22 00:00:00,2018-02-22 18:07:13
b1fee23fdd40c3ffc6265bea4645d384,68e8ce771060f901302ac23924bd1400,5,,,2018-01-10 00:00:00,2018-01-13 08:11:37
b205a55ba51a0d6ff3dd08d51954f4cf,b14127bfb817fb9d5883aacd257bb447,3,Telefone celular,"Nenhum chip cabe, nem com adaptador!Estou buscando solução mais prática.Caso não consiga, terei que trocar o produto.Recebi dia 17/8.",2018-08-17 00:00:00,2018-08-20 13:36:30
b21d2923047ed85c4ce32008ac4fa0c8,843b7dada8b84daa895c7978c62f9e43,5,Preço Produto Prazo 10,Produto entregue antes do prazo prometido. Isto é muito bom! ,2018-08-03 00:00:00,2018-08-04 11:58:32
b25711cecccb5e146187e875fb1ef9ea,f2d16f462937b4496beecdb680e7e199,5,,,2017-04-11 00:00:00,2017-04-12 01:12:06
b260a0f123775c38fba7da5c2e3fc431,d01e880670a9a8612c1ad4ce4b56eb26,3,,,2017-05-26 00:00:00,2017-05-28 16:55:32
b26b1dbd975257a11bc07a643957bcde,687360c3a0855ebff512cb8b6ccab95f,4,,,2017-12-05 00:00:00,2017-12-06 07:00:23
b26c7254ff624867a5db629de1f70f10,6b1c7130d5aac7f42b53755af58fe82a,5,,,2018-08-09 00:00:00,2018-08-11 17:44:26
b27141a929d82340c5687e258516e34b,acd28ef21e6a66f094eebbf1e65e58ae,5,,,2018-04-13 00:00:00,2018-04-16 14:39:34
b27252da0108f07c3cc40254cdbee605,fbbc0a864330509c41ca4b4f0ff9b780,5,,,2017-07-26 00:00:00,2017-08-06 23:59:48
b290d38640f45e7ac6a7ea27570a937f,39ed55131dcacf19b9dcf0739eefb591,3,,,2017-08-26 00:00:00,2017-08-27 12:34:32
b290fd0f50d396278096ab84660f0ca9,068c0507e1af74b156beee1db2deed7a,4,,,2017-07-28 00:00:00,2017-07-30 18:45:29
b29a687b58a0945f24ae1987fc1c33c3,e6baf197cf97695698df42588f7c0d05,2,,,2018-05-04 00:00:00,2018-05-06 22:55:30
b29d0a0641f015e39bff878268762c67,3724d3f2c0cf415269a35992df297fac,5,,,2017-09-29 00:00:00,2017-09-30 00:27:49
b2a498418141ccd5fec53cd0e4b37751,197fdb2270597913a3ba471f251d01c5,5,,,2017-04-01 00:00:00,2017-04-05 11:01:15
b2c0e67e9dc7c5f256e324cd685a3ca0,14b0bbcd9df43c7c4f332b485e84faaa,5,,,2017-12-28 00:00:00,2017-12-28 23:30:32
b2c9db57c72ea0d8668b61ea00c5222f,caae7bbaec61968f200bdb5a27df0d4b,5,,,2017-07-27 00:00:00,2017-07-27 23:48:59
b304971b85cc47ece3a4aeb810b42234,2ba6f4043547bc847cc055c975cb57cf,3,,,2017-07-05 00:00:00,2017-07-06 11:31:17
b30cb67bb03830b16d4f86110259a2fa,3a0ef207d0d68b9409177eb5829032f6,5,,o produto chegou no praazo obrigado,2018-07-31 00:00:00,2018-08-03 15:42:17
b31756e067cbf823d17fdd56aa312bc0,ae27a50cb9ab15aabfe66ad3b4020a91,3,,,2017-03-04 00:00:00,2017-03-08 02:28:11
b32e5d462794e70a6e61ed17f6c51609,cc008d324278200689ee451a547b97c3,4,,,2017-02-09 00:00:00,2017-02-10 13:20:20
b32e794878bd8768ba3e1b2410bf1b5d,f35013d66cfcbe79e1bcedd6fb914278,3,Quero o estorno ,Não recebi o produto correto ,2018-08-11 00:00:00,2018-08-22 13:54:12
b33c425924d64510b5cb865fbd5b021a,5a8f3e078b9a03b9bb16baa101e1c0ae,5,,,2018-02-22 00:00:00,2018-02-22 22:34:01
b33cbf4242c7b915a2aa8b494f4890c9,292fa4655c8e30747b2b465a8f4d14f7,4,,,2018-03-03 00:00:00,2018-03-04 03:04:49
b35ed3ec11eba9a0f409a7f30de94921,76b7b4a37af9d49cd67082d0c263aad2,5,,,2018-05-15 00:00:00,2018-05-16 14:34:27
b35f1245dedd86c77497c84e7cd29bd7,3d6298d6f28bd5a6ce39be4faef068c8,5,Lindo!,"Produto maravilhoso, ótimo material. Recomendo.",2018-05-31 00:00:00,2018-06-03 01:46:05
b363a4c607f17ef741ce553fed18a613,a4f28b3c6ced3a0b8f60b9043bc27f9f,5,,"Muito boa entregaram muito antes do prazo.minha entrega era só dia 26 de março e eu já recebi um mês antes.
Excelente ",2018-02-27 00:00:00,2018-02-28 00:36:49
b37bf5dd5be243dae83bcd68657d2637,5c16fa790786ce85165190a91ebc6f85,5,Excelente,,2018-08-09 00:00:00,2018-08-11 20:44:55
b38a63a2b3a1deddacbe4861a3087053,a05cabeed82a5a2e8078c7e6ed14a03a,4,,,2017-12-25 00:00:00,2017-12-25 17:22:06
b3aaefedd2348d0946add11b05aac8c0,a739570c1cd11112aa1fc229a15155ac,4,,,2017-03-29 00:00:00,2017-04-03 00:11:19
b3acd69b1b8f20c7968aec05daf59c7f,557c1116cc609730b617567dec5790b3,5,,,2017-06-24 00:00:00,2017-06-27 22:12:46
b3bdf46979fd58dd6ea86a7cbc2ac8a0,28d0d98e542f0409627c3717348339c4,5,,tudo dentro do prazo; parabens,2018-03-14 00:00:00,2018-03-16 21:54:37
b3d22c581a0e889ba152980c995888f8,47ff8d381edb0deb837f57d7805f0a56,1,,Estou aguardando a entrega do meu produto. O prazo já expirou e até agora não foi entregue.,2018-03-16 00:00:00,2018-03-16 12:03:54
b3f419bcb754c7a4131e247d18388fe5,ae8f17ccd841c2dcd9c8149a2ac7ae65,5,,,2017-11-23 00:00:00,2017-11-23 08:10:54
b400500807826ffe73a3475f6c1ee085,981cb41791006b79817f4b05721fbe10,4,Muito bom,,2018-04-28 00:00:00,2018-04-28 15:27:01
b40cc2821c35f383912a9943d47d63c2,d951a2eceb245c4227c3d633d4a440f2,5,,"Muito bom o produto, só achei um pouco caro! ",2017-06-28 00:00:00,2017-06-29 04:51:41
b41337c359e073ad480c8661867b5904,2f803c32f469729b9a81a120bcf74567,5,,,2018-06-21 00:00:00,2018-07-05 11:42:08
b41fe581b62d7b9b3b0c6b16b5ccf87a,780d06f3d4a6cf29181986194b9c23bd,3,,"O único problema é o envio pelos correios, pois temos que ir ao centro de distribuição pegar a encomenda. A venda e entrega foi feita por empresa parceira.",2017-04-18 00:00:00,2017-04-21 01:12:23
b420ce5036a7cfb9ac1f54e09b97be59,c9e893d2e32f6ca9988b30669eb71e5a,1,,"Embora no site da stark consta que o produto foi entregue eu não o recebi. Segundo a portaria do meu condomínio( pessoal da segurança) a mercadoria não foi entregue, ou seja eles não refeberam nad",2017-03-15 00:00:00,2017-03-15 04:03:18
b421b42944783ca9d295dc32a0f0a4ad,3cb615977522175b4a3af08f44b44dce,5,,"Indico, produto chegou na data e veio íntegro.",2017-10-28 00:00:00,2017-10-28 03:07:45
b422fcf0e62cc64b3ac89d8e2be4bb3f,6e424a06931a556c15b962b40017f690,4,,,2018-08-24 00:00:00,2018-08-25 17:22:14
b4247ced2dbf120dd1eb7705b3e62fb6,7c1c60f422c242e539075d9b9edca95c,1,Não recomendo ,encomendei e paguei por 2 unidades do produto (Película de vidro 3D Moto X4) e somente uma foi entregue. ,2018-05-22 00:00:00,2018-05-23 20:51:22
b4270d5913a26e05eeb59ec4b3eb86c3,2c0b15f658bd85594b7943de2c9719fa,4,,,2017-10-12 00:00:00,2017-10-16 09:54:25
b427a40d75f8af4b5ff2048fcf22ab06,5284adfbbb8324bb8cc6ce42f0ea43e5,5,,,2018-06-12 00:00:00,2018-06-12 22:44:41
b43910a135bcddc2436de21f422aa187,2ee7854c6d1ee4b64e27764b46dc99ca,5,,Gostei muito! Entregaram antes do prazo.,2017-09-20 00:00:00,2017-09-22 17:45:30
b43b966ba1fb454e10a72c62ee540c74,c0d74e15535e242afea299f2edb23394,2,,,2018-04-06 00:00:00,2018-04-06 23:36:46
b44c4d8ddcb2488d0badac6181fbe4cb,01d72d42aaedb3736840132071d51100,5,,,2018-04-06 00:00:00,2018-04-08 21:53:23
b44e8b1955983844d519f0735b84f00d,5187d6e3efdec859c111d889c9ad7d9a,5,,,2017-06-22 00:00:00,2017-06-28 19:45:04
b46d82482e3aa4f402bf626d034c24eb,6480dffdb7765afb3bbb91cfdd9c569f,4,,,2018-01-30 00:00:00,2018-02-02 17:11:34
b47bcd9c08fb20c12a4cc3753a1066bf,47f545499e9ca5a70d3ec65e4e70adfd,4,,,2018-04-21 00:00:00,2018-04-27 00:26:12
b48667f348d49ed3ad168c47d488bff1,9d8b9a9cc92d7f5e907cf13a99a705e9,5,,Entregue no prazo.,2017-04-19 00:00:00,2017-04-24 18:48:58
b48dc174f0eb48ef2d2354d4109172be,cb53f0b6e8f9082a9f5a113765dd1236,5,Excelente!,Produto e atendimento Excelentes!,2018-06-06 00:00:00,2018-06-07 01:17:50
b493b6fe85799e449adb567c2db2978d,c339883c001902289c0283631cfa22f2,5,,"Relógio lindo, exatamente o que eu queria. ",2017-08-10 00:00:00,2017-08-10 23:49:51
b498aa2948ced89518f98dc3e3e20078,c7fbc344dbbad59f3446f56555ed649b,4,,,2018-05-12 00:00:00,2018-05-13 15:24:27
b49943805e8540e7cf39e3d7fcc6887c,696d4e01a87ead29fa5f8066ed27d4f1,4,Satisfeita,Satisfeito com o meu produto e tb entregue dentro do prazo. ,2018-05-25 00:00:00,2018-05-28 22:15:03
b4a109d2440837739f85356cb8681df3,c2b88e285b675e490d60c733f34c3d7f,5,,,2017-12-22 00:00:00,2017-12-23 00:54:15
b4a147c05372e3ffa8aac9da627950e1,34a9f5d9dc692eef97911d47564b1af1,3,,,2017-06-20 00:00:00,2017-06-21 00:12:42
b4b11d5e7cd7f84031aaca51b7eae7c4,c9cb31bb489f9ed567f42b13d15d8d28,5,,,2017-06-01 00:00:00,2017-06-02 04:21:04
b4b1c9c11b22f36f3571fa285a23e5de,c442abd5622d3602e7e1951edacfd007,3,,"Entrega foi super rápido, é o produto mas não com infravermelho como eu queria não vou trocar pq é uma burocracia.",2017-11-30 00:00:00,2017-11-30 22:46:26
b4dca786d897a66bf7d9a0e4fd9b9760,5f7d84d0a7cea1633979f2b458c740b6,2,Não recomendo,Produto de baixa qualidade.,2018-04-27 00:00:00,2018-04-29 19:01:39
b4e152d7ce77dc1f4015043ed3e4504d,bfaf2a2f0abc56602d3b0fcf99576126,5,,Excelente site de compras!!!!,2017-08-26 00:00:00,2017-08-29 12:29:00
b4efcfc7479cfc96bb43cedbe2a7e4f0,c1b770015e27aaf2b475026989d04fe0,4,,,2017-12-20 00:00:00,2017-12-20 18:34:00
b4f9002b8b1a4003427751e61b6c2656,cb00f9d32f51bf65823f130e9c146173,5,,,2017-05-24 00:00:00,2017-05-25 14:24:12
b4f9f27be49adb0779bba43f6a856bc6,ae8590e2d258155cb303eaac1325e099,5,,,2017-09-30 00:00:00,2017-10-05 02:22:36
b4fe9654fe2b9a9167754a51e91b90be,162475e808583e34c8306484480badb8,5,,,2018-05-16 00:00:00,2018-05-16 22:15:49
b502d245bff8c505edc3ecf56496c69c,f43dce59f4547d6918c7b2360f27698f,3,,,2018-03-10 00:00:00,2018-03-19 02:05:05
b510ac3990b54833e9d253170d5aff48,8a81337c086e3ab740913c061cf6c2d4,3,,Achei o tamanho muito pequeno ,2018-03-16 00:00:00,2018-03-16 21:18:19
b51826b422154f021afb5d70ca9e780e,159844b19db2d2dc59a55ee69a971226,4,,,2017-12-27 00:00:00,2017-12-28 01:18:22
b54d93335f6d35fd40f41494ca9bf0fa,b03c3813b79abede0217026999c4fd66,1,,"Na página do produto a foto mostra um produto original, com a maçã da apple. O produto chegou e não é um produto original.",2018-03-21 00:00:00,2018-03-23 11:43:59
b55bb2f24127c0c5c365b95054d84cc9,90feb1846fa42bbfe6d411d2d018d194,5,,Sempre compro na Amercanas.com e gisto muito,2018-05-26 00:00:00,2018-05-26 20:57:09
b5840ffc61a111d760b759fc343f861d,87064d517041a71950b9f0cf6d34b211,5,,,2017-05-14 00:00:00,2017-05-14 21:31:15
b588636a93a2236b329dcf25301ce4e4,57a382ec5b2ec69093d3bdc7de3ec927,3,,"O produto foi recebido corretamente, dentro do prazo mas achei curioso o produto ter vindo sem manual. Restaram dúvidas se realmente é original. Fico no aguardo do contato da empresa.",2017-06-09 00:00:00,2017-06-09 20:05:50
b590b8a024736268fcba460ed360e7e4,d8434c09d07ff98eaf30d4b68b5d6cbf,5,,,2018-05-15 00:00:00,2018-05-17 15:51:09
b5938ab13a55cd452ce71092796a7ecc,2d3b53a594f674cb7c476510f364c430,1,,Faltou um dos itens,2018-08-14 00:00:00,2018-08-15 00:32:53
b59e57ee8148cf22f88ddd8a6b2fdb29,bb18fa095535600a94fd3e6741d53b9d,4,,,2018-01-24 00:00:00,2018-01-24 21:52:30
b5aa12ce2eb2dd8de9c623a221399ae9,ccf9f826a9a2889f396bc19425443c9c,5,,,2018-02-06 00:00:00,2018-02-06 22:03:55
b5ab621eb5ec168c604d7a2e1db909ad,cd4949eac210d110de63aa0479dcfba1,4,,,2017-05-11 00:00:00,2017-05-15 18:26:36
b5bfc83cdc11cb9f0f45176a3c58ac56,f34f5fc0699f22c0ff25056c89074d28,2,,"Produto e ótimo, porém não gostei do fornecedor demorou muito, esperava receber antes a tampa veio quebrada.Queria outro ",2017-08-12 00:00:00,2017-08-15 09:48:20
b5c55a0f486b7b624507886493da8fb8,153b30f1bd286fb374792b9121ba0218,3,,,2018-03-24 00:00:00,2018-03-27 13:57:34
b5d1348aa5e2b81b6937190ae80366f5,906f3bc1c109fc6476f1d3002448f260,1,,não recebi meu produto e não obtive nenhuma resposta ainda,2018-04-05 00:00:00,2018-04-05 11:49:52
b5d6f03ea0d31639cf1b514308fa85fb,c235e3fbe42d171c9177e6664107170d,4,,,2017-07-11 00:00:00,2017-07-13 23:03:53
b5d710ec969c069d2281ccb794f9c0b3,2e3889d3a9c61df9a9e1c64f566c6aea,5,,,2017-03-19 00:00:00,2017-03-28 02:00:19
b5d75ed4334afd05ae8955b7ff640ffa,8bf8a39f0859c5d00da3d27e8ef39d7f,5,,O produto chegou até antes da data prevista para a entrega.,2018-05-15 00:00:00,2018-05-16 14:00:30
b5df71870741b926bb06897e2d80de63,deb42902805e791b98323850fd5f76d1,5,,,2018-02-25 00:00:00,2018-02-26 15:54:08
b5e59c1672c76cd0674819f914ee8f50,a3e6b4dfa4c321071ce66af89c4903b8,5,,,2018-05-01 00:00:00,2018-05-03 18:51:25
b5f1ecee3ada2c5b5fa05ca47b576bbc,d6f1fd48e3b9fbaa5ed2794838559afb,1,Cliente super insatisfeit,"Quero informar que acho uma falta de respeito com consumir final ficar aguardando algo que já foi pago e não entregue, favor resolver essa situação urgente ou estarei acionando minha ADVOGADA.",2018-07-15 00:00:00,2018-07-25 04:19:38
b5fb1dd1967827e894ed62b6f9096264,20da65274d671907282e06147c655ae4,1,,não chegou ainda,2017-12-15 00:00:00,2017-12-16 21:20:18
b5fc8a5d68e01f3ce249ddc277a4ad9c,89ad9301604c76e365ba9b9db109bcaa,4,,,2018-07-25 00:00:00,2018-07-30 11:05:09
b62b86ff6108447c826efcf1b157168d,04c28d1572e04b2b3e5b80ca7559e750,1,ENTRAGOU NO PRIMEIRO DIA,"ABRI PROTOCOLO PARA DEVOLUÇÃO, PRODUTO DE BAIXA QUALIDADE DEU PROBLEMA NO PRIMEIRO DIA DE USO.

lannister VIROU UM MERCADO LIVRE....6 PEDIDOS 6 PROBLEMAS ",2018-06-21 00:00:00,2018-06-23 00:12:26
b62f7b0e136225942d48cedf4623fc35,8a1173c84bbf754f61daf556a62fe1ed,5,,,2017-04-11 00:00:00,2017-04-15 11:56:55
b66f1f980a4832698b613bcce72bb779,0de5dbc9f3226761687d84b54057efba,4,,"Ótima compra. Ótimo produto. Só senti falta de algum comunicado entre a compra e a chegada do produto, só contato. Mas valeu.",2017-08-29 00:00:00,2017-08-30 01:38:53
b67ac2153c51e769711c574ebf035205,78e2e121092766f1dd16d8570944bca0,5,T,Única coisa ruim e q tive q buscar nos correios ,2018-08-22 00:00:00,2018-09-02 01:21:04
b6a4180ee3b8988ed0e5048c261837a2,b77200a7cbfba12d399cea6ab05f0056,5,,,2017-11-22 00:00:00,2017-11-23 15:14:24
b6afe6a79114b46a3746660971d22de2,7446025306e883cf5f81d6a59b52a77a,4,,"produto excelente, entrega antes do previsto ",2018-06-15 00:00:00,2018-06-18 13:53:13
b6cf131054e654fceb56f8dda8fa394b,906aae501a08de5072a4db9471da01a9,5,,,2018-03-02 00:00:00,2018-03-06 16:47:03
b6d2aae4f3a00453bf39cbab39ff7e3d,02332b54c758506809fd87d9c2748086,1,,,2017-11-30 00:00:00,2017-12-05 12:33:30
b6d8546f6788bc93f9f1ed33d4a4b51f,36ebb4199031e72a1fa964549b88c377,5,,Ótimo!!!,2018-04-17 00:00:00,2018-04-18 03:48:15
b6e3febd722ba40af41cd4347b989690,33053ee45764f34778295ba8a0a4131d,5,,,2017-12-04 00:00:00,2017-12-04 23:31:44
b6ecf5d780fc5576951e1d3d6ecaf979,f94344586ac6663aabd08cbb1381e347,5,TOP,TOP 10,2018-05-03 00:00:00,2018-05-06 16:33:56
b6fdae8b38de4c0ba2f17d3fd75601f6,c911e05e122d374b5c4e8af53751f999,5,,,2018-06-17 00:00:00,2018-06-22 15:36:02
b6fedbc674be1c03a432e5605869799a,110e1980401cf18f27590b4023ff5e32,4,Excelente ,"Boa noite! Muito obrigada, recebi no antes do prazo, estou muito satisfeita. 
",2018-06-05 00:00:00,2018-06-06 03:21:18
b701b2e3b150cee0359b3b2b9e172bd8,0bb0dd89956cc5f44ff556c2189e7160,5,,,2017-07-04 00:00:00,2017-07-04 23:18:42
b726673bb45b4d2ab160e08956414000,c0c339f8d69784a8cb6b51f9aa9f85d2,3,,,2018-01-20 00:00:00,2018-01-22 19:08:45
b727422067383ca9ea3fa360dda93ab5,23799ee0d85541263f0637d4b86d5e5b,1,,Nunca mais compro pelo parceiro targaryen nao tem padrao de qualidade falta respeito com o consumidor ,2017-05-25 00:00:00,2017-05-25 09:02:22
b730167f24ef974dde3f476c1c7cb208,601e15e212cb33919e0444d6f0d776e0,5,,Recomendaria para todo mundo é muito bom o produto chega em dia tudo direitinho,2017-09-30 00:00:00,2017-10-02 21:32:52
b737047bed924e43c8646dc9e2650b5c,7325b4b6f6e7fecbd8450965f4bae948,5,,,2018-04-14 00:00:00,2018-04-17 17:55:37
b741aca993e032332689ef04a71e95f4,5bf9c5ac7dfc2d9cc6911038a0864fbf,5,,,2018-05-01 00:00:00,2018-05-04 00:41:06
b74836fc42f499d2a95b16d560e88534,0ad01dd05d74bc7891d57312627ec33b,5,,gostei do tempo de entrega,2017-11-21 00:00:00,2017-11-24 17:03:37
b763a099b86a0e05a23963af1dadb722,e9c9ec206dfea33f9613e1cac82f575b,5,,,2017-06-27 00:00:00,2017-06-28 16:59:36
b77914112314acf648fcf37e8b17834c,129832042bc2898155b5ebf3b2058585,5,,,2018-08-23 00:00:00,2018-08-24 11:15:34
b780bb6d05e19ac88b5af48b1fb7a135,81a1711311a8709f7d6522bd98d36745,5,,,2018-05-16 00:00:00,2018-05-16 22:29:59
b78a5991a1b1f7e5745a4bb34ad4a31f,cc5a9c86cbb61d7baebfde35e243a2a9,4,,,2017-11-29 00:00:00,2017-11-29 13:00:57
b78fca3b379ac0f0f93e35a011ff9f8c,9497fdeba0ce6632e8e88b47fba765fe,4,,,2018-04-21 00:00:00,2018-04-30 14:33:29
b79aa54c9e2e09fb170a27a8c39cb9de,043671e7714932580dc35789804ffbcc,5,,,2018-02-07 00:00:00,2018-02-07 11:25:12
b7a54dbd56b7c0353ab0b15aa6d4d020,a9d045793a3a75774ac0fedb5d7d46c6,4,,,2017-08-05 00:00:00,2017-08-05 10:26:15
b7b42ae711ef5a7663baee05652808ad,7c91c3456c73201bef537307835f6ac4,3,,"Se eu não tivesse precisando tanto, iria devolver, pois na imagem mostra que a película cobre toda a volta do botão que fica na parte inferior do celular, quando na verdade não cobre!",2017-10-26 00:00:00,2017-10-28 19:37:22
b7c92cc2b0bfcc8a6843c71a756127c4,e5f3aa7d16fea584333063fee66666b5,5,,,2017-12-13 00:00:00,2017-12-13 19:29:45
b7d5be13907b48e623dfa1a4059a153b,09de1c09553be98d80e730e53641c515,5,,Excelente! Entrega rápida e o produto é lindo!,2018-08-26 00:00:00,2018-08-28 22:08:46
b7dc38a17166c6d772bce2caaf64f10b,067c946a70abc2e1e8d9185ae309b48a,3,,"produto bom, mas esperava que fosse melhor, levando em conta a descrição do mesmo",2017-07-18 00:00:00,2017-07-20 01:45:48
b7dd3acaa5446bd970a767c05959ff36,73df19345d0de1ae473fdfd37070f16c,5,,,2017-11-02 00:00:00,2017-11-04 18:41:50
b7de0f8a643f124102f4392cd47381e0,97ce9044c88c7c3bd44f55e78116af2d,3,,,2017-12-09 00:00:00,2017-12-10 23:35:31
b7eb4de2caca17201df9716e69e34fe9,ba58944fed9eea8a43f9fc3b2cdca75f,5,Ótimo,Ótima empresa,2018-06-23 00:00:00,2018-07-03 02:16:06
b7f594c896d90c0df9fb64579300744d,b6e1fc67adee494c3288b775cbae5227,5,,,2017-08-05 00:00:00,2017-08-08 16:20:25
b7fcb46d1cab8d9974e764d3d1792d54,55531bd6b11adf2791aeca35f0305e65,4,,,2018-06-23 00:00:00,2018-06-24 02:28:57
b80a2066c15ae9f2d92836a92cfd8cc5,1aa720b6963ff9b4b5bff9bc48b49a89,5,,,2018-02-15 00:00:00,2018-02-17 22:50:47
b80e2be3aeb2cd3917d4b8990c5f6290,f586f078b428a8fa67820e1606760010,3,,"Tempo de entrega dentro do prazo, porém muito longo.
Daria mais estrelas se a entrega fosse mais rápida.",2018-03-09 00:00:00,2018-03-11 22:00:54
b81de128bec8db7523fb19654219c800,7806407a20e7d38caef6b35ea7757142,1,,não recebi,2017-12-01 00:00:00,2017-12-01 16:33:16
b821bd2ff90350187f76bf65e791b22d,c6375a52330f2050e91fdca954b2e817,5,,"Ótima loja confiável segura e entrega super rápida, recomendo",2017-05-17 00:00:00,2017-05-18 01:11:51
b845c9f7a54308a34cd29ec31d0c6cf3,b884f6bb613dfe8c46e6dbc9285f3fc7,5,,,2018-05-12 00:00:00,2018-05-13 12:17:56
b8463e4351185349002403f652947758,91da0c6e7a09dfed94e7cdd19982467b,4,,"produto simples, porem bonito, eu gostei..!!",2017-05-09 00:00:00,2017-05-10 17:57:19
b84e0461c5db6645d0601694a00a1249,67d2ebed93c8cc0effe172a97762e0a7,5,,,2017-08-24 00:00:00,2017-08-25 00:08:23
b85388fe703b1d59fcf0ea42ec2b55b8,9a1d09360fb93ff8ae57b066fe14bc62,4,positiva,"Atendeu a espectativa, entrega dentro do prazo. ",2018-07-07 00:00:00,2018-07-10 14:19:23
b8579be4ec391bad1641a5ef1b33c840,58a18ff759db7b6e8f84744c86b9b461,4,,Muito boa loja...,2017-12-13 00:00:00,2017-12-13 22:14:27
b862b976076f4558d9dac2b4e4bbe167,bdc386da6334df2a3ed8c51f0fe77c16,1,Não recebi o produto comp,"Não recebi o produto comprado completo. Comprei dois pendentes, mas só entregaram um.
Como faço para receber o restante?",2018-08-24 00:00:00,2018-08-27 16:53:47
b8633bfa50883db6eee475d1fbf97ea1,5619f8b4b37f9ee0474d22b309272c62,4,,,2017-12-06 00:00:00,2017-12-06 22:55:24
b8697d3c47b7dea9d4aab5ed5da47a66,29aefbcf33949b65e5303167977e0362,1,,"Não comprem, loja não está nem ai para o cliente. Comprei dia 11/12/2017. Solicitei o cancelamento em 22/12/2017. Empresa faturou em 08/01/18 e enviou mesmo assim. Entregue em 13/01/18.",2018-01-14 00:00:00,2018-01-16 16:49:28
b86a82034ab460818cb6cda6c8025092,3b43a1faa9745dfcd8ef87937f4cab08,1,Pessimo ,"Ola boa noite , produto não foi entregue ?",2018-08-02 00:00:00,2018-08-06 23:02:29
b87025d06f5638b2d31ff86b4a40816a,cf4b34a6cd499c3d352d90cee37795ef,5,,,2018-01-25 00:00:00,2018-01-25 21:04:45
b872f87b024f72a5658d5b7104841b13,b3ba9e96f5d04c8c20e37e9ffd2e79a8,5,,,2017-07-27 00:00:00,2017-07-27 19:47:24
b87652754bbfec9b4b8c94f13d710639,7b7aa18c12be9bec06ecb74c33609bcf,3,,O produto é de ótima qualidade só que tive que buscar nos correios e não foi pra minha residência ,2017-07-12 00:00:00,2017-07-14 23:53:02
b880c7af808e25656956efe825d1e9b1,3f7fd60d67674509240c45196f94cf0f,5,,,2017-07-14 00:00:00,2017-07-17 14:51:16
b88338515d7c494392979a0a0f69e161,71435a06cf53842e055368f881a38b61,5,Ótimo,"Excelente. Muito eficiente, comprei quinta e recebi no sábado. Tudo blz!",2018-07-29 00:00:00,2018-08-01 00:00:05
b88575e262d82ae185dd843ca4bde2b3,3ba501474fa8bf57cb48c5721307bdef,4,,,2018-01-04 00:00:00,2018-01-30 13:25:46
b88d13fe58cb01fe8acd1cc517f35e8a,0128412231f9fe9d7e944eea5392fc6b,5,,"Tudo certinho, obrigada.",2018-08-31 00:00:00,2018-09-04 12:12:28
b89b4460c0b589c0614d9b0126ae755a,3c75044db750a89606612ed286713eb8,3,,Produto bom em conforme com o preço ,2018-04-03 00:00:00,2018-04-03 23:42:32
b8ae58d8aaf02bf99499884c0fe19ac2,7ede7940d99eca2cca79e5120a63f3f3,4,,"Bom dia , eu só queria entender , o por quê vocês colocam quê não será entregue em minha residência,quê será entregue ná agência dos Correios mais próxima,sendo-quê,o frete foi incluso na compra? ",2018-01-19 00:00:00,2018-01-21 13:31:53
b8b1ee3a608d0873b8322974cb13ba82,cf0ace73210bae94d34fa3df6476e623,5,,Tudo certo ,2017-06-20 00:00:00,2017-06-21 09:01:51
b8bf7d8bf6b00b5ad3a204ca4e9ceb2b,4d9974c8797599512e8216eeb315817d,1,,"Ate o presente momento não recebi o produto,estava com o prazo de entrega dia 03/02/2018, estou no aguardo , e poderiam ser mais eficientes.",2018-02-04 00:00:00,2018-02-04 20:34:59
b8d7b400c335f1ba9e56efacd3ab214a,6d6a99c4cfaa3381cbd4e86237bf699d,5,,Vendedor atendeu todas as espectativas.,2018-04-18 00:00:00,2018-04-19 12:04:25
b8dc4c76e52df7ae563e55ecfcb553ac,f07ffa8133ca1dcbc015a9c0ee98c872,1,,Pelo número de rastreio o produto foi postado no prazo mas não chegou ao seu destino. Possivelmente houve extravio. Por isso abri ocorrência no fale conosco no site dos correios,2018-03-17 00:00:00,2018-03-17 13:46:41
b8e55f84a8b1dbfd424e7d03e743f0f5,e5858127da61f07285827883e605254b,5,,,2018-06-26 00:00:00,2018-06-28 19:55:07
b8e5eb5829edf6a5e998048fd0977d14,ca67ed4e41d10ddfede1632c9ccc1c8b,4,,,2017-10-27 00:00:00,2017-10-27 14:52:42
b8e9df6f19cafbb2a40a19c2f1f43543,03b89e8b0ef3ba18cc903dbaa7aff107,5,,,2018-07-13 00:00:00,2018-07-13 22:26:32
b8eb7e24f827ffab134707c0d179e4c3,681c82d8dee3250b148aaabdd68a59ff,4,,"tudo certo, produto dentro do padrao.",2018-03-10 00:00:00,2018-03-13 17:48:31
b8f8a4d157be03422391ed6e4e4aaa3b,613c63ad0aab038e86c572a39cd06979,5,,,2017-08-03 00:00:00,2017-08-07 10:50:25
b915953a8107b0d32cb14cf881d33178,1639cec93b4df0f2fec8601299c7f4c8,5,,O PRODUTO É LINDO!!! PARA PESSOAS DE BOM GOSTO COMO EU!!!!,2017-12-19 00:00:00,2017-12-20 17:43:42
b91a0192174164e92abbfeed0f15108c,6a096fcdddba23fd2ee58971dcd1654e,3,Farol de milha,O farol estava como preto e veio cromado. ,2018-05-25 00:00:00,2018-05-28 11:29:23
b921257d8efc05b20448db875265ebd0,0a05e512c3e656802c930be4c1766c2a,2,Nao recebi,muita demora comprei a fruteira e maos de um mes pra entrega insatisfeira . Meu pinceis comprei estava na data pra entrega e nao entregaram passou a data e ate agora nada ,2018-08-10 00:00:00,2018-08-10 15:03:49
b92798fea536279b00f14f538519e975,7b1250fe66e9056df3b6eeb2659dfb22,5,,O produto chegou correto e antes do prazo ! ,2018-02-20 00:00:00,2018-02-20 22:29:49
b948623fa7a28cb7f47af0c8dad5318d,39959ff1a251b948e61c0fc006e74d85,3,,,2017-11-02 00:00:00,2017-11-03 08:58:28
b94e436ac0ad1bc2d1046123cea98c13,5bb6be5ac31d6ab742083dec19b729c8,4,Bom,,2018-08-02 00:00:00,2018-08-03 17:14:41
b94e808d75ec9062056e955fab5f38da,baa356809d65f9a3e5eef9a8a51c1f22,5,,Recomendo muito bom ,2017-06-29 00:00:00,2017-06-29 23:24:57
b94f5266422c272f17117f0535ef54d8,c5989f8c23c011b7b23df896a51fa92d,4,,,2018-07-14 00:00:00,2018-07-14 12:04:52
b94f5caf39357e20e5b2266432000c7c,dc523b270be716d338c2fbc9a4bcdfc3,5,,,2017-09-02 00:00:00,2017-09-05 11:54:54
b958ab6543657364ba6e7485989a8d7b,f6bf3b24291e3adaf0840193cedbf844,3,Produto não chegou,Ainda não recebi chegou. Ultimamente os correios estão atrasando muito,2018-05-20 00:00:00,2018-05-20 11:32:32
b963d99f58884549580bb91b0d8f2480,0d3361c2f225ac28b02f7a5492ed73fb,3,,"comprei a mercadoria mais a mesma veio sem N.Fiscal, sem Manual de Montagem, braço veio lascado, o tampão da mesa todo marcado com riscos e algumas madeiras com sinal de mofo, Solicitei a devolução",2017-12-09 00:00:00,2017-12-11 11:10:01
b97d9b7c6f54f373209ab1c571b95df8,bd7328facab3b5c696a8a685b0ddacff,4,,,2018-06-30 00:00:00,2018-07-02 22:29:12
b982b99d9af2ca733f9892d65dc056e7,bba5d3c45d232d36995ca63ee0232d7c,5,,Chegou conforme o esperado e antes do prazo!,2018-01-05 00:00:00,2018-01-06 12:01:44
b99aad85ce3da53cf3e328dadd6d1027,5108acfe22756c07a696f4ff210790a8,4,,,2018-05-23 00:00:00,2018-05-27 22:42:22
b99dae7f63aa2c42ab1020da0a6181b5,6b34bb840d9211dc1a1f94e049a79de4,1,,,2018-03-29 00:00:00,2018-03-31 11:04:36
b9a02d6ca9738b0c79897993403497c9,a8c403407745aac434946d5058faa6a6,1,,Nso entregou todos os produtos ,2018-02-09 00:00:00,2018-02-10 00:09:56
b9b7fcf7c79db5fd86e04de722e3bf97,29152a6bbb878d0f03d10e9ee8f59093,5,,,2018-06-10 00:00:00,2018-06-10 21:45:54
b9c36cbfedab7005d64cc80f726788cd,decd1adc7d738abad2902c966c3ef697,5,,,2018-05-02 00:00:00,2018-05-04 20:39:41
ba01365fc2eedb4f38c3d4889149d844,52de3d5a01b5243a279fa5a6b64ebafe,5,,,2017-10-20 00:00:00,2017-10-21 17:03:34
ba0bc0418d76aeb394523ca1abe06e92,71c2f084ed7e2c16263645a8e9d81a7c,5,,"Parabéns pela pontualidade, produto entregue antes do prazo.",2018-04-06 00:00:00,2018-04-07 13:21:03
ba1095d3d8706d4f7db077ce305e75fe,00bd50cdd31bd22e9081e6e2d5b3577b,4,,,2018-01-23 00:00:00,2018-01-23 19:09:17
ba12ccb904b18c0537a807998d82ff5b,eca3ad869826b027ef93cf88ec6c0e44,4,,,2017-03-21 00:00:00,2017-03-22 08:50:53
ba13188a5771618922db4c73201826d0,60e67382f21910dba1cafc875da0c1ee,5,,,2018-04-22 00:00:00,2018-04-22 16:02:49
ba183cb54a04c2bb3ceaa454fe6646ac,0a8d9ed968d08daf5ef8a5cbf0bbe833,5,,,2018-04-13 00:00:00,2018-04-17 16:22:36
ba34c0a8d75f08fc255794161f1b1463,f7b7cd620fccb9f2041e9f3b569d49e0,5,,Indico a todos.,2017-10-24 00:00:00,2017-10-25 12:22:39
ba3ca6a675fe0f4454498260a73e87e7,94da085d2799047c766f7df765931c49,4,,,2018-08-17 00:00:00,2018-08-18 00:43:11
ba46f8bea5808c800ef788f2837423da,6c16d886be4fe03174a289a4ca70a775,1,Não recebi o produto,Nada de produto!!,2018-07-01 00:00:00,2018-07-03 14:21:49
ba57b777fdaeee5c416834b8a9e8fec9,899da82c1aeee8fe315db6826cd9a5ee,5,,Ótimo produto,2017-09-25 00:00:00,2017-09-26 14:37:06
ba587514c35d93a0ed72feb5d6374982,b1148e3ccf84678b917d3f48cb4223b6,5,,,2017-05-16 00:00:00,2017-05-17 13:09:10
ba6dc20dc7ebf41bc0df2c2a3b0d7c02,8f677798a3e80c02adf52911bf8d145d,5,,,2017-03-28 00:00:00,2017-03-30 12:06:23
ba6e4e2b6a543d1c4912158244448375,3d4bfa3de7e617f61d1ee3c87e95b204,5,,,2018-06-14 00:00:00,2018-06-17 14:10:24
ba6eba3dfa6aca19793c270c2a349ea0,83d8f70418eefd96f37b483dff430305,4,,,2017-09-21 00:00:00,2017-09-22 01:36:59
ba8a20a26e4a2c4ac0253419de1bc465,57f3dce57b231e9b80186f99ded08cf8,5,,,2018-02-15 00:00:00,2018-02-16 18:10:30
baa0acb2b46a6ed7d1c146660b9c466e,d4a82e0a8772db180275f4160d9eb12d,4,,"Recomendo. Entrega no prazo, preço mais em conta, perfeito. Só acho que poderia ter mais informações sobre o produto no site, na descrição do anúncio.",2017-08-05 00:00:00,2017-08-07 12:02:33
bac85d667ae08b6019ef853b4adef192,df2b5e7523f6848076e498618e1a00d6,4,,,2017-12-12 00:00:00,2017-12-13 11:47:23
bac99c877e9fca864a6966b098b23469,d18cf3749b7ca5680afdc5f0eb881f09,5,,,2018-05-22 00:00:00,2018-05-23 12:11:30
baca379dc70e86e2e35e4488c12b48f6,f269a04043c3f398ee0ab759b7af3678,5,,,2018-08-02 00:00:00,2018-08-02 23:14:50
bacb3e4253f65fea2c88b6ae7c46b02c,a24fa323cfbec085a10c18369c980b1e,5,,"Foi tudo muito bem, entregaram antecipado veio tudo bem. Obrigado eu recomendo.",2017-02-17 00:00:00,2017-02-18 12:58:44
bacc1646cb86b3bb80da5e0bc79b6f69,13bdf405f961a6deec817d817f5c6624,1,,,2017-08-11 00:00:00,2017-08-11 16:52:36
bad7323911748aeb242309d5d75d4c3e,9dd72a3853b3514932140ba93b5192c9,4,,,2018-07-03 00:00:00,2018-07-04 16:17:12
bade089c16dddbb1ca1bde11b7957d04,bea9b92d7a14b236b96eb9fc71c28e02,5,Recomendo,"Produto muito bom, em conformidade com minha expectativa.",2018-05-01 00:00:00,2018-05-03 22:03:51
bae85972e5701a54e33a9bcddb898d17,d46a98b33046509aec0ca7142d63b9b1,5,,,2018-03-28 00:00:00,2018-03-29 19:32:43
bb0671cb34e263ae3f9aae0c147e9296,0dc561ba424a8d639e1d4d7840c530c0,5,,Parabéns ! Excelente produto.,2017-11-15 00:00:00,2017-11-17 14:20:30
bb070b2a6ef0d3bc13959c4b1b05bec9,9632facd8bd95315d63a23bf616d85b0,2,,Veio faltando o bebê conforto ,2018-01-20 00:00:00,2018-01-21 01:58:35
bb091560886288173f5a80f954a5faa3,9b189f6cf2ef734a7dd0419ed3c64d99,5,,,2018-06-15 00:00:00,2018-06-18 10:32:51
bb1162558f3a1d57c99f151c24a996e0,a26774d26cc0d76f63f1df3115529d6c,5,,,2018-03-06 00:00:00,2018-03-09 03:02:01
bb2810db10122816078f39284c68f2d1,855c2d10e8d3135c6cd5af5dd14d080e,1,,Muita demora na entrega.,2017-12-20 00:00:00,2017-12-20 11:00:58
bb386cd27d484d77860bb67ec0ea8bab,4af03386addb99dc44451b81b470a609,5,,"Linda capa, já vamos estreá-la! Quanto ao fornecedor, excelente. Recebi praticamente 2 dias após a compra. Parabéns!
",2018-03-12 00:00:00,2018-03-12 21:26:11
bb39ab3b68b2e1d2e2c3049811b04e85,a75f9d41f99d675f35ab8b90b2dc9b2f,5,Bom,Bom,2018-06-15 00:00:00,2018-06-15 21:13:08
bb498e8fc0994fc618eaf40cc05546c7,6b361f3f4c4dbef6a4e3e6c027eacfc0,1,,,2018-04-06 00:00:00,2018-04-06 22:27:13
bb70ad97e9ed193d7fa82d14d66c87c0,4b7bf1f7eb492ad33680ba2cb4c4ba56,2,,"boa tarde só me foi entregue um relógio falta o de perola que não entregaram, gostaria de saber quando vão entregar o outro.",2017-09-09 00:00:00,2017-09-14 17:55:56
bb74a250db0dcad067ee8924bc41de5e,5cf62f9c757b9bc80a12ffe293efa0ac,5,,,2017-05-21 00:00:00,2017-05-21 19:54:50
bb7b8010e464378075c0a92d1e4ac99b,d155a1a261652fa30114d2b6c6373e21,5,,,2017-12-18 00:00:00,2017-12-19 14:43:44
bb8aed34f21cdb2cb8c043e61f4080ef,bc6e9624c0238056251784cf956cd10d,3,recomendo,"produto bom, apesar de sr 80 agodão e 20 poliester, mas fica lindo na cama recomendo.",2018-07-01 00:00:00,2018-07-05 02:03:14
bbb9e0665175b9b5bedefd3ef3b659fa,35029df95fa6e0af9bdba562f4fc8fb5,5,,,2017-04-28 00:00:00,2017-05-01 00:36:54
bbc36eaacdc8b5d25ae856796c824d19,4d1d3523aeda82887c2875955783ba2f,3,,"Um dos produtos veio incorreto, eu pedi 3 produtos iguais e veio um diferente, estou no aguardo para resolver esta troca.",2017-07-07 00:00:00,2017-07-08 15:35:15
bbd42dc0ad605ec447009e894f2a09a9,650cf4a3760375c8eab33cdfda4aceff,5,,,2018-08-31 00:00:00,2018-09-01 00:14:19
bbd9ee735f66519f50d60b983ea02280,0492eead55cd90ba9690387cca2baa20,3,,,2018-07-27 00:00:00,2018-07-28 13:01:00
bbde4f527841bc2596c43aaeec0cb2ca,d9c27eceb93c734d5711f417a691e904,5,,,2018-03-04 00:00:00,2018-03-05 00:53:41
bbdf4b38a60dca20150293ed2162288d,23879ed885740016a16a4cfc5420c80d,5,Recomendo,Entrega rápida e com qualidade,2018-06-14 00:00:00,2018-06-15 10:26:42
bbf8df1d00a6d5538ab04cf432192126,503e9f9cbf09cc23e3323b165d9ddafb,5,,Recebi a cadeira dentro do prazo e conforme a discrimanação descrita nas fotos. Recomendo.,2018-02-20 00:00:00,2018-02-23 02:30:55
bc06b544a933d0e33e147ef75cfd9ca1,541d399cde50e380f01d8646e4851d1b,5,,,2018-02-15 00:00:00,2018-02-16 10:34:52
bc06e0d44ed6f339bc253646b7b5e5ee,d053b132c9cab9591737e9754ccf21be,5,,,2018-06-02 00:00:00,2018-06-03 12:25:25
bc0cb94207cfd83a6909559f10e40027,7485a37669f5475e8f6d0eddd64c71e1,4,,vou testar,2017-11-18 00:00:00,2017-11-22 23:53:37
bc10719551a07a273e8a6f5618e3d278,3fd458f81a4ab505469540d26bcdb598,5,,,2018-07-21 00:00:00,2018-07-24 14:24:21
bc168fafbec782f663a9616b32f29922,87a99c9be1a72ccd14a90ce72e2544c3,4,,Bom !,2017-03-31 00:00:00,2017-03-31 21:20:27
bc21c710c4a13549093961445df5b3ba,83b38224c814740db730aad1c72c7a3f,3,Não posso recomendar aind,O Produto veio com defeito.,2018-08-14 00:00:00,2018-08-15 12:01:54
bc2cae2003a12e12e602602d44537da0,1aa9e8f35ac38d8a10b41441e1faa0a2,5,Muito bom ,Muito bom obrigado e bom de mais ,2018-06-20 00:00:00,2018-06-20 20:25:25
bc2d1048bd193781f66420f18155ee12,e11e78a150492da775d6acead338315c,5,,"Produto perfeito entregue antes mesmo do prazo estipulado, obrigada",2018-01-20 00:00:00,2018-01-21 18:36:22
bc304c258b5a10068d4e34a5fb355748,ddce482cc1785da2ee00c010675508d3,5,Lindo! Amei!,Do jeito que eu queria.,2018-05-11 00:00:00,2018-05-12 00:21:20
bc43df944ec104a4910aa8aae17629dd,27f9fff9f14236589804b62bce39f526,5,,,2017-07-18 00:00:00,2017-07-19 00:17:15
bc59f5e71b2800366d070fef735d6518,bd37a8e6c071459b0c45ad8337225d89,4,,,2018-02-27 00:00:00,2018-03-08 20:48:54
bc5fc54b934bb86adc18bac1751eabde,cf85b1adbeb2de42677013eeabe3befc,5,,"Linda mesa com um tamanho ideal,muito util e pratica",2018-02-08 00:00:00,2018-02-11 00:10:55
bc67abd94dc901d14d5850e7b5d7e79d,2df5aaf1eb7caf39dad85e2ce5de84c5,5,,,2018-06-07 00:00:00,2018-06-09 11:17:17
bc6ff379148ffeb99361a9e22d4b6838,24f9d59b5717fed5431455ac71a4a371,5,,Quadro de otima qualidade.,2018-03-02 00:00:00,2018-03-07 19:03:02
bc8ffeee5ade303458387ac5f868b82f,6fb6e809fba02aa50058be7a0e3ad532,5,,,2018-03-22 00:00:00,2018-03-22 23:51:34
bcbb717a20967a177c8ab447f278e3eb,2720322b26b3ddc8467925c74b7d7c9d,4,,,2018-03-28 00:00:00,2018-03-28 23:06:45
bcbca024f9a46418759e3be3dac2e0d6,8ae8b33f63d9924a2db9ec6c1e98fd35,5,,Sempre compro e recomendooo,2017-05-06 00:00:00,2017-05-07 02:22:00
bcc04a69107ad0baba9128d5ad7daa6c,f9987d1807253fd86a6152d06bcc46a3,5,,"Produto veio adequadamente embalado. Poderia chegar mais rápido - demora demais, mas conforme prometido. ",2018-02-27 00:00:00,2018-02-28 02:43:39
bcd58c75390296515e530e9da07c23df,151c27c128aed0a8f60f8ed31c5d62f2,3,,"mandaram o carregador sem a parte do cabo que coloca na tomada, mas o carregador funciona",2018-03-22 00:00:00,2018-03-24 19:28:21
bcf01d622531207bdc6baed7c9d7e734,614c0b4b5169af9eb895bc8aefe5a418,4,,,2018-08-25 00:00:00,2018-08-28 00:48:06
bd2305cbb14126868c797c4aa491f83a,3dc3b1441a6356bd23b21ac507bd38d6,5,,"Comprei outros produtos e devido a um problema técnico do site das lannister ainda não recebi. 
A central de atendimento deixa a desejar.",2018-04-03 00:00:00,2018-04-04 20:34:21
bd2abf3b08155a356a0ef88d4c9b60b5,c7e64bed5496438226ce2932abd058e9,4,,,2017-05-13 00:00:00,2017-05-15 17:24:42
bd3738bee4f8aee6f2f8ade566419793,e9a18a01a641ece17c11a804a3651208,4,,,2018-08-03 00:00:00,2018-08-06 14:36:41
bd3cf24081251e71fc97af2003e1acc9,343289ff41523c04e591262e4af6a288,5,Excelente vendedor,Recomendo; sempre fico satisfeito com minhas compras pelo baratheon.,2018-07-04 00:00:00,2018-07-05 01:28:58
bd56c07e44987a58c63fd1d2e49b6cbb,b047dac5341ea96271595f661f547ede,5,,,2017-12-10 00:00:00,2017-12-10 11:20:51
bd5e5b05d6f5de2cf1fbe9a1d472a360,1bd6a77bf698ca2116db6f4731046425,5,,,2018-04-12 00:00:00,2018-04-13 02:36:37
bd5f000abf7dde72565cbd8a1e95fded,02605c218285d02df75a255f13396f1e,5,,Cumpre o prometido produto d qualidade,2017-02-15 00:00:00,2017-02-16 00:33:33
bd7247f2fc06d7aeaef1ffcd8f39e1f1,282565c3d7b0439d7adfa7ad1df6ac93,5,,,2018-04-11 00:00:00,2018-04-11 20:11:41
bd796e51f63763f665b3f6e55dbe5272,ea70e5a90428412625a4e4167b83a370,5,,"Ainda não posso opinar sobre o produto, pois não testei ainda ",2017-10-11 00:00:00,2017-10-17 15:54:52
bd7df2e05a0bf55f5405c94a55d53aa0,f71db65486473af693cb9575b5b77acb,5,,,2018-08-29 00:00:00,2018-08-30 00:51:26
bd878574e659209d7d280dbaccee5628,aeef7d3d012337cf78f2deec426bb46c,5,,,2017-04-08 00:00:00,2017-04-08 21:33:48
bd8e2d07697172f16d28f139a3de5b60,71d7141d917163379d3bd485bb9a4265,1,Produto errado ,"Comprei um tapete marrom redondo recebi um azul retangular, produto de boa qualidade porém errado ",2018-06-30 00:00:00,2018-06-30 22:13:25
bd9b19614dad55d4159a317b0bf33a86,637c727b1b59f7bfc89233e573d05715,5,super recomendo,"perfeito, do jeito que imaginei...",2018-06-01 00:00:00,2018-06-04 11:13:31
bda1328904cf63779f015585ad3d3d51,3689526fafad22de181f6e9230bb4d49,3,,,2017-12-12 00:00:00,2017-12-13 14:18:23
bda4a8bc609d9404fcea8b8b28a507eb,4b95fbb9125e0baff8527de2d1d0042b,5,,,2017-09-21 00:00:00,2017-09-22 18:01:46
bdc75c2855c909171095e470910d0421,e1f693a7777b9f6ff730a9d2b45a56cb,5,,,2017-06-07 00:00:00,2017-06-07 10:17:30
bdd5ae2906b2b635f0ddf45174fee9a8,9cf68a98289ead1bb2175c2323255969,1,,"Veio apenas 1 pendente, eu comprei 3 na nota está identificando 3 mas me entregaram somente 1 .e agora?",2018-03-01 00:00:00,2018-03-02 11:29:22
bddae947012d62dd70facc32a4742049,c2411b9c7822d227e3e48018405a0594,4,,,2018-02-03 00:00:00,2018-02-04 23:33:07
bdde71529d08389b14de3e271aa4c2e9,1d525c1f58c75e74697f3993a3fc80a7,5,,chegou bem antes do prazo previsto,2018-01-11 00:00:00,2018-01-11 17:58:39
bdf352da18a9c6a9416aea63f4e19867,956e905489c92b9c9478e8bd23609261,5,,Muito bom o produto,2017-07-14 00:00:00,2017-07-24 15:31:03
bdf918a768f2a66c94f9027ddc52aed6,c5f424c38dfa71a2340c9a98e4d6f48d,1,,"Estão dizendo que já foi entregue, mais até o momento não recebi nada, se não resolver ou devolver o dinheiro. Vou ter que ir no PROCON e na polícia.veja com sua transportadora",2017-09-07 00:00:00,2017-09-08 00:50:16
bdfc7b025c163a3aa5fc4fbb1386e9f2,849c91eae9d79b010c5dbba0d30e42fe,3,,"Fiz o pedido,veio no prazo ,em boas condições,porém a cor pedida foi trocada.De toda forma,era uma segunda opção de cor que gosto ,então tudo bem!",2017-05-13 00:00:00,2017-05-13 14:58:06
be24442a126e7b84428d8f82e3f37881,37ac92a80fc763601ead868bb23af05a,5,,"Comprei como presente de natal, e a entrega estava prevista para janeiro, mas chegou super antes e deu tudo certo! Produto perfeito, da maneira como queria. Recomendo!",2017-12-19 00:00:00,2017-12-20 11:38:43
be2826c724df6eec3401f974c4d69652,5bab7c4dc62f5bae4f349ceb09639444,1,,,2018-04-21 00:00:00,2018-04-21 13:32:36
be29016f816daa6c0ef6264984a71e61,b3a70e33f30ddbe86271d2a7e75b62e2,2,,Produtos de baixa qualidade.,2017-12-04 00:00:00,2017-12-19 20:55:50
be33e048eda7e430d60da3502b7f1d97,3802047602d091427dee04863e71fe21,5,,"adorei comprar nesta loja e vou comprar mais vezes
",2018-04-14 00:00:00,2018-04-15 15:55:31
be66a58d709b99186cee0d6e7f88961d,5f7e868dd546fc8e9e0bd8515efababc,5,,,2017-06-07 00:00:00,2017-06-09 15:08:54
be68d8554abdc79cf83489d3b5237314,33461765475580d8fa316d298bfdf86d,5,Ótimo,,2018-05-01 00:00:00,2018-05-04 01:07:01
be69ec7dd147254439803d6b9d086d0c,d3e53c591789724dcc2d50d69b06d55a,5,,,2018-05-24 00:00:00,2018-05-26 15:54:40
be98e58c35decb40fc275dd6b07feea8,2d8589819360cb6c6603825b50230ba4,5,,"otimo produto, otimo empresa de venda",2017-10-20 00:00:00,2017-10-21 11:51:11
bea8c2d959f0d6da23896d1b37df7b60,a251664f5760915d29631e4ea0a6f66e,5,,,2018-06-06 00:00:00,2018-06-11 20:06:50
beb0824cc68f7ab06078a88d09ae1a45,b9b690e003beef9acdde2502dfc565e2,5,,"Linda a boneca, carinha querida,amei",2017-08-04 00:00:00,2017-08-08 20:59:42
beb2b114f225cad5388ccdfcda153a9e,e5d5cc62d5d1e1a4e31d7e581247de3d,2,,Eu comprei duas unidades e recebi uma unidade.,2018-03-21 00:00:00,2018-03-28 01:16:22
bec4c9a90391900332c09556df5a76bf,92744b8bd0b36fe5d9b3ea74a6edf994,5,,Perfeito,2017-11-14 00:00:00,2017-11-15 01:49:06
becae001a548c7dd3f51a835fce14375,55463000ff2ec17f2fc06a0b6a1c846c,5,,Revestida por dentro também! Toda acolchoada!!!,2017-04-18 00:00:00,2017-04-20 01:45:54
becba746946a6a7708b5d0e8988ab309,2d26f440845a3b31ac584864e2d1a82e,4,,"Loja totalmente comprometida com o cliente! !!
Parabéns! !",2017-07-11 00:00:00,2017-07-12 23:07:48
beeaa15edb2cf7cb180d603779163e3a,6462b86adeb33354833daece8787cb69,5,,,2017-06-27 00:00:00,2017-06-28 12:14:00
bef1fa0557d4c1a84065bb4b2adfca8f,2b15043612beef9240f3a17d949c09c9,5,,,2017-12-20 00:00:00,2017-12-21 16:02:22
bef3398df104dec404f4bd845e18c6de,7248d76d3e1ffa83c3c2cf9774657f76,4,,,2018-02-28 00:00:00,2018-03-01 11:17:11
bf0b76efc61e67b8d27219e8187954e5,3dfb708634f7341447767f4ee59fce95,5,,Olha recebi no prazo certo veio tudo perfeito gostei muito e recomendo está loja sim parabéns e obrigado ,2017-09-09 00:00:00,2017-09-13 00:45:46
bf1bbf7c1d9dcfed69a39f449cc9b675,1e9c5ca232e1cdb290cb11b20d668c50,3,Demora na entrega,Só precisa entregar em menos tempo e no prazo pois minha mercadoria ainda não recebi,2018-05-04 00:00:00,2018-05-04 12:39:10
bf1fa918e4c653c4bcfa3e0da9dec767,21a5a6a3ba44669b781dde94b19a361a,1,,Não recebi o kit transmissão ainda...,2018-01-20 00:00:00,2018-01-23 15:03:59
bf22d4de761586bc179a51b588be9a2b,6f748695717d537b882406da58acefec,5,,,2017-03-04 00:00:00,2017-03-04 19:23:13
bf275168b81b4218f2684930fa2ebc1a,408b675f9e40be5250625c8c70472409,3,,,2018-07-27 00:00:00,2018-07-27 21:50:12
bf2ddf9a7b226a7d9cacd87ce0805499,39863c5c4361d19d8c48522f77fb3bed,2,,Comprei 2 lâmpadas e veio só uma,2017-08-04 00:00:00,2017-08-06 23:44:09
bf56b130f6c22f1a5caa38613ddab1c6,ab8b6341a925e22523717681a8e26ed6,5,,,2018-02-07 00:00:00,2018-02-08 10:58:23
bf609ea17aac99a384b50139d562c26a,b03b82e985b149d61218a7e0111ed6a1,3,,Produto ok mas demorou muito a entrega,2017-10-07 00:00:00,2017-10-07 22:21:59
bf7021a47d14ad8371c32422fda69a36,061a6c0d2222c7c9f49a21e108579b49,5,,Tudo ok ,2017-02-24 00:00:00,2017-02-25 16:13:14
bf7e4b06c1b46fa08aff0f89a278f24d,e0f9722525043b60edddacd46709fea1,5,,,2017-05-20 00:00:00,2017-05-23 20:35:35
bf886022cb9e06cf0b6191b9c4dcb934,612d5630822f4796875619b3a6a7b481,5,Perfeito !!,Muito feliz com a compra. ,2018-05-15 00:00:00,2018-05-21 19:22:56
bf88d982cd2c8e1c4d3bd74e144eff5e,f320fe2d0f359c67595c70baaf9ffdef,5,,Muito bom recomendo e meu produto veio antes do prazo...amando,2018-03-24 00:00:00,2018-03-26 19:13:24
bf8b75f8ce1bb5602e29f4a26673af51,331ec8fd37b237cfe255176db487a755,5,,O produto chegou antes do prazo,2017-11-07 00:00:00,2017-11-07 17:35:56
bfa1da95503a5a3d0e322241e7d5734d,3b35dfd8bf0ca772d83708ba283e1143,5,,,2017-03-12 00:00:00,2017-03-14 09:32:19
bfa90247e262fe97764452e66a357255,f5c1445b3732010dc5ad14eff121f7d0,4,,"Produtos ok, conforme descrição.",2017-12-05 00:00:00,2017-12-13 12:01:58
bfb77911f6298c7eba34915040e805b3,46502a9584712989d3872f32e0e2176c,5,,,2017-07-19 00:00:00,2017-07-20 03:33:39
bfbb187b925afd4b8136626abab4bb31,c3303e89dcbc08a6ba79213095eca5f0,5,,Produto de otima qualidade e foi entregue em tempo hábil. ,2018-02-03 00:00:00,2018-02-05 16:54:03
bfeed6fba63c190d7d735e3bb2227b04,1c300b10263fefc0edc45c99921586a7,5,,,2018-04-04 00:00:00,2018-04-06 22:21:19
c00b351844770f1aee5d556462fb98f8,1d67293aa79feef7aac612621d710869,5,,,2018-06-27 00:00:00,2018-06-27 21:32:02
c023df3388015428911bdac7f03253b1,576560b37e7f23e3dfc9d154b23bc614,4,,"Termômetro fácil de usar e preciso, apenas a bateria que é bem diferente e a reposição deve ser difícil.",2017-06-09 00:00:00,2017-06-12 14:14:08
c02c606d97b79298c3f89f31a74db08a,e2fbe37c6717808ef07b8f2b1cc63c40,5,,Recebi antes do prazo,2017-11-24 00:00:00,2017-11-24 19:30:07
c0473892fab009542c6011cd80cc919d,cd327d6285b9ec84417e1b5e76bd97ff,5,,perfeito em tudo,2017-11-30 00:00:00,2017-12-12 23:56:59
c05b6b8a85c70b06ab97c32fb3a8277c,5af3995b6e2291d7ce8086db20960dd8,2,,"Abri a embalagem (cx papelão) e esperava que um produto delicado como este não viria embrulahdo num papel grosseiro, (tipo embrulho de sapateiro). A tela veio com riscos ... ",2018-02-07 00:00:00,2018-02-09 23:15:51
c069db690a42acabbbd8553589d99742,fe2eaa51ed9131df5be8b566f10f3772,5,,,2018-04-26 00:00:00,2018-04-26 18:44:16
c06a9d4e0807984ab8398dce9573c4d2,44e39cef43dc4c715a13ab687ba2c081,5,100% satisfeito,"Além da comodidade, celeridade, o produto foi entregue da data esperada. Obrigado !",2018-05-15 00:00:00,2018-05-21 12:48:44
c082173a6e802e29b5f06f6abb218bd3,38dcb5499d8854b4b2c6dbaaf983f21e,1,,,2017-07-08 00:00:00,2017-07-10 20:55:34
c09a4a2f4864cb405963cf72e4fd1f8f,c1213e8146aaff37acf16bfef1789d75,5,,,2018-05-08 00:00:00,2018-05-10 13:54:04
c0a0676632aacbce27ab017dbf44690e,b7441c24c727cdf423f8339a62447193,1,,,2017-12-15 00:00:00,2017-12-15 07:26:26
c0a8aec3b5b1e8da136b91f6a275b80a,9dd30e0b12ab98208e3545d20d88e468,5,,"Estou muito satisfeito,sempre compro com vocês e nunca tive problemas entrega sempre antes do prazo.",2018-02-21 00:00:00,2018-02-21 11:47:59
c0b2f19a30f6ca285f9fe8e4896635d9,6bdc8831f7f05d0765b0d07c612b731e,4,,,2018-08-22 00:00:00,2018-08-23 11:47:20
c0d5e5f3c8c7274cb74f5c06ca67e7f6,e4a0627e35b5bb50621fc55c9ccc7ea2,5,,,2018-04-18 00:00:00,2018-04-19 19:16:40
c0dc1222a0457d73330c89216ea60034,ef13a698cf88c9e17ccca0261e0b9e7a,4,,,2018-08-25 00:00:00,2018-08-27 20:27:58
c0f84473e906283016c74f2b29ab99f6,5b4101f533b7c66611b649809ff634b1,1,Não entregaram os lençóis,Não entregaram os lençóis comprados ,2018-08-14 00:00:00,2018-08-15 11:02:58
c0feb5eddb13caa898ad35b7271ab4f6,f07ad60eb1e9d4b3be1029f373321408,5,,,2017-12-12 00:00:00,2017-12-14 12:01:58
c1166a213b70fe47692a82a3ba88b5d3,afc68d1f35e9dfe8220c9b9e27647065,5,,,2018-07-27 00:00:00,2018-07-30 11:55:47
c1414ecde36f2768bbe6abc24ee3cf3d,91ce1f474cc41b0c5317e79388fe50d5,5,,,2018-01-13 00:00:00,2018-01-14 01:10:41
c14f88d9f81ccb64610357cfb268c9cc,c2fe713d93a9f489de49d6a79eb7f45c,1,,,2018-05-10 00:00:00,2018-05-11 15:22:14
c15dd46d8164f3094d9f90c0f158310a,5f7811f83d3d9d0aa1f4c9bcd1cc1a12,5,,,2018-08-19 00:00:00,2018-08-24 14:05:01
c164767e83a6f1c7a4985be68b47085e,d568db372124bae10404acba43558652,5,,,2017-09-12 00:00:00,2017-09-14 21:33:34
c1659416c244eb9d3e37fa5579888e7c,66cf92fc3ec94fbafc4edd77e0814818,5,,,2017-05-10 00:00:00,2017-05-15 17:55:45
c16af142dacc4ecd1049bff1ce946d30,c6b91873827689f33c1a45cd4bccd049,5,recomendo,produto entregue conforme prazo,2018-07-27 00:00:00,2018-08-05 17:55:05
c16c3cb47d8291ea00b446e32ecfa531,d2f6b89578aee72f553aad3c76098e63,4,RECOMENDO,PRODUTO MUITO BOM,2018-05-05 00:00:00,2018-05-07 11:32:57
c1706ea3cdd4d759ea949318e523b5fa,2affd5996127141118380e30fdd8964a,4,,foi entregue o produto em bom estado e no prazo.,2017-12-28 00:00:00,2018-01-04 13:29:22
c188d3268e15868e524acf5a36dd48c8,7d0a48a75ea94fb27cbb514b6bd406b4,5,,PRODUTO E LOJA ESTÃO DE PARABÉNS,2018-06-12 00:00:00,2018-06-14 18:47:11
c195a39e14bf985390544586fd8c51d9,17b8e90e60f4d19615b77562e40de425,4,,,2018-08-03 00:00:00,2018-08-05 22:25:42
c196f0155c461c9651c88db5bfe04055,4a908627ddc9e257e5e9123ac4394e41,4,,,2018-01-30 00:00:00,2018-01-31 16:51:28
c1a454ccb3c5beb63a370c983f08951d,27b286dd0016893043cae6da2f07a2a5,5,,,2018-02-27 00:00:00,2018-02-28 16:54:09
c1a7c7e7dcb3c164e701aed2eed6da38,4a089edddf146578d90f7a7632e5a86e,5,,,2017-07-01 00:00:00,2017-07-04 12:32:26
c1a85ac8e3a98074055b25c238dcb868,123f71cca05589d95c28c582ccb1d864,4,,Chegou no prazo e o produto é muito bom.,2017-07-13 00:00:00,2017-08-21 17:23:43
c1ae6a01be513833d98afe2c41e6c416,a9342834aa696e06f0b243493288351a,5,,,2018-07-14 00:00:00,2018-07-16 22:51:47
c1bef8835ddbc92b1c17f1844bcc141c,fee65893d04eea449ea85e69ddef8e1a,5,10,,2018-07-05 00:00:00,2018-07-06 21:23:26
c1c6e0a1b12718b7794bd34d4c7cea37,2881b13af2b1dee73ff94bad8d235e16,5,,Pedido entregue antes do prazo e veio certinho bem o que eu imaginava.,2017-10-27 00:00:00,2017-10-28 09:14:45
c1c88925faec2ded8121e46c2ec98ec7,6c82197bc099415d9919ccb609a9c072,5,,,2017-01-19 00:00:00,2017-01-20 00:58:49
c1c9ef9c7210ffe0305180cc39b44a54,0494d7ef89583fcaf33a1cea4bcfeec2,5,,OK,2017-09-06 00:00:00,2017-09-08 14:12:24
c1d753f0e88bd56b8b7129cb129315d8,fbaee591810d3fe0adba011d245616e2,5,,,2018-05-08 00:00:00,2018-05-14 02:39:48
c1df75ce254430ec7e9abee56b690786,9b05e5be44c83c64626fb21d4bba7118,5,,,2017-11-21 00:00:00,2017-11-30 19:37:41
c1e44441ae36d9267e3eabc8c587bbde,da5d566236538abb69c83b6283383b60,5,,,2017-12-07 00:00:00,2017-12-08 20:23:35
c1fa48f2d7ccf958a2811046e8f40aae,c535905a60628bab8a2b2a69375180ed,3,,,2018-06-07 00:00:00,2018-06-09 19:56:15
c2029c4b060f6f25e6f6a44f2c49d429,df2fc7ba1ed5d8b9defb1d67ded57fb5,2,,"baratheon OK, loja OK, Correios OK, produto foi útil, por que comprei para meu cachorro",2017-05-23 00:00:00,2017-05-24 11:18:27
c205d72b88b216197e49bc99f6b0ae32,595c28bec1ce2ed873ef32f4c6f2f624,5,,,2017-05-04 00:00:00,2017-05-05 02:18:22
c207746e0a0a31402d12fd61370119a2,39627a21dc26dd7c2810548c6b6e1e90,4,,"Produto chegou antes do prazo, embalado corretamente.",2017-06-17 00:00:00,2017-06-20 10:26:43
c21b73739f96e68f214bd9410f214cab,b89abfd3664f6d278d90b13536d52364,4,,,2017-03-22 00:00:00,2017-03-23 16:51:33
c223c3fb920a0fc66583ef3d48e4f98f,3756637ed2fc243af380469a2aa5384c,4,,"Um produto bonito, bem acabado a um preço razoável. Ficou lindo na minha cozinha!",2018-02-08 00:00:00,2018-02-12 16:57:08
c233aa04df74faec5fe032c56d4b7222,1acb85231edcc2f8c1904837bb11a3be,5,Muito bom,Recebi uma mensagem da lannister para que eu fosse retirar meu pedido no Correio. Fui e deu tudo OK. Inclusive já tenho um outro pedido com o mesmo produto. ,2018-07-06 00:00:00,2018-07-07 14:07:03
c241422259be423eddc426c996c03fa8,e3d86ff081e92dedbd7b2a87838f0159,5,,Adoro comprar nas lannister.Loja muito séria,2018-01-20 00:00:00,2018-01-21 01:51:50
c245a6142e03b8cc152aec42f5d1b4ae,398d714b55535c832a8bd66bf83defd9,5,,"sou cliente assíduo das Lojas lannister e nunca tive um problema com minhas compras.
",2017-09-07 00:00:00,2017-09-19 17:47:39
c254f2b0d236edce4e98b7e10ac396d6,14cb3b3caf8abdd2361971932a664cf5,1,,O zíper veio com defeito.,2017-11-24 00:00:00,2017-11-24 15:15:10
c25ec4444a3a9e0129ac32000acf23d0,89daf16ca38d1dca141ca4b225351c02,5,Otimo,Muito bom em todos os aspectos.,2018-07-07 00:00:00,2018-07-09 21:58:38
c27daf32f6396dff2f8cf0f8786f704f,329033bcfc8c56c7d06fb88f2e60f320,3,,,2018-03-16 00:00:00,2018-03-20 16:06:56
c283d0d038a6bc351e3dcfe240a64a4c,65035f2d005e9af22156150a3bde53b2,4,Otimo,Não obtive nenhuma resposta sobre o cartão stark,2018-06-12 00:00:00,2018-06-19 18:31:05
c28d9ce4fd41821e17ba8a7acc0922cf,28ccc6df03d720b1c01c91ce78025016,5,,,2018-08-29 00:00:00,2018-08-29 20:34:06
c2998277ff9fbcb2a1c5fe5f692ecd0f,c23fa8593c1bb932ba79051a7e201255,1,,,2018-04-22 00:00:00,2018-04-24 04:09:05
c29c2130c71f7be3bb2be137cfe6f3a9,c7c3e79f06b8145a28173b23f581f84f,3,,,2018-07-25 00:00:00,2018-07-25 18:43:12
c29e81c819ab9112c544ae32397649a3,36cfe0289488f169d3269cea0496d66c,5,,,2017-09-13 00:00:00,2017-09-15 20:54:11
c2ab8cd5c3c4809463d286847a6d26d5,a46dc6a0212b801e6864957e34476ab3,1,,,2017-12-21 00:00:00,2017-12-21 08:48:44
c2b14df76f78896aa25defd0b029095e,0ff4f1ed797bbfac9a16714dfa5162aa,5,,,2018-03-10 00:00:00,2018-03-15 09:59:43
c2bee858a39286af6a181735f91bc95b,30e5f6d1724b24b1d19d90ec48d9c7d6,5,,,2018-07-14 00:00:00,2018-07-14 22:18:25
c2c8a991feaac82b375ffdf68ce1f788,71c1725420f3c980356bbdeea6abec9a,4,,,2018-02-17 00:00:00,2018-02-19 21:05:09
c2e2f19ce8e4366537fcce7df2fdce4e,cbdf436a9a9c8213157a125b91ef27b9,5,,,2017-09-27 00:00:00,2017-09-29 22:10:48
c2f3d1671f13efa1922496c1288d8297,47718199d2ca56a38ae8cfccc158c692,4,,Recebi o produto dentro do prazo estipulado com ótimo custo benefício. Recomendo!,2018-02-20 00:00:00,2018-02-23 17:20:24
c3039a71818e8c4ebe2f1a905ab1f863,8fb030b413de395dcbb7cb1a3c9b256e,1,,Demora muito e eles não dão satisfação pelo motivo do atraso,2017-03-26 00:00:00,2017-03-27 14:23:05
c329f411ff62ccd2647853778af1f6fd,e434f79ea884de16e5a8bf32afee5333,3,Material com problema.,"01 kit foi entregue. Falta o outro.
A tinta preta do kit não funciona. Gostaria de trocá-la. Obrigado.",2018-08-17 00:00:00,2018-08-17 20:25:41
c32a061045e664f9e94c525b2e6f9700,9c475f19f847e47760cdf04217021ab9,4,,Adorei,2017-10-19 00:00:00,2017-10-23 16:14:58
c32e3130ad0684ff4596cd770307252f,449fd66fb16ef36b8f48f9f1f6dfdd3d,4,,,2017-03-04 00:00:00,2017-03-06 12:44:41
c32f6ae933c6e1b32ece5b4fc839b085,a438cc4a17bee890885f11fb9a4ee39c,5,,Era o que eu queria.,2017-02-24 00:00:00,2017-03-06 12:04:25
c33d97d0cdeb784552929bd489550ea3,90f56b2ed34b8c5f56dd1255faca84e1,5,entregue rapido,produto bom e emtregue rapido,2018-08-08 00:00:00,2018-08-09 19:21:02
c34714befe0a6b2b4f6be8e78ceb7cc3,4f2478354c7836ea575c7e2f38dd1d1d,1,,Além de a entrega ter atrasado 1 semana o produto não veio funcionando e a caixa que veio o produto era de amaciante de roupas. Devolvi e não compro nunca mais nessa loja! ,2018-03-10 00:00:00,2018-03-11 00:39:27
c34d2b5f826741e1e973a1ad9e6f41b4,81161411335afb1d9c6dfd1b42a63eb3,5,,,2018-07-05 00:00:00,2018-07-07 18:35:35
c3515577b539cc94a09b6f39d72087e6,b7f2aa0212addcb6e1194bc50796de24,5,,,2018-04-14 00:00:00,2018-04-14 17:37:18
c360d129d6e2c966115bc99eb20a4290,fda5c50c453838651054465df87d595b,5,,Super recomendo. Chegou antes do prazo previsto,2017-12-15 00:00:00,2017-12-18 15:42:21
c38a3b6480e18295eac0f29ec7822def,5008f69eb2ec85becc94d3a1c1918af5,1,,Quero devolver porque veio tudo diferente e muito feio para criança ,2017-12-21 00:00:00,2017-12-21 23:48:33
c38ee5a9daa1f80118a9520b9d94ce53,e831082804ec0bbebbef04e8b2d8a525,4,,,2018-03-08 00:00:00,2018-04-03 18:53:24
c3a664296034c386e9f9340646475822,6b52fde341db3472b2e4c787887abc7e,5,,,2018-08-28 00:00:00,2018-08-28 19:48:31
c3a8b6bb0a2903e706f486ef889d1121,d5a777d0e1c561e945c9eedce2cad80f,5,,,2018-07-28 00:00:00,2018-07-29 03:28:11
c3b0a9ee360573a6f534c1cd126e4135,11302d4542ca6da5b505416f9e04f0a8,5,,,2017-12-14 00:00:00,2017-12-14 20:13:56
c3b76a5d5be63cdc4577468e60a0f80e,b6daec0cfa9a03c5989e15db310e0252,5,,,2018-06-26 00:00:00,2018-06-27 13:13:10
c3bdf3c64477020adeeda03647487158,5fb669725665771911c8ecc187870553,5,,,2017-05-17 00:00:00,2017-05-17 21:26:36
c3de4e89aea8c2592fcaf349196a3769,fa6e00b909d5805dc02b5456fa40778b,5,,,2018-05-30 00:00:00,2018-05-30 23:29:35
c3e4901304fcb606e3c5e43b44f9f9e7,5103d6b3761ac2e1155b08e4c6a5c225,5,,,2017-03-03 00:00:00,2017-03-06 11:34:00
c3f9a52468305d8f8d63383de02f1963,80da866a2f8257c4878f249ffa36390f,5,10,Amei super recomendo.,2018-06-29 00:00:00,2018-07-02 23:06:54
c3fcd31f4c7eb9c0da328dbae2828fb5,1dfdbd592873be9e467a641589b7595e,5,,O produto chegou corretamente e dentro do prazo,2018-03-16 00:00:00,2018-03-17 17:23:24
c3fdf998821e5ee2bdba6717d8b620c6,cfac974a41d4273d522456d2840dc2a6,4,Bom produto.,"Uma pena q estava escrito bege e veio marrom no Produto, mas fora isso tudo certo.",2018-06-22 00:00:00,2018-06-24 22:42:12
c40d9fcde0799b07fdf915b2bfa321f6,a749acbc328952e55d87733a869f2817,5,,,2017-09-07 00:00:00,2017-09-08 01:20:03
c41e0acda9d6255cc811a804603757d1,f522ddf23e3ce51e2ad669c0c55f75af,5,,,2018-03-17 00:00:00,2018-03-20 13:41:19
c4220e86afe7622f18156e85b6bff0af,53bd622a8d20922d658c830bd18c22c4,4,,,2018-05-24 00:00:00,2018-06-01 12:22:36
c422e7d6d71e5dd94f3737b416d754b6,76bdc8518c9c3ef50f9a240b93f97987,4,,,2017-09-17 00:00:00,2017-09-18 18:33:35
c42f961fb552b0ec626cbf554bc99170,5d356daa43b595e4132a76f217230476,5,,,2017-12-04 00:00:00,2017-12-04 23:25:14
c43160e3cac012c173ec7e26c8af3bb6,a8f98802b9d90bc23e0d46ca06b42136,5,,,2017-11-24 00:00:00,2017-11-26 01:27:33
c43afb2523a90dd9b75f1af9f6b22290,35219838fa57f17493790b796f51a77e,5,,entrega rápida,2018-03-10 00:00:00,2018-03-12 19:18:42
c43bf4ab1159cedff0e27c4ba338e3c3,455f52f12a5c5e4dbb291823daafc2ab,5,,Entrega muito rápida parabéns ,2018-04-13 00:00:00,2018-04-16 13:38:14
c44630862237df856c97ca839a98ecc6,9333298e9cc54a35f22242a9fc3a3ad0,5,,,2018-07-17 00:00:00,2018-07-28 01:18:50
c4545ea25afe5a960b208e6d7a2842be,8d866309dfbf9649da64bd53a80c7b7e,4,,,2017-06-13 00:00:00,2017-06-14 09:37:55
c4558a057b0a99988dc412108f6a91f3,6bc359e26c859e9a1d3d1c157f38c930,5,,"Parabéns 
Produto é entrega
Nota 10",2018-04-05 00:00:00,2018-04-07 01:52:56
c45a4f0147228d0f1b3e17e8a79a5223,5ffd6a2fc18f65496eca65629db6eba6,5,,,2017-12-27 00:00:00,2017-12-28 12:31:20
c46f4d1904380e507524a22262613e5d,daed9e78d8caf060ecb46125d167dc67,4,Chegou muito rapido ,Gostei da entrega . a unica coisa que não gostei é que o bocal de onde coloca a luz não está centralizado . ,2018-05-26 00:00:00,2018-05-27 14:27:35
c4a0e7af0e07593734cf799f5de4d1d8,46f8ad0d98c5c3731e1e7988e45f4a4c,5,,Muito bom! Recomendo,2018-01-11 00:00:00,2018-01-15 23:48:56
c4a0f8cf0b5be950c339c5858e7676eb,64958ed60e12bac04474ff739271a3b3,4,"Recomendo, mas frete caro","Recomendo, mas frete é caro.",2018-08-02 00:00:00,2018-08-03 09:48:26
c4a435397fc04c52bea1e22979ac1531,26468ef199f961b657bd9411810b80ea,5,,,2018-07-31 00:00:00,2018-08-03 11:17:45
c4b1dd646c6e60f50ece7bbb79455520,28ce9f21d700f4d00c2d53fe829911f3,5,,,2017-09-20 00:00:00,2017-09-21 01:28:55
c4cc55aad606ddf1d9931596eae45228,c8dfa9b022c03c9dbfe5e0fc504243e7,5,,"Gostei muito de comprar na targaryen, pq entregam dentro do prazo.",2018-01-04 00:00:00,2018-01-05 00:24:28
c4d76b0e260fd092083b9bdf3324b40d,cd5b7d5b405a2cee7a15972eaa47f1d3,5,Recomendo.,,2018-05-25 00:00:00,2018-05-25 15:30:10
c4e061c5c01fd22b464e0179abe916b2,f3f19665e7205700de2a40ff56bf2d28,5,,,2018-08-26 00:00:00,2018-08-28 16:44:54
c4fd59f94271aebe87586a697f851c6a,a9cd6c2b2f5fb42940c49246ea7ce08f,4,,,2018-02-16 00:00:00,2018-02-21 01:41:37
c4ff3100569347829ea4ced2ccfb736c,44ee389142c744e5c8e7b6c8343dbdc7,5,,tudo perfeito,2017-05-20 00:00:00,2017-06-07 05:20:54
c503dad58a30d89e78ccc13365492910,f65ca26881ac6c0ef00ce00baf3d157b,2,,"a cadeira eu esperava é muito pequena não e giratória,,, ñ tem a peça pra deixar alta..",2018-02-15 00:00:00,2018-02-16 16:16:32
c509f8b367ee5227700c29fcc76a097a,fd95ae805c63c534f1a64589e102225e,5,,"Recebi dentro do prazo estabelecido, produtos entregues em perfeito estado",2018-03-04 00:00:00,2018-03-06 10:10:08
c512c5e50d182015534d92552872fa76,f6c83f331fa7998140a4cbe44f87b38d,4,,,2017-09-10 00:00:00,2017-09-16 14:52:45
c51d757da6a19f089d15b487cac837df,a76c1d70a00186ece4d82eba5f387f0a,5,,,2017-12-14 00:00:00,2017-12-15 12:05:01
c522c1c7f704cb0e202fcbba1a5627de,3b1bf20520476dc7b150dd52f521e525,4,,,2017-06-03 00:00:00,2017-06-04 10:21:43
c52eb852acbcd2cfd700ed9c99fcb578,4ca6a87f196ea892c5abc4e84748fbde,5,,Recomendo,2017-06-01 00:00:00,2017-06-02 11:49:44
c532a983a15565e01ef034636618e09d,e7f861ca5d9143d8e586bd85b1aa5bdf,5,,,2018-07-24 00:00:00,2018-07-24 23:34:31
c53a278bf232167670227f0f0e61664d,4b19c2fe3690d7e4aa8cbcf946ea6ce4,5,,,2018-06-03 00:00:00,2018-06-06 20:45:13
c5416298a2badbcc7ceaa3a0cee55f54,4a423ddd436e4f40476f60caabd02d13,5,,Entrega rápida e produto ótimo,2017-11-30 00:00:00,2017-11-30 20:45:55
c5468b6dd367ddd98038be84d401c833,823e959449ab09141875541d427a1581,5,,,2018-03-04 00:00:00,2018-03-06 10:10:12
c54fde603b36649a51d1a27dc8280614,7d69596773fda163751de780f18ad9f3,1,,"Achei o produto mal acondicionado na embalagem. Chegou todo deformado.. bem diferente da foto do site. Mal Acabamento
Nao gostei",2018-03-29 00:00:00,2018-03-30 17:51:56
c55ec8f6e4c91c6cc194437451ea29cf,7581e8b8156b3dee7b8898cd0120ad19,4,,Muito bem atendida chegou antes do prazo,2017-04-18 00:00:00,2017-04-19 13:17:58
c56bb0bfd5f4ddb66a35ec2be4ef2f9d,4d60e5659a5be3b15be731b5882ecc3e,3,Não recebi o produto,Não recebi o produto,2018-06-07 00:00:00,2018-06-07 22:00:09
c56eb861c93498a880dacc7751624d48,d2cb7c100806e87a227d413e9157cb76,5,,,2018-01-18 00:00:00,2018-01-19 20:25:31
c5709d3d750230254afa54adb0eeb36c,8d5adba2d82f7af4d944f45a95d5d1c1,5,,,2018-08-15 00:00:00,2018-08-16 11:43:55
c578388da4f3d7643af19f82c3be5f46,f24e66cdbbf1d7e24f946efbc3b47bb3,5,,"Otima loja,compras entregues no prazo,e veio o que eu esperava.Recomendadissimo.",2018-02-18 00:00:00,2018-02-18 23:59:09
c58ca57931272673dc01ced4751d9da5,8ee32c0f656d4816294802830cd9c2cd,5,,,2017-06-08 00:00:00,2017-06-11 03:16:10
c58e25ccc0879252d8b80b8ddf784610,a7945c880a9ae5ff74905e316695ac77,5,,Otimo cabo tudo certo.,2018-04-17 00:00:00,2018-04-17 19:27:19
c59af9cb9f61b48fcfb1f1b0ae6df143,60721992ef4cec39824837f08c79afec,5,,,2017-10-03 00:00:00,2017-10-04 10:40:35
c5a92e31e5f3830a857c19062825a1af,d00d7bc5d6fa2124037aaf4eb5be0a0e,4,,show.,2017-12-28 00:00:00,2017-12-28 20:37:00
c5ad2837a34d3d0cbeeac3fb24cbba44,e271f030943591ad904d1c1ffdfe2a1f,5,,,2018-01-24 00:00:00,2018-01-25 16:33:31
c5b1543a4748b93ed8eb2dfca4e11198,844b7b992358a3a30d677ea0025e7471,1,Estou avaliando Americana,Recebi o produto errado. Não aceitaram a troca pelo produto correto. Comprei na lannister. A responsabilidade é de vocês. Quero meu dinheiro de volta de imediato.,2018-06-07 00:00:00,2018-06-08 02:04:04
c5ba7cb84544af5fdc4d685eb448bc85,038862523957395d9316afa8b8b70976,4,,,2018-06-06 00:00:00,2018-06-07 11:20:35
c5ca01bcff4675fa4b383d0c78e05457,0fa97c6a14424f633800d5cb622a6bb4,3,,,2018-05-15 00:00:00,2018-05-20 17:04:52
c5d1cd00d5d858773bfcd763e58d51b3,97d6ed0a050dac6d990b16908ce0a5fa,5,,,2018-08-09 00:00:00,2018-08-09 21:44:09
c5d326330fa0e0bab4652aeeeff6f809,8a80054573ee01a321c77752da93566b,5,,,2017-12-05 00:00:00,2017-12-06 09:31:04
c5f77467d2b2452f47c4d7138c507cee,f6f4658567da4b739eacf70531b041df,5,,"Excelente produto, entrega mais rápida do que o esperado",2018-01-17 00:00:00,2018-01-22 03:30:58
c60a1435d9076b0d60eeba3bf8452988,43f8e020752c67130ddf027e0297291a,4,,,2017-02-24 00:00:00,2017-02-26 11:58:53
c60ffbd86c51dcfd2e6d69e4d4587ec4,1f42f4d540bb667dcd3bde1a50c9e442,1,Pedido não veio correto,"Acho que deveria explicar melhor o que está sendo oferecido, para que o consumidor não tenha duvidas na Hora da compra. 
Pedi k1 que tem os nomes no fone de ouvido e veio kb1 que não vem.",2018-07-26 00:00:00,2018-07-26 12:00:05
c61313b60d257166474ff88b7618875f,46c123d65d1a90feca91b6c4cf104633,5,,,2018-08-31 00:00:00,2018-08-31 17:15:23
c619ae290362c0faa20fce112f053c8b,c155ef1f20c6a210e6ba29644b4d578c,3,,,2017-05-16 00:00:00,2017-05-19 15:49:54
c63a604fd98c2616680516ccae0168ab,80234ed83f65ba58f3424c43b86f8bd3,5,,,2018-08-31 00:00:00,2018-08-31 12:27:48
c6473363d05d8ec2a7685bc2acd4978c,f55846241ee01e6a5d8401e58d5b6c77,3,,,2018-07-14 00:00:00,2018-07-17 11:59:43
c64ed93d3788ca0a594c2ae8456ad658,4c761041674866c683398d2c3d0d9163,4,,Achei só muito demorado o prazo para a entrega.,2018-01-04 00:00:00,2018-01-05 11:44:57
c65bb18311f3d6c8debeb47ba3202e4e,5ddffd82198ca5fd512883316c2c865b,3,,,2018-03-02 00:00:00,2018-03-03 00:14:27
c65c19cba1dcab3a2f64b3d8b2da0369,12e8c054bdee17bfc0fd3d92d8cbda10,3,,,2017-10-21 00:00:00,2017-10-23 18:57:43
c681b6d369367f65463a20039298d164,626ac0ce1580c1c2053b90b0d317f56e,4,Produto muito bom.,"Ótimo produto, porém com custo elevado.
Entrega rápida.",2018-07-27 00:00:00,2018-07-28 00:39:23
c6823e8627b52f20ca38ea7114d18cb3,c11457253eefe1635e2c7acbf249aa1a,3,,,2017-11-14 00:00:00,2017-11-17 00:30:05
c694a14c7abd62f16c06c1ffd6f1d6bd,d3605b7117930d845a75af0d32c3bc7e,1,,,2017-12-02 00:00:00,2017-12-07 02:54:44
c69b2eb0661b5503eaa674b506b95afb,27db1a079a22bec1453d0f24f630005f,4,,,2017-12-15 00:00:00,2017-12-15 21:46:37
c6a687e6d7343d724b49aa979bfa097c,64e31c69d5a163acc2d5c0632001e4eb,3,,,2017-12-19 00:00:00,2017-12-20 13:54:32
c6b03b888b3cd7b697a12ee3d9fcd595,0a45b0373a9b1178357bb9d93243ed18,4,,,2017-12-04 00:00:00,2017-12-05 16:59:09
c6b056b76423a24cdd187ed7f2e08c93,407650da5ce96e8de0290f05086d3b49,5,,,2018-04-04 00:00:00,2018-04-07 02:19:26
c6b5eeebcb1c5ea668bbdea49171008a,e6e4672e14ca0ff3cbdf2e23e1d6cc30,5,,,2018-06-14 00:00:00,2018-06-14 19:37:25
c6b7e643329feab85e4bed48e5af2f57,d224c4be964a33d8d803b33661c18d8a,5,,,2017-12-16 00:00:00,2017-12-17 00:21:16
c6ca93c5d3a998bc41d6e267ca290de9,12bd377dd79de8d6c43f67d1a0358743,5,,,2018-08-07 00:00:00,2018-08-08 14:54:16
c6ce57b058b2388981a8c5bfe66dd25b,9855054362f487c4f25172bd0b8a44cf,4,,,2018-08-23 00:00:00,2018-08-25 21:01:55
c6cf184ad75279ea2f1d3e1a74bc4c83,c93ff60dbb02e26f340bbca4b680435a,5,Ótima,,2018-07-26 00:00:00,2018-07-27 01:22:01
c6cff776f136b6e0d68112eae8d20a98,ad20d0dfe5b91c07df72dff0206aacd9,1,,,2017-11-11 00:00:00,2017-11-13 08:51:35
c6d0849be662cd05ce34e0f885ac7135,c03349d196d2c2e31e41e29d06396cbf,5,,,2017-09-23 00:00:00,2017-09-25 18:42:03
c6d5c924904c1ae56d80a28504ef56d8,ac5ff205bf10a5b08e09e552d693cf4c,5,,,2017-03-08 00:00:00,2017-03-10 09:36:12
c6db613e18ea44aa7d2cc3257335c378,bfc9c6b840e5a8ac6c42347673271b9a,1,,"Comprei o produto confiando nas lojas lannister e não na targaryen a qual parece q não entregou o produto no tempo certo para os Correios, e não recebi esclarecimento da targaryen, mas o produto chegou, obg",2018-01-08 00:00:00,2018-01-08 18:43:33
c6ef3fddfa755a23b42ef4b50e8b9329,c20f5cf8451a562b0fc50dd48fc8d68a,3,,"Olá gostei muito da boneca, porém ela veio com o nariz pintado de rosa. Como não tenho como devolver,fico com medo de não chegar para o natal,gostaria de saber se existe uma maneira de sair a mancha",2017-11-23 00:00:00,2017-11-24 23:47:45
c6f32fb9ced28878331e14bc9e9f315a,2e4e2813ad5d8dd8582c22307207f800,5,,,2018-02-02 00:00:00,2018-02-02 18:05:08
c7105ba2dc3e0fa68c5e718607805844,4deab312e3e7dd7eefaf005f169974f9,4,,,2018-04-17 00:00:00,2018-04-18 12:13:20
c7150999ecfaaad6f78be5200501a09b,702c89659fd2b244cf06f052e886bdf6,2,,,2017-04-28 00:00:00,2017-04-28 21:07:07
c72fe690822ed620d851cb1e818ff8e2,49822ac9e14074c1575428d613ac3889,5,,,2017-09-26 00:00:00,2017-09-28 21:56:54
c731d7ba315fd6056add3c85cb395ad9,e0e2dd62e7153d8f3f03e62b4b476392,5,,,2017-03-09 00:00:00,2017-03-09 15:41:55
c77f6d4280a8c8321bfae3fee82ad3b8,f2ef8ad9ee61aaa6334cf0967193a602,4,,"Linda almofada de cachorro, muito boa qualidade!",2017-03-18 00:00:00,2017-03-19 16:12:46
c78fbedacdbcd613a7cf581ae7285b44,f0c00b0c02ed4f14f20fad7c26002b9c,4,,,2018-03-17 00:00:00,2018-03-19 04:19:14
c7a2bc358b0822d856a03847e920fc43,a0bb81fda7cf88b07f9a884c1be7ba64,5,,,2018-08-16 00:00:00,2018-08-21 19:22:24
c7a66ac600e06d489564987ab78b14dc,e932edaa6417ab9aba25187f8e6433dd,5,Dermacol 4g,Gostei otimo pra quem quer testar o produto!,2018-08-11 00:00:00,2018-08-12 14:11:50
c7b24bf75596735cca215370f77da030,c1dfbe8a3ce81f3fd38d2d5f50e84be6,1,,,2018-04-13 00:00:00,2018-04-16 20:23:17
c7b55ccc64b8f96698f588cde60f0134,058ff573aef21e528adcab8b8717c43a,5,,Fiquei muito satisfeita com as mercadorias recebidas.,2017-10-06 00:00:00,2017-10-07 21:52:04
c7b8f2a42d3de92e61380530bcb17bfc,a5507507d82c1fb664405882ed065af0,3,,"recebi apenas um controle, estou no aguardo do próximo torcendo para que chegue entre esses dias, já que no rastreio informa que já está no transporte.",2017-09-12 00:00:00,2017-09-13 14:43:08
c7bce59a85de00b5bd99b3d16bf8faf9,ee24e7d976a47cc46be7304fe5654ae9,2,,"Pela foto o produto parecia ser imponente e bonito, porém quando chegou o relógio quase não coube no meu braço, pela foto parecia ser lindo mais a realidade era outra.",2018-08-03 00:00:00,2018-08-06 09:38:12
c7d80bf5934a938d12ebd793db19fc8c,4da0b6d6c8c1ecb4588a756d5e2d2f54,3,,,2017-12-05 00:00:00,2017-12-11 13:29:01
c7de4a2607c7ef3006325b8d93ce8ab8,59c0d4b067270f98e28b82c5ce59db9c,3,Produto entregue rapidame,"Produto entregue rapidamente, o produto corresponde com a imagem ilustrativa, tanto no modelo quanto cor.",2018-08-23 00:00:00,2018-08-26 14:33:07
c7e41746f48079a823268b17f142c7cb,f013cb01232922e713ffadcfa3b52368,4,,,2017-06-22 00:00:00,2017-06-23 13:29:37
c7e94485297142c1aef3cbada0b74763,d5c6ccc7f3bf2ffb7dda78c440e18328,3,,"O produto recebido é ótimo, pena q o frete encarece muito.
",2018-08-28 00:00:00,2018-08-29 04:40:36
c7ec53f04c3d448bd44ea97e9c86e078,8399f290ca1022f41024468f3864dac5,5,Chegou antes do prazo,"Recebi o produto, porém ainda não montei. A entrega foi rápida.",2018-08-28 00:00:00,2018-09-03 20:27:32
c7f428807d8a7f93fab6970908c28879,3ed46d0aeda8a091370db112656e55cc,5,,,2018-08-21 00:00:00,2018-08-21 23:13:38
c7f7b9bd0846fd6298402504c245949a,4e80d0b6c184e0495126f54469869365,5,,,2018-05-22 00:00:00,2018-06-07 00:32:47
c7ff232bba53fbbc25ff4cceaf47e53a,3591b137120676965cee41e9cdb29cd0,3,,"Atendeu bastante as minhas expectativas, fácil manuseio em relação ao ajuste de horas dentre outras funções.",2017-12-01 00:00:00,2017-12-01 20:50:30
c817a02e31c2ae063225a9117ae05242,212399bb2189b8096965b199645d7d3d,1,,,2018-04-19 00:00:00,2018-04-19 20:46:35
c83bac948abac993cbde771915bc4160,64efffeec4731f7a196d327531aa95a3,5,,,2017-05-25 00:00:00,2017-05-26 11:54:15
c84347484cfe58a449dea354f8f36ea8,46f25e7d703d3c2141818cd05b8819d8,5,Parabéns pela rapidez!,"Obrigada pela rapidez! Fiquei muito satisfeita com a entrega tão rápido, muito antes do previsto ! Sempre gostei de comprar com vocês. O produto é excelente. Recomendo!",2018-07-04 00:00:00,2018-07-05 09:46:38
c86306c2bf2f5c62cf71f4bfdf75b437,b3448645d567afb9a105a91748a9e2ab,5,,,2018-04-24 00:00:00,2018-04-25 00:05:47
c864f347fe4dcb4da876e6e5b73014a6,97bca524044b6fffcdbcc4ced6e2390f,5,,,2017-10-06 00:00:00,2017-10-09 12:52:15
c865e871998d3416a5d5bcf8efcb0b27,9aa6e0715c13dfb78529a2fe1a837212,4,,"Produto muito bom, chegou antes do prazo!",2018-04-05 00:00:00,2018-04-14 18:42:45
c8742102a4b11642f51cd203b4836c6b,8bcb04c1ca645d109ed37389fda5dbb0,1,,Nao recebi o produto.,2017-09-23 00:00:00,2017-09-26 01:03:56
c876233df102e4acc06de281294da069,51e0963a3562ca3d9929bf37f3f07b2d,4,,,2018-03-30 00:00:00,2018-04-02 20:25:56
c87bc5f13539a04000f5ecf53d97c101,1e2566907e0655a3549bdcb88b0291f1,5,,,2017-09-15 00:00:00,2017-09-16 00:40:48
c8832bb8233e18830638739f937e2f6e,43a95930524a9c5388fa5e417dc23241,5,,,2017-11-21 00:00:00,2017-11-23 14:35:55
c886953a0431b9174da8e4778c3046fb,f068cf7680252cb38a48b6c831c03342,4,,"Recebi tudo certo e chegou no prazo correto, recomendo.",2018-03-22 00:00:00,2018-03-23 14:10:02
c886b8c2e0a2fd3f44a3fa824aae23b0,f2e97c3464ad5fb53d6be7afcd0e3eaa,5,,,2017-08-09 00:00:00,2017-08-12 12:50:19
c894d14ba58c0393b6d375c623c5d63e,db598c672baf941a618fb372941b0c5f,5,,,2018-04-10 00:00:00,2018-04-13 00:03:52
c8cb9544919164f774315c60d131d76b,05f8021cf7217f1990addecad0e24b7a,4,,,2018-08-29 00:00:00,2018-08-29 16:50:27
c8d1a7c7831de96fc732d3cbf7abdcbc,9735dec1ed2250c0791871ceed7a0161,4,,Excelente produto ótimo prazo de entrega recomendo a todos.,2018-01-31 00:00:00,2018-02-01 03:07:03
c8f87e249f8573942b8b8c7fae93aa52,0914478fdcadbaa5c8c8b3442b4f28d2,2,,"Comprei outros produtos e sempre vieram, só estou tendo problema com este, mais no geral é um site muito bom de se comprar.",2017-08-15 00:00:00,2017-08-15 19:27:56
c90f15eea0f9f1facdfe505496d914e1,4943203d80c901c56abaabd36a61e76e,5,,,2017-08-10 00:00:00,2017-08-14 21:47:23
c91203f49c66f4c18ebe5df62609f24c,dff351d499a7a16d302eb0c77d6fc100,5,,,2018-08-11 00:00:00,2018-08-14 00:47:00
c91669449d4c3ca34aaa58fab83b0fcc,54c60b5e55b7cfa229a34e7ef63ddb96,5,,,2018-01-30 00:00:00,2018-02-02 00:04:03
c918583db56227a90be7f06895a06589,9a0a251a3ac90a0e31fe227f08520cb4,5,Ótimo produto ,,2018-05-09 00:00:00,2018-05-10 03:15:42
c924de4d1dda9ba3b4d2fed5f09ed2ee,9cbc9568dccaf53e33a60ed966a8a94c,5,,,2018-05-15 00:00:00,2018-05-15 20:37:49
c9270954beb7eba10ca9622c4bc2989f,dfee6abeb1d68f04563ff2499a4dccfd,4,Gostei,,2018-06-27 00:00:00,2018-06-28 03:57:19
c94a2f2b9120c1d5cfb700833d9897e7,3ceec142bbeb4de9939d371d6182d5d6,5,,,2018-05-15 00:00:00,2018-05-20 15:36:52
c94f9a7bb674ef282756720896a776d6,b9fc4defdaf807a54f5a0362c764d384,5,,Produto chegou dento do prazo estipulado e e dentro das condições desejadas,2017-12-27 00:00:00,2017-12-28 13:18:35
c9609ad6b6be684188c83d8512de50b1,088217fa841fd3da3004a1a7e1d525f8,4,,otimo,2017-10-12 00:00:00,2017-10-14 16:05:02
c978549d94c54cef6e7223182dd25ade,2bfb7f8b84037952c9081f80964396b5,4,,"Adoro comprar com vocês,mas dessa vez naofoi entegue no prazo.",2017-12-24 00:00:00,2017-12-26 09:35:13
c97fb5cf98a771ef49010952af3949d6,6aa2d96a8c7f9d95d8d090842a415a56,1,,Comprei duas toalhas e recebi apenas uma.,2017-11-27 00:00:00,2017-11-27 22:46:03
c99f399808597872afb4f5f0bbb73d47,08f09d9ef3e4f3cdfa18431097f40682,5,,,2017-09-21 00:00:00,2017-09-24 00:29:33
c9a0537e0843e417d3596af3081673b7,6a1fa0e6aaa492df09c581af143879a8,5,,"Caro, mas compensa.",2017-12-18 00:00:00,2017-12-18 19:36:16
c9a86127a2db06e2391bc5ce52c669e0,f8813be969dfa2d97ee44b025c9bcaf3,5,,Produto dentro do esperado,2018-01-26 00:00:00,2018-01-26 22:47:04
c9abeb4dddaf24eb50d03a3c63d0857e,77603d935cbcfcb914df523f1fc1316d,5,,,2018-03-29 00:00:00,2018-03-31 14:54:37
c9af084163a1aca251d8c36779429161,9eb625cb452456dcf60ac5b2ce2ed445,5,,,2018-03-11 00:00:00,2018-03-12 21:18:54
c9b8e1763ca168ae60318dcf876d38db,e2456fa3a339b1e8aa3ea8045a1ead4e,1,,"Recebi a boneca com manchas no nariz e perna. Creio que seja do papel crepom que venho na caixa. Já abri Uma solicitação de atendimento, mas não obtive resposta.",2017-11-17 00:00:00,2017-11-21 00:58:26
c9bac0b73bdb5c2a2ba7202edc3002cf,b02577617dbe17d1ed25d63f6b47c413,5,Muito boa,Rede excelente! Aguenta 200 kilos!,2018-06-06 00:00:00,2018-06-08 19:55:20
c9bd464a0db3cb887c8cdd703f9ef740,4208d8402138f772f9c189a1859e1f55,5,,,2017-10-02 00:00:00,2017-10-02 16:49:41
c9c689a7d261a2f200cb928acc048d97,3eabaa998b43c58b0d27b9afa79060ad,5,,,2018-06-28 00:00:00,2018-06-29 00:02:32
c9f9a7c87a30fbdceb4285af92f3068e,cede91ea9b2186e794ef279d9aadd8f5,5,,"Bom produto, recomendo!",2017-10-15 01:00:00,2017-10-17 14:49:10
ca09a450f0d01b195ae83cd011e10f9c,334ea0d577d6491e3b5ea4b5fdc76a75,5,,"òtimo vendedor.

Recomendo",2018-03-30 00:00:00,2018-04-02 10:59:59
ca11131dbce8dd3a6c3baf0321f9b24c,15c1a0aa2e32bd15bfe9302af6280f97,5,,,2018-05-09 00:00:00,2018-05-11 21:43:16
ca36cc61bb2dbcd1075e5c20f9ba72f9,8d7e588f9edf5e801cf455bf1961cffb,5,ÓTIMO,maravilhoso.,2018-06-30 00:00:00,2018-07-03 00:28:20
ca3e040f6821fe440b3c384cad5715c8,d338e94a703f4d7af1612be068a85bb6,5,"Perfeito, super recomendo",Entrega realizada antes do prazo determinado e a bomba funciona perfeitamente.,2018-08-15 00:00:00,2018-08-18 21:38:48
ca45b262b89b6d7518e074123faa04b0,73d7cec3155fd7d97f4e7bd0c996002e,2,,"Meu pedido veio errado, ao invés da capa mais película para o modelo Xiaomi Redmi 4x, vieram esses itens para o modelo Note 4. ",2018-02-20 00:00:00,2018-02-20 19:05:23
ca60865b5872fa8b49c162d0f25bb84e,462ec2e1d2a6a3ae425fdb77837d326d,5,,,2018-05-26 00:00:00,2018-05-27 00:56:11
ca6962ad258cc0ed56c12d38a2942189,323a708130dd958865650c8917116819,5,,,2018-04-10 00:00:00,2018-04-22 18:05:52
ca7eb54e8de1961a04b63c17a209c366,677829eb9901f0a1e2fc70b129937cc7,4,,Antes do prazo.,2018-03-07 00:00:00,2018-03-08 11:56:08
ca800ec1a0ef65ad0733536124e911a1,0bfef24c6be372da610fb6c17ca1dafc,5,,,2017-12-14 00:00:00,2017-12-18 14:10:54
ca8607ed67b43b76becc705ae6cd972a,59d926a10c7bbe3763d2ed1fe40afdd1,5,,,2018-07-26 00:00:00,2018-07-29 23:55:21
ca872b246b9dda62e21ec6448acda824,0909121693cdb66d170b212e65c2bf59,4,,,2018-07-24 00:00:00,2018-07-24 22:02:48
ca8a56e472f6e42c67ce27c9ba9ae89c,a3309e7ee5cbc991563c83bc0c41d694,4,,,2018-06-08 00:00:00,2018-06-11 10:46:43
ca8e5e40f55fbffaa631de686b627dde,bce7047b261dd5116e87384f4fe9afc1,5,,,2018-02-22 00:00:00,2018-02-23 17:32:41
cab3926ad81c54dfc15b89d3f25957d4,4381fa4ba1b423dcee980233d6b29d76,3,,Nunca tive nenhum problema quanto as entregas,2017-02-22 00:00:00,2017-02-23 08:24:50
cab41932770f246b602104a5de9b18e3,c0e57db4a4a6ef32aa28911d1c07df81,5,RECOMENDO SIM ESTA LOJA,"como sempre produtos suber bem embalados ,entrega ate antes do prazo tudo perfeito super recomendo o baratheon",2018-06-08 00:00:00,2018-06-08 21:53:47
caba1a103c935b6b373af7e18a903f55,1219c95f809e6f43a8a0f552664bdab6,5,,Foi tudo maravilhoso recebi antes do prazo de entrega é o produto é muito bem feito e bonito.,2017-12-04 00:00:00,2017-12-07 00:04:11
cac0d947463cffee49703a8c3113f54f,ec7b08d39b75ac7d28c6fda42d3847b1,1,,,2017-12-06 00:00:00,2017-12-06 09:26:36
cad4c2b2568eb4ebeba3a51eb51ce677,c6697f0b5a341cb2e357e996c100664a,5,,Tudo ok,2017-12-31 00:00:00,2018-01-02 17:07:29
cad6f33f1263a13d2ec2b4d3d2233d68,e19d4bc5b01581909777e6e48cec1e96,5,,,2018-02-03 00:00:00,2018-02-03 22:02:18
cadc198bca03b4ecce1202b481522e20,09777f429af8cc60d951cad68db15b6f,5,,,2018-04-17 00:00:00,2018-04-18 11:11:25
caf17fe1f8bfaf9276266a212ef0c4b0,daf7924c5511a9ba51d2fccbf42305be,5,,,2018-03-01 00:00:00,2018-03-01 20:53:50
cb05549fa03055213eb82991b6c8929f,1df7ded3518147b95eababb6620f007c,5,,,2017-08-23 00:00:00,2017-08-24 14:35:01
cb06fee031bc45ca816998ca3ee382f7,f22ef2baecb171381117e0ce752cf282,3,,,2017-08-29 00:00:00,2017-08-30 01:44:53
cb097fd90fd083b58ed39d24a629be21,e4f5793a41c3b7fc06fc62b75a8ecb47,5,,,2018-04-03 00:00:00,2018-04-04 00:43:50
cb0be945f6fc5315d0d30fafe0f9153a,5acf78c509b083a69d8dd05a63a17185,1,,eu so queria saber porque ate hoje ainda nao recebir o meu produto esta demorando de mais era dia 9 e te hoje nada. por isso nao recomento nao,2018-02-11 00:00:00,2018-02-13 17:47:23
cb0dd4043ddd1a76ba310c62293c31e7,0a998b0552bd0e04c7b38f0f58737c54,5,,,2018-08-08 00:00:00,2018-08-09 12:16:42
cb33d2194c0bc6c3d2e7c4f0bc84e39a,a07d031ec2c5fdaba3a363a4f5a98350,5,,Gostei muito,2017-04-28 00:00:00,2017-04-30 12:18:13
cb49f7565826fc116d1654ac9b802dc4,95287574a39117622fd74f06cadf5eae,5,,,2017-08-19 00:00:00,2017-08-20 11:19:26
cb4c429a6292192f3f42bb1adf9a7948,e7d88c2bc8575dcebb7cc0c72c2d22c2,5,,,2017-11-18 00:00:00,2017-11-20 13:13:20
cb4d42d764f6bdb7a5fb3bb9ce001cc7,a2bcbea8668a0d93334cf7f7fafe921d,4,tudo ok,chegou tudo conforme combinado.,2018-03-08 00:00:00,2018-09-12 16:44:10
cb510adf1333297703384527699af820,9b948dcaaa76c166e78628262127e680,4,Furadeira Stanley,Produto ok. Loja muito rápida. ,2018-06-14 00:00:00,2018-06-19 18:49:17
cb5a214e30d212b20f1bbc393aa63de6,958407f3ab4e9f0d5d03a341f3840ce2,3,,,2017-12-09 00:00:00,2017-12-12 08:13:33
cb5e1294008ff018702da56d0bd1eb40,b0a63209dc14e7fb6933c55c5fdaa044,5,,,2018-02-06 00:00:00,2018-02-07 09:10:20
cb6b7a1b7a28ae0e2ddb7e777d9fe6df,58a0927d5f0c99b74be566b3d5ed7c59,5,,,2018-01-09 00:00:00,2018-01-10 12:14:16
cb711d04f61c101ef4c17680979ae55d,9aee4ebad2ec4e0ac243cfd62de682e7,5,,,2017-04-06 00:00:00,2017-04-07 20:24:22
cb8a360d6a237b9fa5c4f89667fc4e2a,0f2bbeda958833e5a67ceb4368f282fe,5,,,2018-05-15 00:00:00,2018-05-15 23:27:25
cb9b303f508c89b453420a8e4d57a285,0f1dea9ac2c2be3ef6885442dab7ef0e,5,,,2018-03-14 00:00:00,2018-03-15 22:37:23
cba5efd2c077a08ed17de58c005863b0,6898fdd117fe6ca4f9b01eb03005d9a9,5,,"produto de boa qualidade, entrega rápida bem antes do prazo, recomendo. ",2017-05-13 00:00:00,2017-05-15 11:07:06
cbba8d71a7158a53e4a6d4e4912f34a0,25002fcfee05773be1d9bfe045b95fec,5,,,2018-08-29 00:00:00,2018-09-01 12:39:09
cbed3b30debbbc95db8cc88c7c040139,9e97400ef316f1d0209aec475ab50554,1,,"Foram 2 pedidos
1 não chegou
Aguardo",2018-03-18 00:00:00,2018-03-20 03:35:54
cc0c841e7bdaf9afafb59aec3e78f865,726050586b99cf152bd2d7ea5065b7dc,5,,,2018-05-09 00:00:00,2018-05-26 12:02:44
cc1b63064fbc041ab28117b6b19d6170,bdc50bb13e6d041fb5d868ec076072b6,4,,,2017-09-14 00:00:00,2017-09-15 13:41:05
cc268b72f1637646e59d6dbce0def77c,449a5c83325ac51d98c821405c503183,4,,,2018-02-04 00:00:00,2018-02-04 11:09:37
cc2b21775364b08a1ee52c1405cef6fa,8624ba83187b6280c6d8b7664a5f5607,5,,,2018-04-21 00:00:00,2018-04-24 15:12:54
cc3c9ce62545775863016c3836497170,880d05a97ca1886faf05a9315d0a3073,5,,,2017-11-22 00:00:00,2017-11-24 20:47:50
cc42fdd782063138160a41c9f4f6cc7b,0ed9d4d7e66c6fdb514053430cfde54a,5,,,2018-04-10 00:00:00,2018-06-25 18:35:46
cc689d9a876621d77ceefff9b90dfae6,6a8677aeb56b8ee0d1a74e0435772e31,4,,,2018-02-18 00:00:00,2018-02-18 22:19:51
cc6d5d6b0bab2eed12a19886cb70dab8,3f9e8fecf02f21c1a57dc20c0e7f95ab,3,,,2017-04-28 00:00:00,2017-05-25 17:59:34
cc7af58aa5bfd02b2301103c84e40945,1dbd19609384c9e5b21e382e560a85fa,4,,,2018-08-08 00:00:00,2018-08-12 21:51:06
cc83992c189c04bb3d471a7f0e2c99e8,852278c3a52996ebc578a49c8249d350,5,,,2017-04-12 00:00:00,2017-04-13 11:15:15
cc91bef7d699f0403d1a55c111671faa,172482155d13fc27c9ee15df2cc7913b,3,,"Um problema existente em minha opinião é a falta de controle dos produtos quando vão ser entregues,meu avô comprou 6 luminárias da mesma que eu e chegaram apenas 5 ",2018-01-25 00:00:00,2018-01-26 15:06:39
cc974b5c41e1b401647ed878b8ef1779,833915009f90346b046a4f6cc9df0497,5,,,2017-07-07 00:00:00,2017-07-08 18:53:52
cca4af235f11d81b5601a2c46ab9f9cc,5c26d05602b6bf6463faf31fe5031c1c,3,,,2018-02-21 00:00:00,2018-02-21 22:55:56
ccaceae424b3e66044df8bf886218c89,316de33d2305716d16f6fba75d609f9e,5,,Produto atendeu as expectativas. Dentro do prazo previsto. Recomendo.,2018-03-21 00:00:00,2018-03-21 20:19:23
ccad7bdade095133d9175b9e46259241,b6f543c68b695c88dd2d1e0f5c7528e9,1,,Ao receber o produto notei um trinco na lateral do vidro. Gostaria da devolução do valor do produto.,2018-01-09 00:00:00,2018-01-10 10:11:19
ccb28582c60571df7a16606159f98a1c,89625d9fd5cbcff8ed1de2eab6ab1498,5,,Muito bom minha primeira comprar muito satisfeito,2017-07-01 00:00:00,2017-07-03 22:56:25
ccbb28dbac48a0ceb53f6cf7a650336a,1f71efbfaebd22c0da59bae196d291de,5,,,2018-01-06 00:00:00,2018-01-07 17:24:59
ccc1adac52cfe1b953f071ac30007b51,133757e6140cdaff98c4f396772497e3,4,,Nao foi possível verificar no site que um dos lados da almofada era preto.,2017-12-05 00:00:00,2017-12-06 10:52:19
ccc3acf52b923ba40269edc6ac80baa9,0ad82b0c5d9f039a29814e465165a0da,4,,,2017-11-28 00:00:00,2017-12-01 19:46:21
cccde40ac8b490113db6ffee8303f2c6,72ee4a26e767e55282ac10e63c7b1227,5,Boa compra!,"Comprei a cada de pneu. Chegou conforme combinado, no prazo. Tudo certo. Recomendo.",2018-07-10 00:00:00,2018-07-11 13:44:48
ccce498d8a32b5bfb7f36f76cba3e989,b4f9debbfa5a394d7f4ab610fd8eae11,1,,Ainda não recebi meu produto,2018-03-23 00:00:00,2018-03-23 10:02:49
ccd9823b3451231cbebe87cc2370199e,609054aa2204f8dccb3f474165d1d411,5,,,2017-10-27 00:00:00,2017-10-27 19:12:57
ccec5c1272dfdbc7d9cf55e3a0961d17,3e01e667dc4b025af8c5eb4f606cc7a1,1,,"Estou aguardando o envio do ""Manual"" do produto comprado.",2017-02-13 00:00:00,2017-02-14 20:18:50
ccfd7e74e24115de04a1668be5a61618,4225edaa7ed111e8f866bb6e60e2152b,5,,"Ótimo, chegou antes do que eu esperava muito rápido",2018-04-21 00:00:00,2018-04-22 03:21:09
cd04e24da5a6680a2d661413cdb22241,8b02937454ecbf39dea9989375d931e3,5,Muito bom ,Chegou antes do prazo da entrega amei,2018-07-21 00:00:00,2018-07-23 19:58:44
cd4320b8386f16a0e06ed5829647eb2c,d8a8ca4fa9960f350db09ddea8861f05,5,,execente,2018-01-10 00:00:00,2018-01-11 15:48:57
cd57254f4b7a989f09850107984b1890,35431beb6e4dc0ce4426a0c9ecac0640,5,,"Atendimento e compromisso com o cliente excelente...sou cliente à muitos anos e nada tenho a reclamar, ótimo site de compras!! 😍",2018-01-23 00:00:00,2018-01-24 02:53:21
cd58686efc4b92f72b4d2f427c6584a4,798738fb83403d78d10892ac46cf8065,1,,O pedido foi cancelado???,2018-02-10 00:00:00,2018-02-11 17:02:00
cd66c53ef0fe2c8d77a13776641ebb87,65015387b5d5888e9b5a412340634d26,5,Top,Top,2018-06-07 00:00:00,2018-06-07 20:31:49
cd6ddf349c0230bbd2127865d119e492,a3761cb6b3883a498fb7fdc5833dcfc7,2,,ñ chegou o produto,2018-04-12 00:00:00,2018-06-19 23:57:45
cd82b8df6f2b080aa82f95434629e0a4,b2e0314790dc44ec6a7d96a62c221a5c,5,,,2018-05-03 00:00:00,2018-05-03 18:52:49
cd857d496ffc7e4415fac7ac844e34d2,5939a276152174ff719ee375114e0775,5,,,2017-08-22 00:00:00,2017-08-23 15:07:10
cda2e9b3461f77a5dec81c6c2a1f9f1a,7063584ebd960be71a883b756429f2e4,3,,,2017-09-16 00:00:00,2017-09-19 16:07:39
cda48eb8f65d1e2a35b15032ab89cf06,0f463923e58ae2578bc70e3083b98e93,5,,"Produto chegou antes do prazo.
",2017-03-30 00:00:00,2017-03-31 02:41:18
cdaeac774ba3f46da86aa040799d0b74,655cd199cc9b3c52c523833837c1921b,3,,"Loja amo rápida, atenciosa com consumidor, super recomendo.",2017-11-19 00:00:00,2017-11-19 15:45:19
cdc0e786fa6a5e8a0b56ea55678d6a3f,02bd584dedf7373cb07b6540cadf9a76,5,,,2018-08-15 00:00:00,2018-08-17 00:25:24
ce0cd3aa0d426f53d5b4e343b23dc83b,745865dd655cbb9dc84b1ee5a872fbf9,5,,,2017-09-14 00:00:00,2017-09-15 08:24:36
ce0ed0aa04a526a2b38a75db82b2a6ef,9ea3e77998212b1f268aa1753f3d421d,5,,"Simplemente maravilhoso, chegou muito antes do prazo. Entrega rapidissima. Amei",2017-07-28 00:00:00,2017-07-31 14:34:18
ce1597b6599be8b70c52aa3cc29f07d7,fc52f0b6b2799aab381d22c1500ec63e,4,Excelente qualidade,"Gostei muito,satisfez minhas espectativas",2018-07-26 00:00:00,2018-07-29 11:09:23
ce1bf56f1bf1ec16bd2fb5c070dab184,388a9117213936e0290e6e7d50f9fee0,3,,,2017-05-16 00:00:00,2017-05-17 18:54:04
ce290c6b9902ac344262c4ec78e3bcfe,8d6708eef8a393c70109de0afb75509d,4,,,2017-09-14 00:00:00,2017-09-16 13:10:42
ce2ee233bda7a8e35bc4cda5bf819f0d,4fbf9aea9b77fadc915415ac3ffeef1d,5,,,2017-12-21 00:00:00,2017-12-22 00:05:52
ce390eb300df01ded0b79c2ab03662e6,8844a6f4804668ce97f0423a434a74f6,5,,,2017-11-01 00:00:00,2017-11-07 12:28:48
ce48c82fcacf0e82cce728cd4e3661dc,f637d76c398963bc6fd99947a23806f6,5,,,2017-10-26 00:00:00,2017-10-27 00:12:23
ce4949c1d599e5258aa82739b6d86246,e8df0b08b2d6162f2a109f931d0774b6,1,,"NÃO COMPREM NADA DESSE DISTRIBUIDOR MUITO MENOS DESSE VENDEDOR, APROVARAM O PAGAMENTO E NÃO ENTREGARAM O PRODUTO, SACANAS, E DEPOIS DO PRAZO EXPIRADO COLOCARAM NO STATUS PRODUTO INDISPONÍVEL.",2017-11-05 00:00:00,2017-11-06 12:22:20
ce4ac1615f6461304e5227241c84199a,d1841aabfefc61ddc63d1113e5f766e8,5,,,2018-06-13 00:00:00,2018-06-14 00:29:36
ce5c7c8dd9cc34d037bdc19cede5d2b9,357fd478aabae20e8548661577688175,4,,,2018-06-06 00:00:00,2018-06-21 01:03:57
ce67d569784ae77f152b45b55ecbbb4e,c142c7ab64bc271555af4edbff4d53b8,5,,,2018-04-11 00:00:00,2018-04-12 10:20:13
ce6dc316428af507a162ce423ad82b58,0771233ce445ab49cb2542af0243618e,5,,"Entrega no prazo.
Produto bem embalado e de qualidade. 
Muito satisfeita. ",2017-09-16 00:00:00,2017-09-18 20:12:41
ce6ff409660780dbb033b469b6cab5bb,c578990a35c5b8748fcd389179d04326,1,não recomendo,"Meu pedido foi uma bola de futebol de campo conforme está especificado acima, só que me entregaram uma bola de futsal, eu não jogo futsal, achei que havia pedido errado, mais o erro foi da loja.",2018-04-26 00:00:00,2018-04-27 11:44:45
ce73ffa784816e3cdc52587e2580efd9,069370014d6465fb28770cd9449402c5,1,,,2017-12-16 00:00:00,2017-12-16 09:31:07
ce78794a997990402c4b88d829f76536,d9b4f2ffa6ecd7c3ba59f13458e3ebb2,5,,,2018-07-21 00:00:00,2018-07-23 23:12:43
ce78834d279d1ef82c477f40ce51fdb7,70265e39902a914077a038864209d3c6,5,,,2017-08-10 00:00:00,2017-08-11 12:15:54
ce843c2fdb14f659ba2bbaf22b29eba5,c7c6ca7db4f3b52d2fd70aeeb13d8e69,2,,ainda nao chegou esta fora do prazo,2018-05-13 00:00:00,2018-05-15 18:33:11
ce9582d5537880e526c089b9b9b9d1cd,c99ca23474e04e001665cd9439b59dca,4,,,2017-11-08 00:00:00,2017-11-08 20:32:22
ce9746bc10f8743406d856a26ac188c4,5471d26176ed00eac0441e43fe12ce01,5,,,2017-04-07 00:00:00,2017-04-10 10:23:16
ce9a40b79839e04007c0d5c813382960,a2d83fe753c66711172a6b99df1bafcd,5,,,2017-05-17 00:00:00,2017-05-20 11:52:53
cea4860e8b63d29cd475e6fc3c0084ae,3d4369dcce579868d4629c19b96260c9,5,,,2017-07-27 00:00:00,2017-07-28 17:58:38
ceb2acae0f1d6ea646bcab48def016b1,3f925ae7ffff56f13e03e8bd5711ca70,5,,entre antes do prazo :D,2018-03-09 00:00:00,2018-03-09 21:44:53
ceb2dd7dac2756e0f8c4d59f36253686,4a202f407d179ddfd8b58bba11a48809,5,Super satisfeita,"Amei meu produto, o prazo de entrega escelente, vou continuar comprando e indicando. ",2018-07-05 00:00:00,2018-07-07 12:18:04
ceb94020fc0c33cdce9338831d04cec7,0f62234641212cb7b178923f7820d1e1,5,Recomendo,"Bem embalado, entrega super rápida",2018-06-22 00:00:00,2018-06-25 17:29:25
cebb79f935737daadccfcd6f0cff83a0,292d3c40e87d260ea28e83b76b5e352c,5,,,2018-06-02 00:00:00,2018-06-04 16:45:47
cebeafce8aeae913bfe356631480cbd6,68a78b552ddca86cb9bb2725c390b28c,3,,Passou o prazo porém até o momento não foi realizada a entrega ,2018-02-18 00:00:00,2018-02-18 03:41:22
cec02c9645a56c47c2dafeafadcacc25,99f6c1d7b0c56f9baeef70fd96baeb2c,5,,,2018-03-10 00:00:00,2018-03-10 13:19:42
cec1b824b214f60adac219a4c54b1a4d,575cf745e50a19f7d43cb7831c5c76ed,5,,,2018-04-11 00:00:00,2018-04-14 09:54:11
cec84fc401a7d06c34cf120ad8230a69,7aad0379bac4fe5dcb0a97650eaf957d,2,,"A loja é boa 
Mas meu produto veio com defeito
Um cabo hdmi. Gostaria de saber como faço para trocar.",2017-11-11 00:00:00,2017-11-17 14:38:18
cece255458df98adb0b5e5da64b278ef,ee49aa5583df0eaab10299357d126386,5,Recomendo,Ótimo produto,2018-07-10 00:00:00,2018-07-11 12:09:10
ced81346c17252ec7979bce44423751e,c6bf66e37e4bdab5ad532291c72a1d71,5,,,2017-07-04 00:00:00,2017-07-07 14:27:20
cedb92a344fff7ba05e4b6f812231234,e7645f2073cac65748cf53c69d5abea9,4,,Bem embalado,2018-01-30 00:00:00,2018-01-30 23:33:18
cee35bb869e988f209b181deaf45d1c9,24f17834d1edff2ec50e2fb099896d80,4,,,2017-09-07 00:00:00,2017-09-08 23:23:31
ceec8bc717c77add6657e182e9a82074,00b402e8a76d3da83714c52d3977cc2d,5,,,2018-01-20 00:00:00,2018-01-20 15:02:50
cef02bef79c80dbedfd9c954cb9e9a7e,d1e7343d9fea35ce6330478c84f0fb7f,1,,,2018-08-03 00:00:00,2018-08-05 21:47:29
cef79b418f23a17594ff7f5f7d1f53a7,a2a7a8c26f134471a22568ddf011e175,3,,So tenho uma coisas a fala sobre o produto.fui enganado pq falaram que o carro tinha 7 funções e so tem quatro eo brinquedo não vale um real pq não durou uma hora e já quebro.....ver se não engane mai,2017-08-26 00:00:00,2017-08-28 21:50:45
cf007e6d8f2179ea8d8c5a065bc62c4b,b77200a7cbfba12d399cea6ab05f0056,5,,"Muito linda tecido excelente recomendado.
A única coisa que não gostei foi do valor dos fretes. Podia ser frete único e mais em conta.",2017-11-22 00:00:00,2017-11-23 14:53:55
cf156fdb81fe14b13dc1a59d2eec9866,24ee049b7819170224ee7e5eca0494e9,5,,,2017-04-04 00:00:00,2017-04-05 11:38:37
cf1c4675cc9e801d95af539ab60f4802,22b29d286c0de8b013b0db61ddcb3754,2,,,2017-11-19 00:00:00,2017-11-21 21:39:14
cf3ae19493fd0d06ac01b24b8035c44e,91e725244b1ed72249f35430530e8bcb,4,,,2018-07-04 00:00:00,2018-07-05 09:01:22
cf3d66e82f03c19e55ac3f30e6ba220f,91c506e966d7f684b4fa307b02341fcc,5,,,2018-01-06 00:00:00,2018-01-07 22:21:29
cf4f0bae8d49907f5607a6c363debdb0,01b1a7fdae9ad1837d6ab861705a1fa5,3,,,2017-06-23 00:00:00,2017-06-26 11:56:45
cf51346899433cdd784faa769b712350,65b7f928b236039112ed2441d2237a11,5,,Tudo OK!,2017-06-23 00:00:00,2017-06-24 16:28:36
cf7d19695af62fbfa2cf1da2c1d797ec,d788474677e79e148bb5cf2c5f0f637a,1,Péssimo o retorno ,Solicito o cancelamento.,2018-05-16 00:00:00,2018-05-20 10:24:18
cfb24acad1cb914ca9e62539d9d2ddfd,510bff1cf06be1143d3b6698df2fd486,1,,Não recebi o produto o prazo terminou ontem.,2018-03-16 00:00:00,2018-03-16 04:46:04
cfc3afd1bc1bb2c4d47fffec623001b2,8046235d64b3479dfce835281a85c0d6,5,,"A loja entregou antes do prazo.
Parabéns, voltarei a comprar.",2018-03-13 00:00:00,2018-03-16 14:21:00
cfc66efd09de1c6ee67666f1c93ba57c,65dfa8121b10dd8bbb055a2afeafc9ee,5,,,2017-03-30 00:00:00,2017-04-02 01:09:31
cfceb70d38e013d3ccdf511b69bb0c6e,6f1d91f81a2241dbf2e7544364d75f2c,5,,,2018-05-08 00:00:00,2018-05-17 00:01:01
cfdaad4299ea1227e28556580f27d8f8,5cca24359ca7443aa609e17be46a0990,1,,Recebi o produto errado danificado mal embalado e parece ter sido aberto. Parece que o produto já foi usado. Quero o produto certo. Alice número 49 funko pop vinil. Recebi o 176.,2017-08-30 00:00:00,2017-08-31 04:57:26
cffb509619e22e6e1aa048ef006cb3ec,294f94df7d2ec239123fdca1a458e0ff,5,,,2018-06-09 00:00:00,2018-06-11 15:33:56
d003550867307716dbc7c11851919488,8c64e3e8dd3f04f78d3b5c994ae506f3,5,,,2017-05-10 00:00:00,2017-05-11 15:28:11
d01f8861801088198e20d318cb4e370e,d4f742f7a223add48641c06ac0b96a25,1,,"Deveria colocar mais detalhes do produto no site... Eu comprei pensando que o tapete era daquele tradicional, não parecendo um cobertor... Não tinha foto da parte de trás do tapete no site... ",2017-07-25 00:00:00,2017-07-26 20:53:44
d02e8c73378487bfa411d8000ade6428,5ad5a009431bd3f53d623de6ca712cb4,3,,O produto não foi entregue no prazo informado. Porém a empresa me enviou por Sedex para que não ficasse muito longo. Sorte que eu não tinha pressa do produto. Minha avaliação fica como média,2017-05-09 00:00:00,2017-05-10 01:41:37
d033f9872bcaf43871e611486b3eb182,491a1961ff53513a57fa193570a11311,3,,Visor do fone td arranhado unico problema. ,2017-08-12 00:00:00,2017-08-14 05:06:27
d03b29f461363eef87d1807549bd6893,ca568c428649f0aaaf41519c7010f093,5,Satisfeito,,2018-08-31 00:00:00,2018-08-31 15:33:40
d03d0d6dd3bfa65212e1f12ae7c0de8e,f4788173ecaa859073b6d2c4a35da40f,1,Produto com defeito,"O produto veio com defeito e não foi possível trocar, pois não havia como repor.",2018-07-27 00:00:00,2018-07-29 21:53:04
d090cb046b2993d369fcf875709704bb,cefe70775d8821c8dcf166f843d38d1d,5,,Entrega prometida dentro do prazo,2018-01-09 00:00:00,2018-01-09 23:20:18
d09b666306141abcaf80d11e282daba8,c57d4208bbf0984e623a7f5dc58b99ef,5,,A qualidade é ótima e chegou bem antes do prazo,2018-04-21 00:00:00,2018-04-23 21:35:46
d09d8b038901f59aa87c46f8519c3b72,40fdebf7099c66b23f5856729f82a68a,5,,,2017-07-18 00:00:00,2017-07-20 16:08:05
d0a067837dccc721a7413c761aec59f7,7bda7fb1e596f90f607376af2ca647cd,2,,,2018-07-27 00:00:00,2018-07-30 21:20:28
d0a94d33325b4514eedda1ecab9c7439,fb12ff6f5be15ffae684b3cc37abdf24,5,,"Gostei muito da manta, de material excelente bonito acabamento preço e prazo excelentes. Chegou certinho como combinado. Super recomendo!!",2018-01-24 00:00:00,2018-01-27 16:07:34
d0dcc0caa71f1845758ef66ba817bf43,4cf58ec9c2d5bfdae2390471f7836fca,5,,,2018-02-16 00:00:00,2018-02-20 20:57:09
d0dfb5d66bb8eb3973e5bc898bba7a4d,fdf3aed22ef0ab57a54765773154b8bd,5,,"produto enviado corretamente, inclusive antes do prazo estabelecido, estou muito satisfeita.
Obrigada",2018-01-13 00:00:00,2018-01-14 21:31:19
d0e09ca53584cfd160543f2cd7d78f4f,54a6430e873dab60295a0a83b82464d2,5,,,2017-03-02 00:00:00,2017-03-04 23:25:51
d0e0cf3722e9ac2dec08ae111ca9031d,4b481f7303c6e3e12e9a4b3a8725f998,5,10,"Ótima loja.
Entregou no prazo. 
Eu recomendo. ",2018-05-01 00:00:00,2018-05-01 19:44:29
d0ec5d8927865995000b5ff4fdd3e92e,55529dc7cb99d0befad66b19ad9adc8d,5,Mercadoria recebida ,Mercadoria entregue dentro do prazo. Poderá ser mais rápido e frete mais barato. ,2018-05-18 00:00:00,2018-05-20 13:58:55
d0f2985aa442230cb24eecd798bd7b9a,fe8557bac7755475950823aa9b15ebb3,1,Produto não funciona,Produto não funciona.,2018-05-17 00:00:00,2018-06-11 16:28:00
d118c3fe15721a1c4b15499318fbe270,c0e1cfdba23aaae17319b780a91978af,4,,,2017-12-05 00:00:00,2017-12-05 23:05:38
d11c6d9033c129f77f336d96d875ec87,d7ff97f4c7ab6c9a6ba9cfa8db9b04b9,4,Recomendo,"Uma compra simples, e uma entrega dentro do prazo esperado. O produto parece de boa qualidade. Com mais dias de uso, claro, poderia dar uma opinião mais adequada.",2018-06-23 00:00:00,2018-06-24 04:40:16
d12b7b120946ab5df012817fbdb47d07,8c06de33065ff82ad2d811b7e81a5f7a,3,,,2018-05-06 00:00:00,2018-05-10 19:41:25
d12c91a0e883f20178286e8a19b97a24,5c084318cff126cf38e30fe940ea2fbe,5,,Produto como o da foto e descrição. Gostei! Deveria ter foto na mão de uma modelo para ter noção do tamanho... achei menor do que achava ser,2018-01-05 00:00:00,2018-01-18 10:08:27
d12e0861b33311ae996ead3a7160e71f,4c1fd23882ba19dd4163989a484ad75c,5,,O produto veio conforme a descrição e chegou antes da data prometida.,2017-12-09 00:00:00,2017-12-10 09:43:05
d138e48665a0ffbe6d57c9a47f6ca1bc,6cb79ca831fc2210fa584592cea3c5f1,5,,MUITO BOM,2018-01-07 00:00:00,2018-01-08 21:42:32
d18c6404a30c92acf04805bd72932ac7,1a2a468a88fbd60a59aae3fc94bcf40d,1,,,2018-05-25 00:00:00,2018-05-25 08:41:58
d18de9c498e89bc8a3e026b3401f1c4f,5370a96022220f889db213211b32740d,5,Recomendo.,"Recomendo pelo prazo de entrega e valor. 
Mas o adesivo do produto não veio com o selo 'camaleão', como alguns que já comprei, deixando margem quanto à qualidade final.",2018-08-30 00:00:00,2018-08-30 19:30:22
d190597be38c806284cb1c39a6851e62,7e64edc21c29eb4ab27967e6462683b3,5,,,2018-07-01 00:00:00,2018-07-01 07:41:40
d1a3c792708b0c37b202878afad7c4d0,9c7786ec8d2394cbee42bba833f7c537,5,,Excelente vendedor e produto!,2017-05-06 00:00:00,2017-11-20 22:04:14
d1a53616f812ae017a1d0490e6a96805,0aa3718b7db60c5ebec88b485cb975db,4,,Ainda não estalei o teclado para afirmar que está em perfeitas condições. Todavia quanto a compra foi um processo tranquilo e recomendo.,2018-07-24 00:00:00,2018-07-24 17:12:39
d1ab33e3e4ead5ae7dbe23d6ffc20932,35a43762d907c68ab2a6a697fe52a336,5,,"produtos de ótima qualidade, sempre que posso compro. Tem durabilidade uma textura maravilhosa. simplesmente perfeitas.",2018-04-18 00:00:00,2018-04-18 23:07:35
d1b3622c4e14657a0dda372912a24326,bd15e6a6eec338675a42659c3509da35,3,,,2018-05-22 00:00:00,2018-05-23 11:04:34
d1b89eb71320013e92977919dac87454,d3cc6a0be5a659e6c515010d99e9c335,5,,"Produto maravilhoso, compra fácil, entrega antes do prazo. Perfeito! Super indico.",2017-03-28 00:00:00,2017-03-29 11:24:19
d1bfd61cb775f29f552dbd23301eb019,178ca782e5105b917275138274960c52,4,,,2017-10-24 00:00:00,2017-10-24 17:41:54
d1d7acf2861891cbaabfdb375fa7337c,0e74f4c5e40226e7f0aa460ce139ee37,5,,,2017-12-05 00:00:00,2017-12-09 12:23:09
d1d9abeb223edbb26277aab43cb4c897,f4828ff963f97cbba213b56e3154ef2f,5,,,2017-12-09 00:00:00,2017-12-09 23:39:44
d20e8ad40a11b24b817c3c4def276cf8,c879afbc0d85767d560c8ba52481a01d,5,Bom,Bom atendimento prestado ,2018-06-12 00:00:00,2018-06-19 21:56:52
d22f7f4f6bdb2abdb5db8820f333481a,1ef3f20960d2c64d49f7154f3fd63a43,5,,"Produto veio correto, no prazo certo, lindo
",2017-08-03 00:00:00,2017-08-03 15:00:03
d23c534cd9643bfcf6ed10e6c259701c,e81515594e8f430f4a7ee18f26777091,5,,,2018-06-10 00:00:00,2018-06-10 22:55:08
d23da705742cff5051dc4c02ca9e3ebe,6a43d3b2cbb42f4e417faa5566a65469,2,,,2018-04-05 00:00:00,2018-04-06 11:53:33
d25e58090e86ca6932194539faae244c,1326c2f23bda822e4ffdd5764e04311e,5,,,2017-06-20 00:00:00,2017-06-20 23:10:18
d2679f8af0e164a2b6fed9b5db5ec8a2,657467884d9a109179d820f67575db18,1,,,2017-04-22 00:00:00,2017-04-22 10:51:22
d2796fcc178c7da1de37423ac2a35d72,22fe4109ea0b3227fa3a2f5370ec9691,5,10.,"Ótimo produto bem embalado, entrega na data prevista.Eu recomendo.",2018-05-24 00:00:00,2018-05-24 21:45:39
d27974358cb875a28fa9e279c88624cf,a8a29ae9b3f2dc2e650dc520d7842041,5,,,2018-06-14 00:00:00,2018-06-14 20:40:05
d27c68a16884393a2ccc4e7ddeed81b3,1ecb44533ccf6974a67e7d36d913b027,3,,Entrega rápida e correta,2017-08-26 00:00:00,2017-08-29 13:08:03
d2a39cf82a4da6a241a91f2405500a64,8f448432fec521b889d6b87b716cc01d,4,,,2017-10-17 00:00:00,2017-10-18 01:03:56
d2a490ef85d898ca4352cb38199cff42,aaff827d79b2aca52ee986179a052077,5,,,2017-12-14 00:00:00,2017-12-14 14:26:13
d2a6aa65f5a1dac683e32b1668da5807,5de6387107c3165295d2f19ab2db7be5,5,,,2017-12-11 00:00:00,2017-12-11 18:30:10
d2b2e7612330948a735af300611bb922,e77b736410809924bdd6ceea09559cfb,3,,"O aparelho chegou apresentando defeito, não está apresentando todas as funções no visor digital.",2018-02-16 00:00:00,2018-02-18 22:53:40
d2c0af806ccf892a6925ee36cb6b006d,ccb984d3f0888287bc92e0b18bb9527a,5,Otimo produto entrega ráp,Eu recomendo a loja,2018-07-06 00:00:00,2018-07-09 16:13:59
d2c576113b63ed6f1b33e9f7a9ac0866,48f8621793a7f3a199cad88137acbb86,5,Ótimo,Muito bom a entrega foi rápida!,2018-07-03 00:00:00,2018-07-12 17:51:22
d2dec0f33eb8b8ce57bf756953b45f3d,72169ffd15efc268ce012f931a368c4e,1,,Ainda nao recebi o produto,2017-07-18 00:00:00,2017-07-19 15:01:53
d2e20804862d37a172387b3b7df223e9,be8825818ef90fa22e25614dad11854d,5,,desde pedido não vieram as almofadas ainda,2018-04-19 00:00:00,2018-04-20 16:01:12
d2e240b827a74e11eefff427b7869e39,72e300729f4020d73fe590991e104c15,5,,,2018-08-17 00:00:00,2018-08-18 15:42:40
d2e79b2ded1323e81bda98849086585d,cbd72cbf159870fc637be9db5374ab3d,4,,,2017-05-26 00:00:00,2017-06-06 21:26:54
d2f9fdfc799a480aa1e9dabc14c8acd5,e1a8489fda3f7a66e003134d7b4e6a59,5,,Gostei muito obrigado,2017-06-23 00:00:00,2017-06-27 13:35:57
d30b831c6b6848b3794fd74d08d28234,49af403fd43b8ca8b5f7b74845bf1f66,5,,,2017-07-22 00:00:00,2017-07-25 13:27:15
d31e4fb3d50e1fb9797de05305ed58e2,b477500d4ae1723dcb01f4eac28a36ad,5,,Adorei o produto,2017-10-25 00:00:00,2017-10-25 14:28:16
d32dbd26197adf54aa0d21a7fa550ef4,58435d6ff97216c2ca1eab87aba77dff,5,Excelente ,Obrigada por dar tudo certo,2018-07-25 00:00:00,2018-07-25 12:02:31
d350763448f4fda3a40882718c2d0c7d,a433f43c39b2899cded8d987e2995c3c,5,,,2018-03-20 00:00:00,2018-03-21 03:11:24
d3592f6de6b0b1b9ca640f0e0f3a3987,cad9cc97c8f0878b65c04815fb985252,3,,,2018-08-18 00:00:00,2018-09-21 03:51:14
d3b76c7ba587185964e52217ff8ad3df,d229d9c8f88ad9cb25a36803dc7a9a90,4,,"Apenas um espelho veio riscado, mas, só deu para perceber depois de retirada a película ",2017-07-26 00:00:00,2017-07-27 14:48:53
d3c957a98c88f2e35662ec6d95ee6a1c,e05c05475cc96f65f8c34274398840d9,5,,Parabéns pelo atendimento e pelo produto maravilhoso.,2017-06-29 00:00:00,2017-06-29 19:19:51
d3d3f3abb616c5ac85d6767341b59166,d77a74efe1dd9a668ec9813f9c3a13c7,5,,Muito bom,2017-10-17 00:00:00,2017-10-18 09:12:49
d3d9737d020eddfebf6e3216604be7a2,e09eca55c225b904c8579bb1c56b77b2,1,,Produto não acompanha quaisquer desenho de montagem e/ou orientações. Acompanha apenas 26 ganchos e 27 buchas.(creio que falta peças). Demora no embarque do produto. Pessimo,2018-01-12 00:00:00,2018-01-17 01:09:16
d3d9b9f80b8c4850a6afaa9d55bf5e7b,048cc31326007f07b576b46beddecc12,5,,Gostei de comprar mais uma vez na Americana! ,2017-12-16 00:00:00,2017-12-18 20:37:09
d3e06ebb3450d9f1cac70cff1e4e1ab7,9bca900557a01da7a51779dd1d2326b9,4,,,2018-04-18 00:00:00,2018-04-19 00:26:07
d3e68571637fbe682ac118d40da782e8,389ac865e327bd982cf1101e0a77ff34,4,Recomendado,"Entregue no prazo, produto conforme anúncio",2018-07-14 00:00:00,2018-07-16 13:54:46
d3f26075d08ed65856f3ac835a567535,51673e0d82449e7f4ccd8fcd64fe0c15,5,Top!,Recebe tudo certo e rápido! ,2018-05-03 00:00:00,2018-05-04 11:10:03
d3fabd8a70803d5770338e3e3f220cd1,d915ad63f37385cc799d0b5363de302a,5,,"MERCADORIA CERTA, NO PRAZO E INFOMRTIVA",2018-02-20 00:00:00,2018-02-23 19:49:46
d3fbedfaf7eceff3b8c465c1abfe58c3,561a3b9c8e282502bd86b6504b17544b,5,,,2018-07-31 00:00:00,2018-07-31 18:48:59
d4046f04e61883cd709700b17862a0fa,87df71eb46077c66a8e53d4e92bc71ef,4,Uma boa loja,Recebi antes do prazo chegou corretamente,2018-05-08 00:00:00,2018-05-10 19:21:33
d40d085df96a9ce383eb301f656eae3b,c307181fbf88d38d293774ca900cc802,5,,,2018-04-28 00:00:00,2018-04-29 14:36:08
d40f94df85fb715168b8cf8397eb6065,d9fa5ad719e1732700ccfc765c6ff6a6,5,,,2018-04-03 00:00:00,2018-04-03 23:23:18
d414c02b27a4c7a14c8a4da0ecb7e1e4,e8a7971efe578b8e5a140c59f190c52b,5,,,2018-08-10 00:00:00,2018-08-12 20:52:03
d415a5a313d6e634b0f3b081c1989545,65b9fc7c003b0fa663d00ae47abbf012,5,,Ainda não recebi a blusa na entrega ,2017-11-03 00:00:00,2017-11-05 14:27:23
d41f539f0409497c3ff6724c75a5d9cc,01c1644529b18608f086d2ff0f3b8181,4,Bom,"Ótimo, entregar no prazo.",2018-07-06 00:00:00,2018-07-09 11:46:28
d43451a1e9e1882d518333dcecb48bae,916176e8ce74772807cfb28860535ae0,3,,,2018-06-07 00:00:00,2018-06-10 02:35:26
d4426099a73635a0f071cc63a17f4177,6cf90e1166647c0225253a897567ceb2,5,,,2018-06-20 00:00:00,2018-06-20 13:59:52
d446963b93e5283d0035376a38c1630a,73a1b2c642b36dc0c5930e4b654ce46f,3,,,2017-08-30 00:00:00,2017-08-31 13:55:41
d4633cae227652f808dc260078b21c33,9b883472f4826d7c694d8c52038a8c67,5,,,2018-04-06 00:00:00,2018-04-09 01:25:37
d476cd68b2547ab44898a71cb123b45a,500cfc698f743e9b498d6c12bbf65eb5,4,,"Gostei.
",2017-05-03 00:00:00,2017-05-04 11:41:34
d497667fb5ecaa859beb3608f55c1b9e,bf0448def08e9657c8f990eea9bc4057,5,,Ótimo produto,2018-01-11 00:00:00,2018-01-11 18:26:52
d499baafea9830ce8ead2fb83e4eeda6,0c311ce5790eb3a82cfaf0ab40840730,5,,"Vendedor amável, entrega antes do prazo.otimo muito obrigada",2017-08-19 00:00:00,2017-08-20 00:18:43
d4ad207d1b4f0c361edf36898d699517,17229fc3b255deaf774bd892c1673951,2,qto ao baratheon sim ,"A bolsa veio com a costura torta no ziper, e nesta costura por estar torta, não foi costurado o ziper, então está um buraco, não gostei, preciso ver o que devo fazer..adoro o baratheon,mas não produto",2018-06-14 00:00:00,2018-06-16 14:13:44
d4af5e95b270e8db1b31d2bbb53f5312,17836bd884d9f15719248827c625e977,1,,Falta entregar 1 item. ,2018-02-03 00:00:00,2018-02-05 21:21:12
d4b0b3a9e5a96be24f847e7c052e30d5,9f4dc9b14ebdb349537c57ed4e469c28,5,,,2018-08-22 00:00:00,2018-08-22 23:19:12
d4b79f642537654027a08b56de3cda0d,dc8e7d66422ec37c6fa1cd4f6d29a85a,1,Mercadoria não entregue ,"Sinceramente, não indicarei a ninguém!!",2018-08-04 00:00:00,2018-08-04 03:41:08
d4c35b01aca52ab12caf4f18b9e771e0,f80e68b525d4ea7025db2f4648d4007d,5,Excelente ,Sempre satisfeita com aquisição de qq produto por este canal.,2018-05-25 00:00:00,2018-05-26 05:11:45
d4caa52e1d28db6f19804bc808456ed3,ca65e3c6e57d9268c00fd2a65cbd14d0,5,,,2017-06-09 00:00:00,2017-06-10 21:22:55
d4d4074b8fa44b04f62a42547533b97d,26f9b65f14088371f7c082c607f04d8c,5,,Bom,2018-02-03 00:00:00,2018-02-03 20:54:50
d4d5311943c3d3dd7ad2b9e1cec0775c,fa2299624a4957d95dd526fc552d1ff1,5,Recomento bastante,"Produto atendeu a minha expectativa. Gostei do produto. E a entrega foi rápida e eficiente.
Estou satisfeita com a compra.",2018-06-06 00:00:00,2018-06-06 03:36:25
d4f1e55afbf8f4087a9dc022503a0446,c942c43e79ea8433aaa067e3c8f0fb75,3,,Na verdade eu esperava que a qualidade fosse melhor...São bem finas. Esperava q fossem mais macias. Mas tá bom. Obrigada.,2018-04-07 00:00:00,2018-04-08 11:45:18
d50fe547a7d9a7b05dba9b8204a576da,f494e4f6b6de7aeefe3af00acc8b3426,5,,,2017-06-24 00:00:00,2017-06-25 23:16:35
d50fe9b0523b248bb35a9b7cf9f5685c,038297c93a230b204ceeca7e2720b464,5,,,2018-03-03 00:00:00,2018-03-04 05:30:04
d514be6f1a8f1d1b726f53ff4f3dbe9e,f50e54b63f3aef3514497d67977256f5,5,,,2018-08-08 00:00:00,2018-08-08 22:28:05
d517a6de791757052de477cd8e4b2173,e7933ced79cabb10566bfaecb47dd4e3,5,,Sem comentarios muito obg pelo produto e a entrega foi no dia mesmo.,2017-07-11 00:00:00,2017-07-12 14:28:51
d5190643c04d1540ab66d1f3037b88d5,aa55555c927df6a9f421ab6fab013656,4,,,2017-09-26 00:00:00,2017-09-27 01:42:57
d52d6fcc1547c2b176114746aefc1e5b,06da8e499e3e6c47151b945f8c9eaab3,5,,,2017-07-05 00:00:00,2017-07-06 18:22:56
d5333d6bc7e596b8410850aa06ff5928,dd213d835910436f5fbf274de5f1a5c4,5,,Produto de ótima qualidade e chegou bem antes do prazo.,2018-02-08 00:00:00,2018-02-10 22:05:59
d536b9f0070785b0fb37c076236d8ca2,a5bee526a0ca9f2a66f3704b82ad7833,5,,,2017-11-09 00:00:00,2017-11-09 22:59:33
d53c47f8d721515f64a767b49158c927,8057ce8ffded1481446ada68f97941d6,3,,"Cadeira pelo preço que ela custa vale a pena comprar .
Foi entregue bem antes do prazo, nota 10 para este quesito.",2017-07-20 00:00:00,2017-07-21 00:20:36
d54811a45b6bc7b49437546d9fc79af1,106ff3ba3e84e22713bf2a10c582fd94,5,,,2018-04-21 00:00:00,2018-04-21 17:03:37
d54e1bac9d8277c909016bc4af8eef97,799e53347e276d82f68872b6741bf731,1,,O vermelho 70 reais ainda fiquei confirmado mais o bege 100 reais quando eu vi que ódio ,2017-10-04 00:00:00,2017-10-06 21:21:23
d556f6042376f310492e74f81828ca59,33a07fed56477fe605818442871aa9bd,4,,,2018-08-22 00:00:00,2018-08-23 07:00:35
d5698ecdfb7bc56987cc8be2155055bb,5730dad6ecb4f73d55da69d127c2bb6b,5,,,2017-12-27 00:00:00,2017-12-29 00:35:14
d57c17ca9f9625bb6d7735a98a0280ac,2ace7e1ba19304db3cc21291effaa7fc,1,,"espero que chegue o produto
que voces tenham mais pontualidade",2017-12-20 00:00:00,2017-12-20 14:11:59
d592189ebad95724cc2934e344bf0fc9,2629f390add3248cc2cb53b3795fbe9b,5,,,2017-11-28 00:00:00,2017-11-29 16:34:08
d5b88726453f5003561f4b2a551214ca,c85ea30e9a24abecb353caa26294c81c,4,,,2017-05-09 00:00:00,2017-05-10 12:09:16
d5ceaee9c83d4e615c75ef6ab05fd8d4,2f62dbff060e1fc79791d3f079b62769,5,,O produto chegou em menos de uma semana e é de ótima qualidade.,2017-10-11 00:00:00,2017-10-12 07:24:13
d5e33e8aeb879775abff41e1d98c73ca,b7276795d572042799508b017fb3cf16,5,,recomendo,2018-05-08 00:00:00,2018-05-11 11:13:08
d5ef0dc549c9c65f5d6becf64bbae2c0,77ce7f33b46e4a158d452e6ccf0dff14,4,,,2018-04-08 00:00:00,2018-04-10 17:13:44
d5fe260111e20ca4a13bcf9a1c9ac891,3900b88a922f66bc0aecfeb3807bec9d,4,,Estou super satisfeita com minhas compras por esse site. Super indico ,2017-06-17 00:00:00,2017-06-19 09:51:38
d619442dbe62c8a4708722ebc1f96036,6f199c0873866afaadffaa53f4808a21,1,,"RECOMENDO A LOJA, MAS O PERFUME NÃO. TEM CHEIRO DE NADA! ",2017-08-22 00:00:00,2017-08-23 12:38:59
d61eee3cd116c727648fd23b95412003,a5a2ab9022d563da450076220e56d658,1,,Comprei um sling preto e veio um azul. Esperei mais de um mês para que ele chegasse por causa da greve dos correios. Agora terei que esperar mais quantos dias para trocar? Lamentável!,2017-10-14 00:00:00,2017-10-15 18:59:03
d640c6e6e60cc759e95b6ec500e0da11,2aca6ae53d657c0a06f585816ca6781d,1,,Meu produto consta como entregue mais ele ainda não foi recebido.,2018-05-16 00:00:00,2018-05-17 20:30:12
d659e12c067af1a43eb747e81e4a150e,5828df384b9044ee90d7ac11a042274d,5,,Pedido recebido dentro do prazo e conforme solicitado!,2017-12-22 00:00:00,2018-01-02 11:58:45
d682c2693ed6d6d8a5b7b32535b3a6e3,afc0f1669d9ecf0661e3f32efbd2aa5e,5,,,2017-03-24 00:00:00,2017-03-25 12:57:08
d697b09e1ea69d0ab180f2c2696db576,1a08b06cb8b9b557453b70b83fdc69cb,5,,,2018-02-03 00:00:00,2018-02-03 21:00:05
d69f22dd86b1eee1f077a1d2bfa800f1,195f299b40b4d78afa81a4109b618c02,4,,,2017-11-28 00:00:00,2017-11-29 20:41:37
d6a19d103115c4f026327aae3351a019,0ced306b608e9bc80ef960368a3414a4,4,,,2017-07-12 00:00:00,2017-07-20 19:41:44
d6c7944ddf0c310b53f08407d2becd31,7cba85540e273d2d75f23ee6e88c3214,4,Tudo de bom,,2018-05-04 00:00:00,2018-05-05 02:44:16
d6d469414629b278d6d01c29c7df3d90,253fce0796924cfa83e730b7c7da4e66,5,,,2017-06-23 00:00:00,2017-06-26 00:18:39
d6d68461edef0476908a6ef710980bb9,5fe18112061d552a439bf8a33e638468,3,,,2018-03-08 00:00:00,2018-03-11 11:34:26
d6eb60f70d760fe0ea8b7326d24a9aea,99dc6d9fbacb076c3843ffdc647b3c11,5,,,2018-07-06 00:00:00,2018-07-08 00:56:27
d703a568969a689c12451dfd43bcb59e,da225d51cdb2a615ac38734cfdaebab4,5,,,2017-02-24 00:00:00,2017-02-24 19:54:36
d723ed1c62eb4a87f7935b823cecad07,9fb81511dfc1d6959ed1052930efd8a6,1,,,2018-08-19 00:00:00,2018-08-20 12:36:35
d730a561acb57dae763e5e0ebb0bf127,e56f72c9203fe285a42e1c21888e44d1,4,,,2018-07-11 00:00:00,2018-07-11 19:38:31
d734648af60219fadf470e2d8535163e,58ac1947c1a9067b9f416cba6d844a3f,5,,,2017-09-22 00:00:00,2017-09-23 10:28:15
d73664150a2c02fd6b0d0edfd083ce22,89165e6d4c28047da0adf13ac8b3e1b3,5,,,2018-07-27 00:00:00,2018-08-01 02:15:47
d7390cf1503ed83358a2351bd9a86e3f,bd7a44c3216be67318d6776fa920703d,5,,Otimo,2017-08-26 00:00:00,2017-08-27 01:30:42
d7486b4da781b9d7dc5484ce65868081,45973912e490866800c0aea8f63099c8,1,,Atrasos acontecem nenhuma empresa está livre de passar por algum problema de logística. Mas o fato de não comunicarem seu cliente final é vergonhoso. Até o Mercado Livre tem controle sobre atrasos!,2016-12-03 00:00:00,2016-12-05 10:33:35
d7515799e923095e9c2a38880e8fc899,4e9b5654a8e87fbf1f0010429835dbcf,5,,,2017-12-12 00:00:00,2017-12-13 15:28:24
d7548b7360dcd74bda508b667e7f1dbe,bb4eb3e71b30365a580e5a718bd8d1ae,1,Não recebi o produto,Eu não recebi o produto.,2018-08-24 00:00:00,2018-08-27 11:52:36
d7571a8910cfc6319c8acbba887fd33b,e2047aaabab2869c1080a51c3e6b64ce,5,Nota 10 ,Comprometimento e dedicação com o cliente.por isso indico pra quem está com alguma dúvida referente a loja;e sobre o produto atingiu perfeitamente as minhas perspectivas.,2018-06-20 00:00:00,2018-06-21 10:11:36
d75c3047603380e3a5076384d135e637,b124967afcc82ef17ec41020fe2a9136,5,,,2018-06-02 00:00:00,2018-06-02 20:18:24
d765064065d3c324c90f7e24ed6e0d12,ec082d3ffd103096f9274b6247217ff9,1,Entrega incompleta,Comprei 2 itens...uma rede de dormir e mesa com 2 cadeiras infantis .Só recebi a rede.,2018-08-19 00:00:00,2018-08-20 09:16:18
d769d6d2f03d36b3a7598cd23cf57ef8,192a0f41d4f1af20d8ef537a12a2076e,2,,"muita demora na entrega, levou mais de 15 dias pra entregar e mesmo assim so entregou um dos produtos que eu fiz.",2017-12-14 00:00:00,2017-12-14 12:15:14
d7721d5a2d0fe63003545cdce25ce340,a7144d3b7979d21c288cab0a459f7bf0,5,,"Índico e voltarei a comprar nesta loja , Excelente? !",2017-04-20 00:00:00,2017-04-20 21:15:44
d77a8cb8a4258d8bcd27939c330b4f77,372f7d827bed42ed537ec39866756e71,5,,"PRODUTO DE QUALIDADE, CHEGOU ANTES DO PRAZO PREVISTO, GOSTEI MUITO",2017-10-04 00:00:00,2017-10-09 10:24:11
d7a53abb4cdb99a317c6148b751c78ee,16693a75a341d20873b58f312464e250,1,Cha verde matcha natural ,"Picaretagem, anuncio enganador estou levando ao procon. Descrito como cha verde natural 100 puro e no anuncio diz sem conservantes e corantes. Mas qdo recebi foi como sabor menta e contem conservante",2018-08-10 00:00:00,2018-08-20 16:03:44
d7a6c3f2e48b5f0d4af324d1feff0052,3b4495ee12b140977975b7ef18c904aa,4,,"Muito bom, mas o frete poderia ser mais em conta, já que era um produto não volumoso e nem pesado. Mas de qualquer maneira estou contente em ter recebido a minha mercadoria.",2017-10-05 00:00:00,2017-10-06 12:55:47
d7ad3c494893c1c7afd933b1526bfc01,9215daa2d711ae5055008f444f6688c8,1,,,2018-02-11 00:00:00,2018-02-15 01:37:23
d7b3d0c914db2be076243780a2f753ed,34d8085664591b6233e939572becebb9,4,,,2018-06-13 00:00:00,2018-06-14 01:52:07
d7b420eb224067ec5a52d2fa0ef89f8f,d2e98c2b35f0e9173b4fce9cf61530d3,5,,,2018-02-09 00:00:00,2018-02-09 17:25:46
d7b8cf45decaec30b4a8f0a9516fbe06,442a9587ce4b40a5d801427b6c0a5383,5,Bom,O produto chegou em perfeito estado e antes do prazo estabelecido. O produtoné bom e atingiu as minhas expectativas ,2018-08-25 00:00:00,2018-08-25 21:37:29
d7d4bc1b40123dca547584f9066dd3d0,578403214d22590a9874c89eaf3c09b9,5,,,2018-04-21 00:00:00,2018-04-22 22:38:25
d7d75483b9c439ec3e4bebdd53dc7eb9,0b7faa591b1acf3fa59f5297017b3058,5,,"A tinta veio em bom embrulho, meio amassado, mas veio corretamente embrulhada em papel bolha. A tinta aparentemente está, ok. Ainda não foi testada, pois minha tinta ainda não acabou...",2018-03-13 00:00:00,2018-03-13 23:22:33
d7eb94151ac9ab5257c747514acf8877,805610c9f9b57b3900d462627b7ce062,5,,,2017-06-27 00:00:00,2017-06-28 09:06:32
d7ef9390590d09f4d4d4d7bb77d5d325,610883752a98dcefa38fa9715c6b1e84,5,,,2018-05-05 00:00:00,2018-05-06 19:11:59
d80aafa1c13f0bf5078d356ea4c49918,ff810096eb7a808fce380a6eccf0b746,5,,,2018-01-12 00:00:00,2018-01-15 19:14:43
d811f08c24a9fbad5952c8091c2b2bb9,8ab73774d1bf1ccd52e66b86ccb40ea1,5,,Bom produto.,2017-12-08 00:00:00,2017-12-11 08:19:35
d8173bf0d28b99974c4a2b48dfdf8f83,9c478c10c15e4728df3923eafb5856e0,5,,,2018-04-04 00:00:00,2018-04-06 22:23:37
d8381d77268051410c02d7066a557bfb,e07a6c5dd28e6b5ec4806a1ca8325e3b,4,,,2018-04-12 00:00:00,2018-04-13 05:14:00
d8441010ea3e250b25333ec36b869fc1,c516d2f709c6364f4972d91c96569568,3,Muito bom o produto.,"Produto muito bom, pena que chegou amassado. Mas recomendo",2018-08-09 00:00:00,2018-08-13 00:24:24
d84b23985080cd218ec4d59f03a5d47c,bced9d44b71edeb7df9229c6b86fd784,3,,Comprei o Mouse Gamer Usb 3200 Dpi Ótico 7 Botões X SOLDADO GAMER e recebi o Mouse Gamer Usb Spider 2 Om-705 Preto/vermelho Fortrek,2017-09-22 00:00:00,2017-09-26 16:04:32
d8606ed7a156782f66ddaadffce0b103,ab1b312e38647cce491b4c3dd3bdf1ef,5,,"Chegou no dia seguinte!!!
",2017-12-22 00:00:00,2017-12-30 16:40:25
d8791b10926ff942fa585aad2d1df39a,317bfcd79627d89d54a917da6e066beb,5,,A entrega foi rápida e o produto estava correto e dentro do prazo de validade.,2018-03-18 00:00:00,2018-03-19 12:47:16
d8a233599b54833e556da69c69faf69a,4b20ac5099cdb7bcec3f8dfa89bdbdbe,5,,,2018-02-22 00:00:00,2018-02-28 01:11:44
d8ee84e8b2c300ba039fa2dd12a231c2,24b5077ff1a5cfb489ffaf2a6ae71f43,1,,Recebi o produto diferente do que comprei,2017-06-13 00:00:00,2017-06-14 09:26:33
d8f1265f60dfa0cae3a68dadbbff4d77,d00beb3dc9b2e213d9ea5ee30b0541f3,5,,,2018-05-13 00:00:00,2018-05-15 23:01:59
d8f397f7493f52177aaeb0ce7cdd63e3,a4ba5f471acc707087cf478a5145f0e7,5,,,2018-02-24 00:00:00,2018-02-25 00:45:11
d8f61c7fcd172785563a65cd65a8cea8,cf34fe44babb9fd001a001acfa43cabf,5,,OK,2017-11-19 00:00:00,2017-11-22 19:34:39
d9023f3019e90b090074a5fc60d51f98,1c749ca7e27a6aaa93180b80e326d7f8,5,,,2018-04-06 00:00:00,2018-04-09 13:52:23
d91c7d4aeac26155901179e63a3d1233,e90ec4b6b234181833371ada5474c96b,5,,Legal.....,2017-05-04 00:00:00,2017-05-05 01:05:22
d922399f811dc150f00cea5edca895cd,d4168014cf49632d19312aa3385b0dbe,5,,,2017-12-30 00:00:00,2018-01-02 13:42:29
d9234d5977f0208cc36f906038b2f61b,4ccceb1115420e37ee333461047ee22b,5,,"Os panos são lindos e o tecido de qualidade.
A entrega foi no prazo.
Recomendo! Nota dez!",2018-02-20 00:00:00,2018-02-21 00:52:40
d935aadd08afcb52503447e437e28daf,7b7d41ed4a08974cabec08405b527b18,5,,,2018-07-26 00:00:00,2018-07-26 21:14:06
d935b137a65b24718d38e17d9075f7e3,3784bc92c8ff0ca207ed55629e5df7e9,5,,,2018-07-24 00:00:00,2018-07-29 14:51:30
d9382b4eab8c3f721bf6579ef9f3b406,45d40c41efa3e7f0603b753465305bab,1,,Produto não chegou ainda ,2017-08-23 00:00:00,2017-08-25 11:09:20
d93b63670c48eb7d9e1a3cd5af0e2759,4719ca093902a5a5aa18812a9750247e,5,,,2018-01-23 00:00:00,2018-01-25 22:55:38
d94ff24deb8eb1d78d7881fe0e67b9d5,66a5d2a60170025d375d4540efed4e62,5,,,2018-01-25 00:00:00,2018-01-26 14:03:57
d972abebeb873c1b87b1fbaf882104ea,f2f6707b2576619925ea0e63103975c0,3,,"Aconteceu uma pequena divergência na entrega, porém consegui resolver juntamente com a loja este atrito. De uma forma geral atendeu minha necessidade. ",2017-05-03 00:00:00,2017-05-04 02:07:45
d977c9deb5cc356de64519a6895d7e44,42a1ac4cb7d28070b0c76e92bac2e087,5,,,2018-04-18 00:00:00,2018-04-19 03:55:13
d977f9af27492d32038daa8dcfeed1b2,3de642b372ed772362b5a3df6f583046,1,,não recebi minha encomenda ainda,2017-06-02 00:00:00,2017-06-05 13:48:29
d9b0ded61d0f74fd7d7b6741d23e3cbd,aae20f94697409584dc57072f8a64d3b,5,,,2018-05-22 00:00:00,2018-05-22 23:06:47
d9be186c89cc517f09aa421c0200fe04,72897812c44d785964be11c5266c5c28,4,,,2018-04-15 00:00:00,2018-04-17 21:49:28
d9be618210a4ba7b92dd6eaa0b102a52,6adcecbe14853c4a59e88f497152d83c,5,Muito bom,Produto muito bom para pequenos diagnósticos do veiculo. recomendo...,2018-07-05 00:00:00,2018-07-05 16:02:56
d9bf1bef705980bfababd3f95373c002,6ae75885c8ee760ef5d4a9bcf797c788,5,,cumpriu com o esperado,2017-05-03 00:00:00,2017-05-04 11:26:38
d9d7fca238a89614684f66977b19c9e4,897ed337ed4c3fba920924b9143c2ea0,5,,,2017-02-07 00:00:00,2017-02-09 20:10:57
d9ded7052ad81aa114193d0b2e1bda00,4d312c4094736b92bf0f13f99d80ec86,3,,,2018-06-16 00:00:00,2018-06-18 21:19:21
d9fbcd4580292ce5cddfe9abd4a4e38f,22d03f81f36cfd05e90af56d5dc63e74,4,otimo,compra perfeita e entrega ok,2018-08-17 00:00:00,2018-08-19 10:35:45
d9fc9ad647a0798a4e2c2c21a7a09a09,d95feb184596a27a70144e63e635ed5b,5,,gostei de comprar prazo entrega chegou antes obrigado,2018-03-15 00:00:00,2018-03-16 04:03:33
da076dabb1e6cf221ce30a85f64a3788,1e80bd664bc120ddf4d789b7b9455e14,5,,,2017-05-24 00:00:00,2017-05-25 13:27:19
da12532ba0830dc89f89391cc36b7613,bba5aa837be7e597e91c6ddedf604cd8,5,Ecelente,ótimo foi ara dar de Presente a minha Cunhada amou super Feliz,2018-06-02 00:00:00,2018-06-04 00:30:21
da2a41436f7bc3de3445f237673aff98,22186f12324a0f795921a6bbc8e7ad01,4,Muito bom ,"Bom atendimento, recebi antes do previsto , chegou em perfeitas condições ",2018-05-22 00:00:00,2018-05-25 01:01:28
da2c9bbfb2b642fdb28a33b7aabc42eb,a5b30f9f44d2413db0b94cd9a3fdcf81,5,,Boneco de ótima qualidade. Entrega muito rápida também. ,2017-12-03 00:00:00,2017-12-03 20:57:36
da2fdcdea0e97bb7ed29ecd457d5bfdc,8adb87b0bb81da96d28e6cfaa033a40d,5,,,2017-12-13 00:00:00,2017-12-14 11:10:35
da3365b85b97b255dbebc6989af8f5e7,90dd995b31d5fdf734e55fab036c4690,4,,,2017-04-28 00:00:00,2017-04-29 01:06:16
da3fefb300db970e2e201b6083605adb,cb6c7e4c5890bba3ee99ad3f97877d9a,5,,,2017-09-12 00:00:00,2017-09-13 12:44:45
da4b274c5bd6e802868fd4c00f8500c5,481075dd01a45aee93425cfdf090a8ca,5,Tudo dentro do combinado.,,2018-08-08 00:00:00,2018-08-10 19:08:25
da4d25a559eea641fc417a0161201b3a,24fe896f12fc80ca8e107a56258b67d6,5,,O produto chegou rápido e correto. ,2018-01-27 00:00:00,2018-01-27 22:18:47
da4e70936eb5548d02436343d82943cf,f4cfe242b2a63f75c59446a0f5a8ee94,4,,,2018-03-18 00:00:00,2018-03-20 01:16:25
da515bc221bb96aa3942745d3c8de1a1,89da573364809995840e3546344a0113,5,,,2017-11-24 00:00:00,2017-11-24 20:27:20
da649523ab93d2cf4269d319c8c4c43a,8e0b0837352d3cdfceceb267c205eeb3,5,,,2018-02-08 00:00:00,2018-02-15 18:46:36
da7f14a936b24b5a116ddcbe5a75a84c,20082947b2fb23b28d05f616b985cdab,5,,,2017-04-19 00:00:00,2017-04-20 00:59:56
da8cfde4680e1c20dbf6bdea4a3f83b1,e1f693a7777b9f6ff730a9d2b45a56cb,5,,,2017-05-27 00:00:00,2017-05-30 10:40:51
daa6434f0dc29f170dcb588e4c93ed84,05535f67cf6802000ad3107136cff4bf,5,,Mto bom. ,2017-09-22 00:00:00,2017-09-22 17:40:37
dac7bfa21077d5c01dba4f231631b8fd,a94c3f9f786e8db6bb345f6489942a3a,5,Excelente !,Produto chegou bem embalado e antes do prazo final de entrega. Recomendo!,2018-05-10 00:00:00,2018-05-11 09:31:04
dacd2e5e526d498a99465c40d18e62c6,47c1158d35b8d9f0453d5f2ddbbcb3b0,5,,,2018-08-01 00:00:00,2018-08-03 18:18:13
dacdf93d11ee970b62df8e118c4927d2,a3021cb38ee69a87a0cb9cda57f7d72e,5,,,2017-11-26 00:00:00,2017-11-26 23:25:22
dad0644f4d331583de886cb95b1af37a,9f6e9882bfa36a4ef98e3016c5e59f9f,4,,,2018-04-11 00:00:00,2018-04-12 09:28:12
daea6f14a973c3ea8f2ca796ed3f89a1,62505127063f51deaf665f237ee748c2,5,,,2017-12-10 00:00:00,2017-12-12 09:33:32
dafd5bd387d677b50a01ce851eb779cd,6949cb0f930807e75f78dda8da436c81,5,,,2017-10-10 00:00:00,2017-10-24 16:52:53
db1d63ae85856ffff2f18342c6c47bef,acc9d9fa3a265bbc6b3411d5e8c5083d,5,,,2017-03-25 00:00:00,2017-03-26 01:27:55
db2496fc70ab92f2e1c8b3a9ca03ae22,f2aa68d062b1d37e398f705a9cfbdb51,1,,"Muito chateada,já comprei o produto mais de um mês e não recebi ainda,sendo que o prazo era de 12 á 17 dias",2018-04-25 00:00:00,2018-05-02 21:36:05
db300896793aa9697888b2f6656c3cd4,a9b0a7015644d713589e4836e2621897,5,,O prazo 06/04/2018 ontem 23/03/2018 o produto me foi entregue ás 15:00 quase 13 dias de antecipação do prazo. Tudo normal com o produto dentro da minha expectativa. Nota 10 para o vendedor.,2018-03-24 00:00:00,2018-03-24 23:44:52
db4da2bf00b156b63262fef7f634e9fd,e399cbb0337c90fe1809b307fcbe5b36,4,,,2018-06-22 00:00:00,2018-06-23 17:57:47
db6d867780c66f7c559ae441a16e8e85,578daeebdebcc19bd2dcba1f6b06b3ce,5,,,2018-06-03 00:00:00,2018-06-05 12:19:23
db75c8f85cd36ebb0ceed3831b132a67,1c0eb7262ceb60db69b3825f1fb1deb8,5,,,2018-01-13 00:00:00,2018-01-13 23:41:57
db7642a77d14a7a502ca0c6a7cbf7d00,69eda667e556fbf004a1c26468e91d35,5,,"entrega na data prevista,somente a qualidade do material não é o mesmo que eu pensava mas pelo preço ta valido",2017-12-27 00:00:00,2018-01-04 21:43:59
db7f4933045338d6d98665430f6e0b9b,1370fae9b19ee5e01a2d609eb18b7c8a,4,,Ótimo produto ,2017-12-07 00:00:00,2017-12-09 18:49:32
db8df021de16a3c186a21d297f17b668,c9a88d4905eaf518dd4a6fb776134990,5,,,2017-12-12 00:00:00,2017-12-13 11:25:35
db8f82dfe71a5501317542e7b17146aa,4d3bfdf4c7d6578ea445d588371ae10e,5,,chegou dentro do prazo produto original mt bom,2018-04-14 00:00:00,2018-04-15 18:21:06
db9706ad0a7148734741b189036c1ac1,773e520cc5e67e4d6f8af15926317a36,5,,"Entregue no prazo, tudo certo",2017-10-10 00:00:00,2017-10-10 15:55:29
db97a93d711882e55ec995f27c925ccd,11f61eaa0c763460148326fd83749fd0,5,,,2018-06-10 00:00:00,2018-06-12 11:02:15
dba9771526f84b39b4cd6a878aa65ce3,830e4884081b78d304b38eebe75f4732,5,,,2017-10-25 00:00:00,2017-10-26 11:45:56
dbbb85afdb88d4f32df681c6d7281604,a5cb0c790b2769b76dbd70429cb66d96,5,,Produto entregue rapidamente! Sempre bom e seguro comprar com lannister.com!,2017-12-13 00:00:00,2017-12-14 17:04:12
dbc518e2873392698db626985657a407,393654d81daf611630ac2068a7c9b12b,5,,,2017-11-08 00:00:00,2017-11-08 09:57:14
dbd3ab5d645c292f011d55b87a108e70,596ebedbd7635ed05a529154e354de90,5,,"Produto de boa qualidade, gostei bastante, tanto do tamanho, e tbm do material.
Entrega antes do prazo",2018-03-10 00:00:00,2018-03-10 12:08:06
dbd75a6c0e615237083015badd943b46,a6264125a9c50827b115847d47c73a13,5,,ADOREI FICOU MUITO LINDO NA MINHA COZINHA!,2017-10-19 00:00:00,2017-10-20 10:17:53
dbd8e541b689bcc999f720a2432bb278,309c3acdc3ee0846604b0db436a91e94,5,,Chegou no prazo! em ótimas condições,2017-08-16 00:00:00,2017-08-17 18:20:54
dbed452ff64865ceabcc0464038aaea9,0cce1e1470bc8d35d6a2bebb6991bc1b,5,,,2018-08-17 00:00:00,2018-08-20 02:39:15
dc0a8627ae4d70ddb46f09f60fa3fa5e,d7adae346e57bdec9293128a1130a183,5,,Muito bom,2017-03-03 00:00:00,2017-03-04 12:47:53
dc116ebb4ccf38ada074c68f859ce64a,ed94f5031833364ef7942a2b0328756f,5,,,2018-02-21 00:00:00,2018-02-22 14:05:06
dc23071d9c95df6bea6a30e26efddc2d,81edaf58687cb71cecc077db78dd57ec,5,,,2018-06-26 00:00:00,2018-06-27 00:33:52
dc2462a796849611452eb2e713369d63,a1e28dc56f8cf4e569b82f93dfe131f3,4,,"Produto muito bonito, possui detalhes no tecido, mas não parece ser resistente. ",2017-10-10 00:00:00,2017-10-11 18:04:53
dc39fc96133cf9aca4270c1b936d26ca,4ffd41fadb59bd398d869be78f1b2be3,1,,,2018-04-12 00:00:00,2018-04-16 12:12:22
dc3b34711f28b38b0ee8b48c77170a3d,16039d1d033653b9caeed8198b3142da,5,,"Desde o primeiro contato até o recebimento do produto, tudo perfeito.
.Parabéns a todos os envolvidos no processo.",2018-03-17 00:00:00,2018-03-23 22:56:32
dc4a979120a9a1241aeac60d324dfd07,6d82fb84caeb4867e10314d00ee91ca1,1,,Tá demorando pra valer! Só espero não levar prejuízo!,2018-04-25 00:00:00,2018-04-25 13:48:58
dc50d3b25a888a0c1bff3bba477fa132,e86076594f76aaab01e5c99b1863fb50,5,,,2017-11-18 00:00:00,2017-11-21 09:52:43
dc69fc44eb0577bcfee9ce188ed555fa,03dde7ab63940fbffd10162a74347e95,4,,Tudo correto ,2017-06-17 00:00:00,2017-06-19 00:06:14
dc7a14d3e1984bfc11b484b841697096,8c6a3fab1ed272b02f23bb7dc9061d9a,4,Não quero avaliar,,2018-05-01 00:00:00,2018-05-04 11:29:18
dc7a8bd1a1c514f846f731aaba895f82,3b8571d1b976c25db4b555a5f04b1968,1,,,2018-08-21 00:00:00,2018-08-21 18:35:43
dc890f3ee0a48cfbd74e531808d70dc5,e0e83bdc2be394626d0f9177dcde0889,1,,Anunciam um produto de uma marca entregam de outra inclusive não me deram uma resposta sobre o outro produto que comprei trata-se de uma fonte para Xbox 360 no anúncio original chegou um similar e ai?,2018-04-12 00:00:00,2018-04-13 00:13:38
dc9b82a4130da9e7a6c81314d79687ae,8f7a223cdbc2ea83ac07383d97b46fd6,5,,,2017-06-06 00:00:00,2017-06-06 23:35:32
dca7f3bc4be65b02ec9ccb10f62d3b94,9d14efbb0c50e58aa2098e5338df7575,5,,,2017-09-20 00:00:00,2017-09-21 16:33:58
dcae8bb4f16e79756f29e8ae22709c30,da01eb83df2aafd16872ab0c5f24d5b6,5,,,2018-07-07 00:00:00,2018-07-07 23:57:22
dcba8aa29924570e35854e34f82caa38,cf14f34423154c055c6677b22cbfbf68,2,Veio so um,Eu comprei 2unidade veio só uma estou aguardando o outro! ,2018-06-15 00:00:00,2018-06-17 12:26:15
dcbbb64786d76a7509fcb17eab11e775,adcc24406dacde218585aa79366ee2d0,5,,,2017-07-06 00:00:00,2017-07-07 09:14:15
dcbe40bb9e43b6412c637c118ead78b1,3810ddb734405f64afc7638fd96c9cb5,4,,,2017-04-07 00:00:00,2017-04-09 22:01:06
dcccc3572f5ae942a126c9f79375eef9,30302e4257bbc6a219101fa79c37c1f1,3,,"Na descriçao falava q tinha uma luva, mas ñ veio.",2018-04-22 00:00:00,2018-04-24 20:57:55
dcd833b6f3ee5c08ba9477f6e6e90abe,12958a97a4e26a4e7dd8bce7de8955b9,5,,,2018-01-25 00:00:00,2018-01-26 20:59:55
dcda14ca2efe55a5dd5f779b5cf24725,841d2f58ddbae5e6d1230dbbbae2c0aa,5,,,2018-08-30 00:00:00,2018-08-30 23:07:40
dcf4d914cbfe7ecb98ca430cf59f7022,2ebb1fd53e7b4bd81b7b1e9242b91262,1,Falta de item,"A entrega foi feita no prazo, porem foi entregue somente um moedor de café e nao dois cono feito no pedido, aguardo retorno",2018-05-15 00:00:00,2018-05-15 15:52:34
dcff454aeec20e909e4cc0fb2108851b,487102a0e698d9e4d4c20a484739489b,5,,"Deu tudo certo, recebi o produto certo e dentro do prazo!! ",2018-04-03 00:00:00,2018-04-03 18:45:59
dd0d18614e3d3df774db27d3f1db0a07,44cf3a952d8e1d64780add94ffd74dfe,5,,,2018-05-06 00:00:00,2018-05-08 15:02:45
dd0f661cd90ff01fc33c3610468394f3,12dc316f04369335263005a3f304d101,4,,,2018-08-15 00:00:00,2018-08-16 03:25:35
dd18e81fcae3322bd4cb68281aef4b42,e4d61351ce186ccc134b684f991a3abd,4,,"produto de qualidade, e com entrega mais agil que o produto adquirido na própria lannister. ",2017-12-14 00:00:00,2017-12-18 09:26:38
dd19bb6d2edfb3eb358a0ea422aa40da,90b6617b9e582f286d8b5d1603c292a2,3,,,2018-05-16 00:00:00,2018-05-20 23:10:27
dd350a6af08ad2dae1443c8d62900a3f,30192988070ccc8d5f5d40aad62b8ed4,3,aguardando resolução," Preciso de ajuda ! O produto chegou no prazo porém não ficamos satisfeitos com as cores oferecidas. Seria possível troca de produto?Ou devolução para uma nova compra? E a cor ""escarlate"" NÃO funciona",2018-06-29 00:00:00,2018-06-30 14:04:48
dd3d80643cd72d4243bcd220fcdff9f2,a03470241e25eb070bf902c2c1914658,5,,,2017-08-24 00:00:00,2017-08-27 00:51:55
dd86c9e522a953159b57042b961ebb7c,4d2338eddcfe008a2d27270cfa679887,4,,,2018-08-18 00:00:00,2018-08-18 23:21:20
dd93480adbbb2d0faa263d0a3b14d9c2,4fc7e9c8c1ed5a3c716070a42e80c5eb,5,,,2017-08-02 00:00:00,2017-08-02 23:28:53
dda6dc255a9b34664ef636c573dcea17,33cb922ef5a6167e70184dafbf013670,5,,,2018-04-13 00:00:00,2018-04-15 15:44:21
ddb10f9b247301cbcfd3e634ef89650d,1373f8a3742861c26892cc2aab7c41e1,5,,,2018-06-05 00:00:00,2018-06-05 20:40:53
ddba4e56fcc419442b680eb521e9200d,723ac9c5a1b83772c9e9cdfe4d94f5fc,4,,,2018-01-05 00:00:00,2018-01-06 02:42:09
ddbfeb23d0d80f6740f3166b052fab58,315012d9bfdbacc2e9bf37cb91a6d338,5,,,2018-03-20 00:00:00,2018-03-25 19:30:47
ddd459e8e6119d918a997ba5037686a6,37e0f821c1cec37404754d4aef37091c,5,,,2018-06-10 00:00:00,2018-06-11 14:33:29
ddd6e5500877747c20d7a2b7c903e537,39f9559c0533f3ea56143c01bfdd7d9c,5,,,2017-03-25 00:00:00,2017-09-01 17:01:13
dddf7d8e7e2cbec5ea2e5fb6e89950d8,46bdbe48b6f5daa3dcc38e41599d0403,4,,,2018-02-24 00:00:00,2018-02-24 21:41:39
de138fb08bf9cbb3e022047bc713cc42,f9d852b1cf2bd8c89bc635849359cb4e,5,ótimo ,,2018-07-13 00:00:00,2018-07-15 16:34:20
de23f86dbb86407c4e9ee0e6225ea824,3d1a23961fdfd767d8596bd2851bdb5a,4,,,2018-04-10 00:00:00,2018-04-13 15:37:16
de2a94583a6b198f74bff64a251f21ec,58ecdd5dee96d19e30c67a29cae63e4d,4,,,2017-08-25 00:00:00,2017-08-31 12:35:34
de2ec1a81fdfb113706f42985a59ba4e,f41b9d67732ba2f147a193ec9d38fd69,5,,,2018-03-15 00:00:00,2018-03-16 08:44:37
de311dfd0cf46c629921db407a7d87e9,24b1c4d88fdb7a2dc87f8ecc7d8f47f1,5,,"ótimo produto e ótima loja para comprar pelo site, honestíssima. ",2017-08-09 00:00:00,2017-08-09 19:30:09
de3992fc503b236ac735e2378ccc93d3,c5419fa3198a4e2caeb715ce9fe9a6e2,5,,,2017-03-22 00:00:00,2017-03-23 11:35:23
de400a079a1f6cc20777c234cb19baed,4b160ae84bf86ca95ce56c7c83c0c5eb,5,10,10,2018-05-24 00:00:00,2018-06-06 16:53:50
de459977ac90a35c75e2b410ed25e6e6,a5903a529b9519a24ef2252f50a19cbe,4,,,2018-06-13 00:00:00,2018-06-14 18:19:22
de4bd3c6cc0af2e123a41bd2392ed80a,f91eb2806b28dec82d98c3973af406c5,5,Ótima ,Ótima... recomendo,2018-06-29 00:00:00,2018-07-01 23:11:48
de4f022793cc19ef36f250c82e2c4a4f,15c31c519540921d720cca6129389633,5,10,Entrega muito rapida,2018-08-02 00:00:00,2018-08-02 12:30:44
de91a5979b6ea7f3030be1f56044cbe7,be4ce210f993d9e26a013ae7e93b6893,3,,,2017-11-18 00:00:00,2017-11-21 19:00:14
de99fe301d51fb7146b3294456ef29dd,514ed457190c903720b7fd33660c486d,3,,,2018-03-17 00:00:00,2018-03-17 11:31:36
dea583cd911f809aea71c644202cbcca,718216cd5a2cbb1cf695c655788c2aab,5,Otima,A baratheon e a melhor loja do Brasil,2018-05-29 00:00:00,2018-05-29 22:57:10
dea9de3beb944119d41b715b916b1f84,11ea58a620fd9de597a9f914ee52d9c9,5,,,2018-06-20 00:00:00,2018-06-25 23:03:10
debacc32ea0ee21dbc6dbc3dd5b1fc32,8798b3a8e3d4a597bcde0dab8ad1de17,5,,"Chegou antes do esperado, produto correto ",2018-04-14 00:00:00,2018-04-14 18:36:33
debc39139820f4fa8585cad57912cd45,e405bc96c83c1abef95a51cc9e8ca865,5,,Super recomendo muito satisfeita com o produto e com o vendedor,2018-02-25 00:00:00,2018-02-26 00:24:02
dec68f7b9a2c0ad13522574c588bb60e,f223b1d420663a0ee1fe062836f32289,4,,,2018-04-06 00:00:00,2018-04-06 23:10:01
decb42435bee0c604d0e2d0f86f91d13,8c7375aeac2efc63f0754588cd9d29e4,5,,,2018-06-08 00:00:00,2018-06-09 17:15:19
dece8bd52afa6547bde48eb0860c56fe,1e0d311945858b3394e3b6860838c9f7,4,,o manual veio danificado,2017-05-03 00:00:00,2017-05-04 15:45:24
ded4dbd3f38434cb43e415f1c1c40e78,4bd1fc06727e84c83665103e268f1051,5,,,2018-03-27 00:00:00,2018-03-28 13:00:00
ded9ea63db2bcef6290ed45f9e671848,3faacd4730227be7088bc1bfe4878627,5,,"Excelente prestação de serviço.
",2018-03-01 00:00:00,2018-03-04 02:56:28
def3c77c8e77758fba81e78856fbfdc1,202c632ebb14ebfabad48f43c9a9f166,5,Otimo,"Otimo produto, acabamento, qualidade...
Entrega rapida e antecipada;
Recomendo!",2018-05-23 00:00:00,2018-05-26 16:09:20
def761fae4df2a68d21ca550c8cd7154,f1a96431843abf74cfdda6b6307971fa,5,,Otimo,2017-04-07 00:00:00,2017-04-09 21:59:37
df382e4a027d3fb0688d4a21fe91d7da,ae430928e30cb683e5b0bd55a74bcc69,5,,,2018-01-13 00:00:00,2018-03-19 02:57:16
df44acb6288984040a9f6221b255622d,e3956b68479689ff22eaf1f931ddaa29,5,,,2018-04-19 00:00:00,2018-04-19 23:26:27
df4c68dbddfb02ac8f243303a0d20e67,9f2fe2350791b5e9e62610331d125843,5,,,2018-05-11 00:00:00,2018-05-14 23:54:58
df53aa5fe1d40de5d55abc81f7292e77,f83c8acd504b93200d7313d293a35f31,3,,,2018-07-05 00:00:00,2018-07-06 16:16:18
df7c017559f6767bf900e85f877883c8,a827a4bb4b7d1623fb232641e491bf02,5,,Sim recomendo o produto foi enviado dentro do prazo.,2017-03-29 00:00:00,2017-03-30 00:46:23
dfa0038804a5aca0e42f5ef0d29047d8,59d30d600974ba0320ff55e66d6bc67f,5,,,2017-10-04 00:00:00,2017-10-05 00:35:26
dfb01be03c8f304bb01e3d2d90719a5b,c5d41b216e4b42500c5da2be17a74065,1,,"Meus pedidos estão dando como entregues , mais não recebi minha luminária!",2018-05-29 00:00:00,2018-05-31 13:35:06
dfb5e52018aa9f1927a51d2039d25d38,a9db785c3c219acb88a8a8c594045493,1,,Ainda não recebi o produto,2018-03-08 00:00:00,2018-03-08 11:58:23
dfb76c0813fa74a84c54c6667bdba56f,68536e12a3cd7f62b4a5946d541ff083,1,,Ainda aguardando o envio do produto.,2017-07-27 00:00:00,2017-07-29 15:20:26
dfe0913b48296f42ac4ff1341365b3c2,39a484e6a644f8edeb11c2c8ed218069,5,,,2018-03-30 00:00:00,2018-03-30 23:50:43
dfe66c867fc32d1a508145fefb7b8212,d04f155dd04722bb1691263ccbe5eec0,1,,"Recebi um e-mail avisando que teria problemas na entrega, o frete já era caríssimo, 1/3 do valor do produto e eu tinha urgência, pedi imediatamente o cancelamento, ignoraram o meu pedido e cobraram!",2018-03-22 00:00:00,2018-03-22 23:34:41
e00b060d241d53fcfb1ee31819ba55e1,569e8d50e3105686d32f81ad1e012b23,4,,,2017-05-10 00:00:00,2017-05-11 11:22:52
e013bca84879bf2f3640063a04ffff3c,4474caba80193ac70c8175e131162240,4,,"Gostei muito da agilidade da entrega , o produto bem embalado e em perfeito estado,
dessa maneira recomendo e voltarei a comprar.
Sileide",2018-02-20 00:00:00,2018-02-21 11:24:15
e02d9eb9423bf203d6f0968fe928e927,e3c4e25333597368379529a91b6970a1,5,Muito rápido !!!,O produto chegou no dia seguinte !!!!! Adorei !!!!,2018-08-03 00:00:00,2018-08-06 01:23:39
e03d27f919ac752995a39150116bd047,05981a7bf1a18eb991af55a8a8dbdf83,5,,recebi antes do prazo eu recomendo,2017-12-16 00:00:00,2017-12-18 09:35:33
e056b95486d42478e3d556dade479f84,3198a007090c3a630beb0fe82d14a0c6,3,,"Produto extremamente barato e ótimo para quebrar o galho, para não ter perigos de estragos no celular. Porém, somente para isso, pois a qualidade do produto é baixa, e a película veio estragada.",2017-06-02 00:00:00,2017-06-04 21:39:54
e05c78bf482edb1a3d91cb6afc45b160,69d838677089d135b38310ff74779901,1,,"NÃO LIGA , LIGA A LUZ.
 ",2017-09-29 00:00:00,2017-10-01 18:26:00
e05ed0e1a48ef85a667f65faea872ddb,6fe3414012f04c290481f594b854e6e1,5,Excelência ,"Recebi antes do prazo, o melhor foi vendedor entrar em contato e dar orientação e filme de instalação do produto. 
Recomendo ",2018-05-15 00:00:00,2018-05-16 01:55:08
e062dd9138333bd59f3e383c8c5b4010,452df40bad490f0cf38ce75e50211a1b,4,,"Deu tudo certo, chegou no prazo e não tenho reclamações. ",2018-01-06 00:00:00,2018-01-09 14:31:22
e067cb1b92baa1742456e6f83f291639,f521316c3f7b3dca86fee711afb2ab40,5,,,2018-05-25 00:00:00,2018-05-25 19:41:08
e068837e4e1552c992869291fd375ae1,75d1b089800a77f3c4b653e297632423,3,,,2018-08-22 00:00:00,2018-08-22 16:16:54
e06fdd05e2dea34b5a776ef9b1c66003,ec073f2bd759729986c0da65f688ddc8,5,,,2018-03-03 00:00:00,2018-03-05 22:23:03
e071b1ade99b9013b8af8101c25b7117,2581fb50a626be9c524173007c799147,1,,,2018-05-23 00:00:00,2018-05-26 03:02:15
e0759b2791eb3de74255febb5eafced0,24f209c23bc564a88e7cbb7f46e17505,5,,,2018-01-19 00:00:00,2018-01-22 00:28:24
e07edb078c94bb14f39e038ae76217f4,2369ff1232ff0d10bb9d924732757881,4,,,2018-05-17 00:00:00,2018-05-20 10:15:09
e0862d9c4810097d90e798d8d9e58f3c,71b7a76e413b9a5ac20a14d89ba2b681,5,,,2018-08-28 00:00:00,2018-08-29 12:11:56
e093f66c5a53f0c85dff4a0d5365eb4d,45a0a5dc315fa233270e5c4778e54e87,5,,,2017-09-22 00:00:00,2017-09-23 02:17:15
e099dae041bc6a1b7b3e45fc323398b6,a811439b19bb6909ef492b5840fada1b,5,,,2018-04-27 00:00:00,2018-04-28 13:09:58
e0cdd4547e658b99c0c2554517d28419,f8433ba8190dc8137e3409d466cf90ef,4,,,2018-06-15 00:00:00,2018-06-16 01:17:17
e0ddc01ec3edba7dfe9f0bbdef6b7030,1b900d4d10e97580eee435e3474110c8,3,Ruim,Pedindo cancelamento na mesma hora da compra e insistiram em entregar. Neguei o recebimento do correio e devolvi.,2018-06-07 00:00:00,2018-06-08 01:11:43
e0e09e6a07198593f73a3f74e1d9bcd5,b6fbf15260de2095643a4aac7876872c,4,,,2017-10-27 00:00:00,2017-10-27 22:03:10
e0e0ac3022c6b222633d6fc2114fc6cc,f9144beb4a52ad3ca5337e1f9409a3f4,5,,,2018-07-24 00:00:00,2018-07-25 02:12:22
e0fa89c5f8235c3f82886a625380f1f9,6f2de71049be12a7261059378f59e229,1,,O produto baixa qualidade comparado com o da propaganda ,2017-06-20 00:00:00,2017-06-21 01:49:55
e10246a826139b1044632c8651424201,7436f90385ad44df26975c86ee59e085,4,,,2017-08-25 00:00:00,2017-08-26 01:09:52
e1213d31c7ecdadc5455ff9fbccdf1c5,49646cc607d966ad032b9657f07aacfd,5,,"Chegou antes do prazo esperado, produto de qualidade, ótimo preço. Recomendo.",2017-12-18 00:00:00,2018-01-04 10:33:17
e122ba02d0fceaadee1cfa5453db2648,d736797e446b9c7bc072d55b49748180,2,,,2018-05-15 00:00:00,2018-05-16 01:20:32
e122d601250bd4e2ba54ad453ea9fa5c,ff25dab86f7fc3fab00de25bf1489a30,2,,"O produto chegou, no entanto não cobriu a tela toda como descrito e não é de gel, é película de vidro comum",2018-02-01 00:00:00,2018-02-02 00:34:41
e1260c59c4dcab14503e1e8fabdea13a,354fa109f2f8c98606b21722fc02433f,5,,,2018-06-29 00:00:00,2018-08-21 03:19:23
e1289f2956266527faa7eee859e5fcc7,b175558ffd938e94b83e3837637604fb,5,,,2018-07-05 00:00:00,2018-07-05 20:32:37
e129b8204518163fa25699b5421e7d2e,4d41aecae7fc035c91789128309fb7b0,4,,,2017-05-17 00:00:00,2017-05-18 21:09:26
e12bcaa0f3a4188d570515c87e53ec1f,bf351cedb18cc34fc1bf14f882156e40,3,,,2017-12-29 00:00:00,2017-12-30 01:33:18
e12c3ea27a6f643c239190e64fef55bc,6703c0ecdc099b3260a56cb020f09ef5,5,,,2017-06-15 00:00:00,2017-06-19 14:42:22
e142a5e85505c0ef0951f64372ab7507,384552460d294e72bca84e0412609b8d,5,,,2018-01-09 00:00:00,2018-01-09 23:21:31
e1adf2f808c1e7bd63947bdce7e97293,c31e69041b0da7765a4d79c7dd6242ff,1,,"fiz o pedido de um kit de utensílios de cozinha com 6 pecas,e recebi um prato prato para bebê de silicone.quero o meu produto que foi pedido,quero saber como podemos fazer essa troca. ",2017-12-16 00:00:00,2017-12-19 13:29:27
e1b2af46a52e87a761d83e28dc37f4a3,8a4902db3aa7fdf0a39bf75a14697e2d,5,,O produto foi entregue antes do prazo.,2017-11-28 00:00:00,2017-11-28 22:35:36
e1b2faf673b7aa0319d5e0d74b2ec8dd,e7535e2fc78c71f46b16b5331afae90f,3,,,2017-04-13 00:00:00,2017-04-17 10:38:00
e1bd951294cdc283cb83b27f27631091,bcd37480e5f21eaf2b524c8e9724d099,5,,,2017-12-08 00:00:00,2017-12-08 08:41:01
e1cd4d169c78ddb51fb458f2207dd916,8b050d41c0452652c3f1a6cd855005b1,4,,,2017-10-08 00:00:00,2017-10-10 17:15:07
e1d533b6b2bfcd85ebe2f5044aa1a324,5d05c998a38706f49de186001b342faf,5,,,2017-11-22 00:00:00,2017-11-23 09:51:33
e1d9c2eb841f79f1f72273a11efab616,d6b59aff700e82a5581e74b3856fbaab,5,produto ótimo,Ótimo ocorreu tudo certo. Vale a pena !,2018-07-07 00:00:00,2018-07-09 14:58:50
e1e5ffbeefe42434ed7d519288f054d3,a307c0c56d1c16450005b683913f73a7,5,,"Apenas uma coisa: Durante o transporte, não recebi o código de rastreio, então não sabia onde o produto estava. Fora isso, tudo perfeito! ",2018-02-09 00:00:00,2018-02-09 23:58:14
e1fc153beb1dbac5db9f022f9792d32f,92067448c4d19cbdc8e0f8dd683e63b8,1,nao chegou,produto chegou pela metade,2018-05-11 00:00:00,2018-05-14 17:20:57
e20e82b31a0c237238fe210ee8a32f50,ae68c99e963e1694453bacc5db91513d,5,,,2018-08-21 00:00:00,2018-08-22 02:42:19
e21419c5517e6c8791885f1491195cba,923cc27376a32cd0e1252597e42a5586,5,,,2017-09-11 00:00:00,2017-09-20 19:54:37
e21ad3b73d52bc36ebf4630fd68f3e14,7960d74e96a2fc6a608c4bb2d622f456,5,,,2018-07-25 00:00:00,2018-07-25 21:08:38
e225700ab0d2bbedf275ae61b6795527,079b79bacc6e0a0c7ed93cd6e3624f6e,5,,Produto veio certinho. Tudo ok,2017-08-15 00:00:00,2017-08-15 23:39:33
e23746e5303d5309fceb35e67328ce43,dd91bcebe3c4f665242db31b800a2b59,1,,,2017-07-09 00:00:00,2017-07-10 03:52:55
e239c5e04fdf759780116cb135fa4ceb,56cbdf3f7e3f535682a007e0e3370e18,5,,,2017-06-25 00:00:00,2017-06-27 11:31:16
e23aaff86eb61adb5029320b904b8204,ce6ce659b1584fb64a7ee077d764a37c,4,,,2018-06-02 00:00:00,2018-06-04 10:46:21
e23c5403ad5ae25ceb2929e94538275b,6c1d204da4c5116b68d68a6292d601f1,4,,,2017-04-23 00:00:00,2017-04-24 13:20:47
e242cb2e89ab8be511461e821e9a4689,5c458a0a24c83bb972feb57ab32e38a6,5,Excelente ,Tudo ótimo ,2018-06-20 00:00:00,2018-06-23 02:21:23
e25c81aa0eee460b1d12501c7b928c09,babc844d408abfa49b0c875fcc3738d4,5,Tudo certo!,,2018-08-28 00:00:00,2018-08-29 10:32:28
e25fdadc22f9a04dd1f6b55ac84995d0,674f118582ce68f137f8a355527a1edc,3,,Bom,2018-07-11 00:00:00,2018-07-11 18:01:59
e261b6c001e64c6c96bd7a7c7af9befe,7c6a400b3bbaff6cff070e8c6cdd17aa,1,Não recebi o material,"Não posso avaliar por enquanto, o produto foi postado e ocorreu uma greve no Pais. Obrigado.",2018-06-07 00:00:00,2018-06-09 10:40:07
e26cce34eb863aa3853b36364b5a4308,650ca3873d0a09fb4604deef7817ef60,5,,MUITO BOM MESMO PARABENS.,2017-11-28 00:00:00,2017-11-29 10:27:39
e26d22a5ea65e3722096b4fcb6874f8d,b142ce1c884b7b514639d0ce49c1fa39,5,,,2018-02-18 00:00:00,2018-02-19 11:17:44
e2782cb199079b70b3faa8b2328d5d45,fa0f0d1f0217a8e31b498715069cf94f,3,,,2017-05-13 00:00:00,2017-05-14 01:12:17
e279dfed28eb749e4a870a4b83f15c9c,b6eaedebebeb4676e1afd5b94b048d52,1,,Estou indignada com o descaso efetuei a compra dia 01/06/2017 e ate hoje não recebe meu produto ninguém mim ligou para mim esclarecer ou me da satisfação uma vez que ja paguei a 1 parc e vou pagar 2.,2017-06-20 00:00:00,2017-07-03 11:53:32
e297a60a47fcc12c7f9dbb6c4faa7f02,1f96abbd2bfd92185040f1e5b6ef7c41,5,Recomendo,"O Produto chegou antes do prazo, a compra foi prática e rápida.",2018-08-24 00:00:00,2018-08-30 13:29:24
e29ab4a671400c41322e4855de633c6a,17b296b73ebefd6213299342b09f097f,5,,Maravilha ,2017-08-09 00:00:00,2017-08-11 23:28:46
e2a6c906a9bacac9f2167fdb6b9108cd,4a4c61548dc56e17085376dffdec5d8b,5,,,2018-01-04 00:00:00,2018-01-07 22:26:07
e2ddeb0f799473b3f78f890261463ce8,e41e7842fa15d821ce598a8b80915cd8,4,Otimo,"Chegou bem antes da data, satisfeita",2018-08-30 00:00:00,2018-08-30 23:48:19
e2fdc1f6a6910ad4de0c9898bfbfe78c,ac416b71ffbc5fbfe4b5cea8a05b0d4d,5,,,2018-08-04 00:00:00,2018-08-06 18:06:38
e31cc00a1bfa3827a2dd02618b88e07b,6db058553902cd2054887f510d4ecf28,5,,,2018-01-23 00:00:00,2018-01-25 20:53:21
e3225297c6b38496f8e5535a8ee954f6,7d49a1c0abbfb267942abc717ed81422,1,,Falta de respeito com o consumidor....infelizmente não são confiáveis.....acho que terei que abrir processo para conseguir ter meus direitos .,2018-01-11 00:00:00,2018-01-13 20:28:30
e3308cbf583a4fdabeef1ad4005c4a88,6c962a878a13ebc179759b22586cfae5,1,,,2017-06-15 00:00:00,2017-06-18 13:55:41
e337062abc3897ef60fa02178b183248,289a45b09606de7a3d7003baa2b650d0,5,,Na minha opinião vcs estão de parabéns e com certeza por esse empenho e comprometimento que vcs tem com o trabalho que vcs executam merecem estar em primeiro lugar de vendas on LINE continue assim ...,2017-10-19 00:00:00,2017-10-19 14:57:59
e338c9c3b0a83b46d019e77b60cae1f6,9f33a39fe21aa7e49c58d5c16da393a0,5,,Atendemento Otimo Entrega Antes do praso E produto tambem otimo,2017-04-08 00:00:00,2017-04-11 17:09:01
e376bb36a1fdf1a2b1311a3d47287a5a,d27c2efd9421cde0945261467fb1a025,4,BOA ENTREGA,"Não gostei do produto, pq ele é muito grande, mas é de ótima qualidade, só não é o q eu procurava...",2018-08-03 00:00:00,2018-08-04 00:29:38
e37e3d38a5167f923abdd10c69c79e46,9e85d73b2a693e5b6dcf56ef2d00d181,5,,,2017-12-12 00:00:00,2017-12-12 22:33:30
e383e10e36a765f04f752a37c1674e43,3594e05a005ac4d06a72673270ef9ec9,4,,,2018-05-11 00:00:00,2018-05-11 22:29:25
e38e4439b18699515ef50e3554711c88,b1980aff89e38cf1fd536ab4c04c7c68,1,,Nao recebi nem o produto nem o reembolso.,2018-01-05 00:00:00,2018-01-05 07:43:06
e3927d0ae1325b4de38658a2f1055479,36a37af508b09e391728ea24f49f656c,5,,Pontualidade,2017-11-24 00:00:00,2017-11-27 00:56:27
e39dd2e2a04e0e943d490219258c5c9f,a71cbf13e7dfa5a074740c8a1efc5a9a,5,,,2017-04-09 00:00:00,2017-04-10 13:42:15
e3b059877e3130f32aeb7de294aef7cd,72aac576696a046d89aa7ac132ecd3d6,2,,Recebi o produto errado,2018-02-02 00:00:00,2018-02-03 16:06:48
e3b647d496ac7d4d14a7b1f6771e9d32,52463ab7b28436f48c3ae2a48bc87ef5,5,,,2017-09-17 00:00:00,2017-09-18 18:20:24
e3b6d18e17a3f0b711159972df0c1426,970a70981a389f6826a1e0427823f9fc,5,,Muito boa.,2018-04-26 00:00:00,2018-04-27 01:29:36
e3b8adb434aed4676a502c189b1111cf,6d07ebee9c7fa9c4749c7265c987bf0a,5,,,2017-06-03 00:00:00,2017-07-04 20:23:25
e3d0b5759bcb4f0cf86a52f8e0c9664f,aeb656e39cc0a83dd545f079f099d7e7,1,Parceiro não confiável ,"Estou com problemas de pedido. O parceiro não responde, envia pedido errado e não retorna.",2018-05-19 00:00:00,2018-06-11 23:13:48
e3d2b2f5ec81eb1f7b74fe85bb2e8318,592399454ab1293dd375db727ddb5947,3,,Eu recomendo esse produto,2017-10-12 00:00:00,2017-10-12 15:49:16
e3f358e7379be4f66f5073bbbfb4f5aa,6f6665c1d76e55561978ccb45bdcafc6,3,,"Produto extremamente pequeno e leve, mas que teve um frete muito caro e cada unidade foi enviada em uma pacote separado (para justificar o frete, talvez)",2017-03-03 00:00:00,2017-03-04 01:38:44
e404236285bd2190b1505bb03470c542,c3038ab3b07ac682ba60729b1d74b24b,1,,não recebi,2017-05-23 00:00:00,2017-05-23 19:23:04
e45e11b96636d2a6ce6f58d85b894a9c,777e1991a17b077dc363745bbaf05e2f,5,Excelente,Entrega super rápida. Recomendo,2018-06-07 00:00:00,2018-06-09 17:29:36
e4641039b6e24c7114f0cc2077d7f6ce,88a2f6f5ddd57a8da3f5ecbba9bede1d,5,,,2017-11-22 00:00:00,2017-11-22 15:45:51
e47f556d40871ac260496cf5fb55fc57,a133a80b67b2a9f4a8a8e2eb5e1f87e4,3,,"Senhores, as parcerias não condizem com o oferecido pelas lannister em matéria de entrega, contudo pode ter havido um problema, mas poderiam ter me dito o que foi. ",2018-02-22 00:00:00,2018-02-25 03:07:42
e4850cb04e31613512d4a621627d6c19,8e1ded141534096603108f1ee5c27735,1,,"Não gostei do produto, solicitei a devolução pelo site da lannister, informaram que em 48 horas iriam dar o retorno e até o momento ninguém se manifestou. Quero devolver o produto.",2018-01-31 00:00:00,2018-02-05 11:59:27
e48683dfaac12efe7e31661413951d25,da28a815dd7996590e84c9e51dec1ff4,4,,Entregue antes do tempo,2018-07-28 00:00:00,2018-07-28 23:10:43
e4ad310cd3ce4fae6f250da2aab18eab,aa767f19bb0117b647c1934f348f84a8,5,Otimo produto,"Minha filha amou, chegou dentro do prazo . ",2018-07-03 00:00:00,2018-07-03 16:26:00
e4b12c04b6d917d92821f87e58c9b861,31c728d11563b29a76dc77a51634588c,5,,Otimo,2017-10-07 00:00:00,2017-10-10 12:13:27
e4b6183dd0c20adbfc28cf4568300f1c,739ee9313185c60eb018bf03f642fc61,5,,,2017-11-11 00:00:00,2017-11-15 18:03:24
e4de3739eac81b30eba9aec391e5b4e6,42ba06ad0483c398c580ede8b5bf35a1,5,,,2017-12-16 00:00:00,2017-12-17 00:36:56
e4e55c50ef535f669e5a405662bf5eb4,317c1b8ef01e3a3f2cf00c255bf96d5a,3,,,2018-06-19 00:00:00,2018-06-24 14:39:36
e4e9b7685b06b5432ef9161493b15f88,1e693ac6b55dd939e50702b971446d71,5,Tudo correto ,"Tudo como descrito, chegou muito antes do prazo! Ótimo! Recomendo ",2018-06-15 00:00:00,2018-06-16 03:17:54
e50dcf17328c591faa7aa524cf4e4a3e,e4e28f77bd50442ca9e5d0b0fd55c7bc,5,super recomendo,"produto entregue no prazo e muito bem embalado como de costume
sem duvida eu recomendo",2018-08-24 00:00:00,2018-09-08 17:29:45
e50ff322ed573c5902f75f472718c008,222c6bc1698aec767223c052bf66327d,5,,PARABÉNS! ,2017-05-25 00:00:00,2017-05-28 03:35:03
e5165a20b6e6fce0ee6d94ac91a92798,f14111b697a9152a18836775aa24ddad,5,,,2018-08-14 00:00:00,2018-08-28 14:36:01
e51ad6a504a41cb883944f9e7872a381,7977e42154b045239288569dc9336adc,3,,"
Só chegou os panos de prato.",2017-12-06 00:00:00,2017-12-06 18:02:02
e51bde91950aa0a29920d87799f2b886,534c285356eb06898b7ea7edbb14476b,5,,,2018-03-28 00:00:00,2018-03-28 23:50:11
e5201d981a085bde3063b5d8a19ab0ac,6455e8459efbeeda59bb360229b889ea,5,,Recomendo,2017-12-15 00:00:00,2017-12-17 22:48:59
e5391a94a0c6a03f9304cd1069587ac3,f9f19aa140c738c064cb3cb17040a30d,3,,Nao entrega o pedido no prazo certo ,2018-04-14 00:00:00,2018-04-16 06:03:51
e5559eccda9e25d747d3ef9f059899dd,b8ccf087dea4fc431e71277cf66ed793,4,,,2018-08-18 00:00:00,2018-08-20 20:25:37
e55de3b208aa20f19037bfc767d58986,5cd95f0cc60ce2902bb618921d212463,5,,,2017-08-16 00:00:00,2017-08-17 00:47:32
e5636189f943b2589b37f715a3bcae96,f5eda0ded77c1293b04c953138c8331d,4,,,2017-12-24 00:00:00,2017-12-27 13:23:27
e576d75037130be18963db63a9a420da,583daa63abcdc20ed6eab2e6a99e44a2,4,,,2017-11-08 00:00:00,2017-11-20 12:47:03
e5782bc30598fcc0255ddb84fca6ea5a,e2b81f0134f91f1be92e48ef39ee0d99,5,,Podem confiar,2017-07-08 00:00:00,2017-07-11 14:04:16
e5795672fb3bd08953056d56868f94c4,bcd05b48176dab8d00672b325de126de,5,,,2018-02-20 00:00:00,2018-02-21 20:34:45
e57cbebcd488c583bf4b28a07530e175,599cc8757abf10de056680e4b66187cc,1,,,2017-05-10 00:00:00,2017-05-11 08:27:06
e5832bfbc9efa6abb88d00a6a02713ed,0e0fa429a12bc8105554270a3a52ce97,5,Squeeze Cantil Inox 750ml,"Squeeze sensacional! Mantém a temperatura por muito tempo. Além de bonito, tem um acabamento impecável! Recomendo.",2018-07-22 00:00:00,2018-07-25 13:21:52
e591ef92968d54c5dddfac9388ed859f,20f00734b9cedbed78661618c0deb7fd,5,,Muito bom,2018-04-17 00:00:00,2018-04-18 00:55:11
e59cdf0239c463222d6a24250230c592,40a1c5c49a15e72aac742ee4ff8308b5,4,,,2017-09-30 00:00:00,2017-10-03 00:14:38
e5a87aa8f50138a43b17ff93a042bc5b,b87ca4e0ff52f4243bebeb16504f48e5,3,,,2017-05-13 00:00:00,2017-05-15 10:27:46
e5abb77f4cc24afd6633fda3766f839a,fe168a6c6b0558d8b3767bdb616f87a4,3,,,2018-05-24 00:00:00,2018-05-27 11:51:01
e5ad883deff408554db7475f7bd42d53,e2fa3a143afcfe0dc65730a780af43e1,5,,,2018-05-16 00:00:00,2018-05-17 23:52:53
e5b1df429a2d7f5366416e59759fcec1,dec9169d4f8c2e229d7421e28ef70781,5,Entrega super rápida ,Recomendo essa loja ,2018-08-31 00:00:00,2018-08-31 21:32:45
e5b2c369b09029fa5a763e30cbee567f,5986af0c84c245048bb86d39d66fe3c1,4,,Excelente entrega super rápida! ,2018-05-06 00:00:00,2018-05-07 02:18:57
e5b9317887c9c4d61b801ce2461bd208,71e077cdb8aba5646817189b9aed6b44,5,,,2018-03-03 00:00:00,2018-03-04 16:36:08
e5d2115f6c9c479a4f3a97faadf5d2c1,0446b999e57cddf002396ed4baa07074,4,,,2017-10-03 00:00:00,2017-10-04 10:37:21
e6295cba977375f11a9d0322a43be72c,2e40f4ca6760b2209d72989c1533fe0c,5,,Bom,2018-03-20 00:00:00,2018-03-20 23:52:41
e634b504cf46722d15232d35104001aa,ccebf8871fd33d082a64082120ce4e80,1,,,2017-08-19 00:00:00,2017-08-19 08:55:29
e63ae2938271e584904d75283087d4db,155ff86a37e4becb60f238b3ee90775b,3,,,2017-06-25 00:00:00,2017-06-27 14:16:07
e645aab3e8a666b7226a6097ecdc8168,7c6de5f0eea0d2f823e3dc3dc6e3ef4c,1,,Não recebi as botinhas ,2018-04-07 00:00:00,2018-04-11 01:11:59
e651b4cfb274b89083981ddb5b71044c,0daa8301819941dd352fe651f9fa70d5,5,,falar sobre a loja lannister e chover no molhado parabens,2018-04-13 00:00:00,2018-04-14 00:51:15
e656ed55164068fda9343d605a2404f9,3f041e89d354fb02648077875c4ad67b,5,,,2017-08-01 00:00:00,2017-08-02 00:34:54
e65f1838b833c8b0740780ac529341ad,0635e2196d30b3003d5381ca15cb3d87,5,Linda carteira,Carteira linda conforme descrição aparentemente de ótima qualidade vamos ver com o tempo,2018-05-22 00:00:00,2018-05-25 01:44:55
e68b3eefc706a1c5f8e1150944a8c022,be597ae2dfc955f581832e7430e7e293,5,Excelente! ,"Produto muito bom.
Recomendo á todos.
",2018-07-27 00:00:00,2018-07-31 14:37:29
e68e4fbcd347a99a569021e37f5c26f4,14dc76b28665ce468e6f5ce4fd661127,2,,"A qualidade não é muito boa, mas o produto chegou antes do prazo apesar de não postarem no sistema o andamento do pedido. ",2017-12-21 00:00:00,2017-12-23 01:13:58
e6932f56d5d8065227b92201988ba3f7,b7d340862fa4167bf17497298bf8d84b,5,,,2017-02-19 00:00:00,2017-02-20 22:47:18
e6c768c7b438c03b8e0a22ab51325807,71b91036973ff7a67b9a17a8a20d3b9c,5,Elogios ,Ótimo ,2018-08-16 00:00:00,2018-08-16 23:12:30
e6d0b389dce6778dccfbd4631d7c28da,d73a3a52a8b9b8430deede6d0491ae54,5,,,2017-12-13 00:00:00,2017-12-16 17:29:33
e6d9e3678df6b7edcdd9a2fe698b980b,c60a42174ebe36481da792fbb7da904f,5,,,2017-04-29 00:00:00,2017-05-03 10:00:06
e6e4bfba5863700bdcc35cf69d459883,2dd6d2ec74e7e4413fd8a04bf7ac124f,5,,"Ótima qualidade, chegaram rápido, poderiam ter mandado tudo numa caixa so mas isso foi o de menos ! Amei! ",2018-03-18 00:00:00,2018-03-19 07:50:01
e6edbae06f005b81c325ce5ccad50804,9e2b4837befe1f63cab8e26686e848be,5,,,2018-06-29 00:00:00,2018-07-02 00:52:03
e6f9b73ea43256d8e6bcbdbedfe87a8d,ac046375de5d50de6bb99a9bcdf592d8,5,,"produto entregue bem antes do prazo, muito bom",2017-10-31 00:00:00,2017-11-04 13:35:14
e70c7c8d513d9aa4755122912fabe852,cad42b09c7b0a54df0097a65da14d324,4,,,2017-05-14 00:00:00,2017-05-17 01:51:05
e724c0b0ea72526d2414e94ddf01f4ef,d20d521427100e96eb0298afc19d97f6,4,,marreta muiti ruim,2018-06-27 00:00:00,2018-06-28 15:09:42
e72754e4691488167f0cec3841504c6f,1b37c11d1b330f2f5a3ad3676bb9c07d,5,,,2017-10-18 00:00:00,2017-10-19 13:27:24
e754da24a0149dfd8a380f22b0e3f326,76ca2de6bcacf629bbc125255becc15b,5,,,2018-05-17 00:00:00,2018-05-20 13:39:59
e760456fee18b5d7ef6ab72b15c29b7d,952b0fbb4e6916733377e53f96398051,4,entrega antes do prazo !, produtos com embalagem intecta ,2018-07-11 00:00:00,2018-07-21 13:54:39
e78973991969507e23433bb19c97bcee,2cc24fbadbb75e8e8922ca2671262b0a,5,,,2018-06-19 00:00:00,2018-06-20 01:40:43
e78bbca0a8afe75d4ac960910d1707ca,4f4895a14aa8c28dd6c67b1ca830225b,5,,,2018-04-25 00:00:00,2018-04-26 20:15:40
e7926e3b194e039d121285dbad5058b7,735cd7df0237de24454fd5b5b4195515,5,,"comprei um perfume e fui bem atendido ,
recebi no prazo e meu perfume eh otimo 
recomendo a todos ",2017-11-04 00:00:00,2017-11-04 17:07:06
e7a520e77e5943f30f4c4e3aed70ce3a,b3b5d713fc857811f634897062f23bea,5,,,2017-10-18 00:00:00,2017-10-19 14:12:53
e7bd07314d745e4b5ae3114e11c21983,caca64f71d73695719939294fa88c791,3,Entregue x anunciado,"Produto de boa qualidade e atendeu minhas expectativas. Minha insatisfação esta relacionada a questão do cabo, que no anunciado diz 3 metros e recebi 1 metro. Terei assumir um custo adicional.",2018-08-31 00:00:00,2018-09-02 18:08:57
e7bf16da207fd0ba59b0629e84ddd1e5,e12019a9afee02a4355f3629cc804f9e,5,,,2018-06-02 00:00:00,2018-06-03 21:00:19
e7c3ae1c68f07085b323a6380bfefce4,8826b56d45c25577190e5c91fdca2a61,5,,,2017-11-09 00:00:00,2017-11-10 09:48:10
e7ef86fcdb233ac9554b805a426b21b8,18e31cb8bc58dab57503adbfcf9426df,5,,,2018-07-21 00:00:00,2018-07-24 02:13:48
e80e9b305e64fd907e9a8e2eae389d9a,7a502e545ea55a7ff2a035abd83c6d84,2,,Veio com um defeito no acrílico que fica bem aparente. ,2017-04-04 00:00:00,2017-04-07 12:42:50
e8187d8e58605c8f270e9b9eeb8c288e,3b81643b1ae987887152ef3e6ce0d989,5,,,2018-04-14 00:00:00,2018-04-21 16:09:21
e81adc4877ed5728a8637b5f964024ff,084080266521db39cd371403f8534271,5,,"Recebi o produto antes do prazo, venho conforme descrito, perfeito",2018-04-11 00:00:00,2018-04-14 03:49:53
e8225419d3ee729c4c28ce60af0aa510,51520d3bdef580c2ffd3b8fea209172a,5,Ótimo produto,"Chegou conforme consta na descrição e nas fotos, e foi entregue antes do prazo.",2018-08-10 00:00:00,2018-08-13 11:07:01
e832e5081ba346b67e56565f53bdd3a1,e26e9f6ac81aba6e29fb44def001d695,5,,Dentro do prazo como sempre,2017-07-05 00:00:00,2017-07-06 01:51:41
e8474da2c6465411bab7fe019afeca46,a41db3ba7cb50a96c768af70cd98e189,5,,"O produto foi entregue antes do combinado ainda, veio tudo certo eu recomendo.",2017-12-29 00:00:00,2018-01-01 00:07:53
e8666a9959e242d25038a256e3551058,34b16c8bd1f6af05432cd98e66341f4b,5,,,2018-04-04 00:00:00,2018-04-05 21:49:12
e8671beba34e70a94bdf668e2d61e01a,4932255e68f63e3a5f809bd4b96fc9a1,5,MUITO BOM,O produto chegou beem antes do prazo estabelecido. tudo certinho do jeito que eu queria. ,2018-04-25 00:00:00,2018-04-26 20:27:43
e86a598877a7f0020982507d7cbc2d58,76cd8bdf29b1ad8f6dad715d6ad8fe90,4,,,2017-05-31 00:00:00,2017-06-01 01:42:18
e87c87e0a20f545e05a7ea173e397f98,83dbd41b4ce2547156c5b288e6fa7e9d,3,,"Nos dias atuais não possui admitir que demore tanto uma entrega tão simples.
Vamos nos agilizar gente.",2018-04-13 00:00:00,2018-04-16 04:18:45
e87df074513d39113a51d6b558e72248,b77c6d3c0334b27a51f220038f0ef8ac,5,super recomendo,recebi antes do prazo,2018-07-31 00:00:00,2018-08-02 03:22:35
e88692d7cd6efdc0a03e04aeaa284166,e662e53aebe0a6c5d95652938e2f66d9,4,,,2018-06-02 00:00:00,2018-06-04 22:15:27
e8b6553d30e6815dffe0bfd10999090d,382fe4c08d9dc3aec94cd1aeca20b992,4,,,2017-12-14 00:00:00,2017-12-14 19:55:45
e8c3bf50c7f0d04b5e218dfe237ba43b,7dcc6df2be2e64c78a83397fceadea30,4,,,2017-12-30 00:00:00,2017-12-30 21:05:28
e8ee770cbbd300ed42f57f783a2a0cbf,e38515b101676663b3f2cff2a323bbb5,5,,,2017-07-07 00:00:00,2017-07-09 10:11:50
e8eeaae5cde6372572c6e584d9a1d979,c5ed4f8b9ee1ac3e8f7711fbe0df3541,5,,,2017-08-05 00:00:00,2017-08-08 00:12:13
e902ffd012124c9daa6923dd30e36998,6319539d7990a9ba049730057b2612de,5,,Já comprei muitas vezes do baratheon e nas compras anteriores nunca houve problemas.,2017-07-30 00:00:00,2017-07-31 16:15:00
e90ad738674a5310be2fe85fb8025cba,444526825b5ea49c9405bd0d08fb8548,5,,São lindas as almofadas! Adorei!!!,2018-04-18 00:00:00,2018-04-21 05:33:45
e92488490a2c039f40bbc8836f67e4fd,5ec8127f0e7abadc5ee625f266ee0742,4,,,2018-06-16 00:00:00,2018-06-16 21:51:39
e93caf1e1d6e84cc001518f2d191eb5b,4212c4acae39b267aabc4696d873cbcf,5,,Boa qualidade e preço.,2017-03-04 00:00:00,2017-03-08 01:15:08
e945d1831a3d98008913fc31dcbb804d,2aa91108853cecb43c84a5dc5b277475,5,,,2017-10-17 00:00:00,2017-10-17 10:56:02
e948a2ae7c828e19bcd90c160a73958d,6259deeab2f6daedf07d0574adda7fff,3,,as peças são razoáveis,2017-08-04 00:00:00,2017-08-05 00:52:36
e959c7eb8b240adddd570c24bbdde757,b591d108e5c3f485635223ddaf07dc36,5,,,2017-11-30 00:00:00,2017-12-13 17:12:26
e9882ea747c0b361361011ef5eb42cc6,5c3ed80bbf87273549529ebc6a45650d,1,,Estou esperando o pedido sei que o correio sempre atrasa,2018-04-15 00:00:00,2018-04-15 23:05:36
e98961ac4dc91cbe2b1a46ce0f90954b,01bb5b3cb7df4da98ea2214d083784c4,5,,"Tudo que combinamos preço, prazo de entrega e produto pedido de vossa parte, e de minha o pagamento, foram cumpridos, nestas condições não há como não dar certo uma transação comercial. ",2017-06-14 00:00:00,2017-06-17 12:52:14
e98cac1ffc79bf7f537dfc2535e18986,b647f540d673c123ae558b52796b5124,5,Super recomendado ,"Estão de parabéns, entrega antes do prazo e um ótimo Relógio ",2018-08-01 00:00:00,2018-08-02 12:13:32
e99c14c8c4891530a9a53fd83fcef4c2,d12ab5d1454294ce820fd1ccc56d760e,4,Recomendo,,2018-05-23 00:00:00,2018-05-24 11:37:44
e9b8f341b27e7accdc85270a9ae00b1f,d79c75050fb130c942055bff27c1be5a,2,,Não recebi,2018-04-13 00:00:00,2018-04-14 13:00:19
e9c949c3e29e6f5f9f952ea98e555bc8,2ab10ab526351fd3b05219e9eb4f7d9f,5,recomendo,"produto veio antes do prazo, muito bem embalado, tudo conforme a descrição ",2018-06-21 00:00:00,2018-06-22 23:45:43
e9cdebf35d859eb3c4ffbc906a1c6782,7a727e7d4fd27ecc265e8415030811c5,5,,,2017-06-06 00:00:00,2017-06-07 21:02:09
e9d6626452756a7a1779150bcb715031,1528738cc47c58535712cd56c0f4ad9b,3,,,2017-12-13 00:00:00,2017-12-13 15:52:56
e9e19a09e9d306892484e8436ecc1373,dacb857612778747b96d5afcad0adbd4,5,,,2018-07-24 00:00:00,2018-07-25 01:18:22
e9e1a01076ee25cab8eea548e816616e,d7198cce0076c5cefda313c12776334c,1,,"não gostei pelo motivo de muita demora , comprei meu produto com a cor azul pra depois do pagamento autorizado falar que nao tem ",2017-06-04 00:00:00,2017-06-07 00:37:57
e9eb4cc483f607317940e646bdbe98fd,2882e815bbb59314e58194adf2fe61e3,5,,,2018-05-01 00:00:00,2018-05-02 12:58:44
e9fe310b1c1ff6e6e865d5ef0282b13a,a8a66bacde65e1be704695072691fab7,5,,,2018-01-06 00:00:00,2018-01-06 16:19:23
ea150ee8cb1abe738a05c5b0e38b5f52,eaa96511c925f79170baaff57cd261ec,5,,muito bom tudo certinho,2017-11-18 00:00:00,2017-11-20 15:48:34
ea1ffc972226c511516d05e33d35ba6c,d258d2c8bdc01ec0aa8a048d723bf427,4,,,2017-12-22 00:00:00,2017-12-22 19:30:09
ea352bcc1e5243e54fd3f82860b0925b,6c2c28420cb6865ced69f6c260c27c24,5,,,2018-04-14 00:00:00,2018-04-16 16:39:26
ea3abf08aebe3b4fefc2ba765ceb6186,e8b21d9ed9cdf4a4edd7f24e82f65afe,5,,,2018-04-17 00:00:00,2018-04-17 19:37:03
ea6946d0b0e7fd6ba8b75345dea0a7a5,dd9da3d7a26689e951d0153988f8fb2c,5,,,2018-02-21 00:00:00,2018-02-27 17:49:50
ea7bb065e03e16c0ee0f4b9be794e787,d55b88c264e0cacf41c8f8ce846bc1ee,5,Produto Excelente!,Me surpreendeu! Bom e de boa qualidade.,2018-07-05 00:00:00,2018-07-08 00:13:43
ea7ff746bc464e2eb52c52f2b8d3f3d5,2c8ade83a1d38262000ff586fe9b0f8e,5,Boa loja,,2018-05-29 00:00:00,2018-05-29 14:17:51
ea8eb55610fffc65f03c5f58fa3474f5,4c33f92b62a822db77b38b88bc7ad237,4,,Ainda não recebi. Os correios não atualiza o site. Quero saber o que aconteceu. ,2018-03-14 00:00:00,2018-03-19 13:37:30
eaad619a982c15659c171b3adce0d869,1bde1f1942be558c1527a73da61695d2,5,,Inox e inox escovado.,2018-03-10 00:00:00,2018-03-12 19:28:07
eabd277ad4712d3c6ab332d3180a2e19,a6bf292dae65f520a1f47f4df440654a,5,,Chegou antes do prazo e o produto veio correto e muito bem acondicionado. ,2017-10-12 00:00:00,2017-10-14 11:31:26
eaea490fb1613813eb6af0e361e02dc9,969d261a3f4c639b3acdc0ba090fc039,5,,,2018-01-09 00:00:00,2018-01-09 20:32:01
eaeba786262a9bc3a2bcb4670d1c6121,f99f378d18912c456349267972a22691,3,Produto Cor errada,Recebi o produto rápido depois de uma semana da data compra. Mas não veio na cor Rosa conforme a minha escolha e a nota fiscal emitida. Não solicitei a troca devido ser presente de aniversário.,2018-05-17 00:00:00,2018-05-20 14:38:09
eaf604fe09097d4bf853ffd8a08d3062,b3424a1c4c3af064d3472b285180bed0,4,,,2017-09-26 00:00:00,2017-10-02 17:05:48
eb06aea62182e99d9699a124ec6d00ba,da25492a616ea75359094ce9180d2691,4,,,2017-12-08 00:00:00,2017-12-11 11:37:37
eb19d80c0af9078bcd260c97c4a69747,aebae27f4df9c32304566e5b5b44956c,5,,,2017-05-06 00:00:00,2017-05-07 23:05:43
eb3380edd3debd8bf619b831c8972991,4fec92299349d37362908a6a5685a0d6,4,,,2017-12-28 00:00:00,2017-12-29 00:52:27
eb36a9f72b783842f25925c802283639,9973f9740bab3248c510c83fb2a8960f,5,excelente ,"Produto muito Bom,E pontualidade na entrega. ",2018-05-23 00:00:00,2018-05-26 22:41:37
eb536e3680235d560a2d48c7f670485e,838134390df33aab81a8bfaf7260b61b,5,,,2018-08-04 00:00:00,2018-08-05 01:03:54
eb690e940e6ebadd1fca61e28eee3f43,5b46b8a8da766ab67735748a7d1542dd,4,,,2018-08-18 00:00:00,2018-08-23 15:31:41
eb70e47d9e677f85dcfcffcce1ec5726,224bd0a94ce4f3eeebe2ef447e596863,4,,Foi mandado conforme o combinado,2017-07-22 00:00:00,2017-07-24 13:42:27
eb8899599574456cddf87ac5b2699514,60864257be0835f1fc4225706a92cc00,5,,,2018-07-28 00:00:00,2018-07-28 22:47:22
eb8d43b4f99e45d3c7a08abd8ef1ff41,f014aa85d8f495d824d120e9035faacb,5,,,2018-04-12 00:00:00,2018-04-13 11:41:43
eba5aa7816aa9fa219babdb732aca475,e9ef734824864148c2c98d40fa9dcc7f,4,BOA,BOM ATENDIMENTO,2018-05-10 00:00:00,2018-05-13 04:31:20
eba9ae334beb044f1045c073555df70e,fd95ae805c63c534f1a64589e102225e,5,,"Produtos entregues no prazo, excelente qualidade",2018-03-01 00:00:00,2018-03-04 01:58:13
ebbe83065e06247714498acb4e9a4b58,9147e4f91a0a2071875cf411ec60a10d,5,Super recomendo,A entrega foi feita antes do prazo. Produto fácil de montar.,2018-06-22 00:00:00,2018-06-25 16:53:47
ebc3a223f760e7527fa2e280f696710d,7a485479dbdf94502e471dbd3329a4e4,2,,,2018-08-28 00:00:00,2018-08-29 07:49:48
ebc3b18ea4a11bd54486f5d0143fe3ca,fb3d9a7dc344c0c035d8c5c808d428d3,4,,,2018-02-06 00:00:00,2018-02-09 04:46:26
ebd8c36f73727c1d773bcc9ce716615b,dbf2c0164b592abca90f6c6817f37a9b,4,Gostei bastante,"Produto chegou no prazo, apresenta boa qualidade física e design, superando as expectativas nesses aspectos. Ainda não está em uso, portanto não consigo avaliar a sua robustez.",2018-06-06 00:00:00,2018-06-08 20:30:16
ebf5ee235d5036696516b72a0914e24f,bb0a814e4d6cb5373c30a22b6c9fd658,5,,,2017-09-15 00:00:00,2017-09-25 19:54:57
ec036a99e994460a6858c20cdbd831f4,1feae53afbeb20695102145770b6037a,5,,Muito bom,2017-12-27 00:00:00,2017-12-27 18:20:17
ec179c66072c8a5913daa0692c4c0012,efdaf1dc3d38b68061394b681ca45ff8,4,,Rápido e eficaz ! E variedades pra vc escolher um bom presente para sua família.....,2017-08-05 00:00:00,2017-08-08 10:46:09
ec294c7cf4f12a6df207e3c97ba9f4d4,ad61bdad0a6d5fac6af829eba1fa4e84,3,,,2018-08-11 00:00:00,2018-08-12 03:29:10
ec4a47e818e51517af858159a8d19c8f,ba436db3c441f63a8ed34e695ed2e9f4,5,,,2018-08-04 00:00:00,2018-08-07 20:10:49
ec4d5b503b4ed1989e1eff726974d98d,16b7de5d7e5c3c000744a76ea1861471,1,Sem produto,Não chega o produto ,2018-06-03 00:00:00,2018-06-03 16:51:29
ec5296057b600b646ddddf9258929145,0b8e4fe7f85610340424b314dc68c366,5,Gracielma,Ótimo,2018-08-28 00:00:00,2018-08-29 10:14:34
ec5f039382428fdc16cc91b18334ead0,1ee4d0544d11c277367d2df9c25ae406,5,Recomendo,Entrega feita antes do previsto que era pra dia 25/05 e me entregaram dia 19 / 05,2018-05-19 00:00:00,2018-05-20 21:18:57
ec62bf3627e1ab4e9edad1ac664bc6cc,274cd784482aeed5533082fd271be663,1,,,2018-05-15 00:00:00,2018-05-15 22:50:48
ec65e8f35dd170f947e488bbad1f84a3,a9da66f1dfe4cca8956f5e74619c2cb9,4,,"O relógio é menor do que eu esperava, mas desperta alto do jeitinho que eu precisava, só consigo acordar com ele. Chegou antes do prazo, que era de 1 mês. Ele demorou uns 10 dias para chegar. ",2018-03-07 00:00:00,2018-03-10 00:00:45
ec6a132467fc8cb8c781fe44136bce48,a3d09160e24a1850b3ab0d86e6281ab1,5,,,2018-07-28 00:00:00,2018-07-30 13:49:44
ec6b844a00b3801428bc0dee4683f687,6dd018ddbabb3e2395f292cb1f2b3ba8,4,,"Exatamente o que estão anunciando, muito bom. Recomendo.",2017-10-07 00:00:00,2017-10-11 12:46:30
ec833629947f8a59777a54f82a8f638d,ff3cf519c35d0a3c371c62b507838a45,4,,,2018-05-26 00:00:00,2018-05-27 01:20:40
ec947b3dbecda594441dd9db44b85e82,85ae4ead3b37285b1e538a206b99b67a,5,,,2018-04-11 00:00:00,2018-04-12 14:29:13
ec9db37f940d19757efcfee2a624b791,570a37e6dd991a6c2c6b032f41487e04,5,,,2018-02-11 00:00:00,2018-02-12 01:30:21
eca2a9f456e929ff7a52e4d30e5ff86c,32a854aa037f2b66f8172754fccfddbc,3,,"O produto foi entregue no último dia do prazo, ótimo produto.",2018-01-05 00:00:00,2018-01-06 02:47:40
ecae2de9769ce34471c511a618d33e2a,171f303505168e746c3ba9dc70a1c1f3,5,,,2017-05-24 00:00:00,2017-05-25 07:54:33
ecb4985423d45baa136756279b4098dc,c704edad3eab2ddaaabdf3fc283d9b67,5,Perfeito,Recebi o produto antes do prazo que me deram e veio igual ao anunciado,2018-08-17 00:00:00,2018-08-18 02:02:13
ecd9b909941ec890e105ddf26cb8acf1,d14a4f8c84ab5018248d47b2170dfbc8,5,,Entrega super rápida e produto excelente ,2018-05-08 00:00:00,2018-05-10 14:19:25
ed044868dbc1f22c2cc502c68faefa63,6593a7ca55b089cc240f79d582e3300a,5,Conforme anúncio.,Muito bom,2018-05-04 00:00:00,2018-05-07 11:46:12
ed0dd82189dae85027b5c40c59f79263,6e56fd377b9d1f816af128295e5c1003,3,,pedi 03 unidades e so recebi 2,2018-02-22 00:00:00,2018-02-26 16:37:02
ed32418e8db1ae36650654ac40d861a2,0b82a32f3caec8e9157049e294486ade,4,,,2018-03-06 00:00:00,2018-03-07 00:25:47
ed3c7592ae91d28ae39ea3cdd4119b6d,5e2150868494c26407f39ac03c5de246,5,,,2017-12-23 00:00:00,2017-12-23 09:59:19
ed3ff33941dfb67ab1ad3701de94b2cd,6fa3dea5574c5757ec985783489bd49d,5,,,2018-05-08 00:00:00,2018-05-10 14:59:12
ed43bdecbf5d5efb20fcb9466f56bca8,e97f2ab00999396915482eda86838b33,5,,,2018-03-15 00:00:00,2018-03-16 01:02:56
ed4872517871f01678faaa607b47f542,1a62fd2d470da1ce51e2d26cea9a44ff,5,,,2018-04-27 00:00:00,2018-04-29 23:46:32
ed4d937df61039d043ac7cb4ccb1b571,3f75bd7be63d165465c46b981942582a,5,,,2018-02-10 00:00:00,2018-02-11 11:01:42
ed5747786d9dd287ef06d27e9ad76887,98dbf8445c584d2354afd1a0ad55c033,3,,,2018-07-11 00:00:00,2018-07-12 11:51:30
ed5d7e4fc1dfed6840211ba7c03d8ef6,a35f0b52cacb3c4208d7107bde82f2cf,3,medidas do produto ,"As medidas do produto não estavam devidavemte claras, achei que o produto era maior 
",2018-08-23 00:00:00,2018-08-24 13:51:34
ed72282669dc44e0c531ff09aac82ed1,5cd9658ba9e8ad15b491928fd7ec370d,5,,,2017-09-05 00:00:00,2017-09-06 00:32:02
ed806e45411ec419b800eedd8b0fcbe7,bc52ee2d28a015510123067432c70c17,1,,deveria ser avisada no ato da compra que não receberia o produto em minha residência,2017-09-01 00:00:00,2017-09-02 02:00:53
ed988bb38ab604dac2453363f0d15411,d405c5b11a649e5825842c4aaf8082ec,5,,Chegou antes do prazo. Super rápido ,2018-03-30 00:00:00,2018-04-02 13:31:38
ed9d7918712c08709fd20cb1244ad962,9b75cdaf2d85857ef023980e15d01546,5,,,2018-06-19 00:00:00,2018-06-20 11:06:15
edb2c38e4497fce00250330df4217778,f5508c24aa4418c7069ad5a43b06bdee,5,otima compra,,2018-05-19 00:00:00,2018-05-21 00:01:57
edbcb4e64a7459c916c159e9283b9517,59e94c656aec3cee1b4a97e8324b47d2,1,,Estou sem saber o que aconteceu nem mesmo quando será entregue o produto.,2018-03-08 00:00:00,2018-03-08 13:28:52
ede44ae5b927ba67b1f25918c862a812,b523b77f215e6c094c97389acf24ea9c,5,,recebi bem antes do prazo em 3 dias. Ameeei! ,2018-05-05 00:00:00,2018-05-10 18:35:59
ede62474f1618961be12678f362dca4a,b0f4af5c1b06e24fef510703bfe9f0a6,5,,Otimo comprar por este site as mercadorias chegam antes do prazo determinado.,2017-11-11 00:00:00,2017-11-15 09:54:14
ee01ccbe8a7444b2104f5728ef01877c,6c70322204e946ff9b1bb988b305bc9c,5,,,2018-05-12 00:00:00,2018-05-14 23:08:23
ee0775146d90d91f6149278160b459ac,c583b6157fc73464387efe2ff82ee1a4,5,,,2018-08-29 00:00:00,2018-08-30 23:57:52
ee1b596e7449d669e857f01f7263790d,23af56e201b15091e86aebe6bde84b2b,4,,,2018-03-22 00:00:00,2018-03-24 12:40:51
ee23ccfe2e166f39d451bcf7db97839d,78ed31442f1dba103a38d372eff51503,5,,"Demorou um pouco, mas dentro do prazo.",2017-09-01 00:00:00,2017-09-04 21:51:02
ee715ad2d7ea59d401eb992e7566a3bf,a1e862297757e3dc8f3495be144eab3e,1,,"O produto não foi entregue e tenho que retirar nos correios, sendo que estou com uma bebê de 3 meses e ainda não posso sair com a criança de casa por conta das vacinas, além disso não é perto",2018-04-06 00:00:00,2018-04-06 17:19:39
ee8c89ec6e4b0c27619cb4324e59d6b1,88f9a494012e4b7e7ddbfe1bf56cf41c,5,Satisfeitissima,Atendeu às expectativas ,2018-07-13 00:00:00,2018-07-14 02:51:27
eea1e18ef237f9b4f8bd60d6bf92bdc8,28bc8f33c194dd4f636717ef490d0921,1,,Um lixo esse serviço nunca mas na minha vida comprou com vcs.,2018-03-15 00:00:00,2018-03-17 21:24:02
eed7eaa5642e6e0f1ba87f8826860579,20bc33ea85750fd7d20d7b72c5c4b36d,1,,O produto veio rasgado,2017-08-01 00:00:00,2017-08-02 00:51:55
eededf682f5d694b6c746531b65a8c85,2eb6d51ef9ae3ae319b31ce4e4ec0097,5,,,2017-06-13 00:00:00,2017-06-13 15:04:17
eef6687aa8600d8dc74773969b43b680,58cf4bf760edf8c8fd391eb871b0eaa4,4,Veio tudo certinho,"Ouve uma demora para a emissão da nota fiscal, fora isso veio tudo certo.",2018-07-25 00:00:00,2018-07-26 11:38:03
ef2d0fd3ba5f4c191319e1989c5ed8c9,e3c2135c38233042e0bfa35a97882582,2,,Já havia até desistido de esperar quando o produto chegou,2018-02-20 00:00:00,2018-02-25 01:16:37
ef3d88469f0167af3ed0b2c5eb509637,d0917c0a88a601949cde7cec1331de4e,4,,,2018-08-07 00:00:00,2018-08-10 14:45:19
ef7377c19422e1fd7b06a34c2759f1d1,0cef0a9c1d74d5ec485fb3195191caa1,3,,,2018-07-07 00:00:00,2018-07-09 15:28:53
ef73c7836d8a58bb4d03c816b73230ea,1d96a7c14a9528634756937849d8467d,3,,,2018-01-31 00:00:00,2018-01-31 21:49:35
efb9f208514501743a2798bcb2d95356,45e646cf27d13009d98af6e85560a499,4,,,2017-09-15 00:00:00,2017-09-16 20:13:30
efbb15263768e29a134abc6c50b41bcb,2728685c083a4749558ea7e44578a0c3,5,,Gostei.,2017-09-13 00:00:00,2017-09-15 00:46:24
efc4b64d35063450f44ff7c2cd7f97e9,d9188a09f83fb2125c314edc1c7c933a,5,,O produto é exatamente igual o da foto,2018-03-26 00:00:00,2018-03-28 00:53:02
efd81afcb3d3062e8be63f61844ed22c,08ac0336730e831f16eeadf576564ff3,5,,,2018-08-04 00:00:00,2018-08-06 18:37:57
efe1b9ff9e5e0ca88bcb8805480d1523,58683439e5d8a39e9b0a7c4b2f1ff8c2,4,,falta um produto,2018-03-24 00:00:00,2018-03-26 10:29:09
efe4020a945ee6fece58606694fe1358,264c045399fb02e9f309f715c2e5f3d5,1,,"Sempre comprei no site. É a primeira vez que fui passado para trás. Não recebi um produto Epson, conforme a descrição do produto. Recebi um produto que não é original, uma imitação chinesa. Absurdo...",2017-04-01 00:00:00,2017-04-02 01:16:25
efe4db4a64964a561663b60196747b1a,1184c1bbcfb488132ee2bca2c07cd743,5,Top,Ótima qualidade ,2018-08-22 00:00:00,2018-08-23 12:37:10
effefe7f905b1a8bb1d7e5d53cba5978,c62b6637a1c509d71c093e1e950c2ece,1,,,2017-10-10 00:00:00,2017-10-11 09:45:18
f00466d70bcb6bc997df9fa520e2f100,45d529cd3cced900c59bb90bd0a19ea1,1,Péssimo,"Comprei 2 produtos e só foi entregue 1. Achei que o correio tivesse perdido meu pedido, porém me mostraram que apenas um foi postado no código que consta no site!",2018-05-16 00:00:00,2018-05-16 19:04:20
f02112b16bfb454f23f9eafe200b1340,0762fe35b71987563f8771eb6d14938f,3,,"Já realizei outras compras por este site, só que desta vez não fiquei muito satisfeita com o prazo de entrega,muito demorado.
Boa tarde",2018-02-15 00:00:00,2018-02-15 16:08:07
f0274c26b4c9bd25f8f94aa12ebef443,a4186d9eb0c08c0618614b111418707a,4,,"produto ótimo, chegou antes do prazo. ",2018-03-22 00:00:00,2018-03-23 02:21:56
f03ee28ebf4e5017f7d7b5523bb68b8a,69ae6d6493cb6b0420c6e86da2cc3c3f,4,,,2018-05-23 00:00:00,2018-05-28 23:46:14
f046ee16f8b02be3cbda31008d5d6678,7b9c0feafeaa7c82184c86177f18b4e6,4,,,2017-09-19 00:00:00,2017-10-19 22:12:57
f04a4a665bb80d73cbf41988a16607e8,a81957953164f65e49dd6af3972b9db5,1,,Ainda não recebi o produto,2018-07-26 00:00:00,2018-07-31 14:17:03
f04e843965a7e654cdb69165e2e827de,b7a194de2e14ca9f41580f8c6eb13660,3,,,2017-04-06 00:00:00,2017-04-07 10:53:02
f0727bbf95d43adeeb8d15c82e80daa2,a4b41e795041ff5fb997f1049944e429,5,,,2018-04-28 00:00:00,2018-05-03 22:52:02
f085c73d9eceb80de340c10c42c5ee63,879ed1a79b3970f510fdb4b4aa3f86e1,1,,to esperando o produto desde a semana passada e nada de chegar,2018-03-30 00:00:00,2018-04-02 13:50:14
f09e27e8caa28870d448eef18801ec5c,e2a875ab76ae9c68c532baa517d90363,3,,"No anuncio, era PERCAL, mas não é percal tem poliester.... sou alergica a poliester por isso comprei. Só nao devolvi porque irei usar no quarto do meu filho, o produto é bonito",2018-03-30 00:00:00,2018-03-30 12:11:20
f0aca30c263a8fc28c2ba92a7ba49938,21e66217f32d0775592d587a9cee5860,3,,Dentro do que eu esperava do produto ,2017-04-14 00:00:00,2017-04-16 19:57:01
f0b8a0026b6c510825eef1286f2b27a5,7ab608f5a744c8f9c9c449fe54de96de,1,,O produto comprado veio incompleto. Fiz a reclamação e até o momento não recebi qualquer retorno.,2018-04-14 00:00:00,2018-04-17 16:31:19
f0d45a919c19e2baf255dcbf6626dc65,26b47634ae036af085a067dddf95bd77,1,,,2018-05-13 00:00:00,2018-05-16 00:35:49
f0dda9c942d289ff541e85d5a0938fe2,9a439ff6164772f13fa6a5191be3d29c,4,Gostei do produto,Posso dizer que o produto corresponde ao da foto...Recomendo!!,2018-05-15 00:00:00,2018-05-16 10:56:52
f0e026ae263d11e7dd4e21c2bb4eefa2,a8e46b160afbe222158c657aebb0166c,4,,,2018-04-03 00:00:00,2018-04-06 01:25:19
f0e7c5f5c5c09c2b4348b1abbb5cab05,55c424970c57390065af9e2bf5461f11,5,,,2018-07-31 00:00:00,2018-08-01 16:39:27
f0f5a7c419ac30e48fca6a40125b18e2,9e3a542f51363bda001167b7f5bd8dbd,1,,,2018-05-04 00:00:00,2018-05-04 09:42:16
f0fcae7460cf7d39ef1a88b255ce500e,746de2565dea8d35a273e6b7db1764b9,5,,"Empresa muito boa, superou minhas expectativas, valeu apena acreditar.se todas fossem assim, estaríamos numa boa.",2018-01-13 00:00:00,2018-01-14 16:48:44
f10a2025187cff24e2c100a4f0acc3b1,32e4ab670ff4b606ef9ef7efdea0a284,4,,,2018-04-08 00:00:00,2018-04-09 20:37:14
f1106bac8f232978fd399b21a7c51e3f,f70dff3502fa3fe88532b170cf4f126a,5,Recomendo,Produto de boa qualidade e entregaram no prazo.,2018-08-21 00:00:00,2018-08-22 01:15:05
f1106bd5ea258811d6cb37b9bb22d4b2,45e64bfe511bd5e24d56e200e29631b7,5,,,2018-07-28 00:00:00,2018-08-09 12:37:29
f121467a10eee0929f364c7d62abc9b5,8563039e855156e48fccee4d611a3196,5,,"há muito tempo efetuo compras atraves desta loja, nunca tive problemas. sempre entrega antes da data.",2018-03-20 00:00:00,2018-03-23 22:56:05
f14bf67d3582c69d8792b2fd62d30a46,a6d4e95420d65bd5f299dc95d3493e0d,1,,"Não recebi meu produto e nem se quer uma justificativa do atraso.
Quero meu dinheiro de volta o mais rápido possível.",2018-08-17 00:00:00,2018-08-19 09:00:07
f16d529410816f10548a83d29718b46b,225993f2e15bfdde9746613cc9a3a4b0,4,,,2018-05-12 00:00:00,2018-05-13 01:36:16
f18329bc8f237670afdfeb7163ec35ae,95b02752714c6c5c8aab8570ab649d52,4,,,2018-04-24 00:00:00,2018-04-24 22:15:26
f188e279452a4580396ad1690dd43ecd,3482fd5db03ecb3857123956a9eeb1a0,5,Eu Super Recomendo.,"excelente a entrega foi super rápida, estão de parabéns. 
 ",2018-05-22 00:00:00,2018-05-24 20:16:40
f195f1c82cc4be5839a1a3a2babf3a50,bcaff5892a4def087ea5036d6b89b9db,5,,,2018-01-10 00:00:00,2018-01-17 21:43:05
f19f1dd1ba41b8aa068fac23e3f5261f,6552ae78f1de31bcde1fc2cfcab0d25d,1,,"O produto está na transportadora há dias e até hj não foi entregue. Prazo pra entrega dia 07/06. Péssimo nunca aconteceu
",2018-06-09 00:00:00,2018-06-12 10:33:03
f1a3fd4548ad344f7577f144d979a4ad,a5f8c36187658cd37c05515c06cdd941,4,,,2018-08-09 00:00:00,2018-08-09 23:48:03
f1b1ff90e8907a212c78f2c759d4216d,84c8463c1a2278e211ebf4472126d92a,5,,Recomendo,2017-12-14 00:00:00,2017-12-15 20:31:51
f1b307add820c0166cf932a11702cbc5,53fa1584e9fc3d9b50f19da601874fd5,4,,,2017-09-17 00:00:00,2017-09-19 12:57:02
f1bd16d78c6f080487324876599632bb,4d3bf07ef40875871c01c931d3755940,5,,Bom produto.,2018-06-06 00:00:00,2018-06-07 02:53:59
f1c895e73c5dedfe8fa793f4fd565559,f96b5c312ad850920b6aed06ee8881ad,3,,,2018-01-13 00:00:00,2018-01-17 20:08:57
f1cba0ac840dac58e4b619bd3424f443,29062384ce4975f78aeba6a496510386,1,,Na foto o produto e um e Na hora que o produto chegou e totalmente diferente .,2018-03-10 00:00:00,2018-03-14 18:21:23
f1ee015ffb2fc82c5ab7e92f45c1f9b4,8bade36d5fb562974296bcca22a7a064,4,,"Item entregue conforme previsto, na data combinada.",2017-08-11 00:00:00,2017-08-14 14:45:26
f1fe9585202676ff222400e89ffe94ff,e147eb86ed23b0e106ce62cec5c6df6a,5,Excelente produto!,"Produto muito útil e de excelente qualidade.
Entrega antes do prazo e segura.",2018-06-20 00:00:00,2018-06-21 00:49:00
f20bbd142779aa576cabc302d65eae63,0f57f8c8546ce0d3837910801250d944,4,,,2017-08-25 00:00:00,2017-08-27 20:20:47
f2131ed8573fb4c13d9078143cf411f2,f9cda286ca417062ff15bf5d63fbc70c,4,,,2018-06-07 00:00:00,2018-06-07 23:49:46
f224c8466df0f44bfd4248ce6231563d,9cb00de5b638536df59a274ce43e811d,4,,"O produto, Maleta Médica da Barbie é lindo, perfeito, nossa sobrinha amou...
Só teve atraso na entrega, deve ser pq foi enviado via pac dos correios.",2018-04-18 00:00:00,2018-04-23 09:37:19
f233c105fc4009b896bd0c76e331d65f,1ac0eff2487c84f0181b8204a9bf6124,3,,,2017-07-06 00:00:00,2017-07-07 14:16:32
f24549bbf539584168bcd7616f978072,875ab1a09eb128fa4a3bcedabfb42df6,4,,Tudo certo ,2017-12-11 00:00:00,2017-12-13 23:52:21
f2488d44f18132faea35bc5c3d6b6653,f4ce5abb3bd4aac9e9c5f5685604cbcb,4,,,2018-07-11 00:00:00,2018-07-11 19:50:38
f252f8f3dfaad8cc563b4a8ec0ea41a6,38bf8e12131a605a38265416150b4888,5,,,2017-02-23 00:00:00,2017-02-24 23:04:58
f25924d100cd9a430d943efe35460eba,9f792c846e897702e89fb06829be1b0b,1,,Fiz um pedido com vários ítens os outros já chegaram e este AINDA NÃO CHEGOU NEM TEM COMO RASTREAR,2017-10-08 00:00:00,2017-10-09 11:59:01
f274839a3b3d940e97eaa264f110a776,c7550d69fe9004d827208e1e40a32bb0,3,,"O PRODUTO ATENDEU MINHAS EXPECTATIVAS, SOMENTE QUESTIONO A DEMORA DA ENTREGA, MAS VALEU A PENA. ",2018-05-16 00:00:00,2018-05-17 17:07:27
f27ad6161cf022c192c91ab5beb3a4a4,9ab5804f143a0859cfc1b3a0ca126e6f,5,,,2017-11-27 00:00:00,2017-11-27 20:40:51
f27b52437d3d93f504eed04b81ebf33a,22085bab9022ec0c41db7a6698de93ae,5,,,2018-06-05 00:00:00,2018-06-05 23:50:54
f283701ca2aec20441f77f3a0cebe820,5f0204c837c9b96a76c8da513f40ab17,2,tamanho,Pensei que 16 cm fosse o comprimento do menorah (total do espaço entre as velas) e não a altura.,2018-08-09 00:00:00,2018-08-13 17:52:46
f289a3e552fd7ef09a607086bc5465f5,322cf8d33165964665e1529f6cbf4f28,5,,,2018-05-16 00:00:00,2018-05-17 02:36:31
f2b5922ef097085eff967c2821c21c74,7e028aff656f744dceb30501de14ddd7,5,,,2018-03-16 00:00:00,2018-03-16 16:35:45
f2b6e5ff37958fcc8a88a15fb2c1354b,316c859aa0c2b794a3db879c5eb09153,5,,,2017-12-28 00:00:00,2017-12-28 21:25:33
f2c655f000f8c87bf657760ac379d0d9,6f7ba3220bb8de6edb65083fa352ebae,5,,,2017-10-11 00:00:00,2017-10-12 08:20:46
f2cdfb6a212acf843124333694588901,a5963ec55629a3be5270283db13391a6,5,,,2018-08-18 00:00:00,2018-08-20 11:12:08
f2ce501cae72a9fa31b87f6706117142,045acee11e62afca7764429c5710dac9,1,,Comprei e nao recebi....,2018-04-08 00:00:00,2018-04-08 13:44:16
f2d73264a4ce072971efd7b95a0220f2,106dccd8cf01a9d15921ba6b3028a09d,5,,,2017-10-04 00:00:00,2017-10-04 22:51:47
f2db2ee7220bfc294492b3dba7870112,36ec96a65d616f11a0b1e3863478ac4f,5,,,2018-01-23 00:00:00,2018-01-23 22:45:49
f2eac0603847c709aea0b9b8f9f5b78e,ed547e006a962def50f36ec5cedbe46b,5,,,2017-11-23 00:00:00,2017-11-23 09:28:13
f2ed14bd163e946b9a475dda3eaa0648,d066df43cd1f2f04cc57f289179dd234,5,,,2018-04-26 00:00:00,2018-04-26 16:22:50
f2f21af9d14d6c618f94674677e41424,12a545f53715575246beec2da90d6de4,4,,Tudo dentro do combinado ,2018-01-10 00:00:00,2018-01-11 16:54:15
f318f0110363f856531133c217bcb54b,0df047ac4fa1b5eed06cc188e54fd23e,5,,,2018-08-12 00:00:00,2018-08-13 14:38:21
f3205b3bb9b30e42bd3e1c8676491fa6,6eb56be25b30e83ab182da6a5d616cf8,5,,"Chegou muito, mais muito antes do prazo...",2018-02-27 00:00:00,2018-02-27 15:43:13
f3238c5aa7bcaf8f6ebfb3eb44ab1874,1d432ff6ecb6a501752815ce48038a89,5,,,2017-07-08 00:00:00,2017-07-08 15:00:12
f323e495e4373d58d0a920e8e29451d1,9f8d175d959554b7edef8908797f42bc,1,,Meu produto foi entregue incompleto. eu comprei dois shampoos e só recebi um.,2017-12-07 00:00:00,2017-12-07 12:33:09
f33413bf90e58a04f4fb2e2ebd2144bb,f89a86148310b5d6a02fbab8f1c9fb77,4,,,2017-10-01 00:00:00,2017-10-17 19:51:07
f356aadd221f1943a7c36c10f00d5a5b,73eb2dbe87f00c86931e3ef008935806,5,,,2017-05-14 00:00:00,2017-05-14 21:31:25
f35be613eb8b4e7f89f59a7e36e7cf54,12fb02386ecbcdda77e5e882d0c9dd95,5,,,2018-04-17 00:00:00,2018-04-18 02:12:27
f367caac24c57f65bf32cb92f0283383,def6322635f4afb3da8756ad712957c0,5,,,2018-05-18 00:00:00,2018-05-21 11:15:47
f36a27bdb5dd36480261e320e33cefd8,1cc788ba1c0fa91ed3d7bf5a45a203a4,1,,"Estou muito descontente. Sempre comprei com vocês. Antes não tinha problema com a entrega. Desta vez além de não entregarem, eu nem sei o que aconteceu. Não tem nenhuma informação no rastreamento. ",2017-06-08 00:00:00,2017-06-08 09:17:08
f36bbfa56f8fd7ba28efbaa6255ea719,75b2d5bcaa2ff25faa70a904109d772a,5,,,2017-06-07 00:00:00,2017-06-13 16:47:04
f392dad64694401a8f066d738b9de49c,5a97cb85d8737c11775451e5bcf67286,4,,,2018-08-14 00:00:00,2018-08-17 21:57:36
f39deb283e4f2ec2f93fd1c8a1168a87,800ebc071b1dcbab630e96af15a7a1ef,5,,,2017-05-28 00:00:00,2017-05-30 02:08:12
f3a6428b546a4c80e75cf931075fb696,8543d2d86c69647af5e2d957c3d21b85,5,,,2017-10-18 00:00:00,2017-10-23 11:26:04
f3a95a42ede1a8f0d395bc4caaff10ac,88a78af246c6c2db88e72b384796c98c,4,,,2018-05-30 00:00:00,2018-05-30 20:44:50
f3bc7205318c457f22e7f3703f00d320,e07458f57b68cbe6f13c8b6161aa48ca,4,,,2018-07-06 00:00:00,2018-07-07 12:20:42
f3d4074b2d8b27c50499d6d2563c964b,d8e06a0d47d09dae630bf252bbf904b9,5,,Produto bom e a entrega antes do prazo,2017-11-02 00:00:00,2017-11-06 15:41:19
f3dba40bc4369a06aa91e524d6f1e4b9,d0fc40215ca8a24ee1ad72bdac36c29f,5,,,2018-03-21 00:00:00,2018-03-21 21:50:25
f3e557da0834cc842b8de12f6f61734d,49e4b99628268d2b4f089f0662e13195,4,,,2018-05-18 00:00:00,2018-05-21 02:49:32
f3fbcbd212469b40b830a675cd3e4df7,84100b23fba8756e8a776f96e110c04d,5,,,2018-03-09 00:00:00,2018-03-10 02:07:13
f402629e02e52edfc1c2de32e0e58df6,113cda086060a05db0ef4fef6c8fe1d8,5,,,2017-05-06 00:00:00,2017-05-07 13:41:49
f40975833f14b2e276055012195ca742,72c8f22acc8e3ccdb8fd335aef2c00a2,5,,,2017-08-26 00:00:00,2017-08-29 01:21:51
f40cf64c5e95f244cea0b3ab0a5e8677,0c5f4de2e1c08a6da891feaafcf35d1e,5,10,Preciso do óleo para fortalecer meu sistema imunológico,2018-06-07 00:00:00,2018-06-07 10:36:47
f40e893a9a39633b0e27c2dd1303ed97,bbb23eb343ea788460a735b0d5df605d,5,,,2018-05-08 00:00:00,2018-05-22 18:39:56
f41813d86c65cd4811f34335cfa3c1ef,51d435906a0487f17df29d38429e931b,5,,,2017-11-28 00:00:00,2017-11-30 17:46:13
f428d35a26af01ee7a4cfacc63e7c9a6,e2d728d25671b9cc26c08107fad09654,4,Tapete,Muito bom e bonito,2018-05-20 00:00:00,2018-05-21 23:34:34
f43725f2961004bf75f59c5d610271d1,189711984919a2bdda375153d796d096,3,,,2017-07-18 00:00:00,2017-07-19 02:05:01
f4437e59697482a51e39e1205fe24b7e,b2ce866408709e3ba155f339e97b8405,3,Bom,"Bom
",2018-05-17 00:00:00,2018-05-20 23:17:01
f44e22203e35c5ebeef4c6f18004698f,95efc26128229ac33bfc67d4fce8fa28,5,,Chegou tudo certinho. Pode comprar sem medo.,2017-08-30 00:00:00,2017-08-30 22:03:41
f45da1806236731e19ae04c4c706be9a,1384f5f2f4532f5b9fa0f6cadafc93cf,5,Ótimo ,Estou satisfeito,2018-08-15 00:00:00,2018-08-15 22:51:59
f4692083409c1f5dcfd41fa88ce63268,0a154ed7ce417e33453d705b167a3d8c,5,recebi mas ainda não usei,"não posso avaliar o produto pois ainda nao usei, mas os prazos foram cumpridos na entrega",2018-05-24 00:00:00,2018-05-25 16:55:39
f46c8482780ba9ea693a612ee6cead94,a383762bd79949e1b34878460042cd23,1,,"Comprei 2 unidades. Apos atraso na entrega , recebi apenas 1 unidade. O grave é que o produto vem em embalagem individual e com nota fisc que aponta na nota fiscal 2 unidades. Recebi ontem com atras",2018-04-22 00:00:00,2018-04-22 12:27:49
f4704c43096d36a2a95ca53d530aa20f,81b1fd6b50d083d07912773bb6c8095c,4,,,2017-11-30 00:00:00,2017-11-30 14:42:32
f470df3cd7f38a92a341b3bddb2602c0,ad982819d59bc6c0fc50e08c0ee19e05,4,,,2018-01-12 00:00:00,2018-01-22 14:23:52
f47e1a28b8cf218efabc62aa53456dde,b88bf712c7aa1192376b4dc5bfadb916,3,,,2017-04-05 00:00:00,2017-04-05 21:32:59
f48cad2e553bb1bf73de9495f9a80783,44676f5946200b6318a3a13b081396bc,4,,,2017-12-20 00:00:00,2017-12-20 22:48:59
f48efda92d748b8be3d6d8cb473f7597,f7c983ea77108633138dd0ff5e2fbd3a,1,,O produto deveria ter chegado dia 03/11 mas nao chegou. Ele continua como no status da nota fiscal emitida. A empresa responsável designava 20 dias úteis (que ja é um tempo considerável).,2017-11-05 00:00:00,2017-11-05 03:03:06
f4a078407fe6e19a44fba5e63ee18d53,1f6588173be9bf635ac895276a116522,1,,Meu produto foi comprado em 25/02 e até agora não chegou. E nenhuma resposta foi dada. O prazo era até 19/03. Quero uma posição urgente ,2018-03-21 00:00:00,2018-03-22 22:21:56
f4bb9d6dd4fb6dcc2298f0e7b17b8e1e,9dc9cfe8dd61f0e37b0baa3043517059,4,,,2018-03-29 00:00:00,2018-03-30 00:29:09
f4bf4592bdca3a144a7b8a23b62516cb,9b2ebe500ef39b85f806d10abada8bc3,3,,,2017-06-08 00:00:00,2017-06-08 23:46:14
f4bf609d267804ff0373ebefa098cd95,11f97a9967bb081adb9883460c71e845,4,,"recebi o produto dentro do prazo,recomendo.",2017-10-06 00:00:00,2017-10-08 23:12:39
f4c96a13974dfdf2565c2c4f2d012062,b607cddb1d5540b72adbffe3ffa05328,5,,"Sem palavras de Tão satisfeito!!!
",2017-02-18 00:00:00,2017-02-19 12:21:52
f4d6ba04099f78079c19d942bd9e3a84,fae78da81b7ad4a5389732f61e0264ef,4,,Tudo dentro do esperado,2017-06-22 00:00:00,2017-06-27 13:35:12
f4eccf488aeda6650f7644379669eac8,f2be3946c5ae27518a65c37a05b914f9,5,,,2018-03-01 00:00:00,2018-03-05 22:02:28
f4f1c9efb5471f834743675de207f797,3772bd82db6b988f9a7008bdb3a4b729,4,,,2017-09-07 00:00:00,2017-09-11 13:54:08
f4fccd9db0122e613df4b5019ba2dd07,d8ab6e868995a618b7abea3119b56789,5,,,2017-07-19 00:00:00,2017-07-24 23:13:58
f510b7429860d30219d7af0b684d8c36,ec38e40a750810e337a528576f0090e7,2,,,2017-10-07 00:00:00,2017-10-09 09:13:45
f512545e7eb122e8c89107e198255875,773632f583feeda7d9b063496b6526a2,5,,,2018-07-14 00:00:00,2018-07-16 14:25:30
f5147351093db6525b8172b4880b43d0,a2bb1bcee7e5d4f4cd507e33d3e2cef9,4,,,2018-08-08 00:00:00,2018-08-09 09:36:04
f52d099c05b108d6d11aaaef41e4be38,1d01166814be7e95f72a3c85357fca45,5,,,2018-03-08 00:00:00,2018-03-12 12:17:23
f54431c5fc8e63d01827eff3d6dfbf88,c1f9a3a835ab0d3d2975ab179f78ab75,5,,,2017-10-06 00:00:00,2017-10-09 10:05:42
f57110fd17a1089408a586befa9b5e31,d231fd01d6c8e36e503f1a7f8a9734ea,4,,compra super tranquila,2018-06-21 00:00:00,2018-06-21 18:54:10
f5740b3a09f0246f792e20fd13282d25,3fe3d1ba41519dd81c6d6ebde0c8801b,5,,BEM EMBALADO,2017-08-27 00:00:00,2017-08-27 23:22:46
f58204e99d09adee73d61c37d49ffe5e,802d0f108d32ef094401c8cd4e965680,5,chegou certinho,Tudo certo.,2018-06-05 00:00:00,2018-06-06 14:13:09
f588bde3a346414726693187484f878a,e1d6acaba6d1e84b8514575b9ef6fd71,5,Excelente ,Foi entregue antes do prazo! Adorei!,2018-05-03 00:00:00,2018-05-03 23:40:27
f5d0052b042d4253960f07074d7f5ee5,0e3669da7effc0dce5fe5e8a52bb5805,5,,,2017-09-20 00:00:00,2017-09-28 18:36:54
f5d2fe49d8989cc3845657f8b65af67d,82fb8895a278d7ff122edb5df3e4abed,5,,,2017-10-24 00:00:00,2017-10-25 07:19:59
f6090e21bb5e3e24ccf651f17650c267,1a03dc5bbc2707562b5874fa0253154f,5,,,2017-11-04 00:00:00,2017-11-07 12:25:45
f60a8963b920d268ce1e90f63c445087,883be96e55d6e19b2ceef5cdd735d8fd,3,Instisfeito,"A imagem do produto induz ao comprador, a impressão de tamanho grande do objeto, mas é muito pequeno e ainda, realizei a compra de dois cobertores, porém acabei recebendo somente um. ",2018-06-14 00:00:00,2018-06-16 23:57:51
f61a89f4aa4f8d422540e780d60bd052,c0ecfbe7eb9d8435e0e3ecd0cdb899ce,5,,,2018-08-18 00:00:00,2018-08-19 11:16:21
f61d7970dc682d6623a6336fa31f66df,a2d8aaf39efc96fe140eda3e8f2e337e,1,,,2018-03-18 00:00:00,2018-03-20 13:59:49
f627cfb519e12bac288c6103ac3bc9e4,2583b27eb8957bea688a9cd41b7c0f47,5,,,2017-08-08 00:00:00,2017-08-21 16:51:45
f633396b3e37e02ff533cef9bb4676ed,d9a03aaa586760cdcfb4aaddbcfd0767,3,,,2017-03-22 00:00:00,2017-03-23 09:41:53
f64303f15fc0b0c691622994c6bbee4c,01c886b4b865797097ab2d051ae30cfd,5,,,2017-08-25 00:00:00,2017-08-26 00:54:08
f644015989b2d878c091edc30219938e,145737447654951f4cf49cae1faf921a,5,otimo vendedor,produto conforme o esperado,2018-03-03 00:00:00,2018-08-28 14:25:05
f64b23057144fa2335dda93a7b4883cc,79b15d097ccbb1f4c75763ad07a8d543,5,,,2017-02-21 00:00:00,2017-02-21 11:20:34
f655b6e860fd2fca8dc258549c5d2a7c,55d80e98635154dd309f2cb107f5e205,5,,,2017-12-11 00:00:00,2017-12-18 11:42:31
f65e5d7fdfbb2d1c1a2fbffdefba8848,97a046d5a9aba90849e4279fdd014fb9,3,,tive que buscar nos correios,2017-03-28 00:00:00,2017-03-31 18:32:48
f66367c78a081112ff932ec5795972bd,22557cb9c7229669e351a8460240119b,4,,,2017-08-23 00:00:00,2017-08-24 12:40:23
f66479352b04e33b4009139f5c6fa147,16bcafd500d4d2303b76bb9d95a1c5d0,5,,Lençol de ótima qualidade! Cor um pouco mais clara do que na foto. ,2018-03-30 00:00:00,2018-03-31 01:46:42
f66c67d137d96150c1bb35a70524a0da,4b9d4dd62814524c9244f8ca0bd377d1,4,,gostei muito,2017-06-06 00:00:00,2017-06-07 10:36:26
f677e8a401bfcea19a07f5f5c4c58623,8b06c6beb946868da80b3d6c18d20917,5,Excelente!,Entrega antes do prazo!,2018-05-25 00:00:00,2018-05-27 15:49:10
f6870581f6edd845905a8e7afba64a55,63f33355005859ddb3eee5b1a2c48747,5,,,2017-08-08 00:00:00,2017-08-09 15:27:17
f698890895a66ac62c4b1f2cb47f5d8d,d1845227bab7e5c1f169cf2a98d742a1,5,,Continue assim,2018-03-11 00:00:00,2018-03-13 20:49:36
f6a3651a64894fa4509a4f4a4e9221c2,5d4904af2abec966288d8236c091bbda,3,,,2017-05-27 00:00:00,2017-05-28 02:48:52
f6aefe24138d3f9d05cc6fc62a317ef4,adf1d1f9f725c103056bae5f78d77513,4,,,2017-10-26 00:00:00,2017-10-26 17:57:14
f6d954ff5c6f051e90687a4c58ad3edc,19179eded4e54ba2c63655b3708f4fc0,4,,,2017-06-20 00:00:00,2017-06-21 03:22:59
f6de0cc6fe79a9a4e9401ed097b96135,167a89d17687b40764e54424ec1f9afd,1,,Ainda não recebi minha capa de sofá tô aguardando,2018-06-16 00:00:00,2018-06-17 12:27:29
f6e13b426261eff4cee491469e3e960c,8a601ac58a66e7a37b56294b81c2b373,4,,,2017-06-30 00:00:00,2017-07-03 11:45:05
f6f586bdbc49b10e0ab34a9566e7ba39,fcd173d025d9960fde973eb391a98e0b,5,,,2018-02-22 00:00:00,2018-02-23 14:50:15
f704e08e6bb854247bb095f3fe804857,049db9aade07d0056ead438e182f2b52,5,,,2018-07-14 00:00:00,2018-07-22 01:29:27
f70608bf9b456e29abc4566f8941602e,dd082c5f38a7001c40cf57a14f1b3b34,5,,Produto entregue com antecedência e preço muito bom. ,2018-03-24 00:00:00,2018-03-25 02:35:54
f71b5897dddaa9bea3e4911d4dfcf9bb,140c901be097e36e0ee9e2249e97dfdd,4,,,2018-06-02 00:00:00,2018-06-03 01:54:43
f72caafecdd773fb1efcb9e4b84f1c13,abf95d8f93963d70ab53ff935297c315,2,,Pedir na cor preta e veio na cor vermelha.,2017-04-06 00:00:00,2017-04-07 15:11:05
f73ffb03afa29c3c72efbaf733245d22,456115679f3b40b36e79c9d0713bcc9e,4,,,2018-04-13 00:00:00,2018-04-17 10:58:30
f74a77537862dcfa1c6c880dce08f9d1,a1a5a93917c05f8f0a018f68e63a8f52,5,,,2018-04-10 00:00:00,2018-04-10 16:09:54
f751740c9bf83c898223d2dbacc820fb,e7fc47a9bd5fd8c1d1b566d1553be0f4,1,,se não tem estoque não poderia ter a opção de compra.,2017-06-09 00:00:00,2017-06-09 18:08:15
f7561ba334997efca8b8df3df5a8390d,a5de9034056efda4d24346ed92962a22,5,,O produto chegou no prazo e bem embalado. Eu recomendo.,2018-03-27 00:00:00,2018-04-04 04:26:41
f76233c0c83e04612917cf9322baa98d,b9fbe26657178b8754633a24a8e066c7,3,,,2018-08-21 00:00:00,2018-08-23 00:04:56
f7652e6c3fd1c732aa4f13716be50e48,27feef8b6702f1d6ccdffd697e7f4334,5,,,2017-10-11 00:00:00,2017-10-13 10:29:53
f7657c33155c52b79d0c7efadb705a6e,8433606149b115b9f6e1916bdbe08dc4,4,,,2018-04-24 00:00:00,2018-04-26 19:56:41
f76c1205c2a85f2be09fbbe71d8d0b7d,d917b61df82dea35fe77a6dd3f6022e3,1,,COMPREI DOIS PENDENTES SÓ CHEGOU UM. PRECISO SABER O QUE FOI QUE HOUVE?,2017-12-31 00:00:00,2018-01-03 19:38:46
f7de946db2bd62e2fc820df476fff53f,84e407da1f6a0299466bfa129b7311c3,4,,,2018-02-23 00:00:00,2018-02-25 12:40:10
f7df9f105333139d1f404308323aa001,918a23b289e2ce640ef9dc1f1b4043c5,2,,não recebi,2018-04-07 00:00:00,2018-04-09 15:23:52
f7f8cf94bf11216bf89eaa21f5677768,a4df4e468e42ed5687c3ee2e925239a7,5,,,2017-12-16 00:00:00,2017-12-17 19:53:44
f7faac86341ea86fb8fbdcdd830160e5,61d54e16685b5da6db2e220e6588c376,5,,,2018-07-26 00:00:00,2018-07-31 00:02:50
f81049e8a126c962a780ffba69c537a4,0ed85071f4330f23eb0a71d4c26ded6a,5,,,2018-06-16 00:00:00,2018-06-18 21:46:41
f814e5a41c4fd5730c29fccd9c6bb3eb,832e0a03685bfc20477ea18436e023a2,4,,gostei de comprar nas lojas lannister e mais barato ,2017-06-08 00:00:00,2017-06-09 10:52:33
f81801b15a0c5508816428f919d34d10,69ecf8a73bd1de33c57b060448315a92,4,,,2018-01-17 00:00:00,2018-01-20 21:24:35
f8268f5bdc74329e0476efcce6ccb535,e4b08027ba9629dd5aee79bff0dcf804,5,,,2018-07-24 00:00:00,2018-07-25 11:15:54
f827ad18b1b440f0761dcacb5a15dbe4,11a9088002b4fdb9c21827b2b585dcf7,3,Entrega faltando produto,"Eu comprei dois produtos, um adesivo de parede e um estoscopio, só recebi um produto, o esto, falta o adesivo e está constando como recebi no site",2018-05-19 00:00:00,2018-05-22 12:59:47
f8332809785682d6516319f8fb5fa8ce,bd971b573fb91b8be91c02b0fc251b98,5,Nota 10,Muito bom continuem assim!,2018-08-21 00:00:00,2018-08-21 22:11:33
f834889d6c18289d7da2713518f0f389,d7516b945750658964b64128d3de72de,5,Ótimo seller ,"Entregou antes do prazo, apesar de não ter o sabor escolhido, o seller foi atencioso, ligou no dia seguinte, me dando outras opções. Super recomendo, entrega a jato! ",2018-05-17 00:00:00,2018-05-20 16:55:03
f83fbe44623915112622c82798d0980f,4a5a742a2a571604208cc3f88ea253fc,5,,"Tudo ocorreu, como esperado.",2018-02-10 00:00:00,2018-02-10 19:43:28
f85a63b64b8ffd62deded8c966ed9f8d,c55bbd7d615f5734a0ac469376ff0778,4,,,2017-06-23 00:00:00,2017-06-26 20:26:38
f8632b14ec8c8ea772ff086f3ad15b2c,35bc592a16d6706d14d29f07ed1d13c1,5,,o produto foi entregue no prazo e bem acondicionado,2018-08-23 00:00:00,2018-08-24 13:42:42
f8752b6fdea45a5b18ad5bcc25714667,df9eb91b90f72e0b73a3b71466a9a44f,1,,"Dois dias após o prazo, um mês após a compra e nada do produto chegar!! Frete caro e ineficiente!!",2018-07-06 00:00:00,2018-07-06 13:16:25
f87f54e7c7226b9e3d9eb9aa50ceceb4,3be9765eafd8ecf60d00e05f4cb35ad1,5,,,2018-02-06 00:00:00,2018-02-07 00:04:01
f8b78c81700ee54cf3f849bf00cafa52,ce9a38787c8e09ef2239972b3149278c,5,,,2018-01-07 00:00:00,2018-01-07 19:11:07
f8c0d1b3652378ced5b08a5e3647a1ec,8b93f79b1a4d6b3388dab2356493c0b3,5,,Produto muito bom!,2017-02-08 00:00:00,2017-02-09 02:26:09
f9056df5097377c6e002bfedaaf3c50a,ceae0f133957c3337b7f630eb8bf80d9,5,Muito bom,Muito bom!,2018-07-21 00:00:00,2018-07-23 18:49:27
f90cabcd15d04729018ac9fdf45169de,016495aaab3fb481dc9decab2b4fdbfb,5,,,2017-11-23 00:00:00,2017-11-23 20:44:53
f913ac07498df119ae5b632779a9afc6,4abace28e7ad35184649078401530a5c,5,,"Recomendo esse produto! A cortina realmente bloqueia o sol... É muito bonita, tecido de qualidade...",2017-09-19 00:00:00,2017-09-21 12:37:32
f9183aa72368168032f8bdb8c1d28924,f86f6472fa9f395d8d9a6751ca118afb,5,,,2018-05-10 00:00:00,2018-05-13 13:19:11
f937982c55e28be9d4f0d4db540f998a,531b7ebd1fe920da63f51af4667a7962,5,Super recomendo,Chegou até mesmo antes do prazo.,2018-08-08 00:00:00,2018-08-08 18:14:11
f940afe25bfdc1ec47b08eb25e7ef2e8,de96b93d26af6d6a5c3aa622e245b86f,5,,linda a cortina,2017-02-07 00:00:00,2017-02-10 13:57:33
f95f7ab24a3ff4d7461cdeaa5155a1f8,df258d3d30d51b9991fe71bb0e4f126c,5,,Chegou bem antes do prazo e o produto é ótimo,2017-07-06 00:00:00,2017-07-07 18:43:40
f960bfc17d43bdf5a914819bd0db5297,2279e81e4cfd1c590ccbc2e0b9c1b90b,4,,,2017-10-12 00:00:00,2017-10-12 22:23:27
f97114bab6500557e62726abae654a59,e97b95303d6054c4c492d83dcd06ac20,5,,Serviço ótimo,2018-01-25 00:00:00,2018-01-26 21:31:35
f973033b24c958e51f26ef33e8a835b4,d946899ce911ebb570750e694994f812,5,,,2018-07-22 00:00:00,2018-07-28 01:44:30
f9797534a5a83817890774a28165a48e,940f98f306f127ddd621e4a991e03478,5,,"Entrega bem antes do prazo, material bom, gostei muito e recomendo.",2017-08-10 00:00:00,2017-08-14 15:22:01
f9818de432ce74f999ac297dd9e147e4,d37e7ffb183809b759828865f66eca59,4,,,2018-01-18 00:00:00,2018-01-20 15:24:25
f98abd45567d2f3b9703e448097a70bf,6257920a3e9d55dde77fe023d8a24979,3,,,2018-03-23 00:00:00,2018-03-26 11:17:16
f98ec5e4991e6fb718a40a9958f3de6e,f832a90e0e5f392aa29255b5716b012d,5,,,2018-05-03 00:00:00,2018-05-07 13:17:28
f99dfe2f5c3c5581cd79be7661b5c359,ce34eeaea4785aa1d4b7004019247aeb,4,,,2017-09-20 00:00:00,2017-09-21 14:05:37
f9a0b6538b2d5b72676815e7f81bd352,c2d3596a04c210110354bc6e84240658,1,,"Ó óculos está quebrado , não está segurando o celular !😞",2017-03-17 00:00:00,2017-03-18 03:21:51
f9a2b18d4798b4735d9c23ab95e872fb,e70079a333e4ddca8787daf05873a6dc,3,,,2017-08-16 00:00:00,2017-08-21 11:36:27
f9a2c6858549ff7d8e8ff8ef60fe719c,3765a79496712d9bb7eea316cc9ff2c9,5,,"recebi mas ainda não instalei. Veio conforme imaginei . lindo, espero que funcione perfeitamente.",2017-09-01 00:00:00,2017-09-04 20:47:13
f9a4c3f00048935bdff17e29fcf28058,7792343581cd5fc0e1956c59b543afc8,5,,,2018-04-25 00:00:00,2018-04-30 22:50:09
f9b18046cd9a0d945fecc4dc6d46382d,507a4eb733d930ed7dfc37c2dbe4e264,4,,,2017-04-11 00:00:00,2017-04-14 10:17:56
f9b9761c5180c15c820b5ee8b5a1de69,14b3ab242ab978f908ac651dcae21b8f,5,,,2018-01-09 00:00:00,2018-01-12 00:10:58
f9bc8ae5b1401dbc244b21468e8991f1,8810a5e7c83bd0f3fd59dec5491fbb2f,5,,"Não há problema com relação aos produtos e nem com a data de entrega, sempre recebo meus pedidos bem antes da previsão, por isso sempre faço meus pedidos pela lannister.com",2017-03-22 00:00:00,2017-03-26 19:28:11
f9be9b9bceab0df2a8ba018180410c02,e148d34dad8db4dc18a911c2a74413d7,5,Ótimo,"Parabéns a loja pelo preço, produto é agilidade na entrega.",2018-06-08 00:00:00,2018-06-10 21:27:52
f9d801bd1d6ad53f281c1d7b26b70da3,d0fd185aad137f701270f63d6cab8e42,4,,,2018-04-20 00:00:00,2018-04-20 18:39:22
f9e7067283960f7f73ecb66e68bfe54f,45d9d23c62d17d0c6aadb813d38831b3,5,,,2018-03-09 00:00:00,2018-03-13 20:04:40
fa011e81cf71706bbed6211af5464b86,2690c84e60cbc597c732d126472db7cc,1,,O produto ainda não chegou... ,2018-03-08 00:00:00,2018-03-12 13:14:39
fa1252a1d80a62c4c283dea491f7fe8a,28b219f462742fe93f57a52d18b67612,1,,,2017-11-01 00:00:00,2017-11-01 23:20:12
fa13d56321b189129ff53d4297a09986,b91b89682b68b44b95f65cd872c65b59,4,,,2017-10-31 00:00:00,2017-11-01 19:45:36
fa224b6af02d9a33acc234086fd384fc,2b091bda8d69a64119fa4ec34147f946,5,,,2018-03-23 00:00:00,2018-03-27 11:25:52
fa2707dc378e5d35f1988e6cb4b59b29,02610d88ac343ed64988d2706ce3ebfd,5,,,2018-02-23 00:00:00,2018-02-23 22:49:27
fa310d7119049166cf8c75c1bbafefc8,46081612169925ef8882b3bbf1c5011d,4,,,2017-01-28 00:00:00,2017-01-31 14:58:30
fa4d145ad4fd30c0a28bf1b2b6c0d806,61e9a85f2e6a0706d34fc63145418160,5,,,2018-05-03 00:00:00,2018-05-03 23:27:08
fa4f24e306ae2c76c1174a90ca1078a1,0a8c76aaf89178fd0f7655214a6b5223,5,,,2017-11-30 00:00:00,2017-12-04 10:53:51
fa54a87dec44c1a4d380d81d63719dc6,f0a795dac0e5cf6a6f98cdcab173ffb8,5,,Rápido e de boa qualidadd,2018-04-03 00:00:00,2018-04-04 01:28:34
fa6763b78fef8cd73eb49e103300508c,dab8a6c6bd6ec448df5b3a6b6cb887bc,4,,,2018-08-22 00:00:00,2018-08-23 01:21:33
fa68fa41d709d68688f6346a67aa2a50,83eee67c21d596a653687afe2c8ebad8,5,,,2018-04-27 00:00:00,2018-04-29 22:34:45
fa79721e1fe4f7f52a52bd1dc5a5f0df,d21d7411b251f35ead1b210dc946ca70,5,,,2018-01-23 00:00:00,2018-01-24 15:09:14
fa7f32a42595fdb122b44527d8765a01,084ac56b13107e32ab92934f70638bc9,2,,"Faltaram algumas pequenas peças e muitas das peças enviadas foram de uma qualidade duvidosa, não recomendaria ninguém comprar bicicletas por internet sem antes conhecer o vendedor...",2017-12-12 00:00:00,2017-12-14 23:38:21
fa8bdc3d064e2f1080e8896087ff1338,fd3b391929c4fc835fb015acdf8049e2,5,,,2018-05-17 00:00:00,2018-05-21 13:11:34
fa9f8b9979a8106c1b352f7ac52b52e8,82c25f5fe611fe504eca8e2ded507842,1,,"Ainda não recebi o produto previsto para o dia 28/08/2017, estou insatisfeito e gostaria do provido.",2017-07-30 00:00:00,2017-07-30 22:00:45
faa4afe4b77ca248e5efa7633d8c3367,e5e002b62cfa5c3917cd18d862778916,5,,,2017-11-26 00:00:00,2017-12-05 12:55:38
faade3dcdf6e151980bd8744965dfa1f,f9c3b3bf31139769a9952d2228555efd,5,,,2018-03-18 00:00:00,2018-03-19 00:24:00
fab75cbec20b6c3f78047033c55513f6,32fb9842a1e575a59a048b0f5b471d94,4,,"O produto é bom! Tem uma qualidade media, mais pra alta, recomendo pra iniciar e também pra decorativo e perfeito, vem com o suporte pra colocar na parede. ",2017-06-24 00:00:00,2017-06-24 20:29:37
fac74e39a33f4133b0c4960f193596ae,aab8c7dc7990b7626dff6f216cf44b99,5,,,2018-03-02 00:00:00,2018-03-02 10:12:45
fade356e7332606aa22776d8d553cdce,837b75362f8a7c08c85182dfd16cb72d,1,,Ainda nao recevi o produto.,2018-08-12 00:00:00,2018-08-12 13:51:31
fae72710a5b11bfc70f282978a2714e5,76df43658d302b7e5418f9c5b366b4bd,1,,\Vou esperar atraso dos correios,2018-03-31 00:00:00,2018-03-31 12:28:43
faf01ceba790d683ebb490fbccfbed8c,e8157cf4fcea528ade55ec61d5cb074e,5,,,2018-04-04 00:00:00,2018-04-05 12:47:47
faf6b4b913649d52fd2f0d6e5e3657d6,0abf7f13c92f93e708a28f32316b13d3,5,,entrega rápida.tudo certo.,2018-04-03 00:00:00,2018-04-06 12:36:25
faf93eb65fb0ede4a0a04b386a9b7c04,22f7d2adca9b9787cd01ba3f09f8aa03,4,,,2018-03-22 00:00:00,2018-03-23 20:09:43
fafbaaf7d88ecf805685e8e96d47cdc2,97998b2b2e9a8fdfaa4ed32426a52878,5,,,2018-06-02 00:00:00,2018-06-04 20:00:30
fb19e8ac7c82c59488f5b6db031c51bb,feb1bffbc0aa19c5d82a2d326737877d,2,,,2017-10-17 00:00:00,2017-10-24 01:13:29
fb241130233bdd105d6c20d67af1aa53,e905fcbedf011d18698d529c885b7802,5,Excelente ,"Amei ... Chegou bem antes do braço, recomendo ",2018-07-07 00:00:00,2018-07-07 19:20:25
fb2956e44143bd40fbb13e0d47fc3d79,4bfa32127f9cbdeb864796d1132b1c0c,5,,,2017-03-21 00:00:00,2017-03-23 00:21:55
fb322288a7b3d37447f2f83a5175b528,8dc71d90daff59b6abf5eba2e80fa928,5,,,2018-06-05 00:00:00,2018-06-08 01:03:00
fb3c1e4f0cd65ddd726f5212a4993e95,b5e095024706f86e26f9ae88b1d81811,4,,"Entrega super rápida, produto de boa qualidade. ",2018-01-13 00:00:00,2018-01-14 14:18:47
fb4a27fa55226f7a924b8943ae0b2e42,4431ef82561b8626af05cf6e4c30f8a6,5,,"Escolhi a luminária, comprei e como é usual já esperava receber no prazo máximo. Na verdade, achei que era até um engano quando recebi poucos dias depois da compra e tudo conforme combinado no pedido.",2018-04-20 00:00:00,2018-04-21 12:17:07
fb65aa2eb11be3dbaa508bc525257826,677baf2124c367847775baafbd4d609b,3,Bom,Bom,2018-05-10 00:00:00,2018-05-11 11:02:35
fb75088159c0fdc5716d01ca21e69494,6eb1445131218c4f6a6ef2d4960e4f51,5,,Chegou antes do prazo! Excelente produto! ,2018-06-16 00:00:00,2018-06-16 16:05:39
fb78bfea8b77b3ac52b52d564fa39900,463cefaa4147d39621500e986396b5cf,5,,Tudo suave,2017-12-29 00:00:00,2017-12-30 08:42:25
fb7a0afac525e79c72a68d9e5a58d9f7,679bfcdc0a607b524c44ed093e318346,5,,,2017-11-18 00:00:00,2017-11-21 16:19:23
fb849f691f52023ea3406dcbc5b32ed7,92295e7114a22f7180b04673e44cda17,5,,Simplesmente tranquilo e super satisfatório comprar nas lannister! Parabéns pelo comprometimento ,2018-01-25 00:00:00,2018-01-26 17:38:07
fb871b8668c5c196d0796346353c563b,92af6caa17b88fab18c4c443739e1f13,4,,,2018-04-27 00:00:00,2018-05-02 13:59:15
fb96ea2ef8cce1c888f4d45c8e22b793,38beac7cca7c937da89f8aedee76f944,5,,,2017-07-21 00:00:00,2017-07-26 13:45:15
fb99f9b56f00f8c01e47aa5c5e41a105,0e8a50eedd19fc32a3537ab8ea559f33,1,,"O produto não é original da marca ,pois uso a anos ,tem cheiro diferente ,textura diferente ,cor diferente ,embalagem diferente da original e da fato ,bem inferior ao original ,não vou usar . ",2017-04-18 00:00:00,2017-04-19 18:01:57
fbd3cc807d8526fecf3852984405bd34,b592b39d5b89b9a97358183e80694274,4,,,2018-03-01 00:00:00,2018-03-04 17:35:49
fbdf6fd82dd1af8d026926afb3db95b3,c4bd023ec3c8f99bdc3a817584217988,5,Super recomendo,"Parabéns para lannister.com, compra super tranquila.",2018-08-07 00:00:00,2018-08-08 10:57:36
fbed4ae473ee58739d32bb5816dcd27f,feeaaeb6a99fc794212a29c84e6d527e,5,,,2018-08-31 00:00:00,2018-09-01 13:01:12
fbf69e0240319cfe22b012c1e220a58b,7681bce993e841ae140c728b7c8f1b9c,4,,"Chegou antes do prazo, parabéns!",2018-02-22 00:00:00,2018-02-25 21:40:11
fc0277d30d258a9e80e67ccdf8cf84df,ee817f9b5a460a02a218d34e1b6ac26d,5,,,2018-06-23 00:00:00,2018-06-24 13:13:29
fc0bd1813743920a7e2eace55506ccd0,cde556d2719b7e857f50e3f235f0460a,5,,,2017-04-28 00:00:00,2017-05-01 15:51:36
fc1a256841d9969f97113b6350209ad2,114483c2698c3681197da8cbb87204b8,5,,,2018-04-27 00:00:00,2018-04-27 13:59:49
fc2b9b360d6090fa6e849a59370ae6a8,39f43f2f3fd37877826085cd7e657b14,4,,Recebi no prazo estipulado e corretamente.,2018-04-06 00:00:00,2018-04-07 19:43:04
fc39e702d87bf30193b0cac67be8f0a6,efd8d1b981913fbc82d5cb85e7e0373f,4,,,2017-08-23 00:00:00,2017-08-24 10:45:39
fc41d05306f9abb4cb34554d24fe0e8e,de72d70497698d2416dc47712bbc7678,5,,,2018-02-23 00:00:00,2018-02-26 19:18:01
fc52e28ed7b534d2fabc3c52c556d0f5,408e91bfedadd9e3a02ea46af7e6cb4e,5,,,2017-08-09 00:00:00,2017-08-09 19:51:33
fc59a4c5e34d75dec9ce94203c031516,66b073eb59202fd98ae224db60ccb476,5,,"Resistente, pratica e linda!
Meu filho adorou!",2018-02-02 00:00:00,2018-02-02 16:44:59
fc78182140a03719414d9587dfbfd95e,f11d5bb456a331aa3df2a83c1bd4af85,5,Ótimo com qualidade. ,Fiz uma compra Para xá ultra 3223 mas feio outra ficou apertada. ,2018-05-22 00:00:00,2018-05-24 23:04:52
fc7b6fef62f97e4e81626548db064f33,9dbaf3879dfddfc43171aaf9a9c0a82a,5,,,2017-09-13 00:00:00,2017-09-21 14:01:36
fc80a42fc6b8d218494e72a251640fc2,3c63f38b18f9c813e6a2947f12708660,5,,,2018-02-26 00:00:00,2018-02-26 19:52:47
fc906850133b4a339e3aad7b79dbfa7a,c711d7f26c4563f427379e7ed3bfdc51,1,Não recebi até 28/04/20,,2018-04-20 00:00:00,2018-04-28 12:44:12
fc99664d83b8f5f939f98d34e1c5ad04,2f48ebdc1794aeb862ea825214ef13b4,1,,solicito o cancelamento,2017-06-07 00:00:00,2017-06-13 23:19:47
fc99f9b6c3693f9326603f9449ab9ee3,0055b77cca3186676c147f532dd2547b,5,,,2018-03-08 00:00:00,2018-03-12 19:42:38
fc9edb8211440761d330425ddb83c3da,addef08806ad9aecf14f8577435cc798,4,,,2017-07-28 00:00:00,2017-08-12 22:48:51
fcaa556611b774da9b5c8a73040aa76f,09ae30c3aa82707a515bda0df370f7d2,5,Razoável,,2018-05-04 00:00:00,2018-05-06 21:06:09
fcc801c097d650d0a0acae28a952cc1f,b0f913cb83681e8a8563b96b641b3e1b,5,,"Produto chegou bem antes do prazo estipulado, mas tive que ir retirar o produto, pois não era entregue pela transportadora.",2017-02-08 00:00:00,2017-02-09 09:48:57
fcca51708e3244b844ac0ee6de58596a,7dfbacd668c23f1d45720c457f2aaa70,5,,,2017-06-07 00:00:00,2017-06-08 12:40:46
fce1ed485c35dbae0c967233e9dda1aa,42061993a7f760c55ad0f98cb2b7bfea,4,,,2018-05-12 00:00:00,2018-05-15 00:18:01
fce2fd5d7a5775c8bf4e7186cd00aab3,398545ae905dad286c70f01c7e7311e1,5,Ótimo ,"O produto foi entregue antes do prazo, em perfeito estado. O embalagem poderia vir um pouco mais escura. No mais, tudo perfeito. ",2018-04-29 00:00:00,2018-04-29 19:40:25
fcec1f83cec286d398e21eec6e29ef7d,00e7aeced1d61792368ec7bf8b967a90,4,,,2017-05-05 00:00:00,2017-05-06 12:58:49
fd05af12820b96d70027184af7f072cf,db1cfa492610bccff9d25d439a9ff2b6,5,,,2018-04-24 00:00:00,2018-04-26 18:54:57
fd33af2f7a19b2a03b18e42eb8595ea0,6ec1c5688688bee3df9dd2202ac41a7e,5,,,2018-03-30 00:00:00,2018-03-31 11:51:56
fd4367b6307aee2ee45de7276e45993a,4f586e2756d31db4f5d770d170dd51ae,4,,,2018-05-12 00:00:00,2018-05-12 15:17:18
fd446cf5105e9f722c1d5246f55c7918,3a18feefe5d21fab0d8b3af7813510af,3,,,2018-04-04 00:00:00,2018-04-06 08:29:29
fd4e5ff69f8cb5665852631035e0c348,16656bc6faba3fd5740dd2305e5a9a94,4,,,2017-07-25 00:00:00,2017-07-26 03:13:20
fd50fc8fbfaa0d905bb5028abd7e6426,9fbe7e5fb8d03b367b8a3b7b995ce6ca,5,,,2018-08-01 00:00:00,2018-08-01 15:04:49
fd79cc4422c1831c888d1e394c0a3db4,a3316b63c1f065d129b524f658cce198,5,,atrazo por culpa do correio. loja honrou compromisso recomendo,2018-03-15 00:00:00,2018-03-16 01:15:40
fd7d54be43a1618cf231e66fdd87331c,2fb20060c4293790e86d35ac3943e141,5,,Gostei do material e a entrega foi até adiantada .,2017-12-11 00:00:00,2017-12-14 11:25:42
fda393e0b08a32e2ad9ecc5b83710a80,699d148662aa317f3b1ff76239dd102c,4,,,2017-09-29 00:00:00,2017-09-30 21:15:58
fdb0396a4d35154429b3077a53223845,9378b5fa3133e86bb44a365e66c24b03,4,,,2017-10-31 00:00:00,2017-10-31 15:52:55
fdcd327f5d869ebd4836ce8e4a49d6d5,2d6e7665b6e34b4c1531c9e06517b1f9,5,,Recomendo!!,2017-12-21 00:00:00,2017-12-21 14:20:06
fdd2a2aa5328047534cae53d5175b606,e78e6c2d9d913cda60562cd825c90374,2,,Recebi o relógio cronometro mas não recebi a argola olímpica.,2018-02-03 00:00:00,2018-02-08 08:17:24
fde3b7331db3f551d98d5e1f3a12276a,5908173cac04f7b1861e21b7f4f639da,5,,,2018-02-02 00:00:00,2018-02-03 02:13:30
fde9bd1ed3f00cd2bebb93e6d9bccd04,2da6ebf3d4e564ca7ed21893aa78d820,5,,,2017-10-11 00:00:00,2017-10-12 06:21:38
fdec6ed29eed013a8a4cb1842b6b8dac,18fa032cf65a1c5c2820d16276b4741a,4,,,2017-11-09 00:00:00,2017-11-10 07:29:37
fdf67d7465b96cb716650657173905cf,14276b4f803d028dd9b569f6c22a27ca,4,,,2017-11-22 00:00:00,2017-11-24 15:12:44
fdf7024613bcdf1c6cd3bc2751418676,6e717532e0002abd1bdb69428673bbce,5,,,2017-11-28 00:00:00,2017-11-28 21:49:06
fdfca8fa7eeb3f2451289557e4aa7efb,35575d651196f286d8d73c2b92653aa1,1,,Olá!! recebi só parcialmente os produtos; faltou um item. ,2017-11-24 00:00:00,2017-11-24 17:47:38
fe020f1faf14c645beda6041703e3445,7a06f1e596e63eac60cd9f3085ea501f,5,,,2018-02-28 00:00:00,2018-03-05 00:44:39
fe0768a52f12dae56df2af7c459ff3ce,ba7ba0ff040d6808492c4456eeb13730,5,,"Eu gostei muito do produto, eu recomendo.",2017-08-22 00:00:00,2017-08-25 14:14:42
fe22285802148b2ab1817d59467dcd21,5564c14d026bf6c92241f070bb98fb5b,5,,"Só não gostei porque não vem manual de instruções,Deveria vir explicando pra quais áreas do corpo devem ser usadas, obrigada",2017-08-01 00:00:00,2017-08-02 03:27:01
fe253b01071a85b4643f4cbfdf545083,7388c6ff667e30b4ba78bdca9dccd818,5,Super recomendo,"Produto entregue muito rápido, gostei",2018-06-12 00:00:00,2018-06-12 22:38:23
fe35394b3a67c17eb7fd21a08762e307,1db142fdab73b764609d8a15e7dd5a38,4,,,2017-06-13 00:00:00,2017-06-14 17:46:50
fe4ca3667acf0fd755636a1efc397abe,e0740375ce45558ac111af54a98325e8,5,,,2018-04-17 00:00:00,2018-04-18 21:52:49
fe54aaf9a1c8a6c77449b9c64e457032,18b9bf2dbee620dc2f5b9d4a747c2819,5,,Tem como me envia o meu produto novamente ,2017-12-14 00:00:00,2017-12-15 00:54:06
fe580d9142b98ec8cb20cdec70992474,0d5d3777270af3ab88e1ad0e74c57e52,4,Ótima ,,2018-08-18 00:00:00,2018-08-24 15:48:44
fe58f3eef8cad6c4cfce23fc21ec1c43,4c225b047eda6a8fcff282ce94b8fcc8,1,,"Não recomento, comprei um produto e me entregaram outro, ainda queriam me convencer que eu e quem estava errada, tudo é uma confusão e burocracia péssimo péssimo, a minha sorte e que tinha as fotos.",2017-08-10 00:00:00,2017-08-10 19:38:38
fe598d6478115e46fc5b27021e212f19,b112f026e8295ce7ec84e17bb8ab3988,5,,,2017-11-07 00:00:00,2017-11-07 20:21:06
fe5c833752953fed3209646f1f63b53c,d3775e436e60258e62e678a0f68a0f8d,1,,"Comprei dois produtos e ambos, mesmo enviados em dias diferentes, estão como em ""dificuldade na entrega"" segundo o rastreamento dos Correios. O que nunca me aconteceu antes.",2018-02-28 00:00:00,2018-02-28 13:57:52
fe5ceb0158291d7723d2bfd8bd1e740a,7d5ab17890987effd9d8a3224a8935fa,5,,,2017-07-29 00:00:00,2017-08-02 15:25:47
fe5eef6c5c8e3a4664febfb5391c2724,79e6c42fdba43c9005ec3407a878e1b5,5,,Pontual!,2018-02-27 00:00:00,2018-03-04 19:50:57
fe6b29996bd23ae423bc75074142c2e8,abd23f048bf60025ad66f8cf56c85379,1,,,2017-04-20 00:00:00,2017-04-20 22:37:27
fe7a7c6193f8a4c9273bfd704ca2f450,a68d55e37069898482bef61866cac7f4,5,,,2017-09-10 00:00:00,2017-09-12 22:06:28
fe7d9a55566415627e8f16eff5aab71c,2aa83d9dae401c1373417afddd15fc5c,5,,,2017-07-06 00:00:00,2017-07-13 16:26:21
fe7dad50bf223c68e417987aaca396c0,e546da8f5a68e30c67e5cdbb75a3447f,4,,,2017-08-16 00:00:00,2017-08-17 03:34:01
fe8b1b1056e187004296608e1cfb5ec8,e81a8cb665767198e8d2e17dcd39af87,3,,"Meu produto chegou , mas estava derramando , intornando, apesar de lacrado ",2017-11-29 00:00:00,2017-12-01 01:38:00
fea87c14745e1d1983534b5e5bc81932,7803d0f984dfa8078247ba07d2645bef,5,,,2018-02-16 00:00:00,2018-02-19 15:19:04
febbc8da6b7bb374b45d631ef56a99c1,0659ee4a8b8b8da8337c94d35e423c74,5,,,2017-12-02 00:00:00,2017-12-03 19:45:50
febcf8bee88487b103f4c775a422307a,3a6b05ecacce688f20fecd1824db1c58,5,,,2018-01-18 00:00:00,2018-01-23 22:51:06
fec690751b60dea5a58376a9a90e950d,61e3bd0de079bba22ce8062d0ef4d393,3,,"Novamente não recebi atualização de onde estava minha encomenda isso é muito ruim 
",2018-01-30 00:00:00,2018-01-30 21:26:38
fed3e2adff643926618ee94bb2fc5610,b37fc42b9b16ca9e092edcf0c06bd1f5,1,,meu pedido nao foi entregue ligo pra vcs e nao consigop falar quero uma solução urgente ...vcs podem atender pelo menos o telefone na central de atendimento por favor,2017-11-26 00:00:00,2017-11-30 11:59:02
fedf09a32c3cf7fc369b6df021fb3b66,cf56d3d1b65accb1412da2abc22ff4f7,5,,,2017-12-08 00:00:00,2017-12-10 20:20:32
ff0693cd9ed942fed4dc10a397be570d,732f26c55f8366066c096f572cb73854,1,,"Boa tarde, não recebi as pétalas, somente o adesivo para parede. O que faço?",2017-10-25 00:00:00,2017-10-25 15:06:30
ff2157b45dd419cea8c4a66c371a81d1,90176c61fcf0cfd97a3e373c0375ec49,5,Recomendo,"Entrega muito rapida, antes mesmo da data prevista, produto Muito bem protegido para entrega. Funcionando como o esperado. Nota 10.",2018-08-02 00:00:00,2018-08-02 11:59:08
ff46b82c63603969d49b719acb92383d,862a507705acaf4976559515b7b78908,5,Muito Bom!!,O produto chegou no prazo e em perfeitas condições. Muito melhor e eficiente do que eu esperava. Apesar de ser da lannister.com.,2018-06-12 00:00:00,2018-06-13 12:20:09
ff47bd9c9fb047d0404431a857b2458b,8c6dfc3056be4a27212a845d5f2bddc5,5,,Amei os produtos ,2017-04-13 00:00:00,2017-04-15 12:41:30
ff53e0eb936cf25b0f35d2d4e9f37de0,08e5962f7b156426e52078f8504e9b9e,4,,,2017-06-18 00:00:00,2017-06-20 19:09:36
ff5af0a01a19af787224de1434196849,ab0e35dd7151f7e3d72931b940b6a335,5,,,2018-06-21 00:00:00,2018-06-22 02:04:59
ff73170d8a9deb95aa4814ddbec217b4,7cfdf7265c9572fc7b7cbd3b9cc438b7,2,,entregou faltando um produto,2018-08-28 00:00:00,2018-08-29 14:16:02
ffa456f88f518a771fd25e2f12412bcb,2f1a5157e323f52d58fca608db06ac82,4,,,2017-12-28 00:00:00,2017-12-29 01:38:09
ffacb4591d05b48bc0ea02578786f5d9,6ca4871d007ce3c4a6173f53028c28fb,5,,,2018-01-18 00:00:00,2018-03-09 16:49:31
ffc7cd9c4c3c253063a5d02cc79fc77b,c69e067f9b64eea56517834d123baf0e,4,,,2018-03-08 00:00:00,2018-03-09 02:11:56
ffd6b9b68d19e0e1221fddc29ad63a38,6af5d028aa14031c4afa3b5dd2d427ab,5,,,2018-05-23 00:00:00,2018-05-23 21:50:03
ffe4b0eb9c831fb681f3606b8a2d4510,de1404a068c6c8c909897886a314bad7,5,,"Produto chegou bem embalado, e atendeu minhas expectativas.
Super recomendo!!
Parabéns Equipe baratheon.",2016-10-27 00:00:00,2016-10-30 00:27:55
fff423fa29671178879573a06995b199,a20191650d84d1d59f72139a87207a3b,2,,Aguardo receber o produto,2018-03-16 00:00:00,2018-03-16 12:00:51
fff499b80f66e1c189eab15613fc7bf6,8a723730400b508cbf47fbef4a76ec8e,5,,Muito bom.cabelo fica lisinho,2018-03-04 00:00:00,2018-03-06 23:53:50
