order_id,payment_sequential,payment_type,payment_installments,payment_value
00310b0c75bb13015ec4d82d341865a4,1,credit_card,2,55.28
0055b77cca3186676c147f532dd2547b,1,credit_card,2,189.37
00584d79015452d19fd3d044ba3abdc0,1,credit_card,3,122.17
006cba07f62f921fe4f58365bde2b2eb,1,credit_card,2,81.98
008eaf9004164883520d0bd32b107261,1,boleto,1,157.34
0097aafe2a01dd54e39888976160c377,1,boleto,1,70.59
00b12f4674177ef40c4bdb034138c843,1,credit_card,1,122.87
00b402e8a76d3da83714c52d3977cc2d,1,credit_card,1,165.91
00b676b01c289cc661c6f7732492771a,1,credit_card,1,71.19
00bd50cdd31bd22e9081e6e2d5b3577b,1,credit_card,1,4.88
00bd50cdd31bd22e9081e6e2d5b3577b,2,voucher,1,40.46
00bd50cdd31bd22e9081e6e2d5b3577b,3,voucher,1,40.46
00c405bd71187154a7846862f585a9d4,1,credit_card,1,6.03
00c405bd71187154a7846862f585a9d4,2,voucher,1,0.21
00c405bd71187154a7846862f585a9d4,3,voucher,1,0.10
00c405bd71187154a7846862f585a9d4,4,voucher,1,0.25
00c405bd71187154a7846862f585a9d4,5,voucher,1,0.10
00c405bd71187154a7846862f585a9d4,6,voucher,1,20.00
00c405bd71187154a7846862f585a9d4,7,voucher,1,20.00
00c62d05602c1ca8164b98746d127fa8,1,boleto,1,128.35
00e7aeced1d61792368ec7bf8b967a90,1,boleto,1,58.70
0101aea69a09e1aa32caa6dbaba98503,1,credit_card,8,94.90
0115f8bb1dc16d3fac863ce1deb037b6,1,credit_card,4,136.46
011abf147a69ba486bae3a74b6cd1814,1,credit_card,3,296.71
0128412231f9fe9d7e944eea5392fc6b,1,boleto,1,94.83
013aa6ba5077072401773f83f1ee6408,1,credit_card,2,178.21
014fc889637133d9075190ba873dfc03,1,credit_card,1,45.77
016495aaab3fb481dc9decab2b4fdbfb,1,boleto,1,22.78
0168a7f186c1f066748d15d8c51f489a,1,boleto,1,158.20
01786fff06f2f7e8a83950c4b3b424ea,1,credit_card,2,69.24
0191b6a5a70bcbc6cdd39427f216602e,1,credit_card,3,167.86
0197416059c0e56b5344bf2188066317,1,credit_card,6,421.61
01978b8bae8292ffb4cee6abdf9b9089,1,boleto,1,58.00
01b1a7fdae9ad1837d6ab861705a1fa5,1,credit_card,1,135.84
01b703d8365608f2b01ed9c076d0b3dc,1,credit_card,1,59.24
01ba72e24cf883d74c5479c0a626c740,1,boleto,1,59.12
01bb5b3cb7df4da98ea2214d083784c4,1,boleto,1,52.59
01be2f7ca246adb9112cb75096af2ee0,1,credit_card,2,172.62
01be661b8196707ef60f062632d6d1bd,1,credit_card,3,204.06
01c1644529b18608f086d2ff0f3b8181,1,boleto,1,135.59
01c391e962558d0793e8dd8f6bad0999,1,credit_card,4,96.70
01c7b08f0c05952ce15edb928bb63d2d,1,credit_card,1,300.99
01c886b4b865797097ab2d051ae30cfd,1,boleto,1,76.76
01d72d42aaedb3736840132071d51100,1,credit_card,2,166.11
02332b54c758506809fd87d9c2748086,1,credit_card,2,54.14
023faf5fac58639f7cf53cb7dd219859,1,credit_card,3,85.74
024a74550cdbd36c0fe3955fc9e2bcf0,1,credit_card,1,35.45
02557013eeaffd86a6cc5ffd80a4b54e,1,credit_card,2,198.88
02605c218285d02df75a255f13396f1e,1,credit_card,1,59.83
02610d88ac343ed64988d2706ce3ebfd,1,boleto,1,43.11
029863af4b968de1e5d6a82782e662f5,1,credit_card,4,41.09
029f37989dcd7c9b928028086d68034b,1,credit_card,2,86.15
02a3c3a1c72dbff557b2f56fc0caa847,1,credit_card,2,40.28
02b9a87c19eb57b9ebaebb3a6850de9f,1,credit_card,2,114.93
02bcd06d9bfda1c2a4037560bed7b90f,1,credit_card,3,160.54
02bd584dedf7373cb07b6540cadf9a76,1,credit_card,1,77.18
02e723e8edb4a123d414f56cc9c4665e,1,credit_card,10,117.85
02e7b3980e9984556bb3a764306f3e31,1,credit_card,10,113.46
02ebcb8b63b7e61be9514866e432d1d8,1,credit_card,4,173.27
030475e22d114f70be1a265fee326192,1,credit_card,2,57.69
0311da9b3ac095a57a2662813e179bcb,1,credit_card,1,174.56
031f488d7e8549b5d8af94f5a3e9300e,1,credit_card,4,162.25
033bac5f45a9d0cf7be5e47f03ed1e44,1,credit_card,1,143.65
035518626172ac1884aa3825eb7d1379,1,credit_card,1,72.14
0371bb519b3c4b04bed0460608ce6c59,1,credit_card,2,31.80
0372d2e3d0ac2600aa8e08e6c46cb7dc,1,credit_card,4,76.65
038297c93a230b204ceeca7e2720b464,1,boleto,1,44.09
038862523957395d9316afa8b8b70976,1,boleto,1,197.51
03a54d3b0f15ac01bad656997420d3bb,1,boleto,1,81.42
03aba68b07658f28f29612641f08d4ba,1,credit_card,6,1202.64
03b89e8b0ef3ba18cc903dbaa7aff107,1,credit_card,4,47.20
03dbf3a42789c67ed5e2198f08d997dc,1,credit_card,3,253.62
03dde7ab63940fbffd10162a74347e95,1,credit_card,2,44.24
03ebfa9712b7dbc7031291856263b314,1,boleto,1,55.78
03f2f876bfee9ea9a502ec0d8a664e4c,1,credit_card,10,179.34
0412356b9ae3ad8db617e892afb02204,1,boleto,1,179.34
043671e7714932580dc35789804ffbcc,1,credit_card,5,117.77
0446b999e57cddf002396ed4baa07074,1,credit_card,1,52.50
044b08f176981f660b98a85c559ad57d,1,credit_card,3,82.56
044d94a4ac73b24fe28ff5293ac35bd8,1,credit_card,5,65.53
045acee11e62afca7764429c5710dac9,1,credit_card,1,27.19
045e9ebd4d41affc66333d58c3d107c1,1,credit_card,2,210.48
04814d2760b610101075888832621881,1,credit_card,1,461.99
0487b772aa23074a39079a6967041b72,1,credit_card,2,42.06
048cc31326007f07b576b46beddecc12,1,boleto,1,272.58
0492eead55cd90ba9690387cca2baa20,1,boleto,1,106.95
0494d7ef89583fcaf33a1cea4bcfeec2,1,boleto,1,64.05
049db9aade07d0056ead438e182f2b52,1,boleto,1,83.55
04a18000a647d0f0f842ca489dd4a464,1,credit_card,5,147.56
04a28263e085d399c97ae49e0b477efa,1,credit_card,3,100.23
04a772c0620384a8776c4fbcf4af5c01,1,credit_card,1,90.19
04b16351c3a70c83b9f8f1fe295cb450,1,boleto,1,114.80
04bef466ed85bb9eca9a6165d765574c,1,credit_card,2,153.62
04c28d1572e04b2b3e5b80ca7559e750,1,credit_card,3,98.52
04eb8bac62618bbc56c582cd49493669,1,credit_card,8,84.14
05086b5a715c97d1971784b6ae899a6d,1,credit_card,1,236.70
05104976125ea1e5cc04bc1f506a436a,1,credit_card,3,217.22
05452881e2846549b81d39249bb66ad7,1,credit_card,8,224.60
05535f67cf6802000ad3107136cff4bf,1,credit_card,9,116.45
0556fe7a6dbdc95276ba0513ee5f0471,1,voucher,1,77.57
0573b5e23cbd798006520e1d5b4c6714,1,boleto,1,51.95
057e8245e6408a7f5db33b517c481617,1,credit_card,1,41.84
0583457e98d0d734222af5237cd8fa94,1,credit_card,2,68.04
058ff573aef21e528adcab8b8717c43a,1,credit_card,6,149.96
05981a7bf1a18eb991af55a8a8dbdf83,1,credit_card,2,29.84
05a82511dd29bef74d8003b015912fd6,1,credit_card,1,54.00
05bef443b850685058070c9e781988e8,1,credit_card,7,79.52
05ce7829fca9c640cd884ba446956158,1,credit_card,10,622.64
05d46826bd0fb605d6b00e30e9141882,1,credit_card,2,61.36
05e19ab996b114339f316bf41b359d52,1,credit_card,5,852.68
05eb212cd5b01c76bdb5215a49df19b6,1,credit_card,3,107.22
05f8021cf7217f1990addecad0e24b7a,1,credit_card,5,198.25
061a6c0d2222c7c9f49a21e108579b49,1,credit_card,1,94.63
061b74bca735bb2c1953e40bc098101d,1,credit_card,3,98.88
061cc2095125b495f7221ed85a706c07,1,credit_card,3,70.27
0635e2196d30b3003d5381ca15cb3d87,1,boleto,1,59.66
063b573b88fc80e516aba87df524f809,1,credit_card,1,87.53
0650ef96422834cca0cc7799efbf6307,1,credit_card,2,118.88
0659ee4a8b8b8da8337c94d35e423c74,1,boleto,1,368.94
065c05543ebdfd79fb629b2b4a6ab904,1,credit_card,1,1.02
065c05543ebdfd79fb629b2b4a6ab904,2,voucher,1,100.00
065d95bb9e6d5bbc0a5a2c40579b16e5,1,credit_card,2,102.53
066783a7a5bfa25f21a22e17c7ec9137,1,credit_card,6,65.05
067c946a70abc2e1e8d9185ae309b48a,1,credit_card,10,231.27
068c0507e1af74b156beee1db2deed7a,1,credit_card,6,104.34
0691811195a83594b0377267a8050e6f,1,boleto,1,105.37
069370014d6465fb28770cd9449402c5,1,credit_card,4,41.38
06b491ece3a9bd260341c1ad36870e8b,1,boleto,1,31.69
06d8cb692ed19b092adaaf5337d01a39,1,credit_card,2,227.60
06da8e499e3e6c47151b945f8c9eaab3,1,credit_card,3,820.62
06db57a9e774a7fbdb7c8ee188baef65,1,credit_card,1,72.14
06f4be78b76ba6a42605efa4ce7544d7,1,credit_card,3,168.67
070a62ae87136bfbe6ef6d0e2883cda5,1,boleto,1,343.37
070d0196420dc138bcfaa72cb10eea02,1,credit_card,1,157.21
07159640598ab46b708279254ec3be0f,1,credit_card,1,31.33
07242eb6740fc0feb5044eda405a4782,1,boleto,1,118.28
074d6aba62abd52ad27529d3fb746260,1,credit_card,1,111.81
0756c3213eb9155bc1209caced66eb82,1,credit_card,2,135.08
0759ac0ac1a0c11ab13fc66564f4e112,1,credit_card,10,777.24
0759c200a1d9ec728ba380676bccb583,1,boleto,1,76.51
0762fe35b71987563f8771eb6d14938f,1,credit_card,1,87.03
076c344fa6fb7b7284fe98fbcb257ab1,1,credit_card,5,148.15
0771233ce445ab49cb2542af0243618e,1,boleto,1,40.61
077743f9ba8964fff85ace5b958e5284,1,credit_card,10,137.89
0791c9a8e89bfcc422ab718dd43f2dca,1,boleto,1,50.09
079b79bacc6e0a0c7ed93cd6e3624f6e,1,credit_card,1,77.04
07d395244b58ce72bbecdafbb1b60ace,1,boleto,1,137.93
07da7d9fe6a7a8388af1f996b3bb0472,1,credit_card,1,28.40
07f6b1ad9ba4f7a4d2326adf7b8f517f,1,credit_card,2,106.91
082da800c206687336a039aa7269d303,1,credit_card,2,178.90
083c3a567b005b0f7261c9c0c76fe151,1,credit_card,1,77.06
084080266521db39cd371403f8534271,1,credit_card,6,108.59
084ac56b13107e32ab92934f70638bc9,1,credit_card,10,1271.98
0858bbf6d922af574797281c8df8de5c,1,boleto,1,47.44
08636a3fcd5c2b3e957b9b8c6ac8ecd9,1,boleto,1,107.78
087b902fe8df6660b295f28f1d8f7c30,1,credit_card,1,41.05
088217fa841fd3da3004a1a7e1d525f8,1,credit_card,2,186.83
0893ae2dd572c400965d60fa77f45076,1,boleto,1,126.90
0896eccb8187d6b1738ce4a3a1add1b3,1,credit_card,1,105.69
08ac0336730e831f16eeadf576564ff3,1,credit_card,1,44.28
08c6860a0281fefc591da60249d5fa76,1,credit_card,2,147.65
08d862895d238cb8405dffe9b981df25,1,credit_card,3,128.31
08e5962f7b156426e52078f8504e9b9e,1,credit_card,3,326.94
08ee9c1b1da47ffd2a7c7163aa134b16,1,credit_card,1,32.92
08ee9c1b1da47ffd2a7c7163aa134b16,2,voucher,1,50.00
08f09d9ef3e4f3cdfa18431097f40682,1,boleto,1,160.79
0909121693cdb66d170b212e65c2bf59,1,boleto,1,187.98
090df55d4945ec96f88731875465407d,1,credit_card,4,73.34
0914478fdcadbaa5c8c8b3442b4f28d2,1,voucher,1,56.78
09356cee7d8fee33dcb3ee80c1ccb14f,1,credit_card,1,35.00
09545768adc993877dfa9a4024b360c2,1,credit_card,1,98.15
09545768adc993877dfa9a4024b360c2,2,voucher,1,15.00
0957ed870116e596b800540427c61497,1,credit_card,4,157.99
095e9e0811476409362d72fa70d73a6c,1,credit_card,2,99.01
095f058cc1daeb1e7ba1c133473090a3,1,credit_card,8,1506.05
097452f101cb19b0ccc80d3a980d9755,1,credit_card,2,173.88
09777f429af8cc60d951cad68db15b6f,1,credit_card,4,424.57
0989d111cfe79cf0bbdea443f1caf9b7,1,boleto,1,209.38
098a8457920d6c63f0cb10ccfbcd369d,1,boleto,1,210.03
09944d214dbe0d92666178941a674632,1,credit_card,4,226.24
09956a4d0066f2ef4e70f7ae51e2c9f3,1,credit_card,4,147.06
099a55045696dde09f58f62e8e82a542,1,credit_card,7,191.89
099be5827a2f9692b1c1ad111affc9d1,1,boleto,1,46.78
09a12008dce38051d0f39f922b380e05,1,credit_card,4,97.80
09ae00385becd9090c7e85eb465605e0,1,boleto,1,189.00
09ae30c3aa82707a515bda0df370f7d2,1,credit_card,3,83.75
09af242285bcc7d2f8b12ce33dcfcb7f,1,credit_card,1,46.78
09d6c2dd8c08336a2cbd1c449a2ef158,1,boleto,1,127.43
09da806d72011e816e9242e6d24164eb,1,credit_card,1,38.38
09de1c09553be98d80e730e53641c515,1,credit_card,10,310.21
0a0185b8b72cbf2290c3e4218300a61c,1,voucher,1,25.00
0a0185b8b72cbf2290c3e4218300a61c,2,voucher,1,25.00
0a0185b8b72cbf2290c3e4218300a61c,3,voucher,1,16.84
0a01aa0d779fc923be4cc5505b0c6dd4,1,boleto,1,116.88
0a05e512c3e656802c930be4c1766c2a,1,credit_card,5,57.60
0a154ed7ce417e33453d705b167a3d8c,1,credit_card,5,223.36
0a2c9c3fedb974fcf5a8a569e9ba9da9,1,credit_card,1,114.79
0a31cb63d4483ffbef1d5503752a0b5d,1,credit_card,2,46.09
0a3d9f14b1781670b56b1832ba291095,1,boleto,1,395.80
0a45b0373a9b1178357bb9d93243ed18,1,boleto,1,29.75
0a54256bfd2401d553f81d8e37e5305d,1,credit_card,1,108.53
0a6003474a7471ca13dbdb23b2c04ec6,1,boleto,1,118.84
0a79d1506c2e0249c9aff8723bcf51e9,1,credit_card,2,112.02
0a87de586a94b42f2294c207845674ab,1,credit_card,5,113.44
0a8c76aaf89178fd0f7655214a6b5223,1,credit_card,1,74.17
0a8d9ed968d08daf5ef8a5cbf0bbe833,1,boleto,1,35.22
0a8f1a36db93c2d10a0ff456e5550ae8,1,credit_card,2,155.98
0a979eab29ef830d6363887a00907fb3,1,boleto,1,93.60
0a998b0552bd0e04c7b38f0f58737c54,1,credit_card,5,125.44
0aa3718b7db60c5ebec88b485cb975db,1,boleto,1,41.36
0ab72bab67e4b9af0dfc369356d70202,1,boleto,1,87.80
0abb65aa29ab57e5f52f657d22b47648,1,voucher,1,24.60
0abf7f13c92f93e708a28f32316b13d3,1,credit_card,1,121.55
0ad01dd05d74bc7891d57312627ec33b,1,boleto,1,158.09
0ad82b0c5d9f039a29814e465165a0da,1,credit_card,6,318.40
0aeb20ab92028bf31d5d8b2314b03092,1,credit_card,3,159.60
0af96849112c968e7764ac7f17e4f9f7,1,boleto,1,50.95
0b01066982af6f2681ea9b0169f0d987,1,credit_card,3,129.59
0b36b5725c37564b933ec5845f63b635,1,boleto,1,145.58
0b7faa591b1acf3fa59f5297017b3058,1,boleto,1,96.62
0b82a32f3caec8e9157049e294486ade,1,credit_card,3,143.62
0b83b48cff92afd5eb4360860cad0ff1,1,boleto,1,90.84
0b8c594f80a7db56ea4927af84e45203,1,boleto,1,63.64
0b8dbb26699a171be239666299d2174f,1,credit_card,5,68.70
0b8e4fe7f85610340424b314dc68c366,1,boleto,1,74.50
0bb0dd89956cc5f44ff556c2189e7160,1,boleto,1,54.00
0bba959fbb649221ae07d0c128ba1809,1,credit_card,10,136.50
0bc9cc637f074aa7df9fb7f206125066,1,credit_card,5,53.10
0bdb173bda4bf7e4109fe707c309252a,1,credit_card,10,132.95
0be2a2a52adfb0963b9bb86b3b668b90,1,credit_card,3,119.34
0bfef24c6be372da610fb6c17ca1dafc,1,credit_card,1,70.14
0c2766159bd610cb7f38a657ebb28e39,1,credit_card,1,46.52
0c311ce5790eb3a82cfaf0ab40840730,1,credit_card,7,79.47
0c40dfe4127461031cfea37fb4c63856,1,credit_card,8,169.51
0c51cc0743219907058b0a266949d0a9,1,credit_card,3,73.75
0c54f2a2eeb0c42bd55937babb4669eb,1,credit_card,1,25.90
0c5a7b3c5703837ef40113972224a978,1,credit_card,8,448.51
0c5f4de2e1c08a6da891feaafcf35d1e,1,credit_card,3,221.99
0c7ac4325ae837f28df12a94a51cf375,1,credit_card,3,70.49
0c922ae7c3b6cb7d848150c80121bc1b,1,boleto,1,50.95
0c9b9834c09d4fbf6bbadf2b3fba9828,1,boleto,1,62.44
0cb398989a2bafd3944803b5427a622d,1,credit_card,1,69.27
0ccb5b7bf95c5b642f3717b08c633361,1,credit_card,1,2.41
0ccb5b7bf95c5b642f3717b08c633361,2,voucher,1,25.56
0ccb5b7bf95c5b642f3717b08c633361,3,voucher,1,12.78
0ccb884361ec00003176dab0ea647f59,1,credit_card,2,133.08
0cce1e1470bc8d35d6a2bebb6991bc1b,1,credit_card,2,54.18
0cd93455c51655ebb590c07a06d584a1,1,credit_card,10,191.56
0cd93455c51655ebb590c07a06d584a1,2,credit_card,10,169.51
0cd93455c51655ebb590c07a06d584a1,3,voucher,1,17.54
0cde8327c49577c3c0fed91e084daef5,1,credit_card,6,346.21
0ce0997380b2110e5d35697ce4ddabd7,1,credit_card,1,32.42
0ced306b608e9bc80ef960368a3414a4,1,voucher,1,10.34
0ced306b608e9bc80ef960368a3414a4,2,voucher,1,1.67
0ced306b608e9bc80ef960368a3414a4,3,voucher,1,9.71
0cef0a9c1d74d5ec485fb3195191caa1,1,credit_card,2,337.42
0cfabecb909812856ae6d21400104334,1,credit_card,1,93.32
0d084d7d6f5d7b6a97582e1dc74dda2a,1,credit_card,2,40.11
0d0aa4989e49d1acbc9d973bf923b77c,1,credit_card,1,76.11
0d29f866f714402153c7a02ca8bf6134,1,credit_card,1,161.26
0d2d1445891e7aba669fa2069d695601,1,boleto,1,51.75
0d3361c2f225ac28b02f7a5492ed73fb,1,credit_card,12,503.68
0d387b5d8e636190398548a221d4185d,1,credit_card,2,204.17
0d5d3777270af3ab88e1ad0e74c57e52,1,credit_card,8,158.74
0d702aba7840fe6e6942e419648d9e0e,1,credit_card,1,85.91
0d922ec2be9bd5e75e225b6bacfdc4d6,1,credit_card,1,34.95
0d9e86e02c1a823b20c03ea29d616607,1,credit_card,6,289.45
0da26371f58ab8e89157a901ef0cf390,1,credit_card,10,171.49
0daa8301819941dd352fe651f9fa70d5,1,credit_card,1,35.44
0dc2734aeb43fcd6b5c4a6d6296f50c5,1,boleto,1,177.38
0dc561ba424a8d639e1d4d7840c530c0,1,boleto,1,163.25
0dd40e8c8c363027df66efe4fea48bdf,1,boleto,1,61.09
0de5dbc9f3226761687d84b54057efba,1,credit_card,1,73.89
0df047ac4fa1b5eed06cc188e54fd23e,1,debit_card,1,103.86
0e0fa429a12bc8105554270a3a52ce97,1,voucher,1,85.58
0e19122f9fa8f2ac31d7ee9742b7d98b,1,credit_card,1,83.50
0e1c841770446e9becaf95190493901f,1,credit_card,2,65.71
0e3669da7effc0dce5fe5e8a52bb5805,1,boleto,1,29.41
0e3743eb1b447eb4747eaafc9221fb41,1,credit_card,4,173.52
0e3ee99a343d05fc3fa4256f7c675c63,1,credit_card,1,129.54
0e5d6a7f18b77c72f681911eaf6c011a,1,boleto,1,77.57
0e5dcadb0c33c96bd4c6573929a80d9f,1,credit_card,5,76.88
0e622d371212819a199d533eafd7e4c3,1,credit_card,10,911.62
0e62b7f0d74e42edd997cf3dfaac54c2,1,boleto,1,1054.63
0e696093d25ba307ef78cf0d208bf500,1,credit_card,3,66.11
0e74f4c5e40226e7f0aa460ce139ee37,1,credit_card,5,125.42
0e8488c62611eb99cdf174e019bf9d8a,1,credit_card,5,313.55
0e8a50eedd19fc32a3537ab8ea559f33,1,boleto,1,192.56
0e8b6c11a73010fcf68119448a6182cb,1,credit_card,8,172.55
0ead7996f8952fba09e18bed9872414e,1,boleto,1,87.23
0eb292344b2b6367acf848e125a32538,1,credit_card,3,54.10
0ec20feeac30045e916578f17c2085e2,1,credit_card,1,449.99
0ec73995908cf00519d1da725119d114,1,credit_card,10,842.80
0eccc15fe0cf8638062ecf10382350f1,1,boleto,1,177.39
0ed85071f4330f23eb0a71d4c26ded6a,1,credit_card,2,113.56
0ed9d4d7e66c6fdb514053430cfde54a,1,boleto,1,68.22
0ee83875134e649fc7cc3b867c337bee,1,boleto,1,79.29
0ef716d86b77c7bf750b25ef9249d193,1,credit_card,2,99.65
0efa0c45020bf70a48af010afcf0a3cc,1,credit_card,3,563.26
0f1297fc73dfe8ec236409616c39eba7,1,boleto,1,27.38
0f14db1abb2772e95d78a72c30d69678,1,credit_card,10,155.60
0f14db1abb2772e95d78a72c30d69678,2,voucher,1,53.45
0f1dea9ac2c2be3ef6885442dab7ef0e,1,credit_card,1,74.17
0f2bbeda958833e5a67ceb4368f282fe,1,credit_card,1,436.14
0f2f8cfaa707ef6df9c6363b3d70ed23,1,credit_card,1,28.67
0f3a5047f59b6a2df32f4471eedb41c5,1,credit_card,10,395.46
0f463923e58ae2578bc70e3083b98e93,1,credit_card,2,217.72
0f4ac89389a25eb2b1d923e4ed43c0a6,1,credit_card,2,115.82
0f4ace47be2863cb7e7e547f32afbe2a,1,credit_card,1,52.10
0f4e0cf683934cf2cc6b45a24b386a14,1,credit_card,1,72.97
0f503b220e9d1fd78562e41a427a0c6a,1,credit_card,10,480.40
0f57f8c8546ce0d3837910801250d944,1,credit_card,6,111.89
0f62234641212cb7b178923f7820d1e1,1,credit_card,10,470.95
0f740a04b4f5fce0611344905b62332c,1,credit_card,3,51.84
0fa97c6a14424f633800d5cb622a6bb4,1,credit_card,2,109.32
0fb130991a0a1c824371ba3df52881f3,1,credit_card,6,143.15
0fd408210166f23fe823070a2f690048,1,credit_card,1,135.66
0fdcadc1ea2d7ca9f59b5085aad894ad,1,credit_card,2,45.48
0ff4f1ed797bbfac9a16714dfa5162aa,1,credit_card,4,354.08
0ffc72fbf456655a67de48c1bd094594,1,credit_card,1,72.76
0ffdb6473bc02f6e0b767083d21457d0,1,credit_card,2,173.84
100e8cf23e7518027376ac07ca0ec96b,1,boleto,1,86.02
102b790156f60813474ed025355a59d5,1,credit_card,1,96.54
105a17b015064cf48113e9593c2ad700,1,credit_card,10,115.94
1069874467b6a425853288c450f68fc9,1,credit_card,4,40.95
106d8484bb6bb4ff239daff27fc4feb6,1,credit_card,1,28.00
106dccd8cf01a9d15921ba6b3028a09d,1,credit_card,1,57.68
106ff3ba3e84e22713bf2a10c582fd94,1,credit_card,10,827.32
108e1d5b7a25ff07b49e500b1c7ae4b0,1,credit_card,4,66.05
1097d35f1e7f8972fb78c8a135090ca8,1,boleto,1,232.70
10a44d7bc8f54ea814e6020e0f3e5fbe,1,credit_card,7,91.23
10b5d5c95177be116333e9a65a6fdea4,1,credit_card,7,85.24
10baace34a8f00b9b8a872d49d897fc9,1,credit_card,6,479.50
10c12ecab799c32c29b4df3a203ecaa8,1,credit_card,5,59.47
10c651c81fd0bec26524dab0e94090a5,1,credit_card,2,126.11
10cd85520165aa0f64d484b8f9bf60c4,1,credit_card,2,197.19
10d1e90a86d2be981a52b6a927c97dc5,1,credit_card,2,467.20
10fdf269eed6d4c024dc5eeb5c7f6c37,1,credit_card,7,75.48
1103c4be46dcfaefc2a3b79d3ef6c866,1,boleto,1,158.98
110e1980401cf18f27590b4023ff5e32,1,credit_card,3,246.49
112e22ce5f700d2155befd89a15b4a5b,1,credit_card,1,46.76
11302d4542ca6da5b505416f9e04f0a8,1,credit_card,5,57.59
113cda086060a05db0ef4fef6c8fe1d8,1,credit_card,2,152.43
114483c2698c3681197da8cbb87204b8,1,credit_card,2,133.69
114c9407eb2b873d07c1b3bf91e35a9c,1,credit_card,3,145.08
11609008a7e4bb0256bcfd643ebc6a7f,1,credit_card,3,291.32
117c08edcd4cf5c43118fefa4e0dab79,1,credit_card,1,139.22
1184c1bbcfb488132ee2bca2c07cd743,1,credit_card,5,59.87
118b09c1cf1b29c8401cb7833d29c10a,1,credit_card,3,223.12
119d2d80c921d5b4806a1b19b4e8c531,1,credit_card,3,265.95
11a6156f787eb963fb211db50db44d99,1,credit_card,10,1843.85
11a712e608d2c5d35b89246489db966d,1,boleto,1,187.57
11a9088002b4fdb9c21827b2b585dcf7,1,credit_card,10,795.61
11ac4935b48d92b0e8d9b2176da04d80,1,credit_card,2,68.87
11afac295480894b1dcdf9cf95815731,1,credit_card,2,123.25
11b4e9ae5ca811613824353594fa6044,1,credit_card,10,440.71
11b92cb31ef70accdf3705f879a0a891,1,credit_card,1,47.76
11bc6fba055abbdc961925690db38135,1,credit_card,3,282.41
11dd41a0dbb00ead97fe3c687ce9857e,1,credit_card,7,368.11
11ea58a620fd9de597a9f914ee52d9c9,1,credit_card,2,100.04
11f61eaa0c763460148326fd83749fd0,1,credit_card,1,68.88
11f97a9967bb081adb9883460c71e845,1,credit_card,2,50.89
11f97a9967bb081adb9883460c71e845,2,voucher,1,42.75
11f97a9967bb081adb9883460c71e845,3,voucher,1,33.56
11fd51275a43d1590816139eaca0bf94,1,boleto,1,115.93
1219c95f809e6f43a8a0f552664bdab6,1,boleto,1,84.72
1221112b1c9563dc03d5a32b6078a962,1,credit_card,1,189.26
122a6d89b8a3ee8fe039b6990c1dc226,1,boleto,1,94.22
1239c47cd51a11ce6c5b16e84517626f,1,boleto,1,223.27
1239e8b4884c746e8d1ea651d4ff74f1,1,credit_card,2,115.36
123f71cca05589d95c28c582ccb1d864,1,credit_card,3,145.66
128e2bcc764e1cf5e4952af2267acef2,1,boleto,1,86.54
12958a97a4e26a4e7dd8bce7de8955b9,1,credit_card,1,54.09
129832042bc2898155b5ebf3b2058585,1,boleto,1,61.38
12a545f53715575246beec2da90d6de4,1,credit_card,1,71.14
12b66545947857f58986d526e908c0a0,1,boleto,1,254.22
12bab4379a646f08ae89ed0561f5481e,1,boleto,1,85.15
12bd377dd79de8d6c43f67d1a0358743,1,credit_card,5,170.00
12c52aeb1dba3fcbef2e36accacca1e4,1,credit_card,1,69.03
12cebf41d5735b3a901bc60d2a26566e,1,credit_card,1,37.13
12dc316f04369335263005a3f304d101,1,credit_card,1,57.27
12e5a909c18964acada1ce9a760d9afe,1,credit_card,10,1620.77
12e8c054bdee17bfc0fd3d92d8cbda10,1,credit_card,1,89.17
12fb02386ecbcdda77e5e882d0c9dd95,1,boleto,1,567.22
12fcd7e7ba3b8dbe376fe73f27aa0a94,1,credit_card,1,81.62
12fd4ba303cb9951f45b3ce9b6ba764b,1,credit_card,3,58.75
131497483f8457541cf92c467b847c39,1,credit_card,3,103.37
1326c2f23bda822e4ffdd5764e04311e,1,credit_card,1,34.59
132947cc0a6620350693052f3548070f,1,boleto,1,475.01
1336838d0eba0be4e38d6f917665d23e,1,boleto,1,27.68
133757e6140cdaff98c4f396772497e3,1,credit_card,1,62.59
135118d8d6f93cb3d6839435e5b6658a,1,credit_card,2,55.10
13651aa318d6af9df5257a5dfdc20f3c,1,credit_card,1,60.53
1370fae9b19ee5e01a2d609eb18b7c8a,1,credit_card,8,145.50
1373f8a3742861c26892cc2aab7c41e1,1,credit_card,1,65.26
13832510afc6f94103aec19663dd52cf,1,credit_card,2,138.60
1384f5f2f4532f5b9fa0f6cadafc93cf,1,credit_card,1,72.18
13ba5c26aeaa1d857d413ac4b93f0924,1,credit_card,4,223.08
13bd28c9fb3f72368af23530f1231cb2,1,credit_card,1,183.00
13bdf405f961a6deec817d817f5c6624,1,boleto,1,84.65
140c901be097e36e0ee9e2249e97dfdd,1,credit_card,1,38.99
14276b4f803d028dd9b569f6c22a27ca,1,boleto,1,208.72
1446ae966d68c3abad1ca3a3ce58033e,1,credit_card,5,1404.24
145737447654951f4cf49cae1faf921a,1,credit_card,1,41.00
145e208aa1770c67fd155eb6b4084372,1,credit_card,10,229.28
146bde81f92815f59ed9c7d44d8335cd,1,voucher,1,66.77
146bde81f92815f59ed9c7d44d8335cd,2,voucher,1,2.18
146f79f564602aa6bf9ecbd760651c7f,1,credit_card,4,49.42
147074da5c33b8ae783b73d181b9f141,1,credit_card,1,77.16
14b0bbcd9df43c7c4f332b485e84faaa,1,credit_card,1,31.38
14b3ab242ab978f908ac651dcae21b8f,1,credit_card,1,36.00
14bbe584b52d7f29efcd5d8b5553af3b,1,boleto,1,229.65
14cb3b3caf8abdd2361971932a664cf5,1,credit_card,1,225.96
14d45fea1c20e4fd5c31dde983344115,1,credit_card,2,40.95
14dc76b28665ce468e6f5ce4fd661127,1,credit_card,1,70.08
14def5e6b6021ae117c181c039258033,1,credit_card,8,180.46
14e1335948fa1aacabaedacaf51d545c,1,credit_card,7,77.99
14f70953c10e4a130a66e0fb1f039c67,1,credit_card,3,138.62
151c27c128aed0a8f60f8ed31c5d62f2,1,voucher,1,56.01
152575943eb3ac19455e0e1a13e3d1cb,1,credit_card,5,143.49
1528738cc47c58535712cd56c0f4ad9b,1,boleto,1,106.16
152c2472d13abe1c989b66d0a8c2dac9,1,credit_card,3,78.86
1535ffdb181e70ff560cfced342c4f40,1,credit_card,1,63.52
153b30f1bd286fb374792b9121ba0218,1,credit_card,2,121.64
154296963babe7e6f491818cb07b17ba,1,credit_card,10,176.65
154f07e395b8990c8aa5a60b0f38fc3e,1,boleto,1,117.16
15564b81a39383f08dc90fa1fac055bf,1,credit_card,2,196.10
155ff86a37e4becb60f238b3ee90775b,1,debit_card,1,42.78
1560a63a0c01388598eac8e14a503f2d,1,credit_card,1,79.02
159844b19db2d2dc59a55ee69a971226,1,credit_card,1,234.46
15b1aceab346b46189a6eea3b6f4b951,1,credit_card,6,357.74
15bc19aabe8d08cb8e00f86c31f85682,1,credit_card,5,287.61
15be0c9cf56bcf3cfe7c453ca50f7c38,1,boleto,1,118.79
15c1a0aa2e32bd15bfe9302af6280f97,1,credit_card,1,24.13
15c31c519540921d720cca6129389633,1,debit_card,1,139.32
15e59b8fd2802ac2c5e6d7571775b661,1,credit_card,3,91.74
15e6974ce19cb7d0b8483c30c071dbb5,1,credit_card,2,63.10
15f67529b3d91fd3da058270c9a68855,1,credit_card,10,122.80
15f8a954a337218a8196bae2dc3d801d,1,credit_card,1,147.58
1601df22ba2f78168443e6f729e74868,1,credit_card,6,94.66
16039d1d033653b9caeed8198b3142da,1,credit_card,2,71.35
162475e808583e34c8306484480badb8,1,credit_card,10,672.37
16288edc7382ecd4230909d0907fb939,1,credit_card,3,157.22
162e915bc5d7c6b2de7eca743a65b033,1,credit_card,3,217.80
162f8986e2cc7a5fca25fd4be685b98d,1,credit_card,8,87.88
16378369550d1c3b2b2d3c817db399c9,1,boleto,1,208.64
1639cec93b4df0f2fec8601299c7f4c8,1,credit_card,10,105.18
1648b503676883c70854279700e3cfc3,1,boleto,1,65.79
164e1bd75353e367ce8141ccd61d1ff5,1,credit_card,3,130.01
16656bc6faba3fd5740dd2305e5a9a94,1,boleto,1,50.50
16693a75a341d20873b58f312464e250,1,credit_card,1,44.49
166a835dcb0ffdb5d917db2a93358502,1,credit_card,4,141.14
1671068b64a9cdbffb5bdba38a07382f,1,credit_card,4,97.87
1676fa2516c38753e7a0ee7fa8e41009,1,credit_card,1,110.97
167a89d17687b40764e54424ec1f9afd,1,credit_card,10,311.80
167d05678f810589a854d30460ae62f0,1,credit_card,10,209.78
16a0100758e7dc53d0b3f271c63f4906,1,credit_card,6,120.09
16a10c94dc005b8e19195327eb853b21,1,credit_card,2,57.23
16b7de5d7e5c3c000744a76ea1861471,1,credit_card,1,112.02
16bcafd500d4d2303b76bb9d95a1c5d0,1,credit_card,1,137.64
16c4141aba032aee4127e9c20e5df44f,1,credit_card,2,72.14
16c9dc0ba34547f2eb228bcb2971815f,1,voucher,1,294.17
16c9dc0ba34547f2eb228bcb2971815f,2,voucher,1,1.86
16cb3a72f04e248a1244b076ce0d9bb7,1,credit_card,3,224.77
16cdedbb1542ddfe411a0b979b43aa64,1,credit_card,5,112.02
16dc31df327657954186535144a72e95,1,credit_card,1,813.33
16e6abd6364ba99a3513c39f0e27145e,1,credit_card,8,87.64
16e6eb900110dfb1f423bfc65820ff87,1,boleto,1,116.94
171a8dc67900a97eead478783172b440,1,credit_card,1,174.97
171f303505168e746c3ba9dc70a1c1f3,1,credit_card,6,126.20
17229fc3b255deaf774bd892c1673951,1,boleto,1,97.85
172482155d13fc27c9ee15df2cc7913b,1,credit_card,1,53.51
17341621682ba3c2b7bc79fd48d22a34,1,boleto,1,124.13
173e03e3afede01446cd36851e3173dc,1,boleto,1,36.29
174fb39de9de15c80ea4076ba0cb6c83,1,boleto,1,93.91
17763f2297211e949e3925cfb2d30cdb,1,credit_card,10,376.12
1778680c0dd08f2bcd27642d236a91f0,1,credit_card,2,143.31
1782119bc21f8f920e4557c56091a68a,1,credit_card,6,896.24
17836bd884d9f15719248827c625e977,1,credit_card,1,182.92
178ca782e5105b917275138274960c52,1,credit_card,1,77.57
17b296b73ebefd6213299342b09f097f,1,credit_card,4,94.76
17b6e0171d3c86549c28e1630bff91c8,1,credit_card,1,103.25
17b8e90e60f4d19615b77562e40de425,1,credit_card,2,155.07
17bc0acf9f5ac57fc41fb222543c3c46,1,credit_card,1,62.58
17c27a26080bebdb67c4807b9b51b8ff,1,credit_card,2,104.28
17c6ede699b320b43f35ab1311af0bf2,1,boleto,1,128.14
17e22ae34edbd170fcd2efe9e44f95bd,1,credit_card,10,405.31
17f70d10c2acd50864b5dae4885894b5,1,credit_card,3,45.49
1800e46c3912d9882187335b9768b6a9,1,boleto,1,216.60
1827ee8015c4edd94bbfef221a3a27f5,1,credit_card,1,33.68
183e1cca7e6e1aa97b65598a1b2fe6ea,1,boleto,1,57.05
1844430a4130a112771839a244829457,1,credit_card,2,74.03
185e7ea81e4cf0fc1d2f4e8e38e8e7e3,1,boleto,1,905.93
186748dbc47f9d6cf119fe3ce8be3ea7,1,credit_card,1,84.11
186748dbc47f9d6cf119fe3ce8be3ea7,2,voucher,1,100.00
186a454110404a0ad7994b2853592901,1,credit_card,2,34.42
189711984919a2bdda375153d796d096,1,credit_card,1,0.54
189711984919a2bdda375153d796d096,2,voucher,1,43.38
18b9bf2dbee620dc2f5b9d4a747c2819,1,credit_card,1,31.11
18bbbbaeb60911be63bdad20b92fa69d,1,credit_card,3,265.90
18c0e47466dfe911dac270d92d6f55b5,1,boleto,1,671.25
18c89078cd21364b7ad7f4d652e0cb84,1,credit_card,1,33.77
18dfe50d6b2dbbbe6508b1b5eea3eae8,1,credit_card,10,123.89
18e31cb8bc58dab57503adbfcf9426df,1,credit_card,1,55.06
18edb9e5b61f525f0da899c852534893,1,boleto,1,80.73
18fa032cf65a1c5c2820d16276b4741a,1,credit_card,8,366.10
18feb354fd368bc9d6cd27c5359e2243,1,credit_card,1,43.00
18ffbbb8c91cb6fbacf944eea0d51552,1,credit_card,2,195.36
190ae960b78afbbf3f0cd1dd3d2240fe,1,credit_card,2,72.99
191019adbccb0d2a1f8bf25e117c9252,1,boleto,1,275.72
19179eded4e54ba2c63655b3708f4fc0,1,credit_card,4,137.30
1917dc45b0bd8e45ef7e5919e9c35c15,1,credit_card,3,152.88
19196153dd04a2d8685e3928185e498b,1,voucher,1,543.59
192a0f41d4f1af20d8ef537a12a2076e,1,credit_card,1,32.38
192a0f41d4f1af20d8ef537a12a2076e,2,credit_card,1,32.71
192e8093aeeb86d202c1035db3a5bd48,1,credit_card,2,1570.79
19475e4f70007f7a726004e6c6f87cb7,1,credit_card,1,52.26
1954fde9d62c76532499182aa37e268d,1,credit_card,1,55.01
195f299b40b4d78afa81a4109b618c02,1,credit_card,6,68.33
197979ae89666596c6a65ba20fb220ce,1,credit_card,1,17.68
197c1d7e2df41beeb978ee6859d6dacc,1,credit_card,3,183.31
197fdb2270597913a3ba471f251d01c5,1,credit_card,4,84.16
19a24ba386e8363a6dd9973d015e5410,1,credit_card,7,76.79
19cafdf7469104c432959892a04920a2,1,credit_card,1,39.62
19d468d1424d2a259a1f3d3fa073f41a,1,credit_card,10,210.03
19d8b9d9a60cda90fc402ad5580a0faf,1,credit_card,2,187.62
19ef6de262591218648e1765adedad1b,1,credit_card,1,0.61
19ef6de262591218648e1765adedad1b,2,voucher,1,45.39
1a03dc5bbc2707562b5874fa0253154f,1,credit_card,1,94.26
1a0698c23712555ab9567f13d04fd704,1,boleto,1,69.90
1a08b06cb8b9b557453b70b83fdc69cb,1,credit_card,2,83.41
1a122ca21948df08789d7d88094ff11f,1,credit_card,1,136.37
1a2056a1d6e8db71b7d777ec36f9b1b5,1,credit_card,5,51.06
1a2a468a88fbd60a59aae3fc94bcf40d,1,credit_card,10,115.25
1a3232d9cd3dd8dee9115e3c9a4668d1,1,credit_card,7,379.08
1a4f26ea67b1c9f4013809ba466e84e7,1,credit_card,3,60.70
1a62fd2d470da1ce51e2d26cea9a44ff,1,credit_card,8,139.16
1a68123d36b3a96ebeb710db015da2e3,1,credit_card,1,57.98
1a6c3832fcc2947c38b41bd24fe0201e,1,credit_card,1,81.57
1a7e970c994a82401235495241e66a14,1,boleto,1,53.62
1a8c6cac549a7eb5b432c5617fe21ff3,1,credit_card,3,60.85
1a96dbd0041decf9c11c051b4f13d676,1,credit_card,10,109.13
1a993d55960f4e94f4ab432458e08e39,1,boleto,1,51.72
1aa720b6963ff9b4b5bff9bc48b49a89,1,credit_card,6,72.38
1aa9e8f35ac38d8a10b41441e1faa0a2,1,credit_card,5,309.78
1ac0eff2487c84f0181b8204a9bf6124,1,credit_card,2,44.00
1ac4ac576a3e3ef61ffbb64937ed1f62,1,voucher,1,94.47
1acb85231edcc2f8c1904837bb11a3be,1,boleto,1,85.56
1ae12b6aeac8467444bd1b07ab3c793a,1,credit_card,1,72.67
1afb4a9edd39860a661d82a4e510bdc7,1,credit_card,1,31.87
1b0c7ed83d9a4480ab15d766b446efd9,1,credit_card,3,182.00
1b37c11d1b330f2f5a3ad3676bb9c07d,1,credit_card,2,82.70
1b5c359c2188ceeab2777c0d27e7c343,1,credit_card,1,67.43
1b6c5ab6683a19bca12106679e94fe4e,1,boleto,1,103.25
1b70309f9d8c8068c52cab917fb26379,1,boleto,1,283.86
1b737f58cb00f95d1513899b6e637eba,1,credit_card,1,64.84
1b8d897de53143a7b639d4870e6e3cdf,1,credit_card,4,117.42
1b900d4d10e97580eee435e3474110c8,1,credit_card,1,24.33
1b900d4d10e97580eee435e3474110c8,2,voucher,1,97.98
1bac6c5afd46ee5f279f46bfc081871d,1,credit_card,2,276.59
1bc159c29e3f54a9f2d4d2bdaa45b5df,1,credit_card,3,98.12
1bcee4703d916a7dead99492b946773e,1,credit_card,10,144.55
1bcee4703d916a7dead99492b946773e,2,voucher,1,50.00
1bd6a77bf698ca2116db6f4731046425,1,boleto,1,88.90
1bde1f1942be558c1527a73da61695d2,1,credit_card,3,39.09
1bf3cf4f3a842f629a7a52e336d96263,1,credit_card,4,117.51
1bf3cf4f3a842f629a7a52e336d96263,2,voucher,1,50.00
1bf5ad2a94cb784f7e27820ab656c398,1,credit_card,3,63.40
1bfc798ddb9dadbccfa5ae581d9919ec,1,credit_card,1,38.13
1c0eb7262ceb60db69b3825f1fb1deb8,1,credit_card,5,67.11
1c0fd29e6a54b2331357d1cdc6ccc375,1,credit_card,2,118.61
1c1975ccdbd34c48a241f30cc2258dbb,1,debit_card,1,123.21
1c1d7c04efff33ea9ebb71907b576f50,1,debit_card,1,87.18
1c2b9188a3ec985a80fe268c3d0af21b,1,credit_card,1,30.95
1c2f3eb4c18b1e3ca9439f2824205429,1,credit_card,6,428.78
1c300b10263fefc0edc45c99921586a7,1,credit_card,1,43.29
1c34405a26acbdbce1a7702fdcca5c31,1,credit_card,1,140.32
1c36473b9a0db63449081c0408a96dc8,1,credit_card,3,32.07
1c6380dc10ebea9bad618eb25fedcdfa,1,credit_card,4,64.40
1c6fa4d79455e9a037cc62611a4b4f6a,1,credit_card,2,38.63
1c749ca7e27a6aaa93180b80e326d7f8,1,credit_card,2,131.62
1c74ffde86fb781136c43931617a5958,1,credit_card,1,0.87
1c74ffde86fb781136c43931617a5958,2,voucher,1,30.47
1c939324bacd87c65d030c7974e38338,1,credit_card,1,125.20
1ca2f6afe6ba0ec0172d795f09cd06c2,1,credit_card,1,111.67
1cbd71feda5da8baea7160be1168fbc5,1,credit_card,2,75.53
1cc2afbca351a1423aeb95bd67821271,1,credit_card,3,214.77
1cc47b4855c5d2cf01a73dc8ae838079,1,boleto,1,246.28
1cc788ba1c0fa91ed3d7bf5a45a203a4,1,credit_card,10,340.49
1cd27ea64a7708735cd38f4eae93a8d9,1,credit_card,1,44.09
1ce0acf125f1bcd636276dd213363196,1,credit_card,2,55.18
1ce0acf125f1bcd636276dd213363196,2,voucher,1,100.00
1ce796ffd3b96e287899e429b44c0e3a,1,credit_card,6,62.17
1cf471f71a04b68d1cda071b51d7e391,1,credit_card,5,115.46
1cf93eead4feac27cca0e9f08bc489a9,1,boleto,1,57.27
1cf95378918960ac4f215e2a436dc18c,1,credit_card,8,203.89
1cfee098c50b9fe736b638203f7077df,1,boleto,1,114.43
1d01166814be7e95f72a3c85357fca45,1,credit_card,1,262.66
1d14bb358f43b14725c70bdc035ce24e,1,credit_card,2,40.53
1d35be28af536ed23f7e3ae4daa91aaf,1,credit_card,1,23.38
1d3e89c83af0905d749a8d07aac56855,1,credit_card,5,51.20
1d432ff6ecb6a501752815ce48038a89,1,credit_card,5,90.00
1d4fef737d9b6c214e13e92ae014018f,1,credit_card,2,314.66
1d525c1f58c75e74697f3993a3fc80a7,1,debit_card,1,58.72
1d67293aa79feef7aac612621d710869,1,credit_card,8,100.37
1d6bda6e5595652f956770a32ae4ba0d,1,boleto,1,757.42
1d96a7c14a9528634756937849d8467d,1,boleto,1,55.00
1daf08cbd75c8c42c6febf36b63e4bb2,1,credit_card,4,46.58
1db142fdab73b764609d8a15e7dd5a38,1,credit_card,1,393.76
1dbaa81e10d320cf7b6278931481e284,1,credit_card,8,144.56
1dbd19609384c9e5b21e382e560a85fa,1,boleto,1,110.77
1dbed8d8827e4f91dfbb03ce97b38109,1,boleto,1,105.59
1dd7e8d1a469f3ce26f8c5c93ce9e636,1,boleto,1,43.95
1dde4ac4444355c43b97d058a89e45bf,1,boleto,1,70.97
1decf741e38f6bb92236968ffff3b2dc,1,credit_card,3,660.80
1def5208ea4cb393260ab333be753296,1,credit_card,2,62.21
1df599f6c4bc10fe5cbfd2ae1ade43fc,1,credit_card,1,94.40
1df7ded3518147b95eababb6620f007c,1,credit_card,10,212.84
1dfdbd592873be9e467a641589b7595e,1,boleto,1,135.59
1e0d311945858b3394e3b6860838c9f7,1,credit_card,10,709.03
1e1f2f647008bb63f8fb6cfe18d64467,1,boleto,1,289.34
1e2335cf4dd533488459494190011751,1,boleto,1,136.99
1e2566907e0655a3549bdcb88b0291f1,1,credit_card,5,62.78
1e359230c99e4510d4ce63375b5c7f72,1,credit_card,4,48.34
1e3b30b2e066ae1200400ef9d72963c3,1,credit_card,4,45.08
1e3dad2b395168bf9948b5bd80c7258c,1,credit_card,1,85.15
1e48944f586b8b17f307ac4f5319b0c2,1,credit_card,1,67.36
1e50bb2b1fd2e009684c3b7bd8eb73ce,1,boleto,1,350.19
1e569d6eaaa4dee08f4b054b65f97134,1,credit_card,1,98.34
1e5b9ba96bdd2f8c7836f6fb5c7f9712,1,credit_card,1,186.85
1e693ac6b55dd939e50702b971446d71,1,credit_card,1,21.40
1e73093ee708ed2b782f359056925208,1,credit_card,1,35.82
1e738ef9fa41ecf83ae9f37a89591620,1,credit_card,3,146.59
1e7bc4fa92ad71dd2603c7582ebeabf8,1,credit_card,5,53.22
1e80bd664bc120ddf4d789b7b9455e14,1,boleto,1,282.38
1e8bd56a8a79c55409341b1c83b1e8b0,1,boleto,1,37.62
1e8c4aa0871777d9ee5169d3a6522575,1,boleto,1,49.00
1e90f6912f47b660fa57730f3885af08,1,credit_card,6,127.71
1e9c5ca232e1cdb290cb11b20d668c50,1,credit_card,8,537.99
1ea7acde8dacf11a098d0b85b13cdc0e,1,credit_card,8,1479.51
1ea8fa159bf5ec460bf24d669396a421,1,credit_card,1,53.96
1ec5ab4a5ab1b60a84603c6a06da028f,1,credit_card,1,31.91
1ecb44533ccf6974a67e7d36d913b027,1,credit_card,2,91.06
1ed8d07471dcc2832eb42d1507847102,1,boleto,1,132.24
1ee34237b5f6da17a68b98f9f27e4a4c,1,credit_card,2,142.27
1ee4d0544d11c277367d2df9c25ae406,1,credit_card,1,69.94
1ef3f20960d2c64d49f7154f3fd63a43,1,credit_card,2,117.94
1f42f4d540bb667dcd3bde1a50c9e442,1,credit_card,3,115.48
1f6588173be9bf635ac895276a116522,1,credit_card,1,417.16
1f71efbfaebd22c0da59bae196d291de,1,credit_card,2,73.03
1f8d7d0c0affce811c7d6f2abf71a7b5,1,credit_card,2,62.27
1f96abbd2bfd92185040f1e5b6ef7c41,1,credit_card,2,58.15
1fad09d0fdfb8f4f8cdfc1d5be566893,1,credit_card,1,47.17
1fb3e3b50c0686e0c491b0c17249d2d8,1,credit_card,4,46.13
1fb66111a1c0bdc6fdaab7101429f9df,1,credit_card,1,181.55
1fbf8f4fb186a87e85db3cf5ad3a0354,1,credit_card,4,247.83
1fc71eb4a30dced088d988c57e751078,1,credit_card,3,38.14
1fe07512d05f79bf44e02f7052cca2df,1,credit_card,3,163.29
1feae53afbeb20695102145770b6037a,1,boleto,1,144.72
20082947b2fb23b28d05f616b985cdab,1,credit_card,1,251.76
202c632ebb14ebfabad48f43c9a9f166,1,credit_card,8,205.31
20368ff725d0f3b5adf1ab319ccecb62,1,credit_card,3,188.94
203a651bc28694f332b40c3e61bf8e04,1,credit_card,1,442.26
2045198a6e7202ea847fd4816f7dde74,1,credit_card,3,128.80
20469319e0bed934658208f7bf3015ee,1,credit_card,6,168.36
20488170c0793bc73f2b06d5b5457729,1,credit_card,3,144.80
2060cb090f613a2c6e389e351afc8031,1,credit_card,1,98.15
20887fa4e0df7ed8c8d252ec5e9d4551,1,credit_card,4,250.76
20a0f3d89273ba4b9525ba497e2821e8,1,credit_card,3,126.90
20bc33ea85750fd7d20d7b72c5c4b36d,1,credit_card,10,573.00
20da65274d671907282e06147c655ae4,1,voucher,1,61.59
20e9f3d5d268869b86ccb6c13fec2dd0,1,credit_card,2,230.75
20f00734b9cedbed78661618c0deb7fd,1,credit_card,10,165.66
210bc4b9c2323ee8e4e138be5ba0a9ef,1,boleto,1,85.14
212399bb2189b8096965b199645d7d3d,1,credit_card,2,141.00
212399bb2189b8096965b199645d7d3d,2,credit_card,1,36.68
2130eb96d3ca108910e9afd32f4c7656,1,credit_card,5,137.83
215f3324d1e0ac9abd788d1ac6d65b9d,1,credit_card,1,41.09
217ec7b7a29a68b086c07bda53f3f6b5,1,credit_card,3,142.54
2195712688ef03e20c8053de61c82493,1,credit_card,2,187.49
21a550eeac28a30d4b59a0fd91c9cc8d,1,credit_card,1,101.03
21a5a6a3ba44669b781dde94b19a361a,1,boleto,1,298.43
21a724726546c32790ded320f982a506,1,credit_card,1,215.99
21b966a378471db65c18fa4ca20d6800,1,credit_card,2,132.82
21babe33a62ea8ca20539175f5f77dd2,1,credit_card,3,34.87
21bdc97768bc2e7a3e428d0ede7deb85,1,boleto,1,44.69
21d601597d3c4723d5e5f81dc1d2c01e,1,credit_card,2,36.79
21e66217f32d0775592d587a9cee5860,1,boleto,1,115.80
22085bab9022ec0c41db7a6698de93ae,1,credit_card,10,788.23
22186f12324a0f795921a6bbc8e7ad01,1,credit_card,2,170.62
222c6bc1698aec767223c052bf66327d,1,credit_card,3,88.29
2232bf34060433dc7ae5f0c76a2e6cab,1,credit_card,8,233.95
224bd0a94ce4f3eeebe2ef447e596863,1,boleto,1,29.47
22543080a0066963931832c0df11b2be,1,credit_card,2,54.25
22557cb9c7229669e351a8460240119b,1,credit_card,3,77.68
22557cb9c7229669e351a8460240119b,2,voucher,1,100.00
22561cc73693742c65f9e31bd0e8df08,1,credit_card,10,404.95
225993f2e15bfdde9746613cc9a3a4b0,1,credit_card,2,183.88
2279e81e4cfd1c590ccbc2e0b9c1b90b,1,boleto,1,104.28
22b1eef278d4416c1e867a55d1c39fea,1,credit_card,2,99.90
22b29d286c0de8b013b0db61ddcb3754,1,credit_card,2,160.57
22b6314011ec44222f024670a2c91929,1,credit_card,1,93.30
22d03f81f36cfd05e90af56d5dc63e74,1,credit_card,1,63.42
22d0b79a88fe360e41471c8477379673,1,credit_card,4,78.79
22d58ab98a59a304fd61d116c625ec4a,1,credit_card,10,1053.74
22d9f175d75a69bcfa445d7e1bc82ed3,1,boleto,1,69.84
22f1399a4c5b23e40453c44942c04100,1,credit_card,3,73.42
22f7d2adca9b9787cd01ba3f09f8aa03,1,credit_card,4,189.10
22fe4109ea0b3227fa3a2f5370ec9691,1,boleto,1,44.23
231f5faa326e8643dc979ef4dcc9cd31,1,credit_card,1,93.65
232ac1c81c6a84fd76f9653b248b5d92,1,credit_card,4,308.12
2343d4a98379202b11d3ec66c322ab57,1,boleto,1,46.19
234d54f2c7e5f1b3fa99a853ee8a6211,1,boleto,1,123.40
2356e9b211b952c07f32b7addb1250fa,1,boleto,1,35.00
236000cc7c90d723a7db9afa31f73e72,1,credit_card,2,137.08
2362f0e9afcae197310501d93b070bb6,1,credit_card,4,203.67
2369ff1232ff0d10bb9d924732757881,1,credit_card,1,525.65
23799ee0d85541263f0637d4b86d5e5b,1,credit_card,2,49.96
23879ed885740016a16a4cfc5420c80d,1,credit_card,1,98.97
239f80de3a90292c837e69ec8ff3c4f3,1,credit_card,6,225.88
23a868333bc15837fc68d57a8287bf06,1,credit_card,5,127.54
23af56e201b15091e86aebe6bde84b2b,1,credit_card,10,147.62
23afc00db0b1c005196306f02e1c1178,1,credit_card,1,45.87
23bd4c7d83fd48f908879d5a1aa32bf8,1,credit_card,1,186.50
23c7702588b2b08f1bf4fbdd15f19343,1,boleto,1,65.53
23d0ca011ea2e7273f99c4875a80854f,1,credit_card,2,160.37
23e117ca8f65562000f29a26f19f1a3b,1,credit_card,1,62.66
23e7bb857c480aa4791ff2f7f2a5e151,1,voucher,1,103.55
23eaa9100d479846141e3105e949df27,1,boleto,1,166.94
23f563c1e12c5d6d279ecc446b5f933b,1,credit_card,10,185.39
23fe7e1e5139248d8e9e379e1a910860,1,credit_card,4,110.76
24157de329cfc5610de79f904534eab4,1,credit_card,8,163.81
241b1a5ff1d152dc47bf2093ea154edf,1,credit_card,6,60.27
242c9821e1036401ddc1d061ffcb034c,1,credit_card,1,11.57
242c9821e1036401ddc1d061ffcb034c,2,voucher,1,188.90
24341ac85c8c726efbf9b78eb47982aa,1,credit_card,3,68.13
243fd4d4dbddf371c229a0122ac3e661,1,boleto,1,133.47
2456821eb4bf8fe5ac094da15037a2f3,1,credit_card,1,185.49
2458de231bb0e4286a97ab335afb78c9,1,credit_card,5,174.08
2459807af0cad1161d053ae93c170398,1,credit_card,1,55.62
2463eaec66167230ee0c637e3598e2cd,1,credit_card,1,215.05
246ed527fc17d711f0b578e0bd407257,1,credit_card,5,262.67
24750706d247c4d573cae75ee4372c59,1,credit_card,3,34.24
2477eccf092b3407c1442bf98cde9729,1,credit_card,3,105.38
24812bb88ca7c88144814233a1d6f78e,1,credit_card,1,62.69
24950e3fcd92f8ec85a91644c7252eb9,1,credit_card,3,86.05
24ae0d766df69840feedaece7acfc653,1,credit_card,8,1355.73
24b1c4d88fdb7a2dc87f8ecc7d8f47f1,1,credit_card,4,356.13
24b5077ff1a5cfb489ffaf2a6ae71f43,1,credit_card,4,532.55
24c88e563ba8b5ed9b8b9ca7b72f3016,1,credit_card,1,98.34
24ceed9729a86f5e36fd61ae94183817,1,credit_card,1,0.61
24ceed9729a86f5e36fd61ae94183817,2,voucher,1,39.08
24ceed9729a86f5e36fd61ae94183817,3,voucher,1,39.08
24ceed9729a86f5e36fd61ae94183817,4,voucher,1,39.08
24ceed9729a86f5e36fd61ae94183817,5,voucher,1,39.08
24ceed9729a86f5e36fd61ae94183817,6,voucher,1,39.08
24ceed9729a86f5e36fd61ae94183817,7,voucher,1,39.08
24ceed9729a86f5e36fd61ae94183817,8,voucher,1,39.08
24ceed9729a86f5e36fd61ae94183817,9,voucher,1,39.06
24cf826a7c6a7038c6ec3a5173a4c78b,1,credit_card,1,68.02
24ee049b7819170224ee7e5eca0494e9,1,credit_card,3,35.86
24f17834d1edff2ec50e2fb099896d80,1,credit_card,10,221.21
24f209c23bc564a88e7cbb7f46e17505,1,credit_card,1,211.60
24f9d59b5717fed5431455ac71a4a371,1,boleto,1,148.06
24fe896f12fc80ca8e107a56258b67d6,1,boleto,1,104.83
25002fcfee05773be1d9bfe045b95fec,1,credit_card,3,289.39
2502fdbda37b0748046e3b6c9d33e7ea,1,credit_card,6,64.22
251f7157d5e425718ae0767439991dec,1,credit_card,1,37.34
251fe947dc87c3ac12965b12bd34f160,1,credit_card,2,62.38
252e3d8642591a131552842adb8230f7,1,credit_card,1,53.47
253fce0796924cfa83e730b7c7da4e66,1,credit_card,2,106.84
2567b61de29297da09bb8da381d2b37e,1,boleto,1,41.81
256d7c10e54af14e81340da966349b3f,1,credit_card,2,64.23
2581504c87d229321f70e6850d332196,1,boleto,1,53.00
2581fb50a626be9c524173007c799147,1,credit_card,5,57.16
2583b27eb8957bea688a9cd41b7c0f47,1,credit_card,6,278.06
25850021261764efbccacf5e29ed13f7,1,credit_card,4,290.54
258b933113e8f7411e255b6fbbf16dc2,1,credit_card,1,105.28
258fdca015115622abad4d8ac1a13ae4,1,credit_card,1,58.82
2591661e8952477c49e9efd03a319cfc,1,credit_card,1,37.75
25a328788a40be038f54f6b2d3c54b78,1,credit_card,1,147.70
25c22896dca583d857448141d99ef3ff,1,boleto,1,82.51
25cdbf36318188d83d96f32a9236d1e7,1,credit_card,3,225.03
25db8af390f9984ee0af317b5239af35,1,boleto,1,114.68
25f3c6052aa7604ff162e5a12b77298d,1,boleto,1,113.15
25fbf27ebf14d822b62827aeb77d9d10,1,voucher,1,89.53
2629f390add3248cc2cb53b3795fbe9b,1,credit_card,4,40.84
262a22b18b8c7773c9ce2e3665db8c44,1,credit_card,1,40.86
26468ef199f961b657bd9411810b80ea,1,credit_card,1,62.54
264c045399fb02e9f309f715c2e5f3d5,1,boleto,1,102.12
2663f91a68c89174d7550cdcdb1d5df3,1,credit_card,2,71.72
266a1f6959fbb6cd5b50201b10a0d46f,1,credit_card,1,33.37
266b0e02c5f1de0a40f86f63180419ad,1,boleto,1,81.88
267f42757da398f66b0cc956f501f29d,1,credit_card,6,283.73
2690c84e60cbc597c732d126472db7cc,1,credit_card,2,72.83
2699d27682691fa4f6be5cfde364a833,1,credit_card,6,80.19
269fb3a37e10ad284ed9ca4a34c32d09,1,credit_card,2,22.10
26b47634ae036af085a067dddf95bd77,1,credit_card,3,106.90
26d821f4e6c14dc9a3b4cf118c806fbd,1,credit_card,10,378.05
26e2db0bd73689ff814692e3dc232671,1,credit_card,8,182.06
26ef05ca1105e34d67dfaccab65e1100,1,credit_card,5,60.64
26f078c600b86ed6c916be331d3dc1b0,1,credit_card,4,107.59
26f9b65f14088371f7c082c607f04d8c,1,credit_card,6,698.50
270c25da086ad763f34a2cd66c6aae7a,1,credit_card,1,50.10
2720322b26b3ddc8467925c74b7d7c9d,1,credit_card,2,306.03
2728685c083a4749558ea7e44578a0c3,1,boleto,1,88.72
274cd784482aeed5533082fd271be663,1,credit_card,6,65.10
275705caa614c75dffeaf1844c1f6db9,1,credit_card,2,59.42
2759e33a8d084b097aaf4d4b8393e38c,1,boleto,1,73.34
276c36d0f0218b24c09343edf53cb98f,1,voucher,1,17.01
276c36d0f0218b24c09343edf53cb98f,2,voucher,1,1.24
2771d3ac1d43785ed9c2fdcb077a87b0,1,credit_card,1,49.20
2771d3ac1d43785ed9c2fdcb077a87b0,2,voucher,1,571.09
27a14f1949c308b236684c6b7732eb03,1,credit_card,3,199.73
27b286dd0016893043cae6da2f07a2a5,1,boleto,1,26.35
27b974fdb1343121e2a97ab9bfe080e2,1,boleto,1,52.38
27cc371fc21005cb23584884e8364a35,1,debit_card,1,29.95
27db1a079a22bec1453d0f24f630005f,1,credit_card,8,2429.68
27dfe580597e36bfdb283184aa96a201,1,boleto,1,116.94
27f9fff9f14236589804b62bce39f526,1,credit_card,2,140.61
27feef8b6702f1d6ccdffd697e7f4334,1,credit_card,1,35.77
2816b0ec050fb4a136c32a6bda007a91,1,credit_card,1,130.85
282565c3d7b0439d7adfa7ad1df6ac93,1,credit_card,1,243.20
284b3707cd4351c728d8d59db0ce2c45,1,credit_card,2,88.14
28572ca6264628bbdcd513eb363d6b3a,1,credit_card,4,110.00
2869ddcbc4b0d9b659598ff9b1e68e14,1,credit_card,3,32.77
2873470e494bfa664423c256505962e1,1,credit_card,1,46.61
28763f36038db84d7ab6ff7b3ef9774d,1,credit_card,1,81.00
2881b13af2b1dee73ff94bad8d235e16,1,credit_card,1,37.94
2882e815bbb59314e58194adf2fe61e3,1,voucher,1,13.20
2882e815bbb59314e58194adf2fe61e3,2,voucher,1,13.18
2882e815bbb59314e58194adf2fe61e3,3,voucher,1,13.18
2882e815bbb59314e58194adf2fe61e3,4,voucher,1,13.18
2882e815bbb59314e58194adf2fe61e3,5,voucher,1,5.95
289a45b09606de7a3d7003baa2b650d0,1,credit_card,10,1370.26
289cbae847c6623b3a488df45f472c66,1,credit_card,2,107.78
28b219f462742fe93f57a52d18b67612,1,boleto,1,198.33
28bc8f33c194dd4f636717ef490d0921,1,credit_card,2,101.73
28ccc6df03d720b1c01c91ce78025016,1,credit_card,3,104.72
28ce9f21d700f4d00c2d53fe829911f3,1,credit_card,1,77.57
28cf6655a339bec298464ed6ac5b4550,1,credit_card,8,188.60
28d0d98e542f0409627c3717348339c4,1,credit_card,1,165.45
28deb75c8cd00d9b37fc3376aca1cc09,1,credit_card,2,225.62
28f4aecc81f76b7e6055d4c9e6b7e9e4,1,credit_card,5,293.36
28fbe65f18578f91f026300af5e6bdbc,1,credit_card,5,110.25
29062384ce4975f78aeba6a496510386,1,credit_card,1,249.08
29069b15adeec52fc98e512ac98acba2,1,credit_card,4,116.24
29152a6bbb878d0f03d10e9ee8f59093,1,credit_card,2,70.06
2921ebd304831878ac888644314d424d,1,boleto,1,113.08
292d3c40e87d260ea28e83b76b5e352c,1,credit_card,2,160.64
292fa4655c8e30747b2b465a8f4d14f7,1,credit_card,1,53.68
293195bcdbd978c21b548c48185374a7,1,credit_card,3,73.34
293f1f31a342e210ff008a393e2955bd,1,credit_card,1,140.04
293f88e33dd760720e689b394b3fadcb,1,credit_card,2,71.92
294d70a37f9e32ceb08958fd03ee49fc,1,credit_card,2,57.68
294f94df7d2ec239123fdca1a458e0ff,1,credit_card,1,162.61
296354937d156bb322d68e56f8e2729d,1,credit_card,10,742.65
2964eb001b521cc23017f1c007a6712b,1,credit_card,4,155.77
2982a4a9b9ff0bf9a4f5b88a45a6fa67,1,credit_card,6,163.52
298ee6136c29ce0b78bb3cc68591404a,1,boleto,1,206.44
29921b6b001ba493f381f3f1d396af16,1,credit_card,5,108.45
29921b6b001ba493f381f3f1d396af16,2,voucher,1,50.00
299c93716e44a3cc7521ffd9b2db1fc3,1,boleto,1,27.28
29a2291d6d805fb5ed5585585715b98f,1,credit_card,8,746.65
29aefbcf33949b65e5303167977e0362,1,voucher,1,84.88
29c20a338ac69db0ccfe9702b4f94a54,1,boleto,1,168.30
29e88d870b2322863f45602dc1a8bd89,1,credit_card,8,162.51
2a08278777d9f1a73321180ce445b630,1,credit_card,6,64.00
2a152286cc2026c2332455f5b2ba2980,1,credit_card,1,19.29
2a1ca5e0a47b3b8fdbb8da5b34ed45e8,1,credit_card,3,191.51
2a4408332d5a4d37e075056a8b46d59e,1,credit_card,8,203.14
2a5c7850b48cf4e26405577d4d2e78e6,1,voucher,1,42.77
2a5fd2bee90721df67729d2e85221278,1,credit_card,2,53.14
2a65dd524a3b3160b9f67476c8ec40c3,1,credit_card,3,265.95
2a70ce8b5ade3f0195fee5b3afc3bf71,1,credit_card,1,155.73
2a77610e00a6f4db47364ddb4871de68,1,credit_card,1,86.02
2a7c1794496ea317e6f88363616ad9e2,1,credit_card,6,167.97
2a8c23fee101d4d5662fa670396eb8da,1,credit_card,8,287.97
2a93ea3d6dc877b7e20d51aa102aae6a,1,credit_card,1,49.01
2a9cb99ef87c3d128dc9ad43a7369854,1,credit_card,4,211.98
2aa83d9dae401c1373417afddd15fc5c,1,credit_card,1,116.71
2aa83d9dae401c1373417afddd15fc5c,2,voucher,1,319.98
2aa91108853cecb43c84a5dc5b277475,1,credit_card,1,193.98
2ab10ab526351fd3b05219e9eb4f7d9f,1,credit_card,8,366.73
2abe97fe40841c06d48dbde9d9df1279,1,voucher,1,49.29
2abe97fe40841c06d48dbde9d9df1279,2,voucher,1,8.00
2ac520de90670f0cb695af6630a00c4a,1,credit_card,2,108.46
2aca6ae53d657c0a06f585816ca6781d,1,credit_card,8,340.12
2ace7e1ba19304db3cc21291effaa7fc,1,credit_card,8,251.65
2ade26ce6c23d8df75d4e7444128fc84,1,boleto,1,115.16
2ae00ff32b724a74e37b8264ac4fb85e,1,credit_card,2,116.49
2aea39f518e5af3c58b9047d5f0e5e0e,1,credit_card,1,45.00
2aed991f5c4a0db2a7aa9bbaf9f4044f,1,credit_card,1,45.05
2af07ef80eaeea49803f4f6a3dd99280,1,credit_card,5,181.60
2affd5996127141118380e30fdd8964a,1,boleto,1,114.64
2b091bda8d69a64119fa4ec34147f946,1,credit_card,1,108.79
2b0d020da35221c291bb03a55f70794a,1,credit_card,1,163.43
2b15043612beef9240f3a17d949c09c9,1,boleto,1,156.06
2b1d482e9b00a6f20d0e5688065cbf2b,1,credit_card,1,31.61
2b2354a7ca69d0b7f006aeab04524c12,1,credit_card,2,77.41
2b36fe8c73edb9af80b2d3e73b46122a,1,credit_card,3,222.38
2b629b6b09597b429808b20156ec6998,1,boleto,1,214.71
2b72e9015af390303d5d89ae0fd64673,1,credit_card,4,62.44
2b7a74de7a07d7c71956b675cd98116b,1,credit_card,2,40.10
2b9aa198d33cfb44834120efe900c103,1,credit_card,9,150.05
2b9fcc0b86e42aaa05818596c7d9299a,1,boleto,1,180.38
2ba6f4043547bc847cc055c975cb57cf,1,credit_card,10,276.49
2bc2d6094a9d3a086277687c589123af,1,credit_card,3,176.99
2be34c2ba4b5bbab97cc1ab70c699168,1,credit_card,1,89.58
2bfb7f8b84037952c9081f80964396b5,1,credit_card,4,162.91
2c0032906c603dcc21cd954828fa77d0,1,credit_card,1,250.57
2c0b15f658bd85594b7943de2c9719fa,1,credit_card,3,222.17
2c293bd3c9f41735731112a36cbcaf81,1,boleto,1,184.17
2c32c97550e1aef2feba6d0bfa3e2c37,1,credit_card,2,340.29
2c4194cb7130f5749ed2f4e8d7328b0d,1,credit_card,5,254.63
2c5948305d5a014ba38e3bae99c2fa36,1,boleto,1,108.30
2c7b41b2acb40e97acfe3dc543de718e,1,credit_card,8,84.41
2c7e5cbdab3bc1cc70b61425a7648ff1,1,credit_card,1,43.75
2c8ade83a1d38262000ff586fe9b0f8e,1,boleto,1,104.05
2caa92df77593ebdf24a65d26e9001e2,1,boleto,1,83.23
2cb14cadfd564d88f59990e80cd4e81b,1,credit_card,1,242.68
2cc24fbadbb75e8e8922ca2671262b0a,1,credit_card,4,331.34
2cc93fd6f68e6cfcb968814de8a14296,1,credit_card,4,2023.58
2ccb6bec4f3730c45dafaa8beb92f482,1,credit_card,3,370.59
2cdcc5a4a3365e4e73abd4d0774f8636,1,debit_card,1,872.74
2d021148258852ee21ec94ddeb0dbe3a,1,credit_card,4,76.83
2d14badae001e6b55cd0c31238e284d9,1,credit_card,1,73.15
2d17c499d9ed8dbdfb97368c0f322dc0,1,credit_card,1,82.74
2d26f440845a3b31ac584864e2d1a82e,1,boleto,1,69.03
2d2af0a625555b1d0ca95f6feed922a9,1,credit_card,1,37.68
2d33f101d4220c7eff9e64679870dd44,1,credit_card,2,45.61
2d3518f1b535de87ccf593d3892022af,1,credit_card,1,56.10
2d3b53a594f674cb7c476510f364c430,1,boleto,1,92.40
2d3bc1f6ed458a137c51adc3cab7a488,1,credit_card,6,1139.17
2d5ace7adfe7a22628453f05952b4ebd,1,credit_card,6,164.81
2d6e7665b6e34b4c1531c9e06517b1f9,1,credit_card,3,217.29
2d825a962a725110b2647050cc636b3f,1,credit_card,5,84.23
2d8589819360cb6c6603825b50230ba4,1,boleto,1,77.57
2d88faf08d61205e21df03548b98d88b,1,credit_card,1,70.81
2da3f67af1db377e56dc9a07b969c9aa,1,boleto,1,29.34
2da6ebf3d4e564ca7ed21893aa78d820,1,credit_card,1,190.87
2db55bc45408ca33aa8ff88bbe7fc720,1,boleto,1,28.69
2dc3a1303e348a49718ef4a190d14eb8,1,debit_card,1,89.79
2dc8ae13ff86f4dcefb60ddfbaf43df8,1,credit_card,4,159.47
2dd08b72f1dfc49c74883302437e6f6d,1,credit_card,1,44.30
2dd08b72f1dfc49c74883302437e6f6d,2,voucher,1,68.41
2dd6d2ec74e7e4413fd8a04bf7ac124f,1,boleto,1,66.18
2de931311a1cb3001070a6c567124301,1,credit_card,1,116.84
2df5aaf1eb7caf39dad85e2ce5de84c5,1,credit_card,8,95.93
2e241dd7ebbf1f048d5e0783826066c0,1,credit_card,8,773.57
2e2cbb3249517eed43f1192508daa71a,1,credit_card,8,1052.49
2e3889d3a9c61df9a9e1c64f566c6aea,1,credit_card,2,152.27
2e39e94b6b5f7944f872ba6bf39b758b,1,credit_card,1,60.78
2e40f4ca6760b2209d72989c1533fe0c,1,credit_card,1,119.18
2e4e2813ad5d8dd8582c22307207f800,1,voucher,1,135.59
2e5dc86c8c4aa663549caf5e31de840d,1,boleto,1,299.92
2e76a5ef63f6a5a14ad1de12b201dbd2,1,debit_card,1,79.61
2e7e996efcdd5363fe2dc812bf804e58,1,credit_card,2,52.85
2e99a8c55fe4b528eb671351410cd81d,1,credit_card,1,44.10
2e9d5ee7d598619b69bba815527c91ed,1,credit_card,2,195.47
2eb25d32344f7fc22c7d52e33110bd51,1,credit_card,2,125.90
2eb6d51ef9ae3ae319b31ce4e4ec0097,1,credit_card,3,223.01
2ebb1fd53e7b4bd81b7b1e9242b91262,1,credit_card,7,98.64
2ec398158cb686267b1f4b102129098e,1,credit_card,10,2818.74
2ec795cf2d2eb7925def2e207f6f648c,1,credit_card,1,104.38
2ed4a7943bbe7f0641a9b23dde2241ec,1,credit_card,1,76.76
2ee7854c6d1ee4b64e27764b46dc99ca,1,credit_card,2,101.83
2f1a1f6835e7ea0d360901c632fc0cbf,1,boleto,1,69.12
2f1a5157e323f52d58fca608db06ac82,1,credit_card,3,47.16
2f1a5157e323f52d58fca608db06ac82,2,credit_card,3,47.15
2f4011790ff902584d5b011f0e35ff1d,1,voucher,1,180.21
2f48ebdc1794aeb862ea825214ef13b4,1,credit_card,2,75.12
2f4b6bf22d858c8b142942bf133b5b05,1,credit_card,2,107.82
2f5474b96da64f62dd8d495a3ab13861,1,credit_card,10,138.06
2f54db7250b3463f57049dc32ce4ff93,1,credit_card,1,117.90
2f62dbff060e1fc79791d3f079b62769,1,debit_card,1,98.22
2f655d9169f2159a439e96af86d28c12,1,credit_card,5,520.65
2f6ce0fc6861201ce7e46d0b67ca0dc6,1,credit_card,3,528.80
2f803c32f469729b9a81a120bcf74567,1,credit_card,2,71.25
2f913d8514e1297d2b7543d5e7a6f90d,1,boleto,1,119.48
2fb20060c4293790e86d35ac3943e141,1,credit_card,1,61.05
2fb37826cdb8f506242e4dabb544e516,1,credit_card,10,154.80
2fd12ee976f68370d5397cffb377b4b5,1,credit_card,1,57.38
2ff0dab60f75a10e4f296641d88b5fb0,1,boleto,1,45.01
300e2dfe7d37393693973f78426a0807,1,credit_card,1,43.71
300f22cf9178ce8ef0db12b477f29e8f,1,boleto,1,31.96
30192988070ccc8d5f5d40aad62b8ed4,1,credit_card,3,164.62
3025217f257165e00d2312dfe35a9b60,1,boleto,1,549.47
302e35ab075da160f3f02ba14e56d918,1,boleto,1,261.90
30302e4257bbc6a219101fa79c37c1f1,1,credit_card,1,144.80
303537b4b88abe56ea3a5c0801709c36,1,boleto,1,185.88
303cefa0f5b9ed6af793756df252eff5,1,credit_card,3,225.21
303ee5296914e7240620a31df874be35,1,credit_card,4,311.56
304bf410920449182fb3294bc7405597,1,credit_card,2,160.52
304bf410920449182fb3294bc7405597,2,voucher,1,167.97
305c60efcc38cee62ca817de65418a13,1,boleto,1,75.78
305daa1af560f81a4225d0d70f636a51,1,credit_card,1,121.26
3061eeeda2ce6bbe56d21c705f5d083c,1,boleto,1,589.08
3087dfec43100fd80fab47b128aeaea9,1,credit_card,8,104.42
30945faa37e8264ea2815f7bf799adf0,1,credit_card,1,153.21
309a6726656b1ace9925bb760fc46b81,1,credit_card,10,913.70
309c3acdc3ee0846604b0db436a91e94,1,credit_card,1,105.28
309de5faf9baa8961fd068f3f4e44dcd,1,credit_card,4,44.09
30a1f7a69f9dc03ac7bfd48df243ccef,1,boleto,1,32.00
30e5f6d1724b24b1d19d90ec48d9c7d6,1,credit_card,1,34.35
310665e6326967af1b7df9e9ce885ff6,1,boleto,1,156.05
310abfc7bfd9ed2e2a2ffd77256c284f,1,boleto,1,85.14
310d1dbc8ae8050a39e80f2a8367047b,1,boleto,1,36.23
311155a0f4009bd8e4936e0ce45324ae,1,boleto,1,831.72
31157b4bc58dc4cb53fb5b390b4a0934,1,credit_card,9,187.43
31491a6bf618385b8b23b9924a119e4c,1,credit_card,1,21.77
315012d9bfdbacc2e9bf37cb91a6d338,1,credit_card,2,211.95
3158067c30c82428202611ba4ee5d977,1,credit_card,1,113.15
315ee1669de8cbcaca403bb9c0f2e228,1,credit_card,8,215.27
316c859aa0c2b794a3db879c5eb09153,1,boleto,1,76.76
316de33d2305716d16f6fba75d609f9e,1,boleto,1,251.36
316f3f2ab44e5ee70b0d45afcc087e81,1,credit_card,2,101.90
316f68b737bb9d1e24ca9a1d4de6f352,1,voucher,1,92.20
317bfcd79627d89d54a917da6e066beb,1,credit_card,1,123.89
317c1b8ef01e3a3f2cf00c255bf96d5a,1,boleto,1,144.31
317f677073cd35ced91d8e59ce483b0e,1,credit_card,2,158.94
3189959300e5acc4558e39ee4026e122,1,boleto,1,46.00
31944c223e12e51000bbca2b8705ebf7,1,boleto,1,206.07
3198a007090c3a630beb0fe82d14a0c6,1,boleto,1,32.09
319bc82f24defe9aea4274a6bded23ab,1,credit_card,3,133.29
31a8766241a787028fc15329259dd644,1,credit_card,8,228.18
31a8766241a787028fc15329259dd644,2,credit_card,6,136.81
31bc09fdbd701a7a4f9b55b5955b8687,1,voucher,1,26.86
31bc09fdbd701a7a4f9b55b5955b8687,2,voucher,1,55.71
31bc09fdbd701a7a4f9b55b5955b8687,3,voucher,1,37.88
31bc09fdbd701a7a4f9b55b5955b8687,4,voucher,1,40.33
31bc09fdbd701a7a4f9b55b5955b8687,5,voucher,1,22.28
31bc09fdbd701a7a4f9b55b5955b8687,6,voucher,1,77.99
31bc09fdbd701a7a4f9b55b5955b8687,7,voucher,1,3.48
31bfcb30bb17876d402e178810ac042f,1,debit_card,1,95.22
31c5b1c46eed53925a1f2feb3493ba31,1,credit_card,10,675.01
31c728d11563b29a76dc77a51634588c,1,credit_card,8,358.44
31c8528678f80f4491b0e2634ae8940e,1,credit_card,1,95.34
31ffe8189e41e4bbad1c872b804c6bfd,1,credit_card,1,23.93
3200257acc9dd36d1fa819e72fca7e59,1,credit_card,1,333.36
320647e42dac370c80184c0f74433cac,1,boleto,1,132.64
320f8045f186a371da49b2360c152bff,1,credit_card,2,358.50
321449a02a8bb4029e39f54fe306be0b,1,credit_card,3,164.01
321b1257cfaf6c0ca8a709d230158920,1,credit_card,4,440.08
321d9d09f4d1ffa67dd4ca76b9914da0,1,credit_card,3,107.78
322cf8d33165964665e1529f6cbf4f28,1,boleto,1,60.37
323a708130dd958865650c8917116819,1,boleto,1,103.60
323edcfa718f1be4d393578d24d3072a,1,credit_card,4,94.14
3249acacf413f55e488c452cf8b84651,1,credit_card,6,273.36
326c29ec5b89834b17aea7d85302fd70,1,boleto,1,102.03
329033bcfc8c56c7d06fb88f2e60f320,1,credit_card,1,38.39
32934ee250c2eb4a72f61dd37e4f5a81,1,credit_card,1,78.71
329818399e3d2636cd3618c0f52954eb,1,credit_card,8,115.65
32a5dab70d12a1ed24b1f79bbf17bdc7,1,credit_card,4,322.89
32a854aa037f2b66f8172754fccfddbc,1,credit_card,4,312.95
32a9c2b7a764ba82d9f45c94152f4679,1,credit_card,1,37.00
32c75dfb830b25a968cfd39e54d315a3,1,credit_card,1,104.63
32e4ab670ff4b606ef9ef7efdea0a284,1,credit_card,4,187.70
32f0d08563a05bd541da24218934fdab,1,credit_card,4,349.10
32fb9842a1e575a59a048b0f5b471d94,1,credit_card,3,77.65
33053ee45764f34778295ba8a0a4131d,1,credit_card,3,195.00
3305840d006ff4ecbf347e2c1a38d698,1,boleto,1,243.14
3313dc446abbe2a29ae4ae064320b334,1,credit_card,3,52.82
3316b67b63d43c414af962eb7452d56a,1,credit_card,8,131.62
331ec8fd37b237cfe255176db487a755,1,boleto,1,25.17
332a6f392ac92a529c0b2a059b959913,1,boleto,1,197.52
3331dbfe6f55503bd3b962d95445ac7f,1,credit_card,1,73.26
333977327b5c548879a21a3b1fc87c48,1,credit_card,10,203.81
333fd556e66dcdb07b2081f258f42ece,1,credit_card,2,223.58
33461765475580d8fa316d298bfdf86d,1,credit_card,2,66.31
3348fa7940562350a8d19cf788f0187b,1,credit_card,3,39.09
334decd7ef04da2ca241d7d049383f5c,1,boleto,1,61.01
334ea0d577d6491e3b5ea4b5fdc76a75,1,credit_card,2,47.43
3363e330c754a732795f39079bb76d55,1,credit_card,3,144.99
33688e8b749940b759d6824ddf7f437e,1,credit_card,4,430.62
336b23be3e03293e27330af8c716f0da,1,credit_card,1,200.21
33701411446fda95a2c013c5e38596ba,1,credit_card,3,181.96
3393e0117eefaf7abdee7c0ec9582632,1,credit_card,2,57.84
33a07fed56477fe605818442871aa9bd,1,credit_card,3,185.64
33b7a15ce8edde0ee1be98069f2f5fc7,1,credit_card,2,139.62
33c2430c9d2f05d9d244895aa53b4a82,1,credit_card,3,148.79
33cb48a8f9d0e5bf683cda9881aae15e,1,credit_card,2,20.83
33cb48a8f9d0e5bf683cda9881aae15e,2,voucher,1,64.57
33cb922ef5a6167e70184dafbf013670,1,credit_card,10,218.27
343289ff41523c04e591262e4af6a288,1,credit_card,1,113.29
343c609ca3ddf3294e1e2d54ce6d9a76,1,credit_card,1,61.69
3449aa90c200ac98335249ce9f0e3151,1,boleto,1,63.37
3464de846f6595e07bdee9f5a234743c,1,credit_card,10,166.59
346c0a181df97b0776f3d7d4a2cec70f,1,credit_card,1,30.93
3474c37ad7067402582a2852a08015f7,1,credit_card,8,669.30
3482fd5db03ecb3857123956a9eeb1a0,1,boleto,1,686.41
34984c4e45c628649f0e6c60a8f626f9,1,credit_card,1,18.43
34a989b4dcc21e3151e957dfe67df824,1,credit_card,1,68.64
34a9f5d9dc692eef97911d47564b1af1,1,credit_card,3,36.62
34b16c8bd1f6af05432cd98e66341f4b,1,credit_card,10,193.72
34ce0ca85ae4e7d8cad0c61a10236321,1,credit_card,2,163.61
34d8085664591b6233e939572becebb9,1,credit_card,8,1327.72
34d91b022de394cf98320a2109457501,1,credit_card,2,122.12
34de5f7952fbd04a9a1e5d7001b014b5,1,credit_card,1,68.03
34e356294ae93c00aa77347b2f84ea1b,1,credit_card,1,52.17
34fb24b31d9f7c52c22cc20e8c81449f,1,boleto,1,61.32
350038b23604468ee252b66f20af1443,1,credit_card,5,113.63
35029df95fa6e0af9bdba562f4fc8fb5,1,credit_card,1,48.64
350885c9ea4a1a48519246d7ea5518ea,1,credit_card,1,117.96
351c4682748b3e66dd18732d650baff2,1,credit_card,3,76.17
35219838fa57f17493790b796f51a77e,1,credit_card,2,165.48
35431beb6e4dc0ce4426a0c9ecac0640,1,credit_card,5,102.10
354a5b90cf468691c4b06debfd2c8115,1,credit_card,3,87.99
354ca0db56ff74ee830a15fcc1416642,1,credit_card,2,119.41
354ca44327bb555017ef42fd921ada11,1,credit_card,3,367.90
354fa109f2f8c98606b21722fc02433f,1,credit_card,1,80.54
35575d651196f286d8d73c2b92653aa1,1,credit_card,3,176.60
355c14cca8fef764ee4faa28db69342f,1,credit_card,6,66.42
35660aec0cc42b6257e24281ee0e6255,1,credit_card,3,155.00
357699224271146ddda4a57375993805,1,credit_card,3,56.69
357f073c68543005a0065892f53ae4f4,1,voucher,1,66.66
357f073c68543005a0065892f53ae4f4,2,voucher,1,66.66
357f073c68543005a0065892f53ae4f4,3,voucher,1,66.66
357f073c68543005a0065892f53ae4f4,4,voucher,1,60.99
357fd478aabae20e8548661577688175,1,debit_card,1,301.00
3591b137120676965cee41e9cdb29cd0,1,credit_card,2,161.77
3594e05a005ac4d06a72673270ef9ec9,1,credit_card,1,27.19
35a43762d907c68ab2a6a697fe52a336,1,debit_card,1,108.46
35bc592a16d6706d14d29f07ed1d13c1,1,credit_card,10,660.40
361454f6abef97fcf00c67ec27a32e6f,1,credit_card,1,110.00
364f451ee38a4268d7c15d317021eb35,1,voucher,1,29.89
364f451ee38a4268d7c15d317021eb35,10,voucher,1,1.58
364f451ee38a4268d7c15d317021eb35,2,voucher,1,14.17
364f451ee38a4268d7c15d317021eb35,3,voucher,1,13.64
364f451ee38a4268d7c15d317021eb35,4,voucher,1,38.99
364f451ee38a4268d7c15d317021eb35,5,voucher,1,3.64
364f451ee38a4268d7c15d317021eb35,6,voucher,1,16.25
364f451ee38a4268d7c15d317021eb35,7,voucher,1,14.30
364f451ee38a4268d7c15d317021eb35,8,voucher,1,14.82
364f451ee38a4268d7c15d317021eb35,9,voucher,1,6.96
366ad1dd93fb7f77b686017bc779447b,1,voucher,1,45.00
367733070da9a9f5f70e9a9cceb99ea3,1,credit_card,1,13.68
3683a05264a0926a8c06607f4623a0a3,1,credit_card,8,215.14
36869aecba8d52a09823c891345e0e32,1,boleto,1,194.59
3689526fafad22de181f6e9230bb4d49,1,credit_card,7,70.06
36a37af508b09e391728ea24f49f656c,1,credit_card,10,118.98
36acd0e7abb8ba0ac7fba360e09c5451,1,credit_card,8,153.17
36b8ca63eb9822b5f68630749ff70e32,1,credit_card,5,54.33
36cfe0289488f169d3269cea0496d66c,1,boleto,1,87.73
36ea72943a97d3bf36050be233ae1151,1,credit_card,1,163.81
36eb3c711e799624b2138786f704d202,1,credit_card,6,137.67
36ebb4199031e72a1fa964549b88c377,1,voucher,1,133.25
36ec96a65d616f11a0b1e3863478ac4f,1,credit_card,2,127.72
36f264b6ab0169bf0db37101cf2df98f,1,credit_card,1,63.10
370098d35ccd8a2af86b57c81ac7d24f,1,credit_card,2,241.57
37032037a9594be86de78211bab2e548,1,credit_card,8,313.10
37113d4a4b32eb2a62556a3688dc0277,1,credit_card,1,135.35
371dbb83f599fc061ccd8558b577499d,1,credit_card,2,190.37
371f13dd168ce30a881e0db8cf3929fb,1,credit_card,8,665.87
3724d3f2c0cf415269a35992df297fac,1,credit_card,2,61.00
372f7d827bed42ed537ec39866756e71,1,boleto,1,159.12
37404c7e8f026ab1b81aef92a59939b5,1,credit_card,4,208.02
37439c69cc9254ad393066b4061ae5f2,1,boleto,1,158.22
3745b3f4f984381ce40a6804a2be23ea,1,credit_card,1,199.98
374d4811c6f3657ec62ffec582801ccd,1,credit_card,1,69.54
374fcc5350e3372ce0d7cab981d7de90,1,credit_card,3,85.18
3756637ed2fc243af380469a2aa5384c,1,credit_card,3,35.72
375bb4357db0f08e163905aa4bbd5d7d,1,credit_card,4,119.18
3765a79496712d9bb7eea316cc9ff2c9,1,credit_card,2,416.96
376ae7556f341edea2995422a5fa74a6,1,boleto,1,181.41
3772bd82db6b988f9a7008bdb3a4b729,1,credit_card,4,116.94
37732eb932f8b2b2b3d7cef77833eec1,1,credit_card,4,116.97
377761f188a20507117a18c35bc33bde,1,credit_card,1,91.96
3784bc92c8ff0ca207ed55629e5df7e9,1,credit_card,3,77.75
3788e0af9e212034588d6d24fa1b7fd1,1,credit_card,2,62.98
37921782093cc3bbeec6354572683718,1,credit_card,3,168.94
37a5204a049f51a78d2a3b22a808a779,1,credit_card,5,155.98
37ac92a80fc763601ead868bb23af05a,1,credit_card,2,60.01
37b8c558c5edf11ec6b82f288bcdcf8c,1,credit_card,3,30.77
37ccf51b0d53c5e3916005261aa8f75e,1,boleto,1,69.45
37e0f821c1cec37404754d4aef37091c,1,credit_card,3,97.57
37ebc8f9d2308911382c1fd433ba3b7a,1,credit_card,10,487.86
37fef9185066b091254533c2192edd72,1,credit_card,10,437.48
37fef9185066b091254533c2192edd72,2,voucher,1,557.70
3802047602d091427dee04863e71fe21,1,boleto,1,88.90
3810ddb734405f64afc7638fd96c9cb5,1,boleto,1,79.92
381c217ee7fe965c547e4af4c8a70b75,1,credit_card,1,31.38
382fe4c08d9dc3aec94cd1aeca20b992,1,boleto,1,44.24
3841b9f0b88c1f4776e948e96261a099,1,credit_card,8,307.73
384552460d294e72bca84e0412609b8d,1,credit_card,1,115.37
38648b71bc657c2d7c0f96930cee401c,1,credit_card,2,48.69
3869937e33c68a5ec38cde1f19a6968c,1,credit_card,3,281.30
387620ec766797a584b7e92a41daad5f,1,boleto,1,39.62
388a9117213936e0290e6e7d50f9fee0,1,credit_card,8,161.44
38907d62f0ad31245147a7a2378ff1db,1,credit_card,3,72.14
389ac865e327bd982cf1101e0a77ff34,1,credit_card,1,96.65
38ac0cc1879cabf9cb23a2e8f217acfe,1,boleto,1,875.90
38beac7cca7c937da89f8aedee76f944,1,credit_card,8,88.65
38bf8e12131a605a38265416150b4888,1,credit_card,8,90.32
38bff8bbf4905806b94884c0124dff22,1,boleto,1,49.85
38c5c2886f2aab75bb1ae3f79a3f300d,1,credit_card,3,64.48
38c61d1bbf5143a8c347ebaa490e234b,1,voucher,1,25.00
38c61d1bbf5143a8c347ebaa490e234b,2,voucher,1,25.00
38c61d1bbf5143a8c347ebaa490e234b,3,voucher,1,47.21
38c69a1ea85be350abf04516e9527573,1,credit_card,3,152.78
38d1232695dcc849092e1747534fe225,1,credit_card,2,163.90
38dcb5499d8854b4b2c6dbaaf983f21e,1,credit_card,10,1537.04
38ec15a8c5ee8b06e98a7db4f56f066a,1,credit_card,4,105.28
38fa147f3463d7751cb8a2b2455d628c,1,credit_card,3,174.02
390056468c27192af8354d708051054e,1,boleto,1,18.70
3900b88a922f66bc0aecfeb3807bec9d,1,credit_card,5,127.92
390e5f12e01c2af04027580e4cdde515,1,credit_card,7,209.01
3935314843d69e339825d1b0d7f6ebc0,1,credit_card,10,108.88
393654d81daf611630ac2068a7c9b12b,1,credit_card,3,55.10
39627a21dc26dd7c2810548c6b6e1e90,1,credit_card,2,265.41
3967044b1f033a8b079e050cf79b2586,1,boleto,1,42.33
397512738329930b9bf6d624b7db4969,1,credit_card,3,251.69
398545ae905dad286c70f01c7e7311e1,1,boleto,1,158.76
39863c5c4361d19d8c48522f77fb3bed,1,credit_card,3,34.30
398d714b55535c832a8bd66bf83defd9,1,credit_card,4,128.01
39959ff1a251b948e61c0fc006e74d85,1,credit_card,1,137.09
399fecaa30efa4d1624e7314b2eeaead,1,credit_card,1,33.72
39a484e6a644f8edeb11c2c8ed218069,1,credit_card,8,606.57
39a70e9e9b729b11dee34ac12478597f,1,credit_card,6,128.90
39d92c90ecacf0e6411af62b7bcabe17,1,credit_card,1,86.15
39ebbbb18aec8b7d8de948019c3298ab,1,credit_card,2,239.68
39ed55131dcacf19b9dcf0739eefb591,1,credit_card,4,66.60
39f43f2f3fd37877826085cd7e657b14,1,boleto,1,87.10
39f948e000e2da7329061c875b6d35a1,1,boleto,1,114.27
39f9559c0533f3ea56143c01bfdd7d9c,1,boleto,1,450.42
39ff1e358efa92ceae42de6d5f9d37cf,1,credit_card,10,170.95
3a04af7ae8cc442a2dad55dec73fb2e6,1,credit_card,1,569.61
3a0855d32f10ac8041aaa2e84ba0bbc0,1,credit_card,2,29.69
3a0b207c999d48a7385a3ec9ceb251fe,1,credit_card,5,55.55
3a0ef207d0d68b9409177eb5829032f6,1,boleto,1,72.79
3a18feefe5d21fab0d8b3af7813510af,1,credit_card,1,61.31
3a340d73b238bb50736793ddb808d21b,1,credit_card,1,81.21
3a3946583c464f57913a9df9c134ba0f,1,credit_card,1,240.45
3a3abd8e28e6facbad63e5ee376b5cb2,1,credit_card,10,133.76
3a3cddda5a7c27851bd96c3313412840,1,voucher,1,63.89
3a46125908fdacca936ce28a0b4835ea,1,credit_card,1,52.84
3a5c53b7345f82b31c0d656d63f3b8fb,1,boleto,1,36.36
3a6b05ecacce688f20fecd1824db1c58,1,credit_card,1,159.86
3a9ddae8c6c9ec787ccf981dbbf34499,1,credit_card,1,58.88
3aa0bcd95f24f4a91c0ca3f0a160ec9f,1,boleto,1,31.84
3ab3084e2fd91af8e021237e7bf08cac,1,boleto,1,123.85
3ac4f30b6ba23f340792aeebba73158b,1,credit_card,2,594.55
3ad2072a2c9169681a3bb6138e0f8ef3,1,boleto,1,21.86
3adcce2e211993b4e696031bf97409dc,1,boleto,1,1244.12
3ae4d97402b1cec4506cad07762d0adc,1,credit_card,6,63.51
3ae5cb75e3aaf3d9e99637e6c07032e0,1,credit_card,6,86.90
3aeb3d4e53be38746876f1f83d3726c2,1,credit_card,3,35.83
3af2a81272fcd0c650bd44f53f7e61ef,1,credit_card,2,65.09
3b1bf20520476dc7b150dd52f521e525,1,boleto,1,70.04
3b28722276b5d42721d0122d688f518a,1,boleto,1,25.84
3b28f0058ea921e275c87efadc8f7c32,1,boleto,1,37.53
3b2cfa22d9226264ad6c05510c4a3ef3,1,credit_card,10,294.70
3b35dfd8bf0ca772d83708ba283e1143,1,credit_card,8,101.14
3b43a1faa9745dfcd8ef87937f4cab08,1,credit_card,5,94.74
3b4495ee12b140977975b7ef18c904aa,1,credit_card,1,60.74
3b694fa216b9963c2df0ad993a355551,1,credit_card,2,56.94
3b6bf8d07e34c52b0f65c58afb3df15b,1,credit_card,2,1334.28
3b714b1a7fdd3fa6787c2e5ecce9977a,1,credit_card,6,68.25
3b81643b1ae987887152ef3e6ce0d989,1,boleto,1,114.89
3b8571d1b976c25db4b555a5f04b1968,1,credit_card,1,37.79
3ba501474fa8bf57cb48c5721307bdef,1,credit_card,6,179.97
3bbf8f927f288e4a1854c7c12d0dc1b7,1,credit_card,1,86.20
3be9765eafd8ecf60d00e05f4cb35ad1,1,boleto,1,61.37
3c0a214a5ba7ab90427502f4d578b659,1,boleto,1,61.93
3c21823fb08a6a2ff770877efffb1c1a,1,credit_card,1,215.76
3c2988b42a58560a3f8f467ddef9eebb,1,credit_card,2,92.94
3c2a7cc75899d6a06e8735da9b7fa302,1,credit_card,1,21.70
3c34298915dda196e053873162f24bf4,1,credit_card,10,275.46
3c3e5bec9a05202ab008c05c55f951fc,1,boleto,1,128.99
3c63f38b18f9c813e6a2947f12708660,1,credit_card,1,100.65
3c75044db750a89606612ed286713eb8,1,credit_card,7,74.07
3c75044db750a89606612ed286713eb8,2,voucher,1,100.00
3c75e106ed38695c5bbf7fe5ab77a851,1,credit_card,1,71.68
3c8194a8d47f5852dcd52ccbf364596e,1,credit_card,1,59.24
3c8876b8e5a484c81a1aa6c8bc4e65d6,1,credit_card,7,146.24
3c8ac84fe0d090d76cb65e2db3bdefbf,1,credit_card,6,113.44
3c91e3497ee8a38751b01e5d549a9bf3,1,credit_card,1,26.24
3cb615977522175b4a3af08f44b44dce,1,credit_card,3,69.15
3ccb8870c169b9a65a6ce1b3736c49a5,1,credit_card,4,76.98
3cda6f52ca254406b2c0ce1ae433a481,1,boleto,1,162.16
3ceec142bbeb4de9939d371d6182d5d6,1,credit_card,4,168.13
3cfb6e2f13d190a67c451cb4a359faee,1,credit_card,4,405.65
3d00fba40b3bbf3283c4f21e9129d855,1,credit_card,2,65.13
3d07a476264a25476f6a5aa642696bd4,1,credit_card,2,71.24
3d0c0f6ab268b67176fd58927a08b69b,1,credit_card,3,182.56
3d0c0f6ab268b67176fd58927a08b69b,2,voucher,1,40.40
3d1a23961fdfd767d8596bd2851bdb5a,1,debit_card,1,153.39
3d2538dbdbc283f9cb3e187912cf770a,1,boleto,1,35.68
3d3742a96f24a8fe4e2e57628807e476,1,credit_card,6,175.41
3d4369dcce579868d4629c19b96260c9,1,credit_card,5,302.37
3d4bfa3de7e617f61d1ee3c87e95b204,1,credit_card,1,162.68
3d4c0bee5a287df3c005b08aebb13911,1,credit_card,10,1668.74
3d5297364b0d752cbbb48a11a58eef00,1,credit_card,2,133.48
3d6298d6f28bd5a6ce39be4faef068c8,1,credit_card,5,104.62
3d7b0b699c4690a1cda8c8cef8c5b95c,1,credit_card,3,63.27
3d7b9f89c8227047efa43e1c557e0966,1,credit_card,2,109.72
3d894f368ae702ec71a9db9d4d21291d,1,boleto,1,132.39
3d966a23ca6c6a3e5dca4053ee2c654a,1,boleto,1,139.15
3da8b1bbe6650411cf568285bb956f90,1,boleto,1,71.54
3dc3b1441a6356bd23b21ac507bd38d6,1,credit_card,3,46.71
3dc3b1441a6356bd23b21ac507bd38d6,2,voucher,1,19.68
3dc3b3d8c073e795040be5836fdd8691,1,credit_card,2,131.16
3dd5cc10816f5a16ed7d1c54e7d7549b,1,boleto,1,108.96
3de642b372ed772362b5a3df6f583046,1,boleto,1,206.57
3dfb708634f7341447767f4ee59fce95,1,credit_card,5,52.18
3e01e667dc4b025af8c5eb4f606cc7a1,1,credit_card,2,416.49
3e1088f1c96e2b55ef9a070866bd1f1e,1,boleto,1,205.09
3e153abd068ad6638364a06df17cdc5d,1,credit_card,8,204.46
3e5851bac5137487999e438e2986af8e,1,credit_card,3,89.28
3e61448e4e84529ceb5c325efe9f078b,1,boleto,1,36.78
3e9fee97691551e4a1444f095899d5f9,1,credit_card,2,101.74
3eabaa998b43c58b0d27b9afa79060ad,1,boleto,1,103.83
3ec05d74c91669694d41dcf4d7cdc764,1,credit_card,4,40.86
3ecb666eda6d2ebb9348dfc65c32252c,1,credit_card,1,166.29
3ed46d0aeda8a091370db112656e55cc,1,boleto,1,25.61
3edb50273f0fec7a7e340030467076bc,1,credit_card,8,196.08
3edfecc4a611653ebb70ad242db1aa56,1,credit_card,10,308.72
3ee6a5145ccf8837184fe98c491e232c,1,credit_card,1,196.99
3ee9bd56fcb90ab8b29de6387760b666,1,credit_card,1,41.75
3ef5b20302c49fc70c926348301d065c,1,credit_card,8,97.12
3ef9cbaa0a848de9dd30b1953d31a730,1,credit_card,4,218.66
3f041e89d354fb02648077875c4ad67b,1,credit_card,1,40.01
3f35e6f6080a0f108570a0f177f8c2bd,1,credit_card,6,138.73
3f3f8127c7e0537f9f74550f3504f93d,1,boleto,1,51.22
3f4d686018624f3b9275acdb244b0fa4,1,credit_card,10,419.27
3f6da1442aba80bcf61179602dfab9ca,1,credit_card,3,97.12
3f74987a2030cff1cd1829b3c4b8149a,1,credit_card,15,553.00
3f75bd7be63d165465c46b981942582a,1,boleto,1,234.08
3f7aea4e3cecef996bd62713fbf8712b,1,credit_card,1,25.00
3f7fd60d67674509240c45196f94cf0f,1,credit_card,1,17.59
3f80947ce4ab2d28cede3db5c92e44d7,1,credit_card,2,119.12
3f925ae7ffff56f13e03e8bd5711ca70,1,credit_card,3,255.26
3f927a0036358d9522078e7e3007cfe4,1,credit_card,1,76.15
3f9e8fecf02f21c1a57dc20c0e7f95ab,1,credit_card,4,72.90
3faacd4730227be7088bc1bfe4878627,1,boleto,1,112.92
3fb4d82a992d06f85994158787a76ff0,1,boleto,1,40.69
3fcc23281e8679bfb293a37d2fd3eeb8,1,boleto,1,39.00
3fcf477d8f1cc1e4b5cf7594e9a7090e,1,credit_card,1,119.25
3fd458f81a4ab505469540d26bcdb598,1,credit_card,1,120.31
3fdebcfe1a2cdcd4ee2770a2e28b2af4,1,credit_card,1,103.08
3fe3d1ba41519dd81c6d6ebde0c8801b,1,credit_card,3,35.00
3ff7c1060eb0e7df8516ff9025461875,1,credit_card,10,108.10
401fb6dadb664eaebc2a116c4672147f,1,boleto,1,52.59
402094e1d8f8b5f681f962bc2554345a,1,credit_card,4,152.72
402aa244b88b67e5cc97b78f03488534,1,credit_card,8,104.84
4030d047c111d2d8a990c6ccfd9e4081,1,boleto,1,115.20
403ee67b92b2fc4c2c2ece77d61b168c,1,credit_card,1,25.13
40480952d51c22285abc3b9a16595822,1,credit_card,3,188.39
404e2c2a9c8b32e2c57597440e356f2f,1,credit_card,5,227.76
40516474d4dead1446fa9e9ae60d233a,1,boleto,1,92.78
4055525efb230dfd940236b7888f2012,1,credit_card,1,28.88
407650da5ce96e8de0290f05086d3b49,1,credit_card,1,47.39
407fe646704ea7828e324c8ef7e7e616,1,boleto,1,445.19
408b675f9e40be5250625c8c70472409,1,boleto,1,158.98
408e91bfedadd9e3a02ea46af7e6cb4e,1,boleto,1,20.75
40a1c5c49a15e72aac742ee4ff8308b5,1,credit_card,2,188.42
40a59440b8edfb3c3b493a7df101a0ac,1,boleto,1,17.77
40bb654f08a089c46353cea13d590ac9,1,credit_card,1,39.42
40bdd1ba5a9602677ba0603dfb0a659a,1,boleto,1,133.97
40e0f6a96881e259b2be8697beab436c,1,credit_card,1,77.77
40ea2ea8a722cafe20d875802ea20dd7,1,credit_card,2,81.16
40ea731f6fa10cf721b503b64f3b178e,1,credit_card,2,21.91
40ea731f6fa10cf721b503b64f3b178e,2,voucher,1,18.84
40ec2cf5cb1eb0bf1ea2b117552fecb5,1,credit_card,2,90.28
40fdebf7099c66b23f5856729f82a68a,1,boleto,1,141.92
41490608ca43942cf4ac60d48275a230,1,credit_card,2,160.51
414fe5cf5ccc8afed3c265aede6cc37d,1,credit_card,4,65.99
4155cce59e4c6284e17f9143818b2906,1,credit_card,1,124.83
418aaa61ff9515614340e03422fed9c9,1,credit_card,1,85.60
418e52c121e971463d3804676a3042a2,1,credit_card,6,60.70
4198d0f2bb36652e0d18c1f7bbf3b6af,1,credit_card,1,151.82
41ad2ae32ee66c07ef3b0301ba02ad27,1,credit_card,4,141.23
41db0ab7c0c615a697ca63860cd13a33,1,credit_card,1,130.57
41f1c1e22e7befb68bd39a783477ffb2,1,credit_card,1,2.68
41f1c1e22e7befb68bd39a783477ffb2,2,voucher,1,50.00
42061993a7f760c55ad0f98cb2b7bfea,1,credit_card,1,36.98
4207ad8e0e4e4070f271c930d25f72d7,1,credit_card,4,155.14
4208d8402138f772f9c189a1859e1f55,1,credit_card,7,73.34
4212c4acae39b267aabc4696d873cbcf,1,credit_card,1,17.61
4212c4acae39b267aabc4696d873cbcf,2,voucher,1,12.87
4212c4acae39b267aabc4696d873cbcf,3,voucher,1,5.62
421e787a5dec780e5db14facee9bdab5,1,credit_card,1,71.64
4224f44695338cfa528e9a57d8cbd1e5,1,voucher,1,48.60
4225edaa7ed111e8f866bb6e60e2152b,1,boleto,1,52.71
4240d84451ff02c5a7f3f34926699cd9,1,boleto,1,567.95
4266cc59dbee85121deb59ebfcf36eae,1,credit_card,3,133.08
4293c08add04a8db68205c16fcb0554f,1,credit_card,10,353.17
42a06602c542e66dd5a4377a0270320a,1,credit_card,3,97.20
42a1ac4cb7d28070b0c76e92bac2e087,1,credit_card,5,153.84
42ba06ad0483c398c580ede8b5bf35a1,1,boleto,1,368.52
42c37b18445759836227d8f05e252d10,1,credit_card,1,34.00
42ffa304e7e734f00e981f377dd18640,1,credit_card,2,90.86
43150008aa4569cfef4be756bd7dbdd3,1,credit_card,1,122.22
4320677b3638816c46bb7ecdf9533fd0,1,credit_card,5,226.57
434455c454a49013064dfa54585892fc,1,credit_card,3,235.61
43581787775b8fbac5c4d6dfb76ee984,1,boleto,1,350.09
436a28a029a7c89474beca1de4f02a29,1,boleto,1,116.90
436a9aef30267664e39faf27982b0921,1,credit_card,1,154.04
436a9aef30267664e39faf27982b0921,2,voucher,1,85.72
4381fa4ba1b423dcee980233d6b29d76,1,credit_card,5,114.77
4399f0c95ac804e27baf82ea7799b102,1,credit_card,3,85.34
439f6d37b8ba10b7ba975f29ed951beb,1,credit_card,6,447.62
43a95930524a9c5388fa5e417dc23241,1,credit_card,5,711.07
43cdace79982e3365d435048c203cde9,1,credit_card,1,65.04
43ceb3a1cbff88e05eab7e0bea014063,1,boleto,1,61.08
43d0e984f7e7256bce2b8f15fdfef0dc,1,credit_card,6,117.46
43d1fe9178de269c073056a519bac11f,1,credit_card,3,1010.80
43df7d0ebdaa1d4df7b8f25e2fc50fd8,1,credit_card,5,228.59
43e6d698fe37c6ba287d6b20d552a8aa,1,credit_card,3,67.02
43e9d6cfdcf9eaad45b8fb0a3ebcd521,1,credit_card,1,97.39
43eb55273f90173602132799e81d95e2,1,credit_card,6,141.28
43f637f4ddf1f51c9a9ab9a34856d259,1,credit_card,1,38.28
43f8e020752c67130ddf027e0297291a,1,credit_card,10,102.69
442a9587ce4b40a5d801427b6c0a5383,1,credit_card,1,79.76
442c20f1686da98436dda5a6c7c52e16,1,credit_card,8,168.36
4431ef82561b8626af05cf6e4c30f8a6,1,credit_card,10,127.31
444526825b5ea49c9405bd0d08fb8548,1,credit_card,6,139.99
4460d444aff619a6e34f6080d64a3e73,1,credit_card,1,72.36
44676f5946200b6318a3a13b081396bc,1,boleto,1,96.02
4474caba80193ac70c8175e131162240,1,credit_card,4,143.02
448e3433c1fdb3dc2678294be291a7ec,1,credit_card,3,95.74
4493ce8729200aed0eca9d3ae8bcc57c,1,credit_card,10,192.77
4493e45e7ca1084efcd38ddebf174dda,1,boleto,1,254.75
449a5c83325ac51d98c821405c503183,1,credit_card,10,169.49
449fd66fb16ef36b8f48f9f1f6dfdd3d,1,boleto,1,204.22
44a7a7517b62c54dff21797684d6425d,1,credit_card,5,51.48
44a7a7517b62c54dff21797684d6425d,2,voucher,1,12.66
44b24f94400635cc1f692121bc4ef110,1,credit_card,3,62.01
44c29a73f92d2ec846b75feec8e70e81,1,credit_card,1,40.72
44ce6def1c74186615c88a02d09abcb2,1,credit_card,6,109.16
44cf3a952d8e1d64780add94ffd74dfe,1,credit_card,6,136.30
44e39cef43dc4c715a13ab687ba2c081,1,credit_card,3,39.10
44ed504dda677f0c2509cf533ceffba9,1,credit_card,1,65.09
44ee389142c744e5c8e7b6c8343dbdc7,1,credit_card,1,146.26
4505b87dc4843da73734e3e1a6537999,1,credit_card,1,90.28
452df40bad490f0cf38ce75e50211a1b,1,credit_card,1,56.84
453b1d86b22e9fdb0d1da9c446dd2828,1,credit_card,1,72.43
45445c1dfdf9122c4399129db31fba89,1,credit_card,4,501.36
455bef37f8ae2d5a8d99c72a6ffdbb6e,1,credit_card,1,91.28
455f52f12a5c5e4dbb291823daafc2ab,1,credit_card,6,64.33
456115679f3b40b36e79c9d0713bcc9e,1,credit_card,1,102.48
457ade8093de88b42998c569334a7864,1,credit_card,10,2616.00
45973912e490866800c0aea8f63099c8,1,credit_card,10,401.30
45a0a5dc315fa233270e5c4778e54e87,1,credit_card,2,214.52
45af143724bdd26ce96b34fbb2d98f0c,1,debit_card,1,38.27
45b8bb0bfeacbf5aebe4c3f5cbcd2b06,1,credit_card,1,73.58
45d40c41efa3e7f0603b753465305bab,1,credit_card,2,127.16
45d529cd3cced900c59bb90bd0a19ea1,1,credit_card,3,213.77
45d9d23c62d17d0c6aadb813d38831b3,1,credit_card,1,27.15
45e646cf27d13009d98af6e85560a499,1,credit_card,3,266.86
45e64bfe511bd5e24d56e200e29631b7,1,boleto,1,309.30
460673777918e7a42a262293341ae7d5,1,credit_card,5,59.85
46081612169925ef8882b3bbf1c5011d,1,credit_card,2,146.93
4615129c8ec596bf8b287b95934c7b78,1,boleto,1,32.37
462972b78b68d10c722c8ba3f5ba4cfd,1,credit_card,4,78.65
462ec2e1d2a6a3ae425fdb77837d326d,1,credit_card,1,69.22
4638df545f7ab35cb2e4ed4bcb490e17,1,credit_card,3,902.35
463cefaa4147d39621500e986396b5cf,1,credit_card,4,196.72
463f34a9bee899d2d1f5f08af0c86d06,1,credit_card,3,251.07
4645204bfe0435a74ce5ada0eb4458ae,1,voucher,1,27.60
46502a9584712989d3872f32e0e2176c,1,voucher,1,17.90
46502a9584712989d3872f32e0e2176c,2,voucher,1,17.19
4660bb9edc05ee0d35c8aeaa896f3300,1,credit_card,5,180.71
4688d8a3d2db532497201af1f0f69376,1,credit_card,10,433.07
46ab3e1c2c3eed0ed5bd72930759d25e,1,credit_card,3,31.75
46bdbe48b6f5daa3dcc38e41599d0403,1,credit_card,1,64.00
46c123d65d1a90feca91b6c4cf104633,1,credit_card,1,87.62
46cfd37753bbd00f768165cf4cb7ace1,1,credit_card,8,387.99
46d0f76081021815e170035bdef4c828,1,credit_card,1,57.10
46f25e7d703d3c2141818cd05b8819d8,1,credit_card,4,147.04
46f8ad0d98c5c3731e1e7988e45f4a4c,1,boleto,1,65.79
4719ca093902a5a5aa18812a9750247e,1,credit_card,3,30.24
471a6da1b73e8e40114d97f64ad384b7,1,credit_card,1,20.29
4728d981da8b9d9e9fb4c7c069e46509,1,credit_card,1,28.69
4735d69a263ba04fa00533b8f3d317b1,1,credit_card,1,115.48
474a5a5d176b5d84afe62cdfa7d69dd9,1,credit_card,10,1035.03
475daaf912c5d6077ae695875f9e02dd,1,boleto,1,48.69
47718199d2ca56a38ae8cfccc158c692,1,credit_card,1,33.75
47999a7490ff2905f7ca3da2edcc9c52,1,credit_card,4,133.75
479b6ef981f240df12226a5ba0abffef,1,credit_card,3,140.45
47bc2fbe3e9b64a723dd530a4f1612b8,1,credit_card,7,74.35
47c1158d35b8d9f0453d5f2ddbbcb3b0,1,boleto,1,73.50
47cb6230e12948960e82a4924f9ca0b1,1,credit_card,1,58.34
47e488415ce9fda6fee06ab849f35ec0,1,credit_card,2,31.00
47e8ba7c05a52927e500dfc927b74031,1,boleto,1,20.55
47ee6fec7ba2a39c23a7c84127e1fac9,1,debit_card,1,64.00
47f545499e9ca5a70d3ec65e4e70adfd,1,boleto,1,93.82
47ff8d381edb0deb837f57d7805f0a56,1,debit_card,1,96.80
481010fdaf8e172cda436faedf27159d,1,credit_card,2,41.53
481075dd01a45aee93425cfdf090a8ca,1,boleto,1,167.83
4817db123f2751c4c12805d5715a51c5,1,boleto,1,56.77
48182f93c2c0bc28cb145431fa5bcc16,1,credit_card,8,82.25
48275cf565f4ea4f291da07bbbc7d330,1,boleto,1,101.28
484ab8a13180429b94330c723289a4f2,1,credit_card,1,61.27
484f11db440188250fec53abd4283294,1,credit_card,1,63.41
4850125b26ca8977d47c83f60df48401,1,credit_card,2,199.80
487102a0e698d9e4d4c20a484739489b,1,boleto,1,173.23
4888eb67727162d62e275521e8d6bf41,1,credit_card,6,84.45
488d5fc485f4624acb8132918763416c,1,credit_card,1,82.33
488e14d5f98e30e2e5aa3fa2e58d058e,1,credit_card,3,76.65
48b3645f62cbacd4396279c43e8fb4b2,1,credit_card,1,261.18
48ddd457f76f31a99e60ac8007bc8b28,1,boleto,1,56.69
48e57df5132333c7c43df89d2c531ff1,1,credit_card,2,41.69
48e7f3b7aa6ee2bbdd92ab84674fe4e4,1,credit_card,3,52.85
48f8621793a7f3a199cad88137acbb86,1,credit_card,8,319.67
48fbeebc9d59b8f5b8c06d87af9626f2,1,credit_card,2,52.58
490f9c9fc86a9e753c5729f7119e84d7,1,boleto,1,43.18
4912377c02eb84d181d53e98e010124e,1,credit_card,1,285.68
491a1961ff53513a57fa193570a11311,1,credit_card,2,40.28
491a1961ff53513a57fa193570a11311,2,voucher,1,50.00
4921567919029aa0950f3ebec0f91169,1,credit_card,2,119.97
4930f37130adb20a3c7d0b02b07050ca,1,credit_card,6,60.59
4932255e68f63e3a5f809bd4b96fc9a1,1,credit_card,1,91.82
493d1ad7e1ae4e8a6733d84bc34c6b0c,1,debit_card,1,112.02
4943203d80c901c56abaabd36a61e76e,1,credit_card,3,55.00
4948f06b894477c108c871a15fd4f1d6,1,credit_card,2,72.56
494c2e94dcd29167f5fe359a45aa879d,1,credit_card,3,237.09
495df6b807cb718b99cf24a4609fd323,1,credit_card,2,78.83
49646cc607d966ad032b9657f07aacfd,1,boleto,1,115.32
4969de35fd774f0dc8cdb13b069135df,1,credit_card,6,381.69
49822ac9e14074c1575428d613ac3889,1,credit_card,1,153.02
498e4c5508b686018306d8d363bc9d18,1,boleto,1,182.85
49a4561c8844cc95f2af25a0fdf77156,1,credit_card,2,108.76
49aaf52025f80a8470247c3d1b9e3f1f,1,credit_card,1,62.91
49af403fd43b8ca8b5f7b74845bf1f66,1,credit_card,3,79.27
49b9d8e434684c2ee92f901ead7f74a6,1,boleto,1,77.10
49bab3f94ce298f6fde6208f426978b4,1,credit_card,6,160.51
49d125fe3b5d0a36b001bf900951fe9b,1,credit_card,6,182.91
49e4b99628268d2b4f089f0662e13195,1,credit_card,1,60.26
49e809b11c0445fb0229f28378d3d30d,1,credit_card,3,225.72
4a089edddf146578d90f7a7632e5a86e,1,credit_card,2,32.69
4a098cad947704b7e739e19a092e24de,1,credit_card,2,198.00
4a0b592d4d6082de8155698ca49c6345,1,credit_card,1,96.46
4a0c442614599b83a064e2889049712c,1,credit_card,6,64.24
4a1ea52e0dfcd2d974464a1cb86cfbf2,1,credit_card,3,123.03
4a202f407d179ddfd8b58bba11a48809,1,credit_card,2,138.87
4a423ddd436e4f40476f60caabd02d13,1,credit_card,4,150.15
4a484c46ae5f093eca638e3c55d3dbc2,1,credit_card,10,255.83
4a4c61548dc56e17085376dffdec5d8b,1,boleto,1,60.90
4a4ed9ed7922304a569ed850baba99c6,1,credit_card,3,33.13
4a58a286f3ac0318f970a271f83c0b6c,1,credit_card,6,88.48
4a58db81127d824c22ca14ae7724d8d7,1,credit_card,2,70.63
4a5a742a2a571604208cc3f88ea253fc,1,credit_card,3,253.79
4a661ab7f8cc33b9cb79df5c0b912a73,1,credit_card,1,115.66
4a721ffd84fcdf73673c0abbf2035fb3,1,credit_card,2,116.94
4a8fe18e8771bd810821df6dcf3428e2,1,credit_card,1,73.43
4a908627ddc9e257e5e9123ac4394e41,1,credit_card,1,298.08
4a91ab50eb21ac9d39b0a581487fb252,1,boleto,1,219.49
4aa3affa1cabce4defa1f592b369baba,1,boleto,1,211.07
4ab8819fc4b34e4d6b2710f3121b2400,1,credit_card,2,62.59
4abace28e7ad35184649078401530a5c,1,credit_card,10,132.24
4ac2b21645a33938ab26a37096fcd16e,1,credit_card,1,49.29
4ac8967b6c44825655969aa13a7e6213,1,debit_card,1,24.68
4ad2ebd3c62db5a8509e3f25fb8b81ca,1,credit_card,3,128.88
4af03386addb99dc44451b81b470a609,1,credit_card,3,38.63
4af5a8a71daf651bf0a9d449d3d1a27b,1,credit_card,6,152.11
4b06d0583c7ba03f377c15729a3c69dc,1,credit_card,1,71.78
4b160ae84bf86ca95ce56c7c83c0c5eb,1,credit_card,8,356.16
4b19c2fe3690d7e4aa8cbcf946ea6ce4,1,boleto,1,222.00
4b20ac5099cdb7bcec3f8dfa89bdbdbe,1,boleto,1,265.12
4b3176150cda3ef1348ba91dfb6c7b32,1,credit_card,4,48.67
4b38f9d30c069b6ec0c1da7d03c0ea21,1,credit_card,8,232.97
4b481f7303c6e3e12e9a4b3a8725f998,1,credit_card,1,35.38
4b56b0f11819efbf57af78ef26982ca5,1,credit_card,2,1160.77
4b598c1855fb903ebc2697088200a071,1,credit_card,3,35.05
4b6aa78846ad555241cc92ee58c815c6,1,boleto,1,101.84
4b7bf1f7eb492ad33680ba2cb4c4ba56,1,boleto,1,131.07
4b8e7877b3a106b2df0a75470a397339,1,boleto,1,113.04
4b95fbb9125e0baff8527de2d1d0042b,1,credit_card,4,113.20
4b9d4dd62814524c9244f8ca0bd377d1,1,credit_card,2,45.69
4ba6cf8c58812d65edc6a67cf37c4aeb,1,boleto,1,64.44
4baa890f39672eca09e8d4cf0ffdd4d5,1,credit_card,1,9.73
4baa890f39672eca09e8d4cf0ffdd4d5,2,voucher,1,50.00
4bb6e6f5af26e1f5951d934386615406,1,credit_card,4,94.74
4bbd33a0def862d1273f79f0fb4d597a,1,credit_card,1,74.69
4bd1fc06727e84c83665103e268f1051,1,credit_card,1,205.20
4bd59c9149ad4be79cbc3dc2c2ef76af,1,boleto,1,101.65
4bd99e53cba81bfc30dea95659b864e7,1,credit_card,1,243.40
4becfda49755e3759f3bef6ebb43e88d,1,credit_card,1,73.74
4bfa32127f9cbdeb864796d1132b1c0c,1,boleto,1,81.05
4c14d29f32297333491d1cf6895acb68,1,credit_card,3,116.16
4c1fd23882ba19dd4163989a484ad75c,1,credit_card,10,155.08
4c217e3cc24f803307dea7d619377def,1,boleto,1,86.37
4c225b047eda6a8fcff282ce94b8fcc8,1,credit_card,4,272.23
4c22be46e1fe5c05c6ced534449f7432,1,credit_card,3,169.89
4c33f92b62a822db77b38b88bc7ad237,1,voucher,1,58.59
4c33f92b62a822db77b38b88bc7ad237,2,voucher,1,19.07
4c39d4875d185d6e0e8748fab228a0da,1,credit_card,3,185.84
4c48c455b847c7a5d291a519e1e42d28,1,credit_card,2,32.66
4c48c455b847c7a5d291a519e1e42d28,2,credit_card,2,26.48
4c520618a0cc5957cd116b12a553770d,1,credit_card,2,74.03
4c5b8b3b4df35733589fd795aa7e0d17,1,credit_card,1,39.69
4c761041674866c683398d2c3d0d9163,1,credit_card,1,134.09
4c7ef39af59d31fa247f85d10ed414f6,1,credit_card,8,231.88
4ca6a87f196ea892c5abc4e84748fbde,1,credit_card,1,141.23
4cc00a9ac85dee3a197d788b827da7e8,1,credit_card,8,305.68
4cc2340048994d76ad8665b2ed98e19e,1,credit_card,1,224.45
4cca40adc01e2bfb94dc9ec45658e661,1,credit_card,1,45.32
4ccceb1115420e37ee333461047ee22b,1,credit_card,4,55.24
4cda214be361d0c1d78e4beaac96496b,1,credit_card,4,102.74
4cdf8813fc5f4c3d74041453f606868c,1,credit_card,5,279.27
4ce0878b1fe7231ce22e503117abc62e,1,credit_card,2,149.72
4ceb6d05f749bbbb67e5606aa2d16647,1,boleto,1,164.25
4ceb9336411700f9568db2ef11bda594,1,credit_card,4,218.08
4cf58ec9c2d5bfdae2390471f7836fca,1,credit_card,1,63.36
4d171855324a9f6bbfceca895af66e6b,1,credit_card,2,138.96
4d1d3523aeda82887c2875955783ba2f,1,credit_card,5,175.74
4d2338eddcfe008a2d27270cfa679887,1,credit_card,1,42.77
4d312c4094736b92bf0f13f99d80ec86,1,credit_card,3,68.13
4d38bf00b95dbf4dcf2820177584ade9,1,credit_card,1,158.23
4d3bf07ef40875871c01c931d3755940,1,credit_card,1,620.15
4d3bfdf4c7d6578ea445d588371ae10e,1,credit_card,1,77.29
4d41aecae7fc035c91789128309fb7b0,1,credit_card,4,49.51
4d513811c3447933c3472defe4992141,1,credit_card,8,237.51
4d5fca22363528ec48be05c22fdbf690,1,credit_card,2,138.48
4d60e5659a5be3b15be731b5882ecc3e,1,credit_card,4,43.66
4d60e5659a5be3b15be731b5882ecc3e,2,voucher,1,40.16
4d65b53f48c951380c38eb2aadc99138,1,credit_card,1,93.72
4d6951fdb1a472a77ce1422ca656c2b8,1,credit_card,5,154.07
4d6a47078b73c647206be4398bbe29b1,1,boleto,1,214.14
4d9974c8797599512e8216eeb315817d,1,credit_card,1,41.85
4d9a297fbfa9ba6d8d70c06d4bec9ca9,1,credit_card,1,111.17
4d9d0b428174582a413b99766ffcb53c,1,credit_card,4,81.89
4da0b6d6c8c1ecb4588a756d5e2d2f54,1,credit_card,10,607.87
4da38cd7084ce9fdeae2412858379255,1,credit_card,10,178.43
4de273e695a489841193c7a5bd6911cd,1,credit_card,1,39.94
4dea0f922f4dd1f6db6379f7ad64ede2,1,credit_card,1,38.35
4dea4753bef29a866f8cc4a9c7ccbf40,1,credit_card,2,158.74
4deab312e3e7dd7eefaf005f169974f9,1,credit_card,1,45.21
4e1fb96e2f63c315a9ca0c11d9254ada,1,credit_card,5,721.74
4e26917edee71b496c27c12c72640436,1,credit_card,2,101.28
4e345c55d847fa86f3500c1abfcbdb8b,1,boleto,1,239.81
4e4aa299535ead6fe63a779d539c493d,1,credit_card,1,88.17
4e7215ac8ad76bd95a10b8230492c690,1,boleto,1,181.05
4e743d407939e965ac0b7bb694e67eed,1,credit_card,2,115.55
4e790ef1ee5dca2f0de38704d806e45d,1,boleto,1,99.75
4e80d0b6c184e0495126f54469869365,1,credit_card,2,205.02
4e9b5654a8e87fbf1f0010429835dbcf,1,credit_card,3,72.05
4e9cb71601575577f2208d3aedf933cc,1,credit_card,1,87.63
4ec40a7013b2b2e20429009214c283b4,1,credit_card,1,19.07
4ecb7b84b78466108b99fb193e6898d5,1,credit_card,6,223.01
4ecdafc07882d357b5607a05e3a1a46f,1,credit_card,2,41.59
4ed9c32a4e9d45ab8b3b9596e69f7346,1,credit_card,1,21.04
4eecbfcab9ec27fad7e24ac94f9a032b,1,boleto,1,196.81
4f1330720e5aa2d61a474c63620fc42b,1,credit_card,3,104.87
4f2478354c7836ea575c7e2f38dd1d1d,1,credit_card,6,416.56
4f4895a14aa8c28dd6c67b1ca830225b,1,boleto,1,155.84
4f4cdcc0b6af1eb7d23872ddc92b5d05,1,debit_card,1,46.68
4f586e2756d31db4f5d770d170dd51ae,1,credit_card,3,69.97
4f5dafaf09552e7aa5747ae0cb84ffc6,1,boleto,1,43.10
4f72abdcedf8185382214a227cdb9e9b,1,credit_card,1,127.53
4fa82fd6944531bec3422230e90cffc1,1,credit_card,1,61.79
4fbf9aea9b77fadc915415ac3ffeef1d,1,credit_card,8,96.22
4fc7e9c8c1ed5a3c716070a42e80c5eb,1,boleto,1,64.07
4fcf76f4599c2d725c33ed838078c8df,1,boleto,1,146.49
4fd59975900e997c6785ec9da06787aa,1,credit_card,8,757.90
4fde26fa2510c48a5de5fd2fd876745d,1,credit_card,7,78.91
4fe73718f01ee4a8a5edb8f5c72d1994,1,credit_card,1,47.62
4fec92299349d37362908a6a5685a0d6,1,credit_card,1,114.56
4ff17917a5050a11678d9af3fb12ef57,1,boleto,1,164.79
4ff21c3d42e746cac31c00b864aa71aa,1,credit_card,3,112.35
4ffd41fadb59bd398d869be78f1b2be3,1,credit_card,1,789.55
5008f69eb2ec85becc94d3a1c1918af5,1,credit_card,4,237.86
500cfc698f743e9b498d6c12bbf65eb5,1,credit_card,8,164.72
500ec09d88a6867f4a2eb557319cfe46,1,credit_card,10,107.78
50109a6c720b998320449ebdf2c0798b,1,credit_card,1,106.87
5038599d301a92796c7e52408dd0aea3,1,boleto,1,86.18
503e9f9cbf09cc23e3323b165d9ddafb,1,credit_card,3,325.75
50459e4bff96bdc46566472362da2e0d,1,credit_card,1,10.64
50459e4bff96bdc46566472362da2e0d,2,voucher,1,50.47
50620e639f6ed3116494d51bd888f449,1,boleto,1,122.00
506537a590a8f111389ca1f2a4963847,1,credit_card,6,200.92
507a4eb733d930ed7dfc37c2dbe4e264,1,credit_card,3,30.95
507f10036261cb4c3ab736a68441d6a1,1,boleto,1,134.50
509952a95c250007c345b4b929663dc6,1,credit_card,6,136.91
509be166b4a9400819808bea4ba08ec5,1,credit_card,1,74.23
50aa3e58985353eac3370fc8bba877ad,1,credit_card,1,124.13
50aac4af5f330951d508c0c255fde322,1,credit_card,2,289.41
50c2a6b25b1df03eff6f7249da47f931,1,credit_card,8,270.67
50efee8af80ee7bee6e41e0e70d58c6c,1,credit_card,1,165.30
50f6dc29061cc84a0517e8c487314855,1,boleto,1,147.15
5103d6b3761ac2e1155b08e4c6a5c225,1,credit_card,5,54.11
5108acfe22756c07a696f4ff210790a8,1,credit_card,1,37.38
510bff1cf06be1143d3b6698df2fd486,2,credit_card,8,406.38
510c6acb378271d88724c354faf156e1,1,credit_card,2,137.53
510e8baa207d989f72b11146c37f3411,1,credit_card,3,64.62
5137f8c3662122707504625d55882d56,1,credit_card,1,42.09
514ed457190c903720b7fd33660c486d,1,credit_card,8,366.19
51520d3bdef580c2ffd3b8fea209172a,1,debit_card,1,56.60
515c58930f7c49f1a0d9756e12491e63,1,boleto,1,173.68
51673e0d82449e7f4ccd8fcd64fe0c15,1,boleto,1,178.49
517bd49d869100558362e70c45f13dd5,1,boleto,1,265.35
517edafccdb3fbe4164342a0f5ada0ca,1,credit_card,3,135.49
5186d475bd6d5839473d5a6b8669638b,1,credit_card,5,380.40
5187d6e3efdec859c111d889c9ad7d9a,1,credit_card,9,90.28
51b808ed0e75c3a1106b08d3afe4f655,1,credit_card,1,19.39
51c064ec2d79d398b30db3f8e1de8ec8,1,boleto,1,38.63
51d435906a0487f17df29d38429e931b,1,credit_card,5,134.03
51e0963a3562ca3d9929bf37f3f07b2d,1,credit_card,1,92.87
52076105d0ca4133091c2c1db1d4bb9c,1,boleto,1,62.78
52128ec39ceae0d14af6c5779c4173cd,1,credit_card,1,234.46
521758adf4fa0c8f76b1488d0aebb48e,1,debit_card,1,196.26
523b7abdcc8e629f4bc493a9824341f5,1,boleto,1,63.27
52463ab7b28436f48c3ae2a48bc87ef5,1,credit_card,1,7.50
52463ab7b28436f48c3ae2a48bc87ef5,2,voucher,1,50.00
52597890ec6f46d79c0cc61f35b1cbc7,1,credit_card,1,138.51
525c4dbcaecd35a5fac2e4053589df08,1,credit_card,7,520.00
525c4dbcaecd35a5fac2e4053589df08,2,credit_card,4,341.86
527a4abbfe2ffe1727341dfdf63ae447,1,boleto,1,50.84
5284adfbbb8324bb8cc6ce42f0ea43e5,1,credit_card,1,117.96
5296a60e3eef35a29bfacb328de58d94,1,credit_card,8,133.87
52a5a288dcbb4561e2c2354115357b5c,1,credit_card,2,86.32
52ade67b3fbf4821fbb52e5c8e3a463e,1,voucher,1,60.00
52ade67b3fbf4821fbb52e5c8e3a463e,2,voucher,1,0.74
52ade67b3fbf4821fbb52e5c8e3a463e,3,voucher,1,4.39
52de3d5a01b5243a279fa5a6b64ebafe,1,boleto,1,193.14
52f3d979cd31211d1a3ef16a187def92,1,credit_card,2,394.64
52f795c33d266ff75e0f1b1738caf2f0,1,voucher,1,192.50
531b7ebd1fe920da63f51af4667a7962,1,credit_card,1,345.38
531e17477ae1ecd4809a2732f4a7c331,1,credit_card,2,47.77
5320fb6f684caacf933c7f9597454391,1,boleto,1,156.73
53239db74c7835641f106ef90b3d0100,1,credit_card,1,154.90
5340b130e66f95396ce83ee3f6d36ee4,1,debit_card,1,166.46
534a285e4e770b1bfbb710c8d45ea5b7,1,credit_card,4,627.58
534c285356eb06898b7ea7edbb14476b,1,credit_card,5,279.10
536b55df90b1eadec8cd2151d8d54536,1,credit_card,8,514.28
5370a96022220f889db213211b32740d,1,boleto,1,195.61
5377440d8cd95a8640466b534a83f87d,1,credit_card,1,47.59
538917e9e6d39e4e2f6d7480f7c2479e,1,credit_card,2,134.77
53ad0f90be4c36080d70c96aa70eafe9,1,credit_card,4,103.75
53bd622a8d20922d658c830bd18c22c4,1,boleto,1,199.27
53e503de6a65006651097e013bda72e4,1,credit_card,1,64.23
53fa1584e9fc3d9b50f19da601874fd5,1,credit_card,3,108.10
5419ec6ed07e2abf375fd4dc0121db0f,1,credit_card,1,31.38
541d399cde50e380f01d8646e4851d1b,1,credit_card,1,45.09
542a2c666cc61a67907e200c8cce4a78,1,credit_card,6,126.92
543698050075bdc4dccb5009076c552a,1,credit_card,2,112.81
54369f1e37831273ce26f463ca306881,1,credit_card,10,225.88
543cca75b036b547b2b025a1d896895f,1,credit_card,1,62.50
5441503215c03f85218efd398d2bb270,1,credit_card,8,216.13
546bb10cd086a577f9bbb4027d79c0f2,1,boleto,1,135.92
546cd63915b3ef4ab92bfb85277bee75,1,credit_card,3,191.40
546f64a5981ba2d29b0a43a6ab6da440,1,credit_card,1,253.11
5471d26176ed00eac0441e43fe12ce01,1,credit_card,1,46.10
54766753b06221dcdc0b0d27db25cc10,1,boleto,1,103.61
5486a5d84a1d6dcc94887f6f2821a4be,1,credit_card,3,101.68
548cef769a379d873b5a602a8bf39af6,1,credit_card,8,87.67
54a6430e873dab60295a0a83b82464d2,1,credit_card,2,192.96
54a6545f89aadb5724b75a5a6a1f7837,1,credit_card,1,52.09
54afcb850639d95181bf3ee674f97c25,1,credit_card,1,30.00
54b73f808b0ff25da4276773c30ac269,1,credit_card,4,105.28
54ba74414bed49a8b13864b3e8666f57,1,credit_card,1,32.14
54ba74414bed49a8b13864b3e8666f57,2,voucher,1,20.00
54ba74414bed49a8b13864b3e8666f57,3,voucher,1,20.00
54c4c0c7e9a1d272defcf15ea985bef7,1,credit_card,2,160.40
54c60b5e55b7cfa229a34e7ef63ddb96,1,credit_card,6,62.28
550f7653632f43410dcc64a9aff55f45,1,credit_card,1,57.30
551881f4a46fb5aafca0e72765c499a9,1,credit_card,2,109.07
551c21a415e6d07ce3dfc85e627f8aaf,1,credit_card,1,92.57
553fee3c21ab4328508c8e467806613e,1,boleto,1,148.90
55463000ff2ec17f2fc06a0b6a1c846c,1,credit_card,1,50.01
554798f223b7f6268362b7489f7514e1,1,credit_card,2,65.13
55529dc7cb99d0befad66b19ad9adc8d,1,boleto,1,57.06
55531bd6b11adf2791aeca35f0305e65,1,credit_card,1,43.27
555bdeeec0ae00faeb547748b9e58ec6,1,credit_card,7,141.24
5564c14d026bf6c92241f070bb98fb5b,1,credit_card,2,133.46
557c1116cc609730b617567dec5790b3,1,credit_card,1,35.82
55a4f9b50beced29f599c03bf4df76e0,1,credit_card,8,87.15
55a77a7dd079d592581f4cba1659ad33,1,credit_card,3,32.60
55c424970c57390065af9e2bf5461f11,1,credit_card,7,79.32
55cf955cfd4e236d76710709a400f845,1,credit_card,1,75.25
55d314f638b1b911d957c44db2ccafce,1,credit_card,8,136.37
55d80e98635154dd309f2cb107f5e205,1,credit_card,2,72.43
55f3c870c1e40785268450603096ec90,1,credit_card,2,189.00
56030114e560e8093abc06e38626e871,1,credit_card,2,525.32
560c623fdd94c3bbcdb7e9f7b130cdf5,1,credit_card,2,130.85
5617a131d53f18d61b0b90a2d279e820,1,credit_card,2,95.21
5619f8b4b37f9ee0474d22b309272c62,1,credit_card,3,79.33
561a3b9c8e282502bd86b6504b17544b,1,credit_card,1,98.91
563cc94852488599d7c665e7f9fb7ab1,1,credit_card,6,639.34
5642f00882c2ab59e001778dc483135f,1,credit_card,6,65.05
565073e67c654be3a7e7fe0e10e36629,1,credit_card,1,54.00
565db683020d918f5bf0a745784b44fb,1,credit_card,8,352.10
569e8d50e3105686d32f81ad1e012b23,1,boleto,1,52.75
56beb5fd73b90e8bc46a9d551c30340f,1,credit_card,1,116.81
56cbdf3f7e3f535682a007e0e3370e18,1,credit_card,4,136.88
56f1d06ce4c0cf8a60c9d1af768f39de,1,boleto,1,101.70
56f251ca89f74d06076966d5d49b9dc6,1,credit_card,4,110.40
570a2d92be76532681e5a09ac38c8e78,1,credit_card,8,163.79
570a37e6dd991a6c2c6b032f41487e04,1,credit_card,1,147.16
570b8c11496979f54bf5bb027e86fcd2,1,boleto,1,54.53
5714245e554b639710146cab5708287a,1,credit_card,1,63.12
571ae93d1696ee933348dd3de7a44efb,1,credit_card,7,77.57
571ceb25e5db8f2493bdc932ae31e994,1,credit_card,1,43.09
5730dad6ecb4f73d55da69d127c2bb6b,1,boleto,1,92.57
573c6238eeff0fc6caaed8b752bbebf4,1,credit_card,1,37.00
575cf745e50a19f7d43cb7831c5c76ed,1,credit_card,1,8.49
575cf745e50a19f7d43cb7831c5c76ed,2,voucher,1,43.29
57638520434d4c12b81d532ad9bf2f1f,1,credit_card,3,181.42
576560b37e7f23e3dfc9d154b23bc614,1,credit_card,4,87.71
576a4c1c23fdba52cef2228ad0232cc6,1,credit_card,1,64.62
578403214d22590a9874c89eaf3c09b9,1,credit_card,2,115.07
57877cee20b0b56f383bcec5069c48c8,1,credit_card,2,359.17
578daeebdebcc19bd2dcba1f6b06b3ce,1,credit_card,10,108.30
57a382ec5b2ec69093d3bdc7de3ec927,1,credit_card,2,504.30
57c2914d78f0d7f4b76089b7844e77ea,1,credit_card,4,93.78
57d153da23520b86eca3cf063cc3838a,1,credit_card,2,266.61
57d86c396c1d48482e96e9e4a0e14ffb,1,credit_card,3,31.92
57d86c396c1d48482e96e9e4a0e14ffb,2,voucher,1,18.67
57db811a1db1b622111203c37e6f98f1,1,credit_card,1,34.51
57f3dce57b231e9b80186f99ded08cf8,1,voucher,1,28.00
57f67475fb7b09eedaba20d1a7cc6097,1,credit_card,4,175.77
5810962e1a48530a03bc82a2e63c9f85,1,credit_card,1,169.14
581e402f36b377643fce426a28dc17e4,1,credit_card,1,148.45
5820261a4aacfd67c653d120a4acdc46,1,credit_card,1,68.51
58207f7c0efe1d999163cf9f30042830,1,credit_card,2,29.41
58279d6e5966be96c8768b58f9a6f983,1,credit_card,2,107.78
5828df384b9044ee90d7ac11a042274d,1,credit_card,1,109.38
58385f20ce70cfb92449b879d4d0d08f,1,credit_card,2,27.86
583daa63abcdc20ed6eab2e6a99e44a2,1,credit_card,2,200.52
58435d6ff97216c2ca1eab87aba77dff,1,credit_card,1,76.51
58683439e5d8a39e9b0a7c4b2f1ff8c2,1,credit_card,6,150.15
588085f388f3dd80c9c56681b47bf588,1,boleto,1,111.76
588319a0ed0db7baaa43a314a333434c,1,credit_card,8,215.14
58a0927d5f0c99b74be566b3d5ed7c59,1,credit_card,2,225.71
58a18ff759db7b6e8f84744c86b9b461,1,boleto,1,76.34
58a4c696515fef3e9c865e1a70b950d1,1,credit_card,6,163.79
58ac1947c1a9067b9f416cba6d844a3f,1,credit_card,5,124.16
58b99a93ab6127501faa09a1c8878dc4,1,credit_card,1,96.43
58c6e33bc7b4ebacdc2171cd9e2c6f96,1,voucher,1,167.51
58cf4bf760edf8c8fd391eb871b0eaa4,1,credit_card,1,110.02
58ecdd5dee96d19e30c67a29cae63e4d,1,boleto,1,105.28
58f999d3fc97ccaa6ce17d0488658cb5,1,credit_card,3,94.00
58fa3cd471625c6384fc92e41508b3a6,1,credit_card,2,44.05
5908173cac04f7b1861e21b7f4f639da,1,credit_card,2,21.77
590df66dc01ee360ffc28411a5b15f0d,1,credit_card,1,72.34
5922f7c7645fe4c84b8074f7574dcacf,1,credit_card,1,48.68
592399454ab1293dd375db727ddb5947,1,credit_card,4,189.42
5930304c1503cbf5928b7e38bc52e248,1,credit_card,4,87.35
5939a276152174ff719ee375114e0775,1,credit_card,1,26.04
5939a276152174ff719ee375114e0775,2,voucher,1,75.21
593f849c29daaeee17ee32baa44795d6,1,credit_card,10,1218.34
594f77c01c63636e30fb32025939df9d,1,credit_card,1,76.09
595c28bec1ce2ed873ef32f4c6f2f624,1,credit_card,2,64.42
59682ddba24feb11071cee1f0ed1ecd9,1,boleto,1,41.62
596ebedbd7635ed05a529154e354de90,1,credit_card,2,143.92
597310d5c3dc11229fe9221f13489cab,1,boleto,1,497.54
5985ffeab1ed2339fe93d713e2c48db8,1,boleto,1,29.77
5986af0c84c245048bb86d39d66fe3c1,1,credit_card,1,99.90
599cc8757abf10de056680e4b66187cc,1,credit_card,1,74.49
59a5648d91a60574c541152e2fe1c66c,1,boleto,1,155.72
59c0d4b067270f98e28b82c5ce59db9c,1,credit_card,1,97.44
59c89c6f877fc8863ea3527950e3ae68,1,credit_card,1,90.95
59d30d600974ba0320ff55e66d6bc67f,1,boleto,1,53.01
59d926a10c7bbe3763d2ed1fe40afdd1,1,boleto,1,157.99
59da3bd70f1d9278c6ae1577cd16de12,1,credit_card,10,140.66
59e44a5b3531b9de0e55335ef6cfce2d,1,debit_card,1,102.87
59e53c261681312bd398bcac254262e8,1,credit_card,5,138.50
59e7ca596664da0a459a145eb95cc9c5,1,credit_card,10,342.69
59e94c656aec3cee1b4a97e8324b47d2,1,boleto,1,70.63
59e965eb9a8f7f341a003466fbe14229,1,credit_card,1,71.82
59ee2fecea61fffb6f6da1adf48df362,1,boleto,1,30.00
59f0c755f151fc512bfc8a38e3b192ba,1,credit_card,8,366.19
5a07e91ff0df440fc9e39922aa973b9d,1,credit_card,9,205.48
5a082b558a3798d3e36d93bfa8ca1eae,1,credit_card,1,24.23
5a254755df1e90c1e7bff386319a9cc7,2,debit_card,1,133.27
5a29fd07d4a1b1523a932159e4648b28,1,boleto,1,426.08
5a4f11a9be03037cc84e5b77f4cf9d82,1,voucher,1,486.56
5a610ef4a49d9be48df16a1026f225f4,1,boleto,1,34.00
5a8f3e078b9a03b9bb16baa101e1c0ae,1,credit_card,1,123.52
5a97cb85d8737c11775451e5bcf67286,1,boleto,1,47.04
5aa709ad0b286644ffbb7c9aa6a1db27,1,credit_card,2,295.26
5ac0d2c1229ba07ea5cd990360b21e34,1,credit_card,3,50.86
5ac2db22c3a1a5c7d59208f225e41fef,1,credit_card,8,222.95
5acf78c509b083a69d8dd05a63a17185,1,credit_card,1,26.53
5ad5a009431bd3f53d623de6ca712cb4,1,credit_card,7,140.28
5af3995b6e2291d7ce8086db20960dd8,1,credit_card,2,84.14
5b023700ca22594b76150412fb31d733,1,boleto,1,21.04
5b10d29307d564e7cba05fe2ecf7334b,1,credit_card,1,203.51
5b1b26d3f1b67defc956d8ae1d95d407,1,credit_card,2,92.54
5b1c6bad461d722c0e428b2ad4e5cafe,1,boleto,1,91.85
5b4101f533b7c66611b649809ff634b1,1,credit_card,10,122.49
5b46b8a8da766ab67735748a7d1542dd,1,credit_card,8,278.91
5b5270acff888d4eaf14966f98eabd54,1,credit_card,5,276.76
5b649740381032adc79831802d8d221a,1,boleto,1,251.24
5b8d793745f3ac9e033f77ff0f8ea88c,1,credit_card,3,174.10
5bab7c4dc62f5bae4f349ceb09639444,1,credit_card,3,167.05
5bb67bb01ea5cb177b047ffe340c5c3e,1,debit_card,1,44.47
5bb6be5ac31d6ab742083dec19b729c8,1,boleto,1,29.22
5bcdec60d84d4495d0d90b64a3e81804,1,credit_card,2,67.04
5be7a00f3302bbc55973ecf0d9322ba8,1,boleto,1,55.33
5be9af49f40fc3bbb1c3c8aa5b7d8ee9,1,credit_card,3,147.28
5bec9dad5626dc4e86bf625a3a6d0523,1,credit_card,6,63.06
5bf4b0c6624c03f4a531a60082fab3b5,1,boleto,1,131.51
5bf9c5ac7dfc2d9cc6911038a0864fbf,1,credit_card,1,154.38
5c084318cff126cf38e30fe940ea2fbe,1,boleto,1,163.25
5c092582307d1169e1a475648c90003f,1,credit_card,3,74.38
5c16fa790786ce85165190a91ebc6f85,1,credit_card,1,85.50
5c1d89aac6e3b4a8f69d548ea030179a,1,credit_card,1,31.77
5c26d05602b6bf6463faf31fe5031c1c,1,credit_card,1,32.38
5c3ed80bbf87273549529ebc6a45650d,1,credit_card,3,111.72
5c458a0a24c83bb972feb57ab32e38a6,1,boleto,1,105.54
5c59a70dbcb923876763ecb18ff3fad4,1,credit_card,1,72.97
5c72a1e93e4f43b00cde64df569c2155,1,credit_card,1,85.14
5c8016724722d7906a7e8cfa22d7727d,1,credit_card,1,49.55
5c87f97c103f08f9cd977b07384a3fd3,1,credit_card,1,25.71
5c970ae2d7acc353fb8a086fa101ba95,1,credit_card,4,148.20
5c9ef82c5db4b1a72d24609ec6779955,1,credit_card,5,238.69
5cc475c7c03290048eb2e742cd64cb5e,1,boleto,1,82.69
5cc63affb50754b86ebcc046f957c65b,1,credit_card,8,177.29
5cca24359ca7443aa609e17be46a0990,1,credit_card,10,114.44
5cd95f0cc60ce2902bb618921d212463,1,credit_card,1,97.78
5cd9658ba9e8ad15b491928fd7ec370d,1,credit_card,1,36.75
5cf62f9c757b9bc80a12ffe293efa0ac,1,boleto,1,202.87
5d04adb20b546fc5628d3f926b5fe37c,1,credit_card,1,54.22
5d05c998a38706f49de186001b342faf,1,credit_card,10,125.51
5d0db9d992f9f02d3bdca8a7e64c2c27,1,credit_card,2,163.43
5d1c0dcecd1bdd50fb9edd53d2680184,1,boleto,1,888.74
5d2331c2b9c856b5b42d3c9f0c9b97cc,1,boleto,1,48.30
5d2ff43aa9d044bfeee7a47f21b05f8e,1,credit_card,1,57.29
5d356daa43b595e4132a76f217230476,1,credit_card,1,64.00
5d4904af2abec966288d8236c091bbda,1,credit_card,1,58.60
5d6e04a5abfffe286806a9e6b296eb1b,1,credit_card,3,32.33
5d80f1568478295e280e48e5d766bb28,1,credit_card,4,164.38
5d813e90f3a2dcc17b05e3f7fb2d4ce6,1,credit_card,2,99.90
5d897972f7c8ca3878faa6d297a0173e,1,credit_card,7,314.64
5dbbced030c8556f919a3b392a589b7e,1,voucher,1,102.38
5dd074a5f6674685cfe723e7854c0b73,1,credit_card,2,143.49
5dd64c69f0f1a0f2cb3a5272837fb904,1,credit_card,2,106.31
5ddffd82198ca5fd512883316c2c865b,1,credit_card,6,188.55
5de6387107c3165295d2f19ab2db7be5,1,credit_card,3,159.86
5dedb012dc056caca4184c7fe7ec5613,1,credit_card,2,450.53
5dee4f20dad15577d54e207b68b96be7,1,credit_card,3,201.20
5df3e4bdf3b11255c6c73bd401826bae,1,credit_card,1,42.00
5df489bf628aa872653bc4791319921f,1,credit_card,1,118.62
5e2150868494c26407f39ac03c5de246,1,credit_card,1,49.72
5e479fe6d021c55b96aa4799e9046634,1,credit_card,2,98.98
5e5235e11bea2c86b1255beb1b7e247a,1,credit_card,4,105.89
5e524bb81ff2ff0d50ebd32cb30c04e4,1,credit_card,17,172.22
5e73c84a4d8bfcb7f5f1aca946e843c7,1,boleto,1,219.79
5e799230fac44bd261f49b46edad3213,1,boleto,1,157.58
5e7b379aa81e0e21c5894e1f71cb45d6,1,boleto,1,78.32
5e81df12374f3a0e3c11e392a252fdcf,1,credit_card,2,62.30
5eb1569b3a9e174aebf991bfa0fef897,1,credit_card,5,256.96
5ec8127f0e7abadc5ee625f266ee0742,1,credit_card,3,33.48
5ec8127f0e7abadc5ee625f266ee0742,2,credit_card,1,6.88
5ee9f6eb126b4f5f10e3176c461848f9,1,credit_card,1,173.55
5f00e80d3b9ae5d8410469f9f0ffd1bb,1,credit_card,1,133.76
5f0204c837c9b96a76c8da513f40ab17,1,boleto,1,209.99
5f156d65bf7998fce0ebdb3a046e78a3,1,credit_card,1,45.00
5f2afe447ecc492da57db318b381a3ab,1,credit_card,2,344.15
5f5009f6c5e45b305e8cab76a5df6a18,1,credit_card,5,255.18
5f69f6bf68dce110479aa0bb515b47c8,1,credit_card,1,38.72
5f7811f83d3d9d0aa1f4c9bcd1cc1a12,1,credit_card,5,155.07
5f7d84d0a7cea1633979f2b458c740b6,1,boleto,1,60.38
5f7e868dd546fc8e9e0bd8515efababc,1,credit_card,1,85.14
5f8772295e1adb4e4832c988d6b631b6,1,credit_card,10,199.89
5f9023a84ef9e64c87bc7c1970da5680,1,debit_card,1,100.91
5f9c46986c8990debd941ac4f936e95d,1,boleto,1,146.88
5fa31572cddd9405f1eda482f8106353,1,credit_card,4,195.69
5fa86014b9702f8c488d3ca356d24dd9,1,credit_card,2,143.65
5fb669725665771911c8ecc187870553,1,credit_card,10,211.91
5fb801bbd0a3376799e6d3a508f845db,1,credit_card,2,206.44
5fc0077c7ba092d24743a55d05cad3fa,1,credit_card,6,98.51
5fe18112061d552a439bf8a33e638468,1,credit_card,1,70.03
5fe8c7141808af2ac47d98ff8a006ac5,1,boleto,1,124.90
5fed29bc3234f8a50dcdafe6754b62ce,1,credit_card,8,172.52
5ff6b1218c59006ad453dc0f33c70ec2,1,credit_card,7,78.48
5ffd6a2fc18f65496eca65629db6eba6,1,credit_card,6,138.89
5ffef190f82ef1609e36ce56abdde5e9,1,boleto,1,97.38
601e15e212cb33919e0444d6f0d776e0,1,credit_card,1,45.01
6026ab778a91a44d6099fd3734dfb44a,1,credit_card,1,102.66
604e352bcd3bb9d8932aebf18bc2891d,1,credit_card,7,72.75
606135eee1f82ed9f028183c267aa8d8,1,credit_card,6,127.01
60721992ef4cec39824837f08c79afec,1,credit_card,5,332.33
60864257be0835f1fc4225706a92cc00,1,credit_card,10,730.08
609054aa2204f8dccb3f474165d1d411,1,boleto,1,168.20
60c6ad4cefc764d607e14ca66de81444,1,credit_card,1,186.85
60e04ef7b695b4d6bae420059a317028,1,credit_card,4,73.72
60e67382f21910dba1cafc875da0c1ee,1,credit_card,1,78.78
60eeb6cfb0da0d3db8ccd8a0ca15f272,1,credit_card,1,78.86
610883752a98dcefa38fa9715c6b1e84,1,credit_card,2,198.13
612d5630822f4796875619b3a6a7b481,1,credit_card,6,124.41
613642e8ff12626da63befddef26efa4,1,boleto,1,38.71
613c63ad0aab038e86c572a39cd06979,1,credit_card,2,77.57
614c0b4b5169af9eb895bc8aefe5a418,1,credit_card,1,33.71
615881190acfd290a2122e6e4d6055c8,1,credit_card,1,72.14
615ca9b2afeaf5644ae8cef64797132e,1,boleto,1,122.22
618ac45ad42a3bd6d81db7fce1320a15,1,credit_card,1,56.78
618f64df06c611bd4ea802bafba3e20c,1,credit_card,2,191.60
6191c14b9afcc6173831a7275f92c55b,1,credit_card,1,37.48
61a9adbc73db5e5c33e5d6d528f8846e,1,credit_card,2,61.80
61d54e16685b5da6db2e220e6588c376,1,credit_card,4,203.23
61e3bd0de079bba22ce8062d0ef4d393,1,credit_card,1,97.62
61e5a319032ea9f5d404dd3f2cbe2a8f,1,credit_card,2,109.50
61e9a85f2e6a0706d34fc63145418160,1,credit_card,6,62.29
61eedf8710394769412bccced6288fff,1,credit_card,3,138.95
61fa6d238ae5d2e7063f2df458609c91,1,credit_card,1,33.22
61fca91868781e2844bebf0ba3129950,1,credit_card,2,29.10
62005c92ae50253cbafc90c07cf33d2e,1,credit_card,1,30.41
620133b0b32ccf5727e6c53ba3b0fb75,1,credit_card,2,140.67
6215b65b1a79cc034605e477320e37c3,1,credit_card,1,106.10
621e872311397c42f0b553c82785d56e,1,credit_card,1,42.48
622db91c93396e938ca004d8303dba6c,1,credit_card,1,21.19
623125bebed45c5fb349862e0913dcf7,1,credit_card,1,69.78
62505127063f51deaf665f237ee748c2,1,credit_card,10,358.04
6257920a3e9d55dde77fe023d8a24979,1,boleto,1,144.88
6259deeab2f6daedf07d0574adda7fff,1,credit_card,4,41.01
625f2a06b46e5cbf695ba96293f76721,1,credit_card,3,192.22
62628ad72362122adab99bbe834e0d25,1,boleto,1,101.34
626ac0ce1580c1c2053b90b0d317f56e,1,credit_card,8,341.49
628111ec0fcace16f3112336b1138aef,1,credit_card,3,94.74
628869b4f8a615bc270791a2def79f7c,1,credit_card,6,63.60
6299bb8e855289b411394e216495f96f,1,boleto,1,371.94
62a4fdf762d5c41efd4bb2418f236e9f,1,credit_card,2,138.84
62ba4fa6bee7a583369ff4aa2dc3131e,1,boleto,1,120.89
62c01156265aaaec691a0634593dd678,1,credit_card,3,158.82
62c4fd481d60fc62e465737c7f09ee92,1,credit_card,1,35.68
62c66f80f422c25636cc243baaba2568,1,credit_card,10,479.74
62cebc207886dce8b9f4460a1266bfdb,1,boleto,1,99.33
62db325bc32b729554e4fd9c793ab850,1,credit_card,1,75.40
62ec63f37c8ed14ce3dba43a02721f5e,1,credit_card,2,92.83
6301066e2dac8d64b49ee0cafd9c727e,1,debit_card,1,53.29
63089c5f142cc1148a1d7799a8359e8a,1,credit_card,10,2151.29
6319539d7990a9ba049730057b2612de,1,credit_card,5,454.54
63197f17fd0ed6f37890886192ccdece,1,credit_card,1,119.06
633a7a968ccf6b62a1ee53461794613a,1,boleto,1,123.97
636f0241ddc83a3b9e37a8088167bd45,1,credit_card,6,290.65
636f0241ddc83a3b9e37a8088167bd45,2,voucher,1,0.01
637c727b1b59f7bfc89233e573d05715,1,credit_card,1,179.80
63902aae1ab37f12ba6aa2b6d21a0634,1,credit_card,10,1367.23
63a1e75d65a3dcb40d5f452a248e9680,1,credit_card,6,99.80
63a737026bbe83be3d56d70c83923ebd,1,credit_card,8,149.71
63c6b78c7aceade884a5f08177c04e57,1,credit_card,10,619.07
63d44f6f75e4ac6761afb732931751c0,1,credit_card,3,376.49
63f040d4a7b09c928627e309f6c17552,1,credit_card,2,54.18
63f33355005859ddb3eee5b1a2c48747,1,credit_card,4,264.24
640f82f9967dcab29b95d5a62abf911b,1,credit_card,2,60.62
641b2871fe2ce7418e69b4c4fa21bd40,1,credit_card,10,409.95
6439653c88076433f580f0ea995949ba,1,boleto,1,128.95
643fa404d2dac7349a17416c2d2abf42,1,boleto,1,202.28
6455e8459efbeeda59bb360229b889ea,1,credit_card,1,32.42
6462b86adeb33354833daece8787cb69,1,credit_card,10,127.92
6471b260244ab316f8331321d689aff8,1,credit_card,9,186.49
6480dffdb7765afb3bbb91cfdd9c569f,1,credit_card,3,122.37
6489b3baf98eaf50ca1b39f9178a1510,1,boleto,1,33.10
64958ed60e12bac04474ff739271a3b3,1,credit_card,4,270.13
649c4145bbf6cdb7b096afa02bf5e299,1,credit_card,1,47.53
64c8d713a96944349d954eb4bd62e6d5,1,boleto,1,42.00
64cf90af2972e752091fa4a0344c47b7,1,boleto,1,58.22
64d6282bba1a1c015acbdcacca391253,1,boleto,1,40.87
64e31c69d5a163acc2d5c0632001e4eb,1,boleto,1,262.83
64e8072af36708bc51f7aa18eed8ea34,1,credit_card,3,177.10
64efffeec4731f7a196d327531aa95a3,1,credit_card,4,45.09
65015387b5d5888e9b5a412340634d26,1,boleto,1,62.06
65035f2d005e9af22156150a3bde53b2,1,credit_card,4,92.50
650ca3873d0a09fb4604deef7817ef60,1,credit_card,1,32.07
650cf4a3760375c8eab33cdfda4aceff,1,boleto,1,424.94
650df820145c92501d76b8a8501b1f9b,1,credit_card,4,303.02
65292b5890e7f0ef333b4a4904db838d,1,credit_card,4,97.87
652ae40b48d62a6682c9f4a674f83621,1,credit_card,1,87.32
6533a0d9c1703a1ebf0115fb55e01834,1,credit_card,1,36.30
6533a0d9c1703a1ebf0115fb55e01834,2,voucher,1,21.99
6536870177386f1b5e859b2a5ccc557e,1,credit_card,1,36.75
65377f2460bd19606a6279134627ca05,1,credit_card,1,46.04
6551aa5197870cea53e483f92d3a75df,1,boleto,1,80.10
6552ae78f1de31bcde1fc2cfcab0d25d,1,credit_card,3,138.62
6559f8884c6331e0364d9306262c779b,1,credit_card,4,73.77
655cd199cc9b3c52c523833837c1921b,1,credit_card,2,22.78
655e65fc77c14d8f715cf7f9684182b2,1,boleto,1,147.15
657467884d9a109179d820f67575db18,1,credit_card,10,140.00
657938f6cc6b388ef70d756aeeda75a9,1,credit_card,3,140.92
6593a7ca55b089cc240f79d582e3300a,1,boleto,1,53.90
65b214a5e85949a6fcab64ff7e244426,1,credit_card,3,77.72
65b7f928b236039112ed2441d2237a11,1,credit_card,3,105.38
65b9fc7c003b0fa663d00ae47abbf012,1,credit_card,8,84.14
65c28faddc1bdb2d3d5de4f713de3f9a,1,boleto,1,62.06
65d1d79da8ac06fa5c6a8af4387d2079,1,boleto,1,48.00
65dfa8121b10dd8bbb055a2afeafc9ee,1,boleto,1,64.52
65fe49f6306ac1ba00c59d9e65c78827,1,credit_card,6,60.73
660ad30c11df22cad81d8a3b30af6cee,1,credit_card,1,65.54
66144189f7b5fbb4eb76eb513ac33a17,1,credit_card,6,349.95
66270801492d7434e9f5fe3a6ff89c37,1,credit_card,4,620.29
6660a709a26684b66ea12d604ddf0579,1,credit_card,1,21.77
666e488ce51569ca13755283bce0e7f0,1,credit_card,3,35.78
669833f6af7254475316c8960bf742fc,1,boleto,1,238.44
669a663f230d97aa7f73a763ce435bcb,1,credit_card,2,39.68
669c7981751faedef6f92bc287c34205,1,boleto,1,85.14
66a488ea7c0b8cea6ee72116130ec501,1,boleto,1,190.94
66a5d2a60170025d375d4540efed4e62,1,credit_card,1,98.34
66b073eb59202fd98ae224db60ccb476,1,credit_card,10,102.64
66b090d3b031a3fc0d1e296a209b0de1,1,credit_card,10,386.24
66b83d9733e90962483e931e9c6fb3df,1,credit_card,1,52.78
66cf92fc3ec94fbafc4edd77e0814818,1,credit_card,3,44.42
66f7aaabc647b43d94e8a841bb99612b,1,credit_card,1,30.38
6703c0ecdc099b3260a56cb020f09ef5,1,credit_card,10,470.02
672240472a9a48838f902ff436aab4bd,1,credit_card,4,252.36
6726b6ce39bdad195755f019dd9bd4fb,1,credit_card,5,52.25
6728a6a592a63817d0ac211044efa702,1,credit_card,4,156.15
67396d4e8e815db60a202db276db16a5,1,credit_card,2,161.00
674f118582ce68f137f8a355527a1edc,1,credit_card,1,54.44
675d6533ed09bea158fd932431474b82,1,credit_card,10,255.76
676932c5bc4092decfc9c84b4cb34055,1,credit_card,5,101.34
67773c483666d5120da1ff6188d8a00a,1,credit_card,4,44.00
677829eb9901f0a1e2fc70b129937cc7,1,boleto,1,43.59
67796eabcf10419c4abd84d49a3ecd59,1,credit_card,1,115.33
677baf2124c367847775baafbd4d609b,1,credit_card,2,123.67
6782d250639c09c7c4e49e3cf17828a2,1,boleto,1,77.60
678c60c6679ddcf17629ba109f4d1249,1,credit_card,1,18.26
678c60c6679ddcf17629ba109f4d1249,2,voucher,1,96.75
679bfcdc0a607b524c44ed093e318346,1,credit_card,3,32.77
67b0499c2ebfc14f8d5f507ac029a683,1,boleto,1,25.99
67b161a02da45b7148b386cd8e8a668f,1,credit_card,5,413.97
67baff8b7c789c3e93b6787e4c18a14c,1,credit_card,4,165.79
67c78c07a98cbe27b5acebd87a164192,1,credit_card,1,303.70
67d2ebed93c8cc0effe172a97762e0a7,1,boleto,1,31.77
67e9f4fd5900a3bedf11fd772b376528,1,boleto,1,452.28
67ef896d205bafce2b0ce685b7173d43,1,credit_card,4,196.92
67f45b915d20c7c02c711e0fbf871a3a,1,credit_card,1,41.75
68078862fcfa2002707c665997fee311,1,boleto,1,110.59
681c82d8dee3250b148aaabdd68a59ff,1,credit_card,3,433.34
68536e12a3cd7f62b4a5946d541ff083,1,boleto,1,54.69
685eaef260332ff45909f2f0a44b60f0,1,credit_card,1,367.42
687360c3a0855ebff512cb8b6ccab95f,1,credit_card,10,168.36
68873cf91053cd11e6b49a766db5af1a,1,boleto,1,91.66
6898fdd117fe6ca4f9b01eb03005d9a9,1,credit_card,2,293.22
68a78b552ddca86cb9bb2725c390b28c,1,credit_card,8,227.71
68a9fce416cc56ce2950c32b7e70138e,1,credit_card,1,98.34
68b333c4526357221cb49747a5a78d06,1,boleto,1,63.12
68dfc0cac13912ba836bc59a40e10509,1,credit_card,3,37.76
68e8ce771060f901302ac23924bd1400,1,credit_card,1,354.75
68f47f50f04c4cb6774570cfde3a9aa7,1,credit_card,1,70.70
68fed8c67c135afe92f670687163fafb,1,credit_card,4,106.55
690fcac48556995b83b79610b6732288,1,credit_card,4,295.12
6914acb0f52f56529563f4f97062b90b,1,credit_card,3,83.41
69480e1078841dadad7c1daa54407ad6,1,boleto,1,74.97
6949cb0f930807e75f78dda8da436c81,1,credit_card,1,264.54
694b1193d18ad057554bf13679e6a0b8,1,boleto,1,51.75
696d4e01a87ead29fa5f8066ed27d4f1,1,credit_card,4,46.19
699c2650a2382b850eadb96176fcc3ee,1,boleto,1,105.56
699d148662aa317f3b1ff76239dd102c,1,credit_card,10,208.74
699ff12900168a9020bb2487be684cc0,1,boleto,1,55.57
69ae6d6493cb6b0420c6e86da2cc3c3f,1,boleto,1,81.42
69bec49dcedcbf07e8333244796dd70a,1,credit_card,1,2.42
69bec49dcedcbf07e8333244796dd70a,2,voucher,1,34.81
69cc55eb653cc27eea935e7a0d26b83a,1,credit_card,4,112.25
69d838677089d135b38310ff74779901,1,credit_card,2,154.72
69ecf8a73bd1de33c57b060448315a92,1,boleto,1,55.24
69eda667e556fbf004a1c26468e91d35,1,credit_card,4,56.50
69f1e4d5709c13914c309652f82319f8,1,debit_card,1,144.21
69f3b65d77cf7451092f74b61e3bad45,1,boleto,1,109.76
69f57d3eb1a981a8fd71d99c39bb6109,1,credit_card,1,142.63
69f8ac735b4a0bbbcdbe4a87e9041a21,1,credit_card,1,62.91
69fc6a373350bf068caecb8869e4f31a,1,credit_card,1,31.05
69fe57ea54b1926c309bb133b16f9501,1,boleto,1,31.90
6a096fcdddba23fd2ee58971dcd1654e,1,boleto,1,191.89
6a0bb0ba8a97dd4ed115462820be7e1f,1,credit_card,2,88.84
6a1fa0e6aaa492df09c581af143879a8,1,credit_card,10,629.48
6a2cf11a0f3d4670de5674e795196f14,1,credit_card,1,54.76
6a30d0e1fc7dd7c00dc07bcba79c589f,1,debit_card,1,101.34
6a3c507660b55ba44c463acc23cc8d68,1,credit_card,10,118.25
6a43d3b2cbb42f4e417faa5566a65469,1,boleto,1,75.89
6a4d41fb9165f032ec025794db381fa7,1,credit_card,2,137.08
6a8456c9e88a7b8905c7fede59f25b5d,1,boleto,1,53.71
6a8677aeb56b8ee0d1a74e0435772e31,1,credit_card,1,183.33
6a93b0cb6a5a2c7732677334a4535a1d,1,credit_card,3,150.50
6a96e0fe44fbaf356a77f9cc21365334,1,credit_card,3,77.57
6aa2d96a8c7f9d95d8d090842a415a56,1,credit_card,10,110.96
6aad3bed746944c70143bcbcadb6c5ab,1,credit_card,4,119.64
6ab7e108268118baaf663ad2b3af166a,1,credit_card,1,104.87
6ac314f1970b39cf3b7760803caf3c23,1,boleto,1,131.88
6ace7c2a595a57867f443b5d3d1a7607,1,credit_card,1,51.73
6adcecbe14853c4a59e88f497152d83c,1,boleto,1,45.78
6ae75885c8ee760ef5d4a9bcf797c788,1,credit_card,2,46.51
6ae8d599fd407bfba5bce00a72c32544,1,credit_card,10,379.20
6aedefde651c239abf93383dd9175022,1,credit_card,10,136.50
6af5d028aa14031c4afa3b5dd2d427ab,1,credit_card,3,108.17
6b07198fae1bb61de16e845a92fc876f,1,credit_card,1,150.89
6b08bac55e7aba141d62c13bc3cb97b0,1,boleto,1,113.76
6b0e4ed8dcbabec5410a8b28f0405cd6,1,boleto,1,180.85
6b11ad95451aed510a1ff12346de4a14,1,credit_card,1,17.77
6b1c7130d5aac7f42b53755af58fe82a,1,credit_card,1,147.30
6b2b0edb95053b55efeb09177b6510c3,1,boleto,1,1046.56
6b3138748728fe92cf423b0abf199c8b,1,credit_card,3,867.95
6b34bb840d9211dc1a1f94e049a79de4,1,credit_card,6,161.23
6b361f3f4c4dbef6a4e3e6c027eacfc0,1,credit_card,1,74.99
6b4691b98b476dcd37e1dbade28ab62c,1,credit_card,4,115.68
6b4691b98b476dcd37e1dbade28ab62c,2,voucher,1,16.81
6b4691b98b476dcd37e1dbade28ab62c,3,voucher,1,16.81
6b47aeb5acd9b0fc45cfa4cda0b42c5f,1,boleto,1,51.11
6b52fde341db3472b2e4c787887abc7e,1,credit_card,1,51.41
6b67ec6cfd19c0a30f91afb6bd431e8f,1,credit_card,7,364.50
6b688d7c200891c0f00b36cbb2156a78,1,boleto,1,27.27
6b78266e22c19ea2fd49f03f59ef7b47,1,credit_card,4,229.13
6b8c07c310d8c6a39e79ed3d38e6578f,1,credit_card,8,647.54
6b8e33e6751e356214e7b35ad7df83cb,1,credit_card,1,58.37
6ba74355a0bd6d93ae590f6d510958b8,1,credit_card,1,62.93
6bbafe0017bf2f1c7dd4331a9a742023,1,credit_card,1,56.34
6bbc91e028da6d54999b583c9be6e413,1,boleto,1,47.87
6bc359e26c859e9a1d3d1c157f38c930,1,credit_card,6,62.44
6bc359e26c859e9a1d3d1c157f38c930,2,voucher,1,128.26
6bdc8831f7f05d0765b0d07c612b731e,1,credit_card,1,95.83
6bef43b399ad748e06bfbd0a31efcfb9,1,credit_card,5,198.90
6c16d886be4fe03174a289a4ca70a775,1,credit_card,2,107.55
6c1d204da4c5116b68d68a6292d601f1,1,credit_card,1,68.01
6c2c28420cb6865ced69f6c260c27c24,1,debit_card,1,25.87
6c2df3329834884b60365f14e084c043,1,credit_card,1,25.50
6c45e2d6cf05790573c8247e28c24a91,1,boleto,1,131.62
6c51f58aa6e93a65c7002b68ba2806cd,1,credit_card,1,52.68
6c611d177ef47b4d67080071684f3da3,1,credit_card,1,34.13
6c6fa28d797aaeb6b8d918dc102129af,1,credit_card,3,190.23
6c70322204e946ff9b1bb988b305bc9c,1,credit_card,1,85.27
6c82197bc099415d9919ccb609a9c072,1,credit_card,4,202.71
6c8a46db92b71607f9b4b53efe70b28e,1,boleto,1,80.76
6c962a878a13ebc179759b22586cfae5,1,credit_card,8,86.84
6c9c946ae6eb5b5c312bf3b325f4e25c,1,credit_card,10,162.25
6ca4871d007ce3c4a6173f53028c28fb,1,credit_card,10,553.46
6cad7a7812903a72ae057da0bfb61cce,1,boleto,1,96.44
6cb79ca831fc2210fa584592cea3c5f1,1,boleto,1,216.15
6cbe792e9ab88ffb6579d0b28088a988,1,boleto,1,38.09
6cc170c0199d6d09ed3ae398bbfe01af,1,credit_card,6,122.84
6cd1a4eb4b9a14b5a991a897f096d443,1,credit_card,4,62.76
6ceb24a53abed9d619d077dc285fffb8,1,credit_card,2,70.98
6ceec659ff4d6720d0296d133cb49745,1,credit_card,6,66.74
6cf90e1166647c0225253a897567ceb2,1,credit_card,1,647.77
6d07ebee9c7fa9c4749c7265c987bf0a,1,credit_card,5,87.63
6d0f0280ebfb3b857b70731c9df2158c,1,credit_card,1,58.61
6d1832bd42dccbd91d1ce32da7f54492,1,boleto,1,138.46
6d335a14529f4ffa4219793d5b5a9772,1,credit_card,4,45.09
6d37c2777465f819544099f0ec5a6b25,1,credit_card,4,65.23
6d4616de4341417e17978fe57aec1c46,1,credit_card,1,19.18
6d4616de4341417e17978fe57aec1c46,2,credit_card,2,28.28
6d4fbffb6862725cc8485066b8aca192,1,credit_card,4,134.06
6d6a99c4cfaa3381cbd4e86237bf699d,1,credit_card,1,127.32
6d785f644bb980fb780ae00dcac90210,1,credit_card,1,166.20
6d82fb84caeb4867e10314d00ee91ca1,1,boleto,1,111.72
6d86a700fbdfec909998eefa9110f3e9,1,credit_card,10,266.47
6d9ccb29372292701006df0d44b858c3,1,boleto,1,91.18
6d9da1dcc8d05c588e4ea617d0fe9465,1,boleto,1,760.09
6db058553902cd2054887f510d4ecf28,1,credit_card,1,101.73
6dcacad3b7f099fe3502426b5abb9cc5,1,credit_card,3,31.77
6dd018ddbabb3e2395f292cb1f2b3ba8,1,boleto,1,77.57
6ddda171d214be5f13055479d8b41364,1,credit_card,6,364.99
6ddfbf514959b49b6410c01ad93054bb,1,credit_card,6,1359.40
6df84b84d593ebbd9922b07135002bee,1,boleto,1,47.23
6e0a631dd4ced6d6f1bb087e0f9a648b,1,boleto,1,27.79
6e0b92bf7f849a26ecbd65716cf5d610,1,credit_card,3,37.18
6e0b92bf7f849a26ecbd65716cf5d610,2,voucher,1,98.87
6e0eaecee9bbc83b77b4632e6c592963,1,credit_card,3,77.89
6e3e15bde53821ada4e7c475f2f98dcc,1,credit_card,1,106.87
6e424a06931a556c15b962b40017f690,1,credit_card,1,11.27
6e424a06931a556c15b962b40017f690,2,voucher,1,22.79
6e56fd377b9d1f816af128295e5c1003,1,credit_card,1,104.37
6e5fc24bede0e47389f2042dc5f8473f,1,credit_card,3,176.65
6e60f42eb32450c23ec4595056312745,1,credit_card,2,60.00
6e63dcc83ec280b72783617737ce886d,1,credit_card,3,225.71
6e6527028de694ccade37f5a15a6d84a,1,credit_card,1,66.67
6e6bacc052a79d14a6e7d015188bef50,1,credit_card,4,522.98
6e717532e0002abd1bdb69428673bbce,1,credit_card,4,88.72
6e798bc06e940adb731741796285a267,1,boleto,1,81.79
6ea4cd6f1ec3ef5b3dfeb0c90093a5d0,1,boleto,1,40.97
6eb1445131218c4f6a6ef2d4960e4f51,1,credit_card,1,271.29
6eb56be25b30e83ab182da6a5d616cf8,1,credit_card,1,180.79
6ec1c5688688bee3df9dd2202ac41a7e,1,credit_card,12,156.84
6ee27e2aa69517789049416f0c9d4580,1,boleto,1,63.59
6f03abb3b9fdecea11093c52dfd8155e,1,credit_card,4,80.84
6f0a7c01d397ce3f7c6df65823350890,1,boleto,1,54.22
6f0dfb5b5398b271cc6bbd9ee263530e,1,credit_card,1,78.50
6f103e04419629871125495a575f26f7,1,credit_card,6,326.82
6f17dbe0baf3d45a1ddf91bf756dc359,1,boleto,1,400.75
6f199c0873866afaadffaa53f4808a21,1,credit_card,4,45.00
6f1d91f81a2241dbf2e7544364d75f2c,1,credit_card,3,33.72
6f2de71049be12a7261059378f59e229,1,credit_card,2,83.93
6f46d796b9d7089d7d0a78e0d254f38f,1,debit_card,1,37.25
6f51907687d51529d5d0a147cf761f0c,1,credit_card,1,77.89
6f5a2dbe5ccce73a9d053a542baabd1c,1,credit_card,4,307.64
6f6665c1d76e55561978ccb45bdcafc6,1,credit_card,1,109.26
6f678401da533b025aedf90ee59ab1d6,1,credit_card,3,73.61
6f748695717d537b882406da58acefec,1,credit_card,3,366.26
6f75ffc4f296c878f6d66178f5684825,1,credit_card,2,115.35
6f7ba3220bb8de6edb65083fa352ebae,1,credit_card,2,128.31
6f836daf60e4b6e978d737f822dab814,1,credit_card,4,174.68
6f91e4738284a9312089fd89f0d61648,1,boleto,1,139.18
6fa3706fe8cb643a03e2c14e2ecd8799,1,credit_card,3,70.44
6fa3dea5574c5757ec985783489bd49d,1,credit_card,2,37.38
6fb6e809fba02aa50058be7a0e3ad532,1,credit_card,10,198.74
6fc43344397e467b002e0255391ffc12,1,credit_card,3,149.32
6fd1dd6138481494d4b90327ceca7dee,1,boleto,1,54.00
6fdd6ca7bdcce986b6a442588af840a3,1,credit_card,10,146.32
6fe3414012f04c290481f594b854e6e1,1,credit_card,8,701.66
70009c6d985dfa16754461cff33c10dc,1,credit_card,3,35.74
70009c6d985dfa16754461cff33c10dc,2,voucher,1,39.70
70009c6d985dfa16754461cff33c10dc,3,voucher,1,158.79
70009c6d985dfa16754461cff33c10dc,4,voucher,1,9.92
701b6152f4772bf004cad6741981b060,1,credit_card,4,99.90
70265e39902a914077a038864209d3c6,1,credit_card,1,253.38
702c89659fd2b244cf06f052e886bdf6,1,credit_card,1,70.70
7059c2afa0f74d0d09b1a8bd04ed2f7f,1,credit_card,10,423.59
7063584ebd960be71a883b756429f2e4,1,credit_card,4,107.78
706f426a3e276fbc171e2d3aafbf2e1a,1,credit_card,6,68.32
7073be83c3247747c26a69d5a689edbf,1,credit_card,2,62.45
70b3137c66efb2783c73b76b78215401,1,credit_card,4,135.48
70cd45f4715c8840b197efee2b9d533c,1,credit_card,8,169.35
70dd6272528235d8324f3d154b94861f,1,boleto,1,56.16
70e38e6c6f3ff404a97ab901da03db56,1,boleto,1,96.80
70e6517f1dbbc45684b77b43123539be,1,credit_card,1,54.00
70eaa52116958c2e734172d6ed51015e,1,credit_card,2,267.50
713631547f1e4dbf7d1a05eb38012815,1,credit_card,1,64.11
713eda1fb337fff2cccfae60fd0b411e,1,credit_card,5,488.68
71435a06cf53842e055368f881a38b61,1,credit_card,8,260.86
714e87e589c74ad0e8ddb6b9c9706abf,1,debit_card,1,97.52
71564d5e5450bf310e411bc3087b2903,1,boleto,1,71.49
718216cd5a2cbb1cf695c655788c2aab,1,credit_card,8,251.80
719beedd6c2193b3e1e1ea1d2706eaf1,1,credit_card,1,88.20
719d3e99ac9883643ff9a790a2efe206,1,credit_card,1,60.68
71b7a76e413b9a5ac20a14d89ba2b681,1,credit_card,4,48.21
71b91036973ff7a67b9a17a8a20d3b9c,1,credit_card,3,193.84
71bdcc58db48fbd3f6aa39889aab2e8c,1,credit_card,6,119.84
71c1725420f3c980356bbdeea6abec9a,1,credit_card,1,63.60
71c1a607d67393d01bef51c097368feb,1,credit_card,8,313.22
71c2f084ed7e2c16263645a8e9d81a7c,1,credit_card,1,19.92
71d33900d3db33c09ceff19ffc7ec460,1,credit_card,2,174.67
71d7141d917163379d3bd485bb9a4265,1,credit_card,6,135.48
71df40458537292f7d7fb3a95e0d3786,1,credit_card,3,68.75
71e077cdb8aba5646817189b9aed6b44,1,credit_card,1,83.17
72002d46bebcafbe621c662f1ad3cc45,1,credit_card,8,82.43
72169ffd15efc268ce012f931a368c4e,1,credit_card,1,37.61
723ac9c5a1b83772c9e9cdfe4d94f5fc,1,credit_card,7,76.66
723e240c9c7fab76e64b2c232afb8bd8,1,credit_card,1,131.47
7248d76d3e1ffa83c3c2cf9774657f76,1,credit_card,2,53.01
724d9ea2df2a8c8c93254d43a1016cb5,1,credit_card,7,473.98
725bc6e0462790b11f170e3729723857,1,credit_card,1,42.86
726050586b99cf152bd2d7ea5065b7dc,1,credit_card,4,50.96
7263db988c07c61845869e0708739119,1,voucher,1,63.01
727d6f1c0f045a1a301ea6484e83697c,1,boleto,1,56.78
728795566669c2f36ab5118fcde3af33,1,voucher,1,75.26
728795566669c2f36ab5118fcde3af33,2,voucher,1,32.16
72897812c44d785964be11c5266c5c28,1,credit_card,1,51.13
729bf6aed8c44bca10dba0fc98328fd0,1,boleto,1,114.14
729c445f5f350f88d5c9a3911d6e9bc0,1,credit_card,10,196.32
72aac576696a046d89aa7ac132ecd3d6,1,credit_card,1,110.13
72b9d86fe4e984d9879013b9ecbb25db,1,credit_card,8,101.38
72be45eab146087612b9ee932e825574,1,credit_card,6,128.55
72c8f22acc8e3ccdb8fd335aef2c00a2,1,credit_card,2,136.60
72e2c4bbd8ad5d2eec29b795d95afbe2,1,credit_card,10,1006.77
72e300729f4020d73fe590991e104c15,1,credit_card,3,88.49
72e57d0b326731ddd25d0d44212a42cb,1,credit_card,10,148.69
72ec88002ed159da398333164be7f876,1,credit_card,2,75.58
72ee4a26e767e55282ac10e63c7b1227,1,credit_card,2,112.77
72f13434d0258f5c25927d2b4d5b2c1e,1,credit_card,10,216.26
7323d8e601f88123554e4d9bdb617b79,1,boleto,1,173.88
7325b4b6f6e7fecbd8450965f4bae948,1,credit_card,5,88.27
732a77c453f0b9ea3a2665a575f3ecd3,1,credit_card,8,378.86
732f26c55f8366066c096f572cb73854,1,credit_card,11,117.65
733abca4b3372182a6c955ed064b0929,1,credit_card,5,61.30
735cd7df0237de24454fd5b5b4195515,1,credit_card,5,124.34
736a8a3d8b9cde5dd9b1f985fc523c0e,1,credit_card,3,161.25
736d9580e48fa6a156f60f5341acd2da,1,credit_card,3,88.54
737b63f784a8e20dbc2a9abd527f3923,1,credit_card,1,65.69
7384cdc62fcd832cd6c6026440c42821,1,credit_card,2,197.02
7388c6ff667e30b4ba78bdca9dccd818,1,credit_card,9,506.48
738a72a43a2a56d21dbe8874ffddd1af,1,credit_card,1,70.04
73950eeeb87a86705a2e3c7f42f1b4bc,1,boleto,1,177.04
739677eada57f8079787189697f71d74,1,credit_card,10,171.00
739ee9313185c60eb018bf03f642fc61,1,credit_card,4,40.60
73a1b2c642b36dc0c5930e4b654ce46f,1,boleto,1,111.42
73b1e5c9d05c96ee6d19a6bf2f79e2d0,1,credit_card,1,26.35
73c67371d275029330214fcd2b439fcd,1,credit_card,4,84.87
73d70dce05cb08ecad51b47c4fd26925,1,credit_card,1,141.52
73d7cec3155fd7d97f4e7bd0c996002e,1,boleto,1,59.09
73da42c497d6ab85df4446d41addabdd,1,credit_card,1,206.97
73df19345d0de1ae473fdfd37070f16c,1,credit_card,6,368.92
73e0c0e9d14c86750d2df4a0d74eff29,1,credit_card,4,49.42
73eb2dbe87f00c86931e3ef008935806,1,credit_card,10,304.52
73ef343c9dbf2f6d45362c9bc150f4b7,1,credit_card,5,2183.15
741219cefb77a5c6acbbecafb6d0e6f5,1,credit_card,1,86.48
741a088353f3774474ff3b2d7da8f0de,1,credit_card,2,201.43
7436f90385ad44df26975c86ee59e085,1,credit_card,2,29.77
743d02b8213067631ae00120303b4ab0,1,credit_card,1,110.44
7446025306e883cf5f81d6a59b52a77a,1,credit_card,10,186.84
745865dd655cbb9dc84b1ee5a872fbf9,1,credit_card,1,43.72
745e2506fb647deca4669e1c88ce9783,1,credit_card,8,491.52
7463f829999f41a9eea1e98f4e52b48d,1,boleto,1,84.69
746c571ef93dfd0c1ee0a6d4e9d983c7,1,boleto,1,37.68
746de2565dea8d35a273e6b7db1764b9,1,credit_card,5,262.75
747472f67c6d285c60bd732fc28beaf9,1,credit_card,6,435.60
747c10818501d15381c0718ba37eb2da,1,boleto,1,149.49
7485a37669f5475e8f6d0eddd64c71e1,1,credit_card,1,290.37
748d3b50f6f4b32e9998bb62826d4812,1,credit_card,1,30.19
749eb4902527dc1a8e81681cd9c1b016,1,credit_card,1,46.01
74ad3397d84521ee94f326aad1a35d14,1,boleto,1,189.51
74d882fe8bdccca5952fbe23321ecfa7,1,credit_card,4,146.32
74d882fe8bdccca5952fbe23321ecfa7,2,voucher,1,13.21
74f9ee0e66467cc93728042775469e4e,1,credit_card,2,39.78
74fd3f19e82d4dc348cf34d3870605c1,1,credit_card,5,109.73
752df1d3d4248c9dc8cca21cd6b42675,1,credit_card,2,52.53
754effa06b71f54d7f439034c128b509,1,credit_card,4,737.62
755062e6c08cf5b87a6eb6a094eca92b,1,credit_card,1,82.67
7575d831a96234bf02a093daaf34e375,1,boleto,1,42.00
7575f0c5a89cdb0c577224d9efde0266,1,credit_card,2,69.03
7576a97a255ac81433d3932443db8fad,1,credit_card,4,40.09
757b85709c71afdd65579b82b1f5401c,1,credit_card,2,243.24
7581e8b8156b3dee7b8898cd0120ad19,1,credit_card,4,211.57
75b2d5bcaa2ff25faa70a904109d772a,1,credit_card,1,62.00
75cbdf50ad99f2f1770fca4ef27142fe,1,boleto,1,149.44
75cc0defdf90cda65066ce0ac171e2ab,1,credit_card,2,186.95
75d1b089800a77f3c4b653e297632423,1,credit_card,2,41.26
75e7a7873f5f25594624a750188facc4,1,credit_card,1,68.94
75f19ffdc366b3e66a822a7fafa0db05,1,credit_card,7,164.60
75f227ab43795be91bd8357ab627bab7,1,credit_card,4,61.04
761d39ded287ade72b1e8bdd95fe0253,1,boleto,1,67.53
7622da48f027d5659a0d7b0a43597354,1,credit_card,1,16.97
76237b6fd0f721a714d6bb93439858fe,1,voucher,1,88.62
764784b2e19d54da239286b0757f222c,1,credit_card,5,148.94
7658df283ca8d2e1a258dfc456fd4e74,1,credit_card,2,196.35
767dd7bdeb5f5d8f1840145a3e898bc2,1,credit_card,1,12.89
7681bce993e841ae140c728b7c8f1b9c,1,voucher,1,89.78
76a6cde2f1431bc0834cad44ad2f472f,1,credit_card,2,189.37
76a8a2d403c21555c48ffd596ba88b14,1,boleto,1,234.61
76b7b4a37af9d49cd67082d0c263aad2,1,credit_card,1,37.61
76bdc8518c9c3ef50f9a240b93f97987,1,boleto,1,76.08
76c4c846aae2dae9e87dfa492c3f5259,1,credit_card,12,435.96
76ca2de6bcacf629bbc125255becc15b,1,boleto,1,87.94
76ccfd1f50385cff04dc3ba521500b47,1,credit_card,2,45.10
76cd8bdf29b1ad8f6dad715d6ad8fe90,1,credit_card,10,214.83
76df43658d302b7e5418f9c5b366b4bd,1,credit_card,10,304.67
771c4f1f521f462e4b95619e648aaeab,1,credit_card,2,114.07
7729dd457f2649c804b02f610b54acc7,1,boleto,1,67.18
773632f583feeda7d9b063496b6526a2,1,boleto,1,85.58
773e520cc5e67e4d6f8af15926317a36,1,boleto,1,68.13
775130c792f4c6460c63162e994a1114,1,credit_card,2,273.27
77603d935cbcfcb914df523f1fc1316d,1,credit_card,4,54.85
777bf4670edce6de8fa9aa0b68b57b28,1,credit_card,5,275.56
777e1991a17b077dc363745bbaf05e2f,1,credit_card,1,19.21
7787da2148a7cb3d33fb258e674f8a3e,1,credit_card,1,137.99
7792343581cd5fc0e1956c59b543afc8,1,credit_card,6,200.17
77af7c0b651686586766ad39c110536a,1,credit_card,1,85.14
77baa217632fcbf3656de4ec4a66b0c4,1,boleto,1,204.17
77ce7f33b46e4a158d452e6ccf0dff14,1,credit_card,1,61.32
77ce8174ece613ac99bd6506f3d679d8,1,credit_card,8,326.53
77de74763ac99bedb50deb68da4b981d,1,credit_card,8,82.47
77f786b616f184da30df78a7eb228d92,1,credit_card,1,27.30
7803d0f984dfa8078247ba07d2645bef,1,credit_card,2,58.60
7806407a20e7d38caef6b35ea7757142,1,credit_card,8,258.00
780d06f3d4a6cf29181986194b9c23bd,1,credit_card,3,91.61
7818864c8604b6c6114235d245908ad6,1,credit_card,1,80.05
78319eed3d0e14a32693dcb23db4c0d6,1,credit_card,1,42.78
7844d2f4784ca5e03bf47dd1ac050bc2,1,credit_card,1,68.84
785b7455ab5bec2f5e04de3cf829209d,1,credit_card,4,43.09
785ceb77eb42e247a85b8e65c7724ac8,1,credit_card,7,151.61
785e5848b43e60ee92f14e0e20dca105,1,credit_card,1,22.38
78a1892a741bea2ea3695fe515c811f7,1,credit_card,1,33.00
78af4d32fa98a1435686699030cbc1bf,1,boleto,1,109.41
78b9793627cb45328b53a69cc525fd22,1,credit_card,6,188.06
78d1ad5b65aecc8f61c0fab7b28e8281,1,voucher,1,100.00
78d1ad5b65aecc8f61c0fab7b28e8281,2,voucher,1,27.15
78dd421c4700121100bb1297168a05d6,1,credit_card,1,114.42
78dec59f50d90e8c0cb22eff4dac7b07,1,credit_card,2,75.07
78e2e121092766f1dd16d8570944bca0,1,credit_card,7,78.21
78e9bbe6fc21f7945284233b6be94154,1,credit_card,8,218.64
78ed31442f1dba103a38d372eff51503,1,credit_card,3,77.57
78f08da30e84bed8ec2f91fa7566d314,1,credit_card,2,111.43
790512cc033ced5f8fe1f9158eb8f2fe,1,credit_card,4,504.35
790d7fdb41e9a2457520208c7a7eb0ca,1,credit_card,1,75.07
79177aaac7c3c0dd8e8a84db027512a4,1,boleto,1,336.38
7937987ff13bd22aa39304d525e1eafe,1,credit_card,8,921.05
793a100cf28df6888d0a77ae91032263,1,credit_card,4,123.85
793c97a0188117b9b0aad84f6cc8883e,1,credit_card,1,222.90
7940121491c0b1c3b7dae6f2b1f77e4b,1,boleto,1,45.00
7960d74e96a2fc6a608c4bb2d622f456,1,credit_card,1,88.00
7977e42154b045239288569dc9336adc,1,credit_card,10,171.97
798738fb83403d78d10892ac46cf8065,1,credit_card,6,112.80
7991b363c057a520b3ffa9dd2919cff5,1,credit_card,1,68.89
799e53347e276d82f68872b6741bf731,1,credit_card,8,116.85
79a29a6cac0403ad0d0b5390f5bbf1fa,1,credit_card,5,309.62
79b15d097ccbb1f4c75763ad07a8d543,1,credit_card,6,61.38
79b5579acdaecb745610365f3f181fce,1,credit_card,1,77.63
79b64ea5b697b2e014789fe969dd50a0,1,credit_card,4,206.08
79e5ae80172f5697f2402439382f2d77,1,credit_card,10,360.29
79e6c42fdba43c9005ec3407a878e1b5,1,credit_card,2,189.37
79e843f791612177a6bb9f948f96f904,1,credit_card,4,83.69
79f7d697719bb0bd65cf1a1c5fc67348,1,credit_card,2,124.61
7a00da9515dc144e302458e696d61943,1,debit_card,1,216.15
7a04f1c505fcb55b00384ea037f73f24,1,voucher,1,52.53
7a0698ce87fc4cd3e171e7361f0bc0b5,1,credit_card,1,138.94
7a06f1e596e63eac60cd9f3085ea501f,1,credit_card,1,67.89
7a2a2633b023ac3ee1dc583d44181b2a,1,credit_card,5,88.61
7a422b767b8a7f3738b95534a89f534c,1,credit_card,2,123.54
7a485479dbdf94502e471dbd3329a4e4,1,credit_card,3,316.14
7a490afdd127d5a584b98fd097425124,1,credit_card,10,107.78
7a502e545ea55a7ff2a035abd83c6d84,1,credit_card,8,159.03
7a5941b80b56b7d80e8e695e1c88eed4,1,credit_card,1,49.85
7a727e7d4fd27ecc265e8415030811c5,1,boleto,1,77.57
7a76b222b6be79748cd291410b57c160,1,credit_card,1,70.38
7a76fba56e5e78997c15b4e7a3a7e760,1,debit_card,1,53.00
7a94606a015a9feffa3b4ac23e84d132,1,credit_card,1,32.38
7aad0379bac4fe5dcb0a97650eaf957d,1,boleto,1,51.01
7aaf9721911fe977bb8e6640c442aeb4,1,boleto,1,148.59
7ab1a9babde2a1355e3075d07ea895e3,1,boleto,1,35.19
7ab31af36d3bbf466b048fe0e1dd0dde,1,credit_card,1,29.69
7ab608f5a744c8f9c9c449fe54de96de,1,credit_card,6,324.74
7ad9577a964cfb13c1f4875c1fd025ff,1,boleto,1,27.15
7aeba3591c40b6adabbaa598d84ea144,1,credit_card,1,34.00
7aec7aea70b4d42cdb349810c4475051,1,boleto,1,64.10
7b039bcfd98f73afd5973f8ba56c5987,1,credit_card,5,71.05
7b1250fe66e9056df3b6eeb2659dfb22,1,credit_card,1,77.57
7b186487147f406839316cb0a719d4b1,1,boleto,1,368.94
7b1e7ecf29040bd9581a1577a522548d,1,credit_card,2,103.58
7b29aa7d6508036d7400781ca593b58f,1,boleto,1,40.78
7b3821e2a5cb30052dde08403418c349,1,credit_card,2,116.66
7b42f564d505ea0c0783bb273062ca8b,1,credit_card,1,29.05
7b42f564d505ea0c0783bb273062ca8b,2,voucher,1,20.00
7b539e31732dcb7e50afa35e6042717b,1,credit_card,4,70.44
7b5b2437395186ef1d461d39bdee1621,1,credit_card,1,130.25
7b6900f9a0d0ecc69d4ac5bdc8b3ffd3,1,credit_card,10,548.42
7b75f8f560e99f2ae0446d1369bf2ebf,1,credit_card,1,49.24
7b7aa18c12be9bec06ecb74c33609bcf,1,credit_card,4,120.09
7b7d41ed4a08974cabec08405b527b18,1,credit_card,1,57.37
7b80eb102c74259844e5a4fc17cc7c26,1,credit_card,10,228.79
7b9783133bb4a92b0c131b1b4f7657ea,1,boleto,1,1312.67
7b9c0feafeaa7c82184c86177f18b4e6,1,credit_card,1,97.72
7bbc66a921e0671f689e2bb419d3cf09,1,credit_card,1,56.39
7bda7fb1e596f90f607376af2ca647cd,1,credit_card,1,96.88
7be3bc8a993254a45f536cd9b418f275,1,boleto,1,86.44
7beece85fb714c481300a516c9fb1ade,1,credit_card,10,621.07
7c0a8e739e7de73b6258885fc6fc32d1,1,credit_card,1,51.04
7c1c60f422c242e539075d9b9edca95c,1,credit_card,10,110.44
7c28cd51bc7b7b5b8e81ae0bb7f17340,1,credit_card,2,27.86
7c333b73033a5b03379b9587a92685dd,1,credit_card,9,473.84
7c4281b08578a1e5e13e56814b3c6123,1,credit_card,10,175.00
7c6a400b3bbaff6cff070e8c6cdd17aa,1,boleto,1,159.60
7c6de5f0eea0d2f823e3dc3dc6e3ef4c,1,credit_card,4,181.73
7c71c859e83e35ab16a4bd8c418a5cb8,1,credit_card,2,135.49
7c91c3456c73201bef537307835f6ac4,1,credit_card,2,29.77
7c921161980003eac272f619f2fa5776,1,credit_card,8,169.31
7cab0843cb15d0cab47c402e5ec63d22,1,credit_card,1,115.81
7cb5fd41ca3412b19772e1cbfd716952,1,credit_card,6,68.13
7cba85540e273d2d75f23ee6e88c3214,1,credit_card,2,106.90
7cd7446904e8e1b7bf7ca80444f1dffa,1,credit_card,2,186.94
7cd9f4c5a26e353b50e10cc165ef40d2,1,boleto,1,68.64
7cdaa17ad10c7724ac707e1a2fd3a3ae,1,credit_card,5,52.38
7ced17eac048bb56b535174eae0bcb7d,1,credit_card,5,86.15
7cf743c2c2f5595bf3780b5b379cbab5,1,credit_card,1,94.43
7cfdf7265c9572fc7b7cbd3b9cc438b7,1,credit_card,10,128.40
7d0a48a75ea94fb27cbb514b6bd406b4,1,credit_card,1,78.58
7d0c53f67b84e94a751d09f03fe58e99,1,credit_card,4,96.60
7d2e63c38de7969859ec3eee027b043f,1,credit_card,5,233.74
7d3ee0bd440416eb22946dad24f7e4c2,1,credit_card,1,30.80
7d49a1c0abbfb267942abc717ed81422,1,credit_card,4,90.88
7d5ab17890987effd9d8a3224a8935fa,1,credit_card,6,136.50
7d5f037cd90e278069b2d0fd0d060543,1,boleto,1,37.13
7d69596773fda163751de780f18ad9f3,1,credit_card,7,171.22
7d962b9178f5ecd3d31dd69811311e65,1,credit_card,1,183.03
7d9ccfd5b1183560523d8351e2e22aa2,1,credit_card,2,116.94
7d9ce17cffaae5fd7a74b0b5621f7ee4,1,credit_card,3,71.72
7d9dad1ac923f80a77b7a8fdd10a7201,1,credit_card,8,155.34
7dc8379a32999985a71e0653836c7f91,1,credit_card,3,86.55
7dc8487f60263dbf289600757f5c6f99,1,credit_card,3,37.62
7dcc6df2be2e64c78a83397fceadea30,1,credit_card,2,158.10
7de03e8d15c7de252f740627b5f666a0,1,credit_card,1,31.75
7dfbacd668c23f1d45720c457f2aaa70,1,credit_card,1,129.01
7e028aff656f744dceb30501de14ddd7,1,credit_card,2,175.65
7e39c7f737bbf597868c912bb9d2bb48,1,credit_card,2,42.58
7e3df478d7ab6ef28c022acd6bc4df2f,1,credit_card,3,138.50
7e460703dd3adb450213b20170a237f6,1,credit_card,1,47.25
7e491390b96f345321d7c43a4acfcc40,1,credit_card,2,56.84
7e5821896794f7ee1e792ef610915f78,1,boleto,1,50.89
7e64edc21c29eb4ab27967e6462683b3,1,credit_card,5,289.18
7ea599036acba8c4d180c9e2bedc6e9f,1,credit_card,5,144.90
7eb2b4aee9ff7ba835df2aed76fb9c4b,1,credit_card,3,255.70
7eb947ee7c01b2d8872bc456302687ac,1,boleto,1,226.71
7ec00b7266a2e8826ba86a7509fb7939,1,credit_card,2,173.61
7ec740ecb9d6f73b2e80bbc93dd784ca,1,credit_card,1,127.69
7ecfe10bb4477fa530dbbcca49916468,1,credit_card,10,164.61
7ede340903c485e891cba5b1064ecf5c,1,credit_card,2,113.20
7ede7940d99eca2cca79e5120a63f3f3,1,credit_card,3,293.70
7eee039d49ee815e69350a021cae95fc,1,boleto,1,234.00
7ef3a4439f550deadd7bc3891b2f6242,1,credit_card,6,72.76
7f02d70013ec3fbf6a7f5791f936d832,1,credit_card,2,177.32
7f1e6c8280634faf3e57ac93f781b98b,1,credit_card,6,155.63
7f3572310e595ebd4a32c7124b1d9766,1,credit_card,2,101.65
7f36414d61095a13bb7965c9dcebef06,1,credit_card,1,264.09
7f73071c538cbb2b10e41a3041db481d,1,credit_card,8,86.24
7f73071c538cbb2b10e41a3041db481d,2,credit_card,10,126.34
7f8627b25121727150b46207617a168a,1,credit_card,5,119.29
7fa917593c3ed7bd80f35dcb6e1aefbb,1,credit_card,1,44.38
7fb9a8071a075a78c82420971e66dd77,1,credit_card,6,1354.06
7fbe250d2d22b8976024eee98fef9cef,1,credit_card,1,60.26
7fc163ae2a200d57c1118812221bcf8e,1,credit_card,3,38.95
80000ae9d118d79953522e35cce34f13,1,credit_card,2,121.72
800ebc071b1dcbab630e96af15a7a1ef,1,boleto,1,325.12
8013932c4c00036478bea6424e783117,1,boleto,1,60.00
80234ed83f65ba58f3424c43b86f8bd3,1,boleto,1,35.35
802a16d8b5c3a74a38cf9216f429c469,1,voucher,1,13.40
802a16d8b5c3a74a38cf9216f429c469,2,voucher,1,14.29
802d0f108d32ef094401c8cd4e965680,1,credit_card,1,108.68
803d9be249d7c523418ceffa07d99724,1,credit_card,6,78.72
8046235d64b3479dfce835281a85c0d6,1,credit_card,2,51.10
8051026f0cea5b93df6bf42cdf1aaa74,1,boleto,1,118.59
805610c9f9b57b3900d462627b7ce062,1,boleto,1,64.10
8057ce8ffded1481446ada68f97941d6,1,credit_card,2,263.47
806d19127814e557e910ad0c90891886,1,credit_card,1,105.01
80b2fb2d49f96b2a3ee411ede91361e2,1,credit_card,1,75.55
80d25aa9f66c2d419bc422687bb41b85,1,credit_card,1,88.96
80da866a2f8257c4878f249ffa36390f,1,credit_card,5,58.89
80dbbd6f2282898dbf912a2ec668175f,1,credit_card,4,179.00
810233b1d86cfaff1b46b1458f7d0a41,1,credit_card,5,212.03
811155730c44e9b55e98d5bfc5e521d7,1,credit_card,1,160.18
81161411335afb1d9c6dfd1b42a63eb3,1,credit_card,6,63.92
8135d95a571b0c0529ad5624a7f72ddc,1,credit_card,3,137.93
814449e266f5cbff53f6e336abd1dd5a,1,credit_card,3,102.07
814a3fa64843bab063063a18603efd53,1,credit_card,1,45.09
816d8c857c3f15aa8b8dd70be0744d20,1,credit_card,1,48.25
818080c38c17ec4bdcb39798ccb51b4e,1,credit_card,10,1167.04
8194f59689e6129d3bd13dce90d86c2b,1,credit_card,1,214.41
81a1711311a8709f7d6522bd98d36745,1,boleto,1,69.97
81a9ef6a0791099bb5859d0104f94dc9,1,credit_card,10,271.64
81b1ecf11d38a0654a13192ce0fc2e5f,1,credit_card,1,111.92
81b1fd6b50d083d07912773bb6c8095c,1,credit_card,1,38.89
81c2a9cc7a5d970fa1cb04443002088b,1,boleto,1,73.03
81d6ac4e9d7c1c677ea8d5d128e7f659,1,voucher,1,109.70
81e04a215f5131c83423eb5d8d21a9a1,1,boleto,1,77.57
81edaf58687cb71cecc077db78dd57ec,1,credit_card,7,75.68
81fe59dfdb8538cc9b604380742323e4,1,boleto,1,87.64
820749211528f2ac3c371469c8dcff94,1,credit_card,1,128.42
8209537dd24f5c7e5cd13be3928312d5,1,credit_card,2,42.68
821ab83aee62992191306118d37fcb3c,1,credit_card,1,107.92
821b1d19ba63b3109388a4bbc84d3f43,1,credit_card,6,321.91
82330e7226e957715bc2f39fde738f6b,1,boleto,1,72.78
823e959449ab09141875541d427a1581,1,credit_card,5,55.65
823e959449ab09141875541d427a1581,2,credit_card,1,17.51
824a8fc017adc80f979335a8477eb7cb,1,credit_card,4,46.82
826a9236d33be907c46cf80986795f73,1,credit_card,5,50.09
828999d80d891785ff88623835515884,1,boleto,1,417.98
829f21ada22c20b2a15c75f8b63a0533,1,credit_card,10,295.67
82a3a8f173b1bc8e3b7da00ce95509e0,1,credit_card,8,117.40
82b0f8f974cc6e92e6bae6cd7714b712,1,boleto,1,70.89
82bdf2be6cd75f6a34999c235f18948f,1,credit_card,5,104.28
82bfafb84a5843f06b8c3983edb1883b,1,credit_card,5,247.90
82c25f5fe611fe504eca8e2ded507842,1,credit_card,2,64.14
82d62e8dbebf85af5c2873e07fe0721e,1,credit_card,3,297.64
82e098e90be56ba3b67aca2e1ba26fdb,1,credit_card,2,131.16
82fb8895a278d7ff122edb5df3e4abed,1,credit_card,1,80.20
8304f049f874798b19276d475a0b1851,1,credit_card,1,27.75
83078eacae0feb71b78ec731be836ab4,1,boleto,1,46.01
830e4884081b78d304b38eebe75f4732,1,credit_card,1,73.34
831f3205c78da9d0b68f53e483eb3e08,1,credit_card,1,68.83
832e0a03685bfc20477ea18436e023a2,1,credit_card,4,112.43
8333c49adbe3515e032c472789e8201e,1,credit_card,1,14.89
8333c49adbe3515e032c472789e8201e,2,voucher,1,133.11
833915009f90346b046a4f6cc9df0497,1,credit_card,4,1373.19
8339a4963d8b1727c15465ff154ce74e,1,credit_card,2,330.76
837a1123bdacb7ea470ca4843c33aee9,1,credit_card,2,124.99
837b75362f8a7c08c85182dfd16cb72d,1,boleto,1,23.84
838134390df33aab81a8bfaf7260b61b,1,credit_card,1,217.86
8382255ca7fdc3ec278ab4c83aef9122,1,credit_card,1,92.90
8385aedfa19a31e7d4871586bd47de2c,1,credit_card,1,213.37
8389e56bf17964405109e56799563a03,1,credit_card,2,115.81
8399f290ca1022f41024468f3864dac5,1,credit_card,4,459.92
839f4f226f1d843a3922ddb8b3637cc3,1,boleto,1,49.10
83b38224c814740db730aad1c72c7a3f,1,credit_card,4,206.33
83b730ab4cac58471d803672a6688b5e,1,credit_card,5,133.75
83d8f70418eefd96f37b483dff430305,1,credit_card,1,117.31
83dbd41b4ce2547156c5b288e6fa7e9d,1,credit_card,1,133.40
83eee67c21d596a653687afe2c8ebad8,1,credit_card,4,160.58
83ef226cf3b661d1cc190b0a983e2619,1,boleto,1,35.84
840d56f863cce183ed7b2340fe33a3b6,1,boleto,1,118.35
840fba0867d6686cd4a428f76d01f97e,1,credit_card,6,234.29
84100b23fba8756e8a776f96e110c04d,1,boleto,1,64.00
84163f7d458a14345eac02a371e544de,1,credit_card,2,106.29
841a1c15177c6184088d268bc0f263f4,1,credit_card,1,166.29
841d2f58ddbae5e6d1230dbbbae2c0aa,1,credit_card,3,145.99
841f22552ef7bc21e205df35283025c4,1,credit_card,2,173.74
842b04782c3190ba1cb33fb384592455,1,voucher,1,33.70
84300a0c4b27875cb77c89f5383df360,1,boleto,1,62.68
8433606149b115b9f6e1916bdbe08dc4,1,credit_card,1,63.23
843b7dada8b84daa895c7978c62f9e43,1,credit_card,3,139.22
844b7b992358a3a30d677ea0025e7471,1,credit_card,1,87.41
8455db911d020aad3cc78b9fad423695,1,boleto,1,40.00
8486f414a491ce27cbb5e501739d2d04,1,credit_card,1,37.17
849c91eae9d79b010c5dbba0d30e42fe,1,credit_card,10,154.72
849eace12a4c38cc5d4647af9f942eff,1,credit_card,4,220.71
84c8463c1a2278e211ebf4472126d92a,1,credit_card,1,140.07
84cec4f65c7a4f2f54c294a30224a594,1,credit_card,4,45.09
84d21eead7694f99925e7e056ca88832,1,credit_card,3,126.19
84d27863cf4593bdc358f6b17240a3c5,1,boleto,1,99.33
84e407da1f6a0299466bfa129b7311c3,1,boleto,1,206.93
8508367ffb93fbcdea00997ea565ad6f,1,credit_card,1,29.10
852278c3a52996ebc578a49c8249d350,1,credit_card,1,145.66
852586974b34f22595f8bcc918b48040,1,boleto,1,88.84
85314e23a8d6ca48d54dd3a235b2a25d,1,credit_card,4,272.61
8533051a3ddfba857f39aa28d5b7a8f1,1,boleto,1,67.93
853e167f64c749528b3b531bef12850c,1,credit_card,5,253.26
8543d2d86c69647af5e2d957c3d21b85,1,credit_card,2,92.99
855c2d10e8d3135c6cd5af5dd14d080e,1,credit_card,4,87.64
8563039e855156e48fccee4d611a3196,1,credit_card,4,106.95
856d6b7354ca57ce6a2865c9c5e9e6e7,1,credit_card,1,33.62
85770deee3205a161f62a227bd92f7ab,1,boleto,1,84.44
85a0b57d401cf8eabdad7f818e087799,1,credit_card,10,222.97
85ae4ead3b37285b1e538a206b99b67a,1,boleto,1,62.23
85b8899fd1383f7177fe622d29f09272,1,credit_card,6,80.00
85f2d1d18951198c1beca750c4df59b1,1,credit_card,1,95.10
85f8ad45e067abd694b627859fa57453,1,credit_card,10,1961.00
8616397296bf3ac1cc07c21a5c457894,1,credit_card,3,39.78
86200deb58eb0b29e666114e87e76302,1,credit_card,2,340.96
8624ba83187b6280c6d8b7664a5f5607,1,credit_card,1,72.05
862a507705acaf4976559515b7b78908,1,credit_card,1,38.93
86309254ed4a0698cf9b97e5d28637df,1,credit_card,10,276.47
865632b4b7bd773e94d482105b596672,1,credit_card,1,85.55
8681115ee9073763981721e9e4cadbe3,1,debit_card,1,239.10
869997fbe01f39d184956b5c6bccfdbe,1,voucher,1,94.63
869f303aa6f137c9295a0c115de2f771,1,boleto,1,130.32
86cafb8794cb99a9b1b77fc8e48fbbbb,1,credit_card,4,46.19
86ccb38f30e2df75998a24bc06860169,1,credit_card,2,158.14
87064d517041a71950b9f0cf6d34b211,1,voucher,1,50.42
87230abed36d9ec9a1dafd369948b4df,1,credit_card,3,234.42
87317718d67eda6146e87be5a4688d63,1,credit_card,4,114.44
875457c60d42163f5d8bc4b4e94b2412,1,credit_card,2,214.98
875ab1a09eb128fa4a3bcedabfb42df6,1,credit_card,8,472.41
8774d6fb5a8c64bbb720a8271eb207c0,1,credit_card,10,117.03
8774dccac317f54e3e9b3c6096a9b2c6,1,credit_card,10,239.96
877893a9d335938c3fdaeed687b3f6e9,1,credit_card,1,82.70
87850ccd83d669cf004ea32dd917d6c4,1,boleto,1,192.89
878c411445b7128a9715f6f06ca14bea,1,credit_card,4,217.64
8798b3a8e3d4a597bcde0dab8ad1de17,1,debit_card,1,140.08
879ed1a79b3970f510fdb4b4aa3f86e1,1,credit_card,2,78.20
87a99c9be1a72ccd14a90ce72e2544c3,1,credit_card,2,116.75
87b314ae9dc134ce22cac9d7d3be2678,1,credit_card,1,27.68
87b476f53da12dbaf8b42ba931985c93,1,credit_card,2,139.96
87b732d9778eda3d298cbd97c22aba48,1,boleto,1,256.47
87cbf27ac970c7423f11157c2ef6ec26,1,credit_card,10,307.69
87df71eb46077c66a8e53d4e92bc71ef,1,boleto,1,98.70
87ebcd73de7c03e3ba13f9e9466c15c5,1,credit_card,6,261.37
880818864a5b124a7e8784b03caa1d84,1,credit_card,6,168.29
880d05a97ca1886faf05a9315d0a3073,1,credit_card,1,42.27
8810a5e7c83bd0f3fd59dec5491fbb2f,1,credit_card,3,169.14
8818ff7a81f4751daa9dcd455f1c9379,1,voucher,1,23.59
8826b56d45c25577190e5c91fdca2a61,1,credit_card,1,57.75
883be96e55d6e19b2ceef5cdd735d8fd,1,credit_card,1,88.74
884245b62173977a377007d7c62cf9f2,1,credit_card,1,91.15
8844a6f4804668ce97f0423a434a74f6,1,credit_card,3,56.60
885ae5d5896b9a5f3bd2a626876ace12,1,boleto,1,83.15
8864a2d847bb201242e03cab4d54994c,1,credit_card,4,125.87
886554d6a49f10154eb12b81a6c4ef4b,1,credit_card,4,117.46
8866ae65c875985acc6fd5772fa8e4a9,1,boleto,1,68.23
88765c7c25c8dd40cefcd887f3c8cd8e,1,credit_card,2,219.57
88791555f9832d0bee1f87f2074392ef,1,credit_card,3,85.63
8881dc280b8de23e6913aaee6bf61bb5,1,credit_card,2,173.91
88898f25ecf940d6929b37dc7ccd3578,1,credit_card,1,126.43
88986b613097da641340bc366a2d91d4,1,voucher,1,18.06
88986b613097da641340bc366a2d91d4,2,voucher,1,18.06
88986b613097da641340bc366a2d91d4,3,voucher,1,18.49
88986b613097da641340bc366a2d91d4,4,voucher,1,18.06
88986b613097da641340bc366a2d91d4,5,voucher,1,18.28
8899770c263136aaa6768f75189d996a,1,credit_card,1,201.94
88a2f6f5ddd57a8da3f5ecbba9bede1d,1,credit_card,1,318.82
88a63f5cd80c851070a20452bd83d4d7,1,credit_card,5,83.20
88a78af246c6c2db88e72b384796c98c,1,credit_card,1,67.38
88ae9b9dc65aa9f22722800a34d865c3,1,boleto,1,269.85
88c4fe503028fe735969053f5459584f,1,credit_card,1,84.30
88e2adba13194300be8cfaeee4512133,1,credit_card,8,188.89
88f9a494012e4b7e7ddbfe1bf56cf41c,1,boleto,1,70.89
88fdf07e2e8bcf581835191551224be7,1,boleto,1,117.23
890617d30098dc78a28e27cfc7d6ccec,1,credit_card,2,26.29
89124696e3e799665a6b844c18325cf5,1,boleto,1,35.36
89165e6d4c28047da0adf13ac8b3e1b3,1,credit_card,1,118.35
891e419a9019fb81b67212a708cb5f83,1,credit_card,8,442.72
893164a028d4c803fb8a597327b48488,1,credit_card,2,195.00
894e3de9f4244f5113bf5b97627330d8,1,credit_card,3,87.22
895dce73de79888b14581541cf3a811b,1,credit_card,10,435.48
89625d9fd5cbcff8ed1de2eab6ab1498,1,credit_card,7,159.12
896b228e1623e6b8f20f2b3782750d48,1,credit_card,2,36.96
897ed337ed4c3fba920924b9143c2ea0,1,credit_card,9,95.00
899b8d92e1bdaece69745ffcc3c47d08,1,credit_card,8,285.72
899da82c1aeee8fe315db6826cd9a5ee,1,credit_card,3,147.37
89a6292b97c0dd8f29261b64ad8aabf7,1,credit_card,1,112.24
89ad9301604c76e365ba9b9db109bcaa,1,credit_card,2,145.72
89b229dc09711327ecea7f124b029557,1,credit_card,2,76.55
89da573364809995840e3546344a0113,1,credit_card,1,403.27
89daf16ca38d1dca141ca4b225351c02,1,credit_card,3,153.61
8a01f46a3c2541b03ba737f3c83a7bd1,1,credit_card,10,115.68
8a0ab628dfb76b8bd7688ac87d051391,1,credit_card,5,146.28
8a1173c84bbf754f61daf556a62fe1ed,1,credit_card,5,192.56
8a1a4c9d81475d4f07d558d04598e00c,1,credit_card,2,163.24
8a3086454aae1719e85d336d067a66e1,1,credit_card,1,126.74
8a32f78d59c6aec1ebdfaf5788bc84b1,1,boleto,1,114.34
8a354bb43e2659551a9e6abdc9d1e933,1,credit_card,1,79.24
8a4902db3aa7fdf0a39bf75a14697e2d,1,credit_card,1,68.30
8a49984afb76dae66f3810e1b7093ec4,1,boleto,1,116.34
8a601ac58a66e7a37b56294b81c2b373,1,credit_card,10,227.47
8a7059f3a26aa6df1579a6c9ccbacc3e,1,credit_card,8,86.73
8a723730400b508cbf47fbef4a76ec8e,1,credit_card,1,80.91
8a80054573ee01a321c77752da93566b,1,credit_card,1,152.09
8a81337c086e3ab740913c061cf6c2d4,1,credit_card,1,54.17
8a8fe42973aacdf0b83fb915d722aac6,1,boleto,1,88.97
8a8ff2c8a82c73abed3c70e90953f0b2,1,credit_card,1,35.87
8a90aa7c88256981f18784086121349c,1,credit_card,1,107.16
8a9e4058bd52b1df24af22b9cd604f87,1,credit_card,8,136.59
8aa5449c8eaae72c25e792d938fad002,1,credit_card,5,89.27
8ab08a832f16966f270a9bbffe395cfa,1,boleto,1,82.77
8ab73774d1bf1ccd52e66b86ccb40ea1,1,credit_card,1,75.16
8ac3b1365e8a70ae432b2a1ee0f68f23,1,credit_card,4,63.05
8ac5b235603eee2e21e36261b2df536c,1,credit_card,5,82.55
8ac5b235603eee2e21e36261b2df536c,2,voucher,1,34.11
8ac9d647425b62394b980e70f7d80d6b,1,credit_card,1,84.19
8adb87b0bb81da96d28e6cfaa033a40d,1,credit_card,1,89.17
8ae758e9dfba42257dd89e48380b3d1e,1,credit_card,3,72.85
8ae8b33f63d9924a2db9ec6c1e98fd35,1,boleto,1,2111.57
8b02937454ecbf39dea9989375d931e3,1,credit_card,5,141.19
8b050d41c0452652c3f1a6cd855005b1,1,credit_card,10,222.66
8b06c6beb946868da80b3d6c18d20917,1,credit_card,2,219.77
8b0b0bb16bfbee0b827837e8d27e4a35,1,credit_card,9,159.86
8b54ad5dd057cd34a1308553e2bba5dd,1,credit_card,2,132.03
8b57c0e23a2516e0b9a5259c83fc0883,1,credit_card,8,156.73
8b5ddca535bbca0d4282b4e82248089e,1,credit_card,4,194.53
8b648f3b8380162bf589d5ea0d49f5b2,1,credit_card,10,183.64
8b88af6ab4bcba779184de098d66c9e7,1,credit_card,1,0.52
8b88af6ab4bcba779184de098d66c9e7,2,voucher,1,82.21
8b93f79b1a4d6b3388dab2356493c0b3,1,credit_card,10,159.94
8baa038ccba688e5d3c2d087d7ac5ca2,1,credit_card,5,52.78
8bade36d5fb562974296bcca22a7a064,1,credit_card,2,296.61
8bcb04c1ca645d109ed37389fda5dbb0,1,credit_card,4,1338.51
8bce18fa222d49626263bbbf2413fcca,1,credit_card,2,54.87
8bd234ce8ee3bfc5da0cf859cd80e414,1,credit_card,1,64.39
8be3f8cf0b9c0840f7fc2d6dcd6b9570,1,credit_card,7,192.69
8bf6956999b0861c3191773f28806f40,1,boleto,1,99.90
8bf8a39f0859c5d00da3d27e8ef39d7f,1,boleto,1,40.13
8c06de33065ff82ad2d811b7e81a5f7a,1,credit_card,1,74.50
8c242b06662dd71ddc5251a5b0f62b87,1,voucher,1,68.62
8c2c2b26ae4677e7457b0daaea13a8d3,1,boleto,1,117.60
8c4a924fbaf8e5d685676b7a7269cc07,1,credit_card,9,179.00
8c64e3e8dd3f04f78d3b5c994ae506f3,1,credit_card,1,48.62
8c6a3fab1ed272b02f23bb7dc9061d9a,1,boleto,1,32.53
8c6dfc3056be4a27212a845d5f2bddc5,1,boleto,1,71.71
8c7375aeac2efc63f0754588cd9d29e4,1,credit_card,2,213.73
8c87396ac0bed9eb7bd138eeef8945c5,1,credit_card,2,60.00
8c8ab4a6c61aaea6eccaed2958c36231,1,boleto,1,74.47
8caa967e048f7c1e27144a219ad123f9,1,boleto,1,92.80
8cda3e06e93016da7b1b99e24398d19f,1,credit_card,2,216.28
8d3b97f37bdd7afa5d348afb305858be,1,credit_card,4,90.18
8d45ba0ad212829bdc547dacea18c3a2,1,credit_card,1,136.30
8d585a78c58bc6ee2c28323cfd8ce6c7,1,credit_card,2,121.09
8d5adba2d82f7af4d944f45a95d5d1c1,1,credit_card,4,120.11
8d642f469cded3eccfec417ffabc7141,1,credit_card,2,127.92
8d6708eef8a393c70109de0afb75509d,1,credit_card,2,57.59
8d6793a90c7ed801dbea86d6271e3bfe,1,boleto,1,212.97
8d7e588f9edf5e801cf455bf1961cffb,1,credit_card,1,109.72
8d866309dfbf9649da64bd53a80c7b7e,1,boleto,1,39.61
8d9c408abef22868d40547ecd87d327b,1,boleto,1,88.91
8da66baf68f49a58324e0e8297d4f1b8,1,credit_card,2,41.32
8daeaeb312867695e95090559c5aaaef,1,credit_card,1,45.65
8dc71d90daff59b6abf5eba2e80fa928,1,credit_card,2,146.07
8dcaee0f4bbb1d46a5f71c8c575b90dd,1,boleto,1,93.01
8de627d14a078b2047d929756c94546a,1,credit_card,3,31.34
8e037d22abe0755825b4a5bd17135b23,1,credit_card,6,81.06
8e0b0837352d3cdfceceb267c205eeb3,1,credit_card,3,75.07
8e17072ec97ce29f0e1f111e598b0c85,1,credit_card,5,59.32
8e1ded141534096603108f1ee5c27735,1,credit_card,1,27.68
8e21294be5e4cba1d069be0f7d4eaae1,1,boleto,1,36.35
8e3944fa77034393e3a23b589af8e3ba,1,credit_card,2,484.89
8e5a8b1f6cf7513edaf3bf7c5573ebf4,1,credit_card,10,120.39
8e5f329bbfeedab5a25b115446d23d4c,1,boleto,1,66.67
8e64c8a9ce934e47e871b0a4eaa973f6,1,credit_card,7,148.15
8e65dc9111065511a3429687624b4fd2,1,credit_card,4,641.18
8e9168f5b8cbf3a8e5d2f6767cefa724,1,credit_card,5,111.84
8ea18c94420645b8bd579dac65636c1d,1,credit_card,6,155.64
8ea33c8a1daf30c76ff35b6574d8fe63,1,credit_card,1,28.00
8ea4a5894120c659405242f39659da6c,1,credit_card,2,56.85
8ec0671b1fcacf329783aefb39813a64,1,credit_card,10,771.17
8ec34abb2dfd64e47f9336f3b6cab510,1,credit_card,2,166.42
8ee32c0f656d4816294802830cd9c2cd,1,credit_card,1,30.84
8ee4362f8dfc794ac7cb9b309b4a87b3,1,credit_card,10,124.53
8ee5cab30019132affead27f19959ff2,1,credit_card,10,2564.65
8ef25ada03b56cd00e4021ea5b98f58e,1,credit_card,2,120.27
8ef9b1e6158c40ee1a00338ed432d6f4,1,credit_card,1,181.68
8f1d6980e5537dd52cdd222e0794fdf4,1,credit_card,1,128.96
8f21638fa75afaac7bd3062113867201,1,credit_card,2,239.96
8f448432fec521b889d6b87b716cc01d,1,boleto,1,294.30
8f4af5bc8345e13d9b92eb4d75aec7d1,1,credit_card,10,682.97
8f4af5bc8345e13d9b92eb4d75aec7d1,2,voucher,1,50.00
8f4af5bc8345e13d9b92eb4d75aec7d1,3,voucher,1,50.00
8f66c7fa9b811026d696fc619becd5df,1,boleto,1,102.92
8f677798a3e80c02adf52911bf8d145d,1,credit_card,2,63.52
8f6ac8f0dd2588b2dc8dec2898d6095a,1,boleto,1,33.09
8f7a223cdbc2ea83ac07383d97b46fd6,1,credit_card,4,61.05
8f7d470b019f3b33a814cf048df30370,1,credit_card,1,454.34
8f8e4c6e05e4b84707bf0dafc310fc7b,1,credit_card,10,325.89
8f95199a6809023bbfabcd9759bd04a1,1,credit_card,6,299.54
8fa3ca81ea5bfd6524490d91832821b1,1,credit_card,1,45.34
8faff12af96ce78eba0d5b1597d5baa9,1,credit_card,1,84.70
8fb030b413de395dcbb7cb1a3c9b256e,1,credit_card,1,214.09
8ff6ced519949488b47afc0e5af711f7,1,credit_card,8,226.56
90084fb270986d4c0fc78715cc46840e,1,credit_card,2,125.48
90176c61fcf0cfd97a3e373c0375ec49,1,credit_card,10,177.24
904a8c5eecb566b06d4737b0cde3e0ab,1,voucher,1,27.11
904a8c5eecb566b06d4737b0cde3e0ab,2,voucher,1,37.98
9053a7a342729c317ced50baf9de3040,1,credit_card,1,159.56
905cf34043925642f36abb99eea3f3d6,1,boleto,1,190.62
905f99d528bb299e8c62c67657cd8ccc,1,boleto,1,192.66
9069cf8008a940efbe703ea943d271a5,1,boleto,1,39.87
906aae501a08de5072a4db9471da01a9,1,credit_card,3,38.09
906f3bc1c109fc6476f1d3002448f260,1,credit_card,3,363.96
90747e77f1f92c16ef47b7e5aa910e0d,1,boleto,1,89.93
9089ae7edd24a60e79f8bd277e3c654d,1,credit_card,1,36.01
908e9be16fe93027637f6ffadae3bd15,1,credit_card,1,166.50
90a0f36026ffd698c58239148a28b412,1,credit_card,1,121.68
90b27d5506a9be4b5fb162ac5857d2b7,1,boleto,1,177.99
90b6617b9e582f286d8b5d1603c292a2,1,credit_card,2,109.59
90b6cdda02bbf9ef9a404d36e11a8268,1,credit_card,12,228.52
90bd4466c2905d7b5b56370149e62bcc,1,credit_card,1,1.05
90bd4466c2905d7b5b56370149e62bcc,2,voucher,1,50.00
90bf73869f0ae6e4ea3731dcf7e2e620,1,boleto,1,209.20
90dd995b31d5fdf734e55fab036c4690,1,credit_card,3,135.95
90f56b2ed34b8c5f56dd1255faca84e1,1,debit_card,1,50.03
90fdc874aae30f20d38d3cf1cd9161fb,1,credit_card,3,65.09
90feb1846fa42bbfe6d411d2d018d194,1,credit_card,1,82.33
9105a0f2573fc723a25f05db30a3117a,1,credit_card,5,106.08
910b6236c4771f905eeb252718b05b6e,1,voucher,1,65.59
910b6236c4771f905eeb252718b05b6e,2,voucher,1,27.96
910b6236c4771f905eeb252718b05b6e,3,voucher,1,24.30
911a1415223d88db2cb3009539457465,1,credit_card,1,155.20
911ac4b6a3d83be295853192aa63fbaa,1,credit_card,3,35.77
91244521aad278a4f697dfd15d31287b,1,credit_card,3,79.07
9142a3c29501af1e90aa7eea2a6949b3,1,credit_card,1,133.90
9147e4f91a0a2071875cf411ec60a10d,1,credit_card,7,105.12
914ccbb5110ed49b96c301b5fbf8d629,1,credit_card,10,1070.74
916176e8ce74772807cfb28860535ae0,1,credit_card,3,169.94
9167e0a67d886b453dbb9318f1db42cc,1,credit_card,1,104.20
918a23b289e2ce640ef9dc1f1b4043c5,1,credit_card,1,57.82
91a5fad6dc3c119cb3dcbc59f22b9f80,1,credit_card,8,455.36
91c3ea3f720dd9cc12b762347379b0eb,1,boleto,1,129.15
91c4fb2a013280c780ea608101fcac7c,1,credit_card,20,458.31
91c506e966d7f684b4fa307b02341fcc,1,credit_card,2,211.60
91ce1f474cc41b0c5317e79388fe50d5,1,boleto,1,41.29
91da0c6e7a09dfed94e7cdd19982467b,1,boleto,1,81.78
91e725244b1ed72249f35430530e8bcb,1,credit_card,3,113.33
91efb21be6a9b69ab5e7f13f7dd74b3a,1,credit_card,9,124.47
92067448c4d19cbdc8e0f8dd683e63b8,1,credit_card,3,178.40
9215daa2d711ae5055008f444f6688c8,1,credit_card,4,64.00
92295e7114a22f7180b04673e44cda17,1,credit_card,8,453.74
923858c3c7a920c2b0ac32ad75bb0280,1,boleto,1,408.12
923cc27376a32cd0e1252597e42a5586,1,credit_card,1,78.29
9241b8242fcfa16437e5eb1136ff9d1e,1,credit_card,5,403.62
92599308ba8d89889268df82c199bae4,1,credit_card,3,147.29
92744b8bd0b36fe5d9b3ea74a6edf994,1,credit_card,1,133.24
927b55d4e72a05e5af01fa69bea2a4ac,1,credit_card,3,293.86
92ae7ea2c6f759b8aa53b32b59e0d142,1,credit_card,1,95.13
92af6caa17b88fab18c4c443739e1f13,1,credit_card,2,133.25
92b2185ad7819322fe1488669fcb1f31,1,credit_card,1,48.68
92b48ee2f99d597171a30fc4a45e81ad,1,credit_card,3,181.64
92bdfe9e203d9d027f9c26b8b39f6ec8,1,credit_card,1,31.75
92c10d3fad01ec9df6ccf1fc0461ac60,1,credit_card,5,115.36
92e84486f579af569ada10423502d997,1,boleto,1,64.44
92ecc22dcdb92188d9866d8b120c5428,1,boleto,1,267.62
932917bf5776b6b41c8184cde607a9bd,1,credit_card,1,68.87
932fbcd8ff83452581f2b710115f094e,1,credit_card,1,156.72
9333298e9cc54a35f22242a9fc3a3ad0,1,debit_card,1,118.67
9345b6d9c1df4782997d1f2157647d63,1,credit_card,1,95.30
934838488a3fc133b3cb9b1f716c5937,1,credit_card,6,68.44
934e266bc66e8ed5bba8266dfde60175,1,credit_card,2,89.61
9365c8c75027cd5e429a9355f1e088b8,1,credit_card,3,36.35
9378b5fa3133e86bb44a365e66c24b03,1,credit_card,5,53.15
937906bc0b6f522125f9b2a1f39cd358,1,boleto,1,370.61
937b8c2c23c033f63b1b46e876b2c385,1,credit_card,5,277.52
93aa1607392862dacfb4b54774480f1d,1,credit_card,4,90.99
93aa3771306828f17309cce989a90e5f,1,credit_card,7,70.44
93ae3d70a721582a8c0a1d28d804f947,1,credit_card,6,207.18
93c781a8790c89bac596f6ff7d924c73,1,credit_card,4,93.28
93e01af1a5d9d9d64c5668ec037ed020,1,credit_card,5,53.36
93ec3e2c9a4beee38c28973d307093e1,1,credit_card,3,204.45
93f09cc1052604f96116493cbf93606b,1,credit_card,2,102.42
93f0b28291bddb8a70034aa5138ddf24,1,credit_card,10,177.18
940c5c8cc3ea86ca75804a5c8c350533,1,boleto,1,64.32
940f98f306f127ddd621e4a991e03478,1,credit_card,8,106.97
94179e454a575df8240e5f5246490129,1,credit_card,10,355.11
941d226d049bdb705438d2df05047b54,1,boleto,1,50.10
94205d5566885abf3cb4da408bdb1ae9,1,credit_card,1,48.30
942818fe0196e1b31017bffb40c048ba,1,boleto,1,73.15
9444fa2ab50a3f5af63b48be297eda24,1,credit_card,1,62.50
945cebd7f0d6886e7971663839507ec4,1,credit_card,3,49.75
945fb6d37a9ca75061ff8741ae8c19ab,1,credit_card,10,272.63
9482fa3487de3e3fec62063176aec6f2,1,credit_card,1,42.29
948368c5523e4c43acf831fa3353992b,1,credit_card,3,504.78
94876636c0c9ddd3455bffe120d95c68,1,boleto,1,88.37
9497fdeba0ce6632e8e88b47fba765fe,1,credit_card,1,74.36
94a71bedec852e752e86d530d03d6061,1,boleto,1,31.86
94acd425f088b17d675c6f8801f9dcfb,1,boleto,1,56.01
94c6026e6a2dcfeb6847cef50df19736,1,credit_card,1,221.79
94ca38619d7e64f94facac403a99682d,1,credit_card,8,157.86
94d97c26cd5ca2a98749be9e672b44d4,1,credit_card,3,110.32
94da085d2799047c766f7df765931c49,1,boleto,1,35.14
94df1f9b9ae08c944036a4ef894be868,1,credit_card,2,59.00
94eadd6bc72a7dde85095b20f33e06e9,1,boleto,1,131.84
94f07507c9b68ea4fd0a02fdba2a6fdb,1,boleto,1,40.60
95287574a39117622fd74f06cadf5eae,1,credit_card,7,78.19
952b0fbb4e6916733377e53f96398051,1,credit_card,3,243.31
953b30be6cd0f69c4339736550b2dc1c,1,boleto,1,48.13
95442deb81a5d91c97c0df96b431634a,1,boleto,1,368.98
954ecf032c0fbd43696c6b12baaa293b,1,boleto,1,34.00
9553913bb01853f78a265724d13eda3a,1,credit_card,3,188.38
9557c06b25706a833b8edf4783ea5661,1,credit_card,3,144.58
956e905489c92b9c9478e8bd23609261,1,credit_card,1,77.79
958407f3ab4e9f0d5d03a341f3840ce2,1,credit_card,5,56.62
958da7d574d07d1acbcf0c5c0f5ea9b6,1,credit_card,2,43.58
959815491185d6d44b4adfb9caaf3b9f,1,boleto,1,171.49
95b02752714c6c5c8aab8570ab649d52,1,boleto,1,48.61
95d9d2979d40161be87292ff88563cba,1,credit_card,3,64.58
95e07772220c46b29b44d09579d28662,1,credit_card,8,176.23
95e4477d8423c69a93c55d840e02d9ba,1,credit_card,6,66.90
95efc26128229ac33bfc67d4fce8fa28,1,credit_card,3,67.53
95fba842978e008c75e640b1908f1867,1,boleto,1,232.39
95fd02c37f493e9525e3d3c1ed54653a,1,credit_card,1,98.62
9621eafd687a505c4f065d9181331a48,1,credit_card,1,90.88
962b2008b2f1e396e0d30b76caa96832,1,boleto,1,23.72
963030216f9dfae3f21a1660bfed8274,1,credit_card,2,22.93
9632facd8bd95315d63a23bf616d85b0,1,credit_card,5,985.76
967c49716bb3079dd0f2e8cc27301f92,1,credit_card,10,323.15
9680f3fdc078a63f1a4d5fca0f7790d8,1,credit_card,4,213.96
96855425ac02c08fd0467f1fa9186d4d,1,boleto,1,48.01
96908b69c6dfbc8e2c29c2a2142a93a1,1,boleto,1,70.61
969d261a3f4c639b3acdc0ba090fc039,1,credit_card,2,178.49
96a829e0e554c697670638997aadc45b,1,boleto,1,55.95
96ae30a2357a999e6010b2f1401af374,1,credit_card,1,38.75
96c85fb240067205674e99425c5df3de,1,credit_card,1,146.56
96c898ec831c5199304b2b5b43157ede,1,credit_card,1,215.07
96fbf81fa0815632ed37610e1ab103b6,1,credit_card,3,72.56
970390fb495e959776145e1bfe58de8a,1,credit_card,1,31.77
970a70981a389f6826a1e0427823f9fc,1,credit_card,2,149.00
972e7938b32b93b78bf5faf4358ad5fe,1,credit_card,2,70.49
9735dec1ed2250c0791871ceed7a0161,1,credit_card,3,113.15
97479dca48e26f93b2d370551d4603c5,1,credit_card,2,181.51
9760a853206ee0cabbd18c7449b4edb2,1,credit_card,8,161.02
97629524819bce0eba7d519f19af5810,1,boleto,1,189.42
97998b2b2e9a8fdfaa4ed32426a52878,1,credit_card,5,127.33
979fdfc1766453994df684ee9637ec80,1,boleto,1,131.21
97a046d5a9aba90849e4279fdd014fb9,1,boleto,1,56.91
97a982d424741dfe24bc1ca5d943ad70,1,credit_card,1,564.89
97abdc70b137f4f0934fb120debe3b58,1,boleto,1,246.37
97ae631fa495a9b1e3a4b4f14379846c,1,debit_card,1,53.36
97b7decf3d24b8e8db00cab51c75c372,1,boleto,1,66.67
97b8a149d521ea9fbbbce767a458846e,1,boleto,1,2026.54
97bca524044b6fffcdbcc4ced6e2390f,1,credit_card,2,58.89
97ce9044c88c7c3bd44f55e78116af2d,1,boleto,1,87.37
97d0a7726f58ed266c7501929e1ea81d,1,boleto,1,81.76
97d6ed0a050dac6d990b16908ce0a5fa,1,credit_card,1,265.46
97eb8123f2508dda8d9234f0aca79572,2,debit_card,1,83.75
97ed3c46d9b6ed13afaa7d8779322d5b,1,credit_card,1,65.76
97f06fe395ce93098b2deafe88e888c4,1,credit_card,4,43.13
980044cb2540e5978dc610bcc47bb9e7,1,boleto,1,48.21
9804e30eb21a5fe72b152d69138887e9,1,credit_card,8,175.22
981cb41791006b79817f4b05721fbe10,1,credit_card,10,162.24
982bda28a7b217851c89aec9e7ea5c6d,1,credit_card,2,191.58
983de0fdf98ff06d6cf1c379f7540f7f,1,credit_card,8,865.38
98515e643e7cc228244834ea1b21a345,1,boleto,1,79.33
9855054362f487c4f25172bd0b8a44cf,1,credit_card,1,127.89
9857b5a9423566b75667ef0fb926bd5b,1,boleto,1,119.79
986eb0e0707439d7852369091e0fa8d9,1,credit_card,1,72.76
988a21449c85e5aab93c446596246149,1,boleto,1,264.20
989c69b80eadc79ccae5fe89c92a35ce,1,credit_card,1,22.66
98a9159e1817e774888c9252f23283e6,1,credit_card,2,52.32
98bd62478f45e100b026c030c5b0b121,1,credit_card,1,77.20
98bd948995276012ef529fe379949f4a,1,credit_card,1,58.05
98dbf8445c584d2354afd1a0ad55c033,1,credit_card,2,53.24
98f80eddddaaa6c3e5dea02ff36ad263,1,credit_card,4,102.84
98ff4145b11d1c215563ee9ca819f5da,1,credit_card,2,64.00
9941a0a6225e94809b6d9955bb16b594,1,credit_card,1,51.05
9966919513b173e92155677f14ec8a67,1,credit_card,1,38.91
9973f9740bab3248c510c83fb2a8960f,1,credit_card,1,71.78
997e6bea52d4cfdae5cbbf67c2ded47b,1,credit_card,1,86.54
99917575a602235938d9572d18ad0caf,1,credit_card,4,43.79
99ca85d0497f1b958fabcd12b46168e6,1,credit_card,4,44.38
99dc6d9fbacb076c3843ffdc647b3c11,1,credit_card,6,62.93
99f6c1d7b0c56f9baeef70fd96baeb2c,1,boleto,1,27.35
9a0a251a3ac90a0e31fe227f08520cb4,1,credit_card,3,74.29
9a0b56e930f6e5cd70a4662400e4e6b5,1,credit_card,1,168.30
9a14984b8e92e2c06592b0de08ae9fb3,1,credit_card,10,954.85
9a1d09360fb93ff8ae57b066fe14bc62,1,boleto,1,69.04
9a1d12fbdb2aa498f08b214188f80b57,1,boleto,1,72.05
9a439ff6164772f13fa6a5191be3d29c,1,credit_card,1,152.42
9a5d120ae552d50b367cad2bbd87caa0,1,credit_card,3,286.30
9a75fbfdd0e2d8c9285edc0b65879551,1,credit_card,1,73.77
9aa6637f278e37448385a4293706e8ae,1,credit_card,2,87.90
9aa6e0715c13dfb78529a2fe1a837212,1,credit_card,8,133.25
9ab17910110e2869d3b5644d2002eb40,1,credit_card,5,58.62
9ab5804f143a0859cfc1b3a0ca126e6f,1,credit_card,10,281.71
9abcdeded6b253b59272fb76b83b1f6a,1,voucher,1,20.00
9abcdeded6b253b59272fb76b83b1f6a,2,voucher,1,10.86
9ac048d7ffebba67d54456aa9ec07d7e,1,credit_card,1,60.69
9ad9351ae71f76e5eba268bb2f667959,1,credit_card,2,133.48
9aee4ebad2ec4e0ac243cfd62de682e7,1,credit_card,10,103.86
9af45b618745db1a57fbfbeaceedc889,1,credit_card,1,30.71
9b027054a981a89fca1af6a5341e81e2,1,credit_card,1,210.14
9b05e5be44c83c64626fb21d4bba7118,1,credit_card,10,604.30
9b0f7f462c34c45144ec11e414eccab1,1,boleto,1,54.00
9b189f6cf2ef734a7dd0419ed3c64d99,1,credit_card,6,200.45
9b1c817fd98473c0a0dab2a95b5979a6,1,credit_card,2,56.83
9b2ebe500ef39b85f806d10abada8bc3,1,boleto,1,27.38
9b32795311e821b3314911f55bb8a327,1,boleto,1,124.50
9b4b9dac4727545d6a2a43633e62faf9,1,boleto,1,116.30
9b4c32557fa9eadd42717fd0f2e255a9,1,boleto,1,92.60
9b4f84a4215a234a6e69b47e77183d4e,1,credit_card,8,82.73
9b73a14423c28802182017b0c3295a4f,1,credit_card,3,76.87
9b75cdaf2d85857ef023980e15d01546,1,credit_card,1,237.34
9b7cadbb92caa7ecc994bc25a7932963,1,boleto,1,189.42
9b883472f4826d7c694d8c52038a8c67,1,credit_card,3,192.69
9b8f3948f0476494b86f7785f7c1e848,1,credit_card,2,124.56
9b948dcaaa76c166e78628262127e680,1,credit_card,2,208.87
9ba68602fafba92a21fc48911251ce31,1,credit_card,6,106.87
9bca900557a01da7a51779dd1d2326b9,1,credit_card,6,161.50
9c0776f3465b8aba3e47b9eb0f034360,1,credit_card,1,65.60
9c0bb2c7680b4f084fc874b19722fc88,1,credit_card,2,45.86
9c0fc2500f7b845dd500f0a3a2520c2b,1,boleto,1,176.88
9c3059c9036686226d8c445338bfdcc1,1,credit_card,1,32.70
9c440fc86e36452b4288efbf2d65dcf5,1,credit_card,2,43.29
9c475f19f847e47760cdf04217021ab9,1,credit_card,2,116.94
9c478c10c15e4728df3923eafb5856e0,1,credit_card,1,310.44
9c7420176504e0322420860db10766e4,1,boleto,1,117.85
9c76544bc3be770f1d1577a923ca28c5,1,credit_card,10,248.36
9c7786ec8d2394cbee42bba833f7c537,1,credit_card,1,43.11
9c9a1d9b53c328e1bbb1f0c2c5410257,1,credit_card,4,203.08
9c9c501f71dcf81d14d006826972733a,1,credit_card,2,49.31
9ca29d49222112b86ede739f9a9dfbeb,1,credit_card,2,106.30
9ca84d8b801d8d14cf479b5ad04b8139,1,credit_card,1,254.82
9cb00de5b638536df59a274ce43e811d,1,credit_card,8,88.41
9cb560230b18aed833770219fd165e16,1,boleto,1,82.50
9cbbee2d6fc84610e720368c09517556,1,boleto,1,573.51
9cbc9568dccaf53e33a60ed966a8a94c,1,credit_card,10,162.15
9cf68a98289ead1bb2175c2323255969,1,credit_card,3,202.50
9cffb1e19a2d93d7959976c5d5c11138,1,credit_card,8,223.32
9d10b455f195f1fd74ef4ce42acf747d,1,boleto,1,35.27
9d14efbb0c50e58aa2098e5338df7575,1,credit_card,6,109.27
9d1780c1dba60f1e3fc99e1072979110,1,credit_card,2,47.43
9d83ef2eae9001ced10bfc373722a184,1,credit_card,1,72.05
9d8b9a9cc92d7f5e907cf13a99a705e9,1,boleto,1,295.00
9da51871b26e9f5356a2544f6540f900,1,credit_card,3,260.50
9da95e5b2fd14284851567baca5a43f5,1,credit_card,3,42.23
9dbaf3879dfddfc43171aaf9a9c0a82a,1,boleto,1,61.73
9dc9cfe8dd61f0e37b0baa3043517059,1,voucher,1,42.11
9dd30e0b12ab98208e3545d20d88e468,1,credit_card,5,116.85
9dd72a3853b3514932140ba93b5192c9,1,credit_card,2,51.25
9dd7bd30536daba0afe7e080f4b8a3dd,1,credit_card,4,685.70
9ddd723e703903eeb90abbd2af0ddc24,1,boleto,1,54.05
9de0f1837aa8fd37e21d4e12faadd2ed,1,credit_card,3,126.29
9de125e032c8c74ccbcf9a5b7a3b4faa,1,credit_card,1,42.00
9de375e01aa3f39d32001e75abd82b99,1,credit_card,1,67.57
9de85e24940c7fd91ec9ee1dd540b3cf,1,credit_card,6,157.91
9df975b38ffcb2931968b4949c8b29a2,1,credit_card,5,138.63
9e0d565b6426f0ec14ee6e1be3047f8d,1,credit_card,1,64.86
9e1c6d5149a241963c2e3a2ddaba98a1,1,credit_card,1,57.99
9e24613b913b312f009ec05b56b339d4,1,credit_card,2,54.51
9e2b4837befe1f63cab8e26686e848be,1,credit_card,1,161.72
9e2fbf3b51437bc915ed549c475eef2c,1,voucher,1,22.38
9e3a542f51363bda001167b7f5bd8dbd,1,voucher,1,25.00
9e3a542f51363bda001167b7f5bd8dbd,2,voucher,1,25.00
9e3a542f51363bda001167b7f5bd8dbd,3,voucher,1,25.00
9e3a542f51363bda001167b7f5bd8dbd,4,voucher,1,13.14
9e3a542f51363bda001167b7f5bd8dbd,5,voucher,1,5.23
9e4a465874eb1b2bb19bd8e6197615e2,1,credit_card,2,111.32
9e50d6711cd120b8b6fecc98aca9d306,1,credit_card,2,62.28
9e60724a9f4d8f5d169ee0b5bb7a8a46,1,boleto,1,298.32
9e607cec8bd33ad2250970a82dc17011,1,credit_card,2,142.54
9e6356cd884202aa5e0d16e033c8c08a,1,boleto,1,47.00
9e6db72ba70b2e5ded35a5919f6329b3,1,boleto,1,72.96
9e6dbf2535201b87c18bdf90bf117204,1,credit_card,1,99.34
9e7a2839a1ef01aaec67d94446617f92,1,credit_card,1,79.56
9e7b4dc19aadc8298e2984986d3bf014,1,credit_card,5,193.56
9e85d73b2a693e5b6dcf56ef2d00d181,1,credit_card,2,126.57
9e9457385ec61a477390b14f317686c2,1,credit_card,9,96.70
9e97400ef316f1d0209aec475ab50554,1,credit_card,1,31.34
9ea091924b1229de50a0ab7dc63a797c,1,credit_card,1,36.87
9ea3e77998212b1f268aa1753f3d421d,1,credit_card,1,21.97
9ea3e77998212b1f268aa1753f3d421d,2,voucher,1,126.18
9eb625cb452456dcf60ac5b2ce2ed445,1,credit_card,2,100.25
9edbcf5056f3301b0fcaf1dfe914873c,1,credit_card,10,205.54
9f1887ee4f71cd4db972aeac47ca54f7,1,credit_card,6,262.86
9f26e4473c7822a5f7b02dd62ea0519c,1,boleto,1,103.55
9f28bebb21ed4b8984afe68c7ef6e127,1,credit_card,2,142.92
9f2b23380dcf7e8f6984dbbf19bb3e3f,1,boleto,1,175.10
9f2fe2350791b5e9e62610331d125843,1,boleto,1,152.58
9f33a39fe21aa7e49c58d5c16da393a0,1,credit_card,5,54.42
9f353d55cebbc63a3eb1bf5d53774ab5,1,credit_card,1,29.77
9f3bb89658a46c809fdd407e86914f94,1,boleto,1,114.45
9f4dc9b14ebdb349537c57ed4e469c28,1,credit_card,2,610.92
9f5630ff3b1445ec3e06b2cbe5c47258,1,credit_card,3,119.08
9f59e3048b31d71c3aeec67a15467426,1,credit_card,2,185.18
9f6e9882bfa36a4ef98e3016c5e59f9f,1,boleto,1,65.93
9f754867538f26f99df2027b4a154740,1,boleto,1,171.59
9f78c08ae4928d0b51b8ec8da9585714,1,credit_card,1,45.86
9f792c846e897702e89fb06829be1b0b,1,credit_card,10,133.03
9f80c79b3c2260ac4352d49fea965897,1,credit_card,3,148.02
9f827631dbbe551d3b830ab61fa3919b,1,credit_card,1,84.20
9f8d175d959554b7edef8908797f42bc,1,credit_card,2,155.14
9f8e1e683e02e3aef599ac6fa4cc6b21,1,credit_card,5,55.70
9f94d18d96cdee37300256e7284d7de9,1,boleto,1,90.88
9fa34daa1767b075c5a2490c9e8b403e,1,credit_card,3,73.77
9fa477fbd91ee8d606ff71e50ac338df,1,credit_card,1,43.00
9fb4185dd9d8f82b6effea11c1555899,1,credit_card,2,103.92
9fb578d8a9c6d5c73ea157e45b69d479,1,credit_card,2,72.21
9fb81511dfc1d6959ed1052930efd8a6,1,credit_card,8,511.43
9fbbd9e1516b7cbce439d5f07dd07f98,1,credit_card,2,154.58
9fbe7e5fb8d03b367b8a3b7b995ce6ca,1,credit_card,1,166.35
9fc6faedaf0973bdddea7d2672e71923,1,credit_card,1,206.39
9fcbcb4a0b2d62715ac988b220c621ec,1,credit_card,3,76.69
9fcbf999818b2fdac16197fe22bd2bd1,1,boleto,1,31.75
9fcd31b22b1d10dea904f5f5d8e3e7ea,1,credit_card,4,47.04
9fe292254834c701a4b05deafecba7b8,1,boleto,1,33.65
9ff8294af4730928d432cd048756c28c,1,credit_card,6,89.46
a009ada42a46d83328c627c1ffc57f56,1,credit_card,2,61.01
a011e51d26a0679675e2a26be4ffc46a,1,credit_card,3,72.62
a017bed18c5f129119f36a92642a1cc0,1,boleto,1,278.64
a02f84215d0352b46e21cd5c8bba24f8,1,credit_card,4,84.62
a03470241e25eb070bf902c2c1914658,1,boleto,1,688.47
a059bf220c121cd3d48e82b036e831d0,1,credit_card,1,50.23
a05cabeed82a5a2e8078c7e6ed14a03a,1,credit_card,1,64.00
a05fc37f43df506f00a32f1507e4d360,1,boleto,1,144.54
a06c43ed81f5c604287461f4d21949ce,1,credit_card,2,137.04
a07d031ec2c5fdaba3a363a4f5a98350,1,credit_card,3,185.26
a085154af3d68d11b256a6facc891a56,1,boleto,1,56.01
a093b99db34ddd74e5c5dd360a44710e,1,credit_card,10,107.78
a09801b9e15eb9aea012ad7d7f3257c4,1,credit_card,4,220.02
a0ac0049119c70e88509f0c8e30564e8,1,boleto,1,44.50
a0b1ffd30c671f95ed8065ce07d10470,1,credit_card,2,105.92
a0b1ffd30c671f95ed8065ce07d10470,2,voucher,1,32.49
a0ba767f45d100f0a10b9c7c5ffe077e,1,credit_card,1,152.39
a0bb81fda7cf88b07f9a884c1be7ba64,1,credit_card,3,87.39
a0d503b20274a7c654eab441adac695c,1,credit_card,1,90.76
a0e0ab62ae4f2dad1ca6f19103dba9a6,1,boleto,1,114.77
a0eb4b1d3b5e4c29890291cc63a8eb20,1,boleto,1,32.09
a109b4732228abd28233fc31ca544cac,1,credit_card,3,133.92
a1123c93471aa08ec72dfd5c941edcdc,1,credit_card,5,218.15
a11a425bf8a1d74271b19f31a3cbe76a,1,credit_card,8,145.22
a12ac41904fb4122fafbd91fbb9230ed,1,boleto,1,93.79
a133a80b67b2a9f4a8a8e2eb5e1f87e4,1,credit_card,2,230.96
a1368e51da9e4e5405710600bbaf7c3e,1,credit_card,4,599.81
a1370d5fa6508c13787ae000e5d2ad77,1,credit_card,1,37.58
a138937aa3e8370a29b43014b9dac5ea,1,credit_card,7,112.14
a1406509a4e81343f4c669ae236fd01c,1,credit_card,3,229.50
a14a2e543b33add9891cabe38fd844c8,1,credit_card,2,118.66
a169311914e5fbfba32bae481dd1aa39,1,credit_card,1,54.38
a17fd6df400fd04864fc2697bc98cc2d,1,credit_card,2,203.06
a1910c13f7264ec8e1b32221debcee26,1,debit_card,1,29.51
a1a5a93917c05f8f0a018f68e63a8f52,1,credit_card,1,45.09
a1a835a7e59148cc5f62243387eb6c14,1,credit_card,2,61.02
a1c5606e8638ab41b56420e4c1f4bc21,1,credit_card,10,660.41
a1cfeb76f1be888dfc371fbd47344141,1,credit_card,1,56.59
a1e28dc56f8cf4e569b82f93dfe131f3,1,credit_card,1,22.65
a1e28dc56f8cf4e569b82f93dfe131f3,2,voucher,1,49.10
a1e3ae78b2bf6dedf2c6a37f96e17900,1,boleto,1,661.08
a1e862297757e3dc8f3495be144eab3e,1,credit_card,5,58.88
a1e92d086f682e6d8a328e19e14e0621,1,credit_card,1,63.27
a1f4cd05945a0b268d626b4183922f03,1,credit_card,4,317.31
a20191650d84d1d59f72139a87207a3b,1,credit_card,1,115.65
a206b5b5949384fc699e072ced43192d,1,credit_card,6,368.12
a214ab5dc32ac17a484d2e0f95f8c90b,1,credit_card,8,412.02
a21f94aa35415aa7bd905a21f468e688,1,credit_card,3,190.54
a23d281315a434afd0b7bf492ce6a579,1,credit_card,8,132.95
a24fa323cfbec085a10c18369c980b1e,1,credit_card,6,674.87
a250e33c3d40fa9dd726391ebc5a4abb,1,boleto,1,147.38
a251664f5760915d29631e4ea0a6f66e,1,credit_card,4,197.02
a2612baf139a2d944224cb87c81d83b1,1,credit_card,4,214.69
a26774d26cc0d76f63f1df3115529d6c,1,credit_card,2,140.63
a271a428c3186d0c7325878c2075a8d8,1,boleto,1,42.75
a28d9d45abc45839d16fa972466353ed,1,credit_card,5,112.61
a28f923e467a199f1c999037c871c9b1,1,credit_card,2,67.66
a292ffb436f475f98ec53a05994dbd94,1,credit_card,9,184.75
a2a7a8c26f134471a22568ddf011e175,1,boleto,1,61.01
a2bb1bcee7e5d4f4cd507e33d3e2cef9,1,credit_card,1,37.37
a2bcbea8668a0d93334cf7f7fafe921d,1,credit_card,2,93.30
a2d83fe753c66711172a6b99df1bafcd,1,credit_card,3,70.48
a2d8aaf39efc96fe140eda3e8f2e337e,1,credit_card,2,298.50
a2dbd8a0cd329f7a6850f5f2f1257a53,1,credit_card,2,161.54
a2f11c7013b28222f6c33526257ce2bf,1,credit_card,1,38.14
a2f7326351628f773f83d542a9da6851,1,boleto,1,48.21
a3021cb38ee69a87a0cb9cda57f7d72e,1,credit_card,6,329.38
a307c0c56d1c16450005b683913f73a7,1,credit_card,4,60.62
a30cba7093267abeb0f8489d5c16c7af,1,credit_card,1,129.00
a31ecde4565b9e5e70a4ac17fb47174c,1,boleto,1,39.49
a3309e7ee5cbc991563c83bc0c41d694,1,boleto,1,129.87
a3316b63c1f065d129b524f658cce198,1,boleto,1,198.68
a33c70384e5369223140d28308cc84a4,1,credit_card,3,228.80
a35f0b52cacb3c4208d7107bde82f2cf,1,boleto,1,108.76
a3761cb6b3883a498fb7fdc5833dcfc7,1,credit_card,4,47.84
a383762bd79949e1b34878460042cd23,1,credit_card,8,88.94
a3ab1f6066a1d294342241bbe29e363a,1,credit_card,2,150.70
a3ba21f961c9d61f7502766974371616,1,credit_card,4,76.17
a3c299fda1b92fa41de80b43ecc70ddd,1,credit_card,1,136.92
a3d09160e24a1850b3ab0d86e6281ab1,1,boleto,1,37.36
a3e6b4dfa4c321071ce66af89c4903b8,1,credit_card,1,135.68
a3ee95a310b51d1715ed8c16b7cd3ffe,1,credit_card,8,689.93
a3f157a067efbb72090189af1f7b78b4,1,credit_card,6,200.35
a3f701e4bf2687d7aa6b807340426a26,1,credit_card,4,174.87
a400b16a97414ec974f5a6910c28dbe5,1,credit_card,10,218.19
a402af38a74c44926247db438245d95c,1,credit_card,5,282.25
a4101dff2487b4a3d89330b9fe480475,1,credit_card,5,72.16
a4186d9eb0c08c0618614b111418707a,1,credit_card,2,118.27
a41c8759fbe7aab36ea07e038b2d4465,1,boleto,1,53.73
a41db3ba7cb50a96c768af70cd98e189,1,credit_card,1,88.28
a4244008bc97ae9cdc3807237fa83229,1,credit_card,8,643.33
a425d9ae82dd1c3e17ee1ec6e6c0757f,1,credit_card,3,302.64
a4277113bcf10ed364a0182042fc8155,1,credit_card,1,5.19
a4277113bcf10ed364a0182042fc8155,2,voucher,1,62.99
a427db09dd194740f13a3a2c7bcf38bc,1,credit_card,1,70.04
a427db09dd194740f13a3a2c7bcf38bc,2,credit_card,1,69.00
a4285d97aac2bc967bd5b9f50db5b3c7,1,credit_card,2,157.30
a433f43c39b2899cded8d987e2995c3c,1,credit_card,5,72.05
a438cc4a17bee890885f11fb9a4ee39c,1,boleto,1,38.98
a454983d73207579d61a09fb40ea7ae7,1,credit_card,1,55.37
a45d988c5f5764f548ae6fa14a8ee773,1,credit_card,6,1223.70
a46dc6a0212b801e6864957e34476ab3,1,credit_card,1,86.15
a4736d7f64163c9072e4aaeeb18f3aa8,1,credit_card,3,163.79
a477cdebba202e2c15cae2e35dbac3b3,1,credit_card,10,113.52
a483ffe0ce133740ab12ebcba8a3ccf9,1,credit_card,1,1230.00
a49b8f92334f6b3b8eef67010a8e53ce,1,boleto,1,397.44
a4b41e795041ff5fb997f1049944e429,1,credit_card,3,364.58
a4ba5f471acc707087cf478a5145f0e7,1,credit_card,1,184.93
a4df4e468e42ed5687c3ee2e925239a7,1,credit_card,1,213.14
a4e4558822ee82b83d241adadffa42db,1,credit_card,4,143.99
a4e90e85913254028e2b816285a11db9,1,credit_card,5,118.07
a4f28b3c6ced3a0b8f60b9043bc27f9f,1,credit_card,2,262.07
a52f7fed96d71ecc9f577e2584e9d938,1,boleto,1,151.39
a53d587cedb15e572d3aa67984929be5,1,credit_card,2,27.00
a542babfe6f6339952a1f699ddc1868b,1,credit_card,2,248.51
a54a8115a2feb724778f05afb10f69e5,1,credit_card,3,147.15
a5507507d82c1fb664405882ed065af0,1,credit_card,2,551.30
a5543e119a631f1be4191fbc2c5e1e07,1,boleto,1,68.25
a56a8219728fdbdc71a20c07b77f1328,1,voucher,1,20.00
a56a8219728fdbdc71a20c07b77f1328,2,voucher,1,18.47
a56e37d8a5dac95d919eaff11259c597,1,credit_card,5,155.50
a586da019f92d63ea627fb32eba2b776,1,boleto,1,234.50
a5903a529b9519a24ef2252f50a19cbe,1,credit_card,1,30.22
a5963ec55629a3be5270283db13391a6,1,credit_card,1,41.47
a59e5a3085765eccf13872b4529fba3c,1,boleto,1,154.21
a5a2ab9022d563da450076220e56d658,1,credit_card,1,86.74
a5b30f9f44d2413db0b94cd9a3fdcf81,1,credit_card,1,112.71
a5b36a263c9692d52e2243b9ef05c6d6,1,credit_card,1,133.20
a5b65501699091dc28e4499a0b143963,1,credit_card,4,77.89
a5bee526a0ca9f2a66f3704b82ad7833,1,debit_card,1,26.24
a5cb0c790b2769b76dbd70429cb66d96,1,credit_card,1,109.49
a5ce51395d295fe2c816182f79c81866,1,credit_card,6,181.87
a5d81ef92239f2dfe3b2aef1416077aa,1,credit_card,6,138.60
a5d865e12e7e0f8952334691874959df,1,credit_card,7,441.50
a5da284831a584245b8ab3cbce6eea11,1,credit_card,2,128.88
a5db68fbdade236961fa0c90c8264898,1,credit_card,3,79.21
a5de9034056efda4d24346ed92962a22,1,credit_card,4,94.48
a5dfe2f94a7c8cb55a435a6ed9fc2c12,1,boleto,1,76.05
a5f588c27a89f3717988ca093e02ba3d,1,credit_card,8,210.01
a5f8c36187658cd37c05515c06cdd941,1,credit_card,2,37.46
a61379db8a77b3c23fd2f0f60a5bd564,1,credit_card,1,8.15
a61379db8a77b3c23fd2f0f60a5bd564,2,voucher,1,84.86
a6264125a9c50827b115847d47c73a13,1,credit_card,2,155.14
a6476259927be2539b760baec362ce92,1,credit_card,7,79.17
a65123674e1b3ffde2fff9af8c009f30,1,credit_card,3,150.14
a681c0def1c5f464196b9deaca8d28db,1,credit_card,3,150.14
a68d55e37069898482bef61866cac7f4,1,credit_card,1,52.68
a68ddd6009f7c4914e2bc86567262d3b,1,credit_card,2,167.51
a698eb7ffd8072c3664a4950b259ff0b,1,boleto,1,57.11
a6a5d5673d42186a8b8b94ad29b59897,1,credit_card,8,1247.36
a6aa2d9d0561ad1c39f33d69e3f1277e,1,credit_card,10,1013.25
a6b0569fe3c4f86e7604914120e06df1,1,credit_card,8,195.91
a6bf292dae65f520a1f47f4df440654a,1,credit_card,2,52.59
a6c872862f17570fa0c8d8d39bdd2473,1,credit_card,10,345.07
a6d4e95420d65bd5f299dc95d3493e0d,1,boleto,1,58.28
a6d6282641341836469627a964ade597,1,credit_card,4,87.87
a6d7b2808b32dae3b384222edb93efd0,1,credit_card,1,26.78
a6eaa4e9d0e172457c2f76bdd1face86,1,credit_card,3,155.51
a6f204a476de5e606ae0188921142f7a,1,boleto,1,112.97
a710aa239bfbb253f2ecd578893a07bc,1,credit_card,1,77.99
a7144d3b7979d21c288cab0a459f7bf0,1,credit_card,5,417.81
a71cbf13e7dfa5a074740c8a1efc5a9a,1,boleto,1,37.72
a739570c1cd11112aa1fc229a15155ac,1,credit_card,10,204.24
a749acbc328952e55d87733a869f2817,1,boleto,1,287.00
a757a56d0e861a38647169019a35ef8d,1,credit_card,3,55.09
a7586f18de9c78a682d841ea07939673,1,credit_card,2,79.33
a759ad28933493d22dbaf7c75445cbe5,1,credit_card,1,50.98
a75f9d41f99d675f35ab8b90b2dc9b2f,1,credit_card,4,99.75
a76c1d70a00186ece4d82eba5f387f0a,1,credit_card,6,66.64
a7737f6d9208dd56ea498a322ed3c37f,1,credit_card,1,68.00
a77c9550c32e540e8798334f832b522a,1,credit_card,1,57.68
a7945c880a9ae5ff74905e316695ac77,1,credit_card,3,38.28
a794d432d0990aa47220cda510a0a872,1,credit_card,8,249.02
a795d23a5dda16a79cabe752ef263cf7,1,boleto,1,74.63
a7a256d455df2402da6d060321656b20,1,credit_card,8,442.81
a7b3902a1a640e1f0d4f861d468c588a,1,boleto,1,114.45
a7c2931e0d164883a0792bdbb8240381,1,debit_card,1,122.61
a7dde6878527f0d1731d370978ba2849,1,credit_card,4,41.85
a7de2a15156cab510e1cf5761949255f,1,credit_card,1,240.03
a7f28fe443db7fc7f6f79297e3a18923,1,credit_card,7,352.33
a8096d0b94faa1314dbd562efc6a0967,1,credit_card,7,87.05
a8097c0d6367263ed08ac7fa6b864235,1,boleto,1,75.72
a811439b19bb6909ef492b5840fada1b,1,boleto,1,62.92
a81957953164f65e49dd6af3972b9db5,1,credit_card,6,783.26
a827a4bb4b7d1623fb232641e491bf02,1,credit_card,4,85.32
a82dcbafd23833baa1a6f5328cedf5a2,1,credit_card,3,162.04
a85b39b522ebdc78718abeca337444a5,1,credit_card,4,256.59
a85de20f557d7c93da92888cde9b7aef,1,boleto,1,54.23
a878ec01610f77e9f5ddd8bbc33b4468,1,credit_card,1,197.69
a87b1e2e028f2dd7b4f77afd0f1da268,1,boleto,1,82.32
a880a78363d1f9a76ec3ca2b150de0dc,1,credit_card,4,46.14
a891f3efca32da79bccc94e6e69fd3e0,1,credit_card,1,16.96
a89eed32f0011eb66dcf2beb3d0fb255,1,credit_card,6,325.33
a8a29ae9b3f2dc2e650dc520d7842041,1,boleto,1,204.16
a8a66bacde65e1be704695072691fab7,1,boleto,1,139.09
a8b78b69f09b2a198f5a89c1897f8c72,1,voucher,1,32.84
a8c403407745aac434946d5058faa6a6,1,credit_card,10,442.87
a8dca6a1942e9103b78f5aea8b50a884,1,credit_card,6,133.48
a8ddfd6f6316a1c31da18f179981ecc6,1,credit_card,2,20.39
a8e46b160afbe222158c657aebb0166c,1,credit_card,10,332.30
a8eed0db5f225dedde3f0edcdf9ee3ed,1,boleto,1,84.08
a8f2de0bd364d148696276ada61777f7,1,credit_card,1,55.06
a8f2de0bd364d148696276ada61777f7,2,voucher,1,100.00
a8f2de0bd364d148696276ada61777f7,3,voucher,1,50.00
a8f7154bb991a05d09b8175c2e50364e,1,debit_card,1,67.44
a8f98802b9d90bc23e0d46ca06b42136,1,credit_card,2,26.77
a92225110bfd8206a036f272ccf0fb1b,1,credit_card,3,67.23
a92635cfd1b863f3c3c225dcab38d0be,1,credit_card,4,43.22
a92dbdbc5549075a9831481180d02575,1,credit_card,2,52.00
a9342834aa696e06f0b243493288351a,1,voucher,1,55.66
a9342834aa696e06f0b243493288351a,2,voucher,1,61.14
a94c3f9f786e8db6bb345f6489942a3a,1,credit_card,3,113.21
a97a20383c7664aca72d666d1858be2a,1,credit_card,1,98.15
a9884879d65dd954426915174ac439ad,1,boleto,1,59.25
a9b0a7015644d713589e4836e2621897,1,credit_card,1,161.50
a9b929204be626d61a1d60d47e6b52bc,1,credit_card,1,5.52
a9b929204be626d61a1d60d47e6b52bc,2,voucher,1,36.23
a9c8ac0c26c178f0ad33618f96225a01,1,credit_card,8,1950.20
a9cd6c2b2f5fb42940c49246ea7ce08f,1,credit_card,1,71.62
a9d045793a3a75774ac0fedb5d7d46c6,1,credit_card,1,160.81
a9d6b730b2ad516caeb90d9fd52c7300,1,credit_card,2,66.69
a9da66f1dfe4cca8956f5e74619c2cb9,1,boleto,1,60.10
a9db785c3c219acb88a8a8c594045493,1,credit_card,8,530.22
aa21334313579b3bf1d6e8a10de215af,1,credit_card,4,72.66
aa2e81559d88cca16ac122e7627078c8,1,credit_card,10,125.43
aa55555c927df6a9f421ab6fab013656,1,credit_card,2,59.42
aa70246e9f9947e5a9a5e69684afe114,1,credit_card,4,48.17
aa767f19bb0117b647c1934f348f84a8,1,credit_card,5,104.84
aa830d74d3e7d4a392cb7eac51a9c719,1,credit_card,6,104.30
aa8315492e537030e29f1bc252d26cb1,1,boleto,1,50.86
aaab824b480222c061bba0fa4886308e,1,credit_card,7,77.57
aab3b583efdded9a5a8214c4edfc387b,1,boleto,1,176.65
aab8c7dc7990b7626dff6f216cf44b99,1,credit_card,2,33.29
aae20f94697409584dc57072f8a64d3b,1,credit_card,7,102.01
aae4a80d679f211688ed391ae747100f,1,credit_card,2,144.64
aaff827d79b2aca52ee986179a052077,1,credit_card,2,25.22
aaff827d79b2aca52ee986179a052077,2,credit_card,2,26.47
ab07b6c48672e9876b9f11c746d98d3e,1,credit_card,6,132.48
ab09afe5fa58419dc20bca18a0a68fc4,1,credit_card,2,122.17
ab0bb51a710692e96d316072209e1c75,1,credit_card,2,212.78
ab0e35dd7151f7e3d72931b940b6a335,1,credit_card,1,50.10
ab114f47094abcacaf5888844db683ff,1,credit_card,1,34.01
ab1b312e38647cce491b4c3dd3bdf1ef,1,credit_card,1,96.80
ab292f6c11a661dd97feca37ffe7b162,1,credit_card,2,179.54
ab2f2b70a35105e169d9fba7a65d3ac0,1,credit_card,3,57.64
ab348b95012031ab6a86594395ad47e1,1,credit_card,6,89.30
ab4fc7cc026a9ea1a616584f9cfe4b9a,1,credit_card,5,194.91
ab500cb1d60a0e2ae7ce02ef4e8236d9,1,credit_card,2,94.30
ab5ff0fcd7789a6b96e8f90c47e0ccc9,1,credit_card,3,80.84
ab668aaea7f0e48e485474b11f44c582,1,credit_card,4,189.26
ab7668e66b0f2053a4ba0baec415d511,1,boleto,1,158.45
ab85079cf6e3ab3495bdb5dc789f8b63,1,credit_card,2,146.46
ab85b219b698a7d569995ee1ea9b76fe,1,credit_card,4,54.66
ab85b219b698a7d569995ee1ea9b76fe,2,voucher,1,100.00
ab85b219b698a7d569995ee1ea9b76fe,3,voucher,1,50.00
ab87dc5a5f1856a10640d5f42e4c2fd9,1,credit_card,4,210.90
ab8b6341a925e22523717681a8e26ed6,1,credit_card,2,162.55
ab92a98bb35621bd312084351fb238f1,1,credit_card,1,49.22
ab97ff9b268ca7e6f9f741cd843363e3,1,credit_card,1,85.25
ab98ff74321e38f5374c79cd84819ec8,1,credit_card,8,457.08
ab9de67666ec95b75b273e2905fc7844,1,boleto,1,42.69
aba02e203a50c9dcf7c2b6b210b5f6eb,1,credit_card,4,186.82
abbfe78fd05873101e792fa04bbad963,1,credit_card,10,233.28
abd0736f947aa672d9254ad3cfaca4ff,1,credit_card,2,173.90
abd23f048bf60025ad66f8cf56c85379,1,credit_card,5,213.50
abd354c184e0394672290b846384b3b3,1,boleto,1,81.72
abdc66adfb59c21caa145e7791e59a25,1,credit_card,10,254.09
abe4bb0d5f5e83b74e08e54f5aef8c35,1,credit_card,10,192.45
abefedeaf61ad043302fe9d2837a9772,1,credit_card,8,145.88
abf95d8f93963d70ab53ff935297c315,1,credit_card,1,321.54
abfb34ed11820c7247adfb30fe5bb7ae,1,credit_card,4,371.05
ac046375de5d50de6bb99a9bcdf592d8,1,credit_card,5,125.42
ac05edf13466f6c474516cccd781bbd7,1,credit_card,1,48.99
ac149cc1646470fa003284a354a2b4f3,1,credit_card,1,20.80
ac149cc1646470fa003284a354a2b4f3,2,voucher,1,44.91
ac17fcdce65beed9ddc7473ff8150528,1,boleto,1,184.87
ac244956f757aeeb76242334254bf9a5,1,credit_card,1,0.58
ac244956f757aeeb76242334254bf9a5,2,voucher,1,89.70
ac416b71ffbc5fbfe4b5cea8a05b0d4d,1,credit_card,2,128.10
ac5ff205bf10a5b08e09e552d693cf4c,1,credit_card,10,120.85
ac7838d68577acf6e79c465b25ce9268,1,credit_card,5,115.44
ac7be03875c6dcaf9cbe029dceeaf54c,1,credit_card,3,31.79
ac7d1a865466115f5fb92c5437caf6a7,1,credit_card,1,113.05
ac88d96f79bb0884df747b9c38fe48f7,1,credit_card,9,91.47
ac95b87f13bbd7609c75bfcc17cf3ae7,1,credit_card,4,149.04
acae143a186daba1a799e24d98f187d4,1,debit_card,1,189.56
acb8a8355ba526f10697c17f40dc3352,1,credit_card,8,119.02
acc9d9fa3a265bbc6b3411d5e8c5083d,1,credit_card,1,63.81
accddd3ce343b9c4a7ad6d49ecc3c3d2,1,boleto,1,51.88
acd28ef21e6a66f094eebbf1e65e58ae,1,credit_card,4,98.88
acda113f032ffc47eafcaad99a617bd9,1,credit_card,1,133.83
acdaa16a13bbe2ca9983c730d0e29c2c,1,credit_card,5,56.78
acf02c5ab56a3df0a845ccd5cec4e057,1,credit_card,2,102.64
ad017ea4537bcf364b841c9160b0fa51,1,credit_card,1,44.53
ad1d5c46d63588c477f08b1a917e0788,1,credit_card,1,153.92
ad20d0dfe5b91c07df72dff0206aacd9,1,boleto,1,104.49
ad29d62dc7e0a18661b20a1ad16217bd,1,voucher,1,45.01
ad430bc59db52b1f7522b6f19e669bc6,1,credit_card,3,206.44
ad4725342567809f8d0b8230394585d1,1,credit_card,4,304.50
ad61bdad0a6d5fac6af829eba1fa4e84,1,credit_card,1,68.35
ad69edd5c027bb8d8647e5ad00cd2857,1,credit_card,5,275.20
ad6d3a18d2c834c332464ee72c2131cf,1,boleto,1,108.26
ad716a0d2ae795dfccfb3afc5d40a6e9,1,credit_card,1,94.13
ad818323f40e1a353eb3a3874d138c51,1,credit_card,2,191.40
ad850e69fce9a512ada84086651a2e7d,1,boleto,1,1242.57
ad86b0d3d5cafc39d8b70a248b46cfa6,1,voucher,1,95.99
ad8adc3413ef931f82e9cc0e6c1ca009,1,credit_card,2,20.62
ad9462a4da64add20fbc051616035832,1,credit_card,1,34.00
ad982819d59bc6c0fc50e08c0ee19e05,1,credit_card,1,55.74
ad9aa06b7c1aff45bb25d171973fc761,1,credit_card,10,133.48
ad9c035288b84041ed2c530e8e09db8e,1,credit_card,3,88.34
ada8de3a9486cea2fce7f4b00319cf3c,1,boleto,1,123.75
adc5d4b4ff1723e6a68bb73bb1eda4a8,1,credit_card,2,102.03
adcc24406dacde218585aa79366ee2d0,1,boleto,1,47.42
add756e3e5d6be09e93f4e5ca22d7b44,1,credit_card,3,237.11
addef08806ad9aecf14f8577435cc798,1,credit_card,5,119.66
adeecc8758fde854ecaaa035e0ae212e,1,boleto,1,73.34
adf119c06ea77cd7d347b943780c37de,1,credit_card,6,139.41
adf1d1f9f725c103056bae5f78d77513,1,boleto,1,161.01
adf7dde7efb2d3ce93a32ba439bce856,1,credit_card,3,345.19
adfb15b690df8a5aa4c327edfc6ea9f3,1,credit_card,2,67.44
adfb9e0fb02034c05e4cdf3395bba600,1,credit_card,8,85.45
adfbf6c2a620196f9a3ec747491c72b7,1,credit_card,4,67.50
adff7b867a7bd97bcf42ddec332f246d,1,credit_card,2,43.29
ae00ce5e73025df933f11dcb23c27104,1,credit_card,4,206.16
ae0b67266fec287e49a6bfa534e52d8c,1,boleto,1,314.66
ae27a50cb9ab15aabfe66ad3b4020a91,1,boleto,1,65.60
ae430928e30cb683e5b0bd55a74bcc69,1,credit_card,1,57.69
ae443cb420061bab1f2c5e3ad279fde8,1,credit_card,3,132.37
ae68c99e963e1694453bacc5db91513d,1,boleto,1,64.44
ae76bef74b97bcb0b3e355e60d9a6f9c,1,credit_card,3,150.12
ae83ac701e482df677985b4dfe2960dc,1,credit_card,1,30.26
ae8590e2d258155cb303eaac1325e099,1,credit_card,1,86.25
ae8a569660d9208ffed48d06824629a3,1,credit_card,4,96.65
ae8f17ccd841c2dcd9c8149a2ac7ae65,1,credit_card,1,46.97
aea58826ab6af5bcec0ed22041b7dcfe,1,credit_card,2,105.08
aeb656e39cc0a83dd545f079f099d7e7,1,credit_card,1,309.99
aebae27f4df9c32304566e5b5b44956c,1,boleto,1,129.52
aebed143b42af20da37583ee7e4cb7e0,1,credit_card,2,74.41
aec3389fc7c084e0cd8f8fae90fa52e3,1,credit_card,3,315.84
aec47b9987c836ffee2d7664b0929ec1,1,credit_card,1,91.70
aec4f3ce724b67ce527d67f7eb60a310,1,credit_card,4,196.72
aec6c9f96db18be9eaa8730d376a916d,1,credit_card,1,82.60
aec9735c10ae64b07f60d33908e5b58a,1,credit_card,1,126.99
aed5554747b457b11b6357881e378195,1,credit_card,2,224.39
aeeab8637de633de993bd592471e4cf2,1,credit_card,6,133.76
aeef7d3d012337cf78f2deec426bb46c,1,credit_card,2,28.62
aef5267a7266e5536db6ea825b9366b8,1,boleto,1,103.16
aefd4f1e5f6dc055f7a57ff5d884071e,1,boleto,1,29.63
af32211fd3ca6faa65dcf8f3bd3f53bb,1,boleto,1,30.96
af42a8855a3f0b15c3878111efa19ba6,1,credit_card,1,37.60
af4b97d45b73e6581a7f25603d503efb,1,credit_card,7,151.61
af4c6eae672d9b20d881b0ef961bee65,1,boleto,1,56.78
af516db8ac29ad210281b90ef0a33d19,1,credit_card,5,396.23
af533a27d10b603c1d46186437ed4896,1,credit_card,3,85.60
af68048a682392b0cc14f22a8eef5b7e,1,credit_card,3,65.87
af6ed18f03a877659659ed9467c7cd9e,1,credit_card,1,77.42
af71e9e2ee3f91d619aacab51fe2e75b,1,boleto,1,156.44
afa2c425be2efd14c19b4a0aa62f9b59,1,credit_card,4,248.76
afb61112fb99b07fe17e591c68c0c84c,1,voucher,1,2266.61
afc0f1669d9ecf0661e3f32efbd2aa5e,1,boleto,1,1284.25
afc68d1f35e9dfe8220c9b9e27647065,1,credit_card,1,67.44
afd0dbbab8e90d099aaccdd8ed7d5f26,1,credit_card,3,269.46
aff4e35a92033577c37cf3a99f640cd9,1,credit_card,1,223.88
b0018957adea4b9acded9df77514b844,1,credit_card,1,155.23
b02577617dbe17d1ed25d63f6b47c413,1,credit_card,1,64.34
b03b82e985b149d61218a7e0111ed6a1,1,credit_card,1,50.00
b03c3813b79abede0217026999c4fd66,1,credit_card,3,161.54
b047dac5341ea96271595f661f547ede,1,boleto,1,109.32
b07078baf6a1bbbc998cdfa28e7f8230,1,credit_card,5,59.27
b07244447d6e71d93891e79c556a7fc0,1,credit_card,3,47.43
b085981e816dad29812a8972f65d3fc9,1,credit_card,2,98.12
b08b60cece524686b12c2201f977ba42,1,credit_card,3,64.79
b095ce1bfaa02fb7b9e58c39b30c4ae3,1,credit_card,1,57.97
b0a53313f05c1fb7b57eba8c55f35035,1,boleto,1,49.22
b0a63209dc14e7fb6933c55c5fdaa044,1,credit_card,1,47.01
b0aab812f60f61971b4695951d09766d,1,credit_card,10,177.00
b0abfb398741998a8e47cc773b5e0edb,1,credit_card,1,47.44
b0b49de4bb38c36e7acd74d879631d6f,1,credit_card,1,87.10
b0c1eb643cc230efdadc151753e940b5,1,credit_card,6,103.70
b0cc2434ee3727e682222a0f745a5948,1,credit_card,3,145.01
b0cd372b41f6018f304af6f43ae39a23,1,boleto,1,70.63
b0d7b6944026251e2bb069eeef3c647d,1,credit_card,3,124.52
b0ed97babdfc249ba9d843fa7eaf907d,1,credit_card,1,83.04
b0f4af5c1b06e24fef510703bfe9f0a6,1,credit_card,3,164.30
b0f913cb83681e8a8563b96b641b3e1b,1,voucher,1,13.51
b0f913cb83681e8a8563b96b641b3e1b,10,voucher,1,16.67
b0f913cb83681e8a8563b96b641b3e1b,11,voucher,1,8.35
b0f913cb83681e8a8563b96b641b3e1b,2,voucher,1,9.05
b0f913cb83681e8a8563b96b641b3e1b,3,voucher,1,6.82
b0f913cb83681e8a8563b96b641b3e1b,4,voucher,1,32.00
b0f913cb83681e8a8563b96b641b3e1b,5,voucher,1,25.01
b0f913cb83681e8a8563b96b641b3e1b,6,voucher,1,5.56
b0f913cb83681e8a8563b96b641b3e1b,7,voucher,1,79.96
b0f913cb83681e8a8563b96b641b3e1b,8,voucher,1,24.55
b0f913cb83681e8a8563b96b641b3e1b,9,voucher,1,6.42
b0ff8ff92f8d916fa2e8005cd8e1a135,1,boleto,1,73.34
b100288d2ef3b6e474121c21d2af0678,1,credit_card,2,31.38
b112f026e8295ce7ec84e17bb8ab3988,1,credit_card,1,77.89
b1148e3ccf84678b917d3f48cb4223b6,1,voucher,1,78.95
b11a56abf15c11b6a5c248689c6525af,1,credit_card,2,21.72
b124967afcc82ef17ec41020fe2a9136,1,debit_card,1,58.87
b1290930402d6e29a52dbd6efcab1c3e,1,credit_card,1,2.86
b1290930402d6e29a52dbd6efcab1c3e,2,voucher,1,50.00
b12e5d725658a4566286153c51727af2,1,voucher,1,20.75
b14127bfb817fb9d5883aacd257bb447,1,boleto,1,199.26
b142ce1c884b7b514639d0ce49c1fa39,1,credit_card,1,94.12
b143aeb37a4d82ae652c5c4ba8461411,1,credit_card,3,1424.45
b1442c6b35c5a2551a41ac13f2624b10,1,credit_card,8,80.20
b14b52f3d9077665df2361f007c8e6ec,1,boleto,1,65.09
b153954b30a6a686b88cf18a599b4382,1,credit_card,1,37.23
b155e2a8589d40bc9c0381ee48e3204f,1,boleto,1,44.01
b175558ffd938e94b83e3837637604fb,1,credit_card,5,132.13
b1980aff89e38cf1fd536ab4c04c7c68,1,credit_card,2,190.37
b19cbdc71dc9913fc6eda58071709aae,1,credit_card,2,29.34
b1abc0fe22da191344832b1b462d08c9,1,credit_card,1,50.63
b1b5b604a5e207c764779ffb50527018,1,boleto,1,117.97
b1c2e69c9063d5ab5c9fe9138ecb08e0,1,credit_card,1,237.00
b1cc9d6366adc60f9810891f491b54f5,1,credit_card,4,83.15
b1ce4c5e6ca283609965c55ad9583d45,1,credit_card,10,162.22
b22d306e18b3b665d49f2ce7d060742e,1,credit_card,1,36.79
b22d306e18b3b665d49f2ce7d060742e,2,voucher,1,60.41
b24f4b97e574bf36072e9bd1a8fe042c,1,debit_card,1,812.76
b2634f19a1007fd4a54a9fed9291230c,1,credit_card,1,37.77
b269f9c95ab6ee9fbc0a887627851d9d,1,credit_card,1,56.37
b26a79020606ef73722d450c8458f9c0,1,credit_card,1,153.17
b26d0e4b269b9370121538ab116bb04a,1,credit_card,2,47.59
b27b73e4dc66dd3733d11cd49b3474be,1,credit_card,2,48.62
b2987cdfb6847c50318e4c268aa8d7c8,1,boleto,1,420.38
b29f546b1ce275afb2a0c39f0ade6bcc,1,credit_card,3,171.29
b2ba6dc36919f6194acddab3c69c65b5,1,credit_card,3,68.68
b2ce866408709e3ba155f339e97b8405,1,credit_card,8,227.38
b2e0314790dc44ec6a7d96a62c221a5c,1,credit_card,1,41.78
b30a09b85513a03dab6e86a547a73219,1,credit_card,1,56.60
b30abf162ff1730f50b6400bdc32550f,1,boleto,1,91.86
b325a4afad33f2c09ba50df161457bdc,1,credit_card,8,138.57
b3424a1c4c3af064d3472b285180bed0,1,credit_card,1,116.94
b3448645d567afb9a105a91748a9e2ab,1,credit_card,2,129.78
b34ca5020c5aff14fad4fd0899fb1cfa,1,credit_card,1,129.64
b360e877916b9d6b03877df56551e4dc,1,credit_card,2,52.13
b37a7be6fbd41461b87deafd8b902cc6,1,credit_card,4,210.60
b37fc42b9b16ca9e092edcf0c06bd1f5,1,credit_card,4,180.53
b399edffb45924aa34e06ccfab7513bf,1,boleto,1,165.48
b39de9ed2bb8fd08a970e4517c698824,1,credit_card,1,121.30
b3a70e33f30ddbe86271d2a7e75b62e2,1,credit_card,6,129.20
b3b5d713fc857811f634897062f23bea,1,credit_card,4,45.01
b3b8133868458b6acf08ea6ffc22e3f2,1,credit_card,4,478.56
b3ba9e96f5d04c8c20e37e9ffd2e79a8,1,credit_card,4,96.80
b3bcacdd3b409fff8c57b4cc4f40f4e5,1,credit_card,9,91.86
b3dd5b90145b576a279167630eef9def,1,credit_card,8,85.54
b41055f900d670bae8cfbf3a8df79d8c,1,credit_card,1,48.93
b418f47f5f940ca554e3010f3c009c8f,1,credit_card,10,111.02
b41c9972504c576d0aef689e13a2df12,1,boleto,1,38.11
b42efbd88abf3882f91928b08cf74d6f,1,boleto,1,113.86
b431ef5386c1579fc784586883d7ac91,1,credit_card,1,46.00
b45a5a1ecf16bbfd6254cdb7ef0dc2f7,1,boleto,1,189.78
b46a585f4ae96d0dec633727953055fe,1,credit_card,1,74.12
b477500d4ae1723dcb01f4eac28a36ad,1,credit_card,5,293.46
b48e71659903550bcf90e87f245cefbb,1,boleto,1,109.77
b49180948b6f7e304351b16053fe2f42,1,boleto,1,55.00
b4a53c6fa9bc78adf59983a160f5470f,1,credit_card,8,99.90
b4b9bb7dcd61983e42bcf0d13ab3f704,1,credit_card,1,60.93
b4c4d00d5455e74ead9715bc1f9e8774,1,boleto,1,32.38
b4e154c611973630ea64ad7f8daa133b,1,voucher,1,38.89
b4f9debbfa5a394d7f4ab610fd8eae11,1,boleto,1,415.54
b4fc77bdadd28d0ee631208831bc0d49,1,credit_card,1,20.68
b4fc77bdadd28d0ee631208831bc0d49,2,voucher,1,21.00
b4fc77bdadd28d0ee631208831bc0d49,3,voucher,1,21.00
b513a14f9b8b4de3fe87cadf03715229,1,credit_card,10,417.54
b523b77f215e6c094c97389acf24ea9c,1,credit_card,1,72.86
b5247f083ab1483738dc1a173aac237a,1,credit_card,4,276.27
b52ea8d12cbdea8a6b2be328a2e8ae55,1,boleto,1,88.72
b5359909123fa03c50bdb0cfed07f098,1,credit_card,10,160.94
b5548f1e1d8138e39efdf8b24c93bbd3,1,credit_card,4,109.76
b5628337dad9ae1f38266f0e22fdae4a,1,credit_card,1,39.61
b5628337dad9ae1f38266f0e22fdae4a,2,voucher,1,100.00
b563e4c9abf7b930b4bad28a98c22670,1,credit_card,1,96.20
b57410d258461ade68673ab75276e66d,1,credit_card,1,34.42
b5839f6ef0df11dd4912bc5bfa299e3f,1,credit_card,1,25.00
b591d108e5c3f485635223ddaf07dc36,1,credit_card,3,35.55
b592b39d5b89b9a97358183e80694274,1,credit_card,1,152.16
b5be0d1904a2ec4994047e07b0104681,1,boleto,1,67.36
b5e095024706f86e26f9ae88b1d81811,1,boleto,1,82.50
b6007bc0214a24634dff19daab40bf21,1,boleto,1,51.75
b600d406784f1f3c7f6129e10cae215b,1,credit_card,1,208.24
b607cddb1d5540b72adbffe3ffa05328,1,credit_card,1,41.99
b607cddb1d5540b72adbffe3ffa05328,2,voucher,1,82.98
b61d1cde65fdf2dffc129448698385c1,1,credit_card,1,40.09
b6369b16620510273273fe0d6be68744,1,boleto,1,217.64
b63fff1ef8b6201df68bb611ee41129e,1,boleto,1,146.21
b647f540d673c123ae558b52796b5124,1,credit_card,5,416.04
b64c467f4c3c4270ca94367a26503be2,1,credit_card,10,1042.68
b68a6db5c5def0ec7ba68639bf384c82,1,credit_card,1,29.75
b6b375071cc968750ab3deded827b864,1,credit_card,10,119.48
b6b4d4aab61035f87291877a9b0a6e25,1,credit_card,1,75.07
b6bf0977a04c2f3b84bf63aa0d308b5e,1,credit_card,1,36.69
b6c8f27c95a4bcee39ea806f4e059ce9,1,boleto,1,90.17
b6d8ffb86091833de0d17a93f919a4e8,1,boleto,1,459.46
b6daec0cfa9a03c5989e15db310e0252,1,credit_card,1,177.15
b6db3da1ed3c1f5a82c7e5456e212d74,1,credit_card,10,1185.58
b6dbd61bb13118766af40ef6a325e303,1,credit_card,4,49.10
b6e1fc67adee494c3288b775cbae5227,1,boleto,1,60.00
b6e5ddeaf2e5b56015e295beb333f305,1,credit_card,6,804.52
b6eaedebebeb4676e1afd5b94b048d52,1,credit_card,5,149.14
b6f543c68b695c88dd2d1e0f5c7528e9,1,credit_card,3,63.10
b6fbf15260de2095643a4aac7876872c,1,credit_card,2,88.61
b7063c39fd3396dd0ad64052b0825513,1,credit_card,1,472.41
b7224751323afdaf34d3c285bfe72866,1,credit_card,8,219.77
b7276795d572042799508b017fb3cf16,1,boleto,1,58.13
b72a8622beb9d67af92564bfc0f39dc6,1,credit_card,1,57.68
b73183cb490ec16839818660ffc3d832,1,credit_card,4,142.85
b74092206cd29b62907516d95e927fd6,1,credit_card,7,73.49
b7441c24c727cdf423f8339a62447193,1,boleto,1,285.02
b75531d67f9616e9012cea103a187c8c,1,credit_card,5,266.14
b77200a7cbfba12d399cea6ab05f0056,1,credit_card,5,56.50
b77c6d3c0334b27a51f220038f0ef8ac,1,credit_card,4,135.63
b78c9cad52a105d7e8ec97c7e6d57739,1,boleto,1,36.36
b7a194de2e14ca9f41580f8c6eb13660,1,credit_card,1,62.63
b7baf4f0b6c65476ea5e4bf388710a09,1,credit_card,10,810.63
b7d340862fa4167bf17497298bf8d84b,1,boleto,1,34.52
b7f2aa0212addcb6e1194bc50796de24,1,credit_card,1,54.78
b7fc42dea7da9916727efa0ab2f3f89d,1,credit_card,6,121.09
b800afd0307bcea5536222116e3d7a4b,1,credit_card,3,862.10
b80e879030f825a648abffe9d993ff6a,1,credit_card,10,215.14
b812f8fd67c86d89510590abea7696d1,1,credit_card,1,99.37
b8145816fba4a277273c08ab21aeb7bb,1,credit_card,5,283.12
b84c178bc4308555f74ed9cdf3a38193,1,credit_card,1,138.60
b855a375ca3b96e3b1a106c27e2d339f,1,credit_card,4,42.50
b8730b40b8f9bf7c1d557c083f82a682,1,credit_card,3,61.81
b87ca4e0ff52f4243bebeb16504f48e5,1,credit_card,1,17.35
b87ca4e0ff52f4243bebeb16504f48e5,2,voucher,1,4.86
b87ca4e0ff52f4243bebeb16504f48e5,3,voucher,1,24.31
b87f290b049eb668936a0f94149a1e2f,1,boleto,1,73.15
b88330a020772cd6f9b2454f307a486d,1,boleto,1,242.02
b884f6bb613dfe8c46e6dbc9285f3fc7,1,credit_card,1,58.13
b88ab07fb8df9a5215f630bc0da356f8,1,credit_card,5,187.73
b88bf712c7aa1192376b4dc5bfadb916,1,credit_card,1,27.71
b899ac30c0df28d003611ad4999aa487,1,credit_card,2,73.49
b89abfd3664f6d278d90b13536d52364,1,credit_card,8,447.18
b89d3f466656d80cfaa4bf9698218c83,1,boleto,1,102.69
b8afeb65bbea252eef3d4a2845dfd6ab,1,credit_card,1,44.52
b8ccf087dea4fc431e71277cf66ed793,1,credit_card,1,77.24
b8ccf087dea4fc431e71277cf66ed793,2,voucher,1,100.00
b8d8e7c7fe850dd45f9e3762c8b4b940,1,credit_card,1,163.57
b90846dbd50e328b0a1b6be47a8e2c0b,1,credit_card,4,65.90
b91b89682b68b44b95f65cd872c65b59,1,credit_card,2,61.79
b92aa81f74ab98a2f1a9cc5659f6edcf,1,credit_card,6,2158.57
b93753633fb990e3c74dc9474c9d9e53,1,boleto,1,103.71
b96cb3fd98ba13f5a573fc64dfe1ee10,1,credit_card,10,204.46
b96cb3fd98ba13f5a573fc64dfe1ee10,2,credit_card,1,20.75
b96d1eec0b6f42ab363018c8f68c2254,1,credit_card,1,72.07
b979990724c0c6accce90ed2a7bb04e0,1,credit_card,1,17.29
b9a089706e16d5490f7a2feb363e32e9,1,boleto,1,149.42
b9b690e003beef9acdde2502dfc565e2,1,credit_card,6,124.40
b9cd12cbf3bc726135ede88877aca4bf,1,credit_card,6,359.19
b9e60cfd587e2b40cf959a04023247a8,1,credit_card,1,61.75
b9eb04083d9367fcd3523d0125406023,1,credit_card,10,165.41
b9f31e3a32f182587fd629c681118d79,1,credit_card,7,517.24
b9fbe26657178b8754633a24a8e066c7,1,boleto,1,67.58
b9fc4defdaf807a54f5a0362c764d384,1,boleto,1,133.95
ba1f4cf892df702e9b730cb54d9fb063,1,credit_card,3,112.09
ba2a82359a00bf0bd1f5ae32527a5a40,1,credit_card,1,73.80
ba436db3c441f63a8ed34e695ed2e9f4,1,boleto,1,123.68
ba57df46d6c7801e304a57084265bd86,1,credit_card,1,126.44
ba58944fed9eea8a43f9fc3b2cdca75f,1,credit_card,1,163.77
ba6599a593f0007d9c2ccba953adf20a,1,credit_card,1,159.71
ba70922d044f56d4b4cce2010e3f4cd6,1,credit_card,1,115.37
ba70922d044f56d4b4cce2010e3f4cd6,2,voucher,1,250.00
ba7ba0ff040d6808492c4456eeb13730,1,voucher,1,20.00
ba7ba0ff040d6808492c4456eeb13730,2,voucher,1,17.69
ba811df8f38f8b18170fa9d29732ed0f,1,boleto,1,49.42
ba89a3d7d01c8a2a0bbdb514a851e9f1,1,boleto,1,100.18
ba9db9fb21617fd062fee898664e4996,1,credit_card,2,110.00
ba9ec6bfbbe8454a533f194e8cd420f8,1,credit_card,5,136.30
baa356809d65f9a3e5eef9a8a51c1f22,1,boleto,1,319.45
baa6a79da6b02b2a756bafd22ca73636,1,credit_card,3,66.78
baaaa6a46bf8f53d113193a6a23efbd4,1,credit_card,2,185.94
bab4c3b7d9e904b2e991490cd65ccae7,1,credit_card,2,86.15
babc844d408abfa49b0c875fcc3738d4,1,credit_card,9,98.65
babcb908e411ea7b016add4ba7928922,1,credit_card,1,188.67
bac4595733cd0e89158cb02bebbf6352,1,credit_card,3,264.86
bac5dc94cc5dbf0810f1919c2aac13cd,1,credit_card,1,79.24
bad46ed77a751d33a1a1b352075c3cdf,1,credit_card,2,143.65
baf1b12b26680071c8851fc697020e62,1,credit_card,2,139.29
bafb907417d324de4bc43390ccf3fbed,1,credit_card,6,104.12
bb0254422b24df86bddb238203a16aa4,1,credit_card,4,87.35
bb0a814e4d6cb5373c30a22b6c9fd658,1,credit_card,4,302.44
bb18fa095535600a94fd3e6741d53b9d,1,boleto,1,102.26
bb1cb0653f2664a83f30a4bc0b483f94,1,boleto,1,255.33
bb299ee4fb79d4056dad3e6bc0aa8a46,1,boleto,1,57.90
bb3b63f8a09bf476fd524c44fb767a31,1,boleto,1,153.10
bb4eb3e71b30365a580e5a718bd8d1ae,1,credit_card,1,175.06
bb54e9bf4bdb6c6391a7c6b517748b9f,1,credit_card,2,124.92
bb5849f8ba21da43ffa31ea52ba81b37,1,credit_card,1,99.75
bb5be1811a54b7c516ea8c1eeb48272a,1,credit_card,10,208.46
bb5cce57f8d80c481d1beee24eda6616,1,credit_card,1,118.35
bb724065b1587966bc6e4553aeb0b2c6,1,credit_card,6,133.84
bb83b0d50ebbe83d2d41514296baf238,1,boleto,1,76.51
bb903af0ad020f23de12114a1c74a2aa,1,credit_card,4,41.75
bb90b02637daa6d6ea968529eed50699,1,credit_card,1,307.68
bba5aa837be7e597e91c6ddedf604cd8,1,credit_card,10,134.71
bba5d3c45d232d36995ca63ee0232d7c,1,credit_card,10,123.89
bbb23eb343ea788460a735b0d5df605d,1,credit_card,2,44.38
bbd5315a7667b9537e1cf428fddf09b6,1,credit_card,2,164.29
bbe02deb41e96f666660dede6c816276,1,credit_card,1,126.86
bbeb3a35e986d6a0f87217b567c99cd0,1,credit_card,1,35.68
bbeb3a35e986d6a0f87217b567c99cd0,2,voucher,1,150.00
bbf7ad105edc929937625364891dc8c6,1,credit_card,3,89.88
bc07f82ae356cbf2177d716646abe61c,1,credit_card,3,165.50
bc1407516b972c301cdd874626028952,1,credit_card,1,72.16
bc1e260c14566150f353c716e61215e4,1,credit_card,10,152.16
bc314ea94634ec397df2b65d3bcb2c1c,1,credit_card,5,54.10
bc52ee2d28a015510123067432c70c17,1,credit_card,3,157.28
bc6e9624c0238056251784cf956cd10d,1,credit_card,1,108.29
bca438a94b0b58bd0f7a15666e522042,1,credit_card,6,73.49
bcaff5892a4def087ea5036d6b89b9db,1,credit_card,3,76.66
bcb0343717a9e0265e156e34c25c3dc0,1,credit_card,10,111.54
bcc3b9b2b1b0f27be6e2816968b08fc6,1,credit_card,6,117.93
bcd05b48176dab8d00672b325de126de,1,credit_card,6,170.43
bcd37480e5f21eaf2b524c8e9724d099,1,credit_card,3,39.09
bce7047b261dd5116e87384f4fe9afc1,1,credit_card,4,40.07
bced9d44b71edeb7df9229c6b86fd784,1,credit_card,2,47.62
bcf8ce1cea8935dbbf537c9caf248f46,1,boleto,1,47.59
bcfd112593a122ae1272e80681e2ac72,1,credit_card,2,85.15
bd097e5fba6d060c0adb69b8865b1dfe,1,boleto,1,46.00
bd0ece9767b9088d339d9f68ed6a4738,1,credit_card,2,522.73
bd15e6a6eec338675a42659c3509da35,1,credit_card,1,272.64
bd2e72e4a107f535d737c2c2a52a018d,1,boleto,1,47.29
bd311764a2c2a541c99f90f076923b34,1,credit_card,1,67.05
bd37a8e6c071459b0c45ad8337225d89,1,credit_card,8,158.26
bd4937d306741b31e9a738f0ad9da78f,1,credit_card,1,43.23
bd6b1316314a1f12d58ebf467f3f2d80,1,boleto,1,40.96
bd6c3e07e22039cf9560d3369ea396ee,1,credit_card,1,29.41
bd7328facab3b5c696a8a685b0ddacff,1,debit_card,1,150.74
bd7585a77f0aa76b3775bb68fb293356,1,boleto,1,30.81
bd7a44c3216be67318d6776fa920703d,1,credit_card,2,61.37
bd971b573fb91b8be91c02b0fc251b98,1,credit_card,10,216.40
bd982aee32cd290fc0ecf05ec77c326b,1,credit_card,5,119.32
bdb9bdd2b7e7f7fa3429262ba9cfeca4,1,credit_card,1,94.84
bdc386da6334df2a3ed8c51f0fe77c16,1,credit_card,1,99.65
bdc50bb13e6d041fb5d868ec076072b6,1,boleto,1,65.09
bdcf9c2f3ef0c55dc1273dd2c507b0f8,1,credit_card,1,61.83
bdcf9c2f3ef0c55dc1273dd2c507b0f8,2,voucher,1,151.06
be0321747be0efc1c7241a5e985dd299,1,boleto,1,120.82
be128a58459554e47e89d3bc200ba5cc,1,credit_card,1,72.36
be16ab3862dd2927ab1e3cb7434007f6,1,credit_card,1,88.49
be33f61fd2cab2493c81b0810b31da89,1,credit_card,6,128.83
be454ec4b7cf35a9dfdb8489e9b000b1,1,credit_card,5,258.29
be4689494eafff3235986fd4915cdb56,1,boleto,1,340.12
be47ea1ee3433ff4f5006ab2c5f9e0a9,1,credit_card,3,84.27
be4ce210f993d9e26a013ae7e93b6893,1,boleto,1,192.37
be597ae2dfc955f581832e7430e7e293,1,credit_card,7,79.51
be62a7e48d2d0a10e3ce4d03e737843c,1,credit_card,1,320.58
be6343c24d4cd24d3a630c7a8aee1a6b,1,credit_card,1,73.19
be6e0e5aee2918775fc14dfe68d18a37,1,credit_card,3,106.76
be8825818ef90fa22e25614dad11854d,1,credit_card,3,223.00
be9d88133ac0473fda4ebbdc48d5140c,1,credit_card,7,70.64
bea4e26a5e3cb0a9eb16c8703a21a7d3,1,credit_card,2,55.37
bea9b92d7a14b236b96eb9fc71c28e02,1,credit_card,1,40.22
bebaff5f4489a8d0b10a929087be21a9,1,boleto,1,35.09
bee4fbc438d2d48527e812cb6a1c8166,1,debit_card,1,40.00
beeee30f17612200615fd1ce39b41a43,1,credit_card,2,97.87
befae3252c7f7ffb6abdeb4d3f4eb668,1,credit_card,8,173.13
bf013ab8da2ddc44737310fb1f58361e,1,credit_card,10,443.33
bf0448def08e9657c8f990eea9bc4057,1,credit_card,4,43.73
bf0b6e46855aa361a0dab877c439ef93,1,credit_card,2,41.84
bf0d67707bc87fa3fe2cf74a1c2c693f,1,credit_card,4,126.19
bf351cedb18cc34fc1bf14f882156e40,1,credit_card,2,156.41
bf605ab91479a9fb68eadab4406c8064,1,credit_card,5,70.89
bf60ac45ad533aad56e08608c2fa1f26,1,credit_card,1,16.86
bf60ac45ad533aad56e08608c2fa1f26,2,voucher,1,25.00
bf63e72c6c17fc3204c0124ce16426d1,1,boleto,1,99.22
bf7633822714776cc60f51470f805b92,1,credit_card,2,112.42
bf93a9c9cc2879163c62f43f8fb70cec,1,credit_card,3,140.02
bf941d5fc1bc7b644937b66246ad2150,1,credit_card,7,75.17
bfa84c85baf67d4ed4923a3d8d6a18bf,1,credit_card,5,254.41
bfadb548852a3f28f3beba2245ccd552,1,credit_card,1,26.61
bfaf2a2f0abc56602d3b0fcf99576126,1,boleto,1,115.81
bfb4f8775924839c47fce828a6826d86,1,credit_card,1,164.06
bfc9c6b840e5a8ac6c42347673271b9a,1,boleto,1,137.60
bfca565035711cdb02880c530c383872,1,credit_card,1,60.92
bfcec6fcc6a68c5505537bb8a0a38039,1,credit_card,2,139.96
bfdd803339c3236164d4fda73c95f5c2,1,credit_card,1,101.25
bfe8c448781919b17936bdd844baefc4,1,boleto,1,47.33
bfead39f96afa0a674110835b6677095,1,credit_card,1,79.56
bff8a4fd45acacd3f3390aed67ed8e91,1,credit_card,1,28.86
c003c1face3c31cba0af4ab5314f3332,1,credit_card,5,53.72
c00d54903f6f9af108ff7b371a2999e6,1,credit_card,1,144.31
c03349d196d2c2e31e41e29d06396cbf,1,credit_card,1,52.68
c0452c14e00c9d8c3f5f30c189382329,1,credit_card,1,4.12
c0452c14e00c9d8c3f5f30c189382329,2,voucher,1,42.17
c05df8b616137f63b7d902415bd94490,1,credit_card,2,47.91
c0926505809f1295c7ca6902c2c4d932,1,boleto,1,159.45
c0bae1d039f9f7459a21f5276b1127f4,1,boleto,1,36.09
c0c339f8d69784a8cb6b51f9aa9f85d2,1,credit_card,1,106.35
c0d74e15535e242afea299f2edb23394,1,credit_card,1,152.73
c0e1cfdba23aaae17319b780a91978af,1,boleto,1,34.99
c0e57db4a4a6ef32aa28911d1c07df81,1,credit_card,3,48.79
c0ecfbe7eb9d8435e0e3ecd0cdb899ce,1,credit_card,8,148.49
c0f3e5b46a6f8a899bb3a9de4afd5525,1,credit_card,2,355.03
c0fabfdace2df4fbd9e0e958f29a2cd7,1,credit_card,4,46.84
c10600160de02ce63a426cc0e410e7a7,1,credit_card,3,142.31
c11457253eefe1635e2c7acbf249aa1a,1,credit_card,4,181.24
c11770b0aaeeaf11800205df9b333d78,1,credit_card,1,31.11
c1213e8146aaff37acf16bfef1789d75,1,credit_card,2,93.40
c124b224a2727ecb4e7c9a378a936d0d,1,credit_card,6,86.06
c130858ff611f05ccbfbac337cd09cdc,1,credit_card,3,164.96
c142c7ab64bc271555af4edbff4d53b8,1,credit_card,5,274.24
c14cb154425639c9d91bd601bd5afe89,1,credit_card,3,87.03
c153dd095e8ccdaa7331d24b23bd62a9,1,credit_card,1,36.69
c1556665d5eda63ad0a01cb682e2ad6d,1,debit_card,1,54.14
c15582dfe92312e48613b9cb37caf0c8,1,boleto,1,105.37
c1559efbfbb38d83f6280b505bd3e0df,1,credit_card,3,36.26
c155ef1f20c6a210e6ba29644b4d578c,1,credit_card,10,370.69
c1965eaf39451fdf97e27cb13e5f401e,1,credit_card,1,37.00
c1a2ee16a0ebb378f57bdf69fcf45b79,1,credit_card,1,256.59
c1b770015e27aaf2b475026989d04fe0,1,boleto,1,137.73
c1b946b2592023776151752222cd31e7,1,credit_card,1,5.36
c1b946b2592023776151752222cd31e7,2,voucher,1,83.01
c1bb3ffb1aeb6afbe42101499bd15708,1,boleto,1,131.44
c1bffb64e9e46207fa132a9a4f4e1307,1,credit_card,4,92.32
c1ddb9a2ec3bae0156fed0df64910447,1,credit_card,8,194.00
c1dfbe8a3ce81f3fd38d2d5f50e84be6,1,boleto,1,65.03
c1e0ca05590ed1c16d7aaa4c96fdced6,1,boleto,1,36.79
c1efdd2d9175b13e263d77e6ff0803ff,1,boleto,1,33.77
c1f68a068a1e19a39e7f22734b58cca3,1,credit_card,4,96.22
c1f9a3a835ab0d3d2975ab179f78ab75,1,credit_card,12,251.28
c20f5cf8451a562b0fc50dd48fc8d68a,1,credit_card,10,668.04
c22a588780963010739e299de0a9bf51,1,credit_card,5,81.11
c235e3fbe42d171c9177e6664107170d,1,credit_card,2,21.94
c23e9a555c327fa1d60893394aae9e9e,1,credit_card,2,173.53
c23fa8593c1bb932ba79051a7e201255,1,credit_card,6,445.40
c2411b9c7822d227e3e48018405a0594,1,credit_card,6,1125.00
c274216562a0ca3b0f14b7b46b8f7f4e,1,boleto,1,148.22
c2792ecd230f2d8f50741f6b37649fb1,1,boleto,1,97.99
c28475e383b1ded793fe443af4d1efca,1,credit_card,10,343.70
c284a43b72cd107402733c5bfe5678bf,1,credit_card,5,163.39
c28c4378f50e09ee967e830dac65634f,1,credit_card,2,59.09
c29831d189569aeda9a401509412d8ba,1,debit_card,1,318.97
c29f77479a4983291796c220560a9646,1,credit_card,2,126.42
c2b170fa201b85b5a2447365d111af05,1,credit_card,3,172.16
c2b88e285b675e490d60c733f34c3d7f,1,credit_card,4,66.71
c2b98b5cd6c038d9115970d03ecb1f6c,1,credit_card,4,167.60
c2d3596a04c210110354bc6e84240658,1,boleto,1,84.56
c2dae969e4d48f3afc69a5503b48bed1,1,credit_card,1,59.99
c2e07c679e4ecc1a5d27c0435e6c8425,1,credit_card,4,83.73
c2e3ee5ef901092148e19caccfe10ffb,1,credit_card,2,56.60
c2ec803408a0dc72513227acaf96ab43,1,credit_card,1,93.32
c2ef540e16617cb62d8c9d0bb874a498,1,credit_card,1,100.60
c2fe713d93a9f489de49d6a79eb7f45c,1,credit_card,7,77.97
c3038ab3b07ac682ba60729b1d74b24b,1,voucher,1,115.81
c307181fbf88d38d293774ca900cc802,1,credit_card,8,139.71
c3172e32bc52d8dde2aa5c6cb36cddfd,1,boleto,1,127.45
c31e69041b0da7765a4d79c7dd6242ff,1,credit_card,4,48.01
c3303e89dcbc08a6ba79213095eca5f0,1,boleto,1,81.89
c339883c001902289c0283631cfa22f2,1,credit_card,8,175.77
c33a8aa2dd5053d9fc89793f94229ab4,1,boleto,1,202.46
c36b97b242c0409d5f536b647b56256e,1,credit_card,4,216.64
c37d7909bc3c1037311795c9056acfc6,1,credit_card,1,58.05
c38e0a7ecb6d609cc307eb449dbdc4de,1,credit_card,1,45.21
c3c86ecc0f7508ffce2a4662f49d9d8b,1,voucher,1,28.22
c3df9abd148ceaa39d9911b77b041810,1,boleto,1,15.75
c3e4094adfa71210e702f8e3f90b5569,1,credit_card,10,189.40
c3e4094adfa71210e702f8e3f90b5569,2,voucher,1,21.28
c3f76f14ce3587ab9df86c8caaac928c,1,credit_card,2,63.86
c40e13850994649006f28cc890cc4c64,1,credit_card,10,933.14
c442abd5622d3602e7e1951edacfd007,1,credit_card,2,69.33
c45408df26d1ce2b64518a9a9d65fd04,1,credit_card,4,49.55
c464355f722adad51476d92a1182d3f8,1,credit_card,1,93.76
c4b2b908aab6585b6a3147ac72952242,1,boleto,1,85.81
c4b9744b03d4c89b98b6847ef0b04321,1,credit_card,4,42.75
c4bd023ec3c8f99bdc3a817584217988,1,credit_card,5,105.67
c4c9066b8b703b82bbaa0561244e0e0f,1,credit_card,2,222.68
c4cac393cb3ff78fe2823fc2222d1f04,1,credit_card,1,261.07
c4ee04fd6b5632ac5b0b3c6834a9f3cd,1,credit_card,1,35.42
c5009ef153ccebb4f2dfd12660198737,1,boleto,1,90.39
c505a1999c5ad6aacc8339242d824073,1,credit_card,10,945.78
c516d2f709c6364f4972d91c96569568,1,boleto,1,68.52
c51ed3d77baf76974358a156521bbd16,1,credit_card,2,235.92
c52b847a710480721b6c4def72048468,1,credit_card,1,89.27
c535905a60628bab8a2b2a69375180ed,1,credit_card,5,102.17
c5419fa3198a4e2caeb715ce9fe9a6e2,1,boleto,1,115.45
c55bbd7d615f5734a0ac469376ff0778,1,credit_card,10,184.22
c5625e0deb904fd1ae3c6c4a3a4a55d5,1,boleto,1,127.41
c56ae3a36b8942fb185a2c02c46fba20,1,credit_card,3,136.60
c578990a35c5b8748fcd389179d04326,1,credit_card,6,107.49
c57d4208bbf0984e623a7f5dc58b99ef,1,debit_card,1,37.61
c583b6157fc73464387efe2ff82ee1a4,1,credit_card,1,53.73
c58f135d215cadb93a6648e61849ad15,1,credit_card,2,129.10
c5989f8c23c011b7b23df896a51fa92d,1,credit_card,2,64.51
c5a04e8b14a30499f45857da5edfea7e,1,credit_card,2,58.94
c5a06d75e7ddf0ed779053a64ee08c7e,1,debit_card,1,131.56
c5a468ae781ffb0ec6d36ae89fe512b0,1,credit_card,10,123.25
c5bdd8ef3c0ec420232e668302179113,1,boleto,1,54.20
c5bed3a385f406c503841fed148952b9,1,boleto,1,174.64
c5c6c23c10d2df268fd5cd8c107ba622,1,boleto,1,121.09
c5d41b216e4b42500c5da2be17a74065,1,credit_card,10,206.04
c5e0223ff36f3c5128010ee14e7ee6d1,1,credit_card,1,32.87
c5ed4f8b9ee1ac3e8f7711fbe0df3541,1,credit_card,10,318.62
c5f424c38dfa71a2340c9a98e4d6f48d,1,credit_card,1,24.69
c60a42174ebe36481da792fbb7da904f,1,credit_card,4,315.88
c60bade0a2a45f8db2535ad71baf5089,1,credit_card,1,85.60
c60c1ff560443153d7f50771e5fe9b92,1,boleto,1,116.46
c61956e742b7b9e644a1f4ed0f6f941d,1,credit_card,6,87.03
c62b6637a1c509d71c093e1e950c2ece,1,credit_card,8,166.58
c6375a52330f2050e91fdca954b2e817,1,credit_card,2,187.62
c645c38b97d82c6a042adcf18df3daf3,1,credit_card,2,39.81
c6697f0b5a341cb2e357e996c100664a,1,boleto,1,131.95
c6772701a7cff60ffa313b5854c7d503,1,credit_card,10,1478.48
c6945bf7e920d9832c4e4402e57baabf,1,credit_card,3,99.70
c69e067f9b64eea56517834d123baf0e,1,credit_card,6,66.11
c6a2bdf8fa25475ae4031f5138c716fc,1,credit_card,1,96.41
c6a79749006273a0aa6567ddfd275527,1,boleto,1,66.82
c6b91873827689f33c1a45cd4bccd049,1,boleto,1,78.64
c6be81e3c1e9e15e5893e19d7ce49647,1,boleto,1,63.01
c6bf66e37e4bdab5ad532291c72a1d71,1,credit_card,5,120.87
c6d53b50b9624bf6575b96607dd5b109,1,credit_card,1,60.72
c6f02030f6bc633b8073c50178eb2833,1,credit_card,2,193.98
c704edad3eab2ddaaabdf3fc283d9b67,1,credit_card,8,91.03
c70cb30c4935057ce1fe28f7f1226507,1,credit_card,4,369.60
c711d7f26c4563f427379e7ed3bfdc51,1,credit_card,4,113.11
c724a4299403a06db6a91f12801f845a,1,credit_card,5,110.12
c72727d29cde4cf870d569bf65edabfd,1,boleto,1,51.99
c7550d69fe9004d827208e1e40a32bb0,1,credit_card,1,41.95
c75860f1d422b9efcb29383df98932f7,1,boleto,1,45.13
c76d2d304f60e2fd258910e47c8dc5f8,1,credit_card,3,70.00
c76d2d304f60e2fd258910e47c8dc5f8,2,credit_card,6,249.97
c782094350460d47f0f37a41f40858ec,1,boleto,1,400.02
c78b46b9e5371e47b97a2bb7eb4740a3,1,credit_card,3,101.73
c7b50349c671aee4a4e97aff1c8188c5,1,credit_card,1,68.93
c7ba0cafd5334b18b4103846dfd723d4,1,boleto,1,99.89
c7c3e79f06b8145a28173b23f581f84f,1,credit_card,1,164.63
c7c5b66918c24322e797d5dc87caebd1,1,credit_card,1,62.68
c7c6ca7db4f3b52d2fd70aeeb13d8e69,1,credit_card,3,218.72
c7cd3c19aef809218b54579be10b4209,1,credit_card,10,321.98
c7e64bed5496438226ce2932abd058e9,1,credit_card,6,140.05
c7fbc344dbbad59f3446f56555ed649b,1,credit_card,1,62.39
c80bee063ac8e261dbf244fa3f710329,1,boleto,1,71.24
c85ea30e9a24abecb353caa26294c81c,1,credit_card,7,72.98
c879afbc0d85767d560c8ba52481a01d,1,credit_card,1,63.71
c87aeaf4ab89100adcaee5b3123408fe,1,credit_card,1,61.59
c87d7a80e2ec732b00980f3ea7961603,1,credit_card,4,315.84
c87d92d5c64c70c79d7cadac8d53ee3a,1,boleto,1,155.95
c8bac0f86737c4d00dd169cec03acf71,1,credit_card,1,56.80
c8be1a5ee02f0d4bfb401c7194b607e7,1,credit_card,1,48.98
c8c288995f09b4167f89687f7535c75a,1,boleto,1,65.00
c8cf9cd92734a5803265426a94989d0f,1,credit_card,3,93.65
c8dfa9b022c03c9dbfe5e0fc504243e7,1,credit_card,4,59.10
c8f21ae0d8ea0dc3d6cbd9ef66d4981f,1,credit_card,6,93.66
c8ff0e33e2f8df953767f28065a3a6e0,1,credit_card,6,197.98
c91097d5f017e8117c4930db4bc51c66,1,credit_card,4,217.92
c911e05e122d374b5c4e8af53751f999,1,credit_card,1,142.54
c93b7187ba63d7094c9ca0ad7c094f0c,1,boleto,1,57.50
c93ff60dbb02e26f340bbca4b680435a,1,debit_card,1,116.17
c942c43e79ea8433aaa067e3c8f0fb75,1,credit_card,5,118.57
c96bee3fe3caeb224420da7bc815b0fe,1,boleto,1,209.47
c97e64988f3d2b091838bb2815fc246b,1,credit_card,3,74.82
c981128521975354988b8e88309a898d,1,credit_card,10,292.26
c99ca23474e04e001665cd9439b59dca,1,credit_card,3,35.00
c9a88d4905eaf518dd4a6fb776134990,1,boleto,1,111.80
c9b08bd33d449366d3b89454a3071b98,1,credit_card,4,192.03
c9b4d99b4e9c827fbf0a40d2aec43d89,1,credit_card,4,148.32
c9bfc156368eb14aae98ebff0ee377da,1,boleto,1,69.27
c9cb31bb489f9ed567f42b13d15d8d28,1,credit_card,3,39.62
c9e77b39e9de73578b21ef93a26f3905,1,credit_card,10,535.94
c9e893d2e32f6ca9988b30669eb71e5a,1,credit_card,1,39.96
c9f987ae7f8399dffe6db135d4cf9289,1,credit_card,6,68.61
c9facf1957d4cfd6bf178b54fff813f5,1,credit_card,2,188.07
ca207209c40b29d76714f77acf8189e5,1,credit_card,4,45.88
ca4ced509eae117b7d3823b4ce2467dd,1,boleto,1,31.22
ca568c428649f0aaaf41519c7010f093,1,credit_card,10,168.92
ca61d72c0b9e1072b94af79bac8ff610,1,credit_card,10,161.88
ca65e3c6e57d9268c00fd2a65cbd14d0,1,credit_card,1,35.17
ca674a7cd949c98c9e02bc4c5922836d,1,credit_card,2,21.09
ca67ed4e41d10ddfede1632c9ccc1c8b,1,credit_card,2,113.34
ca757dbebcac3d3bbaa4eb7ea0f699c8,1,credit_card,1,89.30
ca757dbebcac3d3bbaa4eb7ea0f699c8,2,voucher,1,200.00
ca823578aa819296a9581dee40fefb60,1,credit_card,6,258.81
caa18d06d1387d719412906fd4cb2063,1,credit_card,5,83.97
caa6045d366628b2fe9115e7e99bd399,1,credit_card,1,266.50
caae7bbaec61968f200bdb5a27df0d4b,1,credit_card,2,55.55
cab82738404ec4bf9389ddd56a7aa784,1,credit_card,8,174.41
cac7e309df39d1f200b8ca086c4ab624,1,credit_card,3,233.04
caca64f71d73695719939294fa88c791,1,credit_card,1,371.42
cad42b09c7b0a54df0097a65da14d324,1,credit_card,1,93.86
cad9cc97c8f0878b65c04815fb985252,1,boleto,1,132.91
cb00f9d32f51bf65823f130e9c146173,1,credit_card,1,72.14
cb3fd1d04f967b6c2d2fbb8f50970c8f,1,credit_card,1,78.12
cb51128a709fc24d52f27aa407697411,1,credit_card,4,101.82
cb53f0b6e8f9082a9f5a113765dd1236,1,credit_card,6,97.48
cb599c234fc71be7c137179b6d473a30,1,credit_card,3,51.00
cb667db7bf699e2940c1ccdc16ef7ec7,1,boleto,1,48.69
cb6c7e4c5890bba3ee99ad3f97877d9a,1,credit_card,1,62.94
cb6dff9394d43eeebcff3c8caea9375a,1,credit_card,1,53.08
cb6dff9394d43eeebcff3c8caea9375a,2,voucher,1,61.37
cb70b6a0c936ad1d4abaf743ee8f36c5,1,boleto,1,113.11
cb71499c074fd6946adf7562f592ac25,1,credit_card,1,73.53
cb71dc72237d3c654e1ac60c2ea343e2,1,credit_card,4,42.83
cb740e05716c376f1e99f0509fad75c7,1,credit_card,6,233.93
cb896c46d38595d3eef1b8aacc192997,1,credit_card,6,190.88
cb9f1593718b376b364bf688ce11d3b6,1,credit_card,4,208.14
cba1b88e10f4504583b2b9750ac67e03,1,credit_card,1,40.76
cbd72cbf159870fc637be9db5374ab3d,1,credit_card,1,65.71
cbdf436a9a9c8213157a125b91ef27b9,1,boleto,1,73.34
cc008d324278200689ee451a547b97c3,1,credit_card,10,111.21
cc0c05a1ab5fad72c351bd0ca1b10fc8,1,credit_card,3,172.22
cc2bc03e269a96d61ae2718d55e19350,1,credit_card,1,55.04
cc39eb27597876b3ad16c246ffcfd8de,1,credit_card,2,110.09
cc4262265ee51b6f5d446e6218149391,1,credit_card,10,180.11
cc427984e779c3d1dd7e082f39a98fc6,1,credit_card,1,1395.76
cc5a9c86cbb61d7baebfde35e243a2a9,1,credit_card,8,546.45
cc5aa8cda6decdb7d61ad7ac55767ec3,1,credit_card,3,146.88
cc6c9b89f70b32d7fe075718e0fc58e7,1,credit_card,3,236.00
cc7a01248e3779979631ce8dea5c8292,1,boleto,1,107.10
cc80504e2db2b7b744e2bfe2450c95d3,1,credit_card,5,59.51
cc91697062f893c9903a248153c34e8d,1,boleto,1,65.63
cc97c71d908caa2c0b5754b35ebaccd8,1,credit_card,10,121.58
cca5e85092bfd9c1cb6c4d936cd86ecd,1,credit_card,1,99.43
ccafe6201982b2369baac3ad28c67188,1,credit_card,3,261.28
ccb984d3f0888287bc92e0b18bb9527a,1,credit_card,3,68.35
ccbd198eb55e22f3b2240d1605961c5f,1,credit_card,10,293.46
ccebf8871fd33d082a64082120ce4e80,1,boleto,1,123.89
ccf9f826a9a2889f396bc19425443c9c,1,boleto,1,67.24
cd076ae3646af3e93e3deb91b8454c6e,1,credit_card,1,104.56
cd327d6285b9ec84417e1b5e76bd97ff,1,boleto,1,86.15
cd3558a10d854487b4f907e9b326a4fc,1,voucher,1,71.80
cd408efeda0fdd3fe5f27134bd065001,1,credit_card,4,139.00
cd44196e80474114b859765d62f12ddf,1,credit_card,9,889.93
cd4949eac210d110de63aa0479dcfba1,1,credit_card,3,94.63
cd5b7d5b405a2cee7a15972eaa47f1d3,1,credit_card,10,233.92
cd5c1268e844dba45efdf51b22570143,1,credit_card,6,67.39
cd673cc8b988fac75a5cda1e06e4593d,1,credit_card,1,65.10
cd6764d145d06aa99b4d3e54afe203b6,1,credit_card,9,175.83
cd6abb02d781babd935ee80555d3972e,1,credit_card,3,204.53
cd74303942bee59edc3379f0a6433c62,1,debit_card,1,38.53
cd747ef99d8317de4ea4eda3de915865,1,credit_card,10,166.23
cd866ebb9aa10bfa70f22d11e82bc4e9,1,credit_card,5,133.81
cdbd981121b82988cdb4bc8229598984,1,boleto,1,151.70
cdcdd974adb1606df89687f10cf130eb,1,boleto,1,123.03
cdd1432a23108f3aff0acc23792b8285,1,boleto,1,218.37
cde556d2719b7e857f50e3f235f0460a,1,credit_card,3,115.02
cdf0571d960505817e8a525040584ae9,1,credit_card,1,63.83
cdf746aa8492ace4e8785a606adf00f4,1,credit_card,7,143.49
cdfdb4e7e805636ed4750f8dc333b01a,1,boleto,1,597.14
ce243573aa83a8e70bb99ca6133a210e,1,credit_card,1,165.72
ce2d0e7e8a249b93d3cfadb57113023f,1,credit_card,3,72.75
ce34eeaea4785aa1d4b7004019247aeb,1,boleto,1,35.00
ce44954b3198c35bbf785d9c95e28aa5,1,credit_card,2,247.05
ce44f44ee93f1deea42e493e84b5cd63,1,credit_card,6,155.14
ce4d8859d85000477949b11c78144074,1,boleto,1,57.42
ce5586df181549ebde007969801906c8,1,boleto,1,59.24
ce6773b2916ebbc43dcaa762c0c6f9b2,1,credit_card,2,31.42
ce699ae4abc92356538ece036da1045d,1,credit_card,5,57.36
ce699ae4abc92356538ece036da1045d,2,voucher,1,6.64
ce6ce659b1584fb64a7ee077d764a37c,1,credit_card,5,182.86
ce80533c6ef9cf6f226eca01ac2cabb0,1,credit_card,1,44.41
ce8157b7dce9a36c6ab802ad73f494e4,1,boleto,1,84.44
ce8d55aa1c206156fde37e062c716ea2,1,credit_card,3,35.95
ce9348af8cd4c5166a650a1c840f2b28,1,boleto,1,66.01
ce9a38787c8e09ef2239972b3149278c,1,credit_card,6,61.01
ce9c02c63ccfd380ecd3ccf5e8894f96,1,credit_card,6,69.71
ceae0f133957c3337b7f630eb8bf80d9,1,credit_card,2,163.82
cebe9a3966a2fc8ffd1a3c5996678283,1,credit_card,3,96.65
cecf84099dc3067ec87149ddac39105a,1,credit_card,1,58.63
cede91ea9b2186e794ef279d9aadd8f5,1,credit_card,3,113.89
cee3292f46ede6ea1dfabfcb200fcf47,1,boleto,1,186.38
ceecac582f10037ad46fd4fdc529e0f7,1,credit_card,1,117.94
cefe510f726c2a8d6a5f0a8a515ebf50,1,credit_card,1,44.09
cefe70775d8821c8dcf166f843d38d1d,1,credit_card,1,75.16
cf0ace73210bae94d34fa3df6476e623,1,credit_card,5,53.00
cf0e03e1812c8c676e5f37237bd08af0,1,credit_card,3,194.02
cf14f34423154c055c6677b22cbfbf68,1,credit_card,7,379.00
cf26282d538d870cf5e212b2f6c572b5,1,credit_card,1,31.77
cf2cd23374d78a2bb4d6d6058fbc1d04,1,credit_card,1,30.00
cf34fe44babb9fd001a001acfa43cabf,1,credit_card,1,110.16
cf4b34a6cd499c3d352d90cee37795ef,1,credit_card,5,170.43
cf52c3631e531c83e5f92681b933a521,1,credit_card,10,186.66
cf52c3631e531c83e5f92681b933a521,2,voucher,1,535.05
cf56d3d1b65accb1412da2abc22ff4f7,1,credit_card,1,28.62
cf5dc40ae925414c07d1a74645ced6c2,1,credit_card,8,310.71
cf5e115a19c54f0457aa4c00fb88ae63,1,credit_card,10,245.11
cf85b1adbeb2de42677013eeabe3befc,1,credit_card,3,150.87
cfa24f77a1afcf0827e88b162f7cf0b2,1,credit_card,2,114.68
cfac974a41d4273d522456d2840dc2a6,1,boleto,1,296.44
cfb3e7072452d771156c3fa588c1db10,1,credit_card,1,77.29
cfc130b608476dd1cc71396ebc483e1b,1,credit_card,2,178.49
cfed781f36b83cd848a78200091e54d1,1,credit_card,10,350.37
d00beb3dc9b2e213d9ea5ee30b0541f3,1,credit_card,8,102.13
d00d7bc5d6fa2124037aaf4eb5be0a0e,1,boleto,1,118.17
d00fc126358622ba5ae0ba1a334b3bc5,1,credit_card,3,647.54
d01e880670a9a8612c1ad4ce4b56eb26,1,boleto,1,34.77
d0462d19e9c58af6416a06e625c58f13,1,boleto,1,557.62
d04f155dd04722bb1691263ccbe5eec0,1,credit_card,2,165.30
d051c76aaab0eca195d53f6c3411793e,1,credit_card,1,97.36
d053b132c9cab9591737e9754ccf21be,1,credit_card,1,27.19
d066df43cd1f2f04cc57f289179dd234,1,credit_card,4,167.39
d07f143b702491d2a1cd6ed093f2cdee,1,credit_card,1,123.47
d0917c0a88a601949cde7cec1331de4e,1,credit_card,2,308.80
d0a1df38173b0296c8cfb65fd0e1e361,1,credit_card,1,33.45
d0a2ee9c1866926b3d773366fd916e37,1,credit_card,1,20.38
d0b4c30f45087d9a9114b3cbe87aee63,1,credit_card,1,45.30
d0b8fae6095efc549a71c97c8c6f4f73,1,credit_card,6,329.12
d0caa50d59dd78761abd9c1bdd06bba4,1,credit_card,1,80.15
d0fc40215ca8a24ee1ad72bdac36c29f,1,credit_card,8,92.57
d0fd185aad137f701270f63d6cab8e42,1,boleto,1,85.85
d0fd9595949095f91592a79bd26a2126,1,boleto,1,68.13
d11450f714cbee2ff7df6b663fb79781,1,credit_card,1,95.18
d12ab5d1454294ce820fd1ccc56d760e,1,credit_card,1,103.13
d131625abf3dd1daa6fd04443cbc6729,1,boleto,1,78.65
d14a4f8c84ab5018248d47b2170dfbc8,1,credit_card,5,283.88
d15310130fe6fbaf70e2c8027c9dd760,1,credit_card,10,514.60
d155a1a261652fa30114d2b6c6373e21,1,credit_card,4,115.42
d15b257b7d9942a18c578ac0b3483139,1,credit_card,2,384.70
d1841aabfefc61ddc63d1113e5f766e8,1,credit_card,1,34.39
d1845227bab7e5c1f169cf2a98d742a1,1,credit_card,1,127.38
d1897146cbeab2b888285ca6264056a1,1,credit_card,7,78.18
d18cf3749b7ca5680afdc5f0eb881f09,1,credit_card,1,98.34
d192eacb35dd2f0aa30709fe7560ee4a,1,credit_card,1,11.44
d192eacb35dd2f0aa30709fe7560ee4a,2,voucher,1,38.99
d192eacb35dd2f0aa30709fe7560ee4a,3,voucher,1,38.99
d19f4ab4bd008d9b26f5eb3afc6cc251,1,credit_card,1,26.77
d1b4fc9a8c1207433519a8ec52e2d03f,1,credit_card,8,87.16
d1da39d6d643a11a4083de84d30996a9,1,credit_card,4,70.16
d1e7343d9fea35ce6330478c84f0fb7f,1,credit_card,2,71.49
d1ee4bc3ffe8a30f23ecc003e76f958f,1,credit_card,6,388.36
d1f9a1aec23787e664aa0ccd55fe2fd3,1,credit_card,1,65.10
d20d521427100e96eb0298afc19d97f6,1,credit_card,3,159.39
d21d7411b251f35ead1b210dc946ca70,1,voucher,1,9.67
d21d7411b251f35ead1b210dc946ca70,2,voucher,1,50.00
d21d7411b251f35ead1b210dc946ca70,3,voucher,1,18.38
d21d7411b251f35ead1b210dc946ca70,4,voucher,1,50.00
d21d7411b251f35ead1b210dc946ca70,5,voucher,1,50.00
d21d7411b251f35ead1b210dc946ca70,6,voucher,1,50.00
d21d7411b251f35ead1b210dc946ca70,7,voucher,1,48.85
d224c4be964a33d8d803b33661c18d8a,1,credit_card,1,56.08
d229d9c8f88ad9cb25a36803dc7a9a90,1,credit_card,12,136.50
d231fd01d6c8e36e503f1a7f8a9734ea,1,credit_card,1,101.55
d234f846aac643047caabb1171030524,1,boleto,1,64.66
d248a26c7a58d74a85d6baf93e5bf772,1,credit_card,2,123.82
d24be64fd6aadd3a06ae6afcf8785cc2,1,credit_card,2,662.74
d25091a3e5d9d4a0a83ad9413f8828d2,1,credit_card,5,63.23
d258d2c8bdc01ec0aa8a048d723bf427,1,credit_card,2,41.01
d2597ccadcbb4bede6cefca892c7094e,1,credit_card,6,125.37
d265e2114f019b12adfff1e68a241a8e,1,credit_card,1,41.50
d279acf202b55cb48ca420ecd39105e3,1,boleto,1,116.94
d27c2efd9421cde0945261467fb1a025,1,boleto,1,108.81
d28a0d4aabf9fe1941c36b8d1af9bd5a,1,credit_card,1,39.34
d2aa63ac411996ad85fc0099c47db2df,1,debit_card,1,135.24
d2b9baaec80a1a1d4516a2228b5694d5,1,credit_card,1,107.78
d2cb7c100806e87a227d413e9157cb76,1,boleto,1,75.07
d2d558357a6c69ca47cc4eca7571f593,1,credit_card,10,262.52
d2d67121a09535b3a7b6a000e58d8625,1,credit_card,1,65.46
d2e98c2b35f0e9173b4fce9cf61530d3,1,credit_card,1,335.47
d2f636c21b8c69ea8ceb90f373babd4f,1,credit_card,1,23.34
d2f636c21b8c69ea8ceb90f373babd4f,2,voucher,1,62.68
d2f6b89578aee72f553aad3c76098e63,1,credit_card,1,53.90
d301e4651c2fb09b847fce76b3f73885,1,credit_card,5,149.04
d3045e7fe9e2988614cbbaf560c424f7,1,credit_card,10,233.81
d304c1d37685ed533e5e16e8e74ff2c1,1,credit_card,5,262.30
d3085edb0a0b0d550bd72f712de90c09,1,credit_card,1,60.00
d3085edb0a0b0d550bd72f712de90c09,2,credit_card,1,54.25
d308807f231cc2e9a4e2ee71b86fbebd,1,boleto,1,167.99
d30cce68111e4c4fc146bab365116a17,1,boleto,1,62.28
d30daca327cb882c3ccccced457f69f8,1,credit_card,1,75.17
d3123a8def350af103d31c2026666c25,1,credit_card,2,56.03
d32d584f32319a9b013c05fd83400831,1,credit_card,2,27.79
d3320c7579b87d355511ba06b4d18aa4,1,voucher,1,30.89
d3320c7579b87d355511ba06b4d18aa4,2,voucher,1,7.24
d3350e3a63b03e10d16463a2e75a5361,1,credit_card,6,210.22
d338e94a703f4d7af1612be068a85bb6,1,credit_card,1,18.78
d3397f49eba129958cca1d4ed73dba9a,1,boleto,1,244.99
d339c9a9c019e5beaf1cafb6cf77a23c,1,boleto,1,80.43
d33eeaaa657fd3ae5e7f4e8f92892ea5,1,debit_card,1,147.26
d346a1af31b9f42d7244edcba34fe990,1,credit_card,1,9.20
d346a1af31b9f42d7244edcba34fe990,2,voucher,1,50.03
d35a77135cb96df5bdc938dcdbd2d85e,1,boleto,1,307.90
d3605b7117930d845a75af0d32c3bc7e,1,boleto,1,221.39
d3617ef729315e3964c28a7404030da3,1,credit_card,6,178.40
d3764fd6a2c04354a8cbde8508cc0ba0,1,credit_card,8,90.42
d3775e436e60258e62e678a0f68a0f8d,1,credit_card,3,225.85
d37a4faa7cb8cd88246d73aee035a327,1,credit_card,5,226.69
d37e7ffb183809b759828865f66eca59,1,credit_card,1,197.01
d3909d7239431c7132c3aac806ec6507,1,credit_card,4,171.08
d3964aaa8f344d16a3367d03e540be9a,1,boleto,1,142.41
d39e59e93bf34f4b2f6cef3902672a6f,1,credit_card,5,115.48
d3b13898a835b480e8ab562071435158,1,boleto,1,53.90
d3c64cf55752f7821e85e7ea9b9b3f30,1,credit_card,6,339.86
d3cc6a0be5a659e6c515010d99e9c335,1,credit_card,6,245.68
d3e53c591789724dcc2d50d69b06d55a,1,credit_card,5,68.87
d3ec40731fe6a0b60cef4f782e7be160,1,credit_card,1,50.35
d3fc45461660252856d603ed31eb4e77,1,boleto,1,2938.17
d405c5b11a649e5825842c4aaf8082ec,1,credit_card,6,67.22
d40e7a80365572af2e27d31a9cf79169,1,credit_card,5,264.08
d413cfcd1406d2d501179c9671b727fd,1,debit_card,1,79.60
d4168014cf49632d19312aa3385b0dbe,1,credit_card,2,27.34
d43e09377465273d9e75ee7a51a6445a,1,credit_card,3,196.92
d459a5cd21218ae140bbdf31aea15fa0,1,voucher,1,219.77
d46a98b33046509aec0ca7142d63b9b1,1,credit_card,4,218.08
d48b61ddc056e387c86d308c28798dec,1,credit_card,3,72.83
d49132be94be94057aadb0fdd665943b,1,credit_card,10,1027.00
d49132be94be94057aadb0fdd665943b,2,credit_card,1,500.51
d4a82e0a8772db180275f4160d9eb12d,1,credit_card,1,74.16
d4c1e781e9d24a003cf92fc0ba8384b0,1,credit_card,4,45.27
d4f742f7a223add48641c06ac0b96a25,1,boleto,1,246.23
d5213c494008952344b10bd19e27d9f3,1,credit_card,1,140.75
d54c217781126defeb4a78dc16f5ad39,1,boleto,1,35.41
d5548ee8b123f1ede666cedd8c0049f2,1,credit_card,4,156.64
d55b88c264e0cacf41c8f8ce846bc1ee,1,credit_card,6,785.72
d55cd104a6a05987a3b55d39c0e77995,1,credit_card,3,308.84
d568db372124bae10404acba43558652,1,credit_card,2,52.59
d5a777d0e1c561e945c9eedce2cad80f,1,credit_card,5,58.74
d5b1560bb46f4b57510a45569fa41b4c,1,credit_card,2,59.13
d5b95703830a61c73251a8a3dcdb9772,1,credit_card,3,218.55
d5baf4bcffbda9d8bb2f9ee4e942c90c,1,credit_card,9,262.16
d5bd0af0e37b739b88fa363a30301220,1,credit_card,2,124.42
d5c6ccc7f3bf2ffb7dda78c440e18328,1,credit_card,2,66.44
d5cce452fb90a159a0b02988567a37bc,1,credit_card,5,59.38
d5d6f9b551159c1891545df759887e9e,1,credit_card,2,225.90
d5e892687c8916b17cafe284780d01b0,1,credit_card,1,89.17
d6000a48fcae57594e206e24ad3db5a8,1,credit_card,2,46.00
d6241dead130f310711dc2f50927f1e8,1,credit_card,4,97.21
d6290a5294ee8d7eb9b6aafd583e59e3,1,credit_card,10,1118.05
d634e78710f26d98ace611f615489774,1,credit_card,1,43.10
d67fdefdd78c824692a1f0cab56e71c5,1,credit_card,1,75.25
d694c1f3e3e0bd20d4673555d43c875a,1,boleto,1,179.86
d6a2e1d3b958b6c5cb3af6f1d4d4a203,1,credit_card,5,254.04
d6b59aff700e82a5581e74b3856fbaab,1,credit_card,1,43.20
d6c0ec2e67adc2163605b7c0eafe3e1c,1,boleto,1,25.70
d6e32818428593eefe8ffd7e15acb83e,1,boleto,1,69.02
d6f1fd48e3b9fbaa5ed2794838559afb,1,credit_card,2,128.10
d70fd017aef831ae5be08b4a58ad57ea,1,credit_card,6,295.25
d7198cce0076c5cefda313c12776334c,1,credit_card,5,158.13
d719d2c72e0dfc9d994ee85c1d594861,1,credit_card,4,108.22
d72c87644eeb5b1c8658e9a34ad13f50,1,credit_card,6,110.66
d736797e446b9c7bc072d55b49748180,1,credit_card,1,92.50
d73a3a52a8b9b8430deede6d0491ae54,1,credit_card,2,140.38
d74a4114b1ecea21d099a6c7aea88058,1,credit_card,5,185.93
d7516b945750658964b64128d3de72de,1,debit_card,1,107.62
d7703c6f32e51dde96ca41e281d4254e,1,credit_card,1,58.71
d776bd888cec910433d34b5501ebf2d6,1,credit_card,1,233.63
d77a74efe1dd9a668ec9813f9c3a13c7,1,credit_card,6,163.78
d77c5cb217e302146127b857e56ee27e,1,boleto,1,100.02
d788474677e79e148bb5cf2c5f0f637a,1,credit_card,5,290.74
d79c75050fb130c942055bff27c1be5a,1,credit_card,1,96.34
d7adae346e57bdec9293128a1130a183,1,boleto,1,143.82
d7aea8cc5c6d288a60d3cc1d0026bfcf,1,credit_card,1,87.64
d7c88efc86371e81d37eb2cff1c61020,1,credit_card,3,122.17
d7cc5fcfee9af53fcd78bb47e4e55584,1,boleto,1,185.11
d7ff97f4c7ab6c9a6ba9cfa8db9b04b9,1,boleto,1,43.22
d82cef48824870df9946d57e827ed727,1,boleto,1,19.62
d83e73ca49e7e9ec7ba0154139858fc8,1,credit_card,4,252.38
d8434c09d07ff98eaf30d4b68b5d6cbf,1,credit_card,10,194.31
d844cf5434575b8359b353fe82fb8d67,1,credit_card,10,336.09
d8523695fd09e96dd93c94cde119c037,1,credit_card,4,94.56
d8721b9f395286c3b43ff47a250ad40a,1,credit_card,4,143.41
d87739e1a489341831ec68b0876174f0,1,credit_card,4,59.18
d8a8ca4fa9960f350db09ddea8861f05,1,credit_card,1,31.66
d8ab6e868995a618b7abea3119b56789,1,voucher,1,50.00
d8ab6e868995a618b7abea3119b56789,2,voucher,1,25.00
d8ab6e868995a618b7abea3119b56789,3,voucher,1,14.97
d8d0488eb1aa33a391551c5bbe00e93f,1,boleto,1,163.18
d8d4fd7b15d5b9cb93926c29f7f3066c,1,boleto,1,214.83
d8e06a0d47d09dae630bf252bbf904b9,1,boleto,1,29.77
d8e436a94b1158d6fff244c9ae75fccb,1,boleto,1,376.70
d908de4c1a0a5ef56f75e404abb7ee10,1,credit_card,5,152.86
d915ad63f37385cc799d0b5363de302a,1,credit_card,2,173.27
d917b61df82dea35fe77a6dd3f6022e3,1,credit_card,3,157.30
d9188a09f83fb2125c314edc1c7c933a,1,credit_card,2,54.67
d91a069afed21a6f7b095b0a908f5008,1,credit_card,2,268.66
d946899ce911ebb570750e694994f812,1,credit_card,3,74.08
d951a2eceb245c4227c3d633d4a440f2,1,credit_card,10,594.78
d95feb184596a27a70144e63e635ed5b,1,credit_card,8,200.91
d9644b981a4d023c5392dd06bfc8cdc0,1,boleto,1,55.28
d96dd69ac1c031310e28e40e22130149,1,boleto,1,68.37
d9773132aa1151c56c6f940c8d29cc0a,1,credit_card,3,66.67
d983124667a44e540ef9ab35c37c486e,1,credit_card,10,1628.60
d9a03aaa586760cdcfb4aaddbcfd0767,1,credit_card,4,93.04
d9a857b8ca6c8ca6a97e6977be3e47bb,1,boleto,1,67.50
d9b4f2ffa6ecd7c3ba59f13458e3ebb2,1,credit_card,1,543.90
d9c27eceb93c734d5711f417a691e904,1,credit_card,1,132.10
d9ddf675a1e7539367d20a66ba38b168,1,credit_card,2,53.27
d9fa4ce136debee4083c12f5073aeb79,1,boleto,1,90.29
d9fa5ad719e1732700ccfc765c6ff6a6,1,credit_card,11,117.14
d9fee3504f55226ed8e155bdc0a36a06,1,credit_card,5,197.60
da01eb83df2aafd16872ab0c5f24d5b6,1,credit_card,1,51.93
da0831d4484d6bb80afb9ddc8c12068c,1,credit_card,4,57.77
da0b6b99f3177153b2d410482eef35cd,1,boleto,1,51.05
da0f3ca7a69fe74c208f8cad4b3a42f2,1,boleto,1,53.60
da225376046ab771e41a24f84f53f536,1,credit_card,8,328.42
da225d51cdb2a615ac38734cfdaebab4,1,credit_card,4,436.21
da25492a616ea75359094ce9180d2691,1,credit_card,2,188.80
da286fe249fa752e4b234df260764f06,1,credit_card,1,44.09
da28a815dd7996590e84c9e51dec1ff4,1,credit_card,5,125.38
da2aeb448f7a4f8604a2d56cc3b2e02f,1,credit_card,1,95.22
da44f554b7c4550b0d3cd650f132d1e1,1,credit_card,10,239.60
da4de3d19e5b90636ab88e1919fdd00e,1,credit_card,10,188.20
da5d566236538abb69c83b6283383b60,1,credit_card,5,50.92
da627a0b6c0976733e24aac04405eaa6,1,credit_card,5,105.06
da633678d6fbb684914e7ed5fe73c290,1,credit_card,10,242.10
da730a4d617d48b8e8d136ef1f86915d,1,credit_card,3,110.03
da7c8d10be75239ed8393bba1dcc4ca0,1,credit_card,3,39.41
da95823b29f9ce7bcc4deebe1e568aff,1,credit_card,4,144.59
da96d28b7700ca5ee77d63d455a9ff9c,1,credit_card,3,120.31
da9d5d868a28b17116214d1240c22837,1,boleto,1,92.37
dab321037289756354fa98b118f4463b,1,boleto,1,187.49
dab8a6c6bd6ec448df5b3a6b6cb887bc,1,boleto,1,121.90
dabe75dc242585e529fea2c265e70da3,1,credit_card,4,86.60
dacb857612778747b96d5afcad0adbd4,1,boleto,1,172.08
dacd9ea86285f197d0b7495e8af14781,1,credit_card,1,2.62
dacd9ea86285f197d0b7495e8af14781,2,voucher,1,12.34
dacd9ea86285f197d0b7495e8af14781,3,voucher,1,12.34
dacd9ea86285f197d0b7495e8af14781,4,voucher,1,12.34
dacd9ea86285f197d0b7495e8af14781,5,voucher,1,12.34
dacd9ea86285f197d0b7495e8af14781,6,voucher,1,12.33
dadb01b1be2452288cad226dc8deb6d7,1,credit_card,6,71.99
daed9e78d8caf060ecb46125d167dc67,1,credit_card,1,33.87
daf7924c5511a9ba51d2fccbf42305be,1,boleto,1,70.63
db0c400a715a4ade505cf24a95e5ade3,1,boleto,1,137.08
db19ee032409eb975bc529b906bb8298,1,credit_card,1,62.30
db1cfa492610bccff9d25d439a9ff2b6,1,credit_card,1,32.56
db3fc84b6b11b4b4c892442161860ca9,1,boleto,1,95.64
db598c672baf941a618fb372941b0c5f,1,voucher,1,64.23
db5e341b9a765a33fd41da0b3f0944dc,1,credit_card,6,113.07
db5f60962b917b4dd9d73efd3e121ff6,1,credit_card,5,104.53
db5ffcf21d69f57af9556fedec62a95a,1,credit_card,3,60.57
db6c4c19928d9acc355a54ee897bfdbb,1,credit_card,6,130.01
db88b6343641816263ce1df8c1ad1b2a,1,boleto,1,32.38
dbb1353a1b37773612291d7e294ec323,1,credit_card,1,114.37
dbb56a8ecf60edb17a584daea927824a,1,credit_card,3,102.05
dbbb8658d9a27d2be4cefb9a9a5d9e33,1,credit_card,1,46.00
dbbb8658d9a27d2be4cefb9a9a5d9e33,2,credit_card,1,40.14
dbc94ce4ff22c2daba89640dacc43949,1,credit_card,1,58.63
dbdf0c5c635838a46d0034dce3dc646e,1,credit_card,3,65.87
dbe715996d171c4b2877daa01c0d6aca,1,boleto,1,48.00
dbec6fd4540dcda2662baf24a0bc8f0f,1,credit_card,1,72.38
dbf2c0164b592abca90f6c6817f37a9b,1,boleto,1,156.12
dc0109bc73a54e5a94b39f557da4916a,1,credit_card,10,143.26
dc0e878c900ba40571360f0890a14666,1,credit_card,3,130.57
dc17c17282032d56b1ca7dfbb291cf07,1,credit_card,10,124.84
dc30763d1665f5167ab925fbb51202f9,1,credit_card,3,241.43
dc523b270be716d338c2fbc9a4bcdfc3,1,credit_card,1,73.34
dc53168ed84c77eb9eb18a8026bc393b,1,credit_card,4,348.07
dc608454ac1f85d42db31f7d558afff6,1,credit_card,4,389.12
dc6ad9979090e9f597d6cd0ea5a3feb6,1,credit_card,7,102.09
dc86dc4acc1d71e89538c72f78688caa,1,credit_card,10,338.84
dc8e7d66422ec37c6fa1cd4f6d29a85a,1,credit_card,3,67.18
dc9470b246bc5c83e5e72f1897971fcb,1,credit_card,6,68.80
dcc07c60d0b67d006e3b736ed1c75e69,1,credit_card,3,37.78
dcd9b00fff62919c208f9e424f8b2c13,1,voucher,1,65.78
dcec2b3be8c3d53056fe63381b2a6cfe,1,credit_card,10,159.18
dd082c5f38a7001c40cf57a14f1b3b34,1,boleto,1,213.75
dd129706fb900252b1e9193815d80970,1,boleto,1,82.97
dd213d835910436f5fbf274de5f1a5c4,1,boleto,1,54.74
dd25b9c9ad6b58c1431edea24eeca196,1,boleto,1,83.12
dd31111df3c5c93d9be367bb8de6d3ed,1,boleto,1,67.94
dd5ebf00c3d8b88a41ec9c8450ec59db,1,credit_card,1,39.72
dd65ebf209e7f649ebd0db15a8f61b24,1,boleto,1,37.44
dd6e5859df4016efe3a4c9979af4ee90,1,boleto,1,145.12
dd7466999a78895066f04b645789deb3,1,credit_card,1,45.09
dd91bcebe3c4f665242db31b800a2b59,1,credit_card,4,124.69
dd9da3d7a26689e951d0153988f8fb2c,1,credit_card,1,106.21
ddb860efe17d6082630b99db1200b1c0,1,credit_card,2,149.11
ddb9e8975cd9123fd5336811c747faa2,1,credit_card,2,45.82
ddc75e18227aa517946c2239d18d1300,1,credit_card,8,234.47
ddc7e0a6253bc5f668507296a8d17c85,1,credit_card,5,58.62
ddce482cc1785da2ee00c010675508d3,1,credit_card,3,53.22
ddcf5361d96d9fccf2ad351bfb96a58f,1,credit_card,5,52.09
dde2fb922a5e542ca84560b67901f351,1,credit_card,5,558.96
de02851d6bdb931fe9bc90c4f92648b9,1,credit_card,2,126.24
de0d5d6bf2003cc68cddbcbb3783b87d,1,credit_card,4,64.22
de11626bdec1c2e2c4f907036e55b981,1,credit_card,8,81.12
de1404a068c6c8c909897886a314bad7,1,credit_card,7,87.57
de17623947aaed64e2babfa41a212a91,1,boleto,1,38.23
de2884aa8799702e8d242dc4029db3cc,1,boleto,1,250.47
de31b55d7cafcd6ebb9bc6aa3c28a55c,1,credit_card,6,62.81
de38b62136dcb5ff40d44d807c460a8a,1,credit_card,8,422.59
de5c0320a3acd9bb7b5acc242d51d54d,1,boleto,1,76.08
de6db4f3c511147d4ab0a44149a38960,1,credit_card,1,63.70
de6ea8b619d37e5f86f1566fb3136a15,1,credit_card,1,139.04
de72d70497698d2416dc47712bbc7678,1,credit_card,1,224.71
de86d7a1250c84c7845795cdcf16a9ad,1,credit_card,1,47.38
de8f4a82099fe4fa6bcb8952ca51420f,1,credit_card,6,64.83
de96b93d26af6d6a5c3aa622e245b86f,1,credit_card,6,124.53
dea56b3893564838aa0a8b56394f46a4,1,credit_card,2,126.92
deb21a069a630275a86d9f571e371d22,1,credit_card,3,93.30
deb42902805e791b98323850fd5f76d1,1,credit_card,3,32.77
dec187408e75f0e3a10eb475e45e6ab6,1,credit_card,7,147.52
dec5dddbabb890eefc4bf9e0b66ad1bc,1,credit_card,10,186.27
dec9169d4f8c2e229d7421e28ef70781,1,credit_card,6,65.53
decd1adc7d738abad2902c966c3ef697,1,credit_card,4,218.27
def43ca6d79899925ea0c19f4fb63200,1,debit_card,1,80.63
def6322635f4afb3da8756ad712957c0,1,boleto,1,194.25
df19d1b00a1e07ad04c791d1301baacf,1,credit_card,3,154.55
df258d3d30d51b9991fe71bb0e4f126c,1,credit_card,10,124.74
df2b5e7523f6848076e498618e1a00d6,1,boleto,1,22.77
df2fc7ba1ed5d8b9defb1d67ded57fb5,1,boleto,1,22.72
df4b824bd4343d1cb124a2a17a87be00,1,credit_card,4,197.70
df82ea7ca7f0f799161e0fd92c3ab96a,1,credit_card,2,355.38
df832acdcfc236969ab361d4597e6e0a,1,boleto,1,47.14
df9a9799d18fea4a40cc802a44f7c400,1,credit_card,1,31.75
df9eb91b90f72e0b73a3b71466a9a44f,1,credit_card,8,424.13
dfa133091470b285a434fad21fb4bbd9,1,credit_card,3,35.23
dfaa4ce943a8dba10b754befb76fdb49,1,credit_card,1,33.41
dfaa4ce943a8dba10b754befb76fdb49,2,voucher,1,189.88
dfaa4ce943a8dba10b754befb76fdb49,3,voucher,1,189.88
dfe927ca4859176d7377a7543078d4b1,1,credit_card,2,32.83
dfee6abeb1d68f04563ff2499a4dccfd,1,credit_card,1,56.54
dff0494b87d4607872757269757c7bb1,1,credit_card,3,39.36
dff0494b87d4607872757269757c7bb1,2,voucher,1,15.17
dff351d499a7a16d302eb0c77d6fc100,1,credit_card,3,120.40
e0043b9e113bdc5f84b14893d62e00ac,1,boleto,1,171.32
e008eec42c3cdeca3e9b47a91fbc848a,1,boleto,1,155.14
e02e125437cc2226be342ae222e83a15,1,boleto,1,74.41
e032067cbea43b5e3d9a4c1ebec40f3d,1,boleto,1,109.77
e03802b5209c43fd6ba9d5fefbd664ca,1,boleto,1,211.02
e03f2a110a3c771d1e0e126f139503d9,1,boleto,1,57.77
e04d9eacedc0dca9d83c14fcb0d7276c,1,credit_card,1,96.10
e05824bce3b3c69a0632e8e75b1a7e9f,1,credit_card,1,28.88
e05832d71fad97ae7744fc444ce72075,1,credit_card,1,28.29
e05c05475cc96f65f8c34274398840d9,1,credit_card,4,103.56
e061fd2fe7ac86187875963e906ecaa8,1,credit_card,1,96.50
e06fdebc12c0419b48541e02526f2292,1,credit_card,2,167.50
e0740375ce45558ac111af54a98325e8,1,credit_card,1,69.31
e07458f57b68cbe6f13c8b6161aa48ca,1,credit_card,2,141.28
e077d52f6cbef7bb5e3e3e147e44a189,1,boleto,1,64.00
e07a6c5dd28e6b5ec4806a1ca8325e3b,1,credit_card,5,407.81
e09eca55c225b904c8579bb1c56b77b2,1,credit_card,7,449.92
e0ba11a8f559fa965f2e848bf086d197,1,boleto,1,65.01
e0d4f16621f76377959e79ecd61f69cb,1,credit_card,7,185.92
e0e2dd62e7153d8f3f03e62b4b476392,1,credit_card,10,1097.17
e0e83bdc2be394626d0f9177dcde0889,1,credit_card,10,163.39
e0f9722525043b60edddacd46709fea1,1,credit_card,2,83.13
e1017b936851c9cfe214af471fa314ac,1,credit_card,1,42.09
e102f8dfd6da168838a2d13dfbc3bb10,1,boleto,1,192.66
e117ced88985de310c55a4f417b2028d,1,credit_card,1,118.01
e11b41677b48150784cf28b5c87055e0,1,boleto,1,188.94
e11e0f810b87b5bcbc4ce90273881f6c,1,credit_card,1,68.25
e11e78a150492da775d6acead338315c,1,credit_card,5,235.57
e12019a9afee02a4355f3629cc804f9e,1,credit_card,3,51.13
e128a277a345197ba9155d63c2666f99,1,boleto,1,34.57
e147eb86ed23b0e106ce62cec5c6df6a,1,boleto,1,138.73
e148d34dad8db4dc18a911c2a74413d7,1,credit_card,3,161.46
e14ca33656133486b155bc46e5b742c1,1,credit_card,1,97.88
e15f1e584322c33341bb95913477ae2a,1,credit_card,1,102.00
e169b880e5f68fbd4500941ac7107168,1,credit_card,1,54.00
e16e5b4572640ddc3de053a9b0f6432b,1,credit_card,6,230.44
e16fb24453a306d5d6ba1fb3156df7a4,1,boleto,1,31.05
e1860ce96baa10d7f08d86aaf5927459,1,credit_card,1,93.06
e19d4bc5b01581909777e6e48cec1e96,1,boleto,1,29.19
e1a8489fda3f7a66e003134d7b4e6a59,1,credit_card,2,68.62
e1a8e28c43be15a1b32b5fce8c126594,1,credit_card,5,213.62
e1bcc5095d07604629d0bce9477d77a9,1,credit_card,4,224.95
e1d476e141862d870436d761b312032d,1,credit_card,1,65.11
e1d6acaba6d1e84b8514575b9ef6fd71,1,credit_card,1,136.60
e1df35a4d8a73d8ad53be0f5993e6af4,1,boleto,1,73.16
e1e5a84a3748808d3ff0dcb4b58ac5dd,1,credit_card,8,1317.04
e1ecfe26de4293cc0e26bac6c0359f09,1,credit_card,2,204.45
e1f07bd016a804b8e38ba7dcbe65d663,1,credit_card,3,147.14
e1f693a7777b9f6ff730a9d2b45a56cb,1,credit_card,5,99.04
e2047aaabab2869c1080a51c3e6b64ce,1,credit_card,8,349.40
e218234621ce56589ca6157a7cf827ac,1,credit_card,1,66.76
e21fd08d7e36f975120cb6392ee71ad7,1,credit_card,10,231.27
e22127be7a5664250637f87a4d12410c,1,credit_card,4,159.14
e227bbccb113df7570b250faab62f29b,1,credit_card,4,87.73
e235f2f2440fa2abd4c0777a2fda1026,1,boleto,1,84.00
e2456fa3a339b1e8aa3ea8045a1ead4e,1,credit_card,10,623.34
e247a0570d308da27cd7f349902e66f8,1,credit_card,1,27.69
e26e9f6ac81aba6e29fb44def001d695,1,credit_card,5,51.37
e26f55a50645c4ffe8f2278b9c7e05b6,1,credit_card,1,151.59
e271f030943591ad904d1c1ffdfe2a1f,1,credit_card,3,50.34
e27b496ee62de9d46e3f1ed56c2c49c3,1,credit_card,3,109.39
e288fa5f1799464f8ec22b005044bf8a,1,credit_card,1,35.00
e29da678b1634c56e518d57a3354fbaf,1,credit_card,2,101.06
e2a875ab76ae9c68c532baa517d90363,1,credit_card,6,137.12
e2ae500f28aab47adcb9f215fac99b5b,1,credit_card,5,96.65
e2b7031b8151dd5de69d77a161b19c44,1,credit_card,2,162.55
e2b81f0134f91f1be92e48ef39ee0d99,1,credit_card,10,528.27
e2d728d25671b9cc26c08107fad09654,1,credit_card,4,194.66
e2e85885a15f712ba00eb35cf5be7cfd,1,credit_card,10,211.51
e2e8773d11f4499f15349b8f613350a0,1,credit_card,1,151.49
e2ea04401857fff26dea0694a4d1bb99,1,credit_card,6,178.46
e2ec0a81f014ff5006648b818c33219c,1,credit_card,3,212.25
e2fa3a143afcfe0dc65730a780af43e1,1,credit_card,2,138.70
e2fbe37c6717808ef07b8f2b1cc63c40,1,credit_card,2,210.91
e2fca022373f1b683cf49d41e76ec1e8,1,credit_card,2,107.81
e31fbb2860d15276b1e38f43e9423924,1,boleto,1,483.51
e339dedb65f3cb8513ffe6dfa54addae,1,credit_card,1,63.10
e34b841641aa07f65aedb6b71194a2e2,1,credit_card,10,148.92
e35fda43bb9963155d19ccc348e92845,1,credit_card,3,194.24
e3650ea29ce4ca131ce317a0f291fd56,1,credit_card,3,143.96
e36c63ea06394d310e4b4ce9334c0392,1,credit_card,1,64.32
e38515b101676663b3f2cff2a323bbb5,1,debit_card,1,77.66
e393cee11ecbbcc2a9b3dd06a660957c,1,credit_card,3,103.04
e3956b68479689ff22eaf1f931ddaa29,1,boleto,1,62.87
e3986fbe94481f46e166546a83cf8bf0,1,credit_card,6,90.88
e399cbb0337c90fe1809b307fcbe5b36,1,boleto,1,52.94
e3a641fa10d7f975e743158d69c10ddd,1,credit_card,8,95.37
e3b5fc6a21524bb02af5c5ae8934c216,1,credit_card,1,43.93
e3bcb51f9cf80e278397c1c56d827285,1,credit_card,1,52.01
e3bdef3908e4c6a22a657b3786f89d4d,1,credit_card,2,252.79
e3c2135c38233042e0bfa35a97882582,1,credit_card,1,27.69
e3c4e25333597368379529a91b6970a1,1,credit_card,2,68.48
e3c57d0ebff7edcd11f4f15e59ccc852,1,credit_card,1,25.31
e3c57d0ebff7edcd11f4f15e59ccc852,2,voucher,1,63.06
e3c93a72c954974ce7fb82a5f97d8b89,1,credit_card,1,48.96
e3d86ff081e92dedbd7b2a87838f0159,1,credit_card,5,107.12
e3f2faf5604308ede614257aeb86ccf8,1,credit_card,2,29.22
e3fdb4acd9e17c8b90cb9632990ee786,1,credit_card,10,477.55
e40432477b0a9de5823fb1c0fd293a5b,1,boleto,1,99.85
e405bc96c83c1abef95a51cc9e8ca865,1,boleto,1,63.60
e41e7842fa15d821ce598a8b80915cd8,1,credit_card,2,100.86
e4309eeca1cfe3c6df5a187c38817a5c,1,credit_card,5,159.40
e433edc92cb5e3ae5515301b3309e303,1,boleto,1,489.24
e434f79ea884de16e5a8bf32afee5333,1,credit_card,1,295.40
e43a94e0ef58ee8b2507c9176c7581d1,1,boleto,1,117.94
e441fe4a9a90a9174dcecd88671cd3c3,1,credit_card,1,118.60
e444d35248c6b1c8b408719cf0cdae3d,1,credit_card,1,13.17
e494c29003c61332fdf1340bba650cd3,1,credit_card,8,87.38
e49d2358f7bb8587895c7cb6cd635396,1,credit_card,7,160.67
e4a0627e35b5bb50621fc55c9ccc7ea2,1,credit_card,1,64.06
e4b08027ba9629dd5aee79bff0dcf804,1,boleto,1,128.89
e4b6df3eb118302bd304c9d02ca19afd,1,voucher,1,828.32
e4b774f7fa2c4ce8052731dfeb5cc3f2,1,credit_card,2,81.34
e4c35e0087c99d3416b1d90566f28e3f,1,credit_card,2,52.78
e4c5944219ba806a2c6bc1596facb602,1,credit_card,1,50.01
e4cf3be0bfaec7868f5c8ac4f977f997,1,boleto,1,39.09
e4d23e4aa01e7ed940ad8a6c2e94934e,1,credit_card,1,81.96
e4d61351ce186ccc134b684f991a3abd,1,credit_card,3,102.74
e4dbab8bc2ed64c1bfeb63cf0765c0c1,1,credit_card,6,118.07
e4e28f77bd50442ca9e5d0b0fd55c7bc,1,credit_card,6,125.77
e4f5793a41c3b7fc06fc62b75a8ecb47,1,boleto,1,93.80
e517f71dc88296f054e8c386ddce3069,1,credit_card,2,116.94
e531f04ac27aac6bf0cba03986415776,1,boleto,1,74.94
e546da8f5a68e30c67e5cdbb75a3447f,1,credit_card,1,63.99
e54ac9a4438ed19f1367717699a2863e,1,credit_card,10,208.09
e55d5c08b9e26113f2f0b5b9ee191b65,1,credit_card,8,205.83
e560cc6069dbeeb38995174a47c13674,1,boleto,1,154.04
e56f72c9203fe285a42e1c21888e44d1,1,credit_card,10,154.62
e5858127da61f07285827883e605254b,1,credit_card,10,114.80
e587da74353d520a30d8a30587229f22,1,credit_card,1,154.81
e58b8168894c93cf61d36c90775acd85,1,credit_card,4,87.04
e5989171218c1c7948bcca1c93ec2a6b,1,credit_card,4,142.45
e5b2ed06cede059b5085e68c5225d993,1,credit_card,2,67.53
e5c83b9d7049d45d07109c42cb808281,1,credit_card,4,392.86
e5ccd8b1ea09c33c4fc4f38dd671cd15,1,credit_card,4,91.69
e5d5cc62d5d1e1a4e31d7e581247de3d,1,credit_card,6,120.22
e5d8cfa5be1c79663c3c10804a02a372,1,credit_card,8,165.48
e5da8f29d47b6f0f3ef8ab33a013a0b3,1,credit_card,1,74.16
e5e002b62cfa5c3917cd18d862778916,1,credit_card,3,578.38
e5f3aa7d16fea584333063fee66666b5,1,boleto,1,68.73
e5f642cd02cde85e17b08c8c1534801e,1,credit_card,1,190.37
e6152cd6ca627fc4f0f5deddea24f7c2,1,credit_card,1,108.37
e61a7dc1fe0c1e1372543d0de05f809d,1,credit_card,6,219.18
e63535549952058863a162a6c807e0d6,1,boleto,1,165.62
e662e53aebe0a6c5d95652938e2f66d9,1,boleto,1,108.88
e677b67c28dfc75969bbf0ff515c0983,1,credit_card,2,244.78
e67c5e18a6f322301db55af5c4541aff,1,credit_card,2,226.46
e6ab8245f96b5c84ade5edfb8e0c2753,1,boleto,1,542.66
e6b2afa6b02c9f066002cfdab6d53080,1,credit_card,5,73.13
e6ba7ef3fa398a176291132b06cd519e,1,credit_card,10,2023.00
e6baf197cf97695698df42588f7c0d05,1,boleto,1,36.88
e6e4672e14ca0ff3cbdf2e23e1d6cc30,1,boleto,1,125.65
e6f9a5b68fb526cd3212c1bb62436c83,1,boleto,1,22.39
e70079a333e4ddca8787daf05873a6dc,1,credit_card,7,72.68
e703f9ab67e765670d62eeec75af5d62,1,credit_card,8,350.18
e71783fc8cd92f708d13542f6d17ff7f,1,boleto,1,84.33
e7336e1648bf13ca6664c8568363dbb3,1,credit_card,4,200.55
e7374ec864786dbea6a5478d93332e1b,1,credit_card,8,194.87
e74cddc9bc11794b017044166896d69f,1,credit_card,1,35.85
e7535e2fc78c71f46b16b5331afae90f,1,boleto,1,82.43
e75b1f78d337cb36abc23dfd50d649de,1,credit_card,8,110.67
e7645f2073cac65748cf53c69d5abea9,1,credit_card,1,67.50
e77667e4e913dd81cbd1eb473c01fee0,1,credit_card,2,162.44
e77b736410809924bdd6ceea09559cfb,1,boleto,1,34.00
e78a6ebf08a820b5ce4a82208d912130,1,credit_card,3,101.93
e78ce48c9cd4e84041cfe6bed8be2000,1,credit_card,1,36.85
e78e6c2d9d913cda60562cd825c90374,1,credit_card,4,602.88
e7933ced79cabb10566bfaecb47dd4e3,1,credit_card,4,49.09
e79e5fa889ba35a56c0155d5a447857c,1,credit_card,1,93.80
e7ae5aa5c6aee358cae7da910d48fe36,1,boleto,1,44.53
e7ce9b9f4c61af74340791cc36964dd8,1,credit_card,1,56.05
e7d88c2bc8575dcebb7cc0c72c2d22c2,1,boleto,1,291.37
e7df3fcd195fafd25a46f580fc96c9f3,1,credit_card,3,30.09
e7f861ca5d9143d8e586bd85b1aa5bdf,1,credit_card,2,178.11
e7fc47a9bd5fd8c1d1b566d1553be0f4,1,credit_card,9,98.11
e80e2d3130b41e2f2771f7b558432ac9,1,boleto,1,175.04
e8114ebb6eae4aff63282fef68ad6a4c,1,credit_card,1,49.40
e81515594e8f430f4a7ee18f26777091,1,credit_card,4,126.88
e8157cf4fcea528ade55ec61d5cb074e,1,credit_card,1,39.95
e81a8cb665767198e8d2e17dcd39af87,1,boleto,1,95.21
e82323311535cbac6219860ae75532d3,1,boleto,1,78.17
e8250a89f967d49af320330c8660a9a2,1,boleto,1,145.08
e82aad8d522b370541586c367c19a1e3,1,credit_card,7,377.07
e82d53d269948c3c4b7bdd5f15a5db0f,1,credit_card,3,31.75
e831082804ec0bbebbef04e8b2d8a525,1,boleto,1,60.20
e834b1811f1b453f8c3c5823249b852d,1,credit_card,3,135.49
e8470f7ea8b4ca604cef2a97b725c27b,1,credit_card,1,105.28
e8474158736fcaca4c7f83b6f610aba1,1,credit_card,3,181.56
e849e2829de302019ae8bd9924055171,1,boleto,1,606.46
e8570cab2c50d7a922f29d959fa57a2b,1,credit_card,5,94.21
e86076594f76aaab01e5c99b1863fb50,1,credit_card,3,36.34
e86b1b2dd48839d7351406434afb578d,1,voucher,1,20.00
e86b1b2dd48839d7351406434afb578d,2,voucher,1,10.60
e86b1b2dd48839d7351406434afb578d,3,voucher,1,1.78
e871719502deacb16343832ef4623a07,1,credit_card,1,119.48
e8735e0751e0e33b80ae0bac98f65381,1,credit_card,2,154.92
e8a6076acc910f75cb8b149ecc89441e,1,credit_card,7,146.57
e8a7971efe578b8e5a140c59f190c52b,1,debit_card,1,196.49
e8a8221d81dec1257a582b21f3db43fd,1,credit_card,10,110.51
e8ab4523e5661e8945b938ccc4d89553,1,credit_card,1,88.76
e8b21d9ed9cdf4a4edd7f24e82f65afe,1,credit_card,1,46.09
e8b64378ad79a0463f32ec53ecc00881,1,credit_card,4,65.71
e8c12bea30d2a23cd334b456cf469112,1,boleto,1,133.13
e8c7196e322086d2f22890afc5f7e750,1,credit_card,10,138.28
e8df0b08b2d6162f2a109f931d0774b6,1,credit_card,8,236.03
e8f9c3d144b4f81b7250b660737b1256,1,credit_card,4,66.05
e905fcbedf011d18698d529c885b7802,1,credit_card,1,61.10
e90ec4b6b234181833371ada5474c96b,1,credit_card,1,95.76
e9171e375d76592a7c88e9f155664869,1,boleto,1,59.33
e917a7cb4d175976dd50e47989af2077,1,credit_card,4,107.90
e918a18483ed36b716b6fbc8cf570e83,1,boleto,1,52.51
e932edaa6417ab9aba25187f8e6433dd,1,boleto,1,34.22
e94463ec887705d951724d52248d7855,1,credit_card,10,227.38
e979ae327ab74afbaf6f54421c6e4d74,1,boleto,1,106.50
e97b95303d6054c4c492d83dcd06ac20,1,boleto,1,56.16
e97f2ab00999396915482eda86838b33,1,boleto,1,43.00
e98ca3f29aa70a0cb19f76d286905f03,1,credit_card,1,59.43
e9a18a01a641ece17c11a804a3651208,1,credit_card,2,115.86
e9a85222994b1065ed4e23c6426b64a9,1,boleto,1,47.80
e9a87f539448764e674a6b96122c3ef3,1,credit_card,10,300.74
e9afde34823f289edc4598cfc1280a46,1,credit_card,10,517.22
e9bc7c86be84f95e01a59c247ddf6208,1,credit_card,1,197.58
e9c9ec206dfea33f9613e1cac82f575b,1,credit_card,2,77.47
e9ccb8277ecd5374b5a0532b5ee47f7c,1,credit_card,9,159.94
e9ef734824864148c2c98d40fa9dcc7f,1,credit_card,10,551.15
ea1746bab086c3edea7d06f8cc510bb2,1,credit_card,1,27.77
ea2a094b786d1184a3b3cf0e5f549d04,1,credit_card,3,61.42
ea70e5a90428412625a4e4167b83a370,1,credit_card,10,126.47
ea8a923ae9fcd23e6fa17eea177c3cc1,1,credit_card,3,44.24
ea921667f0ab37edbe094d0e67c9d454,1,credit_card,4,386.66
eaa96511c925f79170baaff57cd261ec,1,boleto,1,35.00
eaab44d4e74c7fffbef5ea53e34068a1,1,credit_card,8,87.64
eab0944c40c304c769e5c24309caa8cc,1,credit_card,3,48.62
eabb26aeb1ce1147b26952c40f719f0f,1,credit_card,1,54.27
eac4ffbe456464bdc3ce5f001b6439c5,1,credit_card,1,94.63
eacbe7948aadfac0292211f2f352fdeb,1,credit_card,8,163.00
eacbe7948aadfac0292211f2f352fdeb,2,credit_card,1,30.96
eae87b24ee716eaeed2b3b67eab5e244,1,credit_card,1,58.13
eaf073079dbf6ebac22213d250816e2b,1,credit_card,2,27.68
eb1c390413604079df388d4093910e74,1,credit_card,10,674.20
eb2e026bae01f340ff4c0cc9aad6aecd,1,boleto,1,141.30
eb3fabeabbe68b3abea891b6751aa77f,1,boleto,1,388.74
eb529b6aa88196cef958e24a0a8f4086,1,credit_card,1,40.46
eb56ddfc112b49241ad368f44da00dc3,1,boleto,1,113.42
eb648c502f9756a959be78b19b069bc3,1,boleto,1,96.80
eb808f17e12419314395e5309b23258b,1,boleto,1,100.34
eb89fab6743f52417dec1e885261e10a,1,boleto,1,154.89
eb8f24cf4aa474bfe99c062aff65c4c9,1,boleto,1,21.59
eb8f4a89b1e0d647cd917487b06bed58,1,credit_card,3,56.60
ebb615f4359b27e961316b3959532f6c,1,credit_card,4,43.27
ebc45391c3d191ea75a52f6e2201d311,1,credit_card,2,53.58
ebc7576de7c411cd4196d81d312d191e,1,credit_card,1,37.38
ebe0a2b49f09387ce9e38a8353ae7f27,1,debit_card,1,57.51
ebe6eddebae955b95268b2c70cdc019e,1,credit_card,5,109.89
ebea454f1c906682ce99e01f407a77b4,1,credit_card,1,74.36
ec00b687490dbcd07e98596ae801b8cb,1,credit_card,7,79.94
ec073f2bd759729986c0da65f688ddc8,1,credit_card,6,246.82
ec082d3ffd103096f9274b6247217ff9,1,boleto,1,232.81
ec0a4a160c4311f1a8c9d4d79872de75,1,credit_card,5,206.07
ec13417c22246237142725ec35601c99,1,credit_card,1,44.24
ec1bf6be538a31d3b13bfa67d87010ce,1,credit_card,4,85.81
ec1ca92aa0c364b34658f56d01e48691,1,credit_card,2,273.31
ec38e40a750810e337a528576f0090e7,1,credit_card,2,102.81
ec56d96c2ee83fd3641863f6e7b66d41,1,credit_card,1,61.85
ec6d1b017b14b90d5c60fcfdc2b7216e,1,credit_card,3,35.23
ec74f95e952a1019fb566fe39c383dfe,1,credit_card,2,106.87
ec7b08d39b75ac7d28c6fda42d3847b1,1,boleto,1,60.10
ec9a51782b5483ba996ab13bc3bbc30d,1,credit_card,1,78.28
eca3ad869826b027ef93cf88ec6c0e44,1,credit_card,5,322.55
ecb7b1b5d15cf872f986f88e7344d9ed,1,credit_card,3,188.28
ecbdd603d8aaf9ee128285c94a390caa,1,boleto,1,63.27
ecdfdb87979ffaab7c1133bf18fdef83,1,credit_card,4,46.85
ed130013de4053d7678825d4d8e7deb1,1,credit_card,1,45.76
ed159f7220fe49164a43fbf4fe3a15d1,1,boleto,1,42.51
ed1f83ea460fccaadaccff780127db45,1,credit_card,4,43.22
ed35f59756edecbfcefb866146f00905,1,credit_card,8,1344.82
ed510933339bd7b6d8e16d6c83026998,1,credit_card,2,86.02
ed547e006a962def50f36ec5cedbe46b,1,boleto,1,50.01
ed5d4a748b19272af146935199dc6329,1,credit_card,8,116.44
ed94f5031833364ef7942a2b0328756f,1,credit_card,3,226.14
ed98c37d860890f940e2acd83629fdd1,1,credit_card,1,176.16
edb858219a0b7155ce5b977c044ef9f9,1,boleto,1,213.73
edc13c926d0553c5c63666905a3adb6b,1,credit_card,5,120.28
edc852e0d271566f7923b10c089c30ec,1,boleto,1,133.42
edd5efc0d9d7294fe4bf1636c26cf9d9,1,credit_card,2,65.00
edddb585a5c894ef488568334c567e2e,1,credit_card,1,97.32
ee044ff2777c49a97d4be749aa8e24bb,1,boleto,1,104.87
ee24e7d976a47cc46be7304fe5654ae9,1,credit_card,1,62.65
ee3a699807c80432481120cf1deb06c7,1,credit_card,1,82.80
ee49aa5583df0eaab10299357d126386,1,boleto,1,193.98
ee590d1b6e4571a2c03e30571fef072f,1,credit_card,1,35.32
ee817f9b5a460a02a218d34e1b6ac26d,1,boleto,1,113.26
ee86b68eb9222b0cad7da50f4f758a35,1,credit_card,1,124.52
ee8c69ed1b1fe27af62030f079d647c2,1,credit_card,4,40.68
eea3254200d621b24b7741950693e956,1,boleto,1,54.07
eea58982d534991bfd7f844e9ff0e28f,1,credit_card,2,157.40
eec1e7170bc88c845bee8ab6ef36721c,1,credit_card,1,106.37
eec7f369423b033e549c02f3c5381205,1,credit_card,6,272.01
eecc1b7c0a139c574d4f9f7e707bf083,1,boleto,1,81.89
eecc2228a558c977d240693c7adf6dc2,1,credit_card,3,308.86
eed169e888ef45d577ec9d8972a597c6,1,credit_card,10,273.49
eeed16ea7d99f4531ac2aefa8dd79368,1,boleto,1,72.14
ef13a698cf88c9e17ccca0261e0b9e7a,1,credit_card,8,94.40
ef13a698cf88c9e17ccca0261e0b9e7a,2,credit_card,8,94.49
ef2d4e1e249df529bd9607d86aac1422,1,credit_card,3,324.74
ef30a80a52425b419de68e25624a8a9e,1,credit_card,10,112.19
ef39e8a01edeec8664b6fa8ebc5f3b9f,1,credit_card,1,61.43
ef45721e5184380ab98c58de39230c42,1,credit_card,3,89.27
ef690426d84aff4f5560cb63d1092557,1,credit_card,1,130.26
ef8ab3e652b44dfe541199dc0b9f5d09,1,credit_card,8,215.14
ef94e1ff9bb30d81e5e8c9bf9527bc16,1,credit_card,6,68.73
efa247c04ccbd33d0ddfdcd3817466a9,1,credit_card,5,154.45
efa2e42246bfe580af1b33ae96edc78b,1,credit_card,1,36.02
efacca5eaae8bd32666ea169089f3e59,1,credit_card,5,187.48
efbc31f25e73773a418a59dcd5ee7fee,1,credit_card,10,168.36
efcd8852328a37fca811747c09c6fb69,1,credit_card,1,59.88
efd8d1b981913fbc82d5cb85e7e0373f,1,credit_card,2,123.10
efdaf1dc3d38b68061394b681ca45ff8,1,credit_card,3,169.84
efe2bd0e4d25b933231492f36a6e1847,1,credit_card,7,1394.77
f01221bdbf37c9c792b4cc3e78dc5dc8,1,credit_card,4,350.41
f013cb01232922e713ffadcfa3b52368,1,credit_card,1,65.00
f014aa85d8f495d824d120e9035faacb,1,credit_card,1,49.44
f024323e3c3e4f505cd695bc87a9bee9,1,credit_card,2,92.30
f03c93c7441f0edaa7987c4313467110,1,boleto,1,66.78
f03ff8d4dd01b31194926029790475f4,1,boleto,1,54.00
f05e28dab420413c46a8eb509b5767cf,1,credit_card,2,69.73
f05e32e2cc67748c34a77da2ff68841c,1,credit_card,5,56.65
f068cf7680252cb38a48b6c831c03342,1,boleto,1,72.83
f07ad60eb1e9d4b3be1029f373321408,1,boleto,1,502.80
f07ffa8133ca1dcbc015a9c0ee98c872,1,credit_card,1,153.41
f090de1b2ed9f4e251662cb31e3c7127,1,credit_card,2,27.63
f098ba607d20654e7e6edc6be7c742d5,1,boleto,1,65.05
f0a795dac0e5cf6a6f98cdcab173ffb8,1,credit_card,2,110.37
f0ad6b89b7bb4a740b8121a4a69511fc,1,boleto,1,114.68
f0b47dadd5f372c41ae2cab6c72877da,1,boleto,1,46.58
f0c00b0c02ed4f14f20fad7c26002b9c,1,credit_card,10,1736.30
f0c8f501afe22bb7a23e3721bcc6221c,1,credit_card,1,89.88
f0dd29734578caa3db607e173070e2a9,1,credit_card,3,84.73
f11844e5101079fad91a7d31842b9ca5,1,credit_card,4,172.87
f11a42c865e929c2b7709f3390d1bc7f,1,credit_card,2,35.46
f11d5bb456a331aa3df2a83c1bd4af85,1,boleto,1,50.84
f1282227fa785dd8dfdcdb22f99be533,1,boleto,1,29.47
f1331ba967671bd1a0cc183d806c57c7,1,credit_card,8,215.60
f1383f0e3f1a27d300b52df20a252be3,1,boleto,1,267.00
f14111b697a9152a18836775aa24ddad,1,credit_card,3,196.44
f14cabd169ba0d0ecb7433e55c72aca2,1,credit_card,4,167.67
f16010e0add047ba483e2b3eefa7c60e,1,credit_card,6,69.61
f18209d8f562e6e43f73013f3e9aa40c,1,credit_card,10,246.61
f1849c4f06c0360ebf0862e55c31fa8a,1,credit_card,2,128.35
f18f5dcedf8a6caf530bf0cad9937b4f,1,credit_card,2,79.80
f1a96431843abf74cfdda6b6307971fa,1,credit_card,2,21.95
f1adecdec113c6c915849913c65ddd59,1,credit_card,7,355.12
f1b69a785e2f47e44415f46f270f1545,1,boleto,1,189.88
f1c5f3e9df9be5699de80cb4eec88c04,1,credit_card,1,107.00
f1e21bf02dd5a9f69c64397ef7bd0433,1,debit_card,1,82.51
f1e26a3e572b95d4a002309cc2ae18d7,1,credit_card,10,133.48
f1f77c2644fb432824a8e7183f325b11,1,credit_card,3,164.78
f1f812f73ca332c8951443e6dc2f8d54,1,credit_card,1,93.83
f2194f10572bc6bfabc99465a6d3f55d,1,boleto,1,43.69
f223b1d420663a0ee1fe062836f32289,1,boleto,1,119.18
f22698a00370679c0784aae7c060f87d,1,credit_card,5,59.96
f22ef2baecb171381117e0ce752cf282,1,boleto,1,70.15
f24afd66659f204e2fe3866ae39f4e20,1,credit_card,1,85.58
f24cd74db6ccacf156b3f8061a765a38,1,credit_card,1,108.52
f24e66cdbbf1d7e24f946efbc3b47bb3,1,credit_card,10,308.33
f269a04043c3f398ee0ab759b7af3678,1,credit_card,1,79.61
f280cc89e43c0261d95d1ee72a78cb8b,1,credit_card,5,67.50
f282ce44705a84bdcd2784a5c18ffefa,1,boleto,1,158.35
f2aa68d062b1d37e398f705a9cfbdb51,1,credit_card,9,182.69
f2be3946c5ae27518a65c37a05b914f9,1,boleto,1,65.09
f2d16f462937b4496beecdb680e7e199,1,credit_card,2,147.07
f2dd5f15184c73c0d45c02941c7c23d1,1,credit_card,1,91.92
f2e97c3464ad5fb53d6be7afcd0e3eaa,1,credit_card,2,33.75
f2ef8ad9ee61aaa6334cf0967193a602,1,credit_card,3,35.86
f2f6707b2576619925ea0e63103975c0,1,credit_card,4,349.69
f2f949c0ccde761a4485b5535eae0467,1,credit_card,2,358.54
f31e4f9ef9c06d4ec8fe2cb66c65e384,1,credit_card,1,146.68
f320fe2d0f359c67595c70baaf9ffdef,1,credit_card,2,56.08
f32297601abbfbf31af1384e85636bac,1,credit_card,1,92.30
f325a745f44598592ea78a6e64b589b4,1,credit_card,1,34.65
f32b1e3320d65b3c94140ffe559dda4f,1,credit_card,1,33.04
f349e78f52cb2d25cffd4cc44f168413,1,boleto,1,141.23
f34f5fc0699f22c0ff25056c89074d28,1,credit_card,3,66.62
f35013d66cfcbe79e1bcedd6fb914278,1,credit_card,1,77.45
f3534c412bf7774091285cb7c57ca373,1,boleto,1,81.89
f36968a6fff53a64b407f705a0566478,1,credit_card,4,396.31
f398a143c0fe171d965db2096cf064cf,1,credit_card,10,2183.41
f398a143c0fe171d965db2096cf064cf,2,voucher,1,1113.99
f3aa2dd753099c0b69934615c49540c2,1,credit_card,1,21.77
f3b96845efd71daecf6b331fb3a9f537,1,boleto,1,62.44
f3c2158661b32530c0482c598745fc61,1,credit_card,2,78.17
f3cb950f0d57842dbbd55317ceaeaa71,1,credit_card,1,401.45
f3f19665e7205700de2a40ff56bf2d28,1,credit_card,1,91.29
f3fdee8d27166359de2abe05ec16b351,1,credit_card,2,37.99
f3fdee8d27166359de2abe05ec16b351,2,credit_card,2,30.67
f40af969fcf3d71db248ca5459f0b7ca,1,credit_card,2,91.65
f40d3749a6d621bb95be74a8ce79e06f,1,credit_card,8,1347.96
f41b9d67732ba2f147a193ec9d38fd69,1,credit_card,1,37.61
f41f4f0667b69592fa5bef59e5ef7fad,1,credit_card,2,108.20
f423569a17449da1163fa5de4414338c,1,boleto,1,44.41
f43dce59f4547d6918c7b2360f27698f,1,credit_card,3,53.23
f44845a8eeec9bf829093ad92c846c09,1,credit_card,6,69.69
f458316312c3e16919d3eb5f56c95930,1,credit_card,4,204.58
f45a9d097cad72a13df7a423d893dab6,1,credit_card,1,56.39
f4788173ecaa859073b6d2c4a35da40f,1,credit_card,1,56.36
f4828ff963f97cbba213b56e3154ef2f,1,boleto,1,155.73
f494e4f6b6de7aeefe3af00acc8b3426,1,credit_card,1,53.37
f49c0fbc31a71d739df8b7c13dd6ffd8,1,credit_card,6,63.51
f4b75a851727133860699dd7a8acda5f,1,boleto,1,147.66
f4ce5abb3bd4aac9e9c5f5685604cbcb,1,credit_card,13,136.89
f4cfe242b2a63f75c59446a0f5a8ee94,1,credit_card,8,226.48
f509a7040093f6d9092290c14fb8cdb2,1,credit_card,1,181.92
f50a129ed971ecf763627e2b2a94be73,1,credit_card,1,29.77
f50e54b63f3aef3514497d67977256f5,1,credit_card,1,156.27
f50e6fe960b68d2b8510cc0cef8ed8dc,1,credit_card,8,192.50
f5147f84d290b6615104539af53179fd,1,credit_card,1,38.42
f521316c3f7b3dca86fee711afb2ab40,1,credit_card,8,426.10
f522ddf23e3ce51e2ad669c0c55f75af,1,credit_card,2,116.27
f52ca6450bdbd97aace8dc2d9d711000,1,boleto,1,243.45
f536792a13716fb94028f1c59984763c,1,credit_card,6,66.96
f53c55d69ec100514da4915a8a3d72b2,1,boleto,1,55.24
f5508c24aa4418c7069ad5a43b06bdee,1,boleto,1,25.04
f5534d6b1d3258a7ffec513deeeade95,1,credit_card,1,69.64
f55846241ee01e6a5d8401e58d5b6c77,1,boleto,1,186.91
f565be42bf5390f6cd98934cc4c17091,1,credit_card,2,99.90
f5662da1743a5f7589fe85510a24e197,1,boleto,1,75.08
f584750a7d396178965d61cce2bf2c9a,1,credit_card,2,55.24
f586f078b428a8fa67820e1606760010,1,credit_card,1,60.10
f5ab5341b520987fc899c69ec795dc1d,1,credit_card,1,118.29
f5b364f870f2417bb837200eac7677d6,1,boleto,1,235.30
f5c1445b3732010dc5ad14eff121f7d0,1,boleto,1,113.16
f5eda0ded77c1293b04c953138c8331d,1,credit_card,1,143.83
f5f15b58af5d98ee482e59fa194a9112,1,credit_card,2,92.79
f605124d27f2e57fff4d4555277d0dbd,1,boleto,1,53.85
f614b00ec28e93d421101c1a27369277,1,credit_card,4,195.91
f61f547d212a8e108eb2a928aaa5fb03,1,boleto,1,69.49
f637d76c398963bc6fd99947a23806f6,1,credit_card,10,296.33
f637db9f107a517712822ef3c44024aa,1,credit_card,4,40.22
f64acc0cecd62080222884dac91d7e81,1,credit_card,1,216.93
f64c7fd99793f1416dea0acbf3d9892f,1,credit_card,5,181.71
f655ae6fff7b523b34ac845cd918b87f,1,boleto,1,165.40
f65ca26881ac6c0ef00ce00baf3d157b,1,credit_card,1,96.27
f6661fe3177a741fbfd91547b86a00e9,1,credit_card,8,88.11
f69425cdf960af0610de624359fd6a04,1,credit_card,1,55.61
f6a40045364c9ef1f9405ef1d094c389,1,boleto,1,1478.95
f6a88b9bb4c26463d70208b8ad03eb28,1,credit_card,1,33.10
f6ab013773ba1820dc3239e7388ab5f1,1,boleto,1,30.10
f6bf3b24291e3adaf0840193cedbf844,1,credit_card,5,223.35
f6c83f331fa7998140a4cbe44f87b38d,1,boleto,1,130.56
f6e3e88cce05228735d1d123916961a8,1,credit_card,1,50.10
f6f20338750875ffa91d23d6d6ff4fb2,1,voucher,1,129.05
f6f4658567da4b739eacf70531b041df,1,boleto,1,138.53
f6f4791d4e9af576b54789af41c06f23,1,credit_card,8,86.93
f70dff3502fa3fe88532b170cf4f126a,1,credit_card,5,277.86
f71db65486473af693cb9575b5b77acb,1,boleto,1,20.38
f72467d6531722969a365e9bad203276,1,credit_card,4,185.85
f738ff751aa9c2388f4009d04ada528b,1,boleto,1,57.62
f75517cfb973c21eab8559a870263794,1,credit_card,10,231.27
f76722e1f5bbed6240fe01d579139c3f,1,boleto,1,63.10
f769d5778736c059f21be80b520c0b86,1,credit_card,1,35.00
f78c8c3b43d996a8ff2d7be6a2eb5e8a,1,boleto,1,189.16
f7b7cd620fccb9f2041e9f3b569d49e0,1,credit_card,1,70.03
f7b820ea870eadff426970af299e9384,1,credit_card,10,213.74
f7b919c0d2c64a38f645de0bb6f20e4e,1,credit_card,4,75.35
f7c60481e9597efaf926c7fd126b2483,1,credit_card,1,21.62
f7c983ea77108633138dd0ff5e2fbd3a,1,boleto,1,255.96
f7d960d092a081a1124e6f27cdeb2130,1,boleto,1,65.27
f7f3b76959c6fadfb61d9c5474b885e7,1,credit_card,6,62.49
f7f84dc96924f895eeee8f89515012c3,1,boleto,1,25.00
f80ad99e797d6ae86865bed1ff9483dc,1,credit_card,2,29.33
f80e68b525d4ea7025db2f4648d4007d,1,credit_card,1,107.57
f8269b176544d1f16f51e785046d1785,1,boleto,1,132.46
f832a90e0e5f392aa29255b5716b012d,1,credit_card,1,107.46
f8337e09908840a3536231a3a198b43a,1,voucher,1,95.21
f83c8acd504b93200d7313d293a35f31,1,credit_card,10,107.41
f8433ba8190dc8137e3409d466cf90ef,1,credit_card,5,54.98
f849a31dd0dcf26a9af068f40ab197a8,1,credit_card,4,44.46
f84df8c0d5dd2861dd4b0939c1a9fc27,1,credit_card,1,133.18
f860c7860a105bb2aba6dbdfbc7f17ef,1,credit_card,6,93.07
f86be73e2deb7e4d522ee8922cc02bd7,1,credit_card,3,30.64
f86f6472fa9f395d8d9a6751ca118afb,1,credit_card,1,64.03
f8813be969dfa2d97ee44b025c9bcaf3,1,credit_card,1,36.11
f8813be969dfa2d97ee44b025c9bcaf3,2,voucher,1,100.00
f8815360ba396d9d7cfa13aa2048041e,1,credit_card,7,91.27
f8898796f33b7a0741dc0cf4f54c0001,1,credit_card,2,106.88
f89a86148310b5d6a02fbab8f1c9fb77,1,boleto,1,84.14
f8a7ddc8ce9090a2647d48daecae3a24,1,credit_card,1,257.04
f8b187febb8635055dee874a1d99aa0c,1,credit_card,2,27.77
f8b8a77937cd83cba18622b9e1e2681f,1,credit_card,3,71.14
f8bbf6bc03d0fb7a5a78e3dadea9f278,1,credit_card,1,56.22
f8cbe869cc12ad59a53e2efa569d7e34,1,credit_card,7,212.73
f8cc09140951893d329b6f1bb9106ab3,1,credit_card,2,209.08
f8d682487207f7eab4caa4ab2f2968f7,1,credit_card,10,149.76
f8fa646064b580d92a30a5db627a817a,1,credit_card,6,319.51
f8fb39acd1750678fd3d2be1d4166cf8,1,credit_card,1,62.22
f8fe8d24cb8a4064a82cd795715643a4,1,credit_card,1,52.57
f90185ee34b0b34c876b408aa6a5686b,1,credit_card,1,85.41
f9114a9615fd4c8a09fa0768afb4a8f6,1,boleto,1,216.68
f9144beb4a52ad3ca5337e1f9409a3f4,1,credit_card,1,119.79
f91eb2806b28dec82d98c3973af406c5,1,debit_card,1,93.19
f92658c234d93f1b5e25da234dd2968c,1,boleto,1,91.76
f93bdede82a36c75fddda9a509f2298b,1,credit_card,6,127.92
f94344586ac6663aabd08cbb1381e347,1,credit_card,1,57.13
f95bc347226e75c87d4c329d25f64970,1,credit_card,7,95.30
f95e68e0a929684e9e406ad28d6604a3,1,credit_card,1,157.22
f96b5c312ad850920b6aed06ee8881ad,1,credit_card,1,45.10
f96c24233b2160cbda61f76e59f81412,1,credit_card,7,71.74
f97038209977e4fcbbbb7ca58e55bc1b,1,credit_card,3,182.62
f97b22f43ebe3a849c11dec2d26ad2d9,1,credit_card,1,35.13
f9847bf9cc7336c6ba07fe2bdbb6cae1,1,credit_card,6,139.20
f98a633c73840753516ca92e24128574,1,credit_card,1,85.14
f9987d1807253fd86a6152d06bcc46a3,1,credit_card,2,176.87
f99f378d18912c456349267972a22691,1,credit_card,3,254.14
f9b70a12018e8fc54ff01781ea794a6b,1,credit_card,3,167.29
f9b7d4be1a26d7a0017957e6a6f26e01,1,boleto,1,63.23
f9c3b3bf31139769a9952d2228555efd,1,debit_card,1,51.14
f9c78e6e58306dc81efbbada1ac11f24,1,credit_card,1,215.84
f9cda286ca417062ff15bf5d63fbc70c,1,credit_card,1,24.13
f9d852b1cf2bd8c89bc635849359cb4e,1,credit_card,4,418.68
f9e254c56ad8dc27d6fd34b26f94711f,1,credit_card,1,27.29
f9eb516475260ab01f33937aac3cfd40,1,debit_card,1,156.39
f9f19aa140c738c064cb3cb17040a30d,1,boleto,1,242.95
fa0f0d1f0217a8e31b498715069cf94f,1,credit_card,7,201.53
fa1e2a95826b093d8c6bdee094c13c2b,1,credit_card,2,45.48
fa200e49cb5e3ae19cde414d9d9161d4,1,credit_card,3,91.03
fa2299624a4957d95dd526fc552d1ff1,1,credit_card,2,90.62
fa2c90cc79e4e69f0083fa936998174e,1,credit_card,1,171.62
fa2d13f8e78f4d76a375ddac6b2d4337,1,credit_card,1,38.78
fa2fd666118d799e8d1872a146839d77,1,credit_card,3,140.68
fa42ca789329fe838b380b2dce4c0307,1,credit_card,6,171.75
fa4ab8250c20f75f121f9ebbfd0a915a,1,credit_card,2,25.09
fa6e00b909d5805dc02b5456fa40778b,1,credit_card,5,65.81
fa82edaf6d788f4a8a80e2f8fc4cb9b7,1,credit_card,1,82.75
fa8af66ee11f929d58f95e9a0522d792,1,credit_card,3,60.19
faae3d4acaaab21062794c932248e58b,1,credit_card,1,171.48
fad45938bae3bd8a63fbae03cc8ae040,1,credit_card,4,852.37
fae78da81b7ad4a5389732f61e0264ef,1,credit_card,8,136.00
faeeb4eb4150e4e1246627ee36ae6f60,1,boleto,1,68.22
fafd2c21c936debfbe975488ded4667a,1,credit_card,4,309.50
fb12ff6f5be15ffae684b3cc37abdf24,1,credit_card,1,57.50
fb14d0b924669f4fedd4109bbbfbb736,1,credit_card,5,101.14
fb3d9a7dc344c0c035d8c5c808d428d3,1,credit_card,7,70.04
fb4717856a1a4e0a10b9230a1f4b7e51,1,credit_card,1,111.35
fb520e46696d1669a96549c252ed177d,1,credit_card,1,86.18
fb7d6ea70e823cfb1afca3524282cbf9,1,boleto,1,376.25
fb7f2bd158ff5c98d1c6f296100b89ee,1,boleto,1,38.17
fb8d3c9c828695a80f48d03b0675ea08,1,credit_card,1,73.96
fbaee591810d3fe0adba011d245616e2,1,credit_card,3,145.77
fbaf27e77414fafd620939df6eeb37f0,1,credit_card,1,78.69
fbbc0a864330509c41ca4b4f0ff9b780,1,credit_card,3,91.19
fbbc0a864330509c41ca4b4f0ff9b780,2,voucher,1,140.08
fbc0e39ffd844ed939344840824834d5,1,credit_card,3,284.90
fbdda663869065b1521bf7be56191f6f,1,credit_card,1,51.75
fbdf13b5cfcd66dc81e7fc629df1877e,1,credit_card,1,113.44
fbe61ad65fab58d509a6785653636a57,1,credit_card,2,92.99
fbff49f23160970478cfc548cf7acde6,1,credit_card,6,227.38
fc0933f59ece039ad7fd014c0464b77e,1,boleto,1,258.44
fc22b5be95b78b75981e0941fde2d34c,1,credit_card,6,155.63
fc3aa05d6850a6420531377b15473f98,1,credit_card,4,228.78
fc447b97d47426eaf8ec60d936f96ca9,1,credit_card,8,1166.44
fc44a585a233aa97fd6b95f25e97cc7b,1,credit_card,2,55.60
fc4bcada7517f413ad3d38e7404c9b3f,1,credit_card,8,162.57
fc52f0b6b2799aab381d22c1500ec63e,1,credit_card,3,106.76
fc566a7948095d23a16e8e2fb3c8ffc0,1,boleto,1,34.21
fc7638aa60943d049d9b5811c587226e,1,boleto,1,52.71
fc7e0e70546cba116020b8c07f87da04,1,boleto,1,47.77
fc84e4c7eef7e91a7cd081a2f273f5b8,1,boleto,1,412.96
fca7b989b55ec495fc04ef8344bdb7d9,1,boleto,1,198.59
fcaa22948cf53b9b3ff7de0c67b6391c,1,credit_card,1,36.75
fcaae2ec3667a30a9164785ba78306b9,1,credit_card,1,34.00
fcab81c753507a9453c01a1b9e136d2f,1,boleto,1,286.59
fcc0c3371e0af4947b6b4c013ecc6e35,1,credit_card,8,195.90
fcc13f1fc01aacaf59da3b5bbc2e1b9e,1,credit_card,2,65.22
fcc92ad75bbb8728d4d4488325ffc907,1,credit_card,10,297.95
fcd173d025d9960fde973eb391a98e0b,1,voucher,1,141.75
fcdc3e0003ba241c9a56bcdc32590c38,1,credit_card,8,1116.81
fd038d8e957d1407c9928ef57603146e,1,credit_card,8,364.78
fd16cef57164811712478da2f5bf81a3,1,credit_card,1,23.08
fd192fd37b66b1d22bfe7b82ace0a064,1,credit_card,1,24.23
fd22d0466cd7c6203111661f9efc93a1,1,credit_card,1,61.60
fd3b391929c4fc835fb015acdf8049e2,1,credit_card,1,51.05
fd4bcae925b879102eb780d2bfc495a8,1,boleto,1,415.32
fd6822aef9479a47f192820b4a22dd96,1,credit_card,9,862.05
fd700d48d34b0b4f75767e4502c3fce2,1,credit_card,7,79.56
fd8acdf929a762e10cb02698d2116fdd,1,boleto,1,121.11
fd8ae066cb36d75d6a3679bb30370c39,1,credit_card,1,64.51
fd95ae805c63c534f1a64589e102225e,1,credit_card,3,31.77
fda5c50c453838651054465df87d595b,1,credit_card,3,206.92
fdb3ef83ea6f7bef7d13bdd9b38da661,1,credit_card,2,122.54
fdb3f8e441b4613d2687df310f3dd318,1,credit_card,2,99.23
fdd0f5240ca014963e5ae66b99423908,1,credit_card,1,50.87
fdd5c1089ba5eeffbe95fd36269b6d5e,1,credit_card,6,76.76
fdf3aed22ef0ab57a54765773154b8bd,1,credit_card,1,129.20
fdfb66d87e905833548d15ef7f08ee60,1,credit_card,6,303.86
fdfe6a493395db719f0dbe0ff0c40400,1,boleto,1,112.24
fe03e808df6c069fbc70b82be411d07e,1,credit_card,1,74.47
fe03e808df6c069fbc70b82be411d07e,2,voucher,1,69.58
fe168a6c6b0558d8b3767bdb616f87a4,1,credit_card,2,29.13
fe185068c0d733ffb18fe6636ac8e498,1,credit_card,1,66.01
fe206005e41f89f9759ece7fe7acc9c3,1,credit_card,2,303.79
fe2eaa51ed9131df5be8b566f10f3772,1,credit_card,1,165.32
fe5934ce67c87c337cf9c8575d7772a0,1,credit_card,3,32.38
fe650e72e3f39d6c3a0e3d87da7971cd,1,credit_card,1,59.78
fe755232f249d0844951831268c55593,1,credit_card,10,271.32
fe8557bac7755475950823aa9b15ebb3,1,credit_card,1,87.32
fe95adc34996ff34a9e162373c058584,1,credit_card,4,98.29
feafc8e3422f6e1f4c00bd29dd9c2921,1,credit_card,1,91.23
feb1bffbc0aa19c5d82a2d326737877d,1,credit_card,3,31.75
fed6ef6fb04042a3b895df051c11225f,1,credit_card,1,37.58
fee65893d04eea449ea85e69ddef8e1a,1,credit_card,5,53.24
feeaaeb6a99fc794212a29c84e6d527e,1,boleto,1,27.46
ff07ff058c25c993a564127557043c5a,1,credit_card,1,65.62
ff098b9342213641be5da8163f0fcf2c,1,boleto,1,1373.83
ff18b518679a92dcb00e16fae93c6d59,1,credit_card,5,172.30
ff20ee702706d9e407a34de9fe2ff768,1,credit_card,6,132.10
ff20ee702706d9e407a34de9fe2ff768,2,voucher,1,50.00
ff25dab86f7fc3fab00de25bf1489a30,1,credit_card,1,31.85
ff2b99df83d1c413829f65efca33da17,1,credit_card,10,259.01
ff3cf519c35d0a3c371c62b507838a45,1,credit_card,6,228.03
ff73e2e57b5c7d3a1aa7c3ccaacafaa6,1,boleto,1,180.25
ff7cbd73d6ce84294d3d40ec1a7e12f3,1,credit_card,2,40.00
ff810096eb7a808fce380a6eccf0b746,1,boleto,1,48.72
ff8d0c8b5c1e8bdd6f8e3170f6fd62fd,1,credit_card,2,120.17
ff92b9f4c3333e0e977c4530a2e8d9cb,1,credit_card,1,98.65
ff9fa3c222a580f6b52c81a08bd4f7dd,1,credit_card,1,67.91
ffc29f864fd689fab9ae81be82baf8ef,1,credit_card,8,84.26
fffbee3b5462987e66fb49b1c5411df2,1,credit_card,3,139.88
fffc94f6ce00a00581880bf54a75a037,1,boleto,1,343.40
