order_id,customer_id,order_status,order_purchase_timestamp,order_approved_at,order_delivered_carrier_date,order_delivered_customer_date,order_estimated_delivery_date
00310b0c75bb13015ec4d82d341865a4,0dad07848c618cc5a4679a1bfe1db8d2,canceled,2018-08-15 14:29:08,2018-08-15 15:04:25,,,2018-08-29 00:00:00
0055b77cca3186676c147f532dd2547b,3747cfcc18da3cff44fd440770d92d97,delivered,2018-02-19 21:47:44,2018-02-19 22:47:21,2018-02-20 19:35:24,2018-03-07 19:38:34,2018-03-14 00:00:00
00584d79015452d19fd3d044ba3abdc0,85d84596608ea7f87175ca9521ee12aa,delivered,2017-07-23 19:11:15,2017-07-23 19:27:31,2017-07-24 19:44:26,2017-07-26 18:58:35,2017-08-11 00:00:00
006cba07f62f921fe4f58365bde2b2eb,c4e00400b6f79caa802740faa2829161,delivered,2017-08-14 20:28:45,2017-08-14 21:05:07,2017-08-15 23:54:24,2017-08-18 19:57:57,2017-09-11 00:00:00
008eaf9004164883520d0bd32b107261,b2a65630374da38ec0653226f3ea4dbb,delivered,2017-07-10 20:42:56,2017-07-12 02:10:13,2017-07-14 13:47:42,2017-07-21 20:34:41,2017-08-08 00:00:00
0097aafe2a01dd54e39888976160c377,6e6943d8c4822ead782b17d532e6ee63,delivered,2018-08-23 14:41:37,2018-08-25 02:35:10,2018-08-27 14:49:00,2018-08-28 15:58:56,2018-08-29 00:00:00
00b12f4674177ef40c4bdb034138c843,5d6daccfa147ddbc4d54826f8645ca5c,delivered,2018-07-15 19:47:30,2018-07-15 20:04:06,2018-07-16 14:23:00,2018-07-20 22:03:24,2018-08-02 00:00:00
00b402e8a76d3da83714c52d3977cc2d,ffca23943c4b620ea24812018373fa3f,delivered,2018-01-01 18:03:43,2018-01-01 18:11:33,2018-01-03 19:52:24,2018-01-19 12:08:06,2018-01-31 00:00:00
00b676b01c289cc661c6f7732492771a,ca9a6ae226341827c9614ce7568db46c,delivered,2017-08-02 15:30:42,2017-08-02 15:45:15,2017-08-08 15:37:43,2017-08-15 11:22:26,2017-08-24 00:00:00
00bd50cdd31bd22e9081e6e2d5b3577b,1e47b918581b562a9d8d9f85fcb9b1e5,delivered,2018-01-14 22:31:54,2018-01-15 09:56:33,2018-01-15 19:43:56,2018-01-22 16:03:40,2018-01-30 00:00:00
00c405bd71187154a7846862f585a9d4,1ab52508d3c58d96241850142347b75f,delivered,2017-10-23 14:59:46,2017-10-23 15:14:13,2017-10-25 13:30:02,2017-10-31 18:47:06,2017-11-17 00:00:00
00c62d05602c1ca8164b98746d127fa8,2c64fc3c9f0672a9f2481654a7bf109b,delivered,2018-06-03 11:10:53,2018-06-05 04:52:02,2018-06-05 10:57:00,2018-06-12 20:15:51,2018-07-12 00:00:00
00e7aeced1d61792368ec7bf8b967a90,a59a22655d75791a336909c4bd133fbe,delivered,2017-04-13 02:11:17,2017-04-14 02:50:12,2017-04-19 16:34:52,2017-05-04 18:12:45,2017-05-17 00:00:00
0101aea69a09e1aa32caa6dbaba98503,55e153b503a15cf10845bacbb3b4d616,delivered,2018-05-26 13:07:51,2018-05-27 13:10:20,2018-05-28 14:08:00,2018-06-16 19:34:39,2018-07-19 00:00:00
0115f8bb1dc16d3fac863ce1deb037b6,17ec3674dce86b3240e0a333cc51112e,delivered,2017-06-30 19:13:15,2017-06-30 19:25:18,2017-07-03 11:59:40,2017-07-07 17:12:36,2017-07-21 00:00:00
011abf147a69ba486bae3a74b6cd1814,bdbdcd5b18193390b025df518afe94ba,delivered,2017-05-12 11:19:47,2017-05-12 11:30:24,2017-05-12 20:26:45,2017-05-22 11:22:47,2017-06-05 00:00:00
0128412231f9fe9d7e944eea5392fc6b,a7089cdfb6b910afd377368f3335b1e5,delivered,2018-08-22 15:38:10,2018-08-24 03:15:10,2018-08-24 16:46:00,2018-08-30 19:59:26,2018-08-31 00:00:00
013aa6ba5077072401773f83f1ee6408,4c91265edcfe58dd5ce2dcdb2fba7813,delivered,2018-07-25 11:31:15,2018-07-25 11:45:10,2018-08-02 13:27:00,2018-08-15 17:55:38,2018-08-20 00:00:00
014fc889637133d9075190ba873dfc03,20296443465a67e0ac27c5a61f685453,delivered,2018-01-18 14:36:40,2018-01-18 14:55:57,2018-01-22 22:41:39,2018-01-24 17:13:08,2018-02-02 00:00:00
016495aaab3fb481dc9decab2b4fdbfb,bd1b4c23a6f9365b44d99b2c7905cea2,delivered,2017-11-19 17:51:15,2017-11-21 03:48:25,2017-11-21 17:11:54,2017-11-22 17:52:46,2017-12-01 00:00:00
0168a7f186c1f066748d15d8c51f489a,ace839d3162a61fdbd51b08fc3e60a39,delivered,2017-05-13 18:14:49,2017-05-16 03:25:21,2017-05-17 11:51:01,2017-05-18 10:18:07,2017-05-24 00:00:00
01786fff06f2f7e8a83950c4b3b424ea,574e00dba47edb0c55e3b7e795eb8104,delivered,2017-12-16 12:04:31,2017-12-16 12:14:46,2017-12-18 15:49:19,2017-12-29 22:44:56,2018-01-05 00:00:00
0191b6a5a70bcbc6cdd39427f216602e,3f62271cc144183c56e7db438c8cba08,delivered,2018-08-22 09:40:25,2018-08-22 09:55:20,2018-08-22 16:04:00,2018-08-27 18:17:38,2018-09-13 00:00:00
0197416059c0e56b5344bf2188066317,bc0a84ea7543ac13807feccb5bfccf4b,canceled,2018-07-26 17:20:23,2018-07-26 17:30:19,,,2018-08-23 00:00:00
01978b8bae8292ffb4cee6abdf9b9089,a93aa8521621d68fc2a9bef496f701bb,delivered,2017-12-08 11:29:00,2017-12-12 03:57:24,2017-12-12 16:45:57,2018-01-03 18:47:38,2018-01-09 00:00:00
01b1a7fdae9ad1837d6ab861705a1fa5,a2da04a295c890e30103aeb5356163f0,delivered,2017-05-29 15:48:13,2017-05-29 16:02:58,2017-06-01 11:45:09,2017-06-07 14:07:04,2017-06-21 00:00:00
01b703d8365608f2b01ed9c076d0b3dc,475eec32deae43c1479b18acc1f7781d,delivered,2018-01-05 17:14:30,2018-01-06 17:08:23,2018-01-08 22:06:28,2018-01-19 00:48:52,2018-02-01 00:00:00
01ba72e24cf883d74c5479c0a626c740,edbaa972997d3e33faec1e1b6e0b7e43,delivered,2017-01-17 19:55:40,2017-01-18 02:10:52,2017-01-18 09:40:16,2017-01-25 13:52:35,2017-02-27 00:00:00
01bb5b3cb7df4da98ea2214d083784c4,a3b369b287f0fb3acdbd673d88cc3076,delivered,2017-05-28 15:00:23,2017-05-30 04:50:24,2017-05-30 08:34:01,2017-06-13 13:04:18,2017-06-19 00:00:00
01be2f7ca246adb9112cb75096af2ee0,9561fb5984d862e686beec844488550f,delivered,2018-02-12 17:47:45,2018-02-12 18:08:13,2018-02-16 01:54:59,2018-02-26 22:38:52,2018-03-06 00:00:00
01be661b8196707ef60f062632d6d1bd,e7232b4d5318177ea3ab911dfb920cbf,delivered,2017-05-17 10:26:53,2017-05-17 10:42:27,2017-05-17 15:00:10,2017-05-23 13:03:32,2017-06-07 00:00:00
01c1644529b18608f086d2ff0f3b8181,3c90bb0fba16e889f898e2da1df5fb32,delivered,2018-06-23 09:55:44,2018-06-26 05:12:58,2018-06-26 14:25:00,2018-07-05 20:24:21,2018-08-01 00:00:00
01c391e962558d0793e8dd8f6bad0999,54f4686e731120a05f1b88deebcfd894,delivered,2018-02-26 11:19:59,2018-02-26 11:35:26,2018-02-27 23:23:54,2018-03-14 14:02:50,2018-03-20 00:00:00
01c7b08f0c05952ce15edb928bb63d2d,378b80aaccaaf259cfd1389b968e4bb2,delivered,2018-04-02 16:59:53,2018-04-02 17:10:25,2018-04-05 13:03:32,2018-04-18 18:56:38,2018-05-02 00:00:00
01c886b4b865797097ab2d051ae30cfd,c8eaa92fb78e29a73b98bb005e08a45e,delivered,2017-08-09 12:34:24,2017-08-10 03:32:19,2017-08-15 19:10:02,2017-08-24 20:53:46,2017-09-06 00:00:00
01d72d42aaedb3736840132071d51100,7f19d565d956cc2fe3f01a860e841ae4,delivered,2018-03-20 12:44:02,2018-03-20 12:56:36,2018-03-22 21:13:15,2018-04-05 18:12:08,2018-04-12 00:00:00
02332b54c758506809fd87d9c2748086,b7fefe142962b04fa4d97b8bec20f8a1,delivered,2017-11-06 12:48:43,2017-11-06 16:58:07,2017-11-06 18:46:48,2017-12-11 21:52:38,2017-11-28 00:00:00
023faf5fac58639f7cf53cb7dd219859,affe45dfbbc85f104e46987acfae38b3,delivered,2018-01-14 20:18:38,2018-01-14 20:31:34,2018-01-20 10:45:40,2018-02-02 22:48:40,2018-02-06 00:00:00
024a74550cdbd36c0fe3955fc9e2bcf0,5837b288ad076175ff451a905d6153f9,delivered,2018-08-09 08:10:23,2018-08-09 08:50:19,2018-08-14 14:42:00,2018-08-15 18:28:43,2018-08-14 00:00:00
02557013eeaffd86a6cc5ffd80a4b54e,df578de48490fad348557aca8514d6be,delivered,2018-02-17 22:48:59,2018-02-17 23:06:52,2018-02-20 16:49:18,2018-02-22 11:06:23,2018-03-06 00:00:00
02605c218285d02df75a255f13396f1e,b1416ec5bad2d6fed050cd451470e76a,delivered,2017-01-31 17:43:09,2017-01-31 17:55:11,2017-02-01 02:07:32,2017-02-14 12:47:51,2017-03-13 00:00:00
02610d88ac343ed64988d2706ce3ebfd,e7214f2cd8744c2d6d53e74e226ad9de,delivered,2018-02-04 19:34:05,2018-02-06 04:33:11,2018-02-06 22:42:45,2018-02-22 13:27:53,2018-03-06 00:00:00
029863af4b968de1e5d6a82782e662f5,74179773f1f31f3af11c3b3b065115f1,delivered,2017-07-06 09:03:55,2017-07-06 09:15:11,2017-07-10 19:43:43,2017-07-13 20:42:36,2017-07-31 00:00:00
029f37989dcd7c9b928028086d68034b,953d151252d1305b272923cb0776a79b,delivered,2017-11-01 08:00:08,2017-11-01 08:15:19,2017-11-08 00:52:54,2017-11-14 20:09:17,2017-11-22 00:00:00
02a3c3a1c72dbff557b2f56fc0caa847,b4178949fd16cbd3f1f0c8b00e7773be,delivered,2018-08-07 13:01:58,2018-08-08 08:50:17,2018-08-09 13:22:00,2018-08-13 20:12:10,2018-08-20 00:00:00
02b9a87c19eb57b9ebaebb3a6850de9f,d339519755a16bc40e45c2491af7b918,delivered,2017-10-25 15:26:03,2017-10-25 15:46:00,2017-10-27 18:09:57,2017-11-06 23:26:20,2017-11-17 00:00:00
02bcd06d9bfda1c2a4037560bed7b90f,888aec5eec463be5a9aba99e3dfd97b0,delivered,2018-04-16 17:47:15,2018-04-16 19:11:35,2018-04-17 16:42:44,2018-04-20 18:05:56,2018-05-07 00:00:00
02bd584dedf7373cb07b6540cadf9a76,e20a0968702ce304cc5f98ad6094ee18,delivered,2018-08-04 21:43:05,2018-08-04 21:50:14,2018-08-08 14:37:00,2018-08-14 17:12:08,2018-08-28 00:00:00
02e723e8edb4a123d414f56cc9c4665e,6e9f7d9e943f9c0bdea278d9d7a1c9b9,canceled,2017-08-18 14:30:19,,,,2017-09-21 00:00:00
02e7b3980e9984556bb3a764306f3e31,8ffbe0a28823d2a5ff88a9e4b1b7526c,delivered,2018-03-18 11:11:07,2018-03-18 11:27:57,2018-03-19 18:05:06,2018-04-03 14:20:55,2018-04-13 00:00:00
02ebcb8b63b7e61be9514866e432d1d8,f6684db0118cdcdbe308f6de0287035c,delivered,2018-01-25 12:06:19,2018-01-25 12:19:11,2018-01-25 20:33:37,2018-02-05 18:13:11,2018-02-20 00:00:00
030475e22d114f70be1a265fee326192,09fdefd1702f72c144ad0de71d639900,delivered,2018-04-23 16:06:44,2018-04-24 19:10:38,2018-04-24 16:50:50,2018-04-26 17:24:47,2018-05-16 00:00:00
0311da9b3ac095a57a2662813e179bcb,34b18316e1c66360c7d2603da9a8b0f3,delivered,2018-02-20 21:24:12,2018-02-20 21:47:16,2018-02-21 20:27:04,2018-03-12 17:40:51,2018-03-15 00:00:00
031f488d7e8549b5d8af94f5a3e9300e,46dcf912d282f0e1aa9c3278ec488723,delivered,2018-03-04 11:20:09,2018-03-04 11:30:45,2018-03-05 18:12:40,2018-03-26 22:04:49,2018-03-21 00:00:00
033bac5f45a9d0cf7be5e47f03ed1e44,b0ea223f5d75e25779fd005154765c3f,delivered,2017-02-05 17:01:06,2017-02-05 17:10:10,2017-02-07 13:28:10,2017-02-16 14:54:00,2017-03-07 00:00:00
035518626172ac1884aa3825eb7d1379,725de95aaf5722261b06d055a7b706e7,delivered,2017-06-05 15:13:04,2017-06-05 15:25:19,2017-06-07 12:47:35,2017-06-14 17:34:39,2017-06-29 00:00:00
0371bb519b3c4b04bed0460608ce6c59,672ed40727c0f5acb2a1439d107a5a82,delivered,2017-08-06 16:50:28,2017-08-06 17:03:02,2017-08-07 21:06:01,2017-08-11 22:30:01,2017-08-29 00:00:00
0372d2e3d0ac2600aa8e08e6c46cb7dc,cf9d02b5881ac8b8c6c2c5d4be462589,delivered,2017-10-02 12:47:27,2017-10-02 13:24:27,2017-10-03 17:25:54,2017-10-06 18:42:10,2017-10-27 00:00:00
038297c93a230b204ceeca7e2720b464,a51b2e9f1088010982a0bcf451a4de6d,delivered,2018-02-10 22:17:24,2018-02-15 04:07:47,2018-02-16 16:56:48,2018-03-02 14:59:04,2018-03-09 00:00:00
038862523957395d9316afa8b8b70976,a08ee5910f78d3f2b79a0e861d0c6d6b,delivered,2018-05-29 23:02:46,2018-05-31 03:36:10,2018-06-04 15:41:00,2018-06-06 02:19:39,2018-06-18 00:00:00
03a54d3b0f15ac01bad656997420d3bb,574478d054c2bae93a3c66c8a32f4fd5,delivered,2018-05-28 19:15:19,2018-05-30 02:32:21,2018-05-30 13:50:00,2018-06-06 19:14:48,2018-06-26 00:00:00
03aba68b07658f28f29612641f08d4ba,a7ab31829dc9a10f37e82b1e1afd26b6,delivered,2018-08-08 14:27:15,2018-08-09 08:50:17,2018-08-14 18:00:00,2018-08-21 15:33:32,2018-08-27 00:00:00
03b89e8b0ef3ba18cc903dbaa7aff107,5323a8b4980e72ece631b3f3e77642a5,delivered,2018-07-08 20:33:28,2018-07-08 20:45:12,2018-07-09 12:55:00,2018-07-12 19:08:45,2018-07-26 00:00:00
03dbf3a42789c67ed5e2198f08d997dc,f63aa9fceef15019d51c24510d8d6c30,delivered,2018-03-04 13:20:26,2018-03-04 13:35:38,2018-03-06 02:57:00,2018-03-28 19:03:04,2018-03-21 00:00:00
03dde7ab63940fbffd10162a74347e95,5934b56aaab3f88d76e0f002d7eb8802,delivered,2017-06-10 17:57:12,2017-06-10 18:10:23,2017-06-14 06:19:41,2017-06-16 14:05:51,2017-06-29 00:00:00
03ebfa9712b7dbc7031291856263b314,4024b83c510f004326fbcf0671738663,delivered,2018-03-23 11:20:04,2018-03-23 18:48:53,2018-03-26 21:17:58,2018-03-27 15:04:27,2018-04-05 00:00:00
03f2f876bfee9ea9a502ec0d8a664e4c,b31e3de2a253154bdd28a4f1f252b1ed,delivered,2017-11-29 19:35:55,2017-11-29 19:57:15,2017-11-30 18:04:14,2017-12-01 15:34:41,2017-12-15 00:00:00
0412356b9ae3ad8db617e892afb02204,d8c75086006d46bf0e3f33b17a2404b9,delivered,2018-06-19 08:43:13,2018-06-20 02:55:01,2018-06-25 15:01:00,2018-06-29 20:18:33,2018-07-16 00:00:00
043671e7714932580dc35789804ffbcc,6a4ddebfbf47946b17af9d23bca8208c,delivered,2018-01-18 17:05:20,2018-01-18 17:16:23,2018-01-19 16:49:05,2018-01-22 20:54:05,2018-02-05 00:00:00
0446b999e57cddf002396ed4baa07074,18391e6f0c771e4f2cc815e155e61d53,delivered,2017-09-25 07:05:47,2017-09-25 07:15:14,2017-09-27 16:53:01,2017-10-02 16:29:08,2017-10-17 00:00:00
044b08f176981f660b98a85c559ad57d,de50f74e6eaf84cfbf83ee0c30ff3575,delivered,2018-07-18 18:43:04,2018-07-18 18:55:20,2018-07-19 11:50:00,2018-07-24 21:18:37,2018-08-01 00:00:00
044d94a4ac73b24fe28ff5293ac35bd8,482d1baa7d2f9c4d4b54ae09215d39c8,delivered,2017-06-19 14:56:36,2017-06-20 14:50:17,2017-06-21 08:11:54,2017-06-26 08:23:37,2017-07-19 00:00:00
045acee11e62afca7764429c5710dac9,0c443d05e8d9a031f5a2f4d8eeeb3fd1,delivered,2018-03-17 14:07:59,2018-03-17 14:28:35,2018-03-20 17:26:24,2018-04-11 17:44:54,2018-04-06 00:00:00
045e9ebd4d41affc66333d58c3d107c1,359657fc25081d620ff7caa59068e261,delivered,2017-03-01 19:28:08,2017-03-01 19:42:17,2017-03-07 14:33:43,2017-03-13 13:05:17,2017-03-27 00:00:00
04814d2760b610101075888832621881,25631315ece1d1541fbede2ef9b2b379,delivered,2018-04-30 11:49:11,2018-04-30 12:15:23,2018-05-02 13:35:00,2018-05-06 15:47:38,2018-06-01 00:00:00
0487b772aa23074a39079a6967041b72,748e48c353e795b7303618bf785991bb,delivered,2018-07-24 12:47:13,2018-07-24 13:24:34,2018-07-26 14:56:00,2018-07-30 23:08:43,2018-08-09 00:00:00
048cc31326007f07b576b46beddecc12,70f6d4250ddb2f73a361c100195addfc,delivered,2017-12-07 11:56:06,2017-12-08 02:54:34,2017-12-12 21:18:55,2017-12-15 16:10:26,2018-01-02 00:00:00
0492eead55cd90ba9690387cca2baa20,821cfae6c6dc3f7fa663f1716f837f0e,delivered,2018-07-22 21:40:20,2018-07-24 11:32:21,2018-07-25 13:37:00,2018-07-26 21:08:46,2018-07-31 00:00:00
0494d7ef89583fcaf33a1cea4bcfeec2,533d844e0a43ffa5f3b7d6dbe40ebbc5,delivered,2017-08-21 19:05:01,2017-08-23 02:47:48,2017-08-24 16:11:31,2017-09-05 23:40:23,2017-10-05 00:00:00
049db9aade07d0056ead438e182f2b52,d075570ed98e1a5bf9b6355be0f89b57,delivered,2018-07-09 21:25:55,2018-07-11 03:10:17,2018-07-11 13:21:00,2018-07-13 22:23:46,2018-07-25 00:00:00
04a18000a647d0f0f842ca489dd4a464,ec2b17a04abb80772ab4e8949e3dca27,delivered,2018-03-21 14:03:09,2018-03-21 14:48:45,2018-03-22 20:29:37,2018-03-28 21:07:12,2018-04-10 00:00:00
04a28263e085d399c97ae49e0b477efa,fef2e5e63da9f3e1dd89e8e319468657,delivered,2018-02-02 18:01:10,2018-02-02 18:31:27,2018-02-21 02:38:29,2018-03-11 11:32:24,2018-03-05 00:00:00
04a772c0620384a8776c4fbcf4af5c01,cf2ca98ff50dd7bc444ed0cb47a21d14,delivered,2017-11-29 13:25:18,2017-11-29 13:37:16,2017-12-01 19:28:43,2017-12-28 21:05:16,2017-12-28 00:00:00
04b16351c3a70c83b9f8f1fe295cb450,bf5c3a54675e9a5b3dd58af952adeaff,delivered,2017-04-22 14:49:56,2017-04-25 08:02:54,2017-04-25 11:30:35,2017-04-28 07:33:27,2017-05-15 00:00:00
04bef466ed85bb9eca9a6165d765574c,043e4ab7fb6ce15a641ee24c596a1e4e,delivered,2018-01-22 22:22:59,2018-01-22 22:33:19,2018-01-24 18:21:34,2018-02-23 18:28:54,2018-02-22 00:00:00
04c28d1572e04b2b3e5b80ca7559e750,ad72f2a64075d63311e1bf4daf91e173,delivered,2018-05-27 23:56:01,2018-05-28 00:15:36,2018-05-28 15:46:00,2018-06-20 20:44:38,2018-07-19 00:00:00
04eb8bac62618bbc56c582cd49493669,b9d3b0749093e5cbd5c5017ec08f0ade,delivered,2017-05-16 09:12:37,2017-05-16 09:25:16,2017-05-17 15:10:53,2017-05-23 08:32:51,2017-06-14 00:00:00
05086b5a715c97d1971784b6ae899a6d,3cec5fcde75cb301d296c334e846f8e7,delivered,2018-06-26 13:01:38,2018-06-26 13:16:17,2018-06-29 14:16:00,2018-06-30 19:06:58,2018-07-11 00:00:00
05104976125ea1e5cc04bc1f506a436a,161045ee99ad91883dbc1a6d26127785,delivered,2018-08-14 11:44:44,2018-08-15 22:44:03,2018-08-20 13:31:00,2018-08-25 15:15:32,2018-08-24 00:00:00
05452881e2846549b81d39249bb66ad7,1ff911e9682875f08a0f44bad0807455,delivered,2018-02-04 22:04:37,2018-02-05 22:35:33,2018-02-06 23:53:04,2018-02-07 22:11:23,2018-02-26 00:00:00
05535f67cf6802000ad3107136cff4bf,4b339b812b88b697ecbe6f20baae7e99,delivered,2017-09-14 14:53:35,2017-09-14 15:05:57,2017-09-15 15:54:58,2017-09-21 19:09:28,2017-10-02 00:00:00
0556fe7a6dbdc95276ba0513ee5f0471,8e8ece09f913df64cbdcf2188e9a7d85,delivered,2017-11-25 19:14:14,2017-11-26 11:15:21,2017-11-29 22:41:43,2017-12-13 14:54:45,2017-12-15 00:00:00
0573b5e23cbd798006520e1d5b4c6714,c4e17eff78176dfe3401f03db0346f85,delivered,2017-07-04 20:32:10,2017-07-06 03:15:36,2017-07-06 13:27:31,2017-07-13 19:34:27,2017-07-26 00:00:00
057e8245e6408a7f5db33b517c481617,a4712004cd61cd9a1645946cadccfbb1,delivered,2018-03-04 18:57:57,2018-03-04 19:15:33,2018-03-06 00:06:29,2018-03-12 17:58:48,2018-03-21 00:00:00
0583457e98d0d734222af5237cd8fa94,ebac8d83849c9bd3204e23675e26a5e5,delivered,2018-04-10 15:25:53,2018-04-10 15:50:24,2018-04-11 20:46:24,2018-04-17 18:56:42,2018-05-11 00:00:00
058ff573aef21e528adcab8b8717c43a,70856b1e2541638130dd5073344401a1,delivered,2017-09-18 15:30:12,2017-09-18 15:45:28,2017-09-19 17:54:18,2017-10-05 19:44:53,2017-11-07 00:00:00
05981a7bf1a18eb991af55a8a8dbdf83,888c9e6c1b81d921be22d597e458b16b,delivered,2017-11-24 16:03:41,2017-11-24 19:52:38,2017-11-30 23:56:57,2017-12-19 19:16:59,2017-12-14 00:00:00
05a82511dd29bef74d8003b015912fd6,ebf7e7691b7e62b2df6bbb5621bf6557,delivered,2017-09-11 21:54:03,2017-09-11 22:10:33,2017-09-14 20:17:48,2017-09-25 12:14:53,2017-10-24 00:00:00
05bef443b850685058070c9e781988e8,4ff3f3945300d8e040f2906998401e92,delivered,2018-05-30 16:33:11,2018-06-01 10:52:26,2018-06-01 13:54:00,2018-06-26 19:03:40,2018-07-05 00:00:00
05ce7829fca9c640cd884ba446956158,16098d97a1d12a6152a14e9d930beb8f,delivered,2018-01-04 12:03:56,2018-01-05 20:37:35,2018-01-08 15:49:08,2018-01-15 20:46:08,2018-01-31 00:00:00
05d46826bd0fb605d6b00e30e9141882,c5a9ffc867b51a706a06ac6e1e3fa61a,delivered,2018-08-27 19:21:58,2018-08-27 19:35:20,2018-08-28 19:02:00,2018-08-29 17:28:25,2018-09-11 00:00:00
05e19ab996b114339f316bf41b359d52,0a89509ed51bf4b266a89f0dde0fa883,delivered,2018-05-16 21:21:07,2018-05-16 21:36:18,2018-05-17 14:23:00,2018-05-25 22:33:38,2018-06-07 00:00:00
05eb212cd5b01c76bdb5215a49df19b6,efeb1f8a504d300879922d4cd4a8a0d4,processing,2017-06-28 21:28:34,2017-06-28 21:45:14,,,2017-07-20 00:00:00
05f8021cf7217f1990addecad0e24b7a,1b4f0369610bd9e4d237aab3a993bdcd,delivered,2018-08-10 20:50:51,2018-08-10 21:04:25,2018-08-22 14:49:00,2018-08-28 13:08:52,2018-09-11 00:00:00
061a6c0d2222c7c9f49a21e108579b49,546c427cda01bf664853d185e4cde13b,delivered,2017-02-08 18:28:10,2017-02-08 18:42:51,2017-02-14 11:35:31,2017-02-23 19:18:37,2017-03-29 00:00:00
061b74bca735bb2c1953e40bc098101d,0c8050459705eab48d6faf4b118109be,delivered,2017-11-22 20:40:31,2017-11-22 20:48:26,2017-11-24 17:14:40,2017-11-27 13:47:17,2017-12-07 00:00:00
061cc2095125b495f7221ed85a706c07,208abfb07a2f4c1de66445c9286f5c33,delivered,2018-04-13 19:43:09,2018-04-13 19:55:14,2018-04-16 23:07:37,2018-04-30 18:53:48,2018-05-08 00:00:00
0635e2196d30b3003d5381ca15cb3d87,27b08a44041d90a2f35e381a9db0d379,delivered,2018-05-03 14:37:40,2018-05-04 03:32:03,2018-05-04 11:51:00,2018-05-21 21:41:39,2018-06-05 00:00:00
063b573b88fc80e516aba87df524f809,285195a5b585842e25bd1ef9015a8413,shipped,2016-10-07 19:17:00,2016-10-07 19:29:20,2016-10-30 10:23:36,,2016-12-01 00:00:00
0650ef96422834cca0cc7799efbf6307,8e0193c71b2b59a05148996de6841d58,delivered,2017-02-04 12:46:02,2017-02-04 13:10:31,2017-02-06 14:15:22,2017-02-14 07:57:37,2017-03-07 00:00:00
0659ee4a8b8b8da8337c94d35e423c74,f5dcbb401660482ff93b39d3aa1edb7a,delivered,2017-11-24 14:30:49,2017-11-24 16:34:52,2017-11-27 13:58:15,2017-12-01 22:44:43,2017-12-20 00:00:00
065c05543ebdfd79fb629b2b4a6ab904,51d502a84c571171762fbda013cb4e09,invoiced,2018-03-20 18:02:29,2018-03-20 18:15:27,,,2018-04-02 00:00:00
065d95bb9e6d5bbc0a5a2c40579b16e5,e92376215b80c2c97a67489e50927147,delivered,2018-05-08 09:38:47,2018-05-08 09:55:32,2018-05-10 19:05:00,2018-05-11 23:04:51,2018-05-21 00:00:00
066783a7a5bfa25f21a22e17c7ec9137,381e00b3603ba05314ee7c9548ef7b6a,delivered,2017-04-22 14:01:05,2017-04-22 14:10:19,2017-04-24 18:56:04,2017-05-08 13:53:14,2017-05-17 00:00:00
067c946a70abc2e1e8d9185ae309b48a,45d13f49d630df78bccfa2a05aca18a9,delivered,2017-07-07 09:20:11,2017-07-07 09:30:11,2017-07-07 17:59:52,2017-07-17 19:26:13,2017-08-08 00:00:00
068c0507e1af74b156beee1db2deed7a,d9983bf03f76f720635b689e1de6059c,shipped,2017-06-26 13:23:19,2017-06-26 13:35:10,2017-06-26 15:42:44,,2017-07-26 00:00:00
0691811195a83594b0377267a8050e6f,abd0bfdbe2c7a12636b1c25a87cf38c9,delivered,2017-07-02 23:50:22,2017-07-04 04:44:36,2017-07-06 12:40:48,2017-07-07 18:39:48,2017-07-14 00:00:00
069370014d6465fb28770cd9449402c5,7e0e83d690e02b4ca1eeb1bb4386a304,delivered,2017-11-21 20:32:21,2017-11-21 20:39:33,2017-11-27 22:04:13,2017-12-22 18:33:47,2017-12-14 00:00:00
06b491ece3a9bd260341c1ad36870e8b,13ef9caa1bc8b42f3e24addaf15ea7be,delivered,2017-06-01 20:38:54,2017-06-03 06:42:52,2017-06-05 13:56:11,2017-06-12 12:57:51,2017-06-28 00:00:00
06d8cb692ed19b092adaaf5337d01a39,485d59ed46bda4a60ac9ab15c32ec63c,delivered,2018-08-03 10:50:18,2018-08-03 11:04:11,2018-08-07 15:22:00,2018-08-10 17:24:34,2018-08-16 00:00:00
06da8e499e3e6c47151b945f8c9eaab3,b12bae899f1c75498d7c096e41acaeb2,delivered,2017-06-28 18:09:28,2017-06-29 18:23:46,2017-07-03 18:03:38,2017-07-04 16:12:24,2017-07-11 00:00:00
06db57a9e774a7fbdb7c8ee188baef65,54ba530ce202f1554612132ba1d8b42a,delivered,2017-10-17 14:02:53,2017-10-17 14:14:37,2017-10-18 18:38:50,2017-10-24 17:07:58,2017-11-09 00:00:00
06f4be78b76ba6a42605efa4ce7544d7,24f68e18ddb48a182d88e0fe261776c1,delivered,2017-02-07 16:34:29,2017-02-07 16:45:19,2017-02-21 05:11:57,2017-02-24 14:21:39,2017-03-15 00:00:00
070a62ae87136bfbe6ef6d0e2883cda5,6957a0b44d49ff48e3bb939fe3432f41,delivered,2018-06-23 19:34:03,2018-06-26 05:37:28,2018-07-23 14:05:00,2018-08-04 00:08:26,2018-08-09 00:00:00
070d0196420dc138bcfaa72cb10eea02,3bed766b475a1eb116f9bfa0121d75f4,delivered,2017-11-25 13:10:33,2017-11-25 13:33:16,2017-11-27 18:22:44,2017-11-29 04:28:50,2017-12-11 00:00:00
07159640598ab46b708279254ec3be0f,907578100e52cfb751d235d0930227f7,delivered,2018-06-26 08:06:50,2018-06-26 08:18:47,2018-06-26 12:48:00,2018-06-27 13:31:45,2018-07-11 00:00:00
07242eb6740fc0feb5044eda405a4782,bc8b9e820a6ac8f83ced0f3d5501614a,delivered,2018-06-08 09:59:30,2018-06-09 02:57:48,2018-06-12 19:36:00,2018-06-13 23:53:34,2018-06-28 00:00:00
074d6aba62abd52ad27529d3fb746260,204bbfa4c9b59b50791939141259e2ed,delivered,2017-06-08 18:26:09,2017-06-08 19:03:26,2017-06-09 14:16:08,2017-06-21 16:53:46,2017-07-03 00:00:00
0756c3213eb9155bc1209caced66eb82,57aea3c0424ba421f4a819dbdd9fcb33,delivered,2017-12-21 23:01:24,2017-12-22 16:31:18,2017-12-27 17:58:14,2018-01-10 23:19:37,2018-01-23 00:00:00
0759ac0ac1a0c11ab13fc66564f4e112,2efa0620f7979c153d5d492696d4172f,delivered,2018-04-05 11:16:09,2018-04-05 11:30:20,2018-04-07 01:18:36,2018-04-17 14:37:22,2018-05-02 00:00:00
0759c200a1d9ec728ba380676bccb583,65d253d62427d89106258c7ec2410eab,delivered,2018-07-31 23:19:17,2018-08-02 05:25:14,2018-08-06 14:41:00,2018-08-13 13:34:50,2018-08-20 00:00:00
0762fe35b71987563f8771eb6d14938f,7eecabb09b5cb3af852caa2a9ab2d9db,delivered,2018-01-24 18:07:59,2018-01-24 18:19:29,2018-01-29 23:27:54,2018-02-14 13:39:12,2018-02-16 00:00:00
076c344fa6fb7b7284fe98fbcb257ab1,2d31f217b1ae10b6d50d1a70d839c20a,delivered,2017-06-03 15:01:17,2017-06-03 15:10:13,2017-06-05 10:46:44,2017-06-13 06:02:55,2017-06-28 00:00:00
0771233ce445ab49cb2542af0243618e,052c33d5b6909c0fe63290cb7bd7c08a,delivered,2017-09-06 07:52:36,2017-09-07 02:50:36,2017-09-08 16:03:14,2017-09-15 18:49:53,2017-09-25 00:00:00
077743f9ba8964fff85ace5b958e5284,47159eaf5092747bb560f38b5acdd0da,delivered,2017-12-12 21:30:05,2017-12-12 21:52:46,2017-12-15 18:07:46,2018-01-04 22:00:00,2018-01-05 00:00:00
0791c9a8e89bfcc422ab718dd43f2dca,d3957fb48561ebaa908d640c7452f8dc,delivered,2017-07-02 18:08:33,2017-07-04 03:43:26,2017-07-04 13:43:46,2017-07-11 19:03:39,2017-07-25 00:00:00
079b79bacc6e0a0c7ed93cd6e3624f6e,9e9b4b54d810b93677fb4cb74911601b,delivered,2017-07-30 19:36:43,2017-07-30 19:50:10,2017-07-31 17:27:38,2017-08-14 20:02:58,2017-09-01 00:00:00
07d395244b58ce72bbecdafbb1b60ace,25d62fdf76ad56f0adb33fcdeb5cf36f,delivered,2018-07-02 19:41:29,2018-07-05 16:26:51,2018-07-03 13:45:00,2018-07-20 15:36:53,2018-07-25 00:00:00
07da7d9fe6a7a8388af1f996b3bb0472,77ed46145075364809e072ff0cb625dc,delivered,2017-12-18 21:18:04,2017-12-18 22:14:29,2017-12-19 19:33:52,2017-12-26 20:34:53,2018-01-23 00:00:00
07f6b1ad9ba4f7a4d2326adf7b8f517f,0cd47abbc8d9c815ff586e5b21280105,delivered,2017-08-23 16:15:30,2017-08-23 17:32:48,2017-08-25 12:23:40,2017-08-31 20:27:31,2017-09-13 00:00:00
082da800c206687336a039aa7269d303,ed18a0580d4fd2ca6fb30b5ecd58b5c0,delivered,2018-05-02 13:10:10,2018-05-02 14:42:51,2018-05-03 08:34:00,2018-05-08 12:58:28,2018-05-21 00:00:00
083c3a567b005b0f7261c9c0c76fe151,d4a6786c02a6e6ba536f58e3b4a13393,delivered,2017-02-12 15:45:27,2017-02-12 16:00:14,2017-02-17 09:54:11,2017-03-03 19:25:33,2017-03-22 00:00:00
084080266521db39cd371403f8534271,cd83239e30889569deb8484dc2a05b91,delivered,2018-03-23 01:42:47,2018-03-23 02:47:34,2018-03-23 20:56:36,2018-04-10 21:46:33,2018-04-19 00:00:00
084ac56b13107e32ab92934f70638bc9,89129b4134df3289d76b155160d6e441,delivered,2017-11-25 13:47:05,2017-11-25 13:54:29,2017-11-27 22:24:45,2017-12-11 18:59:05,2017-12-26 00:00:00
0858bbf6d922af574797281c8df8de5c,b41ab09d03cd73ae63d8c474d89efed8,delivered,2018-08-10 14:02:07,2018-08-11 02:44:37,2018-08-13 15:35:00,2018-08-14 12:54:54,2018-08-15 00:00:00
08636a3fcd5c2b3e957b9b8c6ac8ecd9,4537e1008a9afab2213beb76df625f95,delivered,2017-08-12 10:05:35,2017-08-15 03:50:11,2017-08-16 15:26:49,2017-08-25 17:15:29,2017-09-05 00:00:00
087b902fe8df6660b295f28f1d8f7c30,79d0540451c56f00f1d0d34f131d4a22,delivered,2018-03-08 18:50:11,2018-03-08 19:28:36,2018-03-10 12:04:59,2018-03-18 18:52:38,2018-03-22 00:00:00
088217fa841fd3da3004a1a7e1d525f8,fde6d4f410c038c07dc7d504cd4a540b,delivered,2017-09-20 19:08:10,2017-09-21 15:44:20,2017-09-28 18:44:01,2017-10-11 00:23:46,2017-11-03 00:00:00
0893ae2dd572c400965d60fa77f45076,32e2b0ae693a8b4699e23eebb370dea3,delivered,2018-07-18 10:23:33,2018-07-19 04:35:16,2018-07-19 13:26:00,2018-07-24 14:58:37,2018-08-06 00:00:00
0896eccb8187d6b1738ce4a3a1add1b3,50b848cc87798c6c8261280fbe780227,delivered,2018-08-13 12:16:56,2018-08-13 12:30:38,2018-08-13 17:57:00,2018-08-17 19:11:53,2018-08-21 00:00:00
08ac0336730e831f16eeadf576564ff3,ede24a3cfbf8a9ae0f78446e9fd877fa,delivered,2018-07-31 11:36:54,2018-07-31 12:31:26,2018-08-01 09:32:00,2018-08-03 18:58:53,2018-08-22 00:00:00
08c6860a0281fefc591da60249d5fa76,3ebd35ebde56dc990f6069767e98c9b5,delivered,2017-04-17 20:12:02,2017-04-17 20:22:32,2017-04-18 09:01:12,2017-04-26 13:27:46,2017-05-12 00:00:00
08d862895d238cb8405dffe9b981df25,83e1602374f1c008027bbf8828fc785b,delivered,2018-06-01 19:57:06,2018-06-01 20:11:26,2018-06-05 14:15:00,2018-06-14 19:38:41,2018-07-05 00:00:00
08e5962f7b156426e52078f8504e9b9e,5a4b54cb9d4df46629f60281d0d001ef,delivered,2017-06-02 17:12:42,2017-06-02 17:25:07,2017-06-03 08:03:06,2017-06-17 10:12:17,2017-06-30 00:00:00
08ee9c1b1da47ffd2a7c7163aa134b16,b8be9aabc886bf52d9361784b379ea49,unavailable,2017-08-04 21:47:44,2017-08-04 22:04:51,,,2017-09-06 00:00:00
08f09d9ef3e4f3cdfa18431097f40682,6c35c047c1722366ee705c6e73847f80,delivered,2017-09-08 05:17:36,2017-09-09 04:45:46,2017-09-13 22:12:20,2017-09-20 16:57:40,2017-09-26 00:00:00
0909121693cdb66d170b212e65c2bf59,cd1437f95cf93146c0fdacd572480dd1,delivered,2018-06-26 15:35:11,2018-06-26 17:18:20,2018-06-27 07:56:00,2018-07-23 18:18:47,2018-07-26 00:00:00
090df55d4945ec96f88731875465407d,51305a24f02a05869e1fa706fd5d5bd3,delivered,2017-07-17 20:15:39,2017-07-18 21:43:30,2017-07-20 14:12:24,2017-07-26 03:13:31,2017-08-11 00:00:00
0914478fdcadbaa5c8c8b3442b4f28d2,03058eb4c0764d7c06ca841cd71ba6f1,delivered,2017-08-09 21:32:08,2017-08-09 21:45:25,2017-08-10 17:18:18,2017-08-14 14:13:56,2017-08-24 00:00:00
09356cee7d8fee33dcb3ee80c1ccb14f,b417a9a4c05c243aacb8d35106ed5361,delivered,2017-10-12 16:26:24,2017-10-12 16:35:44,2017-10-16 22:37:50,2017-10-24 21:23:26,2017-11-03 00:00:00
09545768adc993877dfa9a4024b360c2,6dee66a764300a20244d9cf65bd47268,delivered,2018-01-13 12:05:26,2018-01-13 12:13:29,2018-01-17 19:06:41,2018-01-25 17:17:08,2018-02-01 00:00:00
0957ed870116e596b800540427c61497,0f0603d577f299ca129f39109268c546,delivered,2017-01-29 22:14:49,2017-01-29 22:33:34,2017-01-30 08:27:47,2017-02-08 17:14:55,2017-03-20 00:00:00
095e9e0811476409362d72fa70d73a6c,1ec264df7a63b93ee299b3e17c356e3b,delivered,2018-02-08 18:36:24,2018-02-08 18:50:43,2018-02-10 04:16:44,2018-02-19 21:19:20,2018-03-13 00:00:00
095f058cc1daeb1e7ba1c133473090a3,37589709e8da3fb3e3835c7c7b942de7,delivered,2018-04-14 18:14:42,2018-04-15 18:10:47,2018-04-16 23:12:01,2018-05-05 11:41:25,2018-05-14 00:00:00
097452f101cb19b0ccc80d3a980d9755,4a4468855065f3194a120ebbea06e6c0,delivered,2018-03-15 16:36:42,2018-03-15 16:50:38,2018-03-19 09:48:59,2018-03-27 21:41:14,2018-04-11 00:00:00
09777f429af8cc60d951cad68db15b6f,99c0630472d3966ff63c3eda902c1740,delivered,2018-04-08 08:17:22,2018-04-08 08:50:34,2018-04-09 18:42:29,2018-04-16 19:21:51,2018-05-07 00:00:00
0989d111cfe79cf0bbdea443f1caf9b7,13dd964c7fed51af56b9f113fe590071,delivered,2018-06-03 21:24:09,2018-06-05 04:12:38,2018-06-05 13:45:00,2018-06-16 17:08:21,2018-07-18 00:00:00
098a8457920d6c63f0cb10ccfbcd369d,f6a623ccb7b0dac8b9c9c74594f2c041,delivered,2018-06-07 22:58:16,2018-06-09 02:57:45,2018-06-11 14:50:00,2018-06-12 12:41:20,2018-06-25 00:00:00
09944d214dbe0d92666178941a674632,2c94f489b623224edf7fa984b32fd68c,delivered,2017-08-17 16:22:45,2017-08-18 20:24:28,2017-08-23 18:14:38,2017-08-29 17:30:10,2017-09-13 00:00:00
09956a4d0066f2ef4e70f7ae51e2c9f3,3c10da268c72de9078aff090328e7e4e,delivered,2017-10-21 08:42:20,2017-10-21 08:56:24,2017-10-27 13:19:03,2017-10-31 20:51:21,2017-11-27 00:00:00
099a55045696dde09f58f62e8e82a542,66358fc9282c24ef2163204d1803774a,delivered,2018-05-27 18:29:11,2018-05-27 18:55:04,2018-05-28 13:06:00,2018-06-13 14:58:49,2018-07-12 00:00:00
099be5827a2f9692b1c1ad111affc9d1,06a552b13fb2cc33c6fde4ff1de4c9c9,delivered,2017-09-06 19:58:48,2017-09-07 02:45:32,2017-09-08 15:03:27,2017-09-13 23:17:43,2017-09-19 00:00:00
09a12008dce38051d0f39f922b380e05,485a077ad2a0a1d77ab724863b2f50fc,delivered,2017-05-13 00:47:43,2017-05-13 01:03:30,2017-05-17 13:52:41,2017-05-23 10:55:47,2017-06-02 00:00:00
09ae00385becd9090c7e85eb465605e0,76cbb2f50d9907cf49c5fd75d7ab80a6,delivered,2018-03-22 13:34:29,2018-03-24 02:07:52,2018-03-26 21:08:39,2018-04-03 18:35:35,2018-04-23 00:00:00
09ae30c3aa82707a515bda0df370f7d2,01a52718e4ca43d2cc1da7c9209a6325,delivered,2018-04-15 21:34:02,2018-04-15 21:50:03,2018-04-16 23:21:51,2018-05-03 17:05:11,2018-05-09 00:00:00
09af242285bcc7d2f8b12ce33dcfcb7f,64a097bd5b5ee7b766f29547a2bfdc40,delivered,2018-01-12 22:17:04,2018-01-12 22:28:24,2018-01-17 22:35:56,2018-01-29 21:42:25,2018-02-16 00:00:00
09d6c2dd8c08336a2cbd1c449a2ef158,2d872c3792f119ecf5d60a08c2d90a66,delivered,2018-02-03 19:36:29,2018-02-06 04:33:15,2018-02-06 19:49:03,2018-02-21 18:28:55,2018-03-06 00:00:00
09da806d72011e816e9242e6d24164eb,c3c89e607f1280b715319f19745beb27,delivered,2018-02-23 10:49:24,2018-02-23 11:10:39,2018-02-26 19:06:33,2018-03-05 11:22:35,2018-03-19 00:00:00
09de1c09553be98d80e730e53641c515,a7ba98528d4d1bb722a25e574d5a09cc,delivered,2018-08-20 14:16:16,2018-08-20 16:15:21,2018-08-21 15:38:00,2018-08-25 17:02:45,2018-09-04 00:00:00
0a0185b8b72cbf2290c3e4218300a61c,b9ad88365f35c931dbbbeab892857006,delivered,2017-03-14 22:08:50,2017-03-14 22:08:50,2017-03-22 08:17:40,2017-03-24 16:07:44,2017-04-12 00:00:00
0a01aa0d779fc923be4cc5505b0c6dd4,a16adddba755faffcf5fafc6506abcd8,delivered,2018-06-16 18:46:50,2018-06-18 12:37:28,2018-06-18 14:15:00,2018-06-21 19:21:36,2018-07-05 00:00:00
0a05e512c3e656802c930be4c1766c2a,d3a853408a30f995900bcd86f3b13923,delivered,2018-08-02 12:04:52,2018-08-03 12:06:05,2018-08-07 15:23:00,2018-08-15 18:32:13,2018-08-07 00:00:00
0a154ed7ce417e33453d705b167a3d8c,cfb455fa4b4d00203442d49931524e8f,delivered,2018-05-19 11:15:21,2018-05-19 11:40:24,2018-05-22 13:17:00,2018-05-23 18:18:44,2018-06-04 00:00:00
0a2c9c3fedb974fcf5a8a569e9ba9da9,f38dab26883c4fe20a3e9b92e07692c8,delivered,2018-07-31 18:27:29,2018-07-31 19:31:22,2018-08-01 16:04:00,2018-08-06 13:16:38,2018-08-10 00:00:00
0a31cb63d4483ffbef1d5503752a0b5d,d9e90748b0092bb0f5417edccf34783b,delivered,2017-07-18 13:44:30,2017-07-18 13:55:18,2017-07-19 19:22:51,2017-07-25 19:43:37,2017-08-09 00:00:00
0a3d9f14b1781670b56b1832ba291095,6370f296922c213b9d42cc710167c263,delivered,2018-07-24 16:51:40,2018-07-26 05:35:13,2018-07-26 15:40:00,2018-08-02 18:17:42,2018-08-16 00:00:00
0a45b0373a9b1178357bb9d93243ed18,5e47108744501cc098879b44a9252a03,delivered,2017-11-17 20:01:53,2017-11-22 03:07:57,2017-11-23 21:32:24,2017-12-03 15:55:02,2017-12-08 00:00:00
0a54256bfd2401d553f81d8e37e5305d,11af45ad3e989cec1c7b9c677d8ec713,delivered,2018-08-14 20:37:26,2018-08-14 20:50:23,2018-08-16 12:37:00,2018-08-27 18:12:39,2018-09-14 00:00:00
0a6003474a7471ca13dbdb23b2c04ec6,1b83402c2a0902c482f5ff935ca097b5,delivered,2018-02-02 12:43:53,2018-02-06 04:33:27,2018-02-07 20:39:41,2018-02-19 23:59:18,2018-03-05 00:00:00
0a79d1506c2e0249c9aff8723bcf51e9,a995c91194ffa9252517fa251995adf9,delivered,2018-05-18 12:35:01,2018-05-18 12:57:55,2018-05-29 09:26:00,2018-06-05 19:05:10,2018-06-01 00:00:00
0a87de586a94b42f2294c207845674ab,da4b0dd3c2d5b6d284288457c7bf612e,delivered,2017-05-24 08:59:54,2017-05-24 09:10:11,2017-05-24 11:28:40,2017-05-30 16:13:23,2017-06-16 00:00:00
0a8c76aaf89178fd0f7655214a6b5223,edcc2532c1d4e603a2d089188ec5ee90,delivered,2017-11-22 09:00:02,2017-11-22 09:11:20,2017-11-23 20:05:10,2017-11-29 23:38:45,2017-12-11 00:00:00
0a8d9ed968d08daf5ef8a5cbf0bbe833,031d6ed886ccf5805f9da926fbe0fba1,delivered,2018-03-28 12:37:51,2018-03-30 03:15:46,2018-04-02 20:05:21,2018-04-12 00:22:35,2018-04-18 00:00:00
0a8f1a36db93c2d10a0ff456e5550ae8,c0d8c122eb9b251748d380735ceb72b7,delivered,2018-05-02 10:44:40,2018-05-03 10:57:13,2018-05-04 06:22:00,2018-05-18 15:58:51,2018-05-23 00:00:00
0a979eab29ef830d6363887a00907fb3,48fdce8f3b86a9177f826892cc29b8ec,delivered,2018-02-08 15:02:47,2018-02-09 10:11:33,2018-02-10 04:16:42,2018-02-16 20:43:59,2018-03-12 00:00:00
0a998b0552bd0e04c7b38f0f58737c54,f650ed65abda7782ac4adb70edb5f62e,delivered,2018-08-01 19:01:08,2018-08-01 19:15:21,2018-08-02 15:18:00,2018-08-07 20:08:31,2018-08-17 00:00:00
0aa3718b7db60c5ebec88b485cb975db,aa6bbe83912aa4d9762752cf237ac30e,delivered,2018-07-13 01:11:10,2018-07-14 02:35:20,2018-07-16 13:48:00,2018-07-23 13:22:54,2018-07-27 00:00:00
0ab72bab67e4b9af0dfc369356d70202,3b408c6d257435c14b05234d711d37c5,delivered,2017-06-04 14:44:30,2017-06-06 13:35:47,2017-06-07 12:40:53,2017-06-08 15:13:38,2017-06-20 00:00:00
0abb65aa29ab57e5f52f657d22b47648,1652b873dc2f33c68dc15bb05e7542e3,delivered,2017-07-02 15:51:01,2017-07-02 16:03:25,2017-07-04 08:32:51,2017-07-12 21:14:35,2017-07-26 00:00:00
0abf7f13c92f93e708a28f32316b13d3,0adbcea65a531588e0a7c68142d54192,delivered,2018-03-23 22:03:04,2018-03-23 22:10:26,2018-03-27 00:52:33,2018-04-02 21:06:43,2018-04-19 00:00:00
0ad01dd05d74bc7891d57312627ec33b,f0a961193385015dd1b2789126c34487,delivered,2017-11-14 10:15:11,2017-11-14 10:47:57,2017-11-14 22:37:33,2017-11-20 18:48:55,2017-12-14 00:00:00
0ad82b0c5d9f039a29814e465165a0da,3e2930de7e731ac3ed3a0b024aadbb69,delivered,2017-11-17 19:41:20,2017-11-17 20:26:50,2017-11-21 13:49:28,2017-11-27 22:42:22,2017-12-08 00:00:00
0aeb20ab92028bf31d5d8b2314b03092,5faa65fc45f1cf27ea90df480d25129d,delivered,2018-02-07 16:35:03,2018-02-07 16:49:36,2018-02-09 01:43:12,2018-02-14 23:43:18,2018-02-23 00:00:00
0af96849112c968e7764ac7f17e4f9f7,83921c0d0f7fbb56e05892c41d5a2445,delivered,2017-02-23 16:55:51,2017-02-24 06:50:49,2017-03-30 16:39:56,2017-04-05 09:48:08,2017-03-16 00:00:00
0b01066982af6f2681ea9b0169f0d987,b6468b4d8c27698cc09468fa3efa39d8,delivered,2018-03-19 16:06:01,2018-03-19 16:27:19,2018-03-20 17:32:04,2018-04-13 16:47:01,2018-04-06 00:00:00
0b36b5725c37564b933ec5845f63b635,cddb7c930b86c98185caad9fa6cd65c0,delivered,2017-10-10 11:34:06,2017-10-10 14:35:22,2017-10-11 15:27:53,2017-10-17 21:04:12,2017-11-09 00:00:00
0b7faa591b1acf3fa59f5297017b3058,d32b49ac4cbe7f35394e35e9fba57a4f,delivered,2018-02-22 13:27:37,2018-02-24 02:50:44,2018-02-27 23:06:55,2018-03-12 19:28:48,2018-03-16 00:00:00
0b82a32f3caec8e9157049e294486ade,f3a7ebd01294cc0c18f30693542694e0,delivered,2018-02-19 15:33:55,2018-02-19 16:35:26,2018-02-22 17:17:04,2018-03-05 20:34:32,2018-03-19 00:00:00
0b83b48cff92afd5eb4360860cad0ff1,54d964b83ac779bf3ab0fdb1877a51bc,delivered,2017-02-15 15:27:15,2017-02-16 02:23:17,2017-02-16 09:33:46,2017-02-23 16:12:29,2017-03-24 00:00:00
0b8c594f80a7db56ea4927af84e45203,2f5c5ebb61f2eeb48a990244af12827e,delivered,2018-03-26 10:01:59,2018-03-28 02:50:21,2018-04-09 19:34:21,2018-04-11 22:04:56,2018-04-16 00:00:00
0b8dbb26699a171be239666299d2174f,c5761e080ba22e9bb19972bd1d3901a3,delivered,2017-03-09 20:48:23,2017-03-09 20:48:23,2017-03-13 14:16:18,2017-03-28 14:20:11,2017-04-07 00:00:00
0b8e4fe7f85610340424b314dc68c366,b204afb461c278e57b4d2edb8cc947e9,delivered,2018-08-16 12:07:49,2018-08-18 03:09:31,2018-08-20 08:26:00,2018-08-27 18:52:51,2018-09-04 00:00:00
0bb0dd89956cc5f44ff556c2189e7160,db925a533d94cee42707026949892c7e,delivered,2017-06-20 13:08:17,2017-06-21 02:26:00,2017-06-21 08:11:54,2017-07-03 16:05:05,2017-07-12 00:00:00
0bba959fbb649221ae07d0c128ba1809,e3bf47f4bae64f039f4b4ad98a4f18f7,delivered,2017-09-15 01:32:20,2017-09-15 01:45:10,2017-09-15 18:32:11,2017-10-02 16:20:39,2017-10-11 00:00:00
0bc9cc637f074aa7df9fb7f206125066,64b522c8d8d1f7acce0f99ab0bc4309e,delivered,2017-05-25 11:58:23,2017-05-25 13:33:53,2017-05-26 10:08:25,2017-06-01 15:17:32,2017-06-19 00:00:00
0bdb173bda4bf7e4109fe707c309252a,35e78cde5b0035c5619904e902c385d7,delivered,2017-12-01 01:54:12,2017-12-01 10:31:10,2017-12-04 16:03:09,2017-12-09 15:32:40,2017-12-28 00:00:00
0be2a2a52adfb0963b9bb86b3b668b90,b3f0f75df1c064dea7888f0afe738b4d,delivered,2018-05-08 21:04:24,2018-05-08 21:15:28,2018-05-09 15:39:00,2018-05-21 20:48:51,2018-05-29 00:00:00
0bfef24c6be372da610fb6c17ca1dafc,9700e1edad3c5eb426b3db0e0287e2ff,delivered,2017-12-08 00:18:18,2017-12-08 00:31:32,2017-12-08 20:32:45,2017-12-13 16:58:02,2018-01-05 00:00:00
0c2766159bd610cb7f38a657ebb28e39,ab4606afb44526c3a33ce2b9c4571b64,delivered,2018-05-09 08:06:13,2018-05-09 08:31:00,2018-05-09 11:00:00,2018-05-15 18:15:06,2018-05-28 00:00:00
0c311ce5790eb3a82cfaf0ab40840730,c99b00c3b4053a8a6159264ad625dea6,delivered,2017-08-13 09:13:02,2017-08-13 09:25:09,2017-08-14 15:11:46,2017-08-18 18:32:12,2017-08-30 00:00:00
0c40dfe4127461031cfea37fb4c63856,812db10465ec8fed84262db66f615f87,delivered,2018-05-14 09:01:31,2018-05-14 09:14:07,2018-05-14 14:58:00,2018-05-21 18:32:37,2018-06-04 00:00:00
0c51cc0743219907058b0a266949d0a9,db374e4b74d15c33cc6685590db89d40,delivered,2017-06-21 14:59:31,2017-06-21 15:10:11,2017-06-27 16:37:53,2017-07-03 23:32:55,2017-07-13 00:00:00
0c54f2a2eeb0c42bd55937babb4669eb,9530bb46f44cc8564b66def5feaee742,delivered,2017-07-09 02:35:35,2017-07-09 02:45:06,2017-07-11 21:43:48,2017-07-18 20:23:39,2017-08-01 00:00:00
0c5a7b3c5703837ef40113972224a978,0b625a2816bc92763dff9538ee30414a,delivered,2018-03-30 20:06:55,2018-03-30 20:27:19,2018-04-02 22:43:00,2018-04-04 00:56:33,2018-04-12 00:00:00
0c5f4de2e1c08a6da891feaafcf35d1e,400bdea7f3cee3d1d54dda43b762d369,delivered,2018-05-09 18:58:23,2018-05-09 20:55:37,2018-05-10 12:01:00,2018-06-11 17:23:01,2018-06-05 00:00:00
0c7ac4325ae837f28df12a94a51cf375,57a3f8414e6e936ee0d8026db6f83715,delivered,2018-08-11 07:22:12,2018-08-13 10:10:22,2018-08-13 13:50:00,2018-08-21 20:41:52,2018-08-30 00:00:00
0c922ae7c3b6cb7d848150c80121bc1b,6842b18ad3f173ee6b709748377bbd2f,delivered,2017-04-03 20:45:51,2017-04-05 02:42:39,2017-04-05 19:15:06,2017-04-07 17:05:40,2017-05-02 00:00:00
0c9b9834c09d4fbf6bbadf2b3fba9828,2a7650b65bcb266e812c0408d2bc2414,delivered,2017-11-25 18:24:33,2017-11-28 03:19:09,2017-12-01 21:51:56,2017-12-10 18:03:29,2017-12-15 00:00:00
0cb398989a2bafd3944803b5427a622d,c57651797d7dca0e93258700748d3d7f,delivered,2018-03-25 21:20:12,2018-03-26 21:15:25,2018-03-28 11:28:44,2018-04-05 00:28:50,2018-04-19 00:00:00
0ccb5b7bf95c5b642f3717b08c633361,9c75150ccee7d27156bd4b0b05c828da,delivered,2018-07-07 18:35:06,2018-07-08 18:30:13,2018-07-10 14:07:00,2018-07-13 15:07:29,2018-07-26 00:00:00
0ccb884361ec00003176dab0ea647f59,98a2d594a64eb5fea6f4eba1a5fd7041,delivered,2017-05-28 11:13:23,2017-05-28 11:25:11,2017-05-29 16:38:47,2017-06-01 11:43:48,2017-06-19 00:00:00
0cce1e1470bc8d35d6a2bebb6991bc1b,6561ef6306e6369b42177e51ddcc35ef,delivered,2018-08-03 13:37:28,2018-08-03 13:50:20,2018-08-07 13:37:00,2018-08-16 21:03:23,2018-08-31 00:00:00
0cd93455c51655ebb590c07a06d584a1,72db172e77409b4cc768552a16548206,delivered,2017-03-13 22:55:26,2017-03-13 22:55:26,2017-03-16 15:13:13,2017-04-03 17:20:12,2017-04-19 00:00:00
0cde8327c49577c3c0fed91e084daef5,4cc465bb8ccb079ba561852ffa794668,delivered,2018-03-27 19:07:09,2018-03-27 19:15:17,2018-04-03 23:05:16,2018-04-07 15:28:33,2018-04-09 00:00:00
0ce0997380b2110e5d35697ce4ddabd7,ff582f34a30b0646c52541de86107865,delivered,2018-04-27 14:06:22,2018-04-27 14:32:00,2018-06-06 12:57:00,2018-06-14 12:52:17,2018-05-28 00:00:00
0ced306b608e9bc80ef960368a3414a4,2f5ff4d0d6e4f93ff81abd25f3e35391,delivered,2017-07-09 20:01:59,2017-07-09 20:10:14,2017-07-10 19:43:27,2017-07-11 22:15:43,2017-07-21 00:00:00
0cef0a9c1d74d5ec485fb3195191caa1,80655c33f3653b792e8d564993ee25a2,delivered,2018-06-09 16:21:54,2018-06-11 08:17:34,2018-07-03 14:02:00,2018-07-06 11:16:50,2018-07-24 00:00:00
0cfabecb909812856ae6d21400104334,ca7be09be15919bbd9f41de9a68d34c0,delivered,2018-05-16 12:50:54,2018-05-18 16:57:57,2018-05-21 14:40:00,2018-06-07 19:36:52,2018-06-14 00:00:00
0d084d7d6f5d7b6a97582e1dc74dda2a,558de2f6863bf7588338479d614522a3,delivered,2017-10-25 16:33:09,2017-10-25 16:49:56,2017-10-26 20:16:12,2017-10-31 19:53:01,2017-11-22 00:00:00
0d0aa4989e49d1acbc9d973bf923b77c,960b33a48965dbe311329af76f4aa70f,delivered,2017-04-07 11:55:40,2017-04-07 13:05:25,2017-04-07 13:59:13,2017-04-19 12:47:10,2017-05-05 00:00:00
0d29f866f714402153c7a02ca8bf6134,c20207a17418d1aa04f5270a8018b8b7,invoiced,2017-10-30 21:18:31,2017-10-30 22:31:44,,,2017-11-07 00:00:00
0d2d1445891e7aba669fa2069d695601,739ee2d2d5960609ad780937fd9fa282,delivered,2017-10-09 19:54:18,2017-10-11 03:49:33,2017-10-11 18:28:36,2017-10-16 16:46:59,2017-10-26 00:00:00
0d3361c2f225ac28b02f7a5492ed73fb,740e06c12b353bf626bb94ed662eb0ae,delivered,2017-12-02 09:45:39,2017-12-02 09:52:33,2017-12-05 15:03:49,2017-12-08 17:38:41,2017-12-20 00:00:00
0d387b5d8e636190398548a221d4185d,3aa067bb9a756282ef198ae577298bd9,delivered,2018-06-09 21:15:14,2018-06-09 21:38:23,2018-06-11 13:21:00,2018-06-13 13:34:40,2018-07-12 00:00:00
0d5d3777270af3ab88e1ad0e74c57e52,d445b9c894d13feec15913b63b8f802f,delivered,2018-08-07 13:05:13,2018-08-07 13:15:22,2018-08-13 14:45:00,2018-08-17 13:32:38,2018-08-27 00:00:00
0d702aba7840fe6e6942e419648d9e0e,28d50d01106af1d9993aeafccfc3a8e3,delivered,2017-04-01 14:44:04,2017-04-01 14:50:20,2017-04-03 15:20:07,2017-04-19 11:58:13,2017-04-28 00:00:00
0d922ec2be9bd5e75e225b6bacfdc4d6,6b25af18781c3fed3b96bc7539cd715b,delivered,2018-07-08 19:57:38,2018-07-08 20:10:12,2018-07-10 14:02:00,2018-07-11 16:58:30,2018-07-19 00:00:00
0d9e86e02c1a823b20c03ea29d616607,edaad9e07395713e9f5a2124f6c846a1,delivered,2017-10-13 10:22:20,2017-10-13 10:49:48,2017-10-17 13:48:22,2017-10-24 19:13:41,2017-11-08 00:00:00
0da26371f58ab8e89157a901ef0cf390,ffc97eb567d22d3e39a56c61175f9838,delivered,2017-08-18 19:00:40,2017-08-18 19:15:12,2017-08-22 18:38:02,2017-08-28 18:13:17,2017-09-05 00:00:00
0daa8301819941dd352fe651f9fa70d5,da437ccfd018a010d1fb766b073c759c,delivered,2018-04-04 09:12:01,2018-04-04 09:31:05,2018-04-10 19:49:28,2018-04-12 20:39:27,2018-04-16 00:00:00
0dc2734aeb43fcd6b5c4a6d6296f50c5,aacd2c89b47bcc2aa875ea9b1f64955d,delivered,2017-03-02 09:21:19,2017-03-04 02:25:17,2017-03-08 07:09:45,2017-03-29 10:58:07,2017-03-29 00:00:00
0dc561ba424a8d639e1d4d7840c530c0,6cb3b8343477d519232f9c92bd2e6787,delivered,2017-11-06 16:59:28,2017-11-07 07:30:33,2017-11-07 15:42:08,2017-11-14 20:38:56,2017-11-29 00:00:00
0dd40e8c8c363027df66efe4fea48bdf,890795b5b323f86184a643e8e3480584,delivered,2017-11-26 23:57:25,2017-12-01 12:31:41,2017-12-06 21:09:23,2017-12-12 22:38:43,2017-12-19 00:00:00
0de5dbc9f3226761687d84b54057efba,986e4efa44089b9cafd44fc27ba74244,delivered,2017-08-09 21:09:22,2017-08-09 21:25:14,2017-08-10 18:44:56,2017-08-28 16:57:42,2017-09-25 00:00:00
0df047ac4fa1b5eed06cc188e54fd23e,47efe31635e7f43b94e1944a329598e4,delivered,2018-08-07 09:32:53,2018-08-07 09:45:15,2018-08-08 13:55:00,2018-08-11 14:38:43,2018-08-27 00:00:00
0e0fa429a12bc8105554270a3a52ce97,c7f4ae2ceae1c61d7498868443fc755f,delivered,2018-07-13 12:00:36,2018-07-13 12:10:46,2018-07-16 15:11:00,2018-07-21 15:50:57,2018-07-31 00:00:00
0e19122f9fa8f2ac31d7ee9742b7d98b,193422684d7e12df2ca405f88df5d891,delivered,2017-06-26 16:04:07,2017-06-26 16:15:21,2017-06-29 10:03:14,2017-07-03 12:33:38,2017-07-14 00:00:00
0e1c841770446e9becaf95190493901f,a15a26030fa0d12ade628812f725194c,delivered,2017-11-27 18:23:01,2017-11-27 19:31:09,2017-12-01 19:32:11,2017-12-04 11:19:11,2017-12-15 00:00:00
0e3669da7effc0dce5fe5e8a52bb5805,9239e5e8adf3005462a81ff994c43941,delivered,2017-09-06 17:15:02,2017-09-09 04:55:14,2017-09-11 15:50:33,2017-09-19 09:24:02,2017-09-25 00:00:00
0e3743eb1b447eb4747eaafc9221fb41,a0dd74c26f554c5ffd5bb25aab74fa1b,delivered,2017-12-16 14:20:01,2017-12-16 14:31:19,2017-12-20 19:36:21,2018-01-12 20:22:54,2018-01-19 00:00:00
0e3ee99a343d05fc3fa4256f7c675c63,6b498e20f44d131b2b912ac637726a2b,delivered,2017-09-30 21:33:07,2017-09-30 21:50:34,2017-10-02 21:32:19,2017-10-09 22:42:41,2017-11-06 00:00:00
0e5d6a7f18b77c72f681911eaf6c011a,5ba4f0a54e593b777bd6059f7b7e0235,delivered,2017-07-19 15:33:18,2017-07-20 02:15:39,2017-07-21 21:42:21,2017-08-09 19:13:48,2017-08-17 00:00:00
0e5dcadb0c33c96bd4c6573929a80d9f,b0da2ef21288c6af3939878c7bdd63ce,delivered,2017-06-24 13:30:08,2017-06-24 13:43:20,2017-06-26 14:16:45,2017-07-12 19:03:57,2017-07-20 00:00:00
0e622d371212819a199d533eafd7e4c3,9bd86e62b19dfcec051d4ca9c5d10ee6,delivered,2017-11-26 15:16:48,2017-11-26 15:31:51,2017-11-27 16:16:53,2017-12-07 20:51:33,2017-12-22 00:00:00
0e62b7f0d74e42edd997cf3dfaac54c2,176aa9873d5619a5ef475139130337d1,delivered,2018-01-08 18:20:33,2018-01-09 07:24:51,2018-01-09 21:15:17,2018-01-23 18:10:14,2018-02-06 00:00:00
0e696093d25ba307ef78cf0d208bf500,5fb239cb8ef28ff4b56d2e34da747f99,delivered,2017-12-04 11:46:39,2017-12-04 16:32:02,2017-12-05 16:57:16,2017-12-13 22:47:13,2018-01-04 00:00:00
0e74f4c5e40226e7f0aa460ce139ee37,734f7b3685cc131dd8f6843e53321d91,delivered,2017-11-25 09:20:17,2017-11-25 09:33:47,2017-11-28 02:41:51,2017-12-04 22:18:52,2017-12-19 00:00:00
0e8488c62611eb99cdf174e019bf9d8a,e9400e3d4945ada34b67e31c4c02d85f,delivered,2018-08-03 16:37:04,2018-08-03 16:50:26,2018-08-06 16:51:00,2018-08-13 20:04:46,2018-08-21 00:00:00
0e8a50eedd19fc32a3537ab8ea559f33,3ef7cff4efadc6c1d152008c75e7c93a,delivered,2017-04-07 00:52:06,2017-04-08 02:43:41,2017-04-10 14:29:11,2017-04-17 18:39:49,2017-05-03 00:00:00
0e8b6c11a73010fcf68119448a6182cb,121c6e0fb5e68761d78dd726a77e9047,delivered,2018-03-14 10:56:58,2018-03-14 11:15:45,2018-03-15 21:32:20,2018-03-16 13:28:28,2018-03-28 00:00:00
0ead7996f8952fba09e18bed9872414e,1070bdeb30f438c677f47d05bb084550,delivered,2017-04-18 17:12:17,2017-04-20 02:50:33,2017-04-20 15:47:44,2017-05-06 09:17:52,2017-05-12 00:00:00
0eb292344b2b6367acf848e125a32538,8d1eb0233a90478bafc36d66f468de9c,delivered,2017-06-27 20:53:52,2017-06-27 21:05:14,2017-06-28 14:47:43,2017-07-07 17:32:22,2017-07-21 00:00:00
0ec20feeac30045e916578f17c2085e2,b87e0079d0d0c17a5ce63aadb9eae6d9,delivered,2018-08-16 13:12:38,2018-08-16 13:30:08,2018-08-17 13:21:00,2018-08-23 21:04:26,2018-09-18 00:00:00
0ec73995908cf00519d1da725119d114,399cb3db1d7a4c442e4833b5f57a4429,delivered,2018-03-13 21:56:58,2018-03-13 22:40:30,2018-03-20 18:42:32,2018-03-26 16:17:01,2018-04-06 00:00:00
0eccc15fe0cf8638062ecf10382350f1,21078c8fac1a0e33a4ff86590d39e060,delivered,2018-05-29 17:14:23,2018-05-31 03:35:58,2018-06-06 10:53:00,2018-06-18 20:17:36,2018-07-05 00:00:00
0ed85071f4330f23eb0a71d4c26ded6a,644dbfbd91a2bcd850d57349afb60974,delivered,2018-06-13 07:25:51,2018-06-13 07:53:27,2018-06-14 07:03:00,2018-06-15 18:06:43,2018-06-28 00:00:00
0ed9d4d7e66c6fdb514053430cfde54a,1bba1b7e613845e24dab84b393f9035b,delivered,2018-03-27 17:50:48,2018-03-28 02:47:35,2018-03-28 19:50:34,2018-04-09 13:08:46,2018-04-30 00:00:00
0ee83875134e649fc7cc3b867c337bee,21de4bff259cbc328939e58e82f6157e,delivered,2018-03-08 23:18:44,2018-03-10 03:35:39,2018-03-13 16:18:53,2018-04-11 20:32:31,2018-04-03 00:00:00
0ef716d86b77c7bf750b25ef9249d193,565cac2d738e69ba2d8369747e27e475,delivered,2018-08-02 12:42:08,2018-08-02 13:25:13,2018-08-03 11:25:00,2018-08-13 23:31:57,2018-08-27 00:00:00
0efa0c45020bf70a48af010afcf0a3cc,da455231ebafab9b01c0c28d3d637a97,delivered,2018-02-28 00:19:14,2018-02-28 00:35:58,2018-03-02 01:21:27,2018-03-07 20:22:31,2018-03-13 00:00:00
0f1297fc73dfe8ec236409616c39eba7,61a0d7d415e0f8649f386945871dfd85,delivered,2018-01-30 11:29:58,2018-02-01 02:55:56,2018-02-02 23:42:42,2018-02-06 20:18:28,2018-02-23 00:00:00
0f14db1abb2772e95d78a72c30d69678,3563b65918969aa4770325856ec0c256,delivered,2018-04-11 02:48:15,2018-04-13 10:11:04,2018-04-13 21:53:31,2018-04-20 20:19:12,2018-05-08 00:00:00
0f1dea9ac2c2be3ef6885442dab7ef0e,a66bb70ae2854436813837d31757b08d,delivered,2018-02-17 11:48:42,2018-02-18 12:30:26,2018-02-21 19:31:47,2018-03-13 17:52:19,2018-03-15 00:00:00
0f2bbeda958833e5a67ceb4368f282fe,00da48d824214ffba48ab43f5b1d29a0,delivered,2018-04-29 09:43:34,2018-04-29 10:09:28,2018-05-09 13:49:00,2018-05-14 18:58:37,2018-05-23 00:00:00
0f2f8cfaa707ef6df9c6363b3d70ed23,1d8278e9564a98f879c9bd72ae4d45e2,delivered,2018-02-04 21:46:47,2018-02-04 22:09:54,2018-02-15 20:45:21,2018-02-16 20:17:52,2018-03-02 00:00:00
0f3a5047f59b6a2df32f4471eedb41c5,857e85c32faf11787e893fcb5eeeea26,delivered,2017-10-31 19:13:01,2017-11-01 12:30:22,2017-11-01 23:32:07,2017-11-07 15:48:34,2017-11-17 00:00:00
0f463923e58ae2578bc70e3083b98e93,45f03f88bd8f121c974acbc79549be7c,delivered,2017-03-22 11:05:06,2017-03-22 11:05:06,2017-03-22 13:58:46,2017-03-29 16:18:31,2017-04-19 00:00:00
0f4ac89389a25eb2b1d923e4ed43c0a6,da8c803de79c3cb9417419917fee0d5d,delivered,2018-07-04 12:11:44,2018-07-05 16:33:00,2018-07-05 13:41:00,2018-07-14 13:48:37,2018-07-26 00:00:00
0f4ace47be2863cb7e7e547f32afbe2a,37a6be75367f9868cc1af702f0833136,processing,2017-12-04 22:14:17,2017-12-05 10:30:53,,,2017-12-29 00:00:00
0f4e0cf683934cf2cc6b45a24b386a14,d9d9ef18adcedc759515809d67e54744,delivered,2018-05-23 13:19:29,2018-05-23 14:14:27,2018-05-24 10:04:00,2018-06-03 12:22:31,2018-06-14 00:00:00
0f503b220e9d1fd78562e41a427a0c6a,3810ae52bde69bed0acd162b5c18aadb,delivered,2017-09-09 12:12:43,2017-09-09 12:25:21,2017-09-18 19:27:42,2017-10-06 22:21:51,2017-10-02 00:00:00
0f57f8c8546ce0d3837910801250d944,fe088b708cc9258c6ac74a99a77581cd,delivered,2017-08-18 20:56:48,2017-08-18 21:10:18,2017-08-21 21:17:24,2017-08-24 19:53:35,2017-08-31 00:00:00
0f62234641212cb7b178923f7820d1e1,8229f2587547772e502374973b00ae95,delivered,2018-06-18 10:39:49,2018-06-18 12:18:35,2018-06-18 12:26:00,2018-06-21 19:22:13,2018-07-11 00:00:00
0f740a04b4f5fce0611344905b62332c,1db2189def22e420ab1b634c13b49566,delivered,2017-11-30 19:34:24,2017-12-01 09:31:23,2017-12-06 13:13:35,2017-12-18 15:15:04,2017-12-28 00:00:00
0fa97c6a14424f633800d5cb622a6bb4,e00d37f1223d181e8f32f6f4f6f96c56,delivered,2018-04-28 13:10:03,2018-04-28 13:34:20,2018-05-02 10:20:00,2018-05-14 18:44:45,2018-05-25 00:00:00
0fb130991a0a1c824371ba3df52881f3,e3af2f250469e17b82d7faeab2e5d26a,delivered,2017-05-11 14:36:21,2017-05-11 14:45:15,2017-05-12 12:29:35,2017-05-15 14:26:43,2017-05-30 00:00:00
0fd408210166f23fe823070a2f690048,7c06711473bf4fef27ea11d9f5719158,delivered,2018-03-05 18:11:53,2018-03-05 18:31:13,2018-03-08 23:32:27,2018-03-14 15:28:30,2018-03-21 00:00:00
0fdcadc1ea2d7ca9f59b5085aad894ad,1b1ef9257b656045dfd12d3daf77826c,delivered,2018-01-16 18:33:14,2018-01-16 18:51:09,2018-01-17 19:58:55,2018-01-23 09:07:05,2018-02-06 00:00:00
0ff4f1ed797bbfac9a16714dfa5162aa,0e7292b365653509f4f2f1953fdd2ced,delivered,2018-02-26 12:58:20,2018-02-27 12:55:37,2018-02-28 19:06:22,2018-03-09 01:35:30,2018-03-23 00:00:00
0ffc72fbf456655a67de48c1bd094594,1ee24e71192304999595a27987dbaa94,delivered,2017-12-27 21:05:19,2017-12-27 21:14:24,2017-12-28 17:43:53,2018-01-03 22:19:23,2018-01-22 00:00:00
0ffdb6473bc02f6e0b767083d21457d0,55cc6114f9fb967d84fc85d6e7db019e,delivered,2017-10-09 15:00:59,2017-10-09 15:15:26,2017-10-10 17:10:29,2017-10-17 19:23:14,2017-10-26 00:00:00
100e8cf23e7518027376ac07ca0ec96b,b1ece3a99522857ca408477c7392134d,delivered,2018-02-22 23:30:05,2018-02-24 02:50:46,2018-02-27 16:29:11,2018-03-27 00:42:09,2018-03-15 00:00:00
102b790156f60813474ed025355a59d5,b97e4013860297dba48d699f12f91fcb,delivered,2017-01-26 15:37:38,2017-01-26 15:50:17,2017-01-27 13:24:47,2017-02-08 08:04:25,2017-02-22 00:00:00
105a17b015064cf48113e9593c2ad700,802afc498fb100ca6ee8ef029719e141,delivered,2017-11-27 15:19:38,2017-11-27 15:26:27,2017-12-01 15:19:03,2017-12-08 23:28:24,2017-12-18 00:00:00
1069874467b6a425853288c450f68fc9,cee53b7d3dd56da687a4fa61c6ce8d32,delivered,2016-10-07 22:51:32,2016-10-07 23:13:46,2016-10-11 23:13:46,2016-10-28 13:51:23,2016-11-29 00:00:00
106d8484bb6bb4ff239daff27fc4feb6,7dfa5f2f758adf5d769a3941649e733e,delivered,2017-06-12 22:55:41,2017-06-12 23:10:20,2017-06-19 13:32:02,2017-06-22 09:45:01,2017-07-05 00:00:00
106dccd8cf01a9d15921ba6b3028a09d,7a1a51cc44b9a60d0b751d3ae26a07d4,delivered,2017-10-02 12:47:00,2017-10-02 13:04:35,2017-10-02 18:38:57,2017-10-03 18:27:21,2017-10-18 00:00:00
106ff3ba3e84e22713bf2a10c582fd94,02d1b5b8831241174c6ef13efd35abbd,delivered,2018-04-08 01:21:20,2018-04-08 01:35:20,2018-04-10 18:06:48,2018-04-20 10:03:11,2018-04-25 00:00:00
108e1d5b7a25ff07b49e500b1c7ae4b0,7d1fee2758dd8420cb44dc7f4fdec08f,delivered,2017-06-07 10:57:08,2017-06-07 11:10:13,2017-06-08 16:16:46,2017-06-21 16:19:44,2017-07-10 00:00:00
1097d35f1e7f8972fb78c8a135090ca8,eac9c7f6f691a424305e7a98db80be34,delivered,2017-09-02 20:20:08,2017-09-05 04:35:58,2017-09-08 19:42:17,2017-09-12 19:27:56,2017-10-06 00:00:00
10a44d7bc8f54ea814e6020e0f3e5fbe,69e814803fa51a94821c0064b6d82cb3,delivered,2018-07-24 19:32:32,2018-07-24 19:45:16,2018-07-25 15:34:00,2018-08-06 19:34:35,2018-08-15 00:00:00
10b5d5c95177be116333e9a65a6fdea4,749ba37e1c007d00f214dc51dec300e0,delivered,2018-03-04 10:59:40,2018-03-04 11:10:54,2018-03-06 18:52:18,2018-03-13 22:59:29,2018-04-06 00:00:00
10baace34a8f00b9b8a872d49d897fc9,e58f98729a032e4a32475e8592ce6bd2,delivered,2017-08-16 11:02:46,2017-08-16 11:35:13,2017-08-25 18:22:07,2017-09-08 22:15:41,2017-09-25 00:00:00
10c12ecab799c32c29b4df3a203ecaa8,2958f7dccf3976fef64e82ec6d3b562b,delivered,2017-02-08 08:34:04,2017-02-08 08:45:18,2017-02-08 10:33:02,2017-02-15 14:45:40,2017-03-09 00:00:00
10c651c81fd0bec26524dab0e94090a5,3ea9d5100acf2b7ffe45e68b545c36e6,delivered,2017-05-25 00:47:57,2017-05-25 01:25:25,2017-05-25 11:53:46,2017-06-01 14:43:52,2017-06-21 00:00:00
10cd85520165aa0f64d484b8f9bf60c4,ad417eed258291b622014bf443a0633b,delivered,2018-04-27 17:06:42,2018-04-27 17:33:07,2018-04-30 14:43:00,2018-05-03 00:21:07,2018-05-15 00:00:00
10d1e90a86d2be981a52b6a927c97dc5,6b3ed42b480bc5831a094f35dc11b668,delivered,2016-10-06 15:19:40,2016-10-07 10:11:30,2016-10-26 14:11:25,2016-11-07 16:26:10,2016-12-12 00:00:00
10fdf269eed6d4c024dc5eeb5c7f6c37,f0807dce8ef3a4ecec555664526a28b9,delivered,2018-07-31 17:24:32,2018-07-31 18:04:35,2018-08-03 13:07:00,2018-08-08 23:32:25,2018-08-14 00:00:00
1103c4be46dcfaefc2a3b79d3ef6c866,a1f6530f940d0e5f625593bd7fc29f60,delivered,2018-08-20 16:08:31,2018-08-21 06:09:57,2018-08-23 10:56:00,2018-08-30 12:06:57,2018-09-11 00:00:00
110e1980401cf18f27590b4023ff5e32,f0966e2b4cd732ffffaf17f1870e72c5,delivered,2018-05-31 17:48:06,2018-05-31 18:12:51,2018-06-01 14:40:00,2018-06-04 23:29:29,2018-06-26 00:00:00
112e22ce5f700d2155befd89a15b4a5b,90eb27e381d8c75dd3acf2f87fd8aa50,delivered,2018-05-07 11:48:13,2018-05-07 18:10:52,2018-05-09 14:27:00,2018-05-11 20:04:49,2018-05-15 00:00:00
11302d4542ca6da5b505416f9e04f0a8,a06ff1b7fe5a96a9449fed853d1dc62f,delivered,2017-11-26 20:40:58,2017-11-26 20:53:40,2017-11-27 16:43:14,2017-12-13 16:10:10,2017-12-20 00:00:00
113cda086060a05db0ef4fef6c8fe1d8,de3d9d27d3fe1ca96f132c282183fc08,delivered,2017-04-13 13:42:13,2017-04-13 14:02:29,2017-04-18 11:40:05,2017-05-05 17:06:39,2017-05-19 00:00:00
114483c2698c3681197da8cbb87204b8,0d8a449d198d88f6a8df2a7272000cb2,delivered,2018-03-29 14:02:04,2018-03-29 14:15:18,2018-04-03 00:38:37,2018-04-26 10:19:42,2018-04-27 00:00:00
114c9407eb2b873d07c1b3bf91e35a9c,df11cc9c942c7f07da39b38148fd5205,delivered,2017-09-12 14:38:24,2017-09-12 14:50:27,2017-09-13 13:10:22,2017-10-16 18:38:57,2017-10-06 00:00:00
11609008a7e4bb0256bcfd643ebc6a7f,fbd93990fcbda517a7c376246180a358,delivered,2017-11-09 23:46:55,2017-11-10 00:06:34,2017-11-10 18:11:11,2017-11-21 18:12:24,2017-12-04 00:00:00
117c08edcd4cf5c43118fefa4e0dab79,f2b943227eae28a0440b448b53e30a07,delivered,2018-08-08 10:28:00,2018-08-08 10:45:38,2018-08-14 16:04:00,2018-08-22 23:09:40,2018-09-17 00:00:00
1184c1bbcfb488132ee2bca2c07cd743,8baeca32aac79a831b81f1f8af9fd6d8,delivered,2018-08-16 11:35:15,2018-08-16 11:45:09,2018-08-17 08:38:00,2018-08-21 20:07:33,2018-08-27 00:00:00
118b09c1cf1b29c8401cb7833d29c10a,c5ef4b508381ea9766c2d7e798985bae,delivered,2018-01-09 22:03:32,2018-01-10 10:32:05,2018-01-11 22:38:04,2018-01-31 15:28:48,2018-02-08 00:00:00
119d2d80c921d5b4806a1b19b4e8c531,e15daad9efaafb0d4d10043c9ca77e7b,delivered,2016-10-07 19:02:48,2016-10-07 19:29:12,2016-10-11 19:29:13,2016-10-14 19:29:13,2016-12-01 00:00:00
11a6156f787eb963fb211db50db44d99,ee517d3a38e003aabc2dc2b08a0bc6fb,delivered,2018-05-11 20:26:43,2018-05-11 20:57:13,2018-05-14 12:56:00,2018-06-07 00:08:47,2018-06-04 00:00:00
11a712e608d2c5d35b89246489db966d,013c39ad671a385ad47e7d108dc6517b,delivered,2017-12-28 20:21:15,2017-12-29 02:09:55,2018-01-18 17:10:15,2018-01-26 23:34:30,2018-02-19 00:00:00
11a9088002b4fdb9c21827b2b585dcf7,f79c9ce96b5c0d7c708917616a0ba2fe,delivered,2018-05-15 09:10:10,2018-05-15 09:33:18,2018-05-15 13:52:00,2018-05-18 19:55:32,2018-06-13 00:00:00
11ac4935b48d92b0e8d9b2176da04d80,4ef8b068568a613d1452d9cffa2686ec,shipped,2018-03-23 21:33:01,2018-03-23 21:47:29,2018-03-27 02:26:28,,2018-04-05 00:00:00
11afac295480894b1dcdf9cf95815731,af06a118d5baeabd152479e412267333,delivered,2017-02-09 09:18:46,2017-02-09 09:30:17,2017-02-13 11:44:08,2017-02-14 09:56:59,2017-03-20 00:00:00
11b4e9ae5ca811613824353594fa6044,03f0e10539f9f25c2614e50a42464f36,delivered,2017-08-30 21:47:24,2017-08-30 22:04:40,2017-09-04 15:14:48,2017-09-12 11:20:03,2017-09-21 00:00:00
11b92cb31ef70accdf3705f879a0a891,bdbff934ece5c743168cddd09999e53b,delivered,2018-01-04 17:02:05,2018-01-04 17:13:30,2018-01-10 20:05:12,2018-01-12 22:17:26,2018-01-22 00:00:00
11bc6fba055abbdc961925690db38135,927b7ac2cfaf2a75577eb4483410ecf0,delivered,2018-04-16 02:05:10,2018-04-16 02:15:08,2018-04-17 18:41:40,2018-04-23 17:51:17,2018-05-03 00:00:00
11dd41a0dbb00ead97fe3c687ce9857e,d3f8e795d5282ebf466fd3d59b17ede3,delivered,2017-09-24 07:24:43,2017-09-24 08:03:57,2017-09-27 11:34:25,2017-10-09 20:50:23,2017-10-26 00:00:00
11ea58a620fd9de597a9f914ee52d9c9,d33318a9fa8aff8362757a45081c949e,delivered,2018-06-10 12:54:17,2018-06-10 13:11:38,2018-06-11 16:57:00,2018-06-19 18:36:49,2018-06-29 00:00:00
11f61eaa0c763460148326fd83749fd0,e9b09b15e028a4f1ec776f98bb525182,delivered,2018-06-04 11:13:53,2018-06-04 11:30:41,2018-06-07 13:18:00,2018-06-09 15:41:38,2018-06-28 00:00:00
11f97a9967bb081adb9883460c71e845,c0573fb95d387c7d26ee75592bd66991,delivered,2017-09-19 10:20:27,2017-09-19 10:35:27,2017-09-19 19:57:43,2017-10-05 19:40:23,2017-10-17 00:00:00
11fd51275a43d1590816139eaca0bf94,6fec7996bbc8eeb913f3b92a79fd33f8,delivered,2018-02-15 11:47:40,2018-02-16 07:47:01,2018-02-16 18:17:39,2018-03-05 18:33:28,2018-03-19 00:00:00
1219c95f809e6f43a8a0f552664bdab6,a0db5da556c6361f814370b2d8760caf,delivered,2017-11-30 02:49:04,2017-12-01 11:32:06,2017-12-01 17:47:56,2017-12-03 18:58:32,2017-12-18 00:00:00
1221112b1c9563dc03d5a32b6078a962,5bf36e4b14c54f22f31570e9e8b144f4,delivered,2018-08-09 09:19:49,2018-08-10 09:10:16,2018-08-10 15:14:00,2018-08-13 22:42:30,2018-08-16 00:00:00
122a6d89b8a3ee8fe039b6990c1dc226,5ac12bb0d6166ac492936e53c84ae0ed,delivered,2017-11-05 21:14:39,2017-11-07 07:30:33,2017-11-13 15:17:51,2017-11-24 20:59:42,2017-12-05 00:00:00
1239c47cd51a11ce6c5b16e84517626f,e54e4e978ca8efd46143bc9df0cd09c4,delivered,2018-05-14 20:30:36,2018-05-16 02:35:41,2018-05-17 15:10:00,2018-05-19 09:51:51,2018-05-24 00:00:00
1239e8b4884c746e8d1ea651d4ff74f1,278e4cb731c06be544c668f9a16c6342,delivered,2017-11-28 14:17:34,2017-11-28 14:30:55,2017-12-01 23:41:58,2017-12-22 13:22:07,2017-12-19 00:00:00
123f71cca05589d95c28c582ccb1d864,a9db2580134c7016c6214deb3f344dfa,delivered,2017-07-01 13:23:05,2017-07-01 13:35:12,2017-07-06 09:46:59,2017-07-12 18:47:06,2017-07-25 00:00:00
128e2bcc764e1cf5e4952af2267acef2,dcce0deb2cfd275ada38c06da3c2a01a,delivered,2018-08-12 20:13:01,2018-08-14 05:44:08,2018-08-14 13:19:00,2018-08-15 18:51:59,2018-08-16 00:00:00
12958a97a4e26a4e7dd8bce7de8955b9,02f84ba9cea5411cab9f0eab87bb9c5b,delivered,2018-01-13 13:21:14,2018-01-13 13:32:29,2018-01-19 21:32:09,2018-01-24 20:13:33,2018-02-15 00:00:00
129832042bc2898155b5ebf3b2058585,ea58700bf1ac6fda590a7f01242c2bfc,delivered,2018-08-15 19:50:32,2018-08-16 10:25:47,2018-08-17 17:25:00,2018-08-22 23:58:43,2018-08-29 00:00:00
12a545f53715575246beec2da90d6de4,95a8be8f74e6b7f3e06ef03ff885dd58,delivered,2017-12-21 17:45:50,2017-12-21 17:55:22,2017-12-26 21:08:42,2018-01-09 19:11:54,2018-01-22 00:00:00
12b66545947857f58986d526e908c0a0,231de84a096960061b4ab8a9f8ed5d79,delivered,2018-02-20 11:24:49,2018-02-21 06:25:12,2018-02-21 19:29:08,2018-02-23 13:45:19,2018-03-06 00:00:00
12bab4379a646f08ae89ed0561f5481e,347a3a624ac043af4bc49c2da5b01d95,delivered,2017-10-18 19:41:56,2017-10-20 02:49:34,2017-11-03 22:18:39,2017-11-13 21:02:53,2017-11-09 00:00:00
12bd377dd79de8d6c43f67d1a0358743,0d772db64a20cbf2f1bea1c6682b29d0,delivered,2018-07-30 12:42:12,2018-07-30 19:32:22,2018-08-01 15:07:00,2018-08-06 23:18:21,2018-08-23 00:00:00
12c52aeb1dba3fcbef2e36accacca1e4,0218de8038240591323aa1f89630a1e8,delivered,2018-02-13 15:19:02,2018-02-13 15:30:25,2018-02-14 21:04:25,2018-02-22 15:52:15,2018-03-08 00:00:00
12cebf41d5735b3a901bc60d2a26566e,bc000f3077e678720eac36cdba124c5a,delivered,2018-05-11 12:42:17,2018-05-11 12:57:14,2018-05-11 13:56:00,2018-05-17 18:31:01,2018-06-01 00:00:00
12dc316f04369335263005a3f304d101,e42018ebc03e399b6bb64c760863ec04,delivered,2018-08-01 19:39:24,2018-08-01 20:15:21,2018-08-10 14:13:00,2018-08-14 23:36:53,2018-08-29 00:00:00
12e5a909c18964acada1ce9a760d9afe,bb70ba0acc9ac14d6ba0356f598f4bb0,unavailable,2017-03-23 23:41:40,2017-03-24 15:05:33,,,2017-04-12 00:00:00
12e8c054bdee17bfc0fd3d92d8cbda10,464475d49052b9317bf74a4d8428466c,delivered,2017-10-16 01:21:34,2017-10-16 01:35:10,2017-10-16 21:47:32,2017-10-18 22:47:39,2017-11-07 00:00:00
12fb02386ecbcdda77e5e882d0c9dd95,0aa02a8c623a27ee600a55779391bdea,delivered,2018-04-09 08:54:45,2018-04-10 03:35:27,2018-04-10 17:50:38,2018-04-17 00:37:33,2018-04-30 00:00:00
12fcd7e7ba3b8dbe376fe73f27aa0a94,162ef1573c740876cf3265660c5ce579,delivered,2018-04-01 09:04:32,2018-04-01 09:15:15,2018-04-03 15:12:54,2018-04-18 01:43:27,2018-04-27 00:00:00
12fd4ba303cb9951f45b3ce9b6ba764b,8b4639324f4de248b5196a893aaad0eb,delivered,2018-03-18 21:13:46,2018-03-18 21:30:28,2018-03-19 22:46:39,2018-04-10 22:14:46,2018-04-13 00:00:00
131497483f8457541cf92c467b847c39,4c453cc8401276b89dc3a0a1d7ef4ff9,delivered,2017-11-05 22:00:26,2017-11-05 22:10:50,2017-11-07 15:02:11,2017-11-13 18:54:37,2017-11-24 00:00:00
1326c2f23bda822e4ffdd5764e04311e,96e67bd62456c6f366ecc6c9f82cf5b8,delivered,2017-06-08 16:47:22,2017-06-08 18:20:20,2017-06-09 10:45:27,2017-06-19 15:33:58,2017-06-29 00:00:00
132947cc0a6620350693052f3548070f,dca3dc559819d879e32ebd56aa38466a,delivered,2018-02-28 11:29:07,2018-03-01 02:49:14,2018-03-07 23:48:58,2018-03-23 22:04:09,2018-03-22 00:00:00
1336838d0eba0be4e38d6f917665d23e,79eb118c0512b47d7211588880f00c25,delivered,2018-02-17 21:56:18,2018-02-20 07:11:13,2018-02-20 20:32:48,2018-02-21 22:08:36,2018-03-06 00:00:00
133757e6140cdaff98c4f396772497e3,dfdacdf1ff55d5ec1684269778af5528,delivered,2017-11-24 07:21:33,2017-11-24 13:11:50,2017-11-27 23:15:58,2017-12-04 18:06:04,2017-12-14 00:00:00
135118d8d6f93cb3d6839435e5b6658a,4e6d10bcf05cedb6e0cd96954941c875,delivered,2018-01-04 08:33:01,2018-01-04 09:03:42,2018-01-08 13:34:24,2018-01-12 20:59:19,2018-02-05 00:00:00
13651aa318d6af9df5257a5dfdc20f3c,07a41bea02321e3258b602c6f8dd4ff4,delivered,2017-12-05 13:56:28,2017-12-05 14:30:59,2017-12-08 00:33:36,2017-12-28 20:29:09,2018-01-15 00:00:00
1370fae9b19ee5e01a2d609eb18b7c8a,22eb8142d6313bab19fa6c657170ae6b,delivered,2017-11-15 13:47:34,2017-11-15 13:55:31,2017-11-17 15:12:12,2017-12-06 01:12:12,2017-12-14 00:00:00
1373f8a3742861c26892cc2aab7c41e1,630b189fb0c73900cf3360c4a795680e,delivered,2018-05-23 14:33:25,2018-05-23 14:54:47,2018-05-24 12:15:00,2018-06-04 15:14:41,2018-06-19 00:00:00
13832510afc6f94103aec19663dd52cf,45403b2dfeb42b112d8ea3449b5b0b9c,delivered,2018-01-29 16:32:03,2018-01-29 16:53:21,2018-01-30 20:37:06,2018-02-28 15:17:15,2018-02-23 00:00:00
1384f5f2f4532f5b9fa0f6cadafc93cf,b699abc1a43849f50a8b15a9b7df2978,delivered,2018-08-01 10:17:18,2018-08-01 11:00:11,2018-08-01 15:23:00,2018-08-14 18:18:44,2018-08-22 00:00:00
13ba5c26aeaa1d857d413ac4b93f0924,f98fcdb5744e97037986b4c982b142fa,delivered,2018-04-15 11:15:37,2018-04-15 11:31:31,2018-04-17 18:16:46,2018-04-23 16:47:03,2018-05-21 00:00:00
13bd28c9fb3f72368af23530f1231cb2,f6398ecd9c86a2280e6e4cf8e5bb9fcf,delivered,2018-06-17 12:58:12,2018-06-17 13:13:41,2018-06-19 13:40:00,2018-06-25 21:46:38,2018-07-12 00:00:00
13bdf405f961a6deec817d817f5c6624,b279a1d441c73c1974d7a63618855aa0,canceled,2017-03-16 02:30:51,2017-03-16 02:30:51,,,2017-08-08 00:00:00
140c901be097e36e0ee9e2249e97dfdd,b5326d3b5a5bf32edf7bc68d9010e0d9,delivered,2018-05-18 11:47:27,2018-05-18 13:13:21,2018-05-28 12:49:00,2018-06-01 22:28:52,2018-06-21 00:00:00
14276b4f803d028dd9b569f6c22a27ca,b6f4ab34c080a9fdfb070a6630cd65d9,delivered,2017-11-14 09:05:04,2017-11-15 02:35:48,2017-11-16 21:34:35,2017-11-21 20:51:40,2017-12-11 00:00:00
1446ae966d68c3abad1ca3a3ce58033e,222e4c4d91c814cafc5badfe6a02c574,delivered,2018-04-27 15:52:45,2018-04-28 15:51:30,2018-05-15 07:40:00,2018-05-21 18:42:02,2018-05-30 00:00:00
145737447654951f4cf49cae1faf921a,bb6c535d6cbd82550b97d79c39c5f062,delivered,2018-02-14 18:16:30,2018-02-14 18:25:32,2018-02-15 19:32:28,2018-02-26 23:15:54,2018-03-26 00:00:00
145e208aa1770c67fd155eb6b4084372,31a5e21fde387c4545d4eb63f6d1b201,delivered,2018-07-10 00:32:48,2018-07-10 00:45:35,2018-07-10 18:07:00,2018-07-11 20:19:45,2018-07-25 00:00:00
146bde81f92815f59ed9c7d44d8335cd,0c6473e9ab7d84f5b34b6aceaebd024a,delivered,2018-04-17 12:11:55,2018-04-17 12:30:17,2018-04-23 23:54:50,2018-05-17 13:08:32,2018-05-24 00:00:00
146f79f564602aa6bf9ecbd760651c7f,a0da533a80af3c6f0346ae45578fc80c,delivered,2017-04-25 15:41:02,2017-04-25 15:50:21,2017-04-26 12:16:55,2017-05-19 12:26:25,2017-05-16 00:00:00
147074da5c33b8ae783b73d181b9f141,d9368da1704624dbf1523c1fd9b8a487,delivered,2017-04-22 16:27:13,2017-04-22 16:41:28,2017-04-24 09:52:14,2017-05-04 15:57:02,2017-05-24 00:00:00
14b0bbcd9df43c7c4f332b485e84faaa,2a16167dcea2edc061e897479c84ad37,delivered,2017-12-10 20:02:42,2017-12-10 20:14:31,2017-12-18 17:19:30,2017-12-27 14:04:13,2018-01-09 00:00:00
14b3ab242ab978f908ac651dcae21b8f,435f592ccbe131348a3d9d496b7ab5a0,delivered,2018-01-02 09:25:50,2018-01-02 10:31:30,2018-01-03 21:42:43,2018-01-08 21:54:16,2018-01-31 00:00:00
14bbe584b52d7f29efcd5d8b5553af3b,bc26d46f86d504a4e89350f0c426a419,delivered,2018-07-18 15:13:06,2018-07-20 05:05:10,2018-07-23 15:19:00,2018-07-27 19:12:28,2018-08-13 00:00:00
14cb3b3caf8abdd2361971932a664cf5,20c5793de26452510ca4dd8d6d27ddbd,delivered,2017-11-05 13:43:51,2017-11-05 13:55:53,2017-11-07 17:13:53,2017-11-23 19:59:11,2017-11-28 00:00:00
14d45fea1c20e4fd5c31dde983344115,15e0d3225b56b33134b31c4d55edf796,delivered,2017-04-20 15:37:19,2017-04-20 15:50:12,2017-04-27 05:33:44,2017-05-02 23:39:45,2017-05-10 00:00:00
14dc76b28665ce468e6f5ce4fd661127,b8414b8b0b2d437edbeec8955628262a,delivered,2017-12-08 15:05:23,2017-12-10 15:10:17,2017-12-11 16:13:11,2017-12-20 18:16:46,2018-01-09 00:00:00
14def5e6b6021ae117c181c039258033,ad0676d6d6e115c03a6d60dd2c9a00ee,delivered,2018-07-25 01:25:29,2018-07-25 01:35:12,2018-08-21 12:14:00,2018-08-22 17:51:41,2018-08-10 00:00:00
14e1335948fa1aacabaedacaf51d545c,573c3ef8dec9161a66be3d292ff9c5a9,delivered,2017-09-30 14:13:01,2017-09-30 14:24:40,2017-10-04 11:13:42,2017-10-11 19:47:47,2017-10-27 00:00:00
14f70953c10e4a130a66e0fb1f039c67,fb694f1a733efde390f6d93e122b702f,delivered,2018-06-07 15:59:08,2018-06-07 16:21:13,2018-06-08 13:06:00,2018-06-15 16:46:49,2018-07-04 00:00:00
151c27c128aed0a8f60f8ed31c5d62f2,8f7076e6c2a866bb901bc35ada1f96c2,delivered,2018-03-01 10:52:14,2018-03-01 11:14:35,2018-03-02 19:39:05,2018-03-21 17:21:31,2018-03-22 00:00:00
152575943eb3ac19455e0e1a13e3d1cb,5d551bac6ef227b8caf96cb2a0c03c01,delivered,2018-08-08 18:15:20,2018-08-08 18:30:16,2018-08-22 14:19:00,2018-08-29 20:48:42,2018-08-31 00:00:00
1528738cc47c58535712cd56c0f4ad9b,13cccd43a240ebdf4cba52bdcb61b97b,delivered,2017-11-24 19:54:51,2017-11-25 05:15:26,2017-11-30 18:29:24,2017-12-12 00:25:28,2017-12-14 00:00:00
152c2472d13abe1c989b66d0a8c2dac9,b1bd6e32de08eb41082fac5622c75fad,processing,2017-10-15 14:58:12,2017-10-15 15:14:09,,,2017-12-11 00:00:00
1535ffdb181e70ff560cfced342c4f40,7460b4fda02ae69978ff6b5d7d5afd6d,delivered,2017-03-13 17:50:37,2017-03-13 17:50:37,2017-03-14 06:27:50,2017-03-20 14:22:08,2017-04-04 00:00:00
153b30f1bd286fb374792b9121ba0218,f800714187560129219abdd0c3e1ba54,delivered,2018-03-16 16:20:11,2018-03-16 16:35:29,2018-03-21 01:05:20,2018-03-23 22:14:31,2018-04-05 00:00:00
154296963babe7e6f491818cb07b17ba,bbf72dd998cf3a7eead87da199b0bafd,delivered,2018-03-25 02:00:32,2018-03-25 02:15:25,2018-03-27 19:48:48,2018-04-21 02:36:39,2018-04-20 00:00:00
154f07e395b8990c8aa5a60b0f38fc3e,0597c9c022748f4c23f019f01b8286f4,delivered,2017-05-29 13:49:46,2017-05-31 06:55:24,2017-05-31 08:13:55,2017-06-08 13:13:44,2017-06-27 00:00:00
15564b81a39383f08dc90fa1fac055bf,c267b23fea7c2a54a6a7b72ecee7eaff,delivered,2018-03-27 14:21:04,2018-03-27 14:35:12,2018-03-27 23:42:06,2018-03-29 18:34:32,2018-04-18 00:00:00
155ff86a37e4becb60f238b3ee90775b,19dc731014eb8a2c51459dd57a5b6e34,shipped,2017-06-07 18:40:17,2017-06-07 19:22:20,2017-06-22 09:08:02,,2017-06-23 00:00:00
1560a63a0c01388598eac8e14a503f2d,fea4aeeb4b4426cef48af6376ff8b27e,delivered,2017-03-31 12:33:22,2017-03-31 13:05:18,2017-04-03 11:03:16,2017-04-12 14:08:29,2017-05-02 00:00:00
159844b19db2d2dc59a55ee69a971226,7b1e954a8fc9cef169c7cd89297c94a8,delivered,2017-12-13 11:29:30,2017-12-13 11:38:30,2017-12-20 18:11:28,2017-12-26 15:38:07,2018-01-08 00:00:00
15b1aceab346b46189a6eea3b6f4b951,8ec1617ce630c731866f5a041b5d408c,delivered,2017-01-27 18:16:50,2017-01-28 10:31:24,2017-01-30 09:57:15,2017-02-09 09:27:56,2017-03-15 00:00:00
15bc19aabe8d08cb8e00f86c31f85682,97592acdaafe25b9a5aeb8d5f85aac11,delivered,2018-03-08 10:09:59,2018-03-08 10:28:40,2018-03-09 00:10:54,2018-03-23 21:48:50,2018-03-26 00:00:00
15be0c9cf56bcf3cfe7c453ca50f7c38,e59b0cc2c6ca3d7855713c15bcc8792a,delivered,2018-06-20 09:55:17,2018-06-21 04:36:14,2018-06-22 15:07:00,2018-07-03 19:48:05,2018-07-18 00:00:00
15c1a0aa2e32bd15bfe9302af6280f97,f68381e3e17489908640baa30d9721d9,delivered,2018-04-29 21:17:37,2018-04-29 21:35:45,2018-05-03 11:36:00,2018-05-08 22:37:28,2018-05-28 00:00:00
15c31c519540921d720cca6129389633,c8db401ec63a5cf4fcc9e331cc626c96,delivered,2018-07-28 19:07:40,2018-07-28 19:27:20,2018-07-30 14:06:00,2018-08-01 00:11:09,2018-08-10 00:00:00
15e59b8fd2802ac2c5e6d7571775b661,3afd37d52008fa63a8f8872bd5af223c,delivered,2018-01-09 22:33:08,2018-01-10 10:31:31,2018-01-15 23:44:58,2018-01-22 21:52:51,2018-02-05 00:00:00
15e6974ce19cb7d0b8483c30c071dbb5,bd6aa8a8ba9ecfb04556f483d00ca520,delivered,2017-11-28 14:49:26,2017-11-28 15:18:39,2017-11-29 19:27:13,2017-12-08 00:25:42,2017-12-19 00:00:00
15f67529b3d91fd3da058270c9a68855,41b21c2d2376ad4c2b740df482f4b989,delivered,2017-08-19 21:29:49,2017-08-19 21:45:11,2017-08-22 23:00:01,2017-08-29 18:03:16,2017-09-13 00:00:00
15f8a954a337218a8196bae2dc3d801d,425b36d279cf6dbb60f27e5dfc83d68d,delivered,2017-05-31 20:11:18,2017-06-01 20:23:10,2017-06-02 15:49:56,2017-06-03 10:57:51,2017-06-23 00:00:00
1601df22ba2f78168443e6f729e74868,eba1b8c8550dbb4a9e8d60dc99291454,delivered,2017-08-21 18:36:21,2017-08-21 18:50:19,2017-08-25 19:33:57,2017-08-28 16:20:05,2017-09-06 00:00:00
16039d1d033653b9caeed8198b3142da,f32aaeb1f3f623590bba03167a1e4b67,delivered,2018-03-08 16:07:03,2018-03-08 16:54:56,2018-03-13 21:28:39,2018-03-16 15:36:52,2018-04-17 00:00:00
162475e808583e34c8306484480badb8,0a40d14cc5b7e11effd9b7a72ddbb24a,delivered,2018-05-03 16:24:43,2018-05-03 16:35:23,2018-05-04 14:25:00,2018-05-15 18:50:39,2018-06-08 00:00:00
16288edc7382ecd4230909d0907fb939,84b1334ece1e0dba8a2ec7746f90bca7,delivered,2018-03-01 11:05:55,2018-03-01 11:29:15,2018-03-06 22:58:54,2018-03-14 01:14:40,2018-03-26 00:00:00
162e915bc5d7c6b2de7eca743a65b033,5958f5b5fd615a8898caed646014c55b,delivered,2018-01-01 22:11:36,2018-01-01 22:27:26,2018-01-03 14:19:21,2018-01-12 22:10:50,2018-01-18 00:00:00
162f8986e2cc7a5fca25fd4be685b98d,fcc709844375ea0a1a14bc3c14b2c1ee,delivered,2018-07-18 18:01:48,2018-07-19 14:22:57,2018-07-20 14:20:00,2018-08-01 15:08:52,2018-08-13 00:00:00
16378369550d1c3b2b2d3c817db399c9,9fc75a66f07ee76032de66af22f78c05,delivered,2017-05-25 09:26:04,2017-05-26 02:42:43,2017-05-26 12:43:32,2017-05-27 07:18:32,2017-06-07 00:00:00
1639cec93b4df0f2fec8601299c7f4c8,fbe5e936200a869da3a98b8bb37584af,delivered,2017-11-30 20:55:26,2017-12-02 20:56:22,2017-12-05 22:22:46,2017-12-18 21:12:36,2018-01-05 00:00:00
1648b503676883c70854279700e3cfc3,31eaac4f3ea617df8b8e5077436679d1,delivered,2018-04-27 12:03:22,2018-04-28 02:51:43,2018-05-03 12:10:00,2018-05-15 22:22:14,2018-05-18 00:00:00
164e1bd75353e367ce8141ccd61d1ff5,254e4f0b03dd230f4cd169450f4b1ddb,delivered,2018-02-14 15:24:55,2018-02-15 15:15:37,2018-02-16 18:50:56,2018-03-07 22:03:45,2018-03-12 00:00:00
16656bc6faba3fd5740dd2305e5a9a94,ce88f748efb459730857f1a6513d1ae5,delivered,2017-07-14 19:23:44,2017-07-15 03:35:35,2017-07-17 19:13:03,2017-07-24 18:13:39,2017-08-09 00:00:00
16693a75a341d20873b58f312464e250,f94d7db76f2226b4d4375005e451ee41,delivered,2018-08-04 22:15:15,2018-08-04 22:25:12,2018-08-08 14:31:00,2018-08-09 17:21:53,2018-08-10 00:00:00
166a835dcb0ffdb5d917db2a93358502,3274aedc859b9aa7d7e5db28cfb7768d,delivered,2017-07-11 23:14:57,2017-07-11 23:25:18,2017-07-13 19:09:52,2017-07-31 11:34:32,2017-08-04 00:00:00
1671068b64a9cdbffb5bdba38a07382f,2b61b65a606f7c61cc3df116247b5a10,delivered,2017-07-16 22:28:30,2017-07-17 22:30:21,2017-07-19 16:33:45,2017-07-21 19:11:28,2017-08-01 00:00:00
1676fa2516c38753e7a0ee7fa8e41009,afea86eaca7e4cfd9f4abb186e66c612,delivered,2017-09-05 22:29:57,2017-09-06 22:35:23,2017-09-08 20:02:30,2017-09-11 18:27:41,2017-09-18 00:00:00
167a89d17687b40764e54424ec1f9afd,d7c23f3d2589891ae50aae3af800311b,delivered,2018-05-26 11:42:30,2018-05-26 11:50:59,2018-05-28 13:00:00,2018-06-15 16:35:31,2018-07-11 00:00:00
167d05678f810589a854d30460ae62f0,37ae23e3c8ce808a4ba0c0711706b956,canceled,2018-02-03 22:58:58,2018-02-03 23:10:27,,,2018-03-05 00:00:00
16a0100758e7dc53d0b3f271c63f4906,e61fe87b0864704d29fd5915b7387215,delivered,2017-05-12 18:13:32,2017-05-12 18:25:18,2017-05-16 10:54:00,2017-05-25 06:59:54,2017-06-01 00:00:00
16a10c94dc005b8e19195327eb853b21,9e5dc8df72aa76b7d2cf26f4e549466c,delivered,2018-04-20 19:47:03,2018-04-24 19:06:49,2018-04-23 22:11:37,2018-05-16 14:20:42,2018-05-10 00:00:00
16b7de5d7e5c3c000744a76ea1861471,6cb66926d3e4e83573c916b52984b85e,delivered,2018-05-18 17:59:02,2018-05-18 18:19:30,2018-05-29 09:26:00,2018-06-04 18:11:53,2018-06-01 00:00:00
16bcafd500d4d2303b76bb9d95a1c5d0,357a476fc6c861df26d0765b758c0bd7,delivered,2018-03-20 21:15:50,2018-03-20 21:28:31,2018-03-21 19:32:18,2018-03-29 22:03:44,2018-04-06 00:00:00
16c4141aba032aee4127e9c20e5df44f,39c468ec6052be3b96937214c733fb20,delivered,2017-12-10 03:14:25,2017-12-10 03:30:39,2017-12-12 21:35:57,2017-12-29 16:13:21,2018-01-12 00:00:00
16c9dc0ba34547f2eb228bcb2971815f,b73be6f00df5391f3b315935ec0341ef,delivered,2017-04-07 13:22:40,2017-04-07 13:35:11,2017-04-10 09:10:38,2017-04-18 14:54:36,2017-05-03 00:00:00
16cb3a72f04e248a1244b076ce0d9bb7,ff9c535af2f9325df8f3c81f30f60b8b,delivered,2018-05-23 14:21:17,2018-05-23 14:37:15,2018-06-11 09:07:00,2018-06-19 18:50:58,2018-07-05 00:00:00
16cdedbb1542ddfe411a0b979b43aa64,c5aad2d16788dbb223b0e53e18f9bfe8,delivered,2017-07-05 01:51:23,2017-07-05 17:41:05,2017-07-06 13:58:19,2017-07-12 19:38:40,2017-07-31 00:00:00
16dc31df327657954186535144a72e95,d49fccf7ac42a194ce342be56b2b10b0,delivered,2018-06-14 15:40:29,2018-06-15 15:37:58,2018-06-21 12:51:00,2018-06-25 22:03:37,2018-07-12 00:00:00
16e6abd6364ba99a3513c39f0e27145e,53eab182ae5eebbbc870ac6ae17d9b92,delivered,2018-01-13 23:21:55,2018-01-14 23:12:20,2018-01-15 22:43:08,2018-02-02 16:58:56,2018-02-14 00:00:00
16e6eb900110dfb1f423bfc65820ff87,b453edb9fb0a8f0fa061a9f7b28f0ea4,delivered,2017-11-24 19:34:33,2017-11-25 17:13:16,2017-11-28 15:59:53,2017-12-07 17:32:23,2017-12-15 00:00:00
171a8dc67900a97eead478783172b440,1003c48609c8afc8a24ddb9305f9d772,delivered,2018-05-03 13:33:33,2018-05-04 11:33:32,2018-05-08 12:25:00,2018-05-16 13:12:32,2018-06-18 00:00:00
171f303505168e746c3ba9dc70a1c1f3,f9913bc021d14fc9e5a96b3508284589,delivered,2017-05-16 17:50:16,2017-05-16 18:02:30,2017-05-17 14:38:28,2017-05-23 16:53:32,2017-06-08 00:00:00
17229fc3b255deaf774bd892c1673951,70685ed2b54ea53d14b41a1e7c57b06d,delivered,2018-06-04 12:12:32,2018-06-06 02:54:27,2018-06-06 11:25:00,2018-06-13 19:18:49,2018-07-05 00:00:00
172482155d13fc27c9ee15df2cc7913b,a5030fe79595918146f9d57c56a492f9,delivered,2018-01-16 14:45:06,2018-01-16 14:57:23,2018-01-18 15:38:49,2018-01-24 20:56:40,2018-02-07 00:00:00
17341621682ba3c2b7bc79fd48d22a34,b926da2bf792c1a19fcd489ae0f8be6b,delivered,2018-04-29 21:39:29,2018-05-01 05:32:29,2018-05-02 14:17:00,2018-05-07 18:12:25,2018-05-18 00:00:00
173e03e3afede01446cd36851e3173dc,351ba257ff8f46b84420f830e5bcedd0,delivered,2018-06-01 12:00:08,2018-06-02 03:31:48,2018-06-04 17:55:00,2018-06-06 15:23:02,2018-06-26 00:00:00
174fb39de9de15c80ea4076ba0cb6c83,cf6d28f68cf26d4e77f3482f0c452d70,delivered,2018-05-05 09:13:56,2018-05-08 04:14:40,2018-05-11 13:58:00,2018-05-26 13:32:09,2018-05-30 00:00:00
17763f2297211e949e3925cfb2d30cdb,d85c42879d38fe0dbe78857952b04fc8,delivered,2018-03-12 17:24:54,2018-03-12 17:35:55,2018-03-15 17:18:38,2018-03-26 14:33:19,2018-04-02 00:00:00
1778680c0dd08f2bcd27642d236a91f0,b38660d1523cef75218d24553accbd7a,delivered,2018-08-07 19:21:40,2018-08-08 08:24:57,2018-08-09 15:23:00,2018-08-17 19:31:59,2018-08-22 00:00:00
1782119bc21f8f920e4557c56091a68a,0d3ef975f64f9faa709568c6b48b5f97,delivered,2018-06-21 13:28:51,2018-06-21 14:00:00,2018-06-26 11:25:00,2018-07-05 21:10:59,2018-07-31 00:00:00
17836bd884d9f15719248827c625e977,3d3a914f6c224c43dfb53fb6d29bdb31,delivered,2018-01-15 17:09:11,2018-01-15 17:18:23,2018-01-16 17:50:03,2018-02-02 14:27:03,2018-02-15 00:00:00
178ca782e5105b917275138274960c52,cd1b76220f1ef8834081af5831663e44,delivered,2017-10-12 08:41:46,2017-10-12 09:20:16,2017-10-13 20:36:54,2017-10-23 18:07:56,2017-11-06 00:00:00
17b296b73ebefd6213299342b09f097f,4d31792c00baf91319f111857058ee80,delivered,2017-07-29 14:51:37,2017-07-29 15:05:20,2017-07-31 19:24:34,2017-08-08 19:27:12,2017-08-11 00:00:00
17b6e0171d3c86549c28e1630bff91c8,5800e1fa39d7469cee0504def8e4acce,delivered,2018-03-26 19:47:38,2018-03-26 20:06:55,2018-03-27 19:12:38,2018-04-02 21:18:34,2018-04-18 00:00:00
17b8e90e60f4d19615b77562e40de425,bdb70e23244bbca569252010f16447b1,delivered,2018-07-30 13:59:55,2018-07-30 14:30:42,2018-07-30 15:08:00,2018-08-02 16:58:55,2018-08-09 00:00:00
17bc0acf9f5ac57fc41fb222543c3c46,73dec2f09bd7eb27d94454620a6933d2,delivered,2017-03-17 11:55:04,2017-03-17 11:55:04,2017-03-24 13:08:31,2017-03-28 08:30:09,2017-04-05 00:00:00
17c27a26080bebdb67c4807b9b51b8ff,02d93c4e652308b5edeee1ab3e13eab5,delivered,2017-10-10 22:11:21,2017-10-10 23:08:21,2017-10-11 16:05:18,2017-10-27 22:04:28,2017-11-09 00:00:00
17c6ede699b320b43f35ab1311af0bf2,fce29cbcfa4f7f00fe0431dff786eb1a,delivered,2018-06-15 21:52:33,2018-06-19 03:36:53,2018-06-19 14:44:00,2018-06-25 16:31:51,2018-07-05 00:00:00
17e22ae34edbd170fcd2efe9e44f95bd,cdd964d7aba86669bba2a25675fc22a9,delivered,2018-05-01 11:55:59,2018-05-01 12:15:03,2018-05-03 14:08:00,2018-05-11 20:54:45,2018-05-21 00:00:00
17f70d10c2acd50864b5dae4885894b5,bbc82b85b6867ca7bf1380c64f8447b9,delivered,2017-01-25 09:12:10,2017-01-25 09:22:27,2017-02-06 11:54:31,2017-02-14 11:14:54,2017-02-22 00:00:00
1800e46c3912d9882187335b9768b6a9,90767a989903375662902ae9b122cd6a,delivered,2018-08-01 07:35:20,2018-08-02 05:15:17,2018-08-10 18:57:00,2018-08-13 23:58:35,2018-08-13 00:00:00
1827ee8015c4edd94bbfef221a3a27f5,117ed172acbb7461d5159dd92f2284ae,delivered,2017-09-24 10:35:35,2017-09-24 10:50:13,2017-09-28 18:09:12,2017-10-05 13:18:32,2017-10-10 00:00:00
183e1cca7e6e1aa97b65598a1b2fe6ea,c360bd993e7f4afc779462c4dae4e2e7,delivered,2018-03-14 23:49:32,2018-03-16 03:25:08,2018-03-17 01:58:33,2018-03-27 02:17:03,2018-04-10 00:00:00
1844430a4130a112771839a244829457,94d33f0fa325a5e1a184a1806f98793e,delivered,2017-10-08 21:43:00,2017-10-08 21:56:20,2017-10-09 20:56:09,2017-10-25 14:48:03,2017-10-25 00:00:00
185e7ea81e4cf0fc1d2f4e8e38e8e7e3,f23c4b530f6d7d421de1e38d3e0cc327,delivered,2018-05-28 22:39:59,2018-05-30 02:32:13,2018-06-01 08:51:00,2018-06-18 22:12:25,2018-07-31 00:00:00
186748dbc47f9d6cf119fe3ce8be3ea7,934a673b8bb916473b761f064fc69295,delivered,2018-02-03 19:36:02,2018-02-05 11:30:05,2018-02-20 13:27:55,2018-03-02 20:02:53,2018-04-02 00:00:00
186a454110404a0ad7994b2853592901,ba49d0aa8b1e72ef7117c3cd4a6bbe88,delivered,2017-02-23 14:44:21,2017-02-23 14:55:24,2017-02-24 16:58:13,2017-03-07 11:13:19,2017-03-27 00:00:00
189711984919a2bdda375153d796d096,69c095e20533ed0e7245ab4ad0282fac,delivered,2017-07-01 20:13:01,2017-07-01 20:25:11,2017-07-04 16:18:59,2017-07-17 18:30:05,2017-08-02 00:00:00
18b9bf2dbee620dc2f5b9d4a747c2819,4503c41733789f4f0af38507c43a0e75,delivered,2017-11-20 10:59:08,2017-11-20 11:27:19,2017-11-22 21:33:06,2017-12-27 16:53:32,2017-12-12 00:00:00
18bbbbaeb60911be63bdad20b92fa69d,ed37d81eaae6f96361a2eb0d6b000028,delivered,2018-02-14 17:48:01,2018-02-14 18:08:21,2018-02-15 22:21:32,2018-03-05 12:37:26,2018-03-13 00:00:00
18c0e47466dfe911dac270d92d6f55b5,e9b93d0696cd45658587aa9fcb8dd359,delivered,2017-06-11 14:40:44,2017-06-13 04:25:30,2017-06-30 14:53:58,2017-07-04 22:41:53,2017-07-10 00:00:00
18c89078cd21364b7ad7f4d652e0cb84,2d86160611127e9ccc6c5e70ea08f065,shipped,2017-10-17 17:16:34,2017-10-17 17:46:06,2017-11-01 22:07:45,,2017-10-27 00:00:00
18dfe50d6b2dbbbe6508b1b5eea3eae8,9393b50b42eb21e8d4139d57afb13fb4,delivered,2017-07-12 00:55:43,2017-07-12 01:05:07,2017-07-13 10:48:02,2017-09-05 15:37:54,2017-08-07 00:00:00
18e31cb8bc58dab57503adbfcf9426df,e1c759e7abad6f49c2cfec93966eeb17,delivered,2018-07-14 19:34:45,2018-07-14 19:50:18,2018-07-16 13:14:00,2018-07-20 22:21:29,2018-08-09 00:00:00
18edb9e5b61f525f0da899c852534893,0d475ec1ce439eb41eef87f144b30d3f,delivered,2017-08-29 00:12:32,2017-08-30 02:16:14,2017-09-05 20:02:54,2017-09-06 18:13:22,2017-09-13 00:00:00
18fa032cf65a1c5c2820d16276b4741a,54c5c9dcdc6cca32b4fb425a215d39f5,delivered,2017-10-29 12:13:26,2017-10-31 19:34:36,2017-11-01 20:33:34,2017-11-08 22:52:38,2017-11-22 00:00:00
18feb354fd368bc9d6cd27c5359e2243,c8aa0375ea97096fa716aeb0fae33604,delivered,2018-03-01 10:24:19,2018-03-01 10:35:43,2018-03-02 18:34:11,2018-03-12 21:29:27,2018-03-26 00:00:00
18ffbbb8c91cb6fbacf944eea0d51552,f5f1ac51f4b9a8ceeec0df3536ccbb7a,delivered,2017-12-12 19:00:05,2017-12-12 19:10:03,2017-12-14 11:38:52,2018-01-05 22:17:22,2018-01-15 00:00:00
190ae960b78afbbf3f0cd1dd3d2240fe,74b11dc07b7ada632fec73288a416ad0,delivered,2017-08-11 12:53:34,2017-08-11 13:05:14,2017-08-16 12:37:08,2017-08-21 19:52:13,2017-08-31 00:00:00
191019adbccb0d2a1f8bf25e117c9252,373bf4e0ff53138b7b90d527fbfc095e,delivered,2017-07-15 13:18:33,2017-07-18 05:55:17,2017-07-18 21:21:57,2017-07-26 18:30:05,2017-08-10 00:00:00
19179eded4e54ba2c63655b3708f4fc0,3da491a8515480c29699a85b1c8f294e,delivered,2017-06-05 23:17:04,2017-06-05 23:30:16,2017-06-08 06:35:28,2017-06-19 13:34:41,2017-07-04 00:00:00
1917dc45b0bd8e45ef7e5919e9c35c15,be5019d2c52dfaffa0e4663e49bdfd2e,delivered,2018-05-28 18:47:40,2018-05-28 18:55:26,2018-06-01 12:40:00,2018-06-03 14:04:04,2018-06-13 00:00:00
19196153dd04a2d8685e3928185e498b,67103ece896ea12c89ef860d152ea9a8,invoiced,2018-05-12 23:19:17,2018-05-12 23:31:01,,,2018-06-07 00:00:00
192a0f41d4f1af20d8ef537a12a2076e,96d88088646eaffdd90541093435f9c1,delivered,2017-11-21 13:59:23,2017-11-21 14:08:30,2017-11-23 17:32:58,2017-12-13 19:51:59,2017-12-12 00:00:00
192e8093aeeb86d202c1035db3a5bd48,df2af8efbfb8b719e19e7e08d0017759,delivered,2018-07-20 10:32:03,2018-07-21 10:25:13,2018-07-25 12:43:00,2018-07-31 20:14:45,2018-08-30 00:00:00
19475e4f70007f7a726004e6c6f87cb7,fb0e90cefa6143ef5234ba910b193194,delivered,2018-08-16 19:27:59,2018-08-16 19:49:31,2018-08-20 15:57:00,2018-08-23 21:22:49,2018-08-30 00:00:00
1954fde9d62c76532499182aa37e268d,95926d52021d78391f807460a5ba3d33,delivered,2017-08-21 05:00:09,2017-08-22 05:10:08,2017-08-23 20:57:01,2017-08-31 22:32:18,2017-09-13 00:00:00
195f299b40b4d78afa81a4109b618c02,4a4fab07a73760a8b9c42ac4c4129b84,delivered,2017-11-08 19:12:02,2017-11-08 20:31:00,2017-11-09 20:56:46,2017-11-27 15:43:59,2017-11-28 00:00:00
197979ae89666596c6a65ba20fb220ce,6f66591b4efe7a98a0886c99fb778133,delivered,2017-09-16 20:30:50,2017-09-16 21:04:58,2017-09-19 13:20:01,2017-09-21 17:14:25,2017-09-28 00:00:00
197c1d7e2df41beeb978ee6859d6dacc,600a6b104ec3030369aeee14fb0a5917,delivered,2018-06-01 22:27:46,2018-06-01 22:51:20,2018-06-05 14:15:00,2018-06-07 17:59:28,2018-07-23 00:00:00
197fdb2270597913a3ba471f251d01c5,0e2e50595cfab0a0b7c2482dba5960ff,delivered,2017-03-25 08:21:56,2017-03-25 08:30:16,2017-03-27 14:40:02,2017-03-31 11:17:52,2017-04-13 00:00:00
19a24ba386e8363a6dd9973d015e5410,e944426cb230e5f33b25ed3cd8212dec,delivered,2017-12-04 15:00:42,2017-12-04 17:07:36,2017-12-05 16:06:57,2017-12-09 15:08:58,2018-01-11 00:00:00
19cafdf7469104c432959892a04920a2,99e6d3283c13d53d86d6c0a026fe0bf7,delivered,2017-10-23 13:32:59,2017-10-25 21:07:15,2017-10-26 19:09:18,2017-11-08 22:32:46,2017-11-22 00:00:00
19d468d1424d2a259a1f3d3fa073f41a,73c06209128aca5114406d84b9d9e3eb,delivered,2017-05-04 15:49:08,2017-05-05 15:55:11,2017-05-18 09:42:07,2017-05-26 16:14:40,2017-06-13 00:00:00
19d8b9d9a60cda90fc402ad5580a0faf,55301531b32179f1220ed9cf9e5d4344,delivered,2017-06-09 22:49:58,2017-06-09 23:05:10,2017-06-12 15:48:31,2017-06-19 14:06:04,2017-07-13 00:00:00
19ef6de262591218648e1765adedad1b,2330ffa20d212f25e10df7dbe39a0648,delivered,2018-01-10 10:38:13,2018-01-10 10:49:34,2018-01-16 22:29:33,2018-01-23 22:33:37,2018-02-16 00:00:00
1a03dc5bbc2707562b5874fa0253154f,c5aa7855884fd94df7d46d99cd88072f,delivered,2017-10-26 17:13:23,2017-10-26 17:49:09,2017-10-27 21:53:37,2017-11-03 21:47:56,2017-11-14 00:00:00
1a0698c23712555ab9567f13d04fd704,ca42993a325d1171e3f5d7de645ad88e,delivered,2018-04-28 18:35:26,2018-05-01 06:13:55,2018-05-03 06:31:00,2018-05-07 19:11:59,2018-05-21 00:00:00
1a08b06cb8b9b557453b70b83fdc69cb,5b0403fc813ee1da7cd9a0816d205016,delivered,2018-01-21 16:46:04,2018-01-22 13:53:51,2018-01-24 23:56:52,2018-02-02 19:24:24,2018-02-14 00:00:00
1a122ca21948df08789d7d88094ff11f,0ee42e5f18aa18fdf9ff7735e67dfead,delivered,2018-01-08 13:21:32,2018-01-08 13:29:30,2018-01-09 22:57:58,2018-01-21 18:43:05,2018-02-01 00:00:00
1a2056a1d6e8db71b7d777ec36f9b1b5,edbf34fcaa884cdf4d538f44c818400e,delivered,2018-06-26 10:00:14,2018-06-26 10:17:55,2018-06-27 09:28:00,2018-07-12 19:51:29,2018-07-30 00:00:00
1a2a468a88fbd60a59aae3fc94bcf40d,5f0b7da5a7b0c5db24d34ab68757c129,delivered,2018-05-15 09:45:26,2018-05-15 11:14:35,2018-05-18 11:24:00,2018-05-29 21:33:00,2018-05-23 00:00:00
1a3232d9cd3dd8dee9115e3c9a4668d1,8a48d765503bb8a8053e646e1f08b3d6,delivered,2017-12-03 00:31:45,2017-12-03 01:55:40,2017-12-20 00:22:18,2018-01-08 19:06:11,2018-01-24 00:00:00
1a4f26ea67b1c9f4013809ba466e84e7,b0fc45475b8d1f080ba078365e949262,delivered,2018-01-14 20:36:47,2018-01-14 20:49:10,2018-01-15 14:41:53,2018-01-30 14:21:23,2018-02-08 00:00:00
1a62fd2d470da1ce51e2d26cea9a44ff,81a9409f95b016ac318a250b96465548,delivered,2018-04-22 18:09:13,2018-04-24 18:57:03,2018-04-23 21:33:13,2018-04-26 22:22:58,2018-05-10 00:00:00
1a68123d36b3a96ebeb710db015da2e3,08e67c772d6a0d150aabc46eda41b466,delivered,2017-08-30 13:21:35,2017-08-30 13:35:08,2017-08-31 16:37:01,2017-09-04 17:25:47,2017-09-12 00:00:00
1a6c3832fcc2947c38b41bd24fe0201e,91bb67066c8638f483d7e2e5e277389f,delivered,2017-06-30 15:31:51,2017-06-30 15:50:15,2017-07-05 12:00:33,2017-07-18 17:53:33,2017-08-03 00:00:00
1a7e970c994a82401235495241e66a14,e4cd7646d181863566d0c48f9d28e81a,delivered,2017-11-16 22:02:14,2017-11-17 11:30:21,2017-11-21 15:34:12,2017-11-23 15:19:09,2017-11-29 00:00:00
1a8c6cac549a7eb5b432c5617fe21ff3,04fc2ecbb192c71163629f423d57a13d,delivered,2017-11-02 17:35:55,2017-11-02 18:34:06,2017-11-06 20:22:49,2017-11-13 16:14:12,2017-11-23 00:00:00
1a96dbd0041decf9c11c051b4f13d676,dd3b3caecc97c937c19f1899d84ce142,delivered,2017-11-14 18:14:55,2017-11-16 21:33:09,2017-11-23 17:38:54,2017-12-04 15:49:01,2017-12-18 00:00:00
1a993d55960f4e94f4ab432458e08e39,9cb4fce9998c3765ef9e7a4eeb9a16c3,delivered,2017-12-26 21:39:23,2017-12-27 04:12:31,2017-12-27 21:54:53,2017-12-29 18:42:14,2018-01-15 00:00:00
1aa720b6963ff9b4b5bff9bc48b49a89,a0c6454f5412428aa4c023e32c08ef4b,delivered,2018-02-07 01:24:27,2018-02-07 01:35:21,2018-02-08 20:12:26,2018-02-14 18:11:57,2018-02-26 00:00:00
1aa9e8f35ac38d8a10b41441e1faa0a2,e02bd72de8a4b5f8ce982f24a4688b8c,delivered,2018-06-11 18:32:17,2018-06-11 19:01:16,2018-06-12 15:09:00,2018-06-19 16:49:35,2018-07-04 00:00:00
1ac0eff2487c84f0181b8204a9bf6124,45cd1c128f672736618571f7b873ab73,delivered,2017-06-14 13:30:35,2017-06-14 13:42:28,2017-06-22 17:32:31,2017-07-05 18:44:10,2017-07-07 00:00:00
1ac4ac576a3e3ef61ffbb64937ed1f62,3c452be4bf253c6f9a9a04e35f09b220,delivered,2018-06-06 11:44:08,2018-06-06 14:03:53,2018-06-07 14:09:00,2018-06-18 16:12:54,2018-07-04 00:00:00
1acb85231edcc2f8c1904837bb11a3be,13535c35f58cebeb37b5733f30225dcb,delivered,2018-06-16 19:54:24,2018-06-19 04:17:07,2018-06-19 10:49:00,2018-07-05 17:26:35,2018-07-25 00:00:00
1ae12b6aeac8467444bd1b07ab3c793a,dc7633763aa34b15ed79ce81651a5b3e,delivered,2017-11-03 15:16:50,2017-11-03 15:30:56,2017-11-03 21:03:34,2017-11-07 15:49:53,2017-11-24 00:00:00
1afb4a9edd39860a661d82a4e510bdc7,e03edae3320eaa6a6234ab9406ed76be,delivered,2018-03-23 12:58:28,2018-03-23 13:10:43,2018-03-27 04:36:53,2018-04-07 19:41:30,2018-04-10 00:00:00
1b0c7ed83d9a4480ab15d766b446efd9,648e9b8478021e84252b8930c9d93a64,delivered,2017-12-24 17:42:20,2017-12-24 17:54:36,2017-12-26 14:08:51,2018-01-13 14:43:06,2018-02-01 00:00:00
1b37c11d1b330f2f5a3ad3676bb9c07d,e9c876f6cb2bd5ab9a8ff7b30eaf6a83,delivered,2017-10-08 10:44:32,2017-10-08 10:56:15,2017-10-09 15:08:23,2017-10-17 17:13:11,2017-11-06 00:00:00
1b5c359c2188ceeab2777c0d27e7c343,2920fb46b9b54caf47e17d137ca38985,delivered,2017-12-25 06:44:48,2017-12-25 06:54:18,2017-12-26 20:19:34,2017-12-27 22:59:36,2018-01-15 00:00:00
1b6c5ab6683a19bca12106679e94fe4e,8ac8d9c1fb5ae04d995ea858252714e5,delivered,2018-03-28 20:36:47,2018-03-30 03:15:44,2018-04-02 18:04:13,2018-04-05 14:22:38,2018-04-20 00:00:00
1b70309f9d8c8068c52cab917fb26379,93a313239e46efafd39f0e6d4381b112,delivered,2018-07-21 04:59:38,2018-07-24 11:32:14,2018-07-24 14:01:00,2018-08-04 06:54:43,2018-08-16 00:00:00
1b737f58cb00f95d1513899b6e637eba,6f62577ec274bf21119f355851160753,delivered,2017-10-11 15:21:29,2017-10-11 15:35:12,2017-10-13 14:53:54,2017-10-16 18:43:47,2017-10-24 00:00:00
1b8d897de53143a7b639d4870e6e3cdf,d75f92747d1fce34cfc812ee0eb0715b,delivered,2017-07-17 14:43:57,2017-07-17 14:55:25,2017-07-19 16:32:20,2017-07-20 21:49:31,2017-07-31 00:00:00
1b900d4d10e97580eee435e3474110c8,7bea1627c3e438f1cf401aa2c53fea2d,delivered,2018-05-23 18:32:43,2018-05-23 18:57:02,2018-05-24 13:37:00,2018-06-06 20:19:03,2018-06-25 00:00:00
1bac6c5afd46ee5f279f46bfc081871d,245f29955c4082da3b4b8c51e857b78a,delivered,2017-08-01 21:02:01,2017-08-01 21:44:54,2017-08-02 18:07:04,2017-08-11 16:41:57,2017-08-31 00:00:00
1bc159c29e3f54a9f2d4d2bdaa45b5df,adec67e0ce2bde83bf2ed69ad12bf63c,delivered,2018-07-04 22:19:15,2018-07-05 16:13:52,2018-07-05 14:05:00,2018-07-12 16:26:53,2018-07-27 00:00:00
1bcee4703d916a7dead99492b946773e,1676edf55749e467544f15922750a231,delivered,2018-03-02 15:16:38,2018-03-02 15:30:28,2018-03-05 17:33:12,2018-03-22 16:33:44,2018-04-06 00:00:00
1bd6a77bf698ca2116db6f4731046425,c386ca94c617d6f14d009fd2a1204380,delivered,2018-04-07 11:05:35,2018-04-10 03:55:37,2018-04-10 18:47:10,2018-04-11 19:38:19,2018-04-20 00:00:00
1bde1f1942be558c1527a73da61695d2,e8abad00266b9c97a931297879960258,delivered,2018-02-14 10:42:22,2018-02-14 10:50:30,2018-02-14 20:04:14,2018-03-09 15:24:15,2018-03-13 00:00:00
1bf3cf4f3a842f629a7a52e336d96263,e377292245ecb36b1a471babbdda76de,delivered,2017-07-03 09:46:24,2017-07-03 09:55:16,2017-07-03 11:32:15,2017-07-11 16:36:47,2017-08-04 00:00:00
1bf5ad2a94cb784f7e27820ab656c398,14e618e8adb379c1d9727e4cfb189daa,delivered,2017-05-14 01:23:01,2017-05-14 01:30:19,2017-05-16 09:27:52,2017-05-24 11:48:06,2017-06-02 00:00:00
1bfc798ddb9dadbccfa5ae581d9919ec,282c2609c98cc89cc5ca74f59de5632a,delivered,2018-03-27 20:40:52,2018-03-27 20:55:27,2018-03-29 19:54:29,2018-04-19 19:14:33,2018-04-18 00:00:00
1c0eb7262ceb60db69b3825f1fb1deb8,8012949cfd95d37e09a3922c3d8e3183,delivered,2018-01-07 14:28:19,2018-01-08 14:28:02,2018-01-09 16:54:54,2018-01-12 21:09:14,2018-01-31 00:00:00
1c0fd29e6a54b2331357d1cdc6ccc375,a8de901d823613a32ea7587f0ed28fc4,delivered,2018-04-21 12:48:35,2018-04-24 17:31:05,2018-05-03 13:23:00,2018-05-08 20:56:48,2018-05-21 00:00:00
1c1975ccdbd34c48a241f30cc2258dbb,4b8aa85bd0844a2cfa46261b1afd9386,delivered,2017-12-20 22:44:00,2017-12-21 16:13:10,2018-01-17 14:49:56,2018-03-07 17:48:47,2018-02-22 00:00:00
1c1d7c04efff33ea9ebb71907b576f50,513f69cbf70fa1089df98c833bbfd6bc,delivered,2018-07-24 16:33:06,2018-07-24 16:45:14,2018-07-25 15:32:00,2018-07-30 18:26:45,2018-08-22 00:00:00
1c2b9188a3ec985a80fe268c3d0af21b,0533b52812f900967b365e6621ce9413,delivered,2017-04-29 15:14:50,2017-04-29 15:30:13,2017-05-03 09:20:36,2017-05-08 13:48:55,2017-05-26 00:00:00
1c2f3eb4c18b1e3ca9439f2824205429,d11d8aa3c8a3d6dafd592452eeb3a246,delivered,2018-03-04 10:45:42,2018-03-04 11:10:28,2018-03-08 17:21:39,2018-03-09 18:28:43,2018-03-15 00:00:00
1c300b10263fefc0edc45c99921586a7,96abf0d6ed5581dcb89480606bd1b729,delivered,2018-03-26 21:05:48,2018-03-26 21:15:25,2018-04-02 20:48:50,2018-04-03 23:18:33,2018-04-09 00:00:00
1c34405a26acbdbce1a7702fdcca5c31,22169f48f1b81a3dc8395262df7eda53,delivered,2017-12-07 11:37:30,2017-12-07 15:01:38,2017-12-09 17:43:17,2017-12-14 22:18:33,2018-01-03 00:00:00
1c36473b9a0db63449081c0408a96dc8,28465805729df5da4093b59856fcb2f9,delivered,2018-03-17 18:28:58,2018-03-17 18:48:35,2018-03-19 18:16:38,2018-03-28 22:03:33,2018-04-12 00:00:00
1c6380dc10ebea9bad618eb25fedcdfa,6ddfe4644d853bff46e25a5736bef934,delivered,2018-07-29 01:00:56,2018-07-29 01:10:08,2018-07-30 13:07:00,2018-08-03 16:06:47,2018-08-17 00:00:00
1c6fa4d79455e9a037cc62611a4b4f6a,b1841b4b52716344007a9f71b193a51a,shipped,2018-03-26 12:23:43,2018-03-26 12:35:24,2018-03-27 00:11:25,,2018-04-18 00:00:00
1c749ca7e27a6aaa93180b80e326d7f8,120cfe05591775d14f4852a9080a2663,delivered,2018-04-03 17:38:12,2018-04-03 17:50:16,2018-04-05 00:12:29,2018-04-06 00:50:32,2018-04-18 00:00:00
1c74ffde86fb781136c43931617a5958,0e9eb3e3b8e61f91e5dc792fcddb8dd3,delivered,2017-11-30 19:49:44,2017-12-01 09:30:49,2017-12-01 18:14:46,2017-12-11 19:32:50,2018-01-02 00:00:00
1c939324bacd87c65d030c7974e38338,be18603bce09d123fbcb26af9ec069c5,delivered,2018-02-14 18:10:38,2018-02-14 18:20:48,2018-02-16 00:22:28,2018-02-19 16:45:07,2018-03-07 00:00:00
1ca2f6afe6ba0ec0172d795f09cd06c2,512846cb027d802d48f0eb1ad466c94f,delivered,2017-06-24 21:57:55,2017-06-24 22:05:14,2017-06-27 09:41:59,2017-07-03 14:12:04,2017-07-14 00:00:00
1cbd71feda5da8baea7160be1168fbc5,71549f745b1fd8c7d538c09e284094ab,delivered,2017-03-04 15:23:16,2017-03-04 15:35:12,2017-03-07 10:09:10,2017-03-23 14:48:13,2017-03-29 00:00:00
1cc2afbca351a1423aeb95bd67821271,867b9351d211003a7ccb5bbfcd7cf2ec,delivered,2018-04-15 21:26:28,2018-04-15 21:49:57,2018-04-17 22:06:47,2018-04-18 22:16:28,2018-05-03 00:00:00
1cc47b4855c5d2cf01a73dc8ae838079,7763b62148e46d4c396f80e4f589930c,delivered,2017-12-06 12:33:21,2017-12-07 03:16:28,2017-12-07 23:34:45,2017-12-27 16:13:06,2018-01-08 00:00:00
1cc788ba1c0fa91ed3d7bf5a45a203a4,7a28ea6acd0c23ed1a4742b29d29682c,delivered,2017-05-22 09:50:03,2017-05-22 10:02:38,2017-05-24 14:43:01,2017-06-12 11:18:00,2017-06-06 00:00:00
1cd27ea64a7708735cd38f4eae93a8d9,e948444f124792c053b8e3d009a3bd8a,delivered,2017-11-21 11:14:22,2017-11-21 12:31:32,2017-11-22 20:48:32,2017-11-30 14:23:31,2017-12-08 00:00:00
1ce0acf125f1bcd636276dd213363196,d11524bb77c28efad04e4467eac8a660,delivered,2017-07-31 18:10:29,2017-07-31 18:25:20,2017-08-02 18:22:30,2017-08-09 20:38:07,2017-08-28 00:00:00
1ce796ffd3b96e287899e429b44c0e3a,cdd251ceab48c424c2050a90555182ce,delivered,2018-08-17 21:02:19,2018-08-18 21:10:25,2018-08-21 13:33:00,2018-08-24 22:18:49,2018-09-03 00:00:00
1cf471f71a04b68d1cda071b51d7e391,961071125f29a1927a25ae916455ef78,delivered,2018-07-21 22:44:57,2018-07-26 23:33:00,2018-07-23 11:26:00,2018-07-31 17:04:59,2018-08-22 00:00:00
1cf93eead4feac27cca0e9f08bc489a9,392255645b4374138db8341ef76a8de7,delivered,2017-11-10 20:03:05,2017-11-11 02:46:33,2017-11-14 17:27:33,2017-11-21 19:54:57,2017-11-24 00:00:00
1cf95378918960ac4f215e2a436dc18c,b6ec7b751e2f245dd053e6e0805f4e63,delivered,2018-07-19 14:09:38,2018-07-19 14:23:00,2018-07-23 14:11:00,2018-07-26 18:58:41,2018-08-03 00:00:00
1cfee098c50b9fe736b638203f7077df,b555c2cccafffab3b1ea024fca59f769,delivered,2018-04-11 16:17:48,2018-04-13 02:15:27,2018-04-13 20:28:32,2018-04-16 17:45:38,2018-04-23 00:00:00
1d01166814be7e95f72a3c85357fca45,ffbd25299d045182eee34c9493b5adec,delivered,2018-03-05 08:53:57,2018-03-05 09:47:57,2018-03-05 18:17:30,2018-03-07 22:17:41,2018-03-21 00:00:00
1d14bb358f43b14725c70bdc035ce24e,178910ef515adef6afbf89b143d5e25d,delivered,2018-03-02 23:51:51,2018-03-03 00:09:29,2018-03-08 19:28:20,2018-03-28 21:22:43,2018-03-27 00:00:00
1d35be28af536ed23f7e3ae4daa91aaf,b5c118230281675a7ca647f49baef3ae,delivered,2017-07-26 21:38:15,2017-07-26 21:50:26,2017-07-31 21:57:03,2017-08-07 17:45:00,2017-08-15 00:00:00
1d3e89c83af0905d749a8d07aac56855,e81e7f31e6b27c161760c4088585d3ec,delivered,2018-08-14 11:53:21,2018-08-14 12:10:11,2018-08-14 13:49:00,2018-08-17 17:58:45,2018-08-30 00:00:00
1d432ff6ecb6a501752815ce48038a89,5036f826fada2fdba151a9112545e883,delivered,2017-06-14 15:47:06,2017-06-14 16:05:12,2017-06-28 10:15:56,2017-07-07 11:41:57,2017-07-27 00:00:00
1d4fef737d9b6c214e13e92ae014018f,584f7f6c5c35ae99caabdaa223783764,delivered,2018-08-18 18:50:32,2018-08-18 19:09:40,2018-08-21 12:25:00,2018-08-24 14:08:27,2018-08-30 00:00:00
1d525c1f58c75e74697f3993a3fc80a7,e5e64951448d14fcd1ff8d98ab5f9e71,delivered,2018-01-07 22:22:22,2018-01-07 22:32:25,2018-01-08 16:59:20,2018-01-10 15:11:50,2018-01-26 00:00:00
1d67293aa79feef7aac612621d710869,5c5cc05bf0bfa425bf49a230db1871fa,delivered,2018-06-19 21:55:43,2018-06-19 22:16:03,2018-06-20 13:47:00,2018-06-26 16:58:44,2018-07-24 00:00:00
1d6bda6e5595652f956770a32ae4ba0d,c903f7a5a846c6117e671107d202286c,delivered,2018-05-22 00:49:37,2018-05-24 02:18:34,2018-05-25 13:48:00,2018-06-04 21:54:28,2018-05-30 00:00:00
1d96a7c14a9528634756937849d8467d,5919de102d7a96027a3f94b585e0ec25,delivered,2018-01-19 12:16:50,2018-01-23 03:37:43,2018-01-23 18:37:55,2018-01-30 19:12:00,2018-02-19 00:00:00
1daf08cbd75c8c42c6febf36b63e4bb2,2cbf6cb02acabd657570f14141006bd0,delivered,2018-01-03 14:58:25,2018-01-03 15:11:30,2018-01-04 22:34:32,2018-01-18 21:15:34,2018-02-19 00:00:00
1db142fdab73b764609d8a15e7dd5a38,b7f840ef94a2311ac205dce9a1aac7bc,delivered,2017-06-08 16:14:56,2017-06-08 22:31:16,2017-06-09 10:36:47,2017-06-12 11:16:57,2017-06-22 00:00:00
1dbaa81e10d320cf7b6278931481e284,fed9a70454798e3fdbee236decc7ce42,delivered,2017-07-02 10:44:54,2017-07-02 11:03:33,2017-07-04 14:16:32,2017-07-07 16:11:25,2017-07-25 00:00:00
1dbd19609384c9e5b21e382e560a85fa,e1a81b9db2bc308ffc7e2ee4f70dd22b,delivered,2018-08-02 12:18:36,2018-08-03 02:35:18,2018-08-03 11:37:00,2018-08-07 23:55:24,2018-08-13 00:00:00
1dbed8d8827e4f91dfbb03ce97b38109,ab836f077c0bfd95a66b4ef495d3234d,delivered,2018-03-19 17:40:34,2018-03-21 02:50:33,2018-03-27 20:36:59,2018-04-02 14:12:13,2018-04-05 00:00:00
1dd7e8d1a469f3ce26f8c5c93ce9e636,c4358c59e18e261daa78295cc9b20bb1,delivered,2017-05-03 15:49:05,2017-05-05 02:25:26,2017-05-05 13:22:36,2017-06-09 09:36:11,2017-05-24 00:00:00
1dde4ac4444355c43b97d058a89e45bf,f7d8d01811120ea71aa219b25edb272b,delivered,2018-08-03 19:15:36,2018-08-04 05:05:20,2018-08-06 08:47:00,2018-08-15 16:40:51,2018-08-15 00:00:00
1decf741e38f6bb92236968ffff3b2dc,764aae7da5503356d7ee0f4a4769080c,canceled,2017-07-21 12:54:47,2017-07-21 13:05:19,,,2017-08-03 00:00:00
1def5208ea4cb393260ab333be753296,31ba3483559016b09049d2a84f6eef2c,delivered,2018-06-21 11:15:18,2018-06-21 11:41:23,2018-06-21 14:37:00,2018-07-30 20:06:43,2018-07-24 00:00:00
1df599f6c4bc10fe5cbfd2ae1ade43fc,a33cf67d34f636add92fbd8aaacb5fe8,delivered,2017-11-26 23:17:07,2017-11-26 23:33:22,2017-11-30 22:44:55,2017-12-05 19:28:49,2017-12-12 00:00:00
1df7ded3518147b95eababb6620f007c,f4e4f02c3647142fb9d59c3871691656,delivered,2017-08-13 11:49:43,2017-08-13 12:03:44,2017-08-16 15:20:03,2017-08-22 21:28:33,2017-09-08 00:00:00
1dfdbd592873be9e467a641589b7595e,b1e427ff221ac2de74bf451c5e3d7206,delivered,2018-03-01 19:12:54,2018-03-03 02:51:26,2018-03-06 01:08:53,2018-03-15 22:04:32,2018-03-21 00:00:00
1e0d311945858b3394e3b6860838c9f7,b9c20ab23c96e9531dfd3e7020def950,delivered,2017-04-20 19:08:42,2017-04-20 19:21:54,2017-04-24 10:05:44,2017-05-02 17:44:17,2017-05-26 00:00:00
1e1f2f647008bb63f8fb6cfe18d64467,fb07a605560bc106800598d5f35f408f,delivered,2017-12-21 17:03:45,2017-12-22 02:51:16,2017-12-22 19:42:34,2018-01-04 17:33:48,2018-01-24 00:00:00
1e2335cf4dd533488459494190011751,5e24c55ef0779a3c578d272ff7c3d4fb,delivered,2018-02-19 16:42:29,2018-02-21 06:10:16,2018-02-22 16:25:21,2018-03-01 19:05:12,2018-03-21 00:00:00
1e2566907e0655a3549bdcb88b0291f1,4574518f4c6e0eef440e205139e125d6,delivered,2017-09-12 16:04:11,2017-09-12 16:10:29,2017-09-13 20:22:50,2017-09-14 18:07:40,2017-09-22 00:00:00
1e359230c99e4510d4ce63375b5c7f72,c1052e49e04a1371d071dd1c045854a5,delivered,2018-08-18 16:25:47,2018-08-18 16:50:09,2018-08-20 15:31:00,2018-08-22 12:34:37,2018-08-24 00:00:00
1e3b30b2e066ae1200400ef9d72963c3,288c694f069518164973bb75f57c3e1c,delivered,2017-07-25 19:16:47,2017-07-26 19:23:06,2017-08-03 19:37:33,2017-08-11 17:38:31,2017-08-22 00:00:00
1e3dad2b395168bf9948b5bd80c7258c,bd23e7fa3205d01609afa746fa646770,delivered,2017-06-07 21:33:25,2017-06-07 21:45:11,2017-06-08 13:57:27,2017-06-16 14:42:16,2017-06-30 00:00:00
1e48944f586b8b17f307ac4f5319b0c2,765d7dac76cbe78e1a04508c91065454,delivered,2018-04-11 21:57:00,2018-04-13 13:29:55,2018-04-17 18:11:48,2018-04-19 19:29:33,2018-05-03 00:00:00
1e50bb2b1fd2e009684c3b7bd8eb73ce,1c250ff1a16e800ae4304c81ff76167f,delivered,2017-12-06 12:39:04,2017-12-06 12:52:22,2017-12-22 00:05:54,2018-01-05 14:53:14,2018-01-09 00:00:00
1e569d6eaaa4dee08f4b054b65f97134,f82e86f678897969ded42dbab137c31f,delivered,2017-12-01 01:40:55,2017-12-01 10:30:54,2017-12-01 18:38:33,2017-12-05 16:49:19,2017-12-19 00:00:00
1e5b9ba96bdd2f8c7836f6fb5c7f9712,e0f38b37c6f511a9d6219102bb2e932d,delivered,2017-12-18 12:49:54,2017-12-18 14:11:27,2017-12-20 00:13:41,2017-12-26 19:54:07,2018-01-15 00:00:00
1e693ac6b55dd939e50702b971446d71,4d89e7ec9a5b443f3188cb1132255b72,delivered,2018-06-12 11:32:22,2018-06-12 12:01:15,2018-06-13 11:55:00,2018-06-14 14:18:28,2018-06-21 00:00:00
1e73093ee708ed2b782f359056925208,3f3e1ecfa168cfaffdf4bbdc26c8fd35,delivered,2017-08-14 18:54:04,2017-08-14 19:30:12,2017-08-15 17:13:14,2017-08-18 16:59:34,2017-09-14 00:00:00
1e738ef9fa41ecf83ae9f37a89591620,372a5dc5cb0717a9e9eb801e085f4154,delivered,2017-09-03 22:18:34,2017-09-03 22:30:18,2017-09-04 23:09:57,2017-09-07 00:43:57,2017-09-15 00:00:00
1e7bc4fa92ad71dd2603c7582ebeabf8,ca693ab312ae43e69370a1df11f190e3,delivered,2018-05-13 23:02:50,2018-05-13 23:11:59,2018-05-14 11:18:00,2018-05-22 19:26:42,2018-06-14 00:00:00
1e80bd664bc120ddf4d789b7b9455e14,69a4bbdea1617578929bb426c99e1ea4,delivered,2017-05-09 15:29:51,2017-05-11 04:02:44,2017-05-17 13:51:46,2017-05-23 10:42:30,2017-06-06 00:00:00
1e8bd56a8a79c55409341b1c83b1e8b0,71335cf87387f20fd2819230310c6add,delivered,2017-11-24 09:29:14,2017-11-25 04:59:24,2017-11-28 18:06:54,2017-12-18 22:49:02,2018-01-02 00:00:00
1e8c4aa0871777d9ee5169d3a6522575,94ee6021bdba29d170096b11229abdc6,delivered,2018-02-25 19:31:36,2018-02-27 04:31:01,2018-02-27 18:52:11,2018-03-08 00:39:38,2018-03-21 00:00:00
1e90f6912f47b660fa57730f3885af08,993a8c810083ae41ff595aa595cf2dba,delivered,2018-03-23 13:27:45,2018-03-23 13:33:53,2018-03-26 15:03:16,2018-03-27 18:54:42,2018-04-05 00:00:00
1e9c5ca232e1cdb290cb11b20d668c50,01980baf1c23e7437caf43ce20455d0d,shipped,2018-03-07 08:44:41,2018-03-07 08:55:48,2018-03-07 20:59:00,,2018-05-02 00:00:00
1ea7acde8dacf11a098d0b85b13cdc0e,281fb8b9868caf9889214e5a8d56e271,delivered,2017-10-27 16:21:02,2017-10-27 17:31:13,2017-11-01 00:07:57,2017-11-06 20:17:37,2017-11-22 00:00:00
1ea8fa159bf5ec460bf24d669396a421,74faf188f41edcb655352b171ee6daf8,delivered,2018-06-11 23:31:59,2018-06-11 23:58:34,2018-06-13 18:59:00,2018-06-14 15:03:39,2018-06-20 00:00:00
1ec5ab4a5ab1b60a84603c6a06da028f,0aa76d5f7e9e7b8305d6a6759fe8120b,delivered,2017-11-29 07:25:31,2017-11-29 07:35:20,2017-11-29 22:24:41,2017-11-30 19:28:51,2017-12-13 00:00:00
1ecb44533ccf6974a67e7d36d913b027,9e10bfe5eb4c55263654f22bfb0af9b7,delivered,2017-08-07 09:56:09,2017-08-07 10:05:26,2017-08-09 15:30:23,2017-08-25 17:31:19,2017-08-29 00:00:00
1ed8d07471dcc2832eb42d1507847102,3649682bdc335d7df4c02126e7ed390c,delivered,2017-05-21 22:59:42,2017-05-23 04:22:41,2017-05-25 09:55:07,2017-05-29 10:33:51,2017-06-13 00:00:00
1ee34237b5f6da17a68b98f9f27e4a4c,6f96ce3e9b2e07af1f4130650d3e2c2f,delivered,2018-07-27 11:16:44,2018-07-27 11:30:18,2018-07-27 14:01:00,2018-08-01 20:10:50,2018-08-23 00:00:00
1ee4d0544d11c277367d2df9c25ae406,2549a0bb60ed32415a39f38be7534a3a,delivered,2018-05-11 11:08:14,2018-05-11 11:37:21,2018-05-14 13:19:00,2018-05-19 01:18:34,2018-05-25 00:00:00
1ef3f20960d2c64d49f7154f3fd63a43,40ad2ed5cffb7e8019dd02fa0af921b2,delivered,2017-07-10 13:53:16,2017-07-10 14:10:13,2017-07-11 22:51:27,2017-08-15 20:53:03,2017-08-01 00:00:00
1f42f4d540bb667dcd3bde1a50c9e442,2d1f6ddb9f55c993ef3f71eec46464fa,delivered,2018-07-13 14:02:37,2018-07-13 15:04:07,2018-07-14 06:41:00,2018-07-25 19:51:56,2018-08-06 00:00:00
1f6588173be9bf635ac895276a116522,94e5dec6a70d4203e76e8dfbd35706ac,shipped,2018-02-25 15:58:54,2018-02-25 16:10:23,2018-03-01 23:32:45,,2018-03-19 00:00:00
1f71efbfaebd22c0da59bae196d291de,179fbdb937d5132aef21b2eb306b5728,delivered,2018-01-02 19:41:40,2018-01-02 19:51:14,2018-01-03 23:23:29,2018-01-05 19:27:38,2018-01-22 00:00:00
1f8d7d0c0affce811c7d6f2abf71a7b5,79464312f42f788e5138a105761846e4,delivered,2017-08-11 09:11:27,2017-08-11 09:25:08,2017-08-11 19:11:16,2017-08-22 20:57:51,2017-09-04 00:00:00
1f96abbd2bfd92185040f1e5b6ef7c41,9fac23ba3b881f843a1ffa4302367de6,delivered,2018-08-16 14:23:18,2018-08-17 14:47:04,2018-08-20 16:29:00,2018-08-23 20:04:00,2018-09-12 00:00:00
1fad09d0fdfb8f4f8cdfc1d5be566893,c12786834454ea9bfe60531bc75814cc,delivered,2018-02-18 19:48:26,2018-02-18 20:55:51,2018-02-21 20:07:26,2018-02-24 00:08:31,2018-03-05 00:00:00
1fb3e3b50c0686e0c491b0c17249d2d8,079d166717f416a1460152c6436631ff,delivered,2018-03-11 01:07:37,2018-03-11 01:29:17,2018-03-13 22:38:35,2018-03-20 15:55:01,2018-04-13 00:00:00
1fb66111a1c0bdc6fdaab7101429f9df,3036f3db9acbc09573e6b3d1b15ded84,delivered,2017-10-08 16:29:46,2017-10-08 16:42:16,2017-10-09 22:09:40,2017-10-17 18:29:28,2017-11-09 00:00:00
1fbf8f4fb186a87e85db3cf5ad3a0354,c9a94a45d18593ebe8f50d08cce39e2e,delivered,2017-07-23 18:18:36,2017-07-23 18:30:17,2017-07-26 04:41:54,2017-08-03 16:52:12,2017-08-23 00:00:00
1fc71eb4a30dced088d988c57e751078,b405dfdf46036287887efd86828244a4,delivered,2018-07-17 12:33:50,2018-07-17 12:50:19,2018-07-18 07:52:00,2018-07-24 19:03:21,2018-08-03 00:00:00
1fe07512d05f79bf44e02f7052cca2df,b95cd133dd19a62f386a7afdca3b2360,delivered,2018-03-09 17:11:54,2018-03-09 17:28:53,2018-03-12 22:32:22,2018-04-02 19:43:30,2018-03-27 00:00:00
1feae53afbeb20695102145770b6037a,dc353d9edb5d35503fae9521399340c8,delivered,2017-12-19 18:48:27,2017-12-20 17:12:27,2017-12-21 11:03:39,2017-12-26 15:04:13,2018-01-08 00:00:00
20082947b2fb23b28d05f616b985cdab,b6586e469c2acf2e6efe1083142c6282,delivered,2017-04-08 00:04:45,2017-04-08 01:01:21,2017-04-11 16:07:17,2017-04-18 13:54:52,2017-05-02 00:00:00
202c632ebb14ebfabad48f43c9a9f166,d7263dd40ab3973760e65588299bfaa8,delivered,2018-05-14 12:55:16,2018-05-14 13:17:09,2018-05-14 15:12:00,2018-05-22 23:16:46,2018-05-28 00:00:00
20368ff725d0f3b5adf1ab319ccecb62,d28af23ed5eff79ffd0464bf67d45b8a,delivered,2018-01-13 12:53:33,2018-01-13 13:09:41,2018-01-15 22:21:44,2018-01-17 20:37:39,2018-02-01 00:00:00
203a651bc28694f332b40c3e61bf8e04,0fa431bca31c7763a260a9d9088dce15,delivered,2017-12-28 21:04:10,2017-12-28 21:11:24,2018-01-02 19:33:12,2018-01-10 19:06:12,2018-01-30 00:00:00
2045198a6e7202ea847fd4816f7dde74,9d7e77ac76ddfb20e31bbda7cccf6f77,delivered,2018-06-18 21:21:57,2018-06-18 21:35:41,2018-06-19 14:12:00,2018-06-27 14:22:51,2018-07-23 00:00:00
20469319e0bed934658208f7bf3015ee,eb6f31fdec40de6301646341c6e59496,delivered,2017-12-14 16:59:32,2017-12-14 17:13:51,2017-12-18 15:28:40,2017-12-26 16:42:47,2018-01-16 00:00:00
20488170c0793bc73f2b06d5b5457729,c33e83f45c633a4da0cefaf88bfc46e9,delivered,2018-05-17 16:59:40,2018-05-18 01:56:59,2018-05-21 11:58:00,2018-05-24 22:07:41,2018-06-05 00:00:00
2060cb090f613a2c6e389e351afc8031,27384b6028d1bc63a679abe786e4c2ee,delivered,2018-08-07 01:27:47,2018-08-07 01:44:31,2018-08-07 13:51:00,2018-08-14 17:08:43,2018-08-21 00:00:00
20887fa4e0df7ed8c8d252ec5e9d4551,1f2cfb50a08d37a4fabd78c80c5d1712,delivered,2018-06-25 16:37:45,2018-06-25 16:55:28,2018-06-27 11:10:00,2018-06-29 20:51:58,2018-07-20 00:00:00
20a0f3d89273ba4b9525ba497e2821e8,6bc2db722431353a176d8d00146e55d0,delivered,2018-08-08 22:55:31,2018-08-08 23:05:09,2018-08-09 09:19:00,2018-08-14 17:41:16,2018-08-20 00:00:00
20bc33ea85750fd7d20d7b72c5c4b36d,a13572863e7d88559239ce69dec021b4,delivered,2017-07-13 19:40:21,2017-07-14 20:05:22,2017-07-26 11:10:12,2017-07-31 17:37:43,2017-08-10 00:00:00
20da65274d671907282e06147c655ae4,841fe19c631825e29af4e85b602a73b3,delivered,2017-12-02 11:33:35,2017-12-02 11:50:35,2017-12-04 21:09:06,2017-12-14 17:23:54,2017-12-27 00:00:00
20e9f3d5d268869b86ccb6c13fec2dd0,22900d022224c05dd51f2442b834da07,delivered,2018-03-05 12:16:37,2018-03-05 12:30:29,2018-03-08 23:36:25,2018-03-29 17:54:28,2018-04-20 00:00:00
20f00734b9cedbed78661618c0deb7fd,e117a1572482e4564d02760fc7d18aca,delivered,2018-03-30 18:06:39,2018-03-30 18:50:21,2018-04-04 23:36:53,2018-04-16 21:18:32,2018-04-18 00:00:00
210bc4b9c2323ee8e4e138be5ba0a9ef,77abfb6aeb8006c4ae021f20ad8ad3cd,delivered,2017-12-04 21:31:08,2017-12-05 09:30:56,2017-12-06 13:33:04,2017-12-18 22:14:44,2018-01-03 00:00:00
212399bb2189b8096965b199645d7d3d,950ae87062f753d4c60dddad6d549a17,delivered,2018-03-13 12:25:27,2018-03-13 12:35:35,2018-03-14 18:51:38,2018-04-18 16:05:05,2018-04-24 00:00:00
2130eb96d3ca108910e9afd32f4c7656,d41e9bc1221d11912b11187ecb12b86a,delivered,2018-08-09 16:51:22,2018-08-09 17:45:04,2018-08-10 14:30:00,2018-08-15 13:52:11,2018-08-29 00:00:00
215f3324d1e0ac9abd788d1ac6d65b9d,5aa2f21d43e5a3b019dd7e815fe3f754,delivered,2017-10-31 09:49:31,2017-10-31 10:07:14,2017-11-01 15:13:20,2017-11-09 21:08:42,2017-11-16 00:00:00
217ec7b7a29a68b086c07bda53f3f6b5,068496092363b0e16a6a289da4212d87,delivered,2018-06-24 20:22:23,2018-06-24 20:39:52,2018-06-26 19:44:00,2018-06-29 11:21:34,2018-07-05 00:00:00
2195712688ef03e20c8053de61c82493,45cb0fe36535222805dbee60662f9dee,delivered,2017-01-17 15:30:34,2017-01-17 15:45:13,2017-01-23 15:09:45,2017-02-01 16:37:26,2017-02-23 00:00:00
21a550eeac28a30d4b59a0fd91c9cc8d,ace63d531dc37c74d62c8263d161f8f8,delivered,2017-11-10 20:31:29,2017-11-10 20:46:36,2017-11-16 14:08:58,2017-11-27 23:58:30,2017-12-05 00:00:00
21a5a6a3ba44669b781dde94b19a361a,5103670b1d7ea5870655885ba03125a7,delivered,2018-01-16 13:27:19,2018-01-17 04:31:13,2018-01-18 13:09:22,2018-01-19 20:25:00,2018-02-14 00:00:00
21a724726546c32790ded320f982a506,520a639ebde74dba27ff8cd45874d67a,delivered,2017-11-24 23:17:34,2017-11-25 02:15:11,2017-11-27 20:16:44,2017-11-29 21:51:21,2017-12-19 00:00:00
21b966a378471db65c18fa4ca20d6800,f253cdb921536ec2a9ff9a11cab13aea,delivered,2018-08-21 20:34:12,2018-08-21 20:50:15,2018-08-22 15:21:00,2018-08-27 17:32:06,2018-09-05 00:00:00
21babe33a62ea8ca20539175f5f77dd2,ff8ad2b0f0b304a4f7ecbfa76eecbbdf,delivered,2018-05-12 22:58:39,2018-05-12 23:16:33,2018-05-14 16:42:00,2018-05-15 21:07:03,2018-05-23 00:00:00
21bdc97768bc2e7a3e428d0ede7deb85,b632584c672b004257be4b2e5ae4907e,delivered,2018-03-01 15:16:55,2018-03-03 02:35:44,2018-03-23 19:16:37,2018-04-06 19:20:49,2018-04-03 00:00:00
21d601597d3c4723d5e5f81dc1d2c01e,1322870a5781743cc149549385e9ce4a,delivered,2018-02-28 14:53:09,2018-02-28 15:12:03,2018-03-01 18:39:11,2018-03-15 15:08:51,2018-03-29 00:00:00
21e66217f32d0775592d587a9cee5860,ce40bdf89725ab732c923660e1e3c932,delivered,2017-04-10 11:36:05,2017-04-11 03:55:24,2017-04-11 08:55:55,2017-04-13 15:26:45,2017-05-02 00:00:00
22085bab9022ec0c41db7a6698de93ae,4fb7cbd1728fe3e7909ca36668074cdd,delivered,2018-05-20 16:28:42,2018-05-20 16:59:20,2018-05-21 13:53:00,2018-06-04 16:12:26,2018-06-11 00:00:00
22186f12324a0f795921a6bbc8e7ad01,f032b7eb7d1b197203f63cc311e4fc0c,delivered,2018-05-10 22:42:34,2018-05-10 22:57:29,2018-05-14 06:35:00,2018-05-21 19:47:46,2018-06-07 00:00:00
222c6bc1698aec767223c052bf66327d,f78f9e3b2e5a3060c957bf427cf94485,delivered,2017-05-22 21:53:14,2017-05-22 22:03:01,2017-05-23 14:27:19,2017-05-24 14:43:09,2017-06-02 00:00:00
2232bf34060433dc7ae5f0c76a2e6cab,f598b2d315ec85e3449198f9aeba111d,delivered,2018-06-06 20:27:55,2018-06-07 20:35:27,2018-06-08 13:05:00,2018-06-21 20:16:39,2018-07-13 00:00:00
224bd0a94ce4f3eeebe2ef447e596863,dffe34ca3527d5eb4d985e7a3ace6b27,delivered,2017-07-11 09:15:43,2017-07-12 02:10:47,2017-07-13 19:24:39,2017-07-21 17:27:56,2017-08-02 00:00:00
22543080a0066963931832c0df11b2be,613735eeed7838276933826aa1fd5013,delivered,2018-08-11 09:43:32,2018-08-11 09:55:17,2018-08-13 12:40:00,2018-08-16 13:03:19,2018-08-29 00:00:00
22557cb9c7229669e351a8460240119b,9a7a057f5e9560593d21cf17220b04b2,delivered,2017-08-08 23:13:27,2017-08-08 23:30:09,2017-08-09 16:51:58,2017-08-22 18:27:15,2017-09-05 00:00:00
22561cc73693742c65f9e31bd0e8df08,93e314b682a2da481b45a81ccdf91ef2,delivered,2017-05-23 08:58:15,2017-05-23 09:10:17,2017-05-31 16:08:42,2017-06-12 17:13:22,2017-06-21 00:00:00
225993f2e15bfdde9746613cc9a3a4b0,8aa0d22a3225923f4386d2dcf4717658,delivered,2018-05-08 09:33:25,2018-05-08 09:50:54,2018-05-10 17:52:00,2018-05-11 19:38:43,2018-05-18 00:00:00
2279e81e4cfd1c590ccbc2e0b9c1b90b,612c2e9ac0cdc41ded0c67720f8587d0,delivered,2017-09-20 22:10:16,2017-09-22 04:10:11,2017-09-22 19:22:21,2017-10-11 18:22:27,2017-10-17 00:00:00
22b1eef278d4416c1e867a55d1c39fea,a2592535b56c9256867a805f553147f1,delivered,2018-05-08 23:18:52,2018-05-08 23:34:25,2018-05-10 18:29:00,2018-05-25 19:25:25,2018-06-12 00:00:00
22b29d286c0de8b013b0db61ddcb3754,ede8227cb317f0794d3df6d6407c5d28,delivered,2017-11-10 11:04:30,2017-11-10 11:27:34,2017-11-11 12:14:47,2017-11-18 14:21:26,2017-11-24 00:00:00
22b6314011ec44222f024670a2c91929,2f59c2057337694cfaab7576c1d05bd7,delivered,2017-09-24 08:27:16,2017-09-24 08:43:55,2017-09-27 20:08:13,2017-10-05 23:09:56,2017-10-19 00:00:00
22d03f81f36cfd05e90af56d5dc63e74,86d3fe4ddf2692de0699c9b1c9e8df57,delivered,2018-07-31 13:22:30,2018-08-01 16:31:37,2018-08-01 11:19:00,2018-08-16 16:07:46,2018-08-27 00:00:00
22d0b79a88fe360e41471c8477379673,232359797a832f108d94e9351a75fc2c,delivered,2018-07-07 14:42:57,2018-07-07 14:55:18,2018-07-09 12:16:00,2018-07-12 19:31:55,2018-07-26 00:00:00
22d58ab98a59a304fd61d116c625ec4a,e5b962ced77fc6700e93d437f45f4916,delivered,2017-10-27 12:48:53,2017-10-27 13:07:57,2017-10-28 00:47:42,2017-11-07 15:51:40,2017-11-23 00:00:00
22d9f175d75a69bcfa445d7e1bc82ed3,919cdb17221af991200e5c3a283cb85d,delivered,2017-11-09 15:06:08,2017-11-10 03:27:02,2017-11-14 19:52:00,2017-11-17 21:51:27,2017-11-23 00:00:00
22f1399a4c5b23e40453c44942c04100,da27f48eeb029c62720ef773ab95806c,delivered,2017-08-10 19:25:35,2017-08-10 19:43:53,2017-08-16 19:32:42,2017-08-22 17:56:36,2017-08-30 00:00:00
22f7d2adca9b9787cd01ba3f09f8aa03,e8153efeb6784f17165fa9703078ac2d,delivered,2018-03-16 14:36:32,2018-03-16 14:50:26,2018-03-21 00:24:49,2018-03-21 16:49:34,2018-03-28 00:00:00
22fe4109ea0b3227fa3a2f5370ec9691,b4f5ccdd01480fe597e7aea8ef056198,delivered,2018-05-12 15:13:50,2018-05-12 15:42:22,2018-05-14 10:09:00,2018-05-23 16:45:41,2018-06-18 00:00:00
231f5faa326e8643dc979ef4dcc9cd31,9599f5e43a9b54a82ab4392a0c8e94f5,delivered,2018-08-05 13:33:17,2018-08-05 13:45:14,2018-08-06 11:05:00,2018-08-15 14:18:29,2018-08-21 00:00:00
232ac1c81c6a84fd76f9653b248b5d92,e516029bbcb3710bc5e9909c47c6cfa8,delivered,2018-07-26 17:41:27,2018-07-26 17:55:16,2018-07-27 12:30:00,2018-08-07 17:08:50,2018-08-17 00:00:00
2343d4a98379202b11d3ec66c322ab57,83a013746849c173ca9305957f463d89,delivered,2018-03-22 18:07:42,2018-03-23 02:15:43,2018-03-31 15:36:35,2018-04-05 21:32:29,2018-04-10 00:00:00
234d54f2c7e5f1b3fa99a853ee8a6211,d1692429b72bdc73587f97f6815f6f71,delivered,2018-06-22 13:34:48,2018-06-23 13:45:18,2018-06-25 12:59:00,2018-07-10 13:28:32,2018-07-24 00:00:00
2356e9b211b952c07f32b7addb1250fa,e6c8f5799c9aed2e74ddffb90dfefa92,delivered,2017-10-30 13:28:30,2017-11-01 03:26:30,2017-11-03 20:51:41,2017-11-10 23:34:48,2017-11-27 00:00:00
236000cc7c90d723a7db9afa31f73e72,41a7a254ad0f16ee9ba1f2ba2605d630,delivered,2018-01-23 18:36:21,2018-01-23 18:55:40,2018-01-24 23:24:36,2018-02-04 14:19:30,2018-02-19 00:00:00
2362f0e9afcae197310501d93b070bb6,faa44d6a18c50d95adfcb8b7fcf075fd,delivered,2018-05-13 21:50:15,2018-05-13 22:13:28,2018-05-21 14:11:00,2018-06-05 14:28:54,2018-06-05 00:00:00
2369ff1232ff0d10bb9d924732757881,1543d33006419c3806d6e4d2a1b7560c,delivered,2018-04-23 21:27:11,2018-04-24 18:25:33,2018-04-24 23:08:40,2018-05-16 19:48:48,2018-05-16 00:00:00
23799ee0d85541263f0637d4b86d5e5b,98209b8b1b97a90f4b5028daffb1b73e,shipped,2017-05-01 10:23:49,2017-05-01 10:35:20,2017-05-02 11:50:50,,2017-05-23 00:00:00
23879ed885740016a16a4cfc5420c80d,0b35cf387e2b991b1a6928a3cb351f0a,delivered,2018-06-07 20:10:26,2018-06-07 20:35:31,2018-06-12 13:25:00,2018-06-13 17:42:21,2018-06-25 00:00:00
239f80de3a90292c837e69ec8ff3c4f3,f15272fe9d0e2ae3297185f18d3bac46,delivered,2017-11-24 11:14:37,2017-11-24 13:14:45,2017-12-06 14:48:54,2017-12-12 16:33:22,2017-12-14 00:00:00
23a868333bc15837fc68d57a8287bf06,b7b0527953105fd885d113399210bce2,delivered,2018-08-03 20:09:08,2018-08-03 20:23:59,2018-08-07 15:49:00,2018-08-14 17:41:44,2018-08-15 00:00:00
23af56e201b15091e86aebe6bde84b2b,2acc2e222c7d4a93c01b88d28b17a1b3,delivered,2018-02-20 22:22:10,2018-02-21 18:50:31,2018-02-22 23:27:14,2018-03-22 18:34:52,2018-03-19 00:00:00
23afc00db0b1c005196306f02e1c1178,17690bde33eddf4e0934f5a94dfe01fc,delivered,2018-03-16 07:01:56,2018-03-16 09:06:36,2018-03-16 22:38:46,2018-03-17 13:50:43,2018-03-28 00:00:00
23bd4c7d83fd48f908879d5a1aa32bf8,f5c1a4fafa3aafcc044513f848e82cee,delivered,2018-03-29 18:54:11,2018-03-29 19:08:17,2018-04-02 17:22:40,2018-04-27 20:48:40,2018-04-26 00:00:00
23c7702588b2b08f1bf4fbdd15f19343,06b423fab94edc97504290952ef19d97,delivered,2017-03-22 17:52:17,2017-03-30 19:10:20,2017-04-03 14:12:49,2017-04-11 13:06:32,2017-04-12 00:00:00
23d0ca011ea2e7273f99c4875a80854f,3484006d8f49a3517029356d1d1cd215,delivered,2017-12-11 10:44:50,2017-12-11 10:53:25,2017-12-11 18:48:29,2017-12-20 20:07:28,2018-01-11 00:00:00
23e117ca8f65562000f29a26f19f1a3b,658ff649fc33a23b0c62dbb364eef7dc,delivered,2018-05-07 20:46:53,2018-05-07 21:14:01,2018-05-09 13:33:00,2018-05-15 18:35:14,2018-05-29 00:00:00
23e7bb857c480aa4791ff2f7f2a5e151,bea5832c9431c2d2088697935c46a9c8,delivered,2017-09-18 20:49:22,2017-09-18 21:04:21,2017-09-20 20:50:00,2017-09-23 13:49:53,2017-10-04 00:00:00
23eaa9100d479846141e3105e949df27,dbc1b010bbfd839359e6a3fdcdc33689,delivered,2017-09-17 22:24:00,2017-09-19 03:50:31,2017-09-20 19:39:49,2017-10-09 19:53:41,2017-10-17 00:00:00
23f563c1e12c5d6d279ecc446b5f933b,2fa31352737393319f999c84deafc5c5,delivered,2018-06-24 10:43:09,2018-06-24 10:56:22,2018-06-27 11:45:00,2018-07-03 12:33:16,2018-07-25 00:00:00
23fe7e1e5139248d8e9e379e1a910860,7e82568d445c615359d582ec7852d3b6,delivered,2018-06-16 19:06:54,2018-06-16 19:18:06,2018-06-19 14:26:00,2018-06-25 18:38:41,2018-07-17 00:00:00
24157de329cfc5610de79f904534eab4,c29c2483aec7d84d37613bd1dfb86df0,delivered,2018-02-25 21:50:31,2018-02-25 22:08:07,2018-02-27 14:19:09,2018-03-14 13:24:26,2018-03-21 00:00:00
241b1a5ff1d152dc47bf2093ea154edf,a61cee7568322910d8954f49f6c1760b,invoiced,2017-07-27 11:53:08,2017-07-27 12:05:52,,,2017-08-18 00:00:00
242c9821e1036401ddc1d061ffcb034c,d21a1b30f682a1faa9cccc16d674eacf,delivered,2018-04-19 21:10:42,2018-04-19 21:30:55,2018-04-20 18:34:33,2018-05-10 18:32:30,2018-05-15 00:00:00
24341ac85c8c726efbf9b78eb47982aa,a96c3e3b619af8097f2664ff6af50487,delivered,2018-04-25 23:52:06,2018-04-26 16:15:41,2018-05-04 16:04:00,2018-05-11 21:22:06,2018-05-23 00:00:00
243fd4d4dbddf371c229a0122ac3e661,53b5e9fac240fef6f8336dc01cb6003b,delivered,2018-08-15 14:02:31,2018-08-17 03:09:47,2018-08-17 14:43:00,2018-08-22 22:33:57,2018-08-27 00:00:00
2456821eb4bf8fe5ac094da15037a2f3,e215e63f573b24af6225dd76e2119c42,delivered,2018-08-06 10:40:33,2018-08-06 10:55:12,2018-08-07 11:15:00,2018-08-10 20:46:21,2018-08-16 00:00:00
2458de231bb0e4286a97ab335afb78c9,cc6f5db7dd5f6e879475e65899663005,delivered,2018-07-21 23:51:50,2018-07-22 00:05:10,2018-07-23 12:39:00,2018-07-30 18:16:51,2018-08-24 00:00:00
2459807af0cad1161d053ae93c170398,93bcaca0ba9906b15984025eb1ff7d06,delivered,2017-11-08 13:42:56,2017-11-08 13:50:33,2017-11-09 18:44:50,2017-11-29 23:58:06,2017-12-07 00:00:00
2463eaec66167230ee0c637e3598e2cd,7170c802ec75e5fcb3792110e68ab323,delivered,2017-09-03 21:16:20,2017-09-04 02:32:24,2017-09-05 18:51:59,2017-09-13 19:47:53,2017-09-25 00:00:00
246ed527fc17d711f0b578e0bd407257,08fa82297b802757b9b02ced94f8a9e3,delivered,2018-06-06 19:39:13,2018-06-06 19:54:48,2018-06-26 15:47:00,2018-06-30 13:05:59,2018-08-08 00:00:00
24750706d247c4d573cae75ee4372c59,35fd70b44c6c7abfd28a469e9a85f0cd,delivered,2017-06-06 16:12:20,2017-06-06 16:25:37,2017-06-12 15:03:57,2017-06-13 12:50:09,2017-06-20 00:00:00
2477eccf092b3407c1442bf98cde9729,41c745d2f76353fbe24e980cf298b6ad,delivered,2017-12-06 21:55:04,2017-12-06 22:09:52,2017-12-11 17:19:03,2017-12-13 20:10:45,2018-01-05 00:00:00
24812bb88ca7c88144814233a1d6f78e,77fe80ba95f07692a4b59c0360d2331f,delivered,2018-01-14 21:42:32,2018-01-14 21:51:27,2018-01-15 20:24:17,2018-01-26 00:46:52,2018-02-09 00:00:00
24950e3fcd92f8ec85a91644c7252eb9,24c09a96dc7e7016bcf50e5de09bc6bf,delivered,2018-04-24 19:49:20,2018-04-24 20:10:28,2018-04-25 15:33:00,2018-05-02 20:26:48,2018-05-21 00:00:00
24ae0d766df69840feedaece7acfc653,c5caf3ba9c0bec1cb22624b0759839fb,delivered,2017-03-13 07:54:19,2017-03-13 07:54:19,2017-03-21 09:08:17,2017-04-13 16:42:26,2017-05-08 00:00:00
24b1c4d88fdb7a2dc87f8ecc7d8f47f1,6d699e3ab0fd90fffb3d1379d937de77,delivered,2017-07-28 09:34:29,2017-07-28 09:50:14,2017-07-28 21:42:11,2017-08-08 16:03:45,2017-08-21 00:00:00
24b5077ff1a5cfb489ffaf2a6ae71f43,93abd65e3064ef2fbaeef2759ad93c0b,delivered,2017-06-05 18:35:59,2017-06-05 18:50:08,2017-06-06 16:30:37,2017-06-12 13:22:17,2017-06-26 00:00:00
24c88e563ba8b5ed9b8b9ca7b72f3016,33b194055962ef1fc958b5ce53d6c48f,delivered,2018-04-08 09:54:08,2018-04-08 10:10:12,2018-04-12 03:02:34,2018-04-23 16:02:26,2018-05-08 00:00:00
24ceed9729a86f5e36fd61ae94183817,cd24dfdff8d99033e3794d9b104c95d0,delivered,2018-05-03 11:13:38,2018-05-05 10:15:17,2018-05-07 16:31:00,2018-05-26 13:29:37,2018-06-04 00:00:00
24cf826a7c6a7038c6ec3a5173a4c78b,e5687fd6aa92cc5259ea61218a57e07d,delivered,2018-08-17 18:41:50,2018-08-17 18:50:28,2018-08-20 14:03:00,2018-08-29 15:12:36,2018-09-10 00:00:00
24ee049b7819170224ee7e5eca0494e9,ada0f066567ebdf46d1aad320bd0d73e,delivered,2017-03-26 13:05:55,2017-03-26 13:15:15,2017-03-28 09:42:45,2017-04-03 13:50:06,2017-04-13 00:00:00
24f17834d1edff2ec50e2fb099896d80,acf07b411528c13274e71b7263974253,delivered,2017-08-26 18:31:19,2017-08-26 18:44:28,2017-08-29 18:22:45,2017-09-06 18:07:03,2017-09-20 00:00:00
24f209c23bc564a88e7cbb7f46e17505,f45be1f885a95dcb91592d65ea0b3ec2,delivered,2018-01-16 14:20:42,2018-01-16 14:31:33,2018-01-17 17:03:50,2018-01-18 21:19:26,2018-01-31 00:00:00
24f9d59b5717fed5431455ac71a4a371,0ef337888c57f8e58775a2de6b386d10,delivered,2018-02-09 20:09:48,2018-02-15 03:56:00,2018-02-21 23:47:36,2018-03-01 18:59:06,2018-03-08 00:00:00
24fe896f12fc80ca8e107a56258b67d6,8e29f1ea42a090c304ec11ad37cefab8,delivered,2018-01-17 12:52:05,2018-01-18 02:13:19,2018-01-19 01:46:32,2018-01-26 16:38:37,2018-02-15 00:00:00
25002fcfee05773be1d9bfe045b95fec,8d1d9151c6eb5fb90b19d52e8b337e2f,delivered,2018-08-21 16:31:46,2018-08-21 16:50:33,2018-08-22 14:04:00,2018-08-28 20:50:58,2018-09-24 00:00:00
2502fdbda37b0748046e3b6c9d33e7ea,19a81cc55bd0e8ad389c7b787c9c280d,delivered,2018-04-11 15:35:23,2018-04-13 10:50:18,2018-04-16 19:32:18,2018-04-27 19:48:39,2018-05-10 00:00:00
251f7157d5e425718ae0767439991dec,db8778c6bb41f50c45603b5ebfa92cad,shipped,2018-01-10 22:44:17,2018-01-11 22:37:27,2018-01-13 02:51:30,,2018-01-29 00:00:00
251fe947dc87c3ac12965b12bd34f160,e45fc68e618340baf7ced09aa8e0f5f3,delivered,2018-05-09 16:09:45,2018-05-09 16:30:42,2018-05-10 10:25:00,2018-05-16 14:31:33,2018-05-30 00:00:00
252e3d8642591a131552842adb8230f7,d2a2f7b5bb7f3843a5ca837a7c81cb41,delivered,2018-08-08 14:44:33,2018-08-08 15:05:00,2018-08-10 16:02:00,2018-08-13 18:19:34,2018-08-16 00:00:00
253fce0796924cfa83e730b7c7da4e66,3c8892a24d5f35c4a39b1a374c662b60,delivered,2017-06-03 12:22:15,2017-06-03 18:30:07,2017-06-06 12:49:23,2017-06-22 14:57:57,2017-07-06 00:00:00
2567b61de29297da09bb8da381d2b37e,58e9cc6f523e29753c2a494f136953ab,delivered,2017-08-30 13:59:06,2017-08-30 15:15:29,2017-08-31 19:47:46,2017-09-04 20:51:35,2017-09-18 00:00:00
256d7c10e54af14e81340da966349b3f,066e5acdd1a429b05b4bcb0c8f8273d3,delivered,2018-05-13 21:50:26,2018-05-13 22:13:35,2018-05-15 10:44:00,2018-05-21 20:04:53,2018-06-04 00:00:00
2581504c87d229321f70e6850d332196,18d5d5895467ab53587d1ec961de0ece,delivered,2017-09-16 12:25:06,2017-09-19 03:55:25,2017-09-19 21:03:14,2017-09-28 21:13:17,2017-10-05 00:00:00
2581fb50a626be9c524173007c799147,363dddbc708c46ffbd3d3860c79a54da,delivered,2018-05-10 15:14:04,2018-05-10 15:41:17,2018-05-15 17:14:00,2018-05-22 20:18:35,2018-06-01 00:00:00
2583b27eb8957bea688a9cd41b7c0f47,7ac9fdf6d5f20b34e1a815487a49e9f7,delivered,2017-07-21 08:59:56,2017-07-21 09:10:21,2017-07-26 12:22:16,2017-08-07 22:19:40,2017-08-16 00:00:00
25850021261764efbccacf5e29ed13f7,a3a7a7f97735f35a7b3f2cd88804e790,delivered,2018-05-18 16:29:43,2018-05-18 16:58:00,2018-05-21 09:45:00,2018-05-25 17:51:38,2018-05-29 00:00:00
258b933113e8f7411e255b6fbbf16dc2,050a44e2a689099514443c37f6b36c6f,delivered,2017-06-16 20:09:54,2017-06-16 20:22:57,2017-06-20 09:21:15,2017-06-27 16:11:35,2017-07-10 00:00:00
258fdca015115622abad4d8ac1a13ae4,07e4b8e04c04a18508d3e4999e460f8f,delivered,2018-01-06 22:15:13,2018-01-10 10:32:44,2018-01-10 17:59:13,2018-02-03 17:34:45,2018-02-09 00:00:00
2591661e8952477c49e9efd03a319cfc,b6c593306a923aee9d3653c4f80b46d2,delivered,2018-05-02 21:36:54,2018-05-02 22:16:54,2018-05-03 10:50:00,2018-05-24 16:41:12,2018-05-23 00:00:00
25a328788a40be038f54f6b2d3c54b78,1cac59dc9ef3b43723372aca8b02f56d,delivered,2018-07-26 07:40:33,2018-07-26 07:55:15,2018-07-26 13:58:00,2018-07-31 20:56:51,2018-08-10 00:00:00
25c22896dca583d857448141d99ef3ff,554ce400f275abc5439b06a3ba67a0ab,delivered,2018-04-26 13:32:49,2018-04-27 03:30:39,2018-04-30 07:02:00,2018-05-02 18:46:45,2018-05-11 00:00:00
25cdbf36318188d83d96f32a9236d1e7,b51ced387cf78701481cbb154666677e,delivered,2017-09-27 09:54:28,2017-09-27 10:07:10,2017-09-27 20:48:55,2017-10-04 19:43:47,2017-10-20 00:00:00
25db8af390f9984ee0af317b5239af35,9687241c8ed4018450273e3fe23803b6,delivered,2017-06-03 10:33:55,2017-06-06 13:05:43,2017-06-07 15:21:39,2017-06-13 17:47:00,2017-07-10 00:00:00
25f3c6052aa7604ff162e5a12b77298d,9fd8f92d72e01881424466eb23370df6,delivered,2018-02-22 11:41:30,2018-02-23 02:31:15,2018-02-26 21:25:21,2018-03-24 17:48:23,2018-03-08 00:00:00
25fbf27ebf14d822b62827aeb77d9d10,8dcf681336e6c839f3d6c2399dee467d,delivered,2017-03-14 12:50:27,2017-03-14 12:50:27,2017-03-16 08:17:46,2017-04-09 09:07:03,2017-04-26 00:00:00
2629f390add3248cc2cb53b3795fbe9b,2383b6a9c8a50ad014066d7fe735eecd,delivered,2017-11-12 11:43:15,2017-11-12 11:55:31,2017-11-16 19:07:33,2017-11-27 17:14:09,2017-12-01 00:00:00
262a22b18b8c7773c9ce2e3665db8c44,fa89c63e13c0be467dd82ddedc566260,delivered,2017-04-13 06:49:20,2017-04-13 07:02:07,2017-04-13 12:29:46,2017-04-18 18:55:25,2017-05-08 00:00:00
26468ef199f961b657bd9411810b80ea,0d3bc44d03120f413b33f62f0037d1b5,delivered,2018-07-25 14:02:22,2018-07-25 14:15:18,2018-07-26 07:27:00,2018-07-30 23:03:54,2018-08-17 00:00:00
264c045399fb02e9f309f715c2e5f3d5,fb59a914d813f4032a12be492a6450cf,delivered,2017-03-22 14:05:51,2017-03-24 01:31:55,2017-03-24 14:34:40,2017-03-31 17:23:50,2017-04-17 00:00:00
2663f91a68c89174d7550cdcdb1d5df3,7824401066ed05d75024827848680f14,delivered,2017-05-31 21:12:24,2017-05-31 21:30:17,2017-06-01 10:49:23,2017-06-22 17:25:51,2017-06-27 00:00:00
266a1f6959fbb6cd5b50201b10a0d46f,ad2645579addc9b0fbfbbbcd8eb422be,delivered,2018-04-15 11:30:25,2018-04-15 11:50:27,2018-04-16 17:21:46,2018-04-25 14:56:57,2018-05-07 00:00:00
266b0e02c5f1de0a40f86f63180419ad,8b1a19c76c21ee813ce4e93237633be4,delivered,2017-08-02 10:20:03,2017-08-03 03:10:24,2017-08-03 20:27:30,2017-08-07 19:49:37,2017-08-17 00:00:00
267f42757da398f66b0cc956f501f29d,045d1980b25d907232ab04bab9299c82,delivered,2018-03-27 16:37:34,2018-03-29 14:50:10,2018-04-02 21:05:06,2018-04-12 00:51:28,2018-04-17 00:00:00
2690c84e60cbc597c732d126472db7cc,cebf23c9423264f677a27ea0737c0d99,delivered,2018-01-29 15:09:40,2018-01-29 15:32:58,2018-03-02 23:49:03,2018-03-16 21:38:35,2018-03-06 00:00:00
2699d27682691fa4f6be5cfde364a833,892d34f72485fd31f213fd0786900a3f,delivered,2017-05-21 07:59:40,2017-05-21 09:31:47,2017-05-26 09:58:28,2017-06-03 07:38:53,2017-06-19 00:00:00
269fb3a37e10ad284ed9ca4a34c32d09,4dc2037d51777db6a431a91905bcd7be,delivered,2017-09-25 22:51:01,2017-09-26 22:56:15,2017-09-27 16:19:41,2017-10-09 17:26:06,2017-10-24 00:00:00
26b47634ae036af085a067dddf95bd77,ebf4a394f95a53cf104a110b3ec5ac28,delivered,2018-04-23 15:41:37,2018-04-24 17:17:00,2018-04-26 12:25:00,2018-05-12 17:24:43,2018-05-28 00:00:00
26d821f4e6c14dc9a3b4cf118c806fbd,917f855fbbe10aa3b268b6f636c20156,delivered,2017-11-25 22:12:39,2017-11-25 22:33:33,2017-11-27 18:24:12,2017-12-08 19:33:23,2017-12-15 00:00:00
26e2db0bd73689ff814692e3dc232671,e8640461d21ee25de8988187e7227b70,delivered,2018-08-26 07:54:47,2018-08-26 08:10:08,2018-08-27 15:33:00,2018-08-30 17:58:42,2018-09-06 00:00:00
26ef05ca1105e34d67dfaccab65e1100,8cb1af3bd886d07afd941b6dd5a73c95,delivered,2017-03-21 20:55:05,2017-03-21 20:55:05,2017-03-23 16:00:01,2017-03-29 08:22:18,2017-04-07 00:00:00
26f078c600b86ed6c916be331d3dc1b0,ae5b535b75ca9bfa696cbd865be253ec,delivered,2018-08-14 20:32:58,2018-08-14 20:45:21,2018-08-15 15:07:00,2018-08-17 18:18:50,2018-08-17 00:00:00
26f9b65f14088371f7c082c607f04d8c,5e2d7f57c86912d4f1274f15c7bd2c27,delivered,2018-01-23 00:55:19,2018-01-23 21:32:37,2018-01-24 22:05:30,2018-02-02 18:13:11,2018-02-22 00:00:00
270c25da086ad763f34a2cd66c6aae7a,12a9b33607c2fec94977963045396299,delivered,2018-01-02 16:02:11,2018-01-02 16:09:11,2018-01-08 23:15:28,2018-01-17 20:36:35,2018-01-31 00:00:00
2720322b26b3ddc8467925c74b7d7c9d,15b9cc23661eb24b89179be3fc9e43e3,delivered,2018-03-17 11:54:22,2018-03-17 12:09:18,2018-03-22 02:52:03,2018-03-27 18:51:19,2018-04-24 00:00:00
2728685c083a4749558ea7e44578a0c3,5c0c0a2f137f0ca32bc91f21cfa0344c,delivered,2017-08-30 14:57:52,2017-08-31 02:35:24,2017-09-05 22:36:06,2017-09-12 18:54:55,2017-10-05 00:00:00
274cd784482aeed5533082fd271be663,f4aeffedf5df0d4eac1bddd754842776,delivered,2018-05-06 10:04:23,2018-05-06 10:15:18,2018-05-08 13:40:00,2018-05-14 17:08:42,2018-05-24 00:00:00
275705caa614c75dffeaf1844c1f6db9,fabdbe658d8f6191a286dcf7bd6fb212,delivered,2018-03-08 16:20:10,2018-03-08 17:24:31,2018-03-09 19:06:24,2018-03-12 23:51:41,2018-03-20 00:00:00
2759e33a8d084b097aaf4d4b8393e38c,bc65abd5df0fc9cf85f69cf5c87663c2,delivered,2017-10-04 10:27:27,2017-10-05 02:56:21,2017-10-09 21:36:02,2017-10-20 23:26:33,2017-10-26 00:00:00
276c36d0f0218b24c09343edf53cb98f,00cca8735b2e7b89dc267f378e5c9e8d,delivered,2017-04-17 21:24:52,2017-04-17 21:42:19,2017-04-20 08:42:22,2017-05-06 09:07:46,2017-05-15 00:00:00
2771d3ac1d43785ed9c2fdcb077a87b0,a558bfe4300d0404d6493b278ac18ca2,delivered,2018-02-15 19:33:06,2018-02-15 19:46:28,2018-02-16 22:18:54,2018-02-26 18:58:50,2018-03-12 00:00:00
27a14f1949c308b236684c6b7732eb03,233f73a4bc9db336b82cb23cf5ff2701,delivered,2018-02-27 18:11:02,2018-02-28 13:15:38,2018-03-06 18:43:31,2018-03-07 20:46:57,2018-03-13 00:00:00
27b286dd0016893043cae6da2f07a2a5,f59df61ab130998cafd5d0b592eaa6e4,delivered,2018-02-13 10:09:39,2018-02-15 03:47:56,2018-02-22 20:45:10,2018-02-26 20:16:48,2018-03-07 00:00:00
27b974fdb1343121e2a97ab9bfe080e2,d5c2ad00773abc9e718dc31789b7d4a1,delivered,2018-05-21 21:09:32,2018-05-23 02:15:33,2018-05-23 14:57:00,2018-05-25 18:36:30,2018-05-30 00:00:00
27cc371fc21005cb23584884e8364a35,931847b1d6804bdcdd755a02e26ae9c1,delivered,2017-05-01 23:12:01,2017-05-01 23:30:09,2017-05-12 17:19:43,2017-05-18 11:09:59,2017-05-23 00:00:00
27db1a079a22bec1453d0f24f630005f,b76816b61d8043a98db57875437da6b5,delivered,2017-11-24 01:34:00,2017-11-24 01:48:30,2017-11-24 21:58:53,2017-12-14 16:09:41,2017-12-14 00:00:00
27dfe580597e36bfdb283184aa96a201,c9e36b6c0cabf0ca3e5831b9a9b1d2ee,delivered,2017-06-19 19:45:31,2017-06-20 10:25:14,2017-06-21 09:02:23,2017-06-30 17:36:42,2017-07-11 00:00:00
27f9fff9f14236589804b62bce39f526,f3318c51c9a6779c89f2567475b4a6b9,delivered,2017-07-05 11:55:58,2017-07-05 17:42:57,2017-07-06 13:55:38,2017-07-17 19:02:35,2017-07-31 00:00:00
27feef8b6702f1d6ccdffd697e7f4334,5a5ba707171db1cfa955d1cafe4a347c,delivered,2017-10-04 12:49:02,2017-10-04 13:03:35,2017-10-06 13:05:10,2017-10-10 22:42:13,2017-10-23 00:00:00
2816b0ec050fb4a136c32a6bda007a91,ffa6d90c36a9c7004692ca50761c69d6,delivered,2017-03-27 16:26:18,2017-03-27 16:35:19,2017-03-29 16:27:26,2017-04-04 13:57:53,2017-04-19 00:00:00
282565c3d7b0439d7adfa7ad1df6ac93,d23e282d723fd63c3b23480bd3e466e0,delivered,2018-03-27 08:48:55,2018-03-27 09:06:50,2018-03-27 19:22:04,2018-04-10 15:56:55,2018-04-16 00:00:00
284b3707cd4351c728d8d59db0ce2c45,77536d8531c68bbe0e3c699c084c09fe,delivered,2017-03-10 19:32:26,2017-03-10 19:32:26,2017-03-16 11:48:56,2017-03-27 18:38:20,2017-04-05 00:00:00
28572ca6264628bbdcd513eb363d6b3a,55260d8284b7fcb8890f0c0ff1135bc1,delivered,2018-05-05 21:00:57,2018-05-05 21:10:37,2018-05-09 15:48:00,2018-05-14 18:31:01,2018-05-28 00:00:00
2869ddcbc4b0d9b659598ff9b1e68e14,d6cabea39275e01eaeaea9945d2380e3,delivered,2017-11-10 10:10:34,2017-11-10 10:26:45,2017-11-10 19:45:33,2017-11-13 21:12:25,2017-11-24 00:00:00
2873470e494bfa664423c256505962e1,ea2ffcd3dfb1bf456448d1d3ae20a0a9,delivered,2017-02-17 08:54:33,2017-02-17 09:05:18,2017-02-17 12:39:34,2017-02-22 14:18:40,2017-03-16 00:00:00
28763f36038db84d7ab6ff7b3ef9774d,01961d1b276640f460e6061e7f28873f,delivered,2017-02-04 15:05:16,2017-02-04 15:15:15,2017-02-06 09:51:28,2017-02-07 10:05:08,2017-03-01 00:00:00
2881b13af2b1dee73ff94bad8d235e16,4fa9e718f71d91588d41b11ffb09e8f8,delivered,2017-10-22 13:56:20,2017-10-22 14:14:17,2017-10-25 15:51:56,2017-10-26 22:34:47,2017-11-03 00:00:00
2882e815bbb59314e58194adf2fe61e3,1cc48f15ae29278a2ae5fd4ace4c97fd,delivered,2018-04-24 23:49:23,2018-04-25 00:11:09,2018-04-26 12:58:00,2018-04-30 22:59:28,2018-05-17 00:00:00
289a45b09606de7a3d7003baa2b650d0,e012356cb110daaecd8c1a2bb66d27f6,delivered,2017-10-10 20:54:55,2017-10-11 21:06:17,2017-10-13 20:38:04,2017-10-18 16:59:10,2017-10-31 00:00:00
289cbae847c6623b3a488df45f472c66,7ca8e352c87e204812761e7dc7f8fa54,delivered,2017-09-21 22:00:29,2017-09-21 22:48:18,2017-09-25 14:04:34,2017-10-10 18:28:03,2017-10-18 00:00:00
28b219f462742fe93f57a52d18b67612,7ea93403888146228962dbe5e238a903,shipped,2017-09-28 12:19:33,2017-09-30 02:28:31,2017-10-04 22:46:27,,2017-10-26 00:00:00
28bc8f33c194dd4f636717ef490d0921,64ebc89fe827e44bf4c57f7e22676e12,shipped,2018-02-26 12:08:26,2018-02-27 10:48:37,2018-03-17 00:11:31,,2018-03-12 00:00:00
28ccc6df03d720b1c01c91ce78025016,da47b8739cc4221880eda77a98215f84,delivered,2018-08-17 12:41:18,2018-08-17 12:50:14,2018-08-17 13:31:00,2018-08-28 16:24:58,2018-09-03 00:00:00
28ce9f21d700f4d00c2d53fe829911f3,334ebcfc6dd06afe410b13fef79a87c1,delivered,2017-08-30 18:00:36,2017-08-30 18:10:58,2017-09-01 17:33:04,2017-09-19 19:32:15,2017-10-05 00:00:00
28cf6655a339bec298464ed6ac5b4550,3ab22580c82d3db7531aba1fc5fe49c1,delivered,2018-02-25 14:38:34,2018-02-25 14:50:36,2018-02-27 21:37:56,2018-03-20 21:28:51,2018-04-02 00:00:00
28d0d98e542f0409627c3717348339c4,0a41d003cc1f61f988e15625679c1d67,delivered,2018-03-07 16:04:04,2018-03-07 16:49:49,2018-03-09 02:58:37,2018-03-13 16:33:24,2018-03-20 00:00:00
28deb75c8cd00d9b37fc3376aca1cc09,1e44f87bfae5a9d7d58881727051db1f,delivered,2018-02-03 14:07:55,2018-02-03 14:30:21,2018-02-08 22:23:56,2018-02-23 17:53:11,2018-03-14 00:00:00
28f4aecc81f76b7e6055d4c9e6b7e9e4,0a757255f246d2d0d2a59368280e27bf,delivered,2017-11-28 22:40:48,2017-12-01 10:31:02,2017-12-11 18:21:50,2017-12-19 21:37:01,2017-12-18 00:00:00
28fbe65f18578f91f026300af5e6bdbc,dc169cbfe622bb5514404bba1f6fa004,delivered,2017-08-27 18:28:26,2017-08-27 18:35:19,2017-08-29 20:27:37,2017-09-01 18:03:56,2017-09-18 00:00:00
29062384ce4975f78aeba6a496510386,6a12f6bdfda32e5f5b85abdda6536326,delivered,2018-02-16 17:59:43,2018-02-16 18:10:27,2018-02-19 23:29:24,2018-03-14 16:58:50,2018-03-27 00:00:00
29069b15adeec52fc98e512ac98acba2,ef064585c1de7fab6cae13fae7ec85b8,delivered,2017-12-13 10:02:08,2017-12-13 10:31:48,2017-12-14 19:15:00,2017-12-19 21:57:05,2018-01-08 00:00:00
29152a6bbb878d0f03d10e9ee8f59093,c878d9bde7511dfb209b9ba7b4136637,delivered,2018-05-19 10:55:03,2018-05-19 11:10:56,2018-05-22 06:18:00,2018-06-09 13:39:22,2018-06-13 00:00:00
2921ebd304831878ac888644314d424d,a9e25261c12f314cfec578dfe2e5407c,invoiced,2018-08-05 23:21:46,2018-08-07 04:55:24,,,2018-08-14 00:00:00
292d3c40e87d260ea28e83b76b5e352c,c8ace93dcc058d6488bc06dcc239421e,delivered,2018-05-17 10:06:16,2018-05-19 11:31:31,2018-05-17 13:47:00,2018-06-01 13:38:53,2018-06-04 00:00:00
292fa4655c8e30747b2b465a8f4d14f7,70a4565a0e2423f8bd3ba63125c901d1,delivered,2018-02-27 13:31:20,2018-02-27 13:48:42,2018-03-01 20:56:38,2018-03-02 21:24:42,2018-03-13 00:00:00
293195bcdbd978c21b548c48185374a7,0e376962430a991d42ab484e13be6e8a,delivered,2017-09-19 16:02:05,2017-09-19 16:10:18,2017-09-20 18:53:28,2017-09-22 14:04:42,2017-10-05 00:00:00
293f1f31a342e210ff008a393e2955bd,209beaa8ad584bf64b28ddc0d66fd7b0,delivered,2018-04-27 15:50:56,2018-04-27 16:11:01,2018-05-03 14:16:00,2018-05-07 19:19:11,2018-05-18 00:00:00
293f88e33dd760720e689b394b3fadcb,44d7732397bb805d006dadf160428c85,delivered,2017-11-21 12:47:32,2017-11-22 16:06:46,2017-11-23 20:44:49,2017-11-27 17:12:20,2017-12-07 00:00:00
294d70a37f9e32ceb08958fd03ee49fc,6543393dbd7da4c36d67ab82914d750c,delivered,2017-07-17 21:58:56,2017-07-17 22:10:18,2017-07-18 12:28:39,2017-07-19 16:57:37,2017-07-28 00:00:00
294f94df7d2ec239123fdca1a458e0ff,5a968869bd6a16f0a56d22cdd8b40435,delivered,2018-05-23 13:31:25,2018-05-23 14:14:22,2018-05-25 08:52:00,2018-06-08 09:34:41,2018-06-27 00:00:00
296354937d156bb322d68e56f8e2729d,74bd86ec34be047727c52fdc45c9447b,shipped,2018-06-18 15:55:12,2018-06-18 16:41:21,2018-06-19 09:24:00,,2018-07-24 00:00:00
2964eb001b521cc23017f1c007a6712b,29ff70b758921d4180c24dd3d9c068e2,delivered,2018-03-22 17:46:09,2018-03-22 18:05:23,2018-03-26 23:24:29,2018-04-05 14:54:53,2018-04-25 00:00:00
2982a4a9b9ff0bf9a4f5b88a45a6fa67,e64d794f227cf73be5dc344cd062a168,unavailable,2017-03-06 13:52:04,2017-03-06 14:03:09,,,2017-04-13 00:00:00
298ee6136c29ce0b78bb3cc68591404a,99907fb65062e52496e146648f921649,delivered,2017-04-27 10:29:07,2017-04-28 11:45:43,2017-05-02 10:52:14,2017-05-06 06:42:13,2017-05-30 00:00:00
29921b6b001ba493f381f3f1d396af16,c945b259f3fbb068c27c9646a2f9a532,delivered,2018-05-07 22:53:53,2018-05-07 23:12:26,2018-05-09 16:22:00,2018-05-14 17:40:32,2018-05-24 00:00:00
299c93716e44a3cc7521ffd9b2db1fc3,7b473d4b33fa91ab7671f794ce54194b,delivered,2018-05-07 19:26:53,2018-05-09 03:11:46,2018-05-11 14:23:00,2018-05-16 14:13:01,2018-05-24 00:00:00
29a2291d6d805fb5ed5585585715b98f,45a35262f49c7b1c8e9adc44537713a0,delivered,2017-03-31 10:55:07,2017-03-31 11:05:18,2017-03-31 13:18:40,2017-04-04 22:54:39,2017-04-25 00:00:00
29aefbcf33949b65e5303167977e0362,158de880d7c84180a3422c406a1acb9b,delivered,2017-12-11 14:11:05,2017-12-11 14:18:25,2018-01-10 14:42:49,2018-01-13 11:59:54,2018-02-02 00:00:00
29c20a338ac69db0ccfe9702b4f94a54,f3d2136779b53dee8984591b042e6995,delivered,2017-08-07 21:09:46,2017-08-09 02:50:27,2017-08-11 19:45:54,2017-08-23 10:42:44,2017-08-30 00:00:00
29e88d870b2322863f45602dc1a8bd89,b1577fe16fe26aa3e120b750bae28cdc,delivered,2018-05-02 10:23:08,2018-05-03 10:56:50,2018-05-03 16:28:00,2018-05-07 17:19:01,2018-05-22 00:00:00
2a08278777d9f1a73321180ce445b630,175ddd0ce13ed60d0220017aecf71f88,delivered,2017-08-06 12:19:50,2017-08-06 12:30:13,2017-08-07 16:50:33,2017-08-22 15:30:15,2017-08-29 00:00:00
2a152286cc2026c2332455f5b2ba2980,221d79027182ae510f551736a38695af,delivered,2018-06-23 19:44:37,2018-06-23 20:18:02,2018-06-25 15:44:00,2018-06-27 16:24:31,2018-07-05 00:00:00
2a1ca5e0a47b3b8fdbb8da5b34ed45e8,5c4c2390111b27f6f0289038407b381b,delivered,2018-04-10 16:25:39,2018-04-10 16:35:19,2018-04-11 19:06:28,2018-04-18 00:51:19,2018-05-02 00:00:00
2a4408332d5a4d37e075056a8b46d59e,3cd23ea21a79ae52cce514785f7752eb,delivered,2017-10-18 08:12:45,2017-10-18 08:28:11,2017-10-18 19:48:00,2017-10-24 19:18:52,2017-11-09 00:00:00
2a5c7850b48cf4e26405577d4d2e78e6,b68ab347fd38b6934f64787c17ac04cd,delivered,2018-08-10 22:58:38,2018-08-10 23:10:10,2018-08-13 14:50:00,2018-08-16 21:28:25,2018-08-28 00:00:00
2a5fd2bee90721df67729d2e85221278,aca1c958b4ce2b798919091d10296965,delivered,2018-05-22 21:38:57,2018-05-22 21:58:28,2018-05-23 10:55:00,2018-05-24 15:10:55,2018-06-11 00:00:00
2a65dd524a3b3160b9f67476c8ec40c3,75e3cf403d99b8a2b69d4ab37967d508,delivered,2017-05-05 14:41:47,2017-05-05 14:55:11,2017-05-09 07:25:56,2017-05-12 11:51:45,2017-05-30 00:00:00
2a70ce8b5ade3f0195fee5b3afc3bf71,94c054d064ed412629f6981823258717,delivered,2017-11-11 10:45:54,2017-11-11 10:55:28,2017-11-13 21:49:54,2017-11-23 17:26:55,2017-12-06 00:00:00
2a77610e00a6f4db47364ddb4871de68,b8a0349921c6b15a956ad9d7a9905cf5,delivered,2018-01-09 20:59:52,2018-01-10 10:31:59,2018-01-11 23:22:19,2018-01-18 23:33:50,2018-02-02 00:00:00
2a7c1794496ea317e6f88363616ad9e2,216564348ba1ceaffb29b28e9a105ebd,delivered,2018-01-02 17:41:39,2018-01-02 17:50:29,2018-01-05 18:47:38,2018-02-06 16:35:08,2018-02-01 00:00:00
2a8c23fee101d4d5662fa670396eb8da,d8c466a3e7c4cda36cd4ae7d577f44f4,delivered,2018-06-27 17:31:29,2018-06-28 17:30:45,2018-06-29 14:25:00,2018-07-06 13:22:37,2018-07-20 00:00:00
2a93ea3d6dc877b7e20d51aa102aae6a,4c976ada6cc4aea853a93f97d0120e31,delivered,2017-05-02 16:27:09,2017-05-03 16:35:18,2017-05-05 15:19:04,2017-05-22 15:56:14,2017-05-25 00:00:00
2a9cb99ef87c3d128dc9ad43a7369854,2764cbd0d0c961d12ec1a2a3bfbfcd6d,delivered,2017-06-12 16:10:33,2017-06-12 16:25:19,2017-06-19 16:44:36,2017-06-30 14:39:46,2017-07-14 00:00:00
2aa83d9dae401c1373417afddd15fc5c,5587073a673239e340006c2ee9e215d2,delivered,2017-06-20 09:55:57,2017-06-23 09:50:13,2017-06-26 18:47:57,2017-07-05 14:43:53,2017-07-12 00:00:00
2aa91108853cecb43c84a5dc5b277475,afeb16c7f46396c0ed54acb45ccaaa40,delivered,2017-09-29 08:52:58,2017-09-29 09:07:16,,2017-11-20 19:44:47,2017-11-14 00:00:00
2ab10ab526351fd3b05219e9eb4f7d9f,5038412e993abfa85f57ec66af30e303,delivered,2018-06-13 22:17:25,2018-06-13 22:40:16,2018-06-14 14:47:00,2018-06-20 17:58:42,2018-07-03 00:00:00
2abe97fe40841c06d48dbde9d9df1279,59441e21de26688f409e5f0bc9aac3b5,delivered,2018-04-12 16:00:19,2018-04-12 16:10:20,2018-04-13 17:15:34,2018-04-16 23:46:34,2018-04-26 00:00:00
2ac520de90670f0cb695af6630a00c4a,66bd9b38f2219cd1108930c3cc1df43b,delivered,2018-05-30 15:41:11,2018-05-30 15:55:22,2018-05-30 14:55:00,2018-06-14 17:28:41,2018-07-03 00:00:00
2aca6ae53d657c0a06f585816ca6781d,db11097c553077145c655a714f2ee1a8,delivered,2018-05-05 09:18:52,2018-05-05 09:39:02,2018-05-10 14:15:00,2018-05-15 21:08:50,2018-05-25 00:00:00
2ace7e1ba19304db3cc21291effaa7fc,c248cb866a60116f04bde9a86344de65,delivered,2017-11-29 11:57:21,2017-11-29 12:18:36,2017-12-01 13:42:23,2017-12-22 23:33:52,2017-12-19 00:00:00
2ade26ce6c23d8df75d4e7444128fc84,411bbd7a65438216e74fca57fc455e63,delivered,2017-10-03 14:22:58,2017-10-04 02:56:27,2017-10-05 18:54:58,2017-10-09 19:53:42,2017-10-25 00:00:00
2ae00ff32b724a74e37b8264ac4fb85e,c2b75d1fd53bb83675bfdc21b3f6d1dd,delivered,2018-07-24 10:13:55,2018-07-24 11:41:04,2018-07-25 11:00:00,2018-08-03 17:53:09,2018-08-16 00:00:00
2aea39f518e5af3c58b9047d5f0e5e0e,0e5406f881c6967e0fa8d49d2a5ad553,delivered,2018-01-31 14:00:05,2018-01-31 14:13:36,2018-02-02 01:33:51,2018-02-09 17:07:14,2018-03-05 00:00:00
2aed991f5c4a0db2a7aa9bbaf9f4044f,129ccde4bb98af5b8f8b0b7e15972852,delivered,2018-05-03 11:38:16,2018-05-04 11:51:33,2018-05-07 16:16:00,2018-05-15 18:53:01,2018-06-12 00:00:00
2af07ef80eaeea49803f4f6a3dd99280,8e0d5257ac46d3f8ef385707ee27fd0e,delivered,2018-01-30 19:01:59,2018-01-30 19:14:47,2018-01-31 21:28:38,2018-02-14 21:33:22,2018-03-01 00:00:00
2affd5996127141118380e30fdd8964a,5baeeac9513c0478f71f435889656e69,delivered,2017-12-12 12:00:29,2017-12-14 02:10:56,2017-12-15 17:48:53,2017-12-27 19:17:48,2018-01-16 00:00:00
2b091bda8d69a64119fa4ec34147f946,9097e442e65d053fa4a3540c362a8cc9,delivered,2018-03-13 13:06:22,2018-03-13 14:09:14,2018-03-15 23:04:52,2018-03-23 02:08:36,2018-04-13 00:00:00
2b0d020da35221c291bb03a55f70794a,08a01db5764bdab850af621dc71a35bf,shipped,2018-04-02 20:27:07,2018-04-02 20:49:57,2018-04-06 01:02:27,,2018-04-12 00:00:00
2b15043612beef9240f3a17d949c09c9,5ded08ec5fb59608fef0cf41593f6f36,delivered,2017-11-29 18:15:50,2017-12-01 11:31:52,2017-12-01 22:22:23,2017-12-20 01:51:33,2017-12-28 00:00:00
2b1d482e9b00a6f20d0e5688065cbf2b,ce40c9a92219c8eb3e2e44465e233a7a,delivered,2017-11-18 00:46:16,2017-11-18 01:10:35,2017-11-23 12:59:19,2017-12-10 13:29:13,2017-12-13 00:00:00
2b2354a7ca69d0b7f006aeab04524c12,ae9126e7f4fd1d156c489b3ee26c3324,delivered,2018-07-08 09:51:11,2018-07-08 10:05:26,2018-07-10 15:10:00,2018-07-23 19:48:00,2018-08-13 00:00:00
2b36fe8c73edb9af80b2d3e73b46122a,c0a679f086bb9101ede30b00f5a5ad64,delivered,2018-02-25 15:51:18,2018-02-25 16:08:13,2018-02-27 19:47:08,2018-03-21 20:29:51,2018-03-16 00:00:00
2b629b6b09597b429808b20156ec6998,4eb36ac5c2c84dffaf7bc5bc7d5dbc25,delivered,2018-03-13 17:50:34,2018-03-15 03:31:34,2018-03-16 01:51:37,2018-04-11 18:43:24,2018-04-09 00:00:00
2b72e9015af390303d5d89ae0fd64673,adad7c2f00e8d79a37b5e7b7fc17da0c,delivered,2017-11-23 19:28:37,2017-11-23 19:36:23,2017-11-24 23:41:37,2017-11-30 23:59:03,2017-12-13 00:00:00
2b7a74de7a07d7c71956b675cd98116b,c6905d999d1f43ece368224f28ffed47,delivered,2017-09-18 22:10:29,2017-09-18 22:25:37,2017-09-19 21:22:20,2017-09-22 21:37:53,2017-10-09 00:00:00
2b9aa198d33cfb44834120efe900c103,e92f36cc104bc4ede1abfb94804ed3e7,delivered,2017-06-19 20:27:15,2017-06-21 14:45:13,2017-06-22 13:10:33,2017-06-28 18:27:50,2017-07-13 00:00:00
2b9fcc0b86e42aaa05818596c7d9299a,95ac0014a9d1cd441615173651fa0a1d,delivered,2017-11-16 17:00:37,2017-11-18 02:49:04,2017-11-21 22:35:43,2017-12-01 21:29:33,2017-12-18 00:00:00
2ba6f4043547bc847cc055c975cb57cf,af204ae44962575977140c5d3a95b680,delivered,2017-06-25 10:33:52,2017-06-25 10:45:10,2017-06-27 13:36:19,2017-07-04 18:47:40,2017-07-18 00:00:00
2bc2d6094a9d3a086277687c589123af,1300309886aad22fdd4ed0f2d088cb3e,delivered,2018-03-31 15:54:55,2018-03-31 16:10:18,2018-04-03 19:38:37,2018-04-13 21:12:03,2018-04-25 00:00:00
2be34c2ba4b5bbab97cc1ab70c699168,7b07399a09c03f0e2f898eddc04cefb1,delivered,2018-08-20 16:43:55,2018-08-20 17:10:55,2018-08-22 13:35:00,2018-08-27 22:12:58,2018-09-03 00:00:00
2bfb7f8b84037952c9081f80964396b5,d553acbd75a8ad3bb2e66d8b8fab221e,delivered,2017-11-24 17:04:02,2017-11-24 20:52:22,2017-11-30 16:50:02,2018-01-04 13:27:33,2017-12-22 00:00:00
2c0032906c603dcc21cd954828fa77d0,4afea82f984caa99c5946b758f101abd,canceled,2018-02-06 13:44:50,2018-02-06 15:55:40,2018-02-16 20:35:24,,2018-03-12 00:00:00
2c0b15f658bd85594b7943de2c9719fa,31ce4afefe39aa36a75051e21e8ca600,delivered,2017-09-12 14:23:59,2017-09-12 14:35:38,2017-09-13 17:12:06,2017-10-11 14:02:55,2017-10-19 00:00:00
2c293bd3c9f41735731112a36cbcaf81,b42845800e932aa00790fd8ef2bcfa57,delivered,2017-10-14 13:22:39,2017-10-14 13:49:26,2017-10-17 17:19:48,2017-10-23 20:27:44,2017-11-08 00:00:00
2c32c97550e1aef2feba6d0bfa3e2c37,e4d05d77e9e6f1f1a807193af43e22d8,delivered,2018-02-19 15:19:22,2018-02-19 16:46:53,2018-03-14 11:54:21,2018-03-14 20:59:55,2018-03-09 00:00:00
2c4194cb7130f5749ed2f4e8d7328b0d,8df5730b67f4eadd0000f71bbee6dba6,delivered,2018-04-26 13:32:47,2018-04-26 13:51:08,2018-04-27 14:15:00,2018-05-04 11:03:13,2018-06-04 00:00:00
2c5948305d5a014ba38e3bae99c2fa36,3f7a51e1e98b8842843f9e9c49d0721f,delivered,2018-01-17 15:08:03,2018-01-18 02:11:47,2018-01-18 17:03:08,2018-02-02 17:13:32,2018-02-09 00:00:00
2c7b41b2acb40e97acfe3dc543de718e,727a44c126da6596f5e19157fbe74652,delivered,2018-03-08 23:12:12,2018-03-09 00:32:05,2018-03-09 18:08:21,2018-03-21 18:52:50,2018-04-02 00:00:00
2c7e5cbdab3bc1cc70b61425a7648ff1,0c97e8cae92b456d9477d51b046cb813,delivered,2017-12-15 14:53:00,2017-12-15 15:12:43,2017-12-19 16:48:33,2018-01-03 16:32:18,2018-01-12 00:00:00
2c8ade83a1d38262000ff586fe9b0f8e,78b2079d05ef3c868c4737043f33e6bf,delivered,2018-05-21 13:45:21,2018-05-22 07:54:14,2018-05-23 15:06:00,2018-05-28 10:55:26,2018-06-06 00:00:00
2caa92df77593ebdf24a65d26e9001e2,f2824bf9bc3ff1facfe05820f06fa436,delivered,2018-02-14 09:43:06,2018-02-15 04:11:16,2018-02-21 20:54:36,2018-03-05 15:08:44,2018-03-12 00:00:00
2cb14cadfd564d88f59990e80cd4e81b,8da4bc4c88bd4d9eb151bd086048f7e7,delivered,2018-03-12 09:44:23,2018-03-12 10:20:31,2018-03-14 01:08:25,2018-04-02 21:51:15,2018-03-28 00:00:00
2cc24fbadbb75e8e8922ca2671262b0a,93a31628afb977c8a4ac3bddb9068054,delivered,2018-06-09 20:12:40,2018-06-09 20:31:37,2018-06-12 16:25:00,2018-06-18 21:07:16,2018-07-11 00:00:00
2cc93fd6f68e6cfcb968814de8a14296,a983c02db2326fbb498f173d0d9fe068,shipped,2017-10-11 18:25:49,2017-10-12 19:00:08,2017-10-18 21:12:41,,2017-10-26 00:00:00
2ccb6bec4f3730c45dafaa8beb92f482,4f363a4496ccc9d1ded1452aa038b00b,delivered,2018-02-26 13:45:32,2018-02-26 13:55:26,2018-02-27 20:34:13,2018-03-07 18:50:04,2018-03-23 00:00:00
2cdcc5a4a3365e4e73abd4d0774f8636,457aa2d8f32998f155e8d037e5833c89,delivered,2018-06-15 14:48:35,2018-06-15 15:03:59,2018-06-18 06:48:00,2018-06-22 17:58:35,2018-07-05 00:00:00
2d021148258852ee21ec94ddeb0dbe3a,8ee87572536d519bc74c166ace05e501,delivered,2017-04-11 13:00:31,2017-04-11 13:10:16,2017-04-12 11:55:53,2017-04-22 09:04:00,2017-05-03 00:00:00
2d14badae001e6b55cd0c31238e284d9,f09e9e19fc45ed2130b6230a186ca831,delivered,2017-06-20 14:28:11,2017-06-20 14:43:10,2017-06-22 14:07:52,2017-06-30 14:22:51,2017-07-12 00:00:00
2d17c499d9ed8dbdfb97368c0f322dc0,075e31dfbe61654855be4e32392358e5,delivered,2018-02-17 12:06:46,2018-02-17 12:15:25,2018-02-20 10:22:32,2018-02-27 21:24:52,2018-03-16 00:00:00
2d26f440845a3b31ac584864e2d1a82e,9e67b6474f7e8370b6340375aefe9692,delivered,2017-07-03 09:28:22,2017-07-05 02:55:20,2017-07-05 16:19:39,2017-07-10 18:43:43,2017-07-25 00:00:00
2d2af0a625555b1d0ca95f6feed922a9,9c52e1effa73f4d4b2b3c73bf599972e,delivered,2017-08-31 11:09:42,2017-08-31 11:25:12,2017-08-31 19:52:28,2017-09-01 16:18:07,2017-09-14 00:00:00
2d33f101d4220c7eff9e64679870dd44,912f4069d1a78ba3c01206de552e51af,delivered,2018-03-21 12:31:02,2018-03-21 12:47:38,2018-03-22 20:49:40,2018-03-29 21:18:28,2018-04-09 00:00:00
2d3518f1b535de87ccf593d3892022af,60be07ae31950ebb5bb4c2202837abc9,delivered,2018-03-01 10:21:56,2018-03-01 10:35:34,2018-03-02 01:24:53,2018-03-07 20:38:40,2018-03-26 00:00:00
2d3b53a594f674cb7c476510f364c430,44df8804e697ce5459df82c94d15b301,delivered,2018-07-26 08:51:12,2018-07-27 02:11:03,2018-07-27 14:50:00,2018-08-13 19:02:36,2018-08-16 00:00:00
2d3bc1f6ed458a137c51adc3cab7a488,e620a9a4cdf12ab1e817c17496e9c5d7,delivered,2018-08-06 09:21:25,2018-08-06 09:35:13,2018-08-06 12:32:00,2018-08-10 17:18:42,2018-08-20 00:00:00
2d5ace7adfe7a22628453f05952b4ebd,4daa0d0981e9d618145125161e32e609,delivered,2017-10-15 15:02:11,2017-10-15 15:14:09,2017-10-17 12:05:06,2017-10-26 18:43:00,2017-11-07 00:00:00
2d6e7665b6e34b4c1531c9e06517b1f9,8133147c1bfe4c00340064eaa286d0b7,delivered,2017-12-04 16:28:25,2017-12-04 17:32:13,2017-12-07 22:37:07,2017-12-20 00:35:31,2017-12-27 00:00:00
2d825a962a725110b2647050cc636b3f,6b1901291ad821308850dfe8b4385afe,delivered,2017-11-24 10:21:50,2017-11-24 12:31:38,2017-11-27 20:36:52,2017-12-04 22:45:03,2017-12-22 00:00:00
2d8589819360cb6c6603825b50230ba4,4213680dae0d52274e4bdaeaa7f048c0,delivered,2017-10-03 17:41:15,2017-10-04 03:07:22,2017-10-10 18:18:07,2017-10-19 20:23:48,2017-10-31 00:00:00
2d88faf08d61205e21df03548b98d88b,7afbe2a19af0e783ebc30e16983924ed,delivered,2018-01-31 23:12:26,2018-02-01 02:55:54,2018-02-06 22:42:50,2018-02-23 13:00:14,2018-03-05 00:00:00
2da3f67af1db377e56dc9a07b969c9aa,7dcde5c8da2d7cd96e956c560e76a013,delivered,2017-09-13 21:52:09,2017-09-14 02:55:30,2017-09-15 18:13:09,2017-09-18 18:59:36,2017-09-25 00:00:00
2da6ebf3d4e564ca7ed21893aa78d820,d4e7cb01d336245a67f8d43b21c82269,delivered,2017-09-29 09:18:47,2017-09-29 09:28:16,2017-09-29 14:36:01,2017-10-10 21:13:39,2017-10-26 00:00:00
2db55bc45408ca33aa8ff88bbe7fc720,9a91fdf882a557e2fcbf6d64ad100d94,delivered,2017-07-13 16:05:56,2017-07-14 02:15:48,2017-07-18 17:56:00,2017-07-25 18:49:24,2017-08-08 00:00:00
2dc3a1303e348a49718ef4a190d14eb8,11a4c8abedc298e5fd500b5b2cd55d70,delivered,2017-09-13 18:48:47,2017-09-14 08:15:20,2017-09-20 18:14:07,2017-10-31 12:04:03,2017-10-11 00:00:00
2dc8ae13ff86f4dcefb60ddfbaf43df8,20e9296ee6e31e906dd832d82eed92ba,delivered,2017-04-24 22:09:33,2017-04-24 22:22:20,2017-04-27 11:09:21,2017-05-04 13:34:53,2017-05-19 00:00:00
2dd08b72f1dfc49c74883302437e6f6d,94d64c9b674e29504cf012056f182c9f,delivered,2017-09-27 20:04:09,2017-09-27 20:14:18,2017-09-29 19:39:58,2017-10-05 14:45:08,2017-10-19 00:00:00
2dd6d2ec74e7e4413fd8a04bf7ac124f,ef672916931b8917dc5ab61c15a6768a,delivered,2018-03-08 03:55:42,2018-03-09 02:15:45,2018-03-12 23:41:32,2018-03-17 17:12:26,2018-03-20 00:00:00
2de931311a1cb3001070a6c567124301,57de838eef2ecc95a8b6040a6a5157df,delivered,2017-09-16 13:21:47,2017-09-16 13:35:09,2017-09-19 19:07:15,2017-10-04 17:47:32,2017-10-10 00:00:00
2df5aaf1eb7caf39dad85e2ce5de84c5,b7f0f8cd3edee9be516b3045dd0bab2e,delivered,2018-05-12 11:20:55,2018-05-12 11:35:14,2018-05-15 09:41:00,2018-06-08 16:29:07,2018-06-05 00:00:00
2e241dd7ebbf1f048d5e0783826066c0,2ee50c8acce81885e23eb2b2f8e09f0c,delivered,2018-03-18 21:50:07,2018-03-18 22:07:44,2018-03-19 21:42:40,2018-03-27 23:11:26,2018-03-29 00:00:00
2e2cbb3249517eed43f1192508daa71a,f2a1d75b74d9ec748af88e894cd87597,delivered,2017-08-28 23:13:30,2017-08-28 23:25:42,2017-08-29 19:57:29,2017-09-08 20:41:48,2017-10-17 00:00:00
2e3889d3a9c61df9a9e1c64f566c6aea,531d4165aa0c1d4fca04d116190313ce,delivered,2017-02-28 15:22:46,2017-02-28 19:17:59,2017-03-03 14:21:21,2017-03-18 13:07:51,2017-03-20 00:00:00
2e39e94b6b5f7944f872ba6bf39b758b,ecb17e6e5633358935ce41e8d84cf3d4,delivered,2017-11-16 17:03:09,2017-11-16 17:15:55,2017-11-17 17:09:23,2017-11-22 00:51:22,2017-11-29 00:00:00
2e40f4ca6760b2209d72989c1533fe0c,01e92a3b160b9a3751ffc7cf52dbed77,delivered,2018-03-07 22:44:08,2018-03-07 22:55:31,2018-03-09 05:32:23,2018-03-19 20:09:48,2018-05-08 00:00:00
2e4e2813ad5d8dd8582c22307207f800,dde7d3a4aecd8c2db8bc1693d93d5575,delivered,2018-01-20 10:19:01,2018-01-20 10:34:04,2018-01-22 17:38:27,2018-02-01 14:36:44,2018-02-16 00:00:00
2e5dc86c8c4aa663549caf5e31de840d,6225eed02b7d1a110b6e5b5dd4c8bd31,processing,2017-02-03 00:04:49,2017-04-04 10:56:48,,,2017-03-31 00:00:00
2e76a5ef63f6a5a14ad1de12b201dbd2,908dfa9a7f826cac4f898a765ccbcb78,delivered,2018-06-20 15:12:58,2018-06-20 15:40:24,2018-06-21 13:47:00,2018-07-02 20:26:36,2018-07-18 00:00:00
2e7e996efcdd5363fe2dc812bf804e58,1c2e9eed38f46d24ee6afa2edd983dd2,delivered,2018-06-15 15:58:19,2018-06-15 16:19:28,2018-06-18 18:57:00,2018-06-21 16:52:27,2018-07-05 00:00:00
2e99a8c55fe4b528eb671351410cd81d,c4ac551ad523e6a4b6b0a5a6babd312c,delivered,2017-07-30 21:37:12,2017-07-30 21:50:10,2017-07-31 16:14:53,2017-08-10 17:48:59,2017-08-22 00:00:00
2e9d5ee7d598619b69bba815527c91ed,994f168b1d27da378b7171109ad4709e,delivered,2018-07-25 14:33:23,2018-07-25 14:45:26,2018-07-26 07:24:00,2018-07-30 17:22:10,2018-08-09 00:00:00
2eb25d32344f7fc22c7d52e33110bd51,72d6ea9753dc6ff3c78520f034de713f,delivered,2017-12-19 11:42:02,2017-12-19 11:54:51,2017-12-21 20:48:36,2017-12-26 20:35:40,2018-01-08 00:00:00
2eb6d51ef9ae3ae319b31ce4e4ec0097,723a9dbaa319e03aec1287b768125c53,delivered,2017-06-02 13:14:46,2017-06-02 13:30:19,2017-06-05 17:08:24,2017-06-12 08:27:54,2017-06-27 00:00:00
2ebb1fd53e7b4bd81b7b1e9242b91262,8d08191922d74867056720732d38fdf6,delivered,2018-05-06 19:19:24,2018-05-07 09:56:12,2018-05-07 13:50:00,2018-05-14 12:04:56,2018-05-28 00:00:00
2ec398158cb686267b1f4b102129098e,fced842c7dad61e8ce47b49229659718,delivered,2018-04-28 12:23:26,2018-04-29 12:15:17,2018-05-02 12:19:00,2018-05-08 21:52:09,2018-05-30 00:00:00
2ec795cf2d2eb7925def2e207f6f648c,ebbe0203a019049e4f025a9ae4c9bc5e,delivered,2018-02-04 18:28:57,2018-02-04 18:49:00,2018-02-06 14:58:51,2018-02-16 17:12:20,2018-03-01 00:00:00
2ed4a7943bbe7f0641a9b23dde2241ec,47698a61541861c531bdccec72785476,delivered,2017-08-22 17:49:09,2017-08-22 18:33:39,2017-08-23 13:45:19,2017-08-29 18:43:06,2017-09-18 00:00:00
2ee7854c6d1ee4b64e27764b46dc99ca,5d3c9530c128a383ad3335377d9654e1,delivered,2017-09-14 12:37:20,2017-09-14 12:50:15,2017-09-15 19:53:34,2017-09-19 13:38:40,2017-09-26 00:00:00
2f1a1f6835e7ea0d360901c632fc0cbf,12ffbbab2039d22b5c5bd4de2b0ffc78,delivered,2018-01-07 21:09:40,2018-01-09 07:20:00,2018-01-10 19:39:18,2018-01-16 22:06:04,2018-02-06 00:00:00
2f1a5157e323f52d58fca608db06ac82,0cba5ae69e1d511fdf214aa4ab92740b,delivered,2017-12-10 13:52:40,2017-12-10 14:10:30,2017-12-15 14:56:42,2017-12-27 22:42:44,2018-01-05 00:00:00
2f4011790ff902584d5b011f0e35ff1d,0feb4570bb79ad1d9418a224faa1d93f,delivered,2018-05-03 11:14:13,2018-05-04 11:32:44,2018-05-04 12:50:00,2018-05-09 19:52:10,2018-05-25 00:00:00
2f48ebdc1794aeb862ea825214ef13b4,ad434552da755c6bd7891853096bfb7b,delivered,2017-05-09 12:44:35,2017-05-09 13:10:28,2017-05-11 10:36:51,2017-06-06 17:00:38,2017-06-07 00:00:00
2f4b6bf22d858c8b142942bf133b5b05,3c33abcd1723c7767914efc6580bfb36,delivered,2017-11-24 18:08:36,2017-11-24 21:33:33,2017-11-25 11:26:58,2017-12-06 18:44:23,2017-12-26 00:00:00
2f5474b96da64f62dd8d495a3ab13861,ab3978c7aac1e20e122f821cabd0e157,delivered,2017-06-29 17:55:41,2017-06-29 18:05:18,2017-07-03 15:57:43,2017-07-10 18:28:00,2017-07-21 00:00:00
2f54db7250b3463f57049dc32ce4ff93,44d362ea0df5a265f0c1849be71794d5,delivered,2018-06-24 22:16:41,2018-06-24 22:38:23,2018-06-26 09:40:00,2018-07-03 16:14:45,2018-07-19 00:00:00
2f62dbff060e1fc79791d3f079b62769,aa9c4bc7cf8c8f30bb449b7511860ba8,delivered,2017-10-03 23:44:39,2017-10-04 00:04:10,2017-10-04 20:52:27,2017-10-10 21:47:46,2017-10-30 00:00:00
2f655d9169f2159a439e96af86d28c12,2054e51b51d3fb89f5a3cc798fa4b2d7,delivered,2017-07-10 18:52:21,2017-07-10 19:05:13,2017-07-11 13:39:42,2017-07-18 19:39:38,2017-08-08 00:00:00
2f6ce0fc6861201ce7e46d0b67ca0dc6,b741c151088f770a5189db10c519e937,delivered,2018-01-22 18:11:25,2018-01-24 20:55:20,2018-01-25 16:19:10,2018-02-14 21:56:55,2018-02-23 00:00:00
2f803c32f469729b9a81a120bcf74567,ecccf01a5732bcd6e1cbe1e0a7157366,delivered,2018-05-25 20:26:15,2018-05-25 20:35:20,2018-05-28 14:20:00,2018-06-20 16:08:51,2018-07-12 00:00:00
2f913d8514e1297d2b7543d5e7a6f90d,f1d4502d91bfed06dd2dc1354a0c5100,delivered,2018-01-18 22:50:40,2018-01-20 09:07:53,2018-01-25 19:42:09,2018-01-28 16:05:04,2018-02-02 00:00:00
2fb20060c4293790e86d35ac3943e141,3045bdcbe6cdbe95cb0a1094c494f2d7,delivered,2017-11-26 11:51:36,2017-11-26 11:58:34,2017-11-27 21:14:59,2017-12-10 19:04:08,2017-12-22 00:00:00
2fb37826cdb8f506242e4dabb544e516,0cbe168a97e6c609efc3b68817fcc92f,delivered,2018-05-23 20:01:45,2018-05-24 17:36:41,2018-05-29 10:32:00,2018-06-04 22:38:32,2018-06-29 00:00:00
2fd12ee976f68370d5397cffb377b4b5,e8f59674641779a204cefacfc83107c3,delivered,2018-04-10 18:41:37,2018-04-10 18:55:14,2018-04-11 20:34:27,2018-04-12 21:04:05,2018-04-26 00:00:00
2ff0dab60f75a10e4f296641d88b5fb0,f60ef9aa98fcf78765a4ec910a555977,delivered,2018-02-28 16:40:24,2018-03-01 02:48:23,2018-03-01 23:53:06,2018-03-07 18:36:52,2018-03-20 00:00:00
300e2dfe7d37393693973f78426a0807,9890637cbb5c311fb67564a3f6b09ed4,delivered,2017-08-11 13:05:16,2017-08-11 13:23:43,2017-08-14 19:12:35,2017-08-15 17:25:02,2017-08-24 00:00:00
300f22cf9178ce8ef0db12b477f29e8f,75a392a3473036889864df63812e830f,delivered,2017-04-24 01:53:11,2017-04-26 09:33:34,2017-04-26 12:14:04,2017-05-05 12:26:41,2017-05-11 00:00:00
30192988070ccc8d5f5d40aad62b8ed4,c1bc1aaa41d83c84f70faad9a89729b2,delivered,2018-06-22 18:22:44,2018-06-22 18:39:26,2018-06-25 12:21:00,2018-06-28 12:41:31,2018-07-18 00:00:00
3025217f257165e00d2312dfe35a9b60,6baa5d0b60503b34549d866964173e16,delivered,2018-04-20 12:55:23,2018-04-25 04:11:11,2018-04-25 15:03:00,2018-05-02 13:48:50,2018-05-30 00:00:00
302e35ab075da160f3f02ba14e56d918,79cfdb8249a19f4294a99bce2fc9b2a8,delivered,2018-02-27 09:23:07,2018-02-28 09:50:58,2018-03-05 16:17:31,2018-04-02 23:46:37,2018-03-22 00:00:00
30302e4257bbc6a219101fa79c37c1f1,7ae53acddb48d2370fb26d3a244a0d6a,delivered,2018-04-11 16:50:30,2018-04-12 22:10:58,2018-04-16 16:48:43,2018-04-21 17:08:48,2018-04-30 00:00:00
303537b4b88abe56ea3a5c0801709c36,bcf0d8a7c55499150e65cba4a3f97a1b,delivered,2018-06-04 21:34:12,2018-06-06 03:11:10,2018-06-06 11:21:00,2018-06-21 19:42:38,2018-07-18 00:00:00
303cefa0f5b9ed6af793756df252eff5,cf4dbbb52c23ef9d9fbf701b2919afee,delivered,2018-04-11 10:48:18,2018-04-11 11:10:53,2018-04-11 23:03:34,2018-04-17 20:20:44,2018-05-07 00:00:00
303ee5296914e7240620a31df874be35,c9118083d11b71877d8d42aa421ab73e,delivered,2018-05-25 22:04:28,2018-05-25 22:17:36,2018-05-28 12:27:00,2018-06-08 15:42:03,2018-07-04 00:00:00
304bf410920449182fb3294bc7405597,19aa722bdebc8edaf921d50fd35916d1,delivered,2017-12-11 11:00:57,2017-12-13 10:52:07,2017-12-14 11:38:49,2017-12-17 17:22:13,2017-12-28 00:00:00
305c60efcc38cee62ca817de65418a13,61d3ef4b7ba001ec1b14d21c3699bba2,delivered,2018-04-27 22:33:40,2018-05-01 06:12:48,2018-05-02 10:19:00,2018-05-04 17:56:51,2018-05-11 00:00:00
305daa1af560f81a4225d0d70f636a51,43568d7a2f91f95ef838f00b48f678d5,delivered,2018-08-13 09:24:25,2018-08-13 09:35:19,2018-08-13 13:01:00,2018-08-17 23:32:51,2018-08-17 00:00:00
3061eeeda2ce6bbe56d21c705f5d083c,4eb910ad4478ad5e5c6da32ef841b138,delivered,2017-07-13 17:58:46,2017-07-14 02:24:25,2017-07-17 15:16:55,2017-07-18 16:16:02,2017-07-26 00:00:00
3087dfec43100fd80fab47b128aeaea9,f5e44f62177b59d9938207502e8a44f3,delivered,2018-03-06 13:08:03,2018-03-06 13:29:58,2018-03-08 00:52:20,2018-03-15 18:03:10,2018-03-22 00:00:00
30945faa37e8264ea2815f7bf799adf0,8e088f86db422c6032a26ee8ba1ef0e3,unavailable,2017-01-31 11:40:55,2017-01-31 11:55:20,,,2017-03-02 00:00:00
309a6726656b1ace9925bb760fc46b81,7d2ce17487f8378b620234f629e9f5d5,delivered,2017-09-03 22:14:32,2017-09-03 22:25:09,2017-09-04 16:57:13,2017-09-13 19:46:18,2017-09-26 00:00:00
309c3acdc3ee0846604b0db436a91e94,75f9eea27d95bc07faedf009cd8cd7b6,delivered,2017-07-20 19:59:27,2017-07-20 20:10:12,2017-07-21 14:27:45,2017-08-15 21:14:40,2017-08-17 00:00:00
309de5faf9baa8961fd068f3f4e44dcd,212faae3e5c3646879daad76a9f106b3,delivered,2018-01-31 00:05:22,2018-01-31 12:31:08,2018-01-31 20:46:45,2018-03-11 19:46:30,2018-03-07 00:00:00
30a1f7a69f9dc03ac7bfd48df243ccef,ef3ad6cd82126989fb3e389f6b9c54ef,delivered,2018-01-30 21:28:31,2018-02-01 02:52:56,2018-02-01 20:29:34,2018-02-20 15:13:19,2018-03-09 00:00:00
30e5f6d1724b24b1d19d90ec48d9c7d6,4c894f6e216155223b9b26bce619e96d,delivered,2018-07-08 11:34:42,2018-07-08 11:45:39,2018-07-10 13:58:00,2018-07-13 18:42:51,2018-07-27 00:00:00
310665e6326967af1b7df9e9ce885ff6,76ae44a2f3c28dfc27053d42ca2ff80b,delivered,2017-10-31 10:19:44,2017-11-02 02:27:16,2017-11-07 19:07:32,2017-11-14 20:38:28,2017-12-05 00:00:00
310abfc7bfd9ed2e2a2ffd77256c284f,bfa622c5b6ee7f16225494a05952cb73,delivered,2017-11-23 21:29:03,2017-11-24 03:11:41,2017-11-24 20:24:48,2017-11-30 20:52:02,2017-12-18 00:00:00
310d1dbc8ae8050a39e80f2a8367047b,576f3b15da54ced001c74d89a328fdc2,delivered,2018-03-15 07:28:22,2018-03-16 04:15:11,2018-03-19 17:24:27,2018-03-26 15:31:19,2018-04-11 00:00:00
311155a0f4009bd8e4936e0ce45324ae,421d65b7d24e669c0d728b6ad9c0742c,delivered,2017-11-20 18:11:05,2017-11-21 03:46:21,2017-11-21 20:30:01,2017-11-29 15:19:07,2017-12-07 00:00:00
31157b4bc58dc4cb53fb5b390b4a0934,7f611fd3f7f0890f58f11d870355ef49,delivered,2017-06-20 14:18:31,2017-06-20 14:30:21,2017-06-21 10:07:13,2017-06-28 13:19:31,2017-07-12 00:00:00
31491a6bf618385b8b23b9924a119e4c,1da6a5d1152676b74966c511cb4b9c35,delivered,2017-10-05 23:05:06,2017-10-06 08:56:27,2017-10-06 18:03:33,2017-10-14 00:06:44,2017-10-23 00:00:00
315012d9bfdbacc2e9bf37cb91a6d338,5fb78b81a40494c48b3b18db5daa050b,delivered,2018-03-12 18:04:05,2018-03-12 18:15:34,2018-03-13 20:31:26,2018-03-19 20:58:36,2018-04-12 00:00:00
3158067c30c82428202611ba4ee5d977,d2690de6c17e258b5cd23a7e6d33beb4,delivered,2017-11-22 08:11:52,2017-11-22 08:28:30,2017-11-23 23:22:57,2017-11-26 18:04:02,2017-12-05 00:00:00
315ee1669de8cbcaca403bb9c0f2e228,6d84c78837539026e77a20b3105ec4d2,delivered,2018-06-08 20:20:36,2018-06-08 20:34:33,2018-06-11 14:16:00,2018-06-20 14:56:09,2018-07-11 00:00:00
316c859aa0c2b794a3db879c5eb09153,041cb229c816ff7ddc6e6bd21df556b7,delivered,2017-12-11 19:30:26,2017-12-12 03:39:28,2017-12-13 12:12:14,2017-12-27 18:44:56,2018-01-15 00:00:00
316de33d2305716d16f6fba75d609f9e,ed5b017546d07a40296b3def8fa27e0d,delivered,2018-03-07 10:30:58,2018-03-08 02:29:28,2018-03-20 00:28:40,2018-03-20 16:42:03,2018-04-04 00:00:00
316f3f2ab44e5ee70b0d45afcc087e81,9038ab949be47a087d3ff510a2a31b5f,delivered,2017-11-18 20:09:08,2017-11-21 06:39:23,2017-11-21 17:18:31,2017-12-04 22:04:19,2017-12-27 00:00:00
316f68b737bb9d1e24ca9a1d4de6f352,298aeb3893e2ab07eae2950da9635e0f,delivered,2017-07-18 16:33:59,2017-07-18 16:45:12,2017-07-19 22:57:21,2017-07-24 20:54:35,2017-08-09 00:00:00
317bfcd79627d89d54a917da6e066beb,124ea0ac4cadfffc49227a24235871fe,delivered,2018-03-12 09:48:20,2018-03-12 10:15:50,2018-03-13 23:35:42,2018-03-17 17:40:36,2018-04-10 00:00:00
317c1b8ef01e3a3f2cf00c255bf96d5a,5333af7c373a807c80c7c4b10add41b1,delivered,2018-06-10 10:38:57,2018-06-12 05:16:28,2018-06-12 08:16:00,2018-06-18 12:49:46,2018-07-04 00:00:00
317f677073cd35ced91d8e59ce483b0e,f89c1a6b9c966869e441e55bc14acddc,delivered,2018-04-30 01:37:30,2018-04-30 01:50:09,2018-04-30 14:12:00,2018-05-07 18:08:53,2018-05-22 00:00:00
3189959300e5acc4558e39ee4026e122,d5b4754054628d3de0a3349b093fde2e,delivered,2017-12-21 13:03:18,2017-12-22 02:50:44,2018-01-12 22:43:21,2018-01-13 05:13:40,2018-01-24 00:00:00
31944c223e12e51000bbca2b8705ebf7,71240d22dc6a214da602809d7040ae16,delivered,2017-07-18 11:51:40,2017-07-20 02:25:39,2017-07-21 14:39:57,2017-08-01 22:04:49,2017-08-09 00:00:00
3198a007090c3a630beb0fe82d14a0c6,134224848047da7d93f50ce13565f1d1,delivered,2017-05-24 20:02:36,2017-05-25 02:50:19,2017-05-25 09:27:11,2017-06-01 13:15:43,2017-06-27 00:00:00
319bc82f24defe9aea4274a6bded23ab,9e1540e5915a50dba7073759d4efd583,delivered,2017-11-18 16:27:57,2017-11-18 16:46:01,2017-11-21 13:46:55,2017-11-23 13:22:14,2017-12-01 00:00:00
31a8766241a787028fc15329259dd644,38feb76a2d5be48d28f3cb600f7ae220,delivered,2018-02-01 10:08:33,2018-02-01 10:15:32,2018-02-05 19:24:30,2018-02-14 18:29:04,2018-02-26 00:00:00
31bc09fdbd701a7a4f9b55b5955b8687,106a2d44b8756af49c5c3299fb8001f1,delivered,2017-10-14 00:19:16,2017-10-15 01:14:32,2017-10-17 13:08:09,2017-10-21 14:42:01,2017-11-06 00:00:00
31bfcb30bb17876d402e178810ac042f,754cdf5cddcedbe257b8fbea2cc1ae03,delivered,2017-03-06 14:52:58,2017-03-06 15:43:00,2017-03-07 10:41:44,2017-03-09 05:32:34,2017-03-23 00:00:00
31c5b1c46eed53925a1f2feb3493ba31,3a3a436acc53f2d7e4a55d1aa078926e,delivered,2017-09-18 17:03:31,2017-09-18 17:15:19,2017-09-19 21:23:20,2017-10-01 16:19:34,2017-10-06 00:00:00
31c728d11563b29a76dc77a51634588c,a5be4a065b34b1681afd223a29fd2bde,delivered,2017-09-24 21:13:13,2017-09-24 21:25:16,2017-09-28 21:46:03,2017-10-06 16:47:16,2017-10-20 00:00:00
31c8528678f80f4491b0e2634ae8940e,740fc4d00dc70b82415979d52f127b2a,delivered,2018-04-19 07:55:23,2018-04-19 08:30:07,2018-05-08 14:04:00,2018-05-18 18:54:50,2018-05-15 00:00:00
31ffe8189e41e4bbad1c872b804c6bfd,722014e4b4beb1e103b28f711a906d36,delivered,2017-04-14 19:52:22,2017-04-14 20:05:09,2017-04-17 08:38:59,2017-04-20 20:49:13,2017-05-08 00:00:00
3200257acc9dd36d1fa819e72fca7e59,c8a84c4b2aea91e2cfd48a87ae2a8947,delivered,2017-11-24 12:58:53,2017-11-24 15:13:44,2017-11-28 15:29:05,2017-12-04 20:33:01,2017-12-27 00:00:00
320647e42dac370c80184c0f74433cac,ed6f8d78ff7bebeca70e3cfecae8eb38,delivered,2017-09-12 22:33:12,2017-09-14 02:55:15,2017-09-15 19:13:40,2017-09-19 17:56:05,2017-10-03 00:00:00
320f8045f186a371da49b2360c152bff,4ff98e1450d990d4d45f572336d3004a,delivered,2017-11-12 16:36:51,2017-11-12 16:50:33,2017-11-14 19:02:25,2017-11-17 21:14:46,2017-11-27 00:00:00
321449a02a8bb4029e39f54fe306be0b,87c95d378327768be6c40fae1c060ddd,delivered,2018-07-07 23:35:57,2018-07-07 23:50:10,2018-07-10 14:30:00,2018-07-13 18:59:26,2018-08-01 00:00:00
321b1257cfaf6c0ca8a709d230158920,0f93ba90e798d14d87e136f1b9e56f9f,delivered,2017-07-25 13:34:33,2017-07-25 13:45:13,2017-07-28 17:17:53,2017-07-31 17:22:07,2017-08-09 00:00:00
321d9d09f4d1ffa67dd4ca76b9914da0,6d4b01823fdaba3e45b7d933041a8579,delivered,2017-11-04 20:27:39,2017-11-04 20:36:35,2017-11-07 18:47:34,2017-11-21 22:04:40,2017-12-05 00:00:00
322cf8d33165964665e1529f6cbf4f28,79b1044d5432d0a7bce1cc735c8b68a1,delivered,2018-05-08 17:13:13,2018-05-10 02:57:14,2018-05-14 15:08:00,2018-05-15 19:43:11,2018-05-18 00:00:00
323a708130dd958865650c8917116819,83ef98a5935852a0285d4a1672d81ee1,delivered,2018-03-15 19:41:27,2018-03-16 03:50:27,2018-03-16 18:52:49,2018-04-09 15:48:45,2018-04-06 00:00:00
323edcfa718f1be4d393578d24d3072a,5d790884ac4eda9070124e96aef4e530,delivered,2018-07-30 19:47:05,2018-07-30 20:30:57,2018-07-31 13:53:00,2018-08-06 16:47:30,2018-08-09 00:00:00
3249acacf413f55e488c452cf8b84651,6fffa27cfddc888045cce01bcc62e2dc,delivered,2018-05-07 17:08:23,2018-05-07 18:09:59,2018-05-08 14:06:00,2018-05-18 13:31:51,2018-06-06 00:00:00
326c29ec5b89834b17aea7d85302fd70,27b9b32173455ef32167540451749d0b,delivered,2017-05-24 11:54:31,2017-05-25 02:50:25,2017-05-26 16:12:26,2017-06-02 14:12:38,2017-06-14 00:00:00
329033bcfc8c56c7d06fb88f2e60f320,7da8f545ceabcd24a5237ab53f763657,delivered,2018-03-07 23:01:52,2018-03-07 23:10:34,2018-03-08 19:05:07,2018-03-15 21:22:26,2018-03-19 00:00:00
32934ee250c2eb4a72f61dd37e4f5a81,796790170a4dcafd7af4dc575f28aa73,delivered,2018-06-11 15:05:05,2018-06-11 15:20:35,2018-06-15 13:36:00,2018-06-16 18:08:29,2018-06-25 00:00:00
329818399e3d2636cd3618c0f52954eb,e74ab8c50389d5366290cf3f62109b11,delivered,2018-06-24 23:09:35,2018-06-24 23:34:08,2018-06-25 12:59:00,2018-06-26 16:08:51,2018-07-05 00:00:00
32a5dab70d12a1ed24b1f79bbf17bdc7,ef41ed8ea9fd020f56c050525138546a,delivered,2017-09-12 19:46:57,2017-09-13 19:55:12,2017-09-15 20:41:56,2017-09-21 14:25:03,2017-09-29 00:00:00
32a854aa037f2b66f8172754fccfddbc,f85e176b3821b59f163c55da8a16fcfb,delivered,2017-12-07 20:57:07,2017-12-07 21:10:43,2017-12-14 14:52:22,2018-01-04 21:47:46,2018-01-04 00:00:00
32a9c2b7a764ba82d9f45c94152f4679,62af26009dfc1fafdd4d241afc191164,delivered,2017-12-26 20:59:11,2017-12-26 21:09:26,2017-12-27 22:29:20,2018-01-08 22:55:07,2018-02-01 00:00:00
32c75dfb830b25a968cfd39e54d315a3,08c93b091ea536bc40e8e9436c24f7cd,unavailable,2017-11-07 15:40:54,2017-11-07 15:50:30,,,2017-12-07 00:00:00
32e4ab670ff4b606ef9ef7efdea0a284,972cd773a42450ed39ee9e1f290f3529,delivered,2018-04-05 09:48:17,2018-04-05 10:08:52,2018-04-07 01:22:37,2018-04-07 16:51:53,2018-04-23 00:00:00
32f0d08563a05bd541da24218934fdab,a4ed10c73967572c3dd19e759113a1aa,delivered,2018-05-09 11:29:02,2018-05-09 11:51:47,2018-05-11 14:51:00,2018-05-17 19:06:47,2018-05-30 00:00:00
32fb9842a1e575a59a048b0f5b471d94,5e4b766aea881827c2ae6ca9a7dfcb30,delivered,2017-06-09 08:56:24,2017-06-09 09:10:20,2017-06-13 09:09:02,2017-06-23 10:15:44,2017-07-06 00:00:00
33053ee45764f34778295ba8a0a4131d,bb897f462207bcc6d9517184aa0c43c8,delivered,2017-11-21 11:31:31,2017-11-21 12:09:59,2017-11-24 16:35:50,2017-12-03 14:42:50,2017-12-12 00:00:00
3305840d006ff4ecbf347e2c1a38d698,9df838ecf2da1f1acab7c808dd93d6ae,delivered,2017-12-12 00:24:39,2017-12-13 02:36:34,2017-12-14 11:44:44,2018-01-20 14:12:38,2018-01-15 00:00:00
3313dc446abbe2a29ae4ae064320b334,46f13d4403a64d1ef75101d62a10ba84,delivered,2017-12-08 12:52:47,2017-12-08 13:12:21,2017-12-12 23:09:11,2017-12-28 19:42:06,2018-01-11 00:00:00
3316b67b63d43c414af962eb7452d56a,2e7ba3e122728f593f2ef0a25042bba2,delivered,2018-03-22 00:13:47,2018-03-22 00:28:19,2018-03-22 21:13:32,2018-03-26 17:13:22,2018-04-04 00:00:00
331ec8fd37b237cfe255176db487a755,3a4f2ca546552859fbee998bc87240b4,delivered,2017-10-31 18:57:56,2017-10-31 19:34:38,2017-11-01 18:42:49,2017-11-06 14:07:38,2017-11-10 00:00:00
332a6f392ac92a529c0b2a059b959913,649c5da2e4bbb5d9778cef1e5175decf,delivered,2017-03-14 20:28:58,2017-03-14 20:28:58,2017-03-16 10:47:48,2017-03-28 16:33:08,2017-04-10 00:00:00
3331dbfe6f55503bd3b962d95445ac7f,a318808661dad5e6db0b829df0e827d9,delivered,2018-03-28 14:24:34,2018-03-28 14:35:19,2018-03-29 22:34:33,2018-04-09 15:42:07,2018-04-19 00:00:00
333977327b5c548879a21a3b1fc87c48,a2ce3bbb37aad72f3635ecea09345970,delivered,2018-03-11 11:49:08,2018-03-11 12:30:52,2018-03-14 18:58:42,2018-04-13 20:09:21,2018-04-03 00:00:00
333fd556e66dcdb07b2081f258f42ece,5b14f89cd607c6251805e5506fa36fb8,delivered,2017-11-26 12:05:36,2017-11-26 12:12:33,2017-11-27 16:43:05,2017-12-05 23:51:13,2017-12-20 00:00:00
33461765475580d8fa316d298bfdf86d,e69ab9cf8dd76405e89146add494fa1a,delivered,2018-04-22 13:10:52,2018-04-24 18:29:08,2018-04-26 13:19:00,2018-04-30 21:58:24,2018-05-15 00:00:00
3348fa7940562350a8d19cf788f0187b,64b455178716b45aadc159d5470bb0d7,delivered,2018-02-16 20:07:39,2018-02-16 20:26:35,2018-02-22 03:28:34,2018-03-14 00:08:25,2018-03-13 00:00:00
334decd7ef04da2ca241d7d049383f5c,fe3a33424ba62cc9aa644a82fb4b7c1d,delivered,2017-05-19 17:28:36,2017-05-23 04:22:35,2017-05-24 09:08:02,2017-06-08 14:17:24,2017-06-12 00:00:00
334ea0d577d6491e3b5ea4b5fdc76a75,d601733cfaccb4f1424e8db9bfc2fef4,delivered,2018-03-26 13:02:11,2018-03-26 13:15:28,2018-03-28 18:36:43,2018-03-29 20:18:55,2018-04-06 00:00:00
3363e330c754a732795f39079bb76d55,235702411e5214f0e4a0761bf5ce9e99,delivered,2018-01-10 12:06:09,2018-01-10 12:17:33,2018-01-11 17:10:33,2018-01-26 16:38:42,2018-02-08 00:00:00
33688e8b749940b759d6824ddf7f437e,3e21de36f45bda5fc08a8ddf5ff1ea3f,delivered,2017-11-24 18:35:32,2017-11-24 21:39:40,2017-11-28 22:55:47,2017-12-16 14:47:43,2017-12-21 00:00:00
336b23be3e03293e27330af8c716f0da,22e91bfa903e38dfd2ca23f7e5d650ae,delivered,2018-03-17 13:54:33,2018-03-17 14:10:24,2018-03-29 20:05:38,2018-04-04 14:46:40,2018-04-17 00:00:00
33701411446fda95a2c013c5e38596ba,3760c826a4b281eaa5df1bb856d54c0c,delivered,2017-12-17 21:11:08,2017-12-17 22:11:30,2017-12-18 19:27:20,2018-01-10 22:58:23,2018-01-18 00:00:00
3393e0117eefaf7abdee7c0ec9582632,a4ae42d510710bdfd23de09c1fce5410,delivered,2017-07-07 11:13:50,2017-07-07 11:25:16,2017-07-07 19:38:59,2017-07-10 16:50:05,2017-07-20 00:00:00
33a07fed56477fe605818442871aa9bd,ad09d64abe2ba53c0e7ebf343898af81,delivered,2018-08-09 00:47:19,2018-08-09 01:05:21,2018-08-14 13:59:00,2018-08-21 23:35:42,2018-08-28 00:00:00
33b7a15ce8edde0ee1be98069f2f5fc7,8a7885bcb5c0606ad22f2629a9182593,invoiced,2017-08-31 23:17:32,2017-08-31 23:30:11,,,2017-09-14 00:00:00
33c2430c9d2f05d9d244895aa53b4a82,d9aa0fd51600102c2e7bdf3bf1649250,delivered,2018-05-05 16:36:29,2018-05-05 16:53:38,2018-05-08 13:29:00,2018-05-15 22:18:17,2018-05-24 00:00:00
33cb48a8f9d0e5bf683cda9881aae15e,4a3efc742773d796e3e990b5de3e0616,delivered,2017-03-13 08:43:09,2017-03-13 08:43:09,2017-03-14 13:21:49,2017-04-05 12:11:00,2017-04-12 00:00:00
33cb922ef5a6167e70184dafbf013670,87e15e07277a925bc1695689f2401711,delivered,2018-03-27 12:35:35,2018-03-27 13:07:27,2018-04-10 01:14:36,2018-04-12 19:28:25,2018-04-24 00:00:00
343289ff41523c04e591262e4af6a288,f953d665a4abd0d479297c34e1ac7390,delivered,2018-06-25 12:37:20,2018-06-25 12:54:24,2018-06-25 18:32:00,2018-07-03 18:38:46,2018-07-26 00:00:00
343c609ca3ddf3294e1e2d54ce6d9a76,6284b8ac7b0fae398f24ed57339cf072,delivered,2018-01-20 23:23:21,2018-01-20 23:42:25,2018-01-22 22:46:32,2018-02-01 19:37:46,2018-02-16 00:00:00
3449aa90c200ac98335249ce9f0e3151,672fd46db2cd92beb42ce95dded37e49,delivered,2018-04-03 13:35:33,2018-04-04 03:10:22,2018-04-05 18:51:12,2018-04-10 01:41:57,2018-04-19 00:00:00
3464de846f6595e07bdee9f5a234743c,ca8cf5843bcd138bd1e81ec9f17531cf,delivered,2018-01-11 13:14:36,2018-01-11 13:28:53,2018-01-17 18:46:13,2018-01-31 22:18:36,2018-02-05 00:00:00
346c0a181df97b0776f3d7d4a2cec70f,fc77c4ac37e4b4fb64df2d68e0ff93dc,delivered,2018-07-08 20:06:55,2018-07-08 20:25:19,2018-07-10 15:15:00,2018-07-12 19:42:01,2018-07-19 00:00:00
3474c37ad7067402582a2852a08015f7,85bb769857d427c1ff461c9ae828c71b,delivered,2017-09-09 11:40:50,2017-09-09 11:50:15,2017-09-11 22:04:09,2017-09-19 00:09:02,2017-09-28 00:00:00
3482fd5db03ecb3857123956a9eeb1a0,c4e54a5eac971c57497df50e7a7a3c00,delivered,2018-05-09 22:29:44,2018-05-11 03:50:31,2018-05-14 08:37:00,2018-05-21 21:04:05,2018-06-14 00:00:00
34984c4e45c628649f0e6c60a8f626f9,419fd4034de389a5bca6eded55d8a1c7,delivered,2018-05-29 23:33:44,2018-05-29 23:51:54,2018-05-30 13:13:00,2018-06-01 14:28:38,2018-06-21 00:00:00
34a989b4dcc21e3151e957dfe67df824,319c850f33954b0d3911b7317282b335,delivered,2018-05-01 12:31:07,2018-05-01 12:59:27,2018-05-03 17:14:00,2018-05-07 17:52:45,2018-05-14 00:00:00
34a9f5d9dc692eef97911d47564b1af1,13ad98a83a2c1cefcf679eee57dee7bc,delivered,2017-06-08 09:29:48,2017-06-08 09:45:15,2017-06-08 16:57:29,2017-06-19 13:12:10,2017-07-13 00:00:00
34b16c8bd1f6af05432cd98e66341f4b,9a6f6b9c441539f00a707301d09802d4,delivered,2018-03-20 19:33:02,2018-03-21 19:30:37,2018-03-23 15:21:18,2018-04-03 14:32:42,2018-04-11 00:00:00
34ce0ca85ae4e7d8cad0c61a10236321,eed993e8f243582c4f4609155e4dad75,delivered,2018-07-17 14:16:29,2018-07-17 14:30:21,2018-07-17 15:40:00,2018-07-23 11:56:25,2018-07-31 00:00:00
34d8085664591b6233e939572becebb9,fb3c17a0741fbb9e328d54374a56f2cc,delivered,2018-06-04 10:28:41,2018-06-04 10:50:43,2018-06-04 13:58:00,2018-06-12 20:13:44,2018-07-13 00:00:00
34d91b022de394cf98320a2109457501,5d19714e81cbec2bfb9573edf9e1346c,delivered,2018-04-13 16:35:16,2018-04-13 16:52:52,2018-04-16 22:13:28,2018-04-24 12:37:58,2018-05-15 00:00:00
34de5f7952fbd04a9a1e5d7001b014b5,c49d4daab284e5d3dfcfb28a797edc70,delivered,2018-02-24 12:43:45,2018-02-24 12:56:09,2018-02-27 22:36:57,2018-03-08 21:18:31,2018-03-16 00:00:00
34e356294ae93c00aa77347b2f84ea1b,5cbf704d3c80979cbc58c54881ee3e98,delivered,2017-09-13 22:55:58,2017-09-13 23:05:42,2017-09-14 13:59:56,2017-09-19 20:22:20,2017-09-25 00:00:00
34fb24b31d9f7c52c22cc20e8c81449f,c436e7d0f83e0e21fb874d8944eb85a7,delivered,2018-04-09 11:36:08,2018-04-11 09:12:04,2018-04-11 22:38:37,2018-04-23 11:16:53,2018-05-16 00:00:00
350038b23604468ee252b66f20af1443,4ed9c0afa4ea1132e602cff348fe99f1,delivered,2018-06-11 08:52:27,2018-06-11 09:12:03,2018-06-11 14:21:00,2018-06-15 23:21:52,2018-07-16 00:00:00
35029df95fa6e0af9bdba562f4fc8fb5,0d790691b3b4bbbf5ed30d3fde7b5073,delivered,2017-04-16 22:49:24,2017-04-16 23:01:41,2017-04-17 18:25:59,2017-04-27 08:23:02,2017-05-15 00:00:00
350885c9ea4a1a48519246d7ea5518ea,ccc2d30d745db65793fa46ecb62b8181,delivered,2018-04-30 17:14:55,2018-05-01 02:38:56,2018-05-02 19:01:00,2018-05-03 22:54:44,2018-05-09 00:00:00
351c4682748b3e66dd18732d650baff2,39f165573c5cc30c87842ab706dd1f72,delivered,2018-02-22 16:14:25,2018-02-23 16:10:29,2018-02-27 18:23:45,2018-03-23 15:58:42,2018-03-19 00:00:00
35219838fa57f17493790b796f51a77e,c4fd402d92b11f47ef07a2412e96fdf0,delivered,2018-02-24 20:49:32,2018-02-24 21:07:30,2018-02-28 23:04:29,2018-03-09 13:48:25,2018-03-21 00:00:00
35431beb6e4dc0ce4426a0c9ecac0640,d21146bb7e87bd17fcaccaabea993de7,delivered,2018-01-14 13:11:07,2018-01-14 13:28:27,2018-01-15 15:49:11,2018-01-22 20:14:22,2018-02-08 00:00:00
354a5b90cf468691c4b06debfd2c8115,e879d9cc471ab8feafa1056998e6ec95,delivered,2017-01-28 20:01:21,2017-01-28 20:31:32,2017-01-30 08:27:47,2017-02-15 18:47:34,2017-03-20 00:00:00
354ca0db56ff74ee830a15fcc1416642,8be76fe099ad1db841317aa4858453ad,delivered,2017-11-17 19:42:49,2017-11-17 21:26:35,2017-11-21 17:02:33,2017-11-23 16:41:19,2017-12-01 00:00:00
354ca44327bb555017ef42fd921ada11,606ac72d2b2b2a89114d972d2e66a2a4,delivered,2017-01-30 16:33:23,2017-01-30 17:34:46,2017-01-31 08:59:38,2017-01-31 19:13:10,2017-03-15 00:00:00
354fa109f2f8c98606b21722fc02433f,c71808bea8b5b4d596f7289d199495e3,delivered,2018-06-25 02:24:12,2018-06-25 02:37:03,2018-06-25 11:20:00,2018-06-28 16:41:32,2018-07-30 00:00:00
35575d651196f286d8d73c2b92653aa1,11fed1c811bad9120464349fe781821a,delivered,2017-11-13 09:45:44,2017-11-13 10:07:05,2017-11-14 22:02:26,2017-11-23 12:14:55,2017-12-05 00:00:00
355c14cca8fef764ee4faa28db69342f,443872a2e07094d58941d71ffe000e49,delivered,2018-08-16 09:57:33,2018-08-16 10:23:55,2018-08-17 14:06:00,2018-08-20 19:36:49,2018-08-24 00:00:00
35660aec0cc42b6257e24281ee0e6255,b53cc3c992caaa45ec73cfdde4d839b5,delivered,2017-03-30 14:46:00,2017-03-30 14:55:17,2017-04-10 18:53:49,2017-04-27 11:08:55,2017-05-12 00:00:00
357699224271146ddda4a57375993805,9bdf60de7db54cde7c28804b02fb72b8,processing,2018-01-22 18:14:24,2018-01-22 18:33:56,,,2018-02-22 00:00:00
357f073c68543005a0065892f53ae4f4,735d56579112c3d18725357404ca2d54,delivered,2018-07-23 16:57:57,2018-07-24 08:31:38,2018-07-24 11:32:00,2018-07-25 16:06:24,2018-07-31 00:00:00
357fd478aabae20e8548661577688175,6ecaeda783d8f431098652d8790f8fe3,delivered,2018-05-17 16:45:55,2018-05-18 00:15:28,2018-05-22 14:08:00,2018-06-05 22:29:36,2018-06-05 00:00:00
3591b137120676965cee41e9cdb29cd0,b20d566928943834c831f5db761cae5e,delivered,2017-11-20 10:59:31,2017-11-20 12:15:23,2017-11-22 21:32:55,2017-11-30 21:34:38,2017-12-14 00:00:00
3594e05a005ac4d06a72673270ef9ec9,4cb282e167ae9234755102258dd52ee8,delivered,2018-05-07 11:11:27,2018-05-07 18:25:44,2018-05-09 12:18:00,2018-05-10 18:02:42,2018-05-15 00:00:00
35a43762d907c68ab2a6a697fe52a336,094560467d8afd775d9f89d00cf1e682,delivered,2018-03-29 00:31:03,2018-03-29 09:47:55,2018-03-30 00:38:48,2018-04-17 18:54:51,2018-04-24 00:00:00
35bc592a16d6706d14d29f07ed1d13c1,b88a511344b8b49a02bca030ace61ef6,delivered,2018-08-11 15:41:42,2018-08-11 15:55:15,2018-08-15 10:17:00,2018-08-22 17:18:51,2018-08-28 00:00:00
361454f6abef97fcf00c67ec27a32e6f,98938d16787de642d239bfe5ad2885a4,delivered,2018-01-13 11:49:12,2018-01-13 11:56:20,2018-01-15 22:06:50,2018-01-30 16:38:53,2018-02-15 00:00:00
364f451ee38a4268d7c15d317021eb35,23924b2105c5376cd6204757c8b68752,delivered,2017-12-01 18:23:51,2017-12-02 11:50:36,2017-12-05 20:17:11,2017-12-18 19:45:53,2017-12-26 00:00:00
366ad1dd93fb7f77b686017bc779447b,39b7ba7f041b8f4db4cac87e9b31a838,delivered,2017-08-30 20:57:12,2017-09-02 10:44:26,2017-09-04 15:46:03,2017-09-11 19:32:33,2017-09-18 00:00:00
367733070da9a9f5f70e9a9cceb99ea3,a5d3e93a8713730e3228a6cb80a983ef,delivered,2017-05-17 02:00:05,2017-05-17 02:15:16,2017-05-18 13:39:14,2017-05-19 08:47:43,2017-05-30 00:00:00
3683a05264a0926a8c06607f4623a0a3,7f25f39f0ad8473a2c14772e1056b885,delivered,2017-11-17 23:57:27,2017-11-18 00:10:47,2017-11-20 14:26:41,2017-11-29 22:51:36,2017-12-14 00:00:00
36869aecba8d52a09823c891345e0e32,6a19e6fe3bd7901db0c718902898de90,delivered,2018-02-27 20:54:42,2018-03-01 02:48:20,2018-03-01 20:42:43,2018-03-07 15:15:04,2018-03-20 00:00:00
3689526fafad22de181f6e9230bb4d49,e4dd83da8d4355e9f69ed371d64d6638,delivered,2017-11-28 15:13:24,2017-11-28 15:34:30,2017-11-29 13:51:53,2017-12-11 17:33:28,2017-12-21 00:00:00
36a37af508b09e391728ea24f49f656c,7bdbd04e0b6901d833166006ec5d7797,delivered,2017-11-14 15:36:23,2017-11-14 15:50:36,2017-11-16 23:18:33,2017-11-23 23:32:21,2017-12-04 00:00:00
36acd0e7abb8ba0ac7fba360e09c5451,42f104a41e8e13c7eaaa9d8e11e7c7f5,delivered,2017-05-07 17:21:58,2017-05-07 17:35:09,2017-05-25 08:39:27,2017-05-26 12:35:52,2017-06-27 00:00:00
36b8ca63eb9822b5f68630749ff70e32,389e7165873cd6f31d17f6d5f94fcba0,delivered,2018-08-17 09:07:53,2018-08-17 09:15:19,2018-08-21 08:58:00,2018-08-27 15:55:51,2018-09-11 00:00:00
36cfe0289488f169d3269cea0496d66c,37158bf83b9f6eeadb5893a053a2971f,delivered,2017-08-31 18:39:54,2017-09-02 02:45:31,2017-09-04 21:47:49,2017-09-12 18:15:50,2017-09-21 00:00:00
36ea72943a97d3bf36050be233ae1151,1584f270a914dd9195bb62af01fee774,delivered,2017-08-26 10:14:36,2017-08-26 10:25:10,2017-08-29 13:14:18,2017-09-04 20:23:17,2017-09-20 00:00:00
36eb3c711e799624b2138786f704d202,4d950685a82e9808218883d6be7b15d2,delivered,2018-05-14 20:02:39,2018-05-14 20:10:20,2018-05-16 14:01:00,2018-05-17 16:24:30,2018-05-23 00:00:00
36ebb4199031e72a1fa964549b88c377,eecf2b94cdbe9ef6245fabb5e091c987,delivered,2018-04-04 08:39:50,2018-04-04 08:50:15,2018-04-07 00:49:39,2018-04-16 23:35:26,2018-05-02 00:00:00
36ec96a65d616f11a0b1e3863478ac4f,01edba0c1380aa0c91437bee4b7193a5,delivered,2018-01-11 16:54:49,2018-01-11 17:08:26,2018-01-12 23:55:15,2018-01-22 20:18:46,2018-02-05 00:00:00
36f264b6ab0169bf0db37101cf2df98f,1ba79057e794cf0cc51d4da3cd651c2b,delivered,2018-02-07 14:02:22,2018-02-07 14:15:32,2018-02-08 21:22:24,2018-02-27 01:09:26,2018-03-06 00:00:00
370098d35ccd8a2af86b57c81ac7d24f,ed401ce445967c386a2373dcb0d4e72a,delivered,2018-08-19 22:59:47,2018-08-20 13:49:40,2018-08-20 15:06:00,2018-08-23 18:29:19,2018-09-11 00:00:00
37032037a9594be86de78211bab2e548,859fcac40c594fc5e56f068f90fa0cfe,delivered,2018-03-11 23:16:13,2018-03-11 23:30:25,2018-03-13 20:28:19,2018-03-20 22:18:51,2018-04-12 00:00:00
37113d4a4b32eb2a62556a3688dc0277,a1603ad4b06ff900d10c3222f1818bbf,delivered,2017-12-09 09:18:49,2017-12-09 12:31:31,2017-12-11 18:10:17,2017-12-20 18:16:54,2018-01-04 00:00:00
371dbb83f599fc061ccd8558b577499d,4734f4333bded5aa9666a99377672440,delivered,2017-11-18 18:56:44,2017-11-18 19:06:25,2017-11-20 22:27:00,2017-11-29 18:48:54,2017-12-12 00:00:00
371f13dd168ce30a881e0db8cf3929fb,f411a040a2fa31babc72e93f3a947e07,delivered,2017-08-26 10:26:53,2017-08-26 10:35:17,2017-08-31 19:42:41,2017-09-12 20:52:38,2017-09-27 00:00:00
3724d3f2c0cf415269a35992df297fac,77a0678c369e67b6a44651440e613ca8,delivered,2017-09-19 23:24:10,2017-09-19 23:35:22,2017-09-22 19:07:38,2017-09-28 20:55:14,2017-10-17 00:00:00
372f7d827bed42ed537ec39866756e71,7257bce98eb576d93ad4df65a68fa124,delivered,2017-09-12 11:17:10,2017-09-14 03:04:56,2017-09-19 19:13:12,2017-10-03 15:52:05,2017-10-18 00:00:00
37404c7e8f026ab1b81aef92a59939b5,1098e13c3ac2b7d8b711ca1618cf31e4,delivered,2018-08-04 15:27:51,2018-08-05 15:24:25,2018-08-07 09:18:00,2018-08-14 00:16:47,2018-08-29 00:00:00
37439c69cc9254ad393066b4061ae5f2,667a6188019456a8aa6bba524a82a321,delivered,2017-12-30 13:35:51,2018-01-03 04:29:31,2018-01-04 17:41:53,2018-01-18 17:33:17,2018-02-06 00:00:00
3745b3f4f984381ce40a6804a2be23ea,a052d27ac6973583d6acbdc8049b6257,delivered,2017-04-02 10:01:36,2017-04-02 10:10:13,2017-04-03 14:20:09,2017-04-17 07:31:38,2017-04-28 00:00:00
374d4811c6f3657ec62ffec582801ccd,3e9aca248d1d381339c86c8682cd7647,delivered,2018-08-03 17:53:36,2018-08-03 18:24:00,2018-08-08 14:21:00,2018-08-14 14:32:03,2018-08-17 00:00:00
374fcc5350e3372ce0d7cab981d7de90,8b5a55f1ca276fe752917ce68a971407,delivered,2018-04-23 10:53:41,2018-04-24 18:34:56,2018-04-24 00:14:49,2018-05-02 17:44:27,2018-05-21 00:00:00
3756637ed2fc243af380469a2aa5384c,7fdc7f83bc78ab2261e57b8f0550a710,delivered,2018-02-05 10:48:41,2018-02-05 11:12:58,2018-02-06 18:24:53,2018-02-07 16:51:58,2018-02-26 00:00:00
375bb4357db0f08e163905aa4bbd5d7d,ddc1ce8e98661b093c07a4ce91290c9f,delivered,2018-01-01 20:16:54,2018-01-01 20:29:22,2018-01-08 19:25:29,2018-01-24 23:52:27,2018-02-06 00:00:00
3765a79496712d9bb7eea316cc9ff2c9,756f996447639ab93df564474cd24124,delivered,2017-08-14 15:36:18,2017-08-14 15:50:20,2017-08-17 19:26:53,2017-08-31 19:15:10,2017-09-15 00:00:00
376ae7556f341edea2995422a5fa74a6,38e8b91748adac314f46a476f648f8c7,delivered,2018-06-27 13:05:06,2018-06-29 02:53:19,2018-06-29 09:03:00,2018-07-02 14:52:52,2018-08-01 00:00:00
3772bd82db6b988f9a7008bdb3a4b729,d00682c2eaf70db1869809d2fbaf7aba,delivered,2017-08-30 14:01:17,2017-09-01 06:24:30,2017-09-01 18:17:49,2017-09-06 17:52:25,2017-09-22 00:00:00
37732eb932f8b2b2b3d7cef77833eec1,614b18112402859120ee75b1ba6b07c4,delivered,2017-10-22 22:09:04,2017-10-22 22:26:16,2017-10-23 17:24:13,2017-11-01 19:32:34,2017-11-09 00:00:00
377761f188a20507117a18c35bc33bde,a5f0f602b9567ebcc40450094befe7fb,delivered,2017-11-30 11:11:04,2017-11-30 11:42:13,2017-12-04 16:59:11,2017-12-12 01:26:51,2017-12-22 00:00:00
3784bc92c8ff0ca207ed55629e5df7e9,34b9bca8f3dbf57f921bb8cf2e276be0,delivered,2018-07-05 10:02:32,2018-07-05 16:08:02,2018-07-20 14:20:00,2018-07-23 22:27:53,2018-07-23 00:00:00
3788e0af9e212034588d6d24fa1b7fd1,69be2469e83511c9d3c230e91b400cf7,delivered,2018-07-30 22:36:22,2018-07-30 23:04:44,2018-07-31 13:54:00,2018-08-07 17:48:25,2018-08-08 00:00:00
37921782093cc3bbeec6354572683718,86c796d4eb109a1f7401bd93f78c494b,delivered,2017-11-15 09:52:12,2017-11-15 10:06:39,2017-11-17 18:41:28,2017-11-23 17:59:42,2017-12-06 00:00:00
37a5204a049f51a78d2a3b22a808a779,ca9c542e0ee144807d875bc8702cecdc,delivered,2018-05-05 11:29:48,2018-05-05 11:50:40,2018-05-08 12:32:00,2018-05-12 16:21:07,2018-05-28 00:00:00
37ac92a80fc763601ead868bb23af05a,889e221b1e9864674f860986037855b7,delivered,2017-12-11 13:40:56,2017-12-11 13:50:28,2017-12-13 19:59:08,2017-12-18 22:29:04,2018-01-08 00:00:00
37b8c558c5edf11ec6b82f288bcdcf8c,bca6eaf28cd32203c825bfdf794b188d,delivered,2017-10-06 01:07:20,2017-10-06 01:24:58,2017-10-06 20:42:27,2017-10-09 19:40:14,2017-10-24 00:00:00
37ccf51b0d53c5e3916005261aa8f75e,f5979320bea5e795ed0abb381c95f23d,delivered,2018-06-14 14:04:42,2018-06-15 02:17:18,2018-06-15 15:07:00,2018-06-18 17:45:02,2018-06-26 00:00:00
37e0f821c1cec37404754d4aef37091c,6c5c37885633777105f72c3478b08f27,delivered,2018-05-19 13:36:27,2018-05-19 13:51:36,2018-05-21 09:45:00,2018-06-09 16:48:35,2018-06-13 00:00:00
37ebc8f9d2308911382c1fd433ba3b7a,c84f25af45aa6bade8bcc46f991c97c7,delivered,2018-01-31 14:16:10,2018-01-31 14:32:28,2018-02-05 22:52:55,2018-02-19 16:19:18,2018-02-23 00:00:00
37fef9185066b091254533c2192edd72,cd281c1a7d26cd29a3ed4b029fce7270,delivered,2017-05-14 19:52:34,2017-05-14 20:05:16,2017-05-15 12:35:45,2017-05-26 17:07:50,2017-06-14 00:00:00
3802047602d091427dee04863e71fe21,560fafcdfba360128c1d7ff8adef1bf7,delivered,2018-03-30 12:19:18,2018-04-02 15:50:19,2018-04-04 17:38:39,2018-04-13 19:18:40,2018-04-16 00:00:00
3810ddb734405f64afc7638fd96c9cb5,db424c2dcde1c67aec5681756060f0a8,delivered,2017-03-29 23:48:57,2017-03-31 02:15:19,2017-04-03 17:00:21,2017-04-06 13:28:49,2017-04-18 00:00:00
381c217ee7fe965c547e4af4c8a70b75,408691bd6f6f11a18163f9ae838ad30b,delivered,2017-11-06 15:11:22,2017-11-06 20:41:29,2017-11-08 19:28:53,2017-11-16 20:38:53,2017-11-28 00:00:00
382fe4c08d9dc3aec94cd1aeca20b992,625ebee3bb8680d39f443c840f5afdaf,delivered,2017-11-27 22:00:40,2017-11-29 02:16:50,2017-12-05 20:59:06,2017-12-13 19:42:55,2017-12-11 00:00:00
3841b9f0b88c1f4776e948e96261a099,7d27a8bce87ed5709757912115ec8afd,delivered,2017-08-08 20:23:52,2017-08-08 20:43:27,2017-08-09 19:51:21,2017-08-14 14:22:48,2017-08-29 00:00:00
384552460d294e72bca84e0412609b8d,97ff9b5ae14f8fd17a06e38dcbfc3af7,delivered,2017-12-19 21:38:43,2017-12-19 22:37:35,2017-12-20 18:20:07,2018-01-08 20:20:23,2018-01-18 00:00:00
38648b71bc657c2d7c0f96930cee401c,74fa648446ac066d771e173625e86722,delivered,2017-11-24 23:15:21,2017-11-25 02:16:05,2017-12-13 19:35:14,2017-12-21 21:07:55,2018-01-03 00:00:00
3869937e33c68a5ec38cde1f19a6968c,13285f2d708fe358bc04ff5f3abf4142,delivered,2017-11-18 08:05:09,2017-11-18 08:26:45,2017-11-22 14:23:05,2017-11-29 10:22:07,2017-12-07 00:00:00
387620ec766797a584b7e92a41daad5f,8b35556f6dbc3bc6ec78ca09748154cf,delivered,2017-08-23 18:41:18,2017-08-23 19:15:19,2017-08-25 13:40:08,2017-08-29 20:37:46,2017-10-04 00:00:00
388a9117213936e0290e6e7d50f9fee0,87ce66add9df2248ba4ee66897a478da,delivered,2017-05-05 21:04:15,2017-05-05 21:15:15,2017-05-09 08:05:58,2017-05-15 15:57:42,2017-05-26 00:00:00
38907d62f0ad31245147a7a2378ff1db,26b37e3c9916ccf7dff9b2a20353d40e,delivered,2017-06-08 11:31:19,2017-06-08 13:06:00,2017-06-09 08:35:19,2017-06-19 20:31:48,2017-07-04 00:00:00
389ac865e327bd982cf1101e0a77ff34,5ab6da4f0948f2079320f3ab48f44c5d,delivered,2018-07-06 21:06:43,2018-07-06 21:30:54,2018-07-10 11:21:00,2018-07-13 23:58:32,2018-07-30 00:00:00
38ac0cc1879cabf9cb23a2e8f217acfe,5fc34cc05aae2598fc6100012d44056c,delivered,2018-02-14 13:11:45,2018-02-15 04:40:36,2018-02-15 18:59:12,2018-02-16 19:17:46,2018-03-07 00:00:00
38beac7cca7c937da89f8aedee76f944,4c0ee8ac78604b613bdc5334b9d2ed47,delivered,2017-07-17 22:44:21,2017-07-18 22:50:12,2017-07-19 16:59:51,2017-07-20 13:29:46,2017-07-28 00:00:00
38bf8e12131a605a38265416150b4888,c2a265d75ed170f4858647eb1a0b442d,delivered,2017-02-11 19:23:50,2017-02-11 19:31:46,2017-02-13 15:14:42,2017-02-22 14:43:53,2017-03-17 00:00:00
38bff8bbf4905806b94884c0124dff22,7ab296b8b856811774b40ae28bd3f3a0,delivered,2017-10-09 01:17:54,2017-10-10 03:28:48,2017-10-10 13:18:51,2017-10-16 19:14:14,2017-10-31 00:00:00
38c5c2886f2aab75bb1ae3f79a3f300d,6676a459c2b773481c9dacde3c44c680,delivered,2016-10-08 08:25:32,2016-10-08 09:10:46,2016-10-12 09:10:47,2016-10-26 12:05:38,2016-11-30 00:00:00
38c61d1bbf5143a8c347ebaa490e234b,752e6b5b69b420a430beecc48889a67d,delivered,2018-01-09 20:46:48,2018-01-10 10:32:10,2018-01-10 18:13:32,2018-01-15 18:57:56,2018-02-01 00:00:00
38c69a1ea85be350abf04516e9527573,8982ed2c7a1252471fd28b6c56512fee,delivered,2018-06-04 18:16:37,2018-06-04 18:33:20,2018-06-07 19:00:00,2018-06-08 22:16:52,2018-06-28 00:00:00
38d1232695dcc849092e1747534fe225,a5c511c90235732009b456c9b3aa9e30,delivered,2018-03-21 17:17:15,2018-03-21 18:16:06,2018-03-28 22:12:49,2018-04-12 17:48:50,2018-04-18 00:00:00
38dcb5499d8854b4b2c6dbaaf983f21e,c7eb06383ae604616cb4c9d36fe6745e,delivered,2017-06-01 15:30:51,2017-06-01 15:42:49,2017-07-06 17:03:57,2017-07-19 18:09:30,2017-07-06 00:00:00
38ec15a8c5ee8b06e98a7db4f56f066a,9cae326cc4642d878c0cbf143ef29da7,delivered,2017-06-24 10:50:33,2017-06-24 11:08:35,2017-06-26 15:16:34,2017-07-10 20:13:52,2017-07-18 00:00:00
38fa147f3463d7751cb8a2b2455d628c,3aa07c52ba6832f2d4ba030134320b5d,delivered,2017-04-24 20:30:12,2017-04-24 20:45:13,2017-04-25 11:38:15,2017-05-03 13:26:37,2017-05-17 00:00:00
390056468c27192af8354d708051054e,c450d2558dd77bc0cd8b290f5af4f5fa,delivered,2018-08-23 10:27:06,2018-08-24 03:05:16,2018-08-24 13:27:00,2018-08-28 20:17:39,2018-09-05 00:00:00
3900b88a922f66bc0aecfeb3807bec9d,ebbc53d51a9de79be500ef4db64237c0,delivered,2017-06-04 12:05:34,2017-06-04 13:02:02,2017-06-06 16:05:10,2017-06-16 09:08:03,2017-06-28 00:00:00
390e5f12e01c2af04027580e4cdde515,5e2ebf449bbe52d961a2a13e898eb175,delivered,2018-04-01 10:03:01,2018-04-01 10:15:11,2018-04-02 20:52:48,2018-04-23 13:50:58,2018-04-24 00:00:00
3935314843d69e339825d1b0d7f6ebc0,aaf2c80bac819f4785dab771fa2742d5,delivered,2018-05-08 17:02:30,2018-05-08 17:31:01,2018-05-09 14:05:00,2018-05-18 12:25:52,2018-05-29 00:00:00
393654d81daf611630ac2068a7c9b12b,00330644cccc5db0276fa836976306fe,delivered,2017-10-30 17:48:07,2017-10-30 19:31:44,2017-10-31 18:37:26,2017-11-06 21:36:49,2017-11-14 00:00:00
39627a21dc26dd7c2810548c6b6e1e90,3d4b571062a7bb528ced4e8e11f095c0,delivered,2017-06-01 10:10:24,2017-06-01 10:25:13,2017-06-01 12:04:02,2017-06-16 14:07:52,2017-07-04 00:00:00
3967044b1f033a8b079e050cf79b2586,820c452c2726206bf394e08cf36705c3,delivered,2017-11-24 09:15:36,2017-11-25 03:38:32,2017-12-06 22:39:04,2017-12-13 21:58:38,2017-12-11 00:00:00
397512738329930b9bf6d624b7db4969,bc7f966522485d8cf484ba1fcea934df,delivered,2017-09-18 16:45:11,2017-09-18 17:55:44,2017-09-20 13:43:00,2017-09-25 15:32:47,2017-10-04 00:00:00
398545ae905dad286c70f01c7e7311e1,8241b47bcf8f1250d9d5416c4f8cd9bb,delivered,2018-04-04 21:12:12,2018-04-06 03:28:44,2018-04-07 01:10:59,2018-04-28 16:12:17,2018-05-03 00:00:00
39863c5c4361d19d8c48522f77fb3bed,1a0b3aac9e3bb37ee6ecb39d97f5eaed,delivered,2017-07-25 13:52:07,2017-07-25 14:03:21,2017-07-28 19:26:42,2017-08-03 20:13:04,2017-08-16 00:00:00
398d714b55535c832a8bd66bf83defd9,8b5eb6285132137324ae38a3f8c7d2e7,delivered,2017-08-29 15:19:07,2017-08-29 15:35:27,2017-08-30 18:17:46,2017-09-06 22:22:18,2017-09-19 00:00:00
39959ff1a251b948e61c0fc006e74d85,ad8878022960436117fc24366b1e0cdc,delivered,2017-10-25 06:25:04,2017-10-25 06:49:15,2017-10-26 19:41:53,2017-11-01 19:42:01,2017-11-21 00:00:00
399fecaa30efa4d1624e7314b2eeaead,676155cb45bb9bbf30b28fe11ca375bb,delivered,2018-02-14 17:30:38,2018-02-14 17:47:27,2018-02-19 20:53:17,2018-02-20 21:59:04,2018-03-01 00:00:00
39a484e6a644f8edeb11c2c8ed218069,51727f845a31b568a4a127475d6b5cc3,delivered,2018-03-19 22:58:15,2018-03-19 23:09:02,2018-03-23 23:08:43,2018-03-29 20:14:22,2018-04-05 00:00:00
39a70e9e9b729b11dee34ac12478597f,20c678bfce3c8252288f70dd2bee5e51,delivered,2017-08-10 21:26:25,2017-08-10 21:44:13,2017-08-11 19:11:16,2017-08-22 16:45:00,2017-09-12 00:00:00
39d92c90ecacf0e6411af62b7bcabe17,0a1be8bb3e919bc8876626808609a2af,delivered,2017-09-05 17:36:41,2017-09-05 18:24:06,2017-09-09 13:27:47,2017-09-15 19:17:40,2017-09-27 00:00:00
39ebbbb18aec8b7d8de948019c3298ab,3df5f3d6b4cbb719bc6d35ca6f601568,delivered,2018-05-14 14:42:21,2018-05-14 14:51:28,2018-05-15 13:45:00,2018-05-18 17:58:55,2018-06-06 00:00:00
39ed55131dcacf19b9dcf0739eefb591,e2534a6746cba2a938134e7106ea6f04,delivered,2017-08-19 13:04:17,2017-08-19 13:25:09,2017-08-22 09:10:18,2017-08-25 17:03:28,2017-09-19 00:00:00
39f43f2f3fd37877826085cd7e657b14,2ed7af1545567c0facf089f0fd61069e,delivered,2018-03-21 14:13:02,2018-03-21 17:08:52,2018-03-22 21:04:26,2018-04-05 19:17:41,2018-04-26 00:00:00
39f948e000e2da7329061c875b6d35a1,b3290bb01210af453a5ee654d3e7e185,delivered,2018-04-08 06:42:55,2018-04-10 03:49:43,2018-04-12 02:22:53,2018-04-14 17:42:12,2018-05-10 00:00:00
39f9559c0533f3ea56143c01bfdd7d9c,1d61114ff988a568ad5b62da890926ed,delivered,2017-03-07 16:20:35,2017-03-09 02:55:26,2017-03-10 14:12:58,2017-03-24 11:33:13,2017-04-07 00:00:00
39ff1e358efa92ceae42de6d5f9d37cf,0636c00ff07cc01420d79a193b3496f3,delivered,2017-12-09 19:27:43,2017-12-09 19:37:21,2017-12-15 23:52:39,2017-12-21 13:22:27,2018-03-06 00:00:00
3a04af7ae8cc442a2dad55dec73fb2e6,8c7e3a1391467f1e46bade4b8cb8484d,delivered,2017-09-27 08:25:17,2017-09-27 08:49:19,2017-09-29 09:50:57,2017-10-05 18:21:57,2017-10-24 00:00:00
3a0855d32f10ac8041aaa2e84ba0bbc0,fac9298d311758a73a72867d032ba175,delivered,2018-03-12 10:02:53,2018-03-12 10:16:18,2018-03-15 22:57:32,2018-04-02 15:54:24,2018-03-28 00:00:00
3a0b207c999d48a7385a3ec9ceb251fe,c89ec71952197c093c9161bb737dec5d,delivered,2017-02-24 18:23:10,2017-02-24 18:35:11,2017-03-01 10:37:51,2017-03-13 12:14:37,2017-03-21 00:00:00
3a0ef207d0d68b9409177eb5829032f6,99e8fac2d9664a0f5d7360fecdd6c560,delivered,2018-07-21 16:33:28,2018-07-21 19:24:04,2018-07-26 13:57:00,2018-07-30 22:54:52,2018-08-02 00:00:00
3a18feefe5d21fab0d8b3af7813510af,8a2fbe2c86f7f87cb8c663b48051c780,delivered,2018-03-21 20:41:47,2018-03-21 20:50:29,2018-03-23 00:59:35,2018-04-03 00:03:53,2018-04-11 00:00:00
3a340d73b238bb50736793ddb808d21b,8c5954d084c86eef965e4e4800f4becf,delivered,2017-05-28 23:01:27,2017-05-28 23:10:16,2017-05-31 14:29:36,2017-06-14 14:44:08,2017-07-03 00:00:00
3a3946583c464f57913a9df9c134ba0f,5e73cb3ef5fd8f561bda55e9e69debbc,delivered,2018-06-05 16:25:19,2018-06-05 17:15:54,2018-06-12 15:37:00,2018-06-20 16:38:27,2018-07-12 00:00:00
3a3abd8e28e6facbad63e5ee376b5cb2,7b03a0e21a0f9b1767525a1c62c1c8a2,delivered,2017-12-16 00:01:35,2017-12-16 00:12:40,2017-12-16 18:02:57,2018-01-05 23:20:13,2018-01-15 00:00:00
3a3cddda5a7c27851bd96c3313412840,0b0d6095c5555fe083844281f6b093bb,canceled,2018-08-31 16:13:44,,,,2018-10-01 00:00:00
3a46125908fdacca936ce28a0b4835ea,96d3ac7e240192d6083be5a89a56da21,delivered,2018-01-24 21:31:11,2018-01-24 21:37:52,2018-01-26 21:56:41,2018-02-05 21:54:33,2018-02-16 00:00:00
3a5c53b7345f82b31c0d656d63f3b8fb,cc5182b642198e3b0390fd6244faac1b,delivered,2018-08-08 20:13:05,2018-08-10 03:15:21,2018-08-10 12:16:00,2018-08-13 18:32:15,2018-08-13 00:00:00
3a6b05ecacce688f20fecd1824db1c58,6ef189a5fb5fd30cda5d5e7aa2f96e4f,delivered,2018-01-14 18:16:33,2018-01-14 18:28:31,2018-01-15 21:42:57,2018-01-17 20:30:06,2018-01-30 00:00:00
3a9ddae8c6c9ec787ccf981dbbf34499,5b80475c957227ff5f0a5f256e9b0274,delivered,2018-03-29 10:06:59,2018-03-29 10:27:59,2018-04-05 12:08:42,2018-04-07 19:42:49,2018-04-11 00:00:00
3aa0bcd95f24f4a91c0ca3f0a160ec9f,ef1b5dc620735876514e8778ade03323,delivered,2017-07-08 09:22:13,2017-07-09 06:42:58,2017-07-11 14:08:59,2017-07-13 20:34:22,2017-08-02 00:00:00
3ab3084e2fd91af8e021237e7bf08cac,c95bf8324acec8d3f6554af904fc4af1,delivered,2018-07-18 10:59:37,2018-07-20 04:45:17,2018-07-25 14:57:00,2018-07-30 20:32:52,2018-08-08 00:00:00
3ac4f30b6ba23f340792aeebba73158b,45b2e2f0f6fc93eecf7802eb6be9a91a,delivered,2018-01-27 20:14:42,2018-01-27 20:36:58,2018-01-30 14:32:18,2018-02-05 21:53:03,2018-02-20 00:00:00
3ad2072a2c9169681a3bb6138e0f8ef3,007182cdc3e8e2d3d4ce0b00b9004630,delivered,2018-07-07 16:33:10,2018-07-11 03:26:09,2018-07-11 12:25:00,2018-07-12 21:26:49,2018-07-19 00:00:00
3adcce2e211993b4e696031bf97409dc,8582c9ab7a8379bdbb1836bda59b5f4a,delivered,2018-04-25 01:20:45,2018-04-27 03:51:01,2018-04-27 12:35:00,2018-05-08 23:24:50,2018-05-22 00:00:00
3ae4d97402b1cec4506cad07762d0adc,7f8cc24b152f186008151ece0e99e383,delivered,2017-04-17 10:06:38,2017-04-17 10:22:22,2017-04-18 14:48:18,2017-05-02 14:40:30,2017-05-10 00:00:00
3ae5cb75e3aaf3d9e99637e6c07032e0,f343704e8d64e463a7147138a8d21b6b,delivered,2018-03-05 03:45:49,2018-03-05 04:15:34,2018-03-06 12:22:52,2018-03-20 16:39:02,2018-04-09 00:00:00
3aeb3d4e53be38746876f1f83d3726c2,6dd021e2ed02996bfd716d7bd5372a67,delivered,2018-05-18 12:28:09,2018-05-18 13:27:10,2018-05-21 09:45:00,2018-06-07 17:28:45,2018-06-18 00:00:00
3af2a81272fcd0c650bd44f53f7e61ef,e9b6f1e10bd93558fd9891138fd98158,delivered,2017-11-30 15:40:35,2017-11-30 15:53:19,2017-12-05 01:28:53,2017-12-11 18:49:09,2018-01-02 00:00:00
3b1bf20520476dc7b150dd52f521e525,aea1dc2400dfb8eed8cc28b4f8f84faf,delivered,2017-05-24 21:39:01,2017-05-26 02:25:18,2017-05-26 17:53:52,2017-06-02 15:07:53,2017-06-16 00:00:00
3b28722276b5d42721d0122d688f518a,df069d90f54fd028ab312f6f8978cc17,delivered,2018-03-02 09:47:12,2018-03-03 02:51:09,2018-03-05 13:33:58,2018-03-15 02:07:32,2018-03-20 00:00:00
3b28f0058ea921e275c87efadc8f7c32,a0ffcb12d9a0552652f35c3e54639a8b,delivered,2017-07-31 15:07:15,2017-08-02 03:03:48,2017-08-03 19:29:30,2017-08-10 00:13:59,2017-08-28 00:00:00
3b2cfa22d9226264ad6c05510c4a3ef3,3deaf89058a65b6c3fd21ff77a189ea0,delivered,2017-07-20 10:11:42,2017-07-20 10:23:23,2017-07-20 20:06:00,2017-07-26 11:04:59,2017-08-11 00:00:00
3b35dfd8bf0ca772d83708ba283e1143,14fbd36fbe6c925943633de58361ca00,delivered,2017-03-04 22:40:12,2017-03-04 22:50:19,2017-03-06 14:41:10,2017-03-10 14:58:28,2017-03-24 00:00:00
3b43a1faa9745dfcd8ef87937f4cab08,dc993ef2360509ca5a8fd7c78b2441d6,delivered,2018-07-11 21:26:10,2018-07-11 21:45:58,2018-08-02 07:18:00,2018-08-10 01:47:32,2018-07-31 00:00:00
3b4495ee12b140977975b7ef18c904aa,3923af2f4604d8f1df2d24eb23b9175d,delivered,2017-09-12 11:50:12,2017-09-12 12:05:15,2017-09-14 17:55:30,2017-10-04 22:09:56,2017-10-06 00:00:00
3b694fa216b9963c2df0ad993a355551,d2d83da97b053656de05c3a2184666e5,delivered,2018-04-04 19:53:45,2018-04-04 20:08:46,2018-04-07 01:42:39,2018-04-12 19:58:29,2018-05-04 00:00:00
3b6bf8d07e34c52b0f65c58afb3df15b,22f7df0fe6413ce90a307df4709e8931,delivered,2017-11-23 23:22:25,2017-11-24 00:30:06,2017-11-24 17:58:44,2017-12-11 17:53:30,2017-12-27 00:00:00
3b714b1a7fdd3fa6787c2e5ecce9977a,8742cc27dcd49bff97e2b8d9f4e01663,delivered,2018-06-20 15:23:04,2018-06-20 15:40:37,2018-06-21 09:13:00,2018-06-27 00:03:48,2018-07-23 00:00:00
3b81643b1ae987887152ef3e6ce0d989,16775472feb645411aba12f5e7a68b38,delivered,2018-04-03 22:25:33,2018-04-05 02:15:30,2018-04-05 17:52:49,2018-04-13 18:42:21,2018-04-25 00:00:00
3b8571d1b976c25db4b555a5f04b1968,9c85b029b22c928f95accc8c6d8b5343,delivered,2018-08-10 21:38:38,2018-08-10 21:50:20,2018-08-13 14:00:00,2018-08-20 14:46:28,2018-08-27 00:00:00
3ba501474fa8bf57cb48c5721307bdef,0385c8d2e645df58096ed14446b5374d,delivered,2017-12-17 11:59:52,2017-12-17 12:10:31,2017-12-18 18:06:30,2018-01-03 14:40:36,2018-01-19 00:00:00
3bbf8f927f288e4a1854c7c12d0dc1b7,2028d59868c16385088ca96f56b803c8,delivered,2017-11-04 14:10:49,2017-11-04 14:25:38,2017-11-06 21:45:19,2017-11-09 23:16:22,2017-11-27 00:00:00
3be9765eafd8ecf60d00e05f4cb35ad1,08fc5058d39f827b41d726cac116dfbc,delivered,2018-01-24 11:55:40,2018-01-25 02:57:41,2018-01-29 17:38:51,2018-02-05 21:42:40,2018-02-19 00:00:00
3c0a214a5ba7ab90427502f4d578b659,eee1fb0fa6908e9fe26266ba3b149653,delivered,2018-04-01 20:34:04,2018-04-03 05:50:23,2018-04-05 03:07:44,2018-04-11 20:08:39,2018-05-15 00:00:00
3c21823fb08a6a2ff770877efffb1c1a,6471522ef0977f7402fcc46ae568c083,delivered,2018-02-08 21:58:29,2018-02-08 22:10:34,2018-02-14 22:43:46,2018-02-18 15:48:56,2018-03-02 00:00:00
3c2988b42a58560a3f8f467ddef9eebb,633431e9aedadd76153cb6a8153921c4,delivered,2018-04-04 19:13:15,2018-04-04 19:29:06,2018-04-05 19:03:11,2018-04-13 02:10:55,2018-04-30 00:00:00
3c2a7cc75899d6a06e8735da9b7fa302,3dfd713792fd5ddc4ffedb9ea5fd9318,delivered,2017-02-10 22:12:39,2017-02-10 22:25:12,2017-02-13 08:32:21,2017-02-17 08:16:37,2017-03-10 00:00:00
3c34298915dda196e053873162f24bf4,203787a9001501ba8c7a57471254a1f9,delivered,2017-09-26 08:02:09,2017-09-26 08:14:19,2017-09-26 20:22:20,2017-10-02 23:44:08,2017-10-24 00:00:00
3c3e5bec9a05202ab008c05c55f951fc,d010acc7fab9dd6b4779bfe36b73024f,delivered,2018-08-04 15:03:25,2018-08-07 04:24:45,2018-08-08 13:40:00,2018-08-15 15:08:40,2018-08-17 00:00:00
3c63f38b18f9c813e6a2947f12708660,b4a8edd174a1969bbe2c9d5ff9794cd7,delivered,2018-02-18 08:22:46,2018-02-18 09:26:30,2018-02-19 19:42:47,2018-02-25 15:28:32,2018-03-13 00:00:00
3c75044db750a89606612ed286713eb8,ac318397fb90e64c9a724a3fc61ef587,delivered,2018-03-13 20:11:20,2018-03-13 20:49:24,2018-03-27 16:06:18,2018-04-03 02:42:11,2018-04-19 00:00:00
3c75e106ed38695c5bbf7fe5ab77a851,a21aafe2dfc5afc8565390c8459a28e8,delivered,2018-07-08 19:55:34,2018-07-08 20:10:16,2018-07-10 15:24:00,2018-07-11 14:48:26,2018-07-19 00:00:00
3c8194a8d47f5852dcd52ccbf364596e,c57b4b6f3719475543b721e720a526ad,delivered,2017-11-27 12:44:25,2017-11-27 12:56:18,2017-11-30 19:25:50,2017-12-01 17:05:02,2017-12-11 00:00:00
3c8876b8e5a484c81a1aa6c8bc4e65d6,e4e69809ae1da631eaa47e73e5f4f641,delivered,2017-09-14 13:25:35,2017-09-15 16:44:24,2017-09-18 16:13:17,2017-10-10 19:42:11,2017-10-18 00:00:00
3c8ac84fe0d090d76cb65e2db3bdefbf,2accf81d596636b3992c483970215df5,delivered,2017-11-12 12:33:00,2017-11-14 12:50:29,2017-11-16 20:48:45,2017-11-22 21:34:42,2017-12-04 00:00:00
3c91e3497ee8a38751b01e5d549a9bf3,530d6fa633453c225358c8c3b1ca6eca,delivered,2017-07-09 21:25:24,2017-07-09 21:43:20,2017-07-11 15:47:22,2017-07-18 13:15:10,2017-07-21 00:00:00
3cb615977522175b4a3af08f44b44dce,a27e1c59cdf59a79863529c28cab2e28,delivered,2017-10-13 15:02:54,2017-10-14 14:14:11,2017-10-16 21:54:01,2017-10-27 00:23:23,2017-11-22 00:00:00
3ccb8870c169b9a65a6ce1b3736c49a5,2b9e2ff31010e6a231adf3f8cc4fa8bd,delivered,2017-12-19 16:58:19,2017-12-19 18:31:48,2017-12-26 20:51:43,2018-01-08 18:57:44,2018-01-19 00:00:00
3cda6f52ca254406b2c0ce1ae433a481,f89e4237764a0efd10acddd6f0bd18cf,delivered,2018-02-13 16:01:28,2018-02-15 03:55:56,2018-02-16 18:46:31,2018-02-19 20:20:44,2018-03-01 00:00:00
3ceec142bbeb4de9939d371d6182d5d6,b9cc7bff1ac00970ba1247f36be4879d,delivered,2018-05-10 14:50:58,2018-05-10 15:11:42,2018-05-11 15:02:00,2018-05-14 17:21:52,2018-06-08 00:00:00
3cfb6e2f13d190a67c451cb4a359faee,34d50c815414e1f5a73de0562cf52098,delivered,2017-12-06 15:07:57,2017-12-06 15:19:34,2017-12-07 19:34:34,2017-12-11 17:57:14,2017-12-29 00:00:00
3d00fba40b3bbf3283c4f21e9129d855,fef23f5010429d851aee180c61c39efe,delivered,2018-05-19 18:07:36,2018-05-19 18:32:26,2018-05-21 14:53:00,2018-06-06 17:59:09,2018-06-11 00:00:00
3d07a476264a25476f6a5aa642696bd4,8d34bc21c972f82d188661dd3bd97521,delivered,2017-11-16 16:19:50,2017-11-16 16:36:04,2017-11-17 15:24:33,2017-11-20 17:24:45,2017-11-29 00:00:00
3d0c0f6ab268b67176fd58927a08b69b,92c997e26fcb5d0c3d7677dd64830c29,delivered,2017-05-06 11:26:35,2017-05-06 11:42:23,2017-05-09 07:59:49,2017-05-16 10:52:20,2017-05-29 00:00:00
3d1a23961fdfd767d8596bd2851bdb5a,c096164be716e1a2fafd609517dd9e83,delivered,2018-03-28 08:25:56,2018-03-28 09:35:16,2018-03-29 19:47:54,2018-04-09 20:58:30,2018-04-20 00:00:00
3d2538dbdbc283f9cb3e187912cf770a,325b5d790e8073f024106b02c6506918,delivered,2017-10-20 23:19:10,2017-10-24 03:14:09,2017-10-24 21:34:05,2017-10-25 22:48:59,2017-11-01 00:00:00
3d3742a96f24a8fe4e2e57628807e476,b0e2c3d5cc9ecbf6a89693a15231ac7e,shipped,2017-04-16 06:31:07,2017-04-16 06:41:44,2017-04-17 12:07:41,,2017-05-12 00:00:00
3d4369dcce579868d4629c19b96260c9,e98b6caaa9a23d78a283f65cec39e73f,delivered,2017-07-14 19:52:29,2017-07-14 20:05:21,2017-07-18 13:16:30,2017-07-26 19:16:47,2017-07-27 00:00:00
3d4bfa3de7e617f61d1ee3c87e95b204,5e98755f49cf29e4e9e87d81d2f86db2,delivered,2018-05-28 09:26:31,2018-05-28 09:52:14,2018-05-28 15:16:00,2018-06-14 00:46:38,2018-07-16 00:00:00
3d4c0bee5a287df3c005b08aebb13911,ba160084e4df378993113c061b5fdb9c,delivered,2018-01-13 19:18:48,2018-01-13 19:29:43,2018-02-08 21:09:11,2018-02-17 02:32:26,2018-02-26 00:00:00
3d5297364b0d752cbbb48a11a58eef00,ab78499b2e8cce30443e32123634ec98,delivered,2018-02-01 14:54:43,2018-02-01 15:10:32,2018-02-02 17:18:58,2018-02-20 10:52:49,2018-03-01 00:00:00
3d6298d6f28bd5a6ce39be4faef068c8,0a0a7db3f0b06e9fd2888ebab0f8a694,delivered,2018-05-06 12:12:44,2018-05-07 16:12:38,2018-05-09 14:51:00,2018-05-30 22:34:49,2018-06-01 00:00:00
3d7b0b699c4690a1cda8c8cef8c5b95c,4e370c59312c496f0889649b9c9a761d,delivered,2018-01-22 10:21:21,2018-01-23 10:20:30,2018-01-26 16:12:56,2018-02-06 16:13:51,2018-02-14 00:00:00
3d7b9f89c8227047efa43e1c557e0966,3e0ea72a6a9f85a1514038f9881cc62e,delivered,2018-08-14 12:30:22,2018-08-14 12:45:18,2018-08-15 13:21:00,2018-08-17 16:11:27,2018-09-03 00:00:00
3d894f368ae702ec71a9db9d4d21291d,b2ae80ffbea40a9641c1a368a6883841,delivered,2017-10-09 16:18:59,2017-10-11 03:35:14,2017-10-16 16:32:39,2017-12-01 18:34:25,2017-11-09 00:00:00
3d966a23ca6c6a3e5dca4053ee2c654a,ba4313262d731a83d0277b1d920a4639,delivered,2018-05-15 13:25:08,2018-05-16 02:53:47,2018-05-29 15:28:00,2018-05-30 19:48:44,2018-06-08 00:00:00
3da8b1bbe6650411cf568285bb956f90,885d7e16b3febef0a036aa5ebbba9659,delivered,2018-04-17 15:50:16,2018-04-19 02:10:45,2018-04-24 17:19:26,2018-04-25 18:28:53,2018-05-04 00:00:00
3dc3b1441a6356bd23b21ac507bd38d6,44ecc84cbb68a3b1cd5015298222b71a,delivered,2018-03-28 12:27:21,2018-03-28 12:47:38,2018-03-29 22:38:30,2018-04-02 22:04:29,2018-04-10 00:00:00
3dc3b3d8c073e795040be5836fdd8691,a255c79850f6fec25ccd1acabd4a98da,delivered,2018-01-17 18:13:00,2018-01-17 18:29:58,2018-01-19 02:48:35,2018-02-07 22:28:35,2018-02-16 00:00:00
3dd5cc10816f5a16ed7d1c54e7d7549b,645e4bcb4b050ff31253516e363bf301,delivered,2017-11-23 16:57:51,2017-11-25 04:54:39,2017-11-27 21:45:21,2017-12-12 15:54:35,2017-12-20 00:00:00
3de642b372ed772362b5a3df6f583046,d3bee0359b17267f18ad65628bbbc537,delivered,2017-05-16 16:06:14,2017-05-18 02:30:51,2017-05-23 07:13:36,2017-06-01 11:47:54,2017-06-07 00:00:00
3dfb708634f7341447767f4ee59fce95,fd0e05528dd6037d245eee7d42ba837b,delivered,2017-08-30 21:21:00,2017-08-30 21:35:11,2017-09-01 22:37:19,2017-09-08 16:31:59,2017-09-18 00:00:00
3e01e667dc4b025af8c5eb4f606cc7a1,cbec6c6e7a388dcb6c91bf4919a1f66e,delivered,2017-02-03 21:22:15,2017-02-03 21:35:16,2017-02-06 11:36:39,2017-02-12 10:34:00,2017-03-06 00:00:00
3e1088f1c96e2b55ef9a070866bd1f1e,251a9ae4d295b0b2db74f27d8217b922,delivered,2018-06-30 16:53:45,2018-07-05 16:04:19,2018-07-17 15:09:00,2018-07-24 15:48:23,2018-08-16 00:00:00
3e153abd068ad6638364a06df17cdc5d,70375b292bed960b4a36f9e164b830fc,delivered,2018-05-18 09:22:05,2018-05-18 09:36:22,2018-05-18 14:08:00,2018-05-22 00:17:30,2018-05-29 00:00:00
3e5851bac5137487999e438e2986af8e,febc8698a75e85a4ddf0e78926c1119c,delivered,2018-08-09 16:53:00,2018-08-10 07:10:11,2018-08-13 10:30:00,2018-08-22 22:33:55,2018-09-03 00:00:00
3e61448e4e84529ceb5c325efe9f078b,6465bd930c1243ba5479f364f2783e10,delivered,2017-10-23 21:21:19,2017-10-25 02:26:37,2017-10-25 18:33:35,2017-10-27 21:47:28,2017-11-03 00:00:00
3e9fee97691551e4a1444f095899d5f9,b3e3fe3971fb3b7c1776e69da97eacea,delivered,2017-09-01 11:49:24,2017-09-01 12:04:33,2017-09-05 15:43:30,2017-09-14 19:12:26,2017-09-21 00:00:00
3eabaa998b43c58b0d27b9afa79060ad,3597d588ad764ca2e11ea16ffdba3f15,delivered,2018-06-23 22:38:49,2018-06-26 05:15:17,2018-06-26 19:43:00,2018-06-27 16:08:55,2018-07-18 00:00:00
3ec05d74c91669694d41dcf4d7cdc764,be66ef8e04a0f8fd5e10434aa0b53fb6,delivered,2017-05-31 20:57:04,2017-05-31 21:10:15,2017-06-01 13:44:32,2017-06-09 13:25:52,2017-06-23 00:00:00
3ecb666eda6d2ebb9348dfc65c32252c,272abefcdb7e7438a251e6c92f1d5873,delivered,2018-01-07 19:59:42,2018-01-07 20:09:29,2018-01-09 17:23:48,2018-02-03 14:14:13,2018-02-05 00:00:00
3ed46d0aeda8a091370db112656e55cc,2281c16b24e5ab1b782509f52aa8f4b7,delivered,2018-08-16 19:24:38,2018-08-17 03:29:48,2018-08-17 15:40:00,2018-08-20 19:46:43,2018-08-22 00:00:00
3edb50273f0fec7a7e340030467076bc,fac377fcf30218090635992d2467f12e,delivered,2018-01-16 14:56:56,2018-01-17 14:51:26,2018-02-07 14:58:29,2018-02-09 20:16:37,2018-01-31 00:00:00
3edfecc4a611653ebb70ad242db1aa56,73013cc9fa18f10267f2221fff4a936d,delivered,2018-08-15 19:06:31,2018-08-15 19:23:52,2018-08-21 09:37:00,2018-08-28 15:06:53,2018-09-18 00:00:00
3ee6a5145ccf8837184fe98c491e232c,7e717f19f1be475d462d048552c7e0fe,delivered,2017-12-01 17:09:35,2017-12-01 17:30:26,2017-12-07 22:10:40,2017-12-08 20:34:35,2017-12-27 00:00:00
3ee9bd56fcb90ab8b29de6387760b666,d1331e1eacc0e2a1f9bba705c6dfead4,delivered,2018-02-15 18:49:42,2018-02-16 18:46:46,2018-02-19 20:44:50,2018-02-27 23:25:29,2018-03-07 00:00:00
3ef5b20302c49fc70c926348301d065c,1f4e709098e1cf86de5a8bedcb26e99d,delivered,2017-09-15 18:55:59,2017-09-15 19:10:16,2017-09-20 17:38:17,2017-10-01 18:21:40,2017-10-13 00:00:00
3ef9cbaa0a848de9dd30b1953d31a730,0a791c41f6f639d2cdeba44d05e6ef04,delivered,2017-10-08 23:56:02,2017-10-10 00:14:20,2017-10-17 16:53:49,2017-10-20 19:04:09,2017-11-03 00:00:00
3f041e89d354fb02648077875c4ad67b,ed3c3954602b7f3793c2674e29d96cbf,delivered,2017-07-24 14:53:34,2017-07-24 15:05:24,2017-07-28 18:09:29,2017-07-31 17:27:04,2017-08-04 00:00:00
3f35e6f6080a0f108570a0f177f8c2bd,288d54d6a596b42c55779d33d5d29ad3,delivered,2018-03-11 15:11:26,2018-03-11 15:28:03,2018-03-13 18:36:39,2018-03-28 06:32:57,2018-03-29 00:00:00
3f3f8127c7e0537f9f74550f3504f93d,bee149e10d51ea292fb297cbd35414a7,delivered,2018-06-30 09:51:07,2018-07-05 16:17:17,2018-07-03 14:51:00,2018-07-09 11:36:54,2018-07-20 00:00:00
3f4d686018624f3b9275acdb244b0fa4,57398bde8b086b1b3512cc2974d83c01,delivered,2018-03-10 14:52:35,2018-03-10 15:48:24,2018-03-12 20:36:48,2018-03-26 20:57:06,2018-04-13 00:00:00
3f6da1442aba80bcf61179602dfab9ca,8b499e9d16a602dcdf3bca4ad3c794f9,delivered,2018-05-09 20:02:31,2018-05-10 20:17:06,2018-05-15 14:45:00,2018-06-12 17:14:50,2018-06-06 00:00:00
3f74987a2030cff1cd1829b3c4b8149a,631fcc3fa1ad2d9b5af6b889b547d3ab,delivered,2018-02-15 22:10:02,2018-02-16 14:32:28,2018-02-26 23:09:18,2018-02-27 06:29:10,2018-03-12 00:00:00
3f75bd7be63d165465c46b981942582a,4b17f248581e9d00a8feb3f7bbb6580c,delivered,2018-01-10 16:29:13,2018-01-11 02:48:45,2018-01-26 13:55:19,2018-02-09 00:05:24,2018-02-19 00:00:00
3f7aea4e3cecef996bd62713fbf8712b,03265354a307d917a63a8f486ac4f277,delivered,2018-02-03 13:38:35,2018-02-03 13:49:41,2018-02-05 22:17:02,2018-02-14 22:06:44,2018-03-06 00:00:00
3f7fd60d67674509240c45196f94cf0f,897e0d6c102b10089d7bb1a0f0b95e4b,delivered,2017-07-05 16:47:04,2017-07-06 16:03:55,2017-07-12 18:43:53,2017-07-13 18:32:38,2017-07-26 00:00:00
3f80947ce4ab2d28cede3db5c92e44d7,93dd5f88e0f7e9a8f74d27a4b90879ab,delivered,2018-05-08 06:55:21,2018-05-08 07:09:54,2018-05-08 15:18:00,2018-05-09 22:08:54,2018-05-16 00:00:00
3f925ae7ffff56f13e03e8bd5711ca70,2f55c214219aff9e61c70c1edba35df8,delivered,2018-02-28 19:35:02,2018-02-28 19:50:02,2018-03-06 21:29:02,2018-03-08 16:08:31,2018-03-20 00:00:00
3f927a0036358d9522078e7e3007cfe4,106019032c892c9f50d957f3aabd895e,delivered,2018-03-19 14:43:10,2018-03-19 14:55:42,2018-03-20 00:14:32,2018-03-20 17:13:05,2018-03-29 00:00:00
3f9e8fecf02f21c1a57dc20c0e7f95ab,a7e08eccf0ec5860c322f88d41f09cf9,delivered,2017-04-14 19:52:48,2017-04-14 20:05:09,2017-04-17 13:30:08,2017-04-25 12:41:03,2017-05-08 00:00:00
3faacd4730227be7088bc1bfe4878627,dd1638563063c8bdf31cdd3cbd9e162c,delivered,2018-02-10 13:13:53,2018-02-15 03:47:06,2018-02-15 19:56:29,2018-02-28 22:56:58,2018-03-08 00:00:00
3fb4d82a992d06f85994158787a76ff0,aa20ad2bfaa8f55b0ce4d1de0f27dcff,delivered,2018-03-07 15:28:38,2018-03-08 02:29:15,2018-03-08 18:18:34,2018-03-09 19:22:38,2018-03-23 00:00:00
3fcc23281e8679bfb293a37d2fd3eeb8,3afd83b96ff63cd65d69405b42b48738,delivered,2018-02-28 16:51:30,2018-03-01 02:35:39,2018-03-06 15:42:02,2018-04-04 19:51:57,2018-03-22 00:00:00
3fcf477d8f1cc1e4b5cf7594e9a7090e,0b7217d43bc1197dbb53b68db699798d,delivered,2018-01-26 11:12:18,2018-01-26 11:39:23,2018-01-29 18:32:33,2018-02-09 00:33:04,2018-02-19 00:00:00
3fd458f81a4ab505469540d26bcdb598,959dea625b3585727393f81649b336a8,delivered,2018-07-02 10:27:02,2018-07-02 10:50:08,2018-07-03 14:45:00,2018-07-20 23:31:58,2018-07-27 00:00:00
3fdebcfe1a2cdcd4ee2770a2e28b2af4,d6540fd1f5f05337ee0715aeb83b08db,delivered,2018-01-01 10:55:58,2018-01-01 11:07:19,2018-01-03 21:52:38,2018-01-08 16:15:24,2018-01-18 00:00:00
3fe3d1ba41519dd81c6d6ebde0c8801b,7c8f752ec24bb402191fb6cda46d2305,delivered,2017-08-20 03:06:47,2017-08-20 03:24:14,2017-08-21 22:09:01,2017-08-26 13:56:42,2017-09-13 00:00:00
3ff7c1060eb0e7df8516ff9025461875,7f8faf5d573a53452104ee839d57e671,delivered,2017-11-08 18:18:31,2017-11-09 22:35:28,2017-11-14 20:14:05,2017-11-24 15:48:41,2017-12-06 00:00:00
401fb6dadb664eaebc2a116c4672147f,695b3f029f6e0a7658ea10df85afcb3b,delivered,2017-09-14 18:07:33,2017-09-15 02:15:24,2017-09-15 19:28:08,2017-09-25 18:47:56,2017-10-02 00:00:00
402094e1d8f8b5f681f962bc2554345a,a9cade3439281b14f81dbaa4ea56242c,delivered,2017-11-24 20:06:04,2017-11-24 23:14:53,2017-11-29 00:02:29,2017-12-13 20:32:54,2017-12-21 00:00:00
402aa244b88b67e5cc97b78f03488534,ce5b4e25d215256b0416af19bde155a6,delivered,2018-06-12 21:30:46,2018-06-12 22:01:07,2018-06-13 15:11:00,2018-06-19 01:05:40,2018-07-03 00:00:00
4030d047c111d2d8a990c6ccfd9e4081,571801f07099892d51d446575f25c857,delivered,2017-06-14 17:34:55,2017-06-15 03:10:15,2017-06-16 14:16:20,2017-06-26 14:27:30,2017-07-07 00:00:00
403ee67b92b2fc4c2c2ece77d61b168c,ad38953c83078a2435f08d54d39ee7c9,delivered,2018-05-05 11:09:09,2018-05-05 11:33:42,2018-05-08 14:33:00,2018-05-11 14:57:03,2018-06-12 00:00:00
40480952d51c22285abc3b9a16595822,0503eb802fe69a16beabc757cdfa27a7,delivered,2017-08-29 12:28:02,2017-08-29 12:45:50,2017-08-30 19:44:45,2017-08-31 15:40:22,2017-09-15 00:00:00
404e2c2a9c8b32e2c57597440e356f2f,43d6a236549309414a019142fee226f3,delivered,2017-12-04 21:49:26,2017-12-05 10:30:46,2017-12-08 17:18:27,2018-01-15 15:29:01,2018-01-02 00:00:00
40516474d4dead1446fa9e9ae60d233a,59e7eac5aa0ac369fae8fd25b9248058,delivered,2018-02-08 08:39:50,2018-02-09 10:11:51,2018-02-14 19:22:46,2018-02-27 23:02:01,2018-02-26 00:00:00
4055525efb230dfd940236b7888f2012,a801360fcad89119ab97d96f5818e379,delivered,2018-07-19 11:18:36,2018-07-19 11:30:34,2018-07-19 14:17:00,2018-07-23 23:41:51,2018-07-27 00:00:00
407650da5ce96e8de0290f05086d3b49,c2fc0c3b579720212343725ebfdbad6c,delivered,2018-03-31 13:18:49,2018-03-31 14:07:58,2018-04-02 20:34:47,2018-04-03 22:37:43,2018-04-12 00:00:00
407fe646704ea7828e324c8ef7e7e616,8514e0aeceab9ef5bc9c2e86392cd6e6,delivered,2018-07-23 15:44:35,2018-07-25 02:55:20,2018-07-25 12:28:00,2018-07-31 17:58:44,2018-08-10 00:00:00
408b675f9e40be5250625c8c70472409,c5e7d668bb18948a7bd56396e9a261a1,delivered,2018-07-19 10:44:21,2018-07-20 12:55:22,2018-07-20 14:07:00,2018-07-26 18:12:27,2018-08-08 00:00:00
408e91bfedadd9e3a02ea46af7e6cb4e,25cdd696ed4c3f8f9b78a59a6b5cfcad,delivered,2017-08-01 09:32:24,2017-08-02 02:50:47,2017-08-02 15:17:06,2017-08-08 15:37:42,2017-08-15 00:00:00
40a1c5c49a15e72aac742ee4ff8308b5,dfdeaadc8b16289da161229b0fea3ab9,delivered,2017-09-15 11:48:18,2017-09-15 12:05:08,2017-09-18 20:32:03,2017-09-29 20:47:43,2017-10-04 00:00:00
40a59440b8edfb3c3b493a7df101a0ac,c320b2d7c4d59481ab82858524fd7758,delivered,2018-02-20 22:23:33,2018-02-22 02:10:43,2018-02-22 19:07:52,2018-02-23 22:28:59,2018-03-06 00:00:00
40bb654f08a089c46353cea13d590ac9,73681df190083ea166315c4a23598f83,delivered,2017-03-07 09:35:48,2017-03-07 09:45:17,2017-03-08 09:42:43,2017-03-20 15:32:54,2017-04-11 00:00:00
40bdd1ba5a9602677ba0603dfb0a659a,84a22b3c70a45448e31515cd1b42a88e,delivered,2017-10-10 11:10:25,2017-10-11 16:49:23,2017-10-18 16:20:06,2017-10-19 16:51:52,2017-10-23 00:00:00
40e0f6a96881e259b2be8697beab436c,a9788f35d5509bcac1bbb6f98b384d88,delivered,2018-01-03 10:12:17,2018-01-03 10:26:56,2018-01-11 22:34:26,2018-01-12 22:45:12,2018-01-19 00:00:00
40ea2ea8a722cafe20d875802ea20dd7,d5f6d8f3425f5f505c5662c51ef396f3,delivered,2017-10-21 15:44:17,2017-10-21 15:56:21,2017-10-24 22:51:57,2017-10-31 19:42:55,2017-11-10 00:00:00
40ea731f6fa10cf721b503b64f3b178e,56db056a50c2c0e00ecb1a9f15d92ce0,delivered,2017-07-18 08:52:43,2017-07-19 07:10:14,2017-07-20 18:46:36,2017-07-28 16:04:35,2017-08-08 00:00:00
40ec2cf5cb1eb0bf1ea2b117552fecb5,c9de938da00c05ca53a91f3c9b958abc,delivered,2017-11-09 08:55:21,2017-11-09 09:06:35,2017-11-09 17:37:07,2017-11-21 00:12:15,2017-12-05 00:00:00
40fdebf7099c66b23f5856729f82a68a,96b80763a9e40ec80e13ab289a3296b7,delivered,2017-07-12 10:59:26,2017-07-13 02:50:32,2017-07-13 18:05:58,2017-07-17 21:10:47,2017-08-01 00:00:00
41490608ca43942cf4ac60d48275a230,65aac1297cd0a4877068df3157002005,delivered,2018-05-17 17:55:54,2018-05-18 17:55:41,2018-05-21 09:08:00,2018-06-04 15:42:10,2018-06-11 00:00:00
414fe5cf5ccc8afed3c265aede6cc37d,cd35dd0b8e59b051825c99ff42983181,delivered,2018-01-10 19:34:02,2018-01-10 19:50:26,2018-01-11 19:10:06,2018-03-08 19:18:35,2018-02-14 00:00:00
4155cce59e4c6284e17f9143818b2906,9d098d2af436a0531e84635ee48f79e0,delivered,2018-08-15 21:08:32,2018-08-15 21:23:53,2018-08-23 14:23:00,2018-08-28 02:32:46,2018-09-03 00:00:00
418aaa61ff9515614340e03422fed9c9,bc94fe20172cefc3e041019d0192caff,delivered,2017-03-12 14:02:57,2017-03-12 14:02:57,2017-03-14 10:44:58,2017-03-17 12:06:13,2017-04-03 00:00:00
418e52c121e971463d3804676a3042a2,f48c05d30461f65385a92cb74f73a934,delivered,2018-04-29 12:39:11,2018-04-29 13:33:50,2018-04-30 11:39:00,2018-05-07 16:21:37,2018-05-23 00:00:00
4198d0f2bb36652e0d18c1f7bbf3b6af,38a82a516c3ba8e40fa79b580d9855cb,invoiced,2018-04-16 11:17:01,2018-04-16 11:31:31,,,2018-05-03 00:00:00
41ad2ae32ee66c07ef3b0301ba02ad27,5c7f8d14a0a12198d1d07167d7d343b3,invoiced,2017-11-24 15:54:47,2017-11-24 19:33:24,,,2017-12-18 00:00:00
41db0ab7c0c615a697ca63860cd13a33,71d0aa2c2ddf9293f7a1855c366ec21e,delivered,2017-11-14 16:57:27,2017-11-14 17:15:24,2017-11-16 22:19:02,2017-11-21 17:21:59,2017-12-07 00:00:00
41f1c1e22e7befb68bd39a783477ffb2,44306d7723c799b747e4da79f288de07,delivered,2017-09-16 22:40:42,2017-09-17 01:10:08,2017-09-19 17:48:09,2017-09-20 18:03:13,2017-09-28 00:00:00
42061993a7f760c55ad0f98cb2b7bfea,c5944790d706b37542a28213a9761022,delivered,2018-05-07 18:32:11,2018-05-07 18:50:09,2018-05-10 15:47:00,2018-05-11 20:22:45,2018-05-21 00:00:00
4207ad8e0e4e4070f271c930d25f72d7,2d2b1b42705b2f080c47fb2c46db46f6,delivered,2017-10-09 19:42:43,2017-10-10 23:09:18,2017-10-13 13:59:11,2017-10-23 19:23:48,2017-10-31 00:00:00
4208d8402138f772f9c189a1859e1f55,def8021341a1466f13686e05d39bc2c6,delivered,2017-09-22 17:01:34,2017-09-22 17:10:56,2017-09-25 23:22:13,2017-10-01 13:03:03,2017-10-18 00:00:00
4212c4acae39b267aabc4696d873cbcf,80dfe2f69a889e178b3b4d964db72f3d,delivered,2017-02-21 14:25:22,2017-02-22 14:30:19,2017-02-24 13:29:55,2017-03-03 13:45:57,2017-03-22 00:00:00
421e787a5dec780e5db14facee9bdab5,ef4b4f3a32448a53c0692f135e4e9bbb,delivered,2018-01-09 19:08:15,2018-01-10 10:32:23,2018-01-11 18:38:58,2018-01-19 09:09:47,2018-02-06 00:00:00
4224f44695338cfa528e9a57d8cbd1e5,d3df02177d82cf2102f7448e9764dee6,processing,2017-05-19 20:21:43,2017-05-19 20:35:11,,,2017-06-16 00:00:00
4225edaa7ed111e8f866bb6e60e2152b,8250dfe1c841af9f5e6b0323ac3de100,delivered,2018-04-14 10:14:07,2018-04-17 05:55:46,2018-04-17 22:02:54,2018-04-20 22:37:25,2018-05-09 00:00:00
4240d84451ff02c5a7f3f34926699cd9,1072ac5dc4911bd53dd08f11d024ce2a,delivered,2017-12-01 15:32:44,2017-12-05 04:13:27,2017-12-05 20:44:52,2017-12-12 20:44:10,2017-12-29 00:00:00
4266cc59dbee85121deb59ebfcf36eae,7e4a91675986931608b18f4ade346efb,delivered,2017-10-05 13:16:25,2017-10-05 13:28:15,2017-10-06 14:10:04,2017-10-13 16:59:00,2017-10-30 00:00:00
4293c08add04a8db68205c16fcb0554f,cbd80968cb96e3a59fcce491c3788b29,delivered,2018-07-26 09:42:36,2018-07-26 09:55:14,2018-07-30 14:17:00,2018-08-07 01:07:48,2018-08-30 00:00:00
42a06602c542e66dd5a4377a0270320a,8f94ce3dcd293ee4ec6135cd00220016,delivered,2017-03-04 21:08:40,2017-03-04 21:23:13,2017-03-14 16:02:25,2017-03-22 10:14:19,2017-03-31 00:00:00
42a1ac4cb7d28070b0c76e92bac2e087,10534aa113c7fbf11192c2e7f2763052,delivered,2018-04-03 17:45:41,2018-04-04 17:50:26,2018-04-05 17:37:35,2018-04-17 23:32:34,2018-04-27 00:00:00
42ba06ad0483c398c580ede8b5bf35a1,97b1cb51e2cb2db7fee990c573939326,delivered,2017-12-01 19:16:43,2017-12-02 02:52:02,2017-12-06 16:05:49,2017-12-15 20:46:37,2018-01-10 00:00:00
42c37b18445759836227d8f05e252d10,9a220d775bcd3ba306012ee934bc5298,delivered,2017-10-09 20:58:09,2017-10-09 21:14:14,2017-10-10 19:33:59,2017-10-18 17:07:38,2017-10-31 00:00:00
42ffa304e7e734f00e981f377dd18640,b050c06fc1598b88202301da05929d26,shipped,2017-05-06 14:29:00,2017-05-06 14:42:02,2017-05-09 07:38:08,,2017-06-02 00:00:00
43150008aa4569cfef4be756bd7dbdd3,df6ac95338050880eb8d4c94baea71f9,delivered,2018-01-05 20:47:24,2018-01-05 20:55:55,2018-01-10 16:34:50,2018-01-17 21:37:31,2018-02-05 00:00:00
4320677b3638816c46bb7ecdf9533fd0,70c464461bb3e1353832e03d6902f69e,delivered,2018-06-12 22:55:46,2018-06-12 23:21:42,2018-06-15 10:34:00,2018-06-28 17:47:16,2018-07-19 00:00:00
434455c454a49013064dfa54585892fc,5ef2d0d20efcd63c0d0af8b7bd1fe3c0,delivered,2018-03-28 08:03:41,2018-03-28 08:15:19,2018-03-28 17:59:47,2018-04-09 10:51:51,2018-04-20 00:00:00
43581787775b8fbac5c4d6dfb76ee984,be6645038a9412d0d4ca9261f268b11c,delivered,2018-04-17 23:08:45,2018-04-19 02:35:11,2018-04-20 19:42:48,2018-04-24 16:35:05,2018-05-14 00:00:00
436a28a029a7c89474beca1de4f02a29,f4a0b03123787bc57fd4fcd6ca35dbf7,delivered,2018-03-27 19:51:12,2018-03-29 03:28:52,2018-04-03 20:48:23,2018-04-11 23:31:39,2018-04-19 00:00:00
436a9aef30267664e39faf27982b0921,4cc13a45f4e9258fae06b75f27440b11,delivered,2018-06-25 21:22:44,2018-06-25 21:37:36,2018-06-26 15:11:00,2018-07-10 18:55:46,2018-07-05 00:00:00
4381fa4ba1b423dcee980233d6b29d76,161d5918318f43d8a835ef606e0e5ba4,delivered,2017-02-04 19:01:27,2017-02-04 19:15:23,2017-02-07 08:53:53,2017-02-21 14:56:38,2017-03-15 00:00:00
4399f0c95ac804e27baf82ea7799b102,60082cc2efb1b4d5c56da49fec0afcb1,delivered,2017-07-25 15:47:06,2017-07-25 16:03:22,2017-08-02 19:53:45,2017-08-04 19:48:57,2017-08-23 00:00:00
439f6d37b8ba10b7ba975f29ed951beb,ff590ff108857c7fab00afa99366dcec,delivered,2018-08-19 09:49:20,2018-08-20 11:10:21,2018-08-20 13:46:00,2018-08-21 15:48:50,2018-09-13 00:00:00
43a95930524a9c5388fa5e417dc23241,6b74b5483a6f18c2538a9c848e50b4cd,delivered,2017-11-04 12:14:16,2017-11-07 09:30:58,2017-11-07 17:16:46,2017-11-20 21:38:12,2017-12-06 00:00:00
43cdace79982e3365d435048c203cde9,14b7979700eeefcb40f5b2f054fbee53,delivered,2018-03-11 11:40:39,2018-03-11 12:20:32,2018-03-12 21:50:42,2018-04-03 03:08:46,2018-04-02 00:00:00
43ceb3a1cbff88e05eab7e0bea014063,42181d2a18624a4742ebf8c8c11d8b55,delivered,2018-05-23 07:59:31,2018-05-24 02:34:29,2018-05-24 14:17:00,2018-05-28 16:28:49,2018-06-06 00:00:00
43d0e984f7e7256bce2b8f15fdfef0dc,1575a1538d2879dce4c6c8669c661ed5,delivered,2018-06-24 21:46:56,2018-06-24 22:13:46,2018-06-25 13:12:00,2018-06-28 14:47:23,2018-07-20 00:00:00
43d1fe9178de269c073056a519bac11f,161f3380ccb34f88074059e8cc916863,delivered,2018-03-19 14:33:11,2018-03-19 14:49:37,2018-04-18 19:22:35,2018-04-26 19:04:18,2018-04-30 00:00:00
43df7d0ebdaa1d4df7b8f25e2fc50fd8,75cd35c0927c7331c98da835c8718baa,delivered,2018-06-11 17:22:06,2018-06-11 17:40:12,2018-06-13 14:33:00,2018-06-26 22:21:44,2018-07-17 00:00:00
43e6d698fe37c6ba287d6b20d552a8aa,ea86b67280b47ccf7168049027606125,delivered,2017-07-07 07:50:28,2017-07-07 08:06:29,2017-07-10 13:11:59,2017-07-20 19:42:35,2017-08-08 00:00:00
43e9d6cfdcf9eaad45b8fb0a3ebcd521,8b02f8ef59c26d8b31e7d0b9e844a680,delivered,2018-03-18 20:16:55,2018-03-18 20:30:26,2018-03-19 19:28:22,2018-03-20 20:24:41,2018-03-29 00:00:00
43eb55273f90173602132799e81d95e2,39f021a5b9c2d0ee4533c4e62c702a3d,delivered,2018-08-19 17:35:45,2018-08-20 12:35:43,2018-08-22 12:35:00,2018-08-23 19:44:43,2018-08-24 00:00:00
43f637f4ddf1f51c9a9ab9a34856d259,fbb505a3f8346cc167d1ffaadeadc22f,delivered,2018-02-11 23:34:20,2018-02-11 23:50:36,2018-02-16 18:25:36,2018-02-19 20:17:36,2018-02-26 00:00:00
43f8e020752c67130ddf027e0297291a,964343a3f8a65e01ffad1b9bfaa7d7e9,delivered,2017-01-26 17:40:03,2017-01-26 17:50:13,2017-01-27 17:34:52,2017-03-10 05:41:43,2017-02-22 00:00:00
442a9587ce4b40a5d801427b6c0a5383,a129130357a247067beac84dbb5dc745,delivered,2018-08-17 11:48:58,2018-08-17 12:09:37,2018-08-20 15:56:00,2018-08-24 17:18:49,2018-09-03 00:00:00
442c20f1686da98436dda5a6c7c52e16,2b33fb50f4ecaf4910139c4e303e2cf0,delivered,2017-11-24 22:40:33,2017-11-25 01:38:29,2017-11-28 15:12:22,2017-12-05 19:06:10,2017-12-22 00:00:00
4431ef82561b8626af05cf6e4c30f8a6,9d1c8a11d15c3bd2b813cab5608792be,delivered,2018-04-14 17:22:01,2018-04-14 17:32:14,2018-04-17 20:18:42,2018-04-19 20:56:45,2018-05-10 00:00:00
444526825b5ea49c9405bd0d08fb8548,c04c34ebf85dbdc5d2d0054593e34bd8,delivered,2018-04-07 01:12:14,2018-04-07 01:28:13,2018-04-12 20:01:58,2018-04-17 17:09:01,2018-04-30 00:00:00
4460d444aff619a6e34f6080d64a3e73,6e1f1a05297f39ca54b3949e68c9a0a6,delivered,2018-03-15 16:31:03,2018-03-15 16:49:07,2018-03-16 20:12:51,2018-04-06 17:39:29,2018-04-17 00:00:00
44676f5946200b6318a3a13b081396bc,9d3da05c54f78aa53bbf63126a911b72,delivered,2017-11-29 11:27:12,2017-12-01 11:32:09,2017-12-01 22:28:59,2017-12-19 19:29:37,2017-12-26 00:00:00
4474caba80193ac70c8175e131162240,d1708296fa2d1858568bac4e9ea907bf,delivered,2018-02-05 08:33:59,2018-02-05 08:50:23,2018-02-07 19:52:34,2018-02-19 16:03:50,2018-03-05 00:00:00
448e3433c1fdb3dc2678294be291a7ec,5f3f626700a3d4f153ae552760785e79,delivered,2018-06-29 09:30:46,2018-06-29 09:49:42,2018-06-29 14:58:00,2018-07-05 19:17:48,2018-07-25 00:00:00
4493ce8729200aed0eca9d3ae8bcc57c,fdb7c8642c7871242f295fde2b25bad6,unavailable,2017-02-02 10:43:43,2017-02-02 10:50:18,,,2017-03-13 00:00:00
4493e45e7ca1084efcd38ddebf174dda,a1fa003a1a17fc47164251e0e85034f7,delivered,2017-07-11 20:56:34,2017-07-13 02:55:24,2017-07-14 20:49:34,2017-08-14 21:37:08,2017-08-14 00:00:00
449a5c83325ac51d98c821405c503183,744472d5342f14d99da7aac037d88721,delivered,2018-01-22 23:09:08,2018-01-22 23:18:29,2018-01-23 20:51:43,2018-02-03 07:23:05,2018-02-20 00:00:00
449fd66fb16ef36b8f48f9f1f6dfdd3d,e532665b23b3d9fcf965342ea38a1ab7,delivered,2017-02-21 14:29:03,2017-02-23 02:50:43,2017-02-24 13:12:48,2017-03-03 14:07:49,2017-04-03 00:00:00
44a7a7517b62c54dff21797684d6425d,a5051052c4be00ce48877050cb00b70c,delivered,2017-09-17 10:03:12,2017-09-17 10:10:18,2017-09-18 19:02:38,2017-09-27 17:43:00,2017-10-11 00:00:00
44b24f94400635cc1f692121bc4ef110,a302b9b1e9bad4553e418417b0eb0e6f,delivered,2018-02-02 22:48:30,2018-02-02 23:10:55,2018-02-08 20:57:41,2018-02-17 17:18:38,2018-03-05 00:00:00
44c29a73f92d2ec846b75feec8e70e81,c15fc378c7f70bbd1c40570e6b4a69d2,delivered,2018-06-01 08:18:56,2018-06-01 08:32:28,2018-06-01 12:47:00,2018-06-06 21:35:47,2018-07-11 00:00:00
44ce6def1c74186615c88a02d09abcb2,7d32094fa9c3a39dc91a3947cbef7a13,delivered,2018-02-12 17:16:09,2018-02-14 10:27:11,2018-02-14 20:04:11,2018-03-12 22:51:13,2018-03-07 00:00:00
44cf3a952d8e1d64780add94ffd74dfe,ed17f7cfab06ad5010c569513a1093d4,delivered,2018-04-25 01:19:54,2018-04-25 01:30:53,2018-04-30 16:40:00,2018-05-05 00:26:30,2018-05-17 00:00:00
44e39cef43dc4c715a13ab687ba2c081,74b3e52242a168f2146e40d41f3f0399,delivered,2018-05-07 16:37:35,2018-05-07 17:56:57,2018-05-08 13:41:00,2018-05-14 17:51:55,2018-05-25 00:00:00
44ed504dda677f0c2509cf533ceffba9,9c33dfce6c598c5937553e844591e0ca,delivered,2017-11-24 13:03:08,2017-11-24 15:14:58,2017-11-27 19:48:53,2017-12-01 21:51:53,2017-12-18 00:00:00
44ee389142c744e5c8e7b6c8343dbdc7,33e0063ceed8499d4c9906865945665c,delivered,2017-05-11 10:51:40,2017-05-11 11:05:15,2017-05-16 08:03:35,2017-05-19 11:27:50,2017-05-31 00:00:00
4505b87dc4843da73734e3e1a6537999,1cb8d99f2db06ce29268139361108976,delivered,2018-07-06 16:35:33,2018-07-06 16:51:16,2018-07-11 12:15:00,2018-07-13 15:53:59,2018-07-20 00:00:00
452df40bad490f0cf38ce75e50211a1b,a46c4e25417e41645e2caf1572bcdfda,delivered,2017-12-29 13:09:14,2017-12-29 13:19:17,2018-01-03 21:17:04,2018-01-05 17:32:53,2018-01-24 00:00:00
453b1d86b22e9fdb0d1da9c446dd2828,0afa45aa9b2befa48d4056a9037aeaaf,delivered,2017-11-28 15:52:31,2017-11-28 16:17:30,2017-12-01 22:09:09,2017-12-14 16:21:29,2017-12-19 00:00:00
45445c1dfdf9122c4399129db31fba89,81b8504d897e4dabca7424e885648de3,delivered,2017-08-06 19:24:26,2017-08-06 19:43:21,2017-08-08 20:45:37,2017-08-14 21:51:43,2017-08-30 00:00:00
455bef37f8ae2d5a8d99c72a6ffdbb6e,b5c5be1de00553c776989382afa26cef,delivered,2017-12-10 12:44:44,2017-12-10 12:55:54,2017-12-11 22:28:39,2017-12-29 21:54:51,2018-01-09 00:00:00
455f52f12a5c5e4dbb291823daafc2ab,d81067f5a2e50e54cb03a4a2e1294618,delivered,2018-04-10 08:12:04,2018-04-10 08:29:25,2018-04-11 17:42:55,2018-04-12 18:02:22,2018-04-20 00:00:00
456115679f3b40b36e79c9d0713bcc9e,315218f1c9ab6d8def6f51aec63eb190,delivered,2018-03-23 15:41:14,2018-03-23 15:55:33,2018-03-29 21:18:47,2018-04-12 17:46:31,2018-04-26 00:00:00
457ade8093de88b42998c569334a7864,1fb8ff22dad231d26fc7ecde2e2dc27a,delivered,2018-05-08 17:17:29,2018-05-08 17:35:41,2018-05-11 19:14:00,2018-05-14 15:27:45,2018-05-25 00:00:00
45973912e490866800c0aea8f63099c8,912f108a7026f25f99240a5c4c60e2c3,shipped,2016-10-07 22:45:28,2016-10-07 22:58:37,2016-10-26 13:18:16,,2016-12-01 00:00:00
45a0a5dc315fa233270e5c4778e54e87,4eda266abd3a03ee67083efeaebc853d,delivered,2017-09-19 11:20:37,2017-09-19 11:37:03,2017-09-20 21:03:34,2017-09-21 20:23:55,2017-09-29 00:00:00
45af143724bdd26ce96b34fbb2d98f0c,404947e4bfbf5a96d84e4451a22e4012,delivered,2017-10-21 17:12:48,2017-10-23 11:32:28,2017-10-24 14:38:33,2017-10-31 21:39:37,2017-11-09 00:00:00
45b8bb0bfeacbf5aebe4c3f5cbcd2b06,0734e8ed607954bb0d89e1d9435cec68,delivered,2017-03-13 23:46:04,2017-03-13 23:46:04,2017-03-14 10:22:22,2017-03-16 10:34:23,2017-04-03 00:00:00
45d40c41efa3e7f0603b753465305bab,b70ae91b190a35c8b6341211d3b10bd5,delivered,2017-07-24 15:52:29,2017-07-24 16:05:52,2017-08-16 17:37:55,2017-08-28 22:35:04,2017-08-21 00:00:00
45d529cd3cced900c59bb90bd0a19ea1,ba42e1814205f030af1ecffbd2450712,delivered,2018-04-29 19:19:56,2018-04-29 19:35:30,2018-04-30 11:08:00,2018-05-15 15:13:39,2018-05-24 00:00:00
45d9d23c62d17d0c6aadb813d38831b3,3ce492ad96766976c6673d3e1abf681a,delivered,2018-03-01 21:57:20,2018-03-01 22:10:47,2018-03-04 09:59:56,2018-03-08 21:36:36,2018-03-21 00:00:00
45e646cf27d13009d98af6e85560a499,a9e109d30979d4afa7edc0409a64aedf,delivered,2017-08-15 09:26:10,2017-08-16 11:05:21,2017-08-16 21:22:16,2017-09-14 19:31:55,2017-09-19 00:00:00
45e64bfe511bd5e24d56e200e29631b7,3623d890daeaa98627c13355885d1a88,delivered,2018-07-16 17:55:41,2018-07-17 06:41:02,2018-07-23 15:08:00,2018-07-27 19:41:47,2018-08-07 00:00:00
460673777918e7a42a262293341ae7d5,6f352988122e277e645d36a012e66bcb,delivered,2018-02-07 22:38:41,2018-02-08 22:30:24,2018-02-09 16:56:51,2018-02-24 18:06:45,2018-03-05 00:00:00
46081612169925ef8882b3bbf1c5011d,75ed40e82dfc05de3c82d79a73f4b48e,delivered,2017-01-23 08:35:27,2017-01-23 08:50:09,2017-01-23 13:45:25,2017-01-27 14:27:51,2017-02-28 00:00:00
4615129c8ec596bf8b287b95934c7b78,e97bba2718a6ad6031cd22ec08306c0a,delivered,2018-05-03 17:03:37,2018-05-05 02:35:11,2018-05-07 14:34:00,2018-05-11 22:08:55,2018-05-25 00:00:00
462972b78b68d10c722c8ba3f5ba4cfd,91f4aa4ff5d3ddf68322f4df3ed44212,delivered,2018-01-14 16:03:51,2018-01-14 16:12:24,2018-01-17 20:29:02,2018-02-07 18:23:05,2018-02-20 00:00:00
462ec2e1d2a6a3ae425fdb77837d326d,9e79faf37d10edc76b6b7076887794ee,delivered,2018-05-09 17:17:57,2018-05-09 17:36:21,2018-05-10 16:16:00,2018-05-25 16:21:07,2018-05-30 00:00:00
4638df545f7ab35cb2e4ed4bcb490e17,2003c2365837ed9b6c7e6ec2780797b3,delivered,2017-09-07 19:35:39,2017-09-07 19:50:24,2017-09-22 16:28:50,2017-10-07 13:23:08,2017-10-05 00:00:00
463cefaa4147d39621500e986396b5cf,2d9765abf313219e40efb7770ea42025,delivered,2017-12-08 17:31:28,2017-12-08 17:53:37,2017-12-11 20:47:02,2017-12-28 16:32:49,2018-01-15 00:00:00
463f34a9bee899d2d1f5f08af0c86d06,9d251ecab0a3f11908e5e048e5e14112,delivered,2018-01-13 10:27:57,2018-01-13 10:38:29,2018-01-16 01:28:20,2018-01-19 18:26:41,2018-02-15 00:00:00
4645204bfe0435a74ce5ada0eb4458ae,7683dfaaadfb136aec1a583e782ec5f3,delivered,2018-01-05 22:14:58,2018-01-05 22:48:00,2018-01-10 15:02:23,2018-02-07 19:59:01,2018-02-05 00:00:00
46502a9584712989d3872f32e0e2176c,dbab122afe1a7ac161c29bc789f595d1,delivered,2017-07-02 17:56:35,2017-07-02 18:05:25,2017-07-03 14:57:55,2017-07-18 13:32:53,2017-07-27 00:00:00
4660bb9edc05ee0d35c8aeaa896f3300,07b7a2a5a3ebe3920967901fd96c0a5f,delivered,2017-11-13 12:05:59,2017-11-13 12:15:46,2017-11-16 22:38:34,2017-11-21 17:03:32,2017-11-27 00:00:00
4688d8a3d2db532497201af1f0f69376,552fd364da2bb5d699a6079aa01270f7,delivered,2017-03-30 00:03:46,2017-03-31 01:15:10,2017-04-04 11:19:05,2017-04-10 18:08:13,2017-04-27 00:00:00
46ab3e1c2c3eed0ed5bd72930759d25e,a2f9ee83cc551cd380ebf53a01e7893b,delivered,2017-10-02 13:34:45,2017-10-02 13:49:48,2017-10-06 18:29:12,2017-10-18 13:23:13,2017-10-24 00:00:00
46bdbe48b6f5daa3dcc38e41599d0403,6830dbb35377688e46e1eed5351727cd,delivered,2018-02-15 20:53:59,2018-02-15 21:06:40,2018-02-16 19:25:09,2018-02-23 18:13:59,2018-03-12 00:00:00
46c123d65d1a90feca91b6c4cf104633,936abf93c937d29a4a350eb38faf8f13,delivered,2018-08-27 14:39:21,2018-08-27 14:50:20,2018-08-29 07:11:00,2018-08-31 00:56:34,2018-09-03 00:00:00
46cfd37753bbd00f768165cf4cb7ace1,f648883563c14819f5e6419f89c6be9e,delivered,2017-10-26 01:34:57,2017-10-26 01:49:09,2017-10-26 18:03:26,2017-10-30 16:27:38,2017-11-14 00:00:00
46d0f76081021815e170035bdef4c828,7dcbe502ff17e2a150de35c16eaca314,delivered,2018-02-26 09:39:24,2018-02-26 09:55:32,2018-02-26 22:40:16,2018-03-20 21:14:40,2018-03-21 00:00:00
46f25e7d703d3c2141818cd05b8819d8,9e978f16c7aa4947054853572df18e06,delivered,2018-06-19 16:49:58,2018-06-19 17:26:33,2018-06-25 13:11:00,2018-07-03 20:42:58,2018-07-18 00:00:00
46f8ad0d98c5c3731e1e7988e45f4a4c,c2c6de553b9ae7dc0ca347bbabfa376b,delivered,2017-12-25 23:24:59,2017-12-26 13:28:43,2017-12-27 20:47:55,2018-01-10 20:13:55,2018-01-26 00:00:00
4719ca093902a5a5aa18812a9750247e,e78af7d99da7fd983bbfc4a324d38743,delivered,2018-01-18 20:22:19,2018-01-18 20:33:35,2018-01-19 16:39:01,2018-01-22 20:36:58,2018-02-02 00:00:00
471a6da1b73e8e40114d97f64ad384b7,b2300f06092fdfd34385f05cb958e112,delivered,2018-04-27 15:11:29,2018-04-27 15:32:54,2018-05-02 16:26:00,2018-05-08 17:34:46,2018-05-15 00:00:00
4728d981da8b9d9e9fb4c7c069e46509,9ea72efdba6e23e3f17163fa0a8ef164,delivered,2018-07-05 18:23:08,2018-07-05 18:35:24,2018-07-10 14:48:00,2018-07-13 19:31:21,2018-07-27 00:00:00
4735d69a263ba04fa00533b8f3d317b1,0d380cd86105a9cb8abf440e29132168,delivered,2018-05-04 19:53:23,2018-05-04 20:15:17,2018-05-07 12:15:00,2018-05-11 23:56:36,2018-05-22 00:00:00
474a5a5d176b5d84afe62cdfa7d69dd9,aa75863809ddc7b14204b1040b6f79e8,delivered,2017-05-22 16:17:30,2017-05-24 07:42:38,2017-05-25 10:13:42,2017-06-05 15:37:29,2017-06-20 00:00:00
475daaf912c5d6077ae695875f9e02dd,af19987afaab941ddba949ef09e2b393,delivered,2017-09-02 14:17:54,2017-09-05 04:44:23,2017-09-11 17:06:55,2017-09-18 18:35:11,2017-10-09 00:00:00
47718199d2ca56a38ae8cfccc158c692,98a06a6332545015fba5269ad5dc4f5c,delivered,2018-01-30 15:54:34,2018-01-30 16:43:43,2018-02-01 17:31:44,2018-02-19 19:52:20,2018-02-21 00:00:00
47999a7490ff2905f7ca3da2edcc9c52,920f397f9443bbf5775f7e99a2245890,delivered,2018-04-12 22:26:12,2018-04-13 13:30:32,2018-04-14 00:09:27,2018-04-18 13:48:41,2018-04-30 00:00:00
479b6ef981f240df12226a5ba0abffef,5176f5c4d07111ebc72ac16365971ae1,delivered,2018-07-22 21:48:14,2018-07-23 12:31:45,2018-07-24 14:49:00,2018-07-27 15:58:52,2018-08-01 00:00:00
47bc2fbe3e9b64a723dd530a4f1612b8,308979f2faf0919392503a7818aefcb1,delivered,2018-01-26 15:49:31,2018-01-26 15:58:28,2018-01-30 23:34:43,2018-02-16 22:42:21,2018-02-22 00:00:00
47c1158d35b8d9f0453d5f2ddbbcb3b0,b0c33e271d5098a6280aeaecf3e48639,delivered,2018-07-20 12:18:44,2018-07-24 11:31:40,2018-07-26 11:02:00,2018-07-31 14:50:57,2018-08-14 00:00:00
47cb6230e12948960e82a4924f9ca0b1,33a37e2f0ce971293fb3386e246e851a,delivered,2018-04-09 20:09:44,2018-04-09 20:30:05,2018-04-11 21:03:40,2018-04-12 13:09:33,2018-04-19 00:00:00
47e488415ce9fda6fee06ab849f35ec0,e9e92bb69da148861d99774aea4209b7,delivered,2018-02-12 11:51:40,2018-02-12 12:05:33,2018-02-14 18:06:01,2018-02-20 18:37:38,2018-03-08 00:00:00
47e8ba7c05a52927e500dfc927b74031,94d5ee043c24f4eddfb22dc2bf38deb4,delivered,2018-01-30 15:29:52,2018-01-31 13:31:40,2018-02-05 15:22:13,2018-02-06 20:15:15,2018-02-15 00:00:00
47ee6fec7ba2a39c23a7c84127e1fac9,e51c1096bac2b1c14e3f8a0e24ad0520,delivered,2018-03-04 10:40:02,2018-03-04 11:29:21,2018-03-06 03:48:24,2018-03-20 00:42:32,2018-03-26 00:00:00
47f545499e9ca5a70d3ec65e4e70adfd,a8fcf3c59c8a2f8f63406e1404dea784,delivered,2018-04-07 18:25:28,2018-04-10 03:55:37,2018-04-16 22:36:28,2018-04-20 22:40:54,2018-05-02 00:00:00
47ff8d381edb0deb837f57d7805f0a56,d849cb7234793ea46649de5ac4fbc012,delivered,2018-03-02 12:01:02,2018-03-02 12:40:19,2018-03-09 22:55:24,2018-03-18 14:07:47,2018-03-14 00:00:00
481010fdaf8e172cda436faedf27159d,5d1c37b8609924b2cf505b304ed075c6,delivered,2017-10-14 16:25:43,2017-10-14 16:35:20,2017-10-16 21:59:59,2017-10-17 16:49:56,2017-10-26 00:00:00
481075dd01a45aee93425cfdf090a8ca,b4f98a2a8fcc3ce83778e182b1560400,delivered,2018-07-27 06:35:31,2018-07-28 03:35:15,2018-07-31 15:40:00,2018-08-07 15:59:30,2018-08-22 00:00:00
4817db123f2751c4c12805d5715a51c5,3b1b170d99927389f0705dd404d95083,delivered,2018-04-16 20:42:25,2018-04-18 07:11:31,2018-04-18 19:16:54,2018-04-19 19:42:48,2018-05-03 00:00:00
48182f93c2c0bc28cb145431fa5bcc16,2069a41636b7238c9ebb007af92e652f,delivered,2018-07-25 10:13:31,2018-07-25 10:25:25,2018-07-25 14:53:00,2018-07-30 18:48:34,2018-08-09 00:00:00
48275cf565f4ea4f291da07bbbc7d330,48feef90ef337d61dbd501ba9fdec246,delivered,2017-02-12 17:28:07,2017-02-14 04:15:24,2017-02-14 08:30:27,2017-02-21 13:17:57,2017-03-16 00:00:00
484ab8a13180429b94330c723289a4f2,8ebb42233d9090807b6879b1eb1631bc,delivered,2018-07-18 11:43:30,2018-07-19 11:42:55,2018-07-20 12:29:00,2018-07-21 16:38:39,2018-07-26 00:00:00
484f11db440188250fec53abd4283294,cac2887e5ce19f87ea3b5bfcc51dc9aa,delivered,2018-07-01 13:12:55,2018-07-01 13:30:30,2018-07-02 14:40:00,2018-07-05 18:24:56,2018-07-27 00:00:00
4850125b26ca8977d47c83f60df48401,172de855fb198a4dfe967b5ce2b21e34,delivered,2018-05-04 20:02:03,2018-05-04 20:15:21,2018-05-09 15:48:00,2018-05-14 09:29:04,2018-06-01 00:00:00
487102a0e698d9e4d4c20a484739489b,b5c786bdc9e15e28d33f2db4ea2f9875,delivered,2018-03-05 13:28:54,2018-03-05 15:55:37,2018-03-14 19:03:26,2018-04-02 13:41:33,2018-04-03 00:00:00
4888eb67727162d62e275521e8d6bf41,651f7c182ec669f3030da7fbdf316826,delivered,2018-06-08 00:30:31,2018-06-08 00:56:36,2018-06-08 08:33:00,2018-06-20 20:48:47,2018-07-16 00:00:00
488d5fc485f4624acb8132918763416c,bf7ccf3f1fb5ff1cc9130f8f2985017e,delivered,2018-05-23 11:14:52,2018-05-23 12:00:05,2018-05-24 13:23:00,2018-05-25 21:21:49,2018-06-08 00:00:00
488e14d5f98e30e2e5aa3fa2e58d058e,0c337f608f8ac9445aba813206134fbc,delivered,2017-11-18 21:03:14,2017-11-18 21:15:47,2017-11-21 18:57:37,2017-12-11 16:59:09,2017-12-12 00:00:00
48b3645f62cbacd4396279c43e8fb4b2,c8acaa9e724e15c79813b36a6f243d1a,delivered,2017-11-20 15:58:23,2017-11-20 16:09:18,2017-11-22 00:11:51,2017-11-23 17:51:48,2017-12-01 00:00:00
48ddd457f76f31a99e60ac8007bc8b28,97fc5244045c01b3cf813cb86e6376e3,delivered,2018-01-30 10:24:25,2018-02-04 23:31:38,2018-01-31 17:59:31,2018-02-08 14:18:48,2018-03-02 00:00:00
48e57df5132333c7c43df89d2c531ff1,35f68adc8ec170ab999117525306afc9,delivered,2018-06-02 16:41:25,2018-06-02 16:55:20,2018-06-04 15:11:00,2018-06-09 18:18:35,2018-07-11 00:00:00
48e7f3b7aa6ee2bbdd92ab84674fe4e4,a96d6b1da9c9aaa588d92a1a95e6707e,shipped,2017-12-18 15:35:53,2017-12-18 16:35:38,2017-12-19 16:16:56,,2018-01-11 00:00:00
48f8621793a7f3a199cad88137acbb86,79bb740237c04c4a93ec282b659952be,delivered,2018-06-26 16:27:51,2018-06-26 16:58:14,2018-06-27 11:23:00,2018-07-03 17:18:33,2018-07-17 00:00:00
48fbeebc9d59b8f5b8c06d87af9626f2,20fed89d4e154ab11be0d7dc8550a980,delivered,2018-06-14 17:32:44,2018-06-14 17:58:02,2018-06-15 10:29:00,2018-06-19 17:26:34,2018-06-26 00:00:00
490f9c9fc86a9e753c5729f7119e84d7,0d9406fc091e557580d0d2171f268d88,delivered,2018-05-04 10:46:21,2018-05-05 03:50:28,2018-05-07 13:16:00,2018-05-10 15:18:47,2018-05-24 00:00:00
4912377c02eb84d181d53e98e010124e,611403f0a97f08c990860b6932d213f4,delivered,2018-03-29 19:17:49,2018-03-29 19:30:27,2018-04-03 12:37:25,2018-04-07 14:38:46,2018-04-17 00:00:00
491a1961ff53513a57fa193570a11311,0306418261763252d46c47f9251e76e2,delivered,2017-07-29 11:51:12,2017-07-29 12:05:30,2017-08-02 18:57:35,2017-08-11 17:58:08,2017-08-29 00:00:00
4921567919029aa0950f3ebec0f91169,329970820ec5088911fd6d9c1926a73a,delivered,2018-06-17 22:38:30,2018-06-17 22:58:57,2018-06-18 09:24:00,2018-06-22 19:32:26,2018-07-13 00:00:00
4930f37130adb20a3c7d0b02b07050ca,5a5be2ffc3579ec82f4d6c04f563efa1,delivered,2018-01-28 20:53:27,2018-01-29 20:52:01,2018-01-30 22:51:41,2018-02-19 16:09:27,2018-03-06 00:00:00
4932255e68f63e3a5f809bd4b96fc9a1,9b9ef0b86d210aa78290882b2cbdcea3,delivered,2018-04-18 08:20:24,2018-04-18 09:11:25,2018-04-18 21:14:38,2018-04-24 20:46:46,2018-05-21 00:00:00
493d1ad7e1ae4e8a6733d84bc34c6b0c,40291ba05fac951d2fe586191112b3c6,delivered,2018-04-30 00:00:01,2018-04-30 00:25:27,2018-05-03 19:01:00,2018-05-04 13:12:22,2018-05-11 00:00:00
4943203d80c901c56abaabd36a61e76e,d4ab01c9963324fd131423659776cf19,delivered,2017-08-02 19:26:13,2017-08-02 19:35:15,2017-08-03 17:27:52,2017-08-09 18:22:30,2017-08-24 00:00:00
4948f06b894477c108c871a15fd4f1d6,3c2ebeb8ca2c2f64bfb622b914cbfe1a,delivered,2018-07-21 21:07:11,2018-07-21 21:15:14,2018-07-24 07:09:00,2018-07-30 21:24:52,2018-08-13 00:00:00
494c2e94dcd29167f5fe359a45aa879d,6dd39ae1549359ab24a5110b54452360,delivered,2017-01-23 11:43:58,2017-01-23 11:55:22,2017-01-25 12:18:26,2017-02-01 13:22:01,2017-03-06 00:00:00
495df6b807cb718b99cf24a4609fd323,b4280f8c7c3c49fda3cb526f0bd5d568,delivered,2018-08-06 08:20:59,2018-08-07 08:35:16,2018-08-09 14:16:00,2018-08-13 12:51:27,2018-08-14 00:00:00
49646cc607d966ad032b9657f07aacfd,d44cd2f8ecb3ef1eb66441776c1cbbf8,delivered,2017-12-06 14:45:21,2017-12-07 15:32:05,2017-12-08 16:37:34,2017-12-17 16:48:32,2017-12-29 00:00:00
4969de35fd774f0dc8cdb13b069135df,830ec88fee7a04e5a14260822c2c701f,delivered,2017-11-24 12:47:51,2017-11-24 14:57:37,2017-11-28 19:27:06,2017-12-06 22:52:29,2017-12-15 00:00:00
49822ac9e14074c1575428d613ac3889,cda2c884f421e52353b8f80aea7d9c68,delivered,2017-09-15 10:55:33,2017-09-15 11:10:21,2017-09-15 17:11:08,2017-09-19 21:02:35,2017-10-03 00:00:00
498e4c5508b686018306d8d363bc9d18,bf9a6df07d36ad102a5bb34767855b44,delivered,2018-07-20 20:25:35,2018-07-21 04:05:24,2018-07-23 13:31:00,2018-08-02 14:51:51,2018-08-21 00:00:00
49a4561c8844cc95f2af25a0fdf77156,48c9d7ac3c14a732cf8c8a1c108d0a83,delivered,2017-11-11 11:41:35,2017-11-11 11:55:29,2017-11-16 15:56:43,2017-11-27 18:22:44,2017-12-06 00:00:00
49aaf52025f80a8470247c3d1b9e3f1f,d7e0de0dc840ffdceac2f485e78c0b3f,delivered,2018-01-11 21:26:19,2018-01-11 21:34:50,2018-01-12 20:44:01,2018-02-09 00:54:44,2018-02-09 00:00:00
49af403fd43b8ca8b5f7b74845bf1f66,0a9d4a8cc8cc049accf5701f9756b280,delivered,2017-07-20 10:18:48,2017-07-20 10:30:11,2017-07-20 21:32:50,2017-07-21 14:08:59,2017-08-03 00:00:00
49b9d8e434684c2ee92f901ead7f74a6,5dda54926f7541e013b25006ffcec38b,delivered,2018-03-26 13:49:24,2018-03-28 02:47:35,2018-03-29 19:38:35,2018-04-20 13:52:08,2018-04-23 00:00:00
49bab3f94ce298f6fde6208f426978b4,6921224e0e53eea536125e700611b01c,delivered,2018-02-23 08:38:47,2018-02-23 08:50:25,2018-02-27 20:51:59,2018-03-02 23:52:29,2018-03-09 00:00:00
49d125fe3b5d0a36b001bf900951fe9b,7724757cff7bca2013491936a3b09344,delivered,2017-04-30 12:18:14,2017-05-02 13:10:11,2017-05-10 11:08:00,2017-05-15 08:52:20,2017-05-31 00:00:00
49e4b99628268d2b4f089f0662e13195,76a2c465801a86857ade2a8da9852345,delivered,2018-05-15 15:59:01,2018-05-15 16:15:42,2018-05-16 14:48:00,2018-05-17 23:25:46,2018-06-01 00:00:00
49e809b11c0445fb0229f28378d3d30d,a5fb3b16bcb08fb9f1290f225390b829,delivered,2017-07-19 13:37:59,2017-07-19 13:50:21,2017-07-26 15:37:45,2017-07-31 18:29:56,2017-08-14 00:00:00
4a089edddf146578d90f7a7632e5a86e,7b39440a3ecc618d351ac8eec46f8ca7,delivered,2017-06-19 18:25:39,2017-06-19 18:35:18,2017-06-21 18:17:57,2017-06-30 13:44:43,2017-07-13 00:00:00
4a098cad947704b7e739e19a092e24de,c7e19323cb9b0dc5b4859f5a03e861d0,delivered,2017-12-03 01:31:38,2017-12-03 01:51:06,2017-12-06 00:13:23,2017-12-14 20:13:12,2017-12-28 00:00:00
4a0b592d4d6082de8155698ca49c6345,e1b1416cc9565ebdb336ddaf12fd9229,delivered,2018-07-23 16:39:54,2018-07-24 08:31:39,2018-07-24 10:21:00,2018-07-26 17:11:42,2018-07-31 00:00:00
4a0c442614599b83a064e2889049712c,ac60ba24d89bd3131734f9f891b178e0,delivered,2017-10-02 22:17:16,2017-10-02 23:00:07,2017-10-06 15:43:25,2017-10-11 17:44:12,2017-10-18 00:00:00
4a1ea52e0dfcd2d974464a1cb86cfbf2,f5fb123023cbd4acdc614393621b6f86,delivered,2017-03-18 23:16:57,2017-03-18 23:16:57,2017-03-21 09:48:07,2017-03-30 15:58:07,2017-04-17 00:00:00
4a202f407d179ddfd8b58bba11a48809,f7094a02fa3e369765c0c35f09c6eb5d,delivered,2018-06-26 10:52:43,2018-06-26 11:18:13,2018-06-27 13:03:00,2018-07-04 16:08:47,2018-07-25 00:00:00
4a423ddd436e4f40476f60caabd02d13,e692fac4c9d7676f362ebb6b8cebb884,delivered,2017-11-10 22:27:56,2017-11-10 22:35:26,2017-11-14 21:54:41,2017-11-29 16:23:10,2017-12-05 00:00:00
4a484c46ae5f093eca638e3c55d3dbc2,f09327112f642aef342574a73c0b3a40,delivered,2017-02-06 13:58:01,2017-02-06 14:05:18,2017-02-08 11:41:21,2017-02-23 13:44:49,2017-03-01 00:00:00
4a4c61548dc56e17085376dffdec5d8b,232be61e81da1afafa33c3888fead05e,delivered,2017-12-24 16:32:14,2017-12-27 04:09:48,2017-12-27 23:26:59,2018-01-03 16:16:23,2018-01-23 00:00:00
4a4ed9ed7922304a569ed850baba99c6,4ed6dff46316b8f7e80d1972f27ca39f,delivered,2018-03-08 21:36:23,2018-03-08 23:24:42,2018-03-12 20:33:04,2018-03-23 19:22:54,2018-04-04 00:00:00
4a58a286f3ac0318f970a271f83c0b6c,b842dcd92f09219e896d81600248508b,delivered,2018-03-06 17:28:41,2018-03-06 17:50:06,2018-03-08 13:42:00,2018-04-20 15:21:48,2018-03-27 00:00:00
4a58db81127d824c22ca14ae7724d8d7,d7ea9248d429c8c5a908a1e8aac4a3ed,delivered,2017-10-24 12:58:50,2017-10-25 16:33:51,2017-10-26 21:08:55,2017-11-08 15:58:27,2017-11-16 00:00:00
4a5a742a2a571604208cc3f88ea253fc,026134c333097d60a052ab271aa99159,delivered,2018-01-14 19:46:07,2018-01-14 19:54:23,2018-01-24 13:22:13,2018-02-09 17:03:20,2018-02-19 00:00:00
4a661ab7f8cc33b9cb79df5c0b912a73,e8947d67ab03b85b640693dd06ed3c72,shipped,2018-03-22 14:36:28,2018-03-22 14:50:25,2018-03-28 15:22:25,,2018-04-10 00:00:00
4a721ffd84fcdf73673c0abbf2035fb3,08ee0fea033270eb52f02441559cff94,delivered,2017-11-21 23:34:07,2017-11-21 23:46:46,2017-11-27 15:52:04,2017-12-01 16:48:29,2017-12-12 00:00:00
4a8fe18e8771bd810821df6dcf3428e2,ac5bb07473c4f65c7de7b65c1374a734,delivered,2017-06-29 15:09:34,2017-06-29 15:23:50,2017-06-29 15:33:38,2017-07-04 15:25:40,2017-07-19 00:00:00
4a908627ddc9e257e5e9123ac4394e41,e2bf448ed35400ac811205c12763bdab,delivered,2018-01-10 15:13:26,2018-01-10 15:27:22,2018-01-17 17:22:31,2018-01-29 21:49:46,2018-02-05 00:00:00
4a91ab50eb21ac9d39b0a581487fb252,48ced9d7052f153f7071ce06d7c0efed,delivered,2018-06-26 10:50:09,2018-06-28 02:15:50,2018-06-28 14:21:00,2018-07-04 17:14:39,2018-07-18 00:00:00
4aa3affa1cabce4defa1f592b369baba,85c4b419d1e841e9a1304a5a21a2f021,delivered,2018-06-18 13:46:05,2018-06-18 15:01:53,2018-06-20 11:02:00,2018-06-25 19:22:08,2018-07-13 00:00:00
4ab8819fc4b34e4d6b2710f3121b2400,7f4dd5f1bbd777aac4f37a4ec70fe503,delivered,2018-02-07 14:04:08,2018-02-07 14:15:27,2018-02-08 22:43:08,2018-02-09 21:19:02,2018-03-05 00:00:00
4abace28e7ad35184649078401530a5c,db98acbd759fed659a06d03ecd36cd26,delivered,2017-09-04 17:11:04,2017-09-04 17:24:02,2017-09-11 21:14:28,2017-09-18 19:07:42,2017-09-21 00:00:00
4ac2b21645a33938ab26a37096fcd16e,90caca072b6ba6b23f41621fcb354449,delivered,2018-03-13 09:28:21,2018-03-13 09:47:32,2018-03-14 20:11:39,2018-03-16 21:46:47,2018-03-23 00:00:00
4ac8967b6c44825655969aa13a7e6213,5b37ee1bdf9b75e312054b7b4c3c5264,delivered,2018-01-10 15:36:24,2018-01-10 15:49:18,2018-01-11 18:45:27,2018-01-15 22:42:13,2018-01-24 00:00:00
4ad2ebd3c62db5a8509e3f25fb8b81ca,dd59f6062e68d2f8fb6bce284218f9fd,delivered,2017-03-08 11:03:12,2017-03-08 11:15:16,2017-03-13 09:31:20,2017-03-16 12:33:59,2017-04-05 00:00:00
4af03386addb99dc44451b81b470a609,58e1ef40232ef2763c4a770d2cff4b49,delivered,2018-03-09 11:32:48,2018-03-09 11:55:44,2018-03-09 23:57:02,2018-03-11 14:06:26,2018-03-21 00:00:00
4af5a8a71daf651bf0a9d449d3d1a27b,d36e7da2b4f536d9716d6ad5f5cf918a,delivered,2017-08-02 19:55:32,2017-08-02 20:05:31,2017-08-04 18:10:04,2017-08-07 21:23:01,2017-08-24 00:00:00
4b06d0583c7ba03f377c15729a3c69dc,f778ce20d1508a9905cb8ee5ffd45466,delivered,2017-12-14 16:51:45,2017-12-14 17:13:00,2017-12-15 20:56:09,2017-12-18 17:03:22,2018-01-03 00:00:00
4b160ae84bf86ca95ce56c7c83c0c5eb,c821a8b90c1d0df109200a6ca4926eb9,delivered,2018-05-17 17:57:24,2018-05-18 03:16:20,2018-05-18 12:43:00,2018-05-23 12:21:47,2018-06-01 00:00:00
4b19c2fe3690d7e4aa8cbcf946ea6ce4,47308035f95de5bc2318495736c01482,delivered,2018-05-18 16:22:57,2018-05-19 10:19:23,2018-05-21 14:11:00,2018-06-02 14:11:54,2018-06-13 00:00:00
4b20ac5099cdb7bcec3f8dfa89bdbdbe,666cc18bf39036f9df73b917861a5eb8,delivered,2018-01-27 10:33:44,2018-01-30 05:31:37,2018-02-15 14:07:36,2018-02-21 18:25:30,2018-03-15 00:00:00
4b3176150cda3ef1348ba91dfb6c7b32,08b0c3ca77cbc85b646e774a1ac760cc,delivered,2017-11-14 08:28:59,2017-11-16 15:07:00,2017-11-21 23:52:08,2017-11-23 23:06:49,2017-12-14 00:00:00
4b38f9d30c069b6ec0c1da7d03c0ea21,e1b1c628b4250d2b1d60bbd1dfd69d40,delivered,2018-04-23 15:05:11,2018-04-24 19:03:58,2018-04-24 17:04:21,2018-04-27 18:28:46,2018-05-16 00:00:00
4b481f7303c6e3e12e9a4b3a8725f998,1c2308f26801ef199d9834d41830bde1,delivered,2018-04-25 17:02:52,2018-04-25 17:33:11,2018-04-27 15:54:00,2018-04-30 14:48:34,2018-05-10 00:00:00
4b56b0f11819efbf57af78ef26982ca5,683fb9798e710428ce7304acbd9bbcaf,delivered,2018-03-21 18:49:06,2018-03-22 21:07:30,2018-03-28 20:28:52,2018-04-09 22:39:42,2018-04-19 00:00:00
4b598c1855fb903ebc2697088200a071,ec4a79232a3306f4ff97e38819a10447,delivered,2018-01-09 23:35:51,2018-01-10 10:31:41,2018-01-15 20:42:17,2018-01-20 17:15:22,2018-02-07 00:00:00
4b6aa78846ad555241cc92ee58c815c6,07ae746c23c06957d56ae4f0a3f7b3fe,delivered,2017-12-03 18:18:26,2017-12-05 04:11:58,2017-12-07 16:39:58,2018-01-23 15:58:31,2017-12-28 00:00:00
4b7bf1f7eb492ad33680ba2cb4c4ba56,1b2fccd64ead0637991ff28c1971d9a7,delivered,2017-09-03 16:52:33,2017-09-05 04:24:48,2017-09-05 20:03:35,2017-09-08 17:36:34,2017-09-27 00:00:00
4b8e7877b3a106b2df0a75470a397339,72d886d5743156953f86d0b3fce515f9,delivered,2018-04-03 09:47:49,2018-04-04 03:29:24,2018-04-05 23:49:22,2018-04-11 23:48:36,2018-04-19 00:00:00
4b95fbb9125e0baff8527de2d1d0042b,407c1406c14156697eab85bf6bc2aa2e,delivered,2017-08-25 00:47:37,2017-08-26 07:05:08,2017-09-14 18:47:41,2017-09-20 18:47:19,2017-09-22 00:00:00
4b9d4dd62814524c9244f8ca0bd377d1,e455f2d619b05659221d21dcb2f1de15,delivered,2017-05-20 09:16:51,2017-05-20 09:31:35,2017-05-25 16:15:50,2017-06-05 17:53:40,2017-06-16 00:00:00
4ba6cf8c58812d65edc6a67cf37c4aeb,231db9149e36c4d25ca75472a9ea4335,delivered,2018-06-21 14:25:39,2018-06-22 02:37:00,2018-06-25 12:39:00,2018-06-29 21:21:30,2018-07-27 00:00:00
4baa890f39672eca09e8d4cf0ffdd4d5,981e2a35b8cc3442c7b18d008d58e20c,delivered,2017-07-06 14:52:12,2017-07-06 15:03:49,2017-07-07 17:37:45,2017-07-14 17:58:50,2017-07-26 00:00:00
4bb6e6f5af26e1f5951d934386615406,f962bd6ee98fa707c3e2eb532bab37b0,delivered,2018-06-28 11:08:58,2018-06-28 11:31:07,2018-06-28 11:57:00,2018-07-09 16:02:28,2018-07-31 00:00:00
4bbd33a0def862d1273f79f0fb4d597a,ba7e1e959b775b9f00b4dd4fc937d607,delivered,2018-06-12 09:15:43,2018-06-12 09:40:35,2018-06-15 14:43:00,2018-06-26 17:21:06,2018-07-11 00:00:00
4bd1fc06727e84c83665103e268f1051,c0b73ecb5e48f4a2dcf2514fdf57a352,delivered,2018-03-21 08:26:19,2018-03-21 08:48:00,2018-03-23 01:48:41,2018-03-26 20:42:49,2018-04-10 00:00:00
4bd59c9149ad4be79cbc3dc2c2ef76af,90aa25ba657c2ef8528494e4f5e99abc,delivered,2018-03-05 11:09:37,2018-03-06 03:48:51,2018-03-07 20:08:02,2018-03-12 20:24:48,2018-03-21 00:00:00
4bd99e53cba81bfc30dea95659b864e7,a5bfea387ffb4b85ef0e5f849d2ceee2,delivered,2018-04-16 15:03:22,2018-04-16 16:00:42,2018-04-19 01:50:54,2018-04-26 17:42:09,2018-05-11 00:00:00
4becfda49755e3759f3bef6ebb43e88d,bb7b6f78873d1f1914829f1e0fcbecdc,delivered,2018-06-03 20:06:40,2018-06-03 20:31:16,2018-06-05 11:36:00,2018-06-07 14:16:58,2018-06-28 00:00:00
4bfa32127f9cbdeb864796d1132b1c0c,b1b64e79e26d783a49e45ad0b4136613,delivered,2017-03-08 13:30:01,2017-03-09 02:51:04,2017-03-09 10:22:51,2017-03-20 07:52:10,2017-04-07 00:00:00
4c14d29f32297333491d1cf6895acb68,ac19d9133bc8251690ad1c1d03ca85be,delivered,2018-05-13 15:17:57,2018-05-13 15:33:24,2018-05-16 08:13:00,2018-05-27 13:46:27,2018-06-04 00:00:00
4c1fd23882ba19dd4163989a484ad75c,6c50c2547ade7275ef04878bcfec6058,delivered,2017-11-22 16:44:46,2017-11-22 16:54:35,2017-11-23 16:48:54,2017-12-08 23:32:21,2017-12-15 00:00:00
4c217e3cc24f803307dea7d619377def,957d0f71c1ae9335c366d1db03ecf188,delivered,2018-08-13 18:03:59,2018-08-14 04:45:20,2018-08-14 12:55:00,2018-08-26 12:58:46,2018-09-25 00:00:00
4c225b047eda6a8fcff282ce94b8fcc8,647fb0ff21a40bbe790d0eb7d2d3b9d3,delivered,2017-07-27 16:56:21,2017-07-27 17:10:11,2017-08-03 20:42:04,2017-08-09 18:00:07,2017-09-05 00:00:00
4c22be46e1fe5c05c6ced534449f7432,5c8dd358cd43e858e1a25ba5eb9de22b,delivered,2017-10-23 17:28:47,2017-10-23 17:49:06,2017-10-25 13:44:43,2017-11-08 20:48:38,2017-11-14 00:00:00
4c33f92b62a822db77b38b88bc7ad237,9ffe618cd036e060e22d52b89ded9be4,delivered,2018-02-12 12:53:47,2018-02-12 14:00:23,2018-02-16 19:56:51,2018-03-23 20:58:55,2018-03-12 00:00:00
4c39d4875d185d6e0e8748fab228a0da,77bb44ceacfc4f07d131076952bb2177,delivered,2018-01-15 17:27:03,2018-01-15 17:35:31,2018-01-17 21:58:57,2018-01-31 15:38:31,2018-02-08 00:00:00
4c48c455b847c7a5d291a519e1e42d28,8001a46c331af9144942c30dc5b12141,delivered,2017-12-04 18:58:06,2017-12-06 18:51:26,2017-12-11 23:35:35,2018-01-09 22:25:59,2018-01-04 00:00:00
4c520618a0cc5957cd116b12a553770d,097c40e3f812fb54de808f30537ee3e4,delivered,2017-10-19 14:16:22,2017-10-19 14:30:24,2017-10-19 20:09:31,2017-10-30 20:38:59,2017-10-31 00:00:00
4c5b8b3b4df35733589fd795aa7e0d17,c26f75082b6f48de002fb3d255cc4683,delivered,2018-01-08 07:55:37,2018-01-08 08:07:30,2018-01-10 22:19:19,2018-01-25 20:04:30,2018-02-07 00:00:00
4c761041674866c683398d2c3d0d9163,9ba00b5627e37eae99b7b42f26cca99f,delivered,2017-12-05 09:14:54,2017-12-05 11:13:25,2017-12-06 14:11:03,2018-01-03 19:58:50,2018-01-09 00:00:00
4c7ef39af59d31fa247f85d10ed414f6,8d8b07cd0a8ac41bea325661b57c344c,delivered,2018-07-14 23:54:09,2018-07-15 00:05:11,2018-07-17 08:28:00,2018-07-26 15:58:54,2018-08-14 00:00:00
4ca6a87f196ea892c5abc4e84748fbde,0d011c0f29cd74c1b0313cc32294b787,delivered,2017-05-21 13:07:26,2017-05-21 13:15:20,2017-05-23 11:04:53,2017-05-31 12:19:57,2017-06-13 00:00:00
4cc00a9ac85dee3a197d788b827da7e8,450f484b0a3d89d8728a50225c34cda2,delivered,2017-12-02 14:56:17,2017-12-02 15:10:41,2017-12-05 20:39:05,2018-01-09 20:17:59,2017-12-28 00:00:00
4cc2340048994d76ad8665b2ed98e19e,678bbf415fc9b82f51ebb95a642d8c1b,delivered,2018-07-13 19:20:26,2018-07-13 19:30:18,2018-07-16 13:22:00,2018-07-23 15:54:54,2018-08-07 00:00:00
4cca40adc01e2bfb94dc9ec45658e661,628c8b89f58bacd887ddf6ae36d0670d,delivered,2018-04-25 19:32:39,2018-04-25 19:55:17,2018-04-26 10:46:00,2018-05-15 21:59:55,2018-05-16 00:00:00
4ccceb1115420e37ee333461047ee22b,9b0f7b8754b6d8abbf3a3961b34aa3cc,delivered,2018-02-15 09:26:07,2018-02-15 09:47:38,2018-02-16 19:39:09,2018-02-19 20:53:38,2018-03-02 00:00:00
4cda214be361d0c1d78e4beaac96496b,560bdee82cd21f8162ea1a5cc8690ca3,delivered,2017-10-10 17:29:05,2017-10-10 17:49:20,2017-10-11 21:35:41,2017-10-16 16:24:48,2017-11-06 00:00:00
4cdf8813fc5f4c3d74041453f606868c,d6e011b818659fed8cfa433ec3bee9fe,delivered,2017-10-10 10:08:32,2017-10-10 10:26:55,2017-10-23 17:46:35,2017-10-27 19:44:55,2017-10-23 00:00:00
4ce0878b1fe7231ce22e503117abc62e,e5529ccffa8468799205a6e959a31bd6,delivered,2018-04-09 08:53:33,2018-04-09 09:09:55,2018-04-10 20:48:45,2018-04-16 20:28:47,2018-05-04 00:00:00
4ceb6d05f749bbbb67e5606aa2d16647,5cdcc9524616ddb4388642e9fbfb796c,delivered,2018-08-23 13:21:08,2018-08-25 02:35:16,2018-08-28 14:54:00,2018-08-29 16:54:47,2018-09-06 00:00:00
4ceb9336411700f9568db2ef11bda594,60582a6628af83a283474d8c94e3ff7a,delivered,2017-01-19 22:41:52,2017-01-19 22:55:17,2017-01-20 16:27:58,2017-01-26 13:57:59,2017-02-17 00:00:00
4cf58ec9c2d5bfdae2390471f7836fca,d1a7592390f4a2e595a0f77f62e0a5b5,delivered,2018-02-05 14:23:52,2018-02-05 14:48:21,2018-02-06 18:58:54,2018-02-15 21:23:26,2018-03-01 00:00:00
4d171855324a9f6bbfceca895af66e6b,0237d2fa2b48e6fe5e53c09fc74a5cda,delivered,2017-09-25 16:13:35,2017-09-25 16:45:04,2017-09-27 15:15:19,2017-10-03 18:48:29,2017-10-18 00:00:00
4d1d3523aeda82887c2875955783ba2f,6d1c28c90a63f277029f47c7db8eddd3,delivered,2017-06-26 17:58:41,2017-06-26 18:10:16,2017-06-27 15:18:18,2017-07-06 13:56:55,2017-07-26 00:00:00
4d2338eddcfe008a2d27270cfa679887,51580cb1b91d771618b9afb76194a45d,delivered,2018-08-09 11:48:12,2018-08-09 14:26:11,2018-08-13 12:24:00,2018-08-17 18:54:53,2018-08-22 00:00:00
4d312c4094736b92bf0f13f99d80ec86,cdb4836345c6e428e8ab34ccc1daf96d,delivered,2018-05-28 13:14:51,2018-05-28 13:31:28,2018-05-29 15:41:00,2018-06-15 23:41:22,2018-07-05 00:00:00
4d38bf00b95dbf4dcf2820177584ade9,41a8b44b5199e1a781daa6f67b8ccb16,delivered,2018-02-21 16:38:31,2018-02-21 16:50:30,2018-02-26 16:17:43,2018-03-23 20:56:25,2018-03-15 00:00:00
4d3bf07ef40875871c01c931d3755940,cf94c4b546f0a5d72297e3b559080483,delivered,2018-05-16 01:18:19,2018-05-16 02:30:20,2018-05-18 14:22:00,2018-06-05 22:17:32,2018-06-05 00:00:00
4d3bfdf4c7d6578ea445d588371ae10e,7badbcce7da90b7920997ddbac3187b5,delivered,2018-03-25 18:27:34,2018-03-25 19:30:36,2018-03-28 23:48:36,2018-04-13 21:52:07,2018-04-18 00:00:00
4d41aecae7fc035c91789128309fb7b0,66f301b13bbabd16970b1f7a8f4e40ac,delivered,2017-04-30 00:12:14,2017-04-30 01:22:34,2017-05-02 08:11:00,2017-05-16 14:55:52,2017-05-25 00:00:00
4d513811c3447933c3472defe4992141,cac1de9a447d5238cb62bd9ea20ff7d8,delivered,2018-07-03 13:26:10,2018-07-05 16:32:12,2018-07-06 11:06:00,2018-07-11 19:51:02,2018-07-18 00:00:00
4d5fca22363528ec48be05c22fdbf690,12c6a38b13ba4a14cafdfbd4d92d917c,delivered,2017-08-24 18:32:19,2017-08-24 18:46:41,2017-08-28 19:37:58,2017-08-29 19:33:45,2017-09-08 00:00:00
4d60e5659a5be3b15be731b5882ecc3e,aad247815d757e959d4a0d5e0dabefb3,delivered,2018-05-30 10:18:22,2018-05-30 10:30:32,2018-06-05 07:06:00,2018-06-06 15:32:44,2018-06-25 00:00:00
4d65b53f48c951380c38eb2aadc99138,03377b1b4b82e780549eeea3cac8f25a,delivered,2017-05-01 18:22:33,2017-05-01 18:30:20,2017-05-02 14:15:42,2017-05-11 10:47:42,2017-06-01 00:00:00
4d6951fdb1a472a77ce1422ca656c2b8,1d7a786540a0105d734010e8d88a6a53,delivered,2017-05-24 17:12:33,2017-05-24 17:22:46,2017-05-29 08:34:38,2017-05-29 17:17:31,2017-07-05 00:00:00
4d6a47078b73c647206be4398bbe29b1,97b50939d4b8da29f262e503097841d5,delivered,2017-11-24 00:41:06,2017-11-28 03:31:20,2017-11-29 17:21:55,2017-12-20 20:27:36,2017-12-22 00:00:00
4d9974c8797599512e8216eeb315817d,fac7d7254af3bd899053c9b68c6c34f7,delivered,2018-01-10 21:50:28,2018-01-10 22:08:34,2018-01-30 22:44:37,2018-02-08 23:13:33,2018-02-02 00:00:00
4d9a297fbfa9ba6d8d70c06d4bec9ca9,7454f64a4378ab4a3aacafdef6a1feeb,delivered,2017-02-18 14:36:48,2017-02-18 14:50:13,2017-02-21 13:08:06,2017-02-24 08:12:33,2017-03-27 00:00:00
4d9d0b428174582a413b99766ffcb53c,dcde5d9823057e075bcad8edf118f4ff,delivered,2017-07-13 17:53:51,2017-07-13 18:05:19,2017-07-14 20:33:59,2017-07-20 21:13:21,2017-08-02 00:00:00
4da0b6d6c8c1ecb4588a756d5e2d2f54,6d51e47d2de21f745835c676f497423f,delivered,2017-11-28 09:37:49,2017-11-28 09:58:26,2017-11-29 20:48:37,2017-12-04 15:58:59,2017-12-27 00:00:00
4da38cd7084ce9fdeae2412858379255,4c6da7ab2ec98e80e7c2dbba28b57cda,delivered,2017-10-11 00:19:17,2017-10-11 00:56:24,2017-10-19 18:33:42,2017-11-08 20:31:49,2017-11-21 00:00:00
4de273e695a489841193c7a5bd6911cd,cbb2359424abfe3190e892223a27b650,delivered,2017-10-17 14:31:02,2017-10-17 14:49:48,2017-10-18 20:48:38,2017-10-20 21:25:22,2017-10-27 00:00:00
4dea0f922f4dd1f6db6379f7ad64ede2,ecc519b96e049292f86c9fbeee96097b,delivered,2018-06-04 19:54:49,2018-06-04 20:11:50,2018-06-05 13:31:00,2018-06-06 19:54:46,2018-06-28 00:00:00
4dea4753bef29a866f8cc4a9c7ccbf40,2fd3615b81c01c8b491c674f2c7020ce,delivered,2018-08-07 19:12:18,2018-08-07 19:24:59,2018-08-08 15:40:00,2018-08-13 17:56:54,2018-08-22 00:00:00
4deab312e3e7dd7eefaf005f169974f9,9a107dc2b4eac6faaea8b796ced7e079,delivered,2018-04-02 15:49:35,2018-04-02 16:13:16,2018-04-04 19:33:05,2018-04-16 18:26:43,2018-04-19 00:00:00
4e1fb96e2f63c315a9ca0c11d9254ada,d2f262e4f938b4fe0b5015fa24a2d7a2,delivered,2018-08-14 20:06:02,2018-08-14 20:24:03,2018-08-15 12:27:00,2018-08-23 17:30:59,2018-08-29 00:00:00
4e26917edee71b496c27c12c72640436,e10692d4cefa5a2a842a8d45c2c12247,delivered,2017-04-02 10:08:32,2017-04-02 10:15:14,2017-04-03 12:38:07,2017-04-13 17:33:36,2017-04-28 00:00:00
4e345c55d847fa86f3500c1abfcbdb8b,4a80f5f7030a54c53ab7ba11f7dba115,delivered,2017-05-04 08:42:02,2017-05-05 02:15:27,2017-05-11 11:50:42,2017-05-20 10:59:54,2017-05-29 00:00:00
4e4aa299535ead6fe63a779d539c493d,860403dc3e131f362cda3ddb09c5a0ce,delivered,2018-07-17 18:38:40,2018-07-17 18:50:24,2018-07-30 06:16:00,2018-08-10 17:51:46,2018-08-07 00:00:00
4e7215ac8ad76bd95a10b8230492c690,3875fffcd2bd0a6284521422cc2abdbf,delivered,2018-04-26 00:50:14,2018-04-27 03:55:27,2018-04-30 17:13:00,2018-05-04 17:16:56,2018-05-21 00:00:00
4e743d407939e965ac0b7bb694e67eed,c2732a928751eaab8cb1e80e6d0a05a1,delivered,2018-06-01 15:20:48,2018-06-01 15:31:52,2018-06-11 14:24:00,2018-06-20 00:58:45,2018-07-18 00:00:00
4e790ef1ee5dca2f0de38704d806e45d,2bc33799adeccec1a65fa254bdec653d,delivered,2018-06-30 01:23:27,2018-07-05 16:05:22,2018-07-04 16:03:00,2018-07-11 20:40:27,2018-08-08 00:00:00
4e80d0b6c184e0495126f54469869365,ae23c7a1bdc9a2f228213e9da905fe47,delivered,2018-05-14 15:59:38,2018-05-14 16:14:01,2018-05-15 07:02:00,2018-05-21 21:48:45,2018-06-05 00:00:00
4e9b5654a8e87fbf1f0010429835dbcf,ce00ac7b1fd65ef1493960dbca9ee71a,delivered,2017-12-01 14:30:08,2017-12-01 14:49:34,2017-12-04 18:23:15,2017-12-11 19:51:46,2017-12-27 00:00:00
4e9cb71601575577f2208d3aedf933cc,41c7fdc3e0906b20e2da08c152c397f6,delivered,2018-07-10 20:36:54,2018-07-10 20:50:18,2018-07-18 13:01:00,2018-07-26 21:44:59,2018-08-17 00:00:00
4ec40a7013b2b2e20429009214c283b4,0df8646043b2e16cb9d33ac55f0dd5b3,delivered,2017-12-03 15:45:51,2017-12-03 15:55:26,2017-12-04 23:48:38,2017-12-07 18:45:44,2018-01-05 00:00:00
4ecb7b84b78466108b99fb193e6898d5,cf1505cdc6d77f257483919755e7f0f4,delivered,2018-05-25 22:00:21,2018-05-25 22:17:38,2018-05-28 14:02:00,2018-06-09 16:06:27,2018-07-05 00:00:00
4ecdafc07882d357b5607a05e3a1a46f,e25c30386baad502153f382e3f8fd9de,delivered,2017-07-29 11:53:18,2017-07-29 12:05:31,2017-07-31 20:07:48,2017-08-04 19:24:53,2017-08-22 00:00:00
4ed9c32a4e9d45ab8b3b9596e69f7346,3227fb6f17d3a5f8b131c9782516ed07,delivered,2018-05-15 21:40:52,2018-05-15 21:55:25,2018-05-16 15:11:00,2018-05-21 19:08:50,2018-05-25 00:00:00
4eecbfcab9ec27fad7e24ac94f9a032b,3b8c77deb5df57efd9eb00740ddc03b0,delivered,2017-12-03 18:28:40,2017-12-04 16:31:49,2017-12-08 15:38:44,2017-12-18 23:28:53,2017-12-28 00:00:00
4f1330720e5aa2d61a474c63620fc42b,428e0381c7a36540d57562f45cf9abd6,delivered,2018-01-12 04:13:58,2018-01-13 05:04:23,2018-01-16 21:33:06,2018-03-02 18:51:31,2018-02-15 00:00:00
4f2478354c7836ea575c7e2f38dd1d1d,5a1184a130531482314d389906afee6c,delivered,2018-02-20 14:13:30,2018-02-21 14:30:37,2018-02-27 04:42:16,2018-03-09 21:03:55,2018-03-19 00:00:00
4f4895a14aa8c28dd6c67b1ca830225b,91254b187a06b9ebccc739ecc271c5d2,delivered,2018-04-16 09:34:29,2018-04-17 05:35:25,2018-04-17 21:36:39,2018-04-24 12:18:59,2018-05-14 00:00:00
4f4cdcc0b6af1eb7d23872ddc92b5d05,dce0f4ec1a81a9f978ce37a460c55fad,delivered,2017-10-15 17:02:07,2017-10-16 10:35:16,2017-10-18 18:03:58,2017-10-19 22:56:28,2017-10-26 00:00:00
4f586e2756d31db4f5d770d170dd51ae,9b7822c67a91b431e9254007b587214d,delivered,2018-05-01 20:45:44,2018-05-01 21:12:28,2018-05-03 15:05:00,2018-05-11 11:42:03,2018-05-29 00:00:00
4f5dafaf09552e7aa5747ae0cb84ffc6,d6273cca22709c2745827b3a0d712bf2,delivered,2017-11-16 23:21:51,2017-11-18 02:50:35,2017-11-20 18:48:41,2017-11-27 14:03:42,2017-12-07 00:00:00
4f72abdcedf8185382214a227cdb9e9b,b3bd9aa12a1990ed9f9a1ae281ee7e34,delivered,2018-02-12 10:28:11,2018-02-12 10:35:31,2018-02-26 20:36:32,2018-03-15 21:32:46,2018-03-28 00:00:00
4fa82fd6944531bec3422230e90cffc1,8d21ab372ced814e6463f1bdd60f4df3,delivered,2017-10-17 15:44:37,2017-10-17 15:56:45,2017-10-18 18:38:55,2017-10-25 19:27:35,2017-11-08 00:00:00
4fbf9aea9b77fadc915415ac3ffeef1d,f7954af5e24649465e35d45fda3af4bc,delivered,2017-12-13 17:57:59,2017-12-13 18:10:24,2017-12-14 17:49:07,2017-12-21 00:44:43,2018-01-12 00:00:00
4fc7e9c8c1ed5a3c716070a42e80c5eb,1b528b3e5de647776df9f0f45cd479e3,delivered,2017-07-22 18:21:50,2017-07-25 03:30:11,2017-07-26 11:07:47,2017-08-01 16:42:02,2017-08-15 00:00:00
4fcf76f4599c2d725c33ed838078c8df,ddc68290ac609084ffa721fa229d55ed,delivered,2018-06-04 17:42:39,2018-06-06 02:54:21,2018-06-07 12:09:00,2018-06-11 20:54:42,2018-07-04 00:00:00
4fd59975900e997c6785ec9da06787aa,1dabbf0fce6d1d0256d0c7e0d779663c,delivered,2018-06-24 10:01:06,2018-06-25 19:54:11,2018-06-28 07:59:00,2018-07-03 04:28:50,2018-07-26 00:00:00
4fde26fa2510c48a5de5fd2fd876745d,610f4bb4b87c0b59529b0e7ceb282e59,delivered,2017-05-04 07:28:27,2017-05-04 07:42:27,2017-05-04 15:04:42,2017-05-17 12:33:16,2017-05-31 00:00:00
4fe73718f01ee4a8a5edb8f5c72d1994,051eca5824715d378df187a46e1005e5,delivered,2017-08-21 22:49:20,2017-08-21 23:05:30,2017-08-24 22:05:02,2017-09-01 20:52:00,2017-09-25 00:00:00
4fec92299349d37362908a6a5685a0d6,082d42b7dccd6b23d9bad4f1c9be3f6b,delivered,2017-12-11 16:07:29,2017-12-11 16:17:31,2017-12-13 16:09:45,2017-12-27 22:19:03,2018-01-10 00:00:00
4ff17917a5050a11678d9af3fb12ef57,9a38416b70621c73c76690a5cde38c0b,delivered,2017-06-01 17:05:44,2017-06-02 04:23:13,2017-06-02 14:33:24,2017-06-25 10:36:23,2017-07-05 00:00:00
4ff21c3d42e746cac31c00b864aa71aa,f064e65677f0641ee4c4d4bfd7b006a3,delivered,2017-12-30 12:13:15,2017-12-30 12:27:06,2018-01-02 19:09:42,2018-01-13 02:37:06,2018-02-06 00:00:00
4ffd41fadb59bd398d869be78f1b2be3,cb3f24783eb4c4a37cfd6e35b41f3e4c,unavailable,2018-03-26 09:37:59,2018-03-26 21:47:35,,,2018-04-10 00:00:00
5008f69eb2ec85becc94d3a1c1918af5,80f5a59072be0a806e82821201438e87,delivered,2017-11-26 14:58:18,2017-11-26 15:14:23,2017-12-01 19:56:51,2017-12-20 21:14:09,2017-12-22 00:00:00
500cfc698f743e9b498d6c12bbf65eb5,5ec0ad25391736213eb2820f4626a887,delivered,2017-04-21 10:14:58,2017-04-21 10:25:21,2017-04-25 14:21:20,2017-05-02 14:38:34,2017-05-15 00:00:00
500ec09d88a6867f4a2eb557319cfe46,cd69b09b4e88e12801fef674ab5258aa,delivered,2017-11-27 00:19:36,2017-11-27 00:32:44,2017-11-28 17:57:08,2017-12-14 18:28:50,2017-12-20 00:00:00
50109a6c720b998320449ebdf2c0798b,8676c80898b5fdcd9f7c48c39b000043,delivered,2018-02-08 22:46:59,2018-02-08 22:55:35,2018-02-09 20:46:51,2018-02-23 16:35:12,2018-03-12 00:00:00
5038599d301a92796c7e52408dd0aea3,d5308480b0869493b69ce2bec1c1d415,delivered,2017-05-04 21:33:20,2017-05-06 02:15:25,2017-05-09 11:18:17,2017-05-16 11:48:04,2017-05-31 00:00:00
503e9f9cbf09cc23e3323b165d9ddafb,d2aa0a41ed70531037851c02269c2120,delivered,2018-01-20 00:15:42,2018-01-20 00:33:03,2018-01-31 10:38:51,2018-02-19 20:19:08,2018-03-12 00:00:00
50459e4bff96bdc46566472362da2e0d,7486e979006d7e8197f5d0fdebcd62de,delivered,2017-08-02 10:38:14,2017-08-04 20:03:27,2017-08-10 14:52:00,2017-08-30 20:19:57,2017-08-24 00:00:00
50620e639f6ed3116494d51bd888f449,ddf999d85abba0ea3319bb99dc8d7495,delivered,2018-02-27 10:20:34,2018-02-27 13:10:25,2018-02-28 21:37:23,2018-03-05 15:22:52,2018-03-28 00:00:00
506537a590a8f111389ca1f2a4963847,57e761e5abb85226f648d44620795d9c,delivered,2017-03-08 15:42:23,2017-03-08 15:42:23,2017-03-09 15:29:47,2017-03-13 07:57:35,2017-04-03 00:00:00
507a4eb733d930ed7dfc37c2dbe4e264,a20addfde19c0adbe45c295c7a2c996d,delivered,2017-03-31 09:25:38,2017-03-31 09:35:10,2017-04-04 13:52:46,2017-04-10 15:32:56,2017-04-20 00:00:00
507f10036261cb4c3ab736a68441d6a1,4ebc3f79abbd69a723c0073dcf6559e4,delivered,2018-05-26 13:28:14,2018-05-29 03:31:15,2018-05-30 10:50:00,2018-06-04 17:26:48,2018-06-20 00:00:00
509952a95c250007c345b4b929663dc6,9538bc63a8c734af9f456e5e932af9e9,delivered,2017-06-10 13:01:05,2017-06-10 13:15:15,2017-06-19 16:23:06,2017-07-12 20:06:49,2017-07-24 00:00:00
509be166b4a9400819808bea4ba08ec5,2d27a321dea8fff855e646a93cd32ec8,delivered,2018-06-15 10:19:26,2018-06-15 10:40:01,2018-06-15 12:51:00,2018-06-23 16:58:38,2018-07-19 00:00:00
50aa3e58985353eac3370fc8bba877ad,41029da7b6da5d01717c78a149e30b93,delivered,2018-06-03 16:54:32,2018-06-03 17:10:51,2018-06-11 14:58:00,2018-06-18 14:54:49,2018-07-05 00:00:00
50aac4af5f330951d508c0c255fde322,70bbc573466c79e7052d08317e650d97,delivered,2018-08-14 00:25:18,2018-08-14 00:35:17,2018-08-17 13:29:00,2018-08-26 12:52:20,2018-09-11 00:00:00
50c2a6b25b1df03eff6f7249da47f931,7186629c8f63f25677899ab5350688c2,delivered,2017-10-16 12:16:46,2017-10-16 12:34:09,2017-10-17 20:09:20,2017-10-24 19:29:50,2017-11-03 00:00:00
50efee8af80ee7bee6e41e0e70d58c6c,8147ce6aef8acda5d59a2af3c5ea1fca,delivered,2017-11-26 19:11:20,2017-11-26 19:19:22,2017-11-30 19:15:05,2017-12-06 20:58:59,2017-12-20 00:00:00
50f6dc29061cc84a0517e8c487314855,cba2aa3b44e87d70be5dbcc4c388e982,delivered,2017-06-23 22:46:15,2017-06-27 03:55:20,2017-06-27 14:18:01,2017-07-07 16:59:36,2017-07-21 00:00:00
5103d6b3761ac2e1155b08e4c6a5c225,c9a9089bfadc6b762a71590f1f7f2e85,delivered,2017-02-17 17:56:07,2017-02-17 18:05:16,2017-02-20 10:23:07,2017-03-02 12:09:33,2017-03-30 00:00:00
5108acfe22756c07a696f4ff210790a8,b8245bf3278e6f2d8144c2b23a0b424c,delivered,2018-05-20 21:48:53,2018-05-20 22:18:26,2018-05-21 14:24:00,2018-05-22 15:13:21,2018-06-05 00:00:00
510bff1cf06be1143d3b6698df2fd486,65e4681470e66fa92770a629a7ec0884,delivered,2018-02-20 19:24:41,2018-02-20 20:40:59,2018-02-21 22:49:18,2018-03-23 19:50:50,2018-03-14 00:00:00
510c6acb378271d88724c354faf156e1,e593c28fd3bd8594f6b393bc9cda68ea,delivered,2017-10-09 07:59:22,2017-10-09 08:17:51,2017-10-10 17:10:28,2017-10-16 23:50:18,2017-11-08 00:00:00
510e8baa207d989f72b11146c37f3411,d928e87d2f913e6d1a90d831bd6ffb71,delivered,2018-05-15 20:38:28,2018-05-15 20:56:15,2018-05-16 10:45:00,2018-05-23 17:34:53,2018-06-06 00:00:00
5137f8c3662122707504625d55882d56,54a061e849f9c537b53eedcdac2d407e,delivered,2017-12-02 19:08:57,2017-12-02 19:36:23,2017-12-05 22:55:38,2017-12-12 15:27:52,2017-12-28 00:00:00
514ed457190c903720b7fd33660c486d,0bcc6ae89ebd572cfccf2dd35a46987a,delivered,2018-02-20 22:09:01,2018-02-20 22:27:28,2018-02-21 21:03:45,2018-04-02 16:52:03,2018-03-15 00:00:00
51520d3bdef580c2ffd3b8fea209172a,c01cb514d2cdef5688096a4c372f31c5,delivered,2018-08-06 14:09:01,2018-08-07 14:05:16,2018-08-08 17:02:00,2018-08-09 18:41:25,2018-08-09 00:00:00
515c58930f7c49f1a0d9756e12491e63,744d7d775d60a6152affb2f46976ef2a,delivered,2018-08-16 18:51:26,2018-08-18 02:50:13,2018-08-20 14:44:00,2018-08-23 19:16:52,2018-08-28 00:00:00
51673e0d82449e7f4ccd8fcd64fe0c15,2c5432951b606c37c8256c7892f58d82,delivered,2018-04-23 11:13:32,2018-04-24 19:06:42,2018-04-24 22:26:49,2018-05-02 15:08:38,2018-05-22 00:00:00
517bd49d869100558362e70c45f13dd5,c7e45e85f22f5db2f9a06c77674c872a,delivered,2017-11-02 17:44:04,2017-11-02 18:05:18,2017-11-10 18:09:15,2017-11-13 20:14:40,2017-11-16 00:00:00
517edafccdb3fbe4164342a0f5ada0ca,df5109a90fdf4b8749ff1f40ad43aad7,delivered,2017-11-22 20:53:59,2017-11-22 21:07:31,2017-11-23 14:46:51,2017-11-30 21:38:52,2017-12-14 00:00:00
5186d475bd6d5839473d5a6b8669638b,ffb2c4cb583610b7d2e39ef0cce0048a,delivered,2018-01-17 00:04:50,2018-01-17 00:15:28,2018-01-23 21:23:25,2018-01-24 18:58:59,2018-02-01 00:00:00
5187d6e3efdec859c111d889c9ad7d9a,6afb49b08ae306fee3f98b95fe395a47,delivered,2017-06-04 11:52:38,2017-06-05 11:55:14,2017-06-05 12:45:16,2017-06-19 20:04:19,2017-07-03 00:00:00
51b808ed0e75c3a1106b08d3afe4f655,6995a9f0b24e058dc141caeac9320539,delivered,2018-04-11 17:54:26,2018-04-11 18:10:59,2018-04-12 22:31:36,2018-04-13 14:33:11,2018-04-27 00:00:00
51c064ec2d79d398b30db3f8e1de8ec8,91da5278c565f5d5d22b3724ec4839fd,delivered,2017-05-04 19:16:04,2017-05-05 02:25:24,2017-05-05 13:30:49,2017-05-10 09:17:54,2017-05-29 00:00:00
51d435906a0487f17df29d38429e931b,4a7162d69479a7ef30cf4b383589dc73,delivered,2017-11-20 19:57:29,2017-11-20 20:08:53,2017-11-22 18:42:38,2017-11-27 22:56:03,2017-12-07 00:00:00
51e0963a3562ca3d9929bf37f3f07b2d,87cb4db5eac48b869383e2944a2ba62f,delivered,2018-03-19 12:36:57,2018-03-19 13:29:23,2018-03-20 18:02:15,2018-03-29 22:21:06,2018-04-10 00:00:00
52076105d0ca4133091c2c1db1d4bb9c,b7467e21ccbe2f30a3d2e992eaf6a6e1,delivered,2018-05-02 11:12:39,2018-05-03 04:13:02,2018-05-07 15:03:00,2018-05-09 21:58:31,2018-05-24 00:00:00
52128ec39ceae0d14af6c5779c4173cd,a4a4bc6742b800e480f8e5f1e8cc1100,delivered,2017-11-29 13:03:22,2017-11-29 13:14:26,2017-12-02 14:07:57,2017-12-11 16:42:55,2017-12-19 00:00:00
521758adf4fa0c8f76b1488d0aebb48e,40403c2e9eafb740165e436a1949d5e4,delivered,2018-07-09 15:17:58,2018-07-09 15:35:12,2018-07-18 12:36:00,2018-07-26 14:48:40,2018-08-14 00:00:00
523b7abdcc8e629f4bc493a9824341f5,bb56c2b674bccae86229cfb114cfa422,delivered,2018-01-15 16:13:36,2018-01-16 03:36:36,2018-01-19 23:04:41,2018-01-25 18:07:31,2018-02-05 00:00:00
52463ab7b28436f48c3ae2a48bc87ef5,42fa526f0f58f2ee8ee4c7791489426b,delivered,2017-09-01 17:56:59,2017-09-01 22:31:33,2017-09-06 19:37:40,2017-09-16 14:07:42,2017-09-26 00:00:00
52597890ec6f46d79c0cc61f35b1cbc7,44dbf7d7b4548cd7139ded68d39cd051,delivered,2017-10-03 12:55:15,2017-10-03 13:07:46,2017-10-04 10:13:30,2017-10-11 00:13:13,2017-10-30 00:00:00
525c4dbcaecd35a5fac2e4053589df08,968e561e3d26d0ab0eba0978942f2806,delivered,2018-03-15 11:54:21,2018-03-15 12:15:40,2018-03-19 16:15:47,2018-04-17 15:51:57,2018-04-09 00:00:00
527a4abbfe2ffe1727341dfdf63ae447,254a6774e65e20ca2aff0d3fc60451da,delivered,2018-01-03 23:52:07,2018-01-05 02:35:44,2018-01-15 21:09:03,2018-01-23 13:38:46,2018-01-26 00:00:00
5284adfbbb8324bb8cc6ce42f0ea43e5,288a23c0e47f43396b2d6809b968c70a,delivered,2018-06-08 08:59:52,2018-06-08 09:15:16,2018-06-08 19:00:00,2018-06-11 17:48:56,2018-06-28 00:00:00
5296a60e3eef35a29bfacb328de58d94,347d2d46e041e08671c945edaa69b28a,delivered,2017-12-02 22:02:19,2017-12-02 23:31:26,2017-12-06 19:29:27,2017-12-17 16:22:49,2018-01-02 00:00:00
52a5a288dcbb4561e2c2354115357b5c,b2bee6fc26529d1c24a385b8632a5409,delivered,2018-03-28 23:06:05,2018-03-28 23:26:41,2018-03-29 20:03:57,2018-04-02 19:51:38,2018-04-10 00:00:00
52ade67b3fbf4821fbb52e5c8e3a463e,81959f2d6b540243ccac326d082d4af3,delivered,2018-04-05 16:23:23,2018-04-05 16:35:31,2018-04-09 23:50:55,2018-04-19 00:14:41,2018-05-02 00:00:00
52de3d5a01b5243a279fa5a6b64ebafe,ded5061729068b28e0efdc8ff1b1522c,delivered,2017-10-13 16:14:10,2017-10-14 03:27:55,2017-10-16 21:04:11,2017-10-19 17:13:51,2017-11-09 00:00:00
52f3d979cd31211d1a3ef16a187def92,93e5f8d5d2e9f57e2c745e71861cd860,delivered,2017-09-12 11:17:32,2017-09-12 11:38:29,2017-09-13 14:53:58,2017-09-28 19:53:04,2017-10-04 00:00:00
52f795c33d266ff75e0f1b1738caf2f0,ab388c4334590b87f33f5c372d87ec15,delivered,2017-09-01 14:40:07,2017-09-01 14:50:22,2017-09-04 21:12:00,2017-09-11 20:14:48,2017-09-21 00:00:00
531b7ebd1fe920da63f51af4667a7962,c1b3abc0f5a34a1b1bf279c0e3697621,delivered,2018-08-02 17:08:52,2018-08-02 18:00:06,2018-08-03 13:21:00,2018-08-07 10:55:04,2018-08-17 00:00:00
531e17477ae1ecd4809a2732f4a7c331,7a5a0c6a8cd5efc18aad6c8f32ed373b,delivered,2018-01-14 23:32:13,2018-01-15 23:29:57,2018-01-18 19:16:38,2018-01-19 17:59:32,2018-01-30 00:00:00
5320fb6f684caacf933c7f9597454391,376c7f50236fad51150ba8d901db18a6,delivered,2018-03-01 18:28:24,2018-03-03 02:35:28,2018-03-05 20:03:51,2018-03-09 18:56:21,2018-03-27 00:00:00
53239db74c7835641f106ef90b3d0100,54f60df7bf8415b9714bd26eec037b2c,delivered,2017-07-11 17:46:45,2017-07-11 17:55:20,2017-07-14 16:29:39,2017-07-18 19:53:36,2017-07-24 00:00:00
5340b130e66f95396ce83ee3f6d36ee4,d98ac826b20bce9ec55627b63505214d,delivered,2018-07-28 23:15:29,2018-07-28 23:25:16,2018-07-30 15:22:00,2018-07-31 19:41:14,2018-08-06 00:00:00
534a285e4e770b1bfbb710c8d45ea5b7,ae2636b5230540a5c04969749d4c0b86,delivered,2018-06-14 09:13:37,2018-06-14 10:08:30,2018-06-15 14:58:00,2018-06-21 21:38:29,2018-07-13 00:00:00
534c285356eb06898b7ea7edbb14476b,b692fb160782271845b7c858cbd9c1df,delivered,2018-03-23 08:49:19,2018-03-23 09:08:35,2018-03-23 23:04:33,2018-03-28 02:52:21,2018-04-11 00:00:00
536b55df90b1eadec8cd2151d8d54536,1938eb8b42615427aeb761316ba56d7f,delivered,2017-11-04 14:16:12,2017-11-04 14:30:29,2017-11-06 16:18:25,2017-11-14 18:33:20,2017-11-30 00:00:00
5370a96022220f889db213211b32740d,d57a120a63ef1c58d8704dbf52553318,delivered,2018-08-23 13:48:07,2018-08-24 04:05:16,2018-08-24 13:41:00,2018-08-29 14:26:47,2018-09-19 00:00:00
5377440d8cd95a8640466b534a83f87d,df370448e03b2b90e437d02b2c6a19f5,delivered,2017-12-07 21:52:50,2017-12-07 22:11:20,2017-12-08 16:41:19,2017-12-19 19:15:15,2018-01-02 00:00:00
538917e9e6d39e4e2f6d7480f7c2479e,ed9a9009b3f1634f5aba2e8eaee8e494,delivered,2017-02-04 23:28:25,2017-02-04 23:42:00,2017-02-06 15:08:49,2017-03-01 08:37:44,2017-03-15 00:00:00
53ad0f90be4c36080d70c96aa70eafe9,88ba6e648722917fa0eb0823d3197582,delivered,2018-03-03 20:15:00,2018-03-03 21:00:20,2018-03-05 22:52:17,2018-03-26 17:08:55,2018-03-27 00:00:00
53bd622a8d20922d658c830bd18c22c4,eff15f751d5965e6f1d3c5870144cd31,delivered,2018-05-04 13:52:00,2018-05-08 04:54:07,2018-05-08 14:09:00,2018-05-23 12:48:32,2018-06-07 00:00:00
53e503de6a65006651097e013bda72e4,e948cda40366cf2be9b3f34ed8a71650,delivered,2018-03-25 10:03:02,2018-03-25 10:27:31,2018-03-27 01:48:43,2018-04-02 12:58:38,2018-04-20 00:00:00
53fa1584e9fc3d9b50f19da601874fd5,c348bc75888d19850f16cc205013a3af,delivered,2017-09-13 08:03:54,2017-09-13 08:24:41,2017-09-14 08:41:59,2017-09-16 13:57:36,2017-09-27 00:00:00
5419ec6ed07e2abf375fd4dc0121db0f,ce1ed97f1894d3dea32038a11c51c29c,delivered,2018-01-09 16:36:05,2018-01-09 16:52:58,2018-01-15 18:36:56,2018-01-24 19:23:16,2018-02-07 00:00:00
541d399cde50e380f01d8646e4851d1b,5fed823f3e24ed74ff3a9db3ff4f869d,delivered,2018-02-05 17:18:43,2018-02-05 17:35:39,2018-02-07 23:22:53,2018-02-14 21:11:44,2018-03-08 00:00:00
542a2c666cc61a67907e200c8cce4a78,14adf05160841b9f4b22f189542c794d,delivered,2017-07-27 08:50:06,2017-07-27 10:22:46,2017-07-28 19:52:39,2017-08-02 19:46:12,2017-08-22 00:00:00
543698050075bdc4dccb5009076c552a,e10c12f413255371f0f8f61d0877bdd5,delivered,2018-02-14 10:45:19,2018-02-14 10:55:34,2018-02-17 02:17:23,2018-02-28 14:39:02,2018-03-16 00:00:00
54369f1e37831273ce26f463ca306881,30ec61f9cd0da982b4905051e0faa785,delivered,2017-11-30 13:33:22,2017-11-30 14:38:21,2017-12-07 11:55:45,2017-12-13 19:59:47,2017-12-22 00:00:00
543cca75b036b547b2b025a1d896895f,9d221cb5b002dc5134af790b0014afb7,delivered,2018-07-23 16:19:03,2018-07-23 17:20:37,2018-07-24 13:48:00,2018-07-31 18:09:31,2018-08-13 00:00:00
5441503215c03f85218efd398d2bb270,317c67909981f48439ea716e4f5b9cab,delivered,2017-12-24 14:53:32,2017-12-24 15:09:38,2017-12-26 21:29:07,2018-01-03 23:24:42,2018-01-29 00:00:00
546bb10cd086a577f9bbb4027d79c0f2,15b2eac395043e2fc2577903cef35ffa,delivered,2017-08-17 16:59:53,2017-08-18 02:26:16,2017-08-18 18:05:13,2017-08-30 22:42:48,2017-09-19 00:00:00
546cd63915b3ef4ab92bfb85277bee75,85f6549a336f5dc9e1cd95fc23d2b60b,delivered,2017-04-29 14:40:22,2017-04-29 14:50:17,2017-05-02 13:07:08,2017-05-10 14:49:39,2017-05-25 00:00:00
546f64a5981ba2d29b0a43a6ab6da440,267145a43451296f39cc6560c50a9f8b,delivered,2018-04-01 10:39:41,2018-04-01 11:27:48,2018-04-02 19:05:19,2018-04-07 15:28:39,2018-04-18 00:00:00
5471d26176ed00eac0441e43fe12ce01,d2241057a10028bdde6bf118ec74e49b,delivered,2017-03-31 11:36:08,2017-04-01 11:42:47,2017-04-03 08:42:01,2017-04-06 16:42:57,2017-04-25 00:00:00
54766753b06221dcdc0b0d27db25cc10,4dbccee7e5cb46bcf06f78a7fcfa9c21,delivered,2018-08-05 15:06:41,2018-08-07 04:05:20,2018-08-07 14:59:00,2018-08-15 03:11:36,2018-08-23 00:00:00
5486a5d84a1d6dcc94887f6f2821a4be,f83e78a46acb1871c42071b5d46f0301,delivered,2018-06-28 13:24:50,2018-06-28 13:50:42,2018-06-29 16:32:00,2018-07-06 01:58:41,2018-07-18 00:00:00
548cef769a379d873b5a602a8bf39af6,cc2f89bdadc348ed9f50fa834110ccb1,delivered,2018-02-13 23:46:55,2018-02-13 23:55:33,2018-02-14 17:35:39,2018-02-27 20:43:19,2018-03-12 00:00:00
54a6430e873dab60295a0a83b82464d2,27a9cbe94e6fe0574f9b16c5ece47fd4,delivered,2017-02-18 11:48:26,2017-02-18 12:31:27,2017-02-20 09:24:01,2017-03-01 17:06:36,2017-03-23 00:00:00
54a6545f89aadb5724b75a5a6a1f7837,84bef538fd967ee1e43942c9974df7fd,delivered,2017-11-24 11:13:14,2017-11-24 13:14:08,2017-11-24 20:32:56,2017-12-11 21:07:58,2017-12-15 00:00:00
54afcb850639d95181bf3ee674f97c25,4919bff1d1c1d952eb806540d6a7d84c,delivered,2017-11-12 09:43:54,2017-11-12 09:55:30,2017-11-13 15:48:36,2017-11-21 20:10:08,2017-12-06 00:00:00
54b73f808b0ff25da4276773c30ac269,e154e499a4edf9f98c29f41476f96d1c,delivered,2017-05-27 16:31:57,2017-05-27 16:45:17,2017-05-29 15:44:53,2017-06-02 16:03:41,2017-06-22 00:00:00
54ba74414bed49a8b13864b3e8666f57,1e79e4f1a4653e041c3ce1ddb2ff239f,delivered,2018-07-31 08:30:27,2018-07-31 08:44:22,2018-07-31 13:55:00,2018-08-06 23:42:46,2018-08-16 00:00:00
54c4c0c7e9a1d272defcf15ea985bef7,8775e739d61b9dfb7a1076e45839b1da,delivered,2017-11-20 11:00:54,2017-11-20 12:30:43,2017-11-22 15:09:21,2017-12-11 20:03:09,2017-12-13 00:00:00
54c60b5e55b7cfa229a34e7ef63ddb96,6e18192d5c8f68aa7318bf300a0cac8b,delivered,2018-01-10 18:40:29,2018-01-10 18:51:31,2018-01-15 17:07:47,2018-01-29 21:38:46,2018-02-15 00:00:00
550f7653632f43410dcc64a9aff55f45,8cfcc5f2a65aea50bfa7e70daab6ca22,delivered,2017-09-05 22:47:31,2017-09-05 22:55:18,2017-09-06 20:33:16,2017-09-13 00:11:19,2017-09-27 00:00:00
551881f4a46fb5aafca0e72765c499a9,d8e2fa07c1ff57dcf5dbc5c5a7e71473,delivered,2018-05-18 11:02:26,2018-05-18 13:06:35,2018-05-23 15:04:00,2018-06-08 17:08:53,2018-06-13 00:00:00
551c21a415e6d07ce3dfc85e627f8aaf,6e34e7ad19aa3c59753c0ac91ccb34d9,delivered,2018-01-22 14:51:03,2018-01-22 15:12:50,2018-01-26 21:58:05,2018-02-01 22:42:12,2018-02-20 00:00:00
553fee3c21ab4328508c8e467806613e,434c715a38dc04eda3d438177d1dd98e,unavailable,2018-01-12 23:57:07,2018-01-17 08:30:45,,,2018-03-02 00:00:00
55463000ff2ec17f2fc06a0b6a1c846c,4b0f5f7c3efeb7a2436e3b8b693f66c3,delivered,2017-04-04 00:55:54,2017-04-04 01:05:29,2017-04-05 15:51:04,2017-04-17 08:12:36,2017-04-27 00:00:00
554798f223b7f6268362b7489f7514e1,a0d5a45b8ba1d0075371cae17473b317,delivered,2018-03-12 22:54:08,2018-03-12 23:08:28,2018-03-13 23:28:38,2018-03-27 00:54:23,2018-04-10 00:00:00
55529dc7cb99d0befad66b19ad9adc8d,8caaebb31592d2d5431d4a0b856ad536,delivered,2018-04-27 13:39:47,2018-05-01 05:32:32,2018-05-07 16:10:00,2018-05-17 16:25:30,2018-05-28 00:00:00
55531bd6b11adf2791aeca35f0305e65,c0081bc30aa145f28ed9b2e364453f8a,delivered,2018-06-14 13:55:51,2018-06-14 14:23:09,2018-06-14 15:45:00,2018-06-22 23:08:53,2018-07-16 00:00:00
555bdeeec0ae00faeb547748b9e58ec6,06475b1ce34b05233619d42030f3c3ab,delivered,2017-11-24 07:04:16,2017-11-24 07:14:32,2017-12-04 16:27:41,2018-01-12 22:37:20,2017-12-29 00:00:00
5564c14d026bf6c92241f070bb98fb5b,55b1096689f3b208424ce621e1de6607,delivered,2017-07-16 02:12:36,2017-07-16 02:25:07,2017-07-18 21:27:52,2017-07-31 23:59:49,2017-08-08 00:00:00
557c1116cc609730b617567dec5790b3,700445aab496515da3f6d78df2b11968,delivered,2017-06-09 16:01:45,2017-06-09 16:10:32,2017-06-14 10:41:58,2017-06-23 10:44:58,2017-07-06 00:00:00
55a4f9b50beced29f599c03bf4df76e0,f91f25c334f44970a6b8e4b2f3b24f5f,delivered,2018-08-03 21:28:57,2018-08-03 21:44:06,2018-08-06 14:06:00,2018-08-18 10:32:19,2018-08-23 00:00:00
55a77a7dd079d592581f4cba1659ad33,bb2989af92f629b7a640c4132c679033,delivered,2017-06-06 11:27:10,2017-06-06 11:35:11,2017-06-08 07:49:58,2017-06-19 13:05:49,2017-07-13 00:00:00
55c424970c57390065af9e2bf5461f11,857ea73b4bc11994dfa6fe04b6dd55de,delivered,2018-07-09 17:49:49,2018-07-09 18:05:19,2018-07-16 13:48:00,2018-07-30 21:56:42,2018-08-01 00:00:00
55cf955cfd4e236d76710709a400f845,618508ed717cd8715290534e9463f6f7,delivered,2018-03-31 16:18:41,2018-03-31 16:35:16,2018-04-03 00:31:38,2018-04-13 13:42:45,2018-04-23 00:00:00
55d314f638b1b911d957c44db2ccafce,396e24b18e1e98d8e72f4f7dd7cde83e,delivered,2017-12-13 10:59:10,2017-12-13 11:11:34,2017-12-13 23:24:46,2017-12-22 15:09:54,2018-01-08 00:00:00
55d80e98635154dd309f2cb107f5e205,25cf4c295de346cbb91e705df4cb49e9,delivered,2017-12-01 11:52:34,2017-12-01 12:31:37,2017-12-05 21:28:39,2017-12-17 16:04:22,2017-12-26 00:00:00
55f3c870c1e40785268450603096ec90,57f23b901652eab7f1e37d43d6fdc273,delivered,2018-03-10 14:07:19,2018-03-10 14:27:58,2018-03-12 14:31:17,2018-04-06 23:19:15,2018-04-11 00:00:00
56030114e560e8093abc06e38626e871,37ba17a9768cccc0eefcb06a5319755b,delivered,2017-10-17 20:46:55,2017-10-17 20:56:36,2017-11-21 21:11:51,2017-11-30 21:04:02,2017-11-23 00:00:00
560c623fdd94c3bbcdb7e9f7b130cdf5,3dcd52c8a89d3dbea71bf36c908d8410,delivered,2018-08-21 08:52:46,2018-08-21 09:10:52,2018-08-22 08:07:00,2018-08-23 20:54:37,2018-08-27 00:00:00
5617a131d53f18d61b0b90a2d279e820,1983ae20619ddc364ff76267d7130d4d,delivered,2018-02-18 17:44:41,2018-02-18 18:46:48,2018-02-21 09:47:11,2018-03-13 00:48:41,2018-03-15 00:00:00
5619f8b4b37f9ee0474d22b309272c62,ba9fa21d16fa22ad6a806358b58e2be0,delivered,2017-12-02 10:56:04,2017-12-02 11:10:34,2017-12-05 00:19:42,2017-12-05 15:15:20,2017-12-28 00:00:00
561a3b9c8e282502bd86b6504b17544b,1d61cc31551519c757aacc3c90629167,delivered,2018-07-23 18:09:50,2018-07-24 10:32:37,2018-07-25 10:03:00,2018-07-30 14:08:44,2018-08-09 00:00:00
563cc94852488599d7c665e7f9fb7ab1,c9a80971444e9a7b61d645c6ff00d42a,delivered,2018-05-31 13:13:17,2018-06-01 08:01:56,2018-06-01 13:07:00,2018-06-09 17:18:44,2018-07-19 00:00:00
5642f00882c2ab59e001778dc483135f,6d3daf88dad3c59f48f9ec367fc43a78,delivered,2018-02-09 21:41:44,2018-02-09 21:50:28,2018-02-16 21:04:08,2018-03-23 20:34:34,2018-03-07 00:00:00
565073e67c654be3a7e7fe0e10e36629,3ac0177581009fc9b7e7aa3e860101a7,delivered,2017-05-23 22:56:19,2017-05-23 23:10:13,2017-05-29 03:42:54,2017-05-31 09:17:57,2017-06-14 00:00:00
565db683020d918f5bf0a745784b44fb,43d8604045badbfc2adfcb39d4b20df4,delivered,2018-02-24 08:53:44,2018-02-24 09:07:52,2018-02-26 15:38:47,2018-03-02 18:48:59,2018-03-21 00:00:00
569e8d50e3105686d32f81ad1e012b23,0572b0398e8e296548ecc2ab61f79934,delivered,2017-04-25 08:33:24,2017-04-26 09:35:49,2017-04-26 21:08:17,2017-05-09 13:03:57,2017-06-09 00:00:00
56beb5fd73b90e8bc46a9d551c30340f,9751d18d4431a7dc2bbd012371072e00,delivered,2017-10-19 10:22:59,2017-10-19 10:46:03,2017-10-20 19:48:03,2017-10-21 14:41:55,2017-10-31 00:00:00
56cbdf3f7e3f535682a007e0e3370e18,4ee379d29187f22407bcf61804aa07a2,delivered,2017-06-10 22:50:40,2017-06-10 23:05:20,2017-06-12 15:04:54,2017-06-23 12:33:55,2017-07-05 00:00:00
56f1d06ce4c0cf8a60c9d1af768f39de,8835260f376f7746c4e6cb38547bdfb9,delivered,2018-07-17 15:21:10,2018-07-18 03:01:44,2018-08-14 13:05:00,2018-08-20 12:08:32,2018-08-14 00:00:00
56f251ca89f74d06076966d5d49b9dc6,8d632afbccd84514a99517b239113320,canceled,2018-03-01 18:03:33,2018-03-01 18:15:44,,,2018-03-23 00:00:00
570a2d92be76532681e5a09ac38c8e78,14147d5d5faeb0b1d408f87e32101331,delivered,2017-11-24 03:32:07,2017-11-24 03:49:50,2017-11-24 18:58:57,2017-12-20 19:58:26,2017-12-14 00:00:00
570a37e6dd991a6c2c6b032f41487e04,12591d8c5871d885c6e6d8f2814df84f,delivered,2018-01-27 19:58:43,2018-01-27 20:11:30,2018-01-29 23:39:44,2018-02-10 18:33:49,2018-02-21 00:00:00
570b8c11496979f54bf5bb027e86fcd2,dfeeff17eede15ddd241f1b3071a541c,delivered,2017-10-17 09:06:08,2017-10-18 02:57:44,2017-10-20 19:52:48,2017-10-27 18:07:52,2017-11-10 00:00:00
5714245e554b639710146cab5708287a,8c0e2e1b5fdff3b779b6db5f1742b033,delivered,2018-05-02 21:17:31,2018-05-02 22:35:05,2018-05-03 14:47:00,2018-05-11 16:36:53,2018-05-29 00:00:00
571ae93d1696ee933348dd3de7a44efb,ba1fefc7aa34744954bead4700a08f4d,delivered,2017-08-18 00:31:19,2017-08-18 00:45:15,2017-08-24 20:55:05,2017-09-15 21:19:03,2017-09-21 00:00:00
571ceb25e5db8f2493bdc932ae31e994,e04d54b5ba132b01e15cf50ccde581a6,delivered,2018-01-08 08:53:52,2018-01-08 09:07:58,2018-01-11 01:40:32,2018-01-16 14:41:43,2018-02-02 00:00:00
5730dad6ecb4f73d55da69d127c2bb6b,695d206207b2d41598f8d78b77ac67af,delivered,2017-12-11 13:06:04,2017-12-12 03:50:04,2017-12-18 16:57:54,2017-12-26 19:13:31,2018-01-04 00:00:00
573c6238eeff0fc6caaed8b752bbebf4,7dd3f149fa61749b2ab09030bbf59806,delivered,2017-11-19 22:06:41,2017-11-19 22:26:28,2017-11-21 16:21:27,2017-12-01 21:16:50,2017-12-12 00:00:00
575cf745e50a19f7d43cb7831c5c76ed,4dc6615418c35ea2ba535531549b13ed,delivered,2018-04-05 22:35:47,2018-04-06 18:50:13,2018-04-09 19:32:10,2018-04-10 11:35:47,2018-04-20 00:00:00
57638520434d4c12b81d532ad9bf2f1f,2a1a08facf3d9c72a81525e7c0a84d23,delivered,2018-02-18 13:45:36,2018-02-18 14:50:22,2018-02-19 19:52:41,2018-03-02 10:06:20,2018-03-14 00:00:00
576560b37e7f23e3dfc9d154b23bc614,a5129a7fe7dfdade527c8787705421e5,delivered,2017-06-05 15:30:52,2017-06-05 15:42:20,2017-06-07 09:32:36,2017-06-08 16:32:34,2017-06-19 00:00:00
576a4c1c23fdba52cef2228ad0232cc6,02aba7ae34101544b479f4487f53fb28,delivered,2017-08-21 22:05:18,2017-08-21 22:25:58,2017-08-24 13:11:58,2017-08-28 17:37:28,2017-09-11 00:00:00
578403214d22590a9874c89eaf3c09b9,1b277e094d7add96b8704328769f7f1b,delivered,2018-04-13 17:32:02,2018-04-13 17:52:22,2018-04-17 06:02:54,2018-04-20 15:22:53,2018-05-02 00:00:00
57877cee20b0b56f383bcec5069c48c8,29566b1a3f2f8a3de8ff9bb1fc5c5dd2,delivered,2018-06-25 17:16:28,2018-06-25 17:34:24,2018-06-26 11:28:00,2018-07-12 10:25:45,2018-07-30 00:00:00
578daeebdebcc19bd2dcba1f6b06b3ce,af31beb9cb1ad7f0dd644d33b9e9ea44,delivered,2018-05-29 18:54:31,2018-05-29 19:17:23,2018-05-30 08:53:00,2018-06-02 14:12:57,2018-06-21 00:00:00
57a382ec5b2ec69093d3bdc7de3ec927,3cf0ae0b8daef388a5106a0f9999fe97,delivered,2017-06-02 15:12:18,2017-06-03 15:15:17,2017-06-05 17:05:16,2017-06-08 06:22:40,2017-06-16 00:00:00
57c2914d78f0d7f4b76089b7844e77ea,f9f5ca79ce83ea7f4b798edd03755127,delivered,2017-07-11 20:58:08,2017-07-11 21:36:01,2017-07-13 13:04:13,2017-07-14 20:42:14,2017-07-26 00:00:00
57d153da23520b86eca3cf063cc3838a,1d248f30b7b729228f3aeea904a9c61e,delivered,2018-05-03 21:19:48,2018-05-03 21:33:14,2018-05-04 13:24:00,2018-05-09 18:26:33,2018-05-28 00:00:00
57d86c396c1d48482e96e9e4a0e14ffb,f90a7fee0ba9a9b8c9ccefa13c5abe4f,delivered,2018-02-18 09:37:19,2018-02-18 09:50:26,2018-02-27 16:59:03,2018-03-19 16:13:00,2018-03-20 00:00:00
57db811a1db1b622111203c37e6f98f1,3b265c5c8b23bd68f30829c0c5a1af06,delivered,2017-05-05 21:51:58,2017-05-05 22:05:15,2017-05-10 10:04:32,2017-05-29 12:44:37,2017-06-02 00:00:00
57f3dce57b231e9b80186f99ded08cf8,c096587845614184e0dbdbe8c8eb7662,delivered,2018-01-30 22:23:38,2018-01-30 22:52:12,2018-02-03 01:37:25,2018-02-14 15:28:56,2018-02-23 00:00:00
57f67475fb7b09eedaba20d1a7cc6097,e57c26f7888cbed458512dd2b53d7180,delivered,2017-08-07 15:29:39,2017-08-08 15:43:32,2017-08-10 15:08:17,2017-08-23 14:38:16,2017-08-31 00:00:00
5810962e1a48530a03bc82a2e63c9f85,757278049297402a04deede8bd3816e4,delivered,2018-06-13 23:50:49,2018-06-14 00:18:20,2018-06-14 11:48:00,2018-06-18 21:43:33,2018-07-04 00:00:00
581e402f36b377643fce426a28dc17e4,f23c0ad2b07943504e24a69c73952116,delivered,2018-06-06 10:58:44,2018-06-06 11:13:56,2018-06-07 13:17:00,2018-06-23 12:51:34,2018-07-25 00:00:00
5820261a4aacfd67c653d120a4acdc46,ea9088633ce0a6828760d9a1d0de3e14,delivered,2018-01-11 10:55:26,2018-01-11 11:08:44,2018-01-11 20:43:55,2018-01-19 19:17:44,2018-02-14 00:00:00
58207f7c0efe1d999163cf9f30042830,a06845418e31e02c09252e0d38a8cdd6,delivered,2018-08-21 21:49:19,2018-08-21 22:04:27,2018-08-22 13:00:00,2018-08-25 22:04:43,2018-08-24 00:00:00
58279d6e5966be96c8768b58f9a6f983,da98878435e1b9d2e4682576dd42ef9d,delivered,2017-11-15 19:47:04,2017-11-15 19:55:53,2017-12-07 18:51:39,2017-12-16 15:48:52,2017-12-11 00:00:00
5828df384b9044ee90d7ac11a042274d,4cb7ea6ea120acd8ad213beea31ef046,delivered,2017-12-10 16:13:21,2017-12-10 16:30:33,2017-12-11 21:24:26,2017-12-21 20:14:55,2018-01-11 00:00:00
58385f20ce70cfb92449b879d4d0d08f,c63af7127225df2f73e46d15ab662a2f,delivered,2017-02-22 17:12:07,2017-02-23 06:55:08,2017-03-07 18:07:48,2017-03-10 06:05:11,2017-03-30 00:00:00
583daa63abcdc20ed6eab2e6a99e44a2,3e93838115ab9cd9cd49e91c2916124e,delivered,2017-10-24 19:11:35,2017-10-24 19:28:17,2017-10-25 19:32:26,2017-11-07 17:06:59,2017-11-17 00:00:00
58435d6ff97216c2ca1eab87aba77dff,c91ba72845d597a3ff42d1d45c28d1b1,delivered,2018-07-13 10:16:54,2018-07-13 10:30:13,2018-07-16 14:02:00,2018-07-24 00:08:38,2018-08-14 00:00:00
58683439e5d8a39e9b0a7c4b2f1ff8c2,e8407e62e92117ad97cb1e74cc036c93,delivered,2018-03-09 15:06:39,2018-03-09 16:10:30,2018-03-14 00:51:41,2018-03-23 17:09:00,2018-04-10 00:00:00
588085f388f3dd80c9c56681b47bf588,da6c87d5d7a19234100f5f9cce913a7b,delivered,2018-05-01 20:08:06,2018-05-03 04:12:57,2018-05-04 13:48:00,2018-06-17 20:42:22,2018-06-04 00:00:00
588319a0ed0db7baaa43a314a333434c,e0dfe045873912a1a09b825844b2165c,delivered,2018-01-30 15:27:44,2018-01-30 15:35:40,2018-01-31 16:08:43,2018-02-19 16:45:22,2018-03-06 00:00:00
58a0927d5f0c99b74be566b3d5ed7c59,32c96c2835fc20069a4c0e229e1290a9,delivered,2017-12-24 21:35:51,2017-12-24 21:47:17,2017-12-27 14:06:00,2018-01-08 21:10:32,2018-01-24 00:00:00
58a18ff759db7b6e8f84744c86b9b461,5d0cb2ee87cc765656ecc5b99d6bf809,delivered,2017-12-01 11:26:52,2017-12-02 02:37:21,2017-12-06 22:14:32,2017-12-12 17:34:09,2017-12-19 00:00:00
58a4c696515fef3e9c865e1a70b950d1,826459bc63377f4313c515d873ccf8eb,delivered,2018-01-31 13:36:25,2018-01-31 13:55:36,2018-02-01 18:14:58,2018-02-16 02:10:04,2018-03-06 00:00:00
58ac1947c1a9067b9f416cba6d844a3f,ee8e1d37f563ecc11cc4dcb4dfd794c2,delivered,2017-09-13 09:18:50,2017-09-13 13:45:43,2017-09-14 21:20:03,2017-09-21 21:16:17,2017-09-25 00:00:00
58b99a93ab6127501faa09a1c8878dc4,de7493ac1a6cbcc74e201b2b082fb08c,delivered,2018-05-20 16:20:04,2018-05-20 16:35:15,2018-05-21 14:29:00,2018-06-05 18:13:09,2018-06-08 00:00:00
58c6e33bc7b4ebacdc2171cd9e2c6f96,65dad95ef3f74abd39d82a32b3cd405c,delivered,2017-11-04 14:10:26,2017-11-04 14:25:36,2017-11-06 22:05:17,2017-11-21 11:12:56,2017-11-27 00:00:00
58cf4bf760edf8c8fd391eb871b0eaa4,5547b9a9292eda0a94548b3678bf0028,delivered,2018-07-11 22:57:12,2018-07-11 23:10:15,2018-07-17 13:46:00,2018-07-24 17:24:31,2018-08-06 00:00:00
58ecdd5dee96d19e30c67a29cae63e4d,d0eca4dcf131a1a0f4665c2a47b4ca02,delivered,2017-08-08 10:23:10,2017-08-10 03:16:09,2017-08-11 16:01:21,2017-08-24 20:19:49,2017-08-30 00:00:00
58f999d3fc97ccaa6ce17d0488658cb5,9a4df08b3ba855822a7d5e8c8a4c4f9f,delivered,2018-06-14 11:33:06,2018-06-14 11:59:39,2018-06-15 12:03:00,2018-06-22 17:39:51,2018-07-13 00:00:00
58fa3cd471625c6384fc92e41508b3a6,708e93cac3d323459af22061a0556f26,delivered,2018-01-11 17:17:15,2018-01-12 17:09:19,2018-01-16 00:18:27,2018-02-02 17:46:21,2018-02-09 00:00:00
5908173cac04f7b1861e21b7f4f639da,ea5a116374d378d73e95b7b0c80fd714,delivered,2018-01-26 17:33:03,2018-01-26 18:00:34,2018-01-29 23:29:12,2018-02-01 20:29:26,2018-02-09 00:00:00
590df66dc01ee360ffc28411a5b15f0d,34dce5cd72cbdc18a08cfead93190b41,delivered,2018-03-29 10:04:18,2018-03-29 10:27:50,2018-04-04 10:24:27,2018-04-16 19:38:49,2018-04-23 00:00:00
5922f7c7645fe4c84b8074f7574dcacf,6c87ef9fb2c74c744c17fd3b3c766d80,delivered,2017-07-04 09:44:04,2017-07-04 09:55:23,2017-07-05 12:17:16,2017-07-10 19:43:46,2017-07-31 00:00:00
592399454ab1293dd375db727ddb5947,f4070dd9e6712ce1432f11b759975fc2,delivered,2017-09-28 20:54:00,2017-09-29 21:07:18,2017-10-04 15:12:35,2017-10-11 19:33:50,2017-11-01 00:00:00
5930304c1503cbf5928b7e38bc52e248,338389b4ce5ff565c680373d416b9a5e,delivered,2018-05-03 14:39:55,2018-05-03 14:55:15,2018-05-03 14:47:00,2018-05-10 01:52:54,2018-05-23 00:00:00
5939a276152174ff719ee375114e0775,ec03e43a7a5f7a6774a43ace6ca4f366,delivered,2017-08-05 17:11:39,2017-08-05 17:25:06,2017-08-10 14:52:13,2017-08-21 19:06:26,2017-08-29 00:00:00
593f849c29daaeee17ee32baa44795d6,72e4611b4b2a30b1f1b1ae1ffc56431b,delivered,2018-03-08 00:33:49,2018-03-08 01:08:41,2018-03-14 21:16:39,2018-04-04 11:42:37,2018-04-17 00:00:00
594f77c01c63636e30fb32025939df9d,2e795be994e5b3dd3602f35ae8840feb,delivered,2018-05-07 13:44:46,2018-05-07 15:54:40,2018-05-11 14:01:00,2018-05-21 20:58:39,2018-05-29 00:00:00
595c28bec1ce2ed873ef32f4c6f2f624,04172bd08c3ce1f9546706d7c239d62e,delivered,2017-04-24 19:52:50,2017-04-24 20:02:37,2017-04-27 05:09:08,2017-05-03 15:20:12,2017-05-25 00:00:00
59682ddba24feb11071cee1f0ed1ecd9,ab2ad851c8afe2151aabdc9829cc23c8,delivered,2017-12-06 18:00:29,2017-12-08 02:54:25,2017-12-11 20:51:45,2017-12-18 18:10:53,2018-01-12 00:00:00
596ebedbd7635ed05a529154e354de90,d3d9d1df376abf1650448aa8e7a23d28,delivered,2018-02-26 16:55:41,2018-02-26 17:15:35,2018-03-02 20:12:35,2018-03-09 00:50:30,2018-03-16 00:00:00
597310d5c3dc11229fe9221f13489cab,c4357c0fbb69c53822f3690047baa057,delivered,2018-07-31 15:50:04,2018-08-01 03:31:38,2018-08-01 15:07:00,2018-08-14 21:42:03,2018-08-23 00:00:00
5985ffeab1ed2339fe93d713e2c48db8,b511c2412ad8f6dce9174c4892484c5c,delivered,2017-09-27 14:29:22,2017-09-29 03:21:56,2017-10-02 21:35:11,2017-10-04 17:13:17,2017-10-13 00:00:00
5986af0c84c245048bb86d39d66fe3c1,7a1a96d4644f77c1498383ee348c490b,delivered,2018-04-26 13:52:26,2018-04-26 14:11:59,2018-04-30 06:24:00,2018-05-05 19:07:53,2018-05-25 00:00:00
599cc8757abf10de056680e4b66187cc,0a03a6a1d24de1a847f6a8a26d5ab014,delivered,2017-04-27 22:01:14,2017-04-28 12:53:53,2017-05-02 07:47:40,2017-05-09 14:17:02,2017-05-29 00:00:00
59a5648d91a60574c541152e2fe1c66c,afdf544a50f99cf8bd472e2867a883c0,delivered,2017-09-12 13:52:02,2017-09-14 03:05:47,2017-09-15 15:44:44,2017-09-28 19:45:06,2017-09-29 00:00:00
59c0d4b067270f98e28b82c5ce59db9c,1445c50b71cac75922c8b2aab68dce8e,delivered,2018-08-19 20:53:01,2018-08-20 13:15:09,2018-08-20 15:13:00,2018-08-22 17:12:06,2018-08-31 00:00:00
59c89c6f877fc8863ea3527950e3ae68,5a20dcfb449dd9191167ee988df7b258,delivered,2017-05-19 08:15:11,2017-05-19 08:25:07,2017-05-19 09:06:09,2017-05-29 10:41:50,2017-06-08 00:00:00
59d30d600974ba0320ff55e66d6bc67f,f806090d1d5bd75e986ce533ab850086,delivered,2017-09-24 19:36:25,2017-09-26 03:28:19,2017-09-26 19:53:11,2017-10-03 21:22:41,2017-11-03 00:00:00
59d926a10c7bbe3763d2ed1fe40afdd1,9c26e41845eb11a5169a059be6308336,delivered,2018-07-06 22:48:36,2018-07-11 03:45:36,2018-07-13 08:54:00,2018-07-25 15:22:05,2018-08-08 00:00:00
59da3bd70f1d9278c6ae1577cd16de12,115169e81289a703470c78057872755f,delivered,2018-01-14 08:18:41,2018-01-14 08:29:36,2018-01-15 23:42:37,2018-01-19 18:23:04,2018-02-08 00:00:00
59e44a5b3531b9de0e55335ef6cfce2d,4c2596cc24c1451ffa0745389966d535,delivered,2018-06-03 20:05:45,2018-06-03 20:15:25,2018-06-06 13:05:00,2018-06-12 17:37:50,2018-07-31 00:00:00
59e53c261681312bd398bcac254262e8,a5685e44a9fb2e4b7e68c30b30809b1b,delivered,2018-07-02 11:10:13,2018-07-02 11:30:06,2018-07-03 17:14:00,2018-07-11 17:11:42,2018-07-24 00:00:00
59e7ca596664da0a459a145eb95cc9c5,c851e38392f26d6a33bfe6f717c0fba8,delivered,2016-10-05 14:40:44,2016-10-06 16:02:26,2016-10-21 16:20:49,2016-10-24 16:20:49,2016-11-25 00:00:00
59e94c656aec3cee1b4a97e8324b47d2,c69c44d6121fd87aa2c3ad49ef16890c,delivered,2018-02-08 18:26:22,2018-02-10 02:36:05,2018-02-15 20:04:23,2018-04-03 19:51:47,2018-03-02 00:00:00
59e965eb9a8f7f341a003466fbe14229,8713f2c76cceb801594317bc39ef35bd,delivered,2017-12-28 20:17:58,2017-12-28 20:29:25,2018-01-02 20:32:15,2018-01-11 15:14:16,2018-01-23 00:00:00
59ee2fecea61fffb6f6da1adf48df362,4a3c70d1f6483d7c120802bab86bf4e5,delivered,2017-06-02 21:09:49,2017-06-03 02:15:20,2017-06-26 15:51:39,2017-07-03 17:37:34,2017-06-27 00:00:00
59f0c755f151fc512bfc8a38e3b192ba,fbce2588012ce30bd9bf1b3ffb412cfa,delivered,2017-10-08 12:05:08,2017-10-08 12:14:22,2017-10-09 18:03:06,2017-10-16 12:59:17,2017-11-03 00:00:00
5a07e91ff0df440fc9e39922aa973b9d,b3a700964f6f6afd6d7df555d6e088a0,delivered,2017-10-21 21:59:17,2017-10-21 22:14:19,2017-11-03 21:13:32,2017-11-13 20:46:44,2017-11-23 00:00:00
5a082b558a3798d3e36d93bfa8ca1eae,75dbcfb7a44bcf1199a9232679b45b10,delivered,2018-05-21 01:24:25,2018-05-21 01:37:54,2018-05-21 14:31:00,2018-06-07 17:16:41,2018-06-14 00:00:00
5a254755df1e90c1e7bff386319a9cc7,23c2819f22e5fdc29df19048b6dac5ba,delivered,2018-05-05 08:37:48,2018-05-05 08:53:45,2018-05-07 19:25:00,2018-05-14 21:23:42,2018-05-28 00:00:00
5a29fd07d4a1b1523a932159e4648b28,d0da29bb6c19ff57126bbbd9ed63dead,delivered,2017-11-25 13:59:42,2017-11-28 04:31:11,2017-11-28 15:24:38,2017-12-03 15:17:40,2017-12-20 00:00:00
5a4f11a9be03037cc84e5b77f4cf9d82,ae83491ae685afa6ec6af5deba64d7a3,delivered,2017-12-19 23:35:52,2017-12-19 23:53:18,2017-12-21 16:13:43,2018-01-05 22:05:43,2018-01-08 00:00:00
5a610ef4a49d9be48df16a1026f225f4,af3d9d4c28530825f0ced435b75abee4,delivered,2017-09-02 20:12:12,2017-09-05 04:44:30,2017-09-08 18:32:24,2017-09-19 20:21:38,2017-09-27 00:00:00
5a8f3e078b9a03b9bb16baa101e1c0ae,2c17138279e491eb5a6f827b36e99ce7,delivered,2018-02-07 18:40:17,2018-02-07 18:50:24,2018-02-09 16:35:37,2018-02-21 18:53:34,2018-03-06 00:00:00
5a97cb85d8737c11775451e5bcf67286,4f7a71f3048222b151b6ae9d4bc15e6b,delivered,2018-07-30 15:02:13,2018-08-01 02:44:09,2018-08-07 10:00:00,2018-08-13 22:48:30,2018-08-22 00:00:00
5aa709ad0b286644ffbb7c9aa6a1db27,bc1461d2c76f5c8e5e210ca0ff4b031c,delivered,2018-04-11 20:18:54,2018-04-11 20:30:17,2018-04-12 21:52:43,2018-04-21 11:06:41,2018-05-08 00:00:00
5ac0d2c1229ba07ea5cd990360b21e34,3f3604cce1ae20d26d7503ab468cd86b,delivered,2017-02-23 20:22:33,2017-02-23 20:33:12,2017-03-01 18:13:52,2017-03-06 11:09:33,2017-03-16 00:00:00
5ac2db22c3a1a5c7d59208f225e41fef,ddb4b59eafb402e9e5dcce9204b5aa21,delivered,2018-05-11 16:33:12,2018-05-11 16:59:55,2018-05-14 12:02:00,2018-06-23 19:58:32,2018-06-14 00:00:00
5acf78c509b083a69d8dd05a63a17185,21c11854807d25c65f28257f14277612,shipped,2018-01-12 14:37:14,2018-01-12 14:48:23,2018-02-06 21:21:46,,2018-02-09 00:00:00
5ad5a009431bd3f53d623de6ca712cb4,77bce260449122691b84b3e00e6a3b2e,delivered,2017-04-22 15:19:21,2017-04-22 15:31:47,2017-04-25 19:54:49,2017-05-08 09:59:57,2017-05-11 00:00:00
5af3995b6e2291d7ce8086db20960dd8,91571092575ba11141c0df1e1bcb4c3b,delivered,2018-01-29 21:55:21,2018-01-29 22:13:24,2018-01-30 21:57:04,2018-02-06 18:04:13,2018-02-20 00:00:00
5b023700ca22594b76150412fb31d733,4f85689223f7451e3754e857750c6847,delivered,2018-04-16 07:25:38,2018-04-17 05:55:42,2018-04-17 19:19:12,2018-04-27 18:32:02,2018-05-03 00:00:00
5b10d29307d564e7cba05fe2ecf7334b,5da58311c38580e9148202a5ed52b9e0,delivered,2017-07-29 08:23:31,2017-07-29 08:43:39,2017-08-04 18:03:13,2017-08-09 21:44:58,2017-08-22 00:00:00
5b1b26d3f1b67defc956d8ae1d95d407,33017f6301984878b3e298594e609e81,delivered,2018-05-09 21:49:05,2018-05-09 22:14:22,2018-05-10 15:33:00,2018-05-24 18:06:39,2018-05-30 00:00:00
5b1c6bad461d722c0e428b2ad4e5cafe,fba40866bbdb9966b507e565aba87490,delivered,2017-03-25 20:21:56,2017-03-28 03:51:19,2017-03-29 12:08:25,2017-04-03 13:44:33,2017-04-13 00:00:00
5b4101f533b7c66611b649809ff634b1,67bebc02fe1882de7424ae7c032fbcf0,delivered,2018-08-07 14:44:15,2018-08-07 15:04:53,2018-08-09 12:52:00,2018-08-13 16:52:01,2018-08-24 00:00:00
5b46b8a8da766ab67735748a7d1542dd,a53a6b671ec4fc6c55839c50bfcaf3b5,delivered,2018-08-10 16:55:22,2018-08-10 17:05:17,2018-08-13 14:24:00,2018-08-17 16:47:41,2018-08-29 00:00:00
5b5270acff888d4eaf14966f98eabd54,ce1bcfe3b3c0ee8f1d421a3eb754d9ce,delivered,2018-04-13 13:04:33,2018-04-13 13:35:27,2018-04-16 21:48:56,2018-04-27 23:18:32,2018-05-10 00:00:00
5b649740381032adc79831802d8d221a,9f953bb4452203555445d713827f1465,delivered,2017-11-04 11:11:51,2017-11-07 07:30:51,2017-11-08 15:46:59,2017-11-13 16:52:04,2017-11-30 00:00:00
5b8d793745f3ac9e033f77ff0f8ea88c,e50282a57bfcb1996979f08a9c82c765,delivered,2018-04-25 12:58:56,2018-04-25 13:15:08,2018-04-26 11:56:00,2018-05-23 17:13:25,2018-06-05 00:00:00
5bab7c4dc62f5bae4f349ceb09639444,6318e5484de466af8092d9d252c3d6a2,delivered,2018-03-29 22:59:32,2018-03-29 23:15:11,2018-04-02 20:27:01,2018-04-27 18:37:52,2018-04-19 00:00:00
5bb67bb01ea5cb177b047ffe340c5c3e,302ddfd48143e8c407b25c746096e09f,delivered,2018-07-11 07:33:55,2018-07-11 07:45:58,2018-07-12 08:48:00,2018-07-26 16:16:46,2018-07-30 00:00:00
5bb6be5ac31d6ab742083dec19b729c8,1cec7c8d274ea8b2a9e49cf962e759d2,delivered,2018-07-24 12:59:07,2018-07-25 02:50:19,2018-07-25 14:17:00,2018-08-01 13:16:31,2018-08-21 00:00:00
5bcdec60d84d4495d0d90b64a3e81804,6c65bbfd7a67ebafd5b8b3b931c75012,unavailable,2017-12-05 15:25:11,2017-12-06 12:30:39,,,2017-12-28 00:00:00
5be7a00f3302bbc55973ecf0d9322ba8,0e1169a273c00760595751dbbc636efe,delivered,2017-08-04 13:24:31,2017-08-05 03:03:23,2017-08-07 20:12:08,2017-08-11 17:06:48,2017-08-28 00:00:00
5be9af49f40fc3bbb1c3c8aa5b7d8ee9,2ec5c991e9e555707bbf7a41d70dd5d6,delivered,2018-08-16 09:04:47,2018-08-16 09:15:20,2018-08-16 11:10:00,2018-08-24 20:41:38,2018-08-30 00:00:00
5bec9dad5626dc4e86bf625a3a6d0523,acab1931f3327c583da518ee45806014,delivered,2017-07-24 18:11:59,2017-07-24 18:25:22,2017-07-26 10:17:43,2017-07-27 17:06:30,2017-08-11 00:00:00
5bf4b0c6624c03f4a531a60082fab3b5,b73365f2845e82a0339730921895e5da,delivered,2017-03-13 14:31:07,2017-03-13 14:31:07,2017-03-15 09:12:22,2017-04-03 15:05:19,2017-04-05 00:00:00
5bf9c5ac7dfc2d9cc6911038a0864fbf,fe8effb68afea983b75fab51cd03050f,delivered,2018-04-15 18:05:55,2018-04-15 18:31:06,2018-04-16 20:03:32,2018-04-30 15:58:43,2018-05-18 00:00:00
5c084318cff126cf38e30fe940ea2fbe,22a10db84c0324464bb842e5bec1d6e4,delivered,2017-12-04 13:56:14,2017-12-05 04:12:01,2017-12-05 17:16:50,2017-12-19 21:38:44,2018-01-02 00:00:00
5c092582307d1169e1a475648c90003f,f3c77d075eef136f32aaf3e0ad0be638,delivered,2017-11-27 00:13:40,2017-11-27 00:32:38,2017-11-28 21:54:42,2018-01-16 18:13:36,2017-12-22 00:00:00
5c16fa790786ce85165190a91ebc6f85,9fa640b461197bf923b328f63ae4ac2b,delivered,2018-07-27 22:11:55,2018-07-27 22:25:07,2018-07-31 14:36:00,2018-08-08 17:28:44,2018-08-20 00:00:00
5c1d89aac6e3b4a8f69d548ea030179a,ebfec89ff4443951e41c19c07203210e,delivered,2018-02-07 15:30:26,2018-02-07 15:52:20,2018-02-08 20:58:49,2018-02-17 01:38:00,2018-03-02 00:00:00
5c26d05602b6bf6463faf31fe5031c1c,b3048bed6f8e24f898f1f83e038f247e,delivered,2018-02-11 11:08:36,2018-02-11 11:48:02,2018-02-14 18:07:39,2018-02-20 18:44:56,2018-03-09 00:00:00
5c3ed80bbf87273549529ebc6a45650d,bbe6f69791f44733cdb39b824789340a,delivered,2018-03-18 14:22:04,2018-03-18 14:35:25,2018-03-19 19:27:20,2018-05-05 00:16:54,2018-04-13 00:00:00
5c458a0a24c83bb972feb57ab32e38a6,b893a27f67713b0aeced6c2ec3f91250,delivered,2018-06-02 19:51:39,2018-06-05 03:49:57,2018-06-05 13:41:00,2018-06-19 21:32:16,2018-07-12 00:00:00
5c59a70dbcb923876763ecb18ff3fad4,4d4e0331021865956763c591074635a2,delivered,2018-04-25 16:30:22,2018-04-25 17:12:30,2018-05-02 15:14:00,2018-05-09 16:07:34,2018-05-14 00:00:00
5c72a1e93e4f43b00cde64df569c2155,d2678d22d6727dfd53c7b918ae2301cb,delivered,2018-01-04 15:06:03,2018-01-04 15:15:21,2018-01-05 14:53:09,2018-01-16 12:34:07,2018-01-31 00:00:00
5c8016724722d7906a7e8cfa22d7727d,0c89c6b8a3eb1a427ae8f50fa500f009,delivered,2018-08-05 03:33:39,2018-08-05 03:45:10,2018-08-13 15:06:00,2018-08-15 22:54:38,2018-08-16 00:00:00
5c87f97c103f08f9cd977b07384a3fd3,21105f1f5855e8327a4030ab132b915f,delivered,2017-05-29 20:21:22,2017-05-29 20:30:27,2017-05-30 10:36:19,2017-06-05 14:00:00,2017-06-28 00:00:00
5c970ae2d7acc353fb8a086fa101ba95,e0d2d4e53864660490ab5c6d78fb7555,delivered,2018-08-11 23:03:48,2018-08-11 23:15:09,2018-08-13 11:01:00,2018-08-22 17:21:22,2018-09-18 00:00:00
5c9ef82c5db4b1a72d24609ec6779955,f6617e6db7ba5a1f45819029705176b6,delivered,2017-12-19 21:06:42,2017-12-19 22:10:46,2017-12-21 17:37:13,2017-12-30 11:32:55,2018-01-17 00:00:00
5cc475c7c03290048eb2e742cd64cb5e,75e8f990b9e289013b1d092614b52487,delivered,2016-10-04 21:54:52,2016-10-05 03:10:31,2016-12-06 17:24:00,2016-12-12 20:31:54,2016-11-24 00:00:00
5cc63affb50754b86ebcc046f957c65b,5121b60fe85120745d60d63d92011641,delivered,2018-04-04 21:11:20,2018-04-04 21:28:40,2018-04-05 20:03:38,2018-04-16 18:09:43,2018-05-04 00:00:00
5cca24359ca7443aa609e17be46a0990,7e4b15f49a6df5d7cfff17fce8610367,delivered,2017-08-18 02:37:16,2017-08-18 02:50:07,2017-08-21 20:15:55,2017-08-29 23:37:50,2017-09-28 00:00:00
5cd95f0cc60ce2902bb618921d212463,3ff1fd17fdf072b568d67bbb73859d31,delivered,2017-08-12 16:30:37,2017-08-12 16:45:12,2017-08-14 19:08:01,2017-08-15 17:26:27,2017-08-25 00:00:00
5cd9658ba9e8ad15b491928fd7ec370d,cf54331ed702f203f23da3cf5a0de4d2,delivered,2017-08-30 19:43:57,2017-08-30 19:55:20,2017-08-31 18:37:38,2017-09-04 20:04:42,2017-09-18 00:00:00
5cf62f9c757b9bc80a12ffe293efa0ac,dbccc3a5b4b250d8924a3ae91c89852d,delivered,2017-05-09 18:22:48,2017-05-11 04:22:39,2017-05-11 11:57:04,2017-05-20 10:52:48,2017-05-29 00:00:00
5d04adb20b546fc5628d3f926b5fe37c,931ce24e7e52ee657b39788051547166,delivered,2018-04-06 22:59:05,2018-04-06 23:15:16,2018-04-09 19:41:03,2018-04-19 18:44:51,2018-05-03 00:00:00
5d05c998a38706f49de186001b342faf,6869e6ba48deeeef410aaecc3db3fcb0,delivered,2017-11-12 08:08:55,2017-11-12 08:26:02,2017-11-16 17:52:42,2017-11-21 18:15:31,2017-12-11 00:00:00
5d0db9d992f9f02d3bdca8a7e64c2c27,228197f0dbebc485b65d117dee5bc7d5,delivered,2018-06-08 16:36:35,2018-06-08 19:31:01,2018-06-14 14:17:00,2018-06-15 10:55:58,2018-06-21 00:00:00
5d1c0dcecd1bdd50fb9edd53d2680184,54c180ed3cd9d2ec3de1a48606750abb,delivered,2017-11-06 08:57:51,2017-11-07 07:30:29,2017-11-07 20:07:11,2017-11-20 19:07:07,2017-12-06 00:00:00
5d2331c2b9c856b5b42d3c9f0c9b97cc,251a0c3704affcfc069c2ed0ec3937b7,delivered,2018-08-19 18:36:01,2018-08-21 04:50:08,2018-08-21 13:56:00,2018-08-24 15:06:51,2018-09-13 00:00:00
5d2ff43aa9d044bfeee7a47f21b05f8e,d4e97f030d21e570183fcf7997ed9efb,delivered,2018-06-10 00:00:40,2018-06-10 00:21:47,2018-06-12 11:33:00,2018-06-13 16:58:38,2018-06-25 00:00:00
5d356daa43b595e4132a76f217230476,949c1427726c544f841ef6d3593772a4,delivered,2017-11-27 17:51:59,2017-11-27 18:11:49,2017-11-28 18:55:51,2017-12-03 18:10:09,2017-12-15 00:00:00
5d4904af2abec966288d8236c091bbda,301244891b00c0b50ec19d1707ff24f6,delivered,2017-05-13 18:20:06,2017-05-13 18:30:12,2017-05-16 12:01:42,2017-05-26 18:03:39,2017-06-02 00:00:00
5d6e04a5abfffe286806a9e6b296eb1b,f259bb43b57b88a848f21b728530e5dc,delivered,2018-07-23 16:32:54,2018-07-23 17:25:16,2018-07-25 11:07:00,2018-07-26 16:58:37,2018-07-31 00:00:00
5d80f1568478295e280e48e5d766bb28,c1a5f27b64582f59e32f853f93500a8e,delivered,2017-05-22 08:31:33,2017-05-22 08:42:41,2017-05-23 10:29:32,2017-05-30 13:52:05,2017-06-13 00:00:00
5d813e90f3a2dcc17b05e3f7fb2d4ce6,3a7ee02ff6c9374344b9a60592bb1648,delivered,2018-05-07 13:08:51,2018-05-07 16:52:25,2018-05-09 15:48:00,2018-05-16 15:13:07,2018-06-12 00:00:00
5d897972f7c8ca3878faa6d297a0173e,8696813c751f4e6bf28e6330e4b00104,shipped,2017-05-13 15:44:13,2017-05-14 15:50:15,2017-05-15 15:30:14,,2017-06-13 00:00:00
5dbbced030c8556f919a3b392a589b7e,dad1e2ee878086780ede43f04ff07a53,delivered,2017-11-03 11:10:16,2017-11-04 11:15:27,2017-11-06 21:11:58,2017-11-29 12:43:05,2017-11-23 00:00:00
5dd074a5f6674685cfe723e7854c0b73,cce44d7973c3c5d679d99616b5f50c91,delivered,2018-07-25 07:59:03,2018-07-25 08:15:15,2018-08-07 08:45:00,2018-08-14 22:41:32,2018-08-21 00:00:00
5dd64c69f0f1a0f2cb3a5272837fb904,8ea66ae4d3f2dc12f923574e837df7b3,delivered,2018-08-21 19:01:03,2018-08-21 19:10:23,2018-08-23 14:09:00,2018-08-27 20:29:30,2018-09-04 00:00:00
5ddffd82198ca5fd512883316c2c865b,fc5c09d0b99197f393e86cf4cbb0cfac,delivered,2018-02-24 10:46:36,2018-02-24 11:08:36,2018-02-27 17:34:44,2018-03-01 19:59:15,2018-03-12 00:00:00
5de6387107c3165295d2f19ab2db7be5,0c43610fd930ed4eee8f18b6a89a1755,delivered,2017-12-05 08:36:28,2017-12-05 11:03:33,2017-12-06 23:53:07,2017-12-10 15:21:38,2017-12-21 00:00:00
5dedb012dc056caca4184c7fe7ec5613,900f88c22ee76b9f34fe901ce2478915,delivered,2018-01-29 16:22:27,2018-01-29 16:37:54,2018-02-02 02:21:31,2018-02-07 22:47:30,2018-03-02 00:00:00
5dee4f20dad15577d54e207b68b96be7,639d8567cc1c4963745cbbbf059ceb3b,delivered,2018-06-09 09:56:19,2018-06-09 10:17:30,2018-06-11 14:05:00,2018-06-18 18:46:43,2018-07-04 00:00:00
5df3e4bdf3b11255c6c73bd401826bae,f1c4f32e47264ad79b39838b82e281e0,delivered,2017-10-03 12:53:26,2017-10-03 13:07:24,2017-10-05 17:05:53,2017-10-13 19:12:52,2017-10-26 00:00:00
5df489bf628aa872653bc4791319921f,194f91ba65b13e35ba4883be836ecfc5,delivered,2018-07-31 20:20:14,2018-07-31 21:00:13,2018-08-02 15:52:00,2018-08-07 18:25:14,2018-08-30 00:00:00
5e2150868494c26407f39ac03c5de246,988440a77f06ef4a5885c7dd31833bf4,delivered,2017-12-19 09:33:24,2017-12-19 10:31:59,2017-12-20 19:52:06,2017-12-22 00:22:16,2018-01-08 00:00:00
5e479fe6d021c55b96aa4799e9046634,690d9e177e7d2a54b8d4ad4c08d2b6a4,delivered,2018-03-21 10:18:04,2018-03-21 10:30:22,2018-03-22 00:52:29,2018-03-23 21:52:32,2018-04-04 00:00:00
5e5235e11bea2c86b1255beb1b7e247a,65be8a984e4ddd88a63a984b4430de9b,delivered,2017-06-14 08:57:30,2017-06-14 09:10:16,2017-06-14 14:58:07,2017-07-14 18:56:33,2017-07-07 00:00:00
5e524bb81ff2ff0d50ebd32cb30c04e4,3b89e57966dcd01fc701714d480e4e96,delivered,2017-12-03 00:48:14,2017-12-05 01:16:03,2017-12-11 19:22:00,2017-12-20 22:12:07,2017-12-27 00:00:00
5e73c84a4d8bfcb7f5f1aca946e843c7,d57d4907c0bffedc7eaa6a8bad9d3249,delivered,2017-07-05 12:24:06,2017-07-06 06:43:48,2017-07-13 21:12:36,2017-07-29 16:22:27,2017-08-10 00:00:00
5e799230fac44bd261f49b46edad3213,fde75f43574df6efbe20b37f9ec8668c,delivered,2018-02-26 14:09:57,2018-02-27 04:31:01,2018-02-28 19:42:59,2018-03-06 22:38:53,2018-03-16 00:00:00
5e7b379aa81e0e21c5894e1f71cb45d6,92acf3602b221560d5f2eb2ffa151b30,delivered,2018-08-16 11:54:31,2018-08-16 16:49:14,2018-08-17 12:04:00,2018-08-28 19:08:41,2018-09-27 00:00:00
5e81df12374f3a0e3c11e392a252fdcf,84295646168988e026d7f61d885de691,delivered,2018-04-09 12:59:44,2018-04-09 13:15:11,2018-04-10 22:48:49,2018-04-16 13:02:41,2018-05-04 00:00:00
5eb1569b3a9e174aebf991bfa0fef897,33a0ede763ee223996e200f111e33592,delivered,2017-04-11 16:47:52,2017-04-12 16:55:19,2017-04-13 09:56:23,2017-04-19 15:43:54,2017-05-09 00:00:00
5ec8127f0e7abadc5ee625f266ee0742,a5f4652eea211b3fcf3c2bf98d491e32,delivered,2018-06-05 11:13:33,2018-06-05 14:31:31,2018-06-08 16:55:00,2018-06-15 16:36:54,2018-07-16 00:00:00
5ee9f6eb126b4f5f10e3176c461848f9,063720fcf0e8243cd82180e83332190a,delivered,2018-03-16 10:36:47,2018-03-16 10:49:02,2018-03-20 22:41:15,2018-03-23 20:41:55,2018-04-04 00:00:00
5f00e80d3b9ae5d8410469f9f0ffd1bb,500fcc5f572fc30b5d83aa769ddc6b0a,delivered,2017-08-31 13:03:37,2017-08-31 13:24:15,2017-09-01 18:53:25,2017-09-04 17:48:21,2017-09-19 00:00:00
5f0204c837c9b96a76c8da513f40ab17,ff23f2703f021b1c9e49f69941915974,delivered,2018-07-29 17:12:50,2018-07-31 03:50:09,2018-08-01 12:55:00,2018-08-08 21:38:40,2018-09-13 00:00:00
5f156d65bf7998fce0ebdb3a046e78a3,aae8fcc018dceb4958fd6d509b6b6434,delivered,2018-02-03 18:10:49,2018-02-03 22:49:43,2018-02-06 01:18:40,2018-02-28 12:53:41,2018-03-08 00:00:00
5f2afe447ecc492da57db318b381a3ab,225e04767aee40ab29339c8392c13197,delivered,2017-06-15 08:21:27,2017-06-15 08:35:13,2017-06-16 15:29:12,2017-06-22 13:32:55,2017-07-06 00:00:00
5f5009f6c5e45b305e8cab76a5df6a18,643f08ce5391a352c4e91587fbcfa3f4,delivered,2017-05-31 20:35:07,2017-05-31 20:45:13,2017-06-01 14:36:20,2017-06-02 09:51:42,2017-06-14 00:00:00
5f69f6bf68dce110479aa0bb515b47c8,4cd274ce8ba240b1cff6480fa9911df1,delivered,2017-11-26 11:20:27,2017-11-26 11:31:40,2017-11-27 16:36:45,2017-11-30 13:08:44,2017-12-12 00:00:00
5f7811f83d3d9d0aa1f4c9bcd1cc1a12,f37fb2c140fb551fdb28892bf23f6146,delivered,2018-08-15 19:48:02,2018-08-15 20:04:02,2018-08-16 15:34:00,2018-08-18 17:18:43,2018-08-29 00:00:00
5f7d84d0a7cea1633979f2b458c740b6,8dc52e5ad5b73b2c4f559a80c7bee085,delivered,2018-04-18 10:23:16,2018-04-20 07:11:00,2018-04-21 00:33:41,2018-04-26 16:13:00,2018-05-09 00:00:00
5f7e868dd546fc8e9e0bd8515efababc,7d9ae6a70b73e87d1be939278b1fa0e1,delivered,2017-05-28 15:57:14,2017-05-28 16:05:09,2017-05-30 09:44:07,2017-06-06 13:35:41,2017-06-21 00:00:00
5f8772295e1adb4e4832c988d6b631b6,d6ea3ab260c02dc5a2d6270e7d49286d,delivered,2018-03-17 10:11:49,2018-03-17 10:28:37,2018-03-21 19:24:40,2018-04-10 01:19:14,2018-04-20 00:00:00
5f9023a84ef9e64c87bc7c1970da5680,6ae24eb8875716251130b7156d33e7ae,delivered,2017-09-12 13:31:54,2017-09-12 15:55:47,2017-09-13 18:47:59,2017-09-25 18:29:55,2017-10-24 00:00:00
5f9c46986c8990debd941ac4f936e95d,3277f6dc58d50bc3b50445bc977797a6,delivered,2018-07-23 09:12:37,2018-07-25 02:50:19,2018-07-25 13:54:00,2018-08-15 00:14:43,2018-08-10 00:00:00
5fa31572cddd9405f1eda482f8106353,e1d2f4a8673a4dda0838ac511f3fc8a7,delivered,2017-07-09 14:55:28,2017-07-09 15:15:17,2017-07-13 20:33:28,2017-07-28 17:14:56,2017-07-27 00:00:00
5fa86014b9702f8c488d3ca356d24dd9,5403b9d98faadbbb85ec061012a213c1,delivered,2018-02-19 01:42:20,2018-02-19 02:46:56,2018-02-20 22:29:16,2018-02-27 17:03:43,2018-03-12 00:00:00
5fb669725665771911c8ecc187870553,6be3dedf61ef41f55430dc20f3d64899,delivered,2017-05-06 17:35:28,2017-05-06 17:45:15,2017-05-09 09:36:09,2017-05-16 09:04:34,2017-07-07 00:00:00
5fb801bbd0a3376799e6d3a508f845db,4bb0b800e2bafd5b1df51ea1e45e780b,delivered,2017-03-24 10:53:14,2017-03-25 15:42:24,2017-03-28 13:03:15,2017-04-07 11:52:39,2017-04-18 00:00:00
5fc0077c7ba092d24743a55d05cad3fa,9dd67cd8c4589e31802e8e02c24b3b64,delivered,2017-10-31 20:56:17,2017-10-31 21:06:46,2017-11-10 08:43:58,2017-11-16 20:50:32,2017-11-29 00:00:00
5fe18112061d552a439bf8a33e638468,0e1b2ff4b8a1ef60fd78f8c3e7df6d4e,delivered,2018-02-27 11:37:15,2018-02-27 11:49:49,2018-02-27 22:28:59,2018-03-07 20:48:53,2018-03-26 00:00:00
5fe8c7141808af2ac47d98ff8a006ac5,3b74aecc92a9ddce62caa3abf0af14ed,delivered,2018-02-02 17:40:16,2018-02-03 02:52:46,2018-02-06 01:04:07,2018-02-19 17:33:49,2018-03-07 00:00:00
5fed29bc3234f8a50dcdafe6754b62ce,137105b0420e2f6a83fe51bd237888b0,delivered,2017-05-30 17:36:49,2017-05-30 17:50:25,2017-05-31 23:32:44,2017-06-06 14:27:52,2017-06-20 00:00:00
5ff6b1218c59006ad453dc0f33c70ec2,7f3cdf6539fdd87133286b5456b91ae1,delivered,2017-06-17 23:50:22,2017-06-18 00:47:03,2017-06-21 14:13:18,2017-07-07 20:52:47,2017-07-11 00:00:00
5ffd6a2fc18f65496eca65629db6eba6,1d5422d77cda6f6d25d07ce448ba46cb,delivered,2017-12-18 00:08:38,2017-12-18 01:12:54,2017-12-20 14:53:17,2017-12-26 20:09:23,2018-01-12 00:00:00
5ffef190f82ef1609e36ce56abdde5e9,87ed937e173f32a5af54daf84e0732e9,delivered,2017-09-28 15:36:23,2017-09-30 02:36:19,2017-10-09 17:24:05,2017-10-17 17:04:48,2017-11-09 00:00:00
601e15e212cb33919e0444d6f0d776e0,1daae5de6467ac2cb6cb6707025b2b40,delivered,2017-09-12 14:07:21,2017-09-12 14:26:44,2017-09-13 21:03:33,2017-09-29 20:27:30,2017-10-02 00:00:00
6026ab778a91a44d6099fd3734dfb44a,419416765315af7eec3cc52b6590c2cf,delivered,2017-11-21 20:05:55,2017-11-21 20:16:33,2017-11-22 21:11:32,2017-11-28 20:52:57,2017-12-19 00:00:00
604e352bcd3bb9d8932aebf18bc2891d,dc1d2a3775e7594df178743d90b21085,delivered,2017-11-24 19:50:20,2017-11-24 22:59:37,2017-11-28 20:08:06,2018-01-08 22:26:35,2017-12-14 00:00:00
606135eee1f82ed9f028183c267aa8d8,20e939ff61a38393bd8bc3f39f1bc396,delivered,2017-05-19 22:07:19,2017-05-19 22:15:18,2017-05-22 15:26:00,2017-05-30 13:19:27,2017-06-12 00:00:00
60721992ef4cec39824837f08c79afec,ca4dfba4840aa9ac286c79e6f2b95d43,delivered,2017-09-21 09:19:41,2017-09-21 09:30:16,2017-09-22 16:03:43,2017-10-02 20:58:02,2017-10-23 00:00:00
60864257be0835f1fc4225706a92cc00,8c6f09183a718cad684898dcaddc583e,delivered,2018-07-18 13:42:11,2018-07-19 13:35:17,2018-07-20 12:14:00,2018-07-27 16:36:25,2018-08-16 00:00:00
609054aa2204f8dccb3f474165d1d411,7bfd6f2f9f7602552eec22e3517699ac,delivered,2017-10-20 12:01:05,2017-10-21 03:05:38,2017-10-23 19:12:27,2017-10-26 15:31:59,2017-11-14 00:00:00
60c6ad4cefc764d607e14ca66de81444,1303acf77db8cb1ef32c56532c2127aa,delivered,2018-02-21 18:31:25,2018-02-21 18:48:39,2018-02-24 01:33:29,2018-03-09 15:26:17,2018-03-16 00:00:00
60e04ef7b695b4d6bae420059a317028,f4536cad8ed9f07d3a6a67fc72467bd9,delivered,2018-08-08 21:41:41,2018-08-08 21:55:11,2018-08-09 12:59:00,2018-08-13 16:30:40,2018-08-29 00:00:00
60e67382f21910dba1cafc875da0c1ee,be7b8905ffb39a2116e2fbcf8ecea2f8,delivered,2018-04-19 09:04:08,2018-04-19 09:15:10,2018-04-19 23:41:19,2018-04-21 00:32:51,2018-05-08 00:00:00
60eeb6cfb0da0d3db8ccd8a0ca15f272,7df0b431d81325e82cfc663f2c43efef,delivered,2017-11-17 10:24:43,2017-11-17 10:50:45,2017-11-17 19:45:00,2017-11-27 16:14:47,2017-12-11 00:00:00
610883752a98dcefa38fa9715c6b1e84,5fa7cd781c9f6a804a129880359ad5af,delivered,2018-04-09 18:32:37,2018-04-09 18:49:57,2018-04-13 21:11:22,2018-05-04 15:57:53,2018-05-11 00:00:00
612d5630822f4796875619b3a6a7b481,1651d9c8b1860f3af49d1a908b8b47c2,delivered,2018-05-03 10:55:03,2018-05-03 12:19:51,2018-05-03 15:28:00,2018-05-14 17:16:00,2018-05-25 00:00:00
613642e8ff12626da63befddef26efa4,e45f291e6c2b5aeff4858a3bd9a59fe7,delivered,2017-03-01 10:50:52,2017-03-03 02:15:47,2017-03-03 12:30:26,2017-03-08 16:35:16,2017-03-20 00:00:00
613c63ad0aab038e86c572a39cd06979,2700b52a720e8eae7acadeb2d429cc11,delivered,2017-07-19 07:57:55,2017-07-19 08:10:08,2017-07-24 21:26:41,2017-08-02 19:37:51,2017-08-17 00:00:00
614c0b4b5169af9eb895bc8aefe5a418,907dbf4707a4cdd67d3f2c87a976c2c7,delivered,2018-08-18 18:26:41,2018-08-18 18:49:24,2018-08-20 07:53:00,2018-08-24 20:04:46,2018-08-29 00:00:00
615881190acfd290a2122e6e4d6055c8,38ae66eca48b8ee852219d96d98c0b85,delivered,2018-01-13 16:33:01,2018-01-13 17:31:07,2018-01-16 01:18:35,2018-01-18 21:52:46,2018-02-14 00:00:00
615ca9b2afeaf5644ae8cef64797132e,f81bb64a1e672e6cbd0e027046db8533,delivered,2017-08-07 17:20:26,2017-08-08 04:25:31,2017-08-08 20:18:18,2017-08-14 20:07:07,2017-09-08 00:00:00
618ac45ad42a3bd6d81db7fce1320a15,9102c1aff9fdf9f79091ca25e26be387,delivered,2017-06-13 15:31:28,2017-06-13 15:45:19,2017-06-14 13:44:03,2017-06-19 14:09:43,2017-06-27 00:00:00
618f64df06c611bd4ea802bafba3e20c,68648ee2755091f79fe88e87b8cd8622,delivered,2018-08-05 10:32:56,2018-08-05 10:45:11,2018-08-06 15:14:00,2018-08-13 19:32:07,2018-08-29 00:00:00
6191c14b9afcc6173831a7275f92c55b,98fac5b1b0a7bf94429c38d93a8c88c0,delivered,2018-02-24 17:59:00,2018-02-24 18:10:28,2018-02-26 21:18:08,2018-02-27 21:09:06,2018-03-19 00:00:00
61a9adbc73db5e5c33e5d6d528f8846e,d5530638f8cd8082128e4e66392595b7,delivered,2017-07-19 11:57:10,2017-07-19 12:10:25,2017-07-20 19:49:37,2017-08-01 15:48:01,2017-08-11 00:00:00
61d54e16685b5da6db2e220e6588c376,21ce8c10c9805097875674f79709391b,delivered,2018-07-18 11:43:20,2018-07-18 11:55:16,2018-07-20 11:12:00,2018-07-25 15:26:28,2018-08-14 00:00:00
61e3bd0de079bba22ce8062d0ef4d393,7d8a2f9b1625dad7429434e7e9faccd7,delivered,2018-01-11 17:00:21,2018-01-11 17:32:02,2018-01-12 22:26:48,2018-01-29 18:07:12,2018-02-09 00:00:00
61e5a319032ea9f5d404dd3f2cbe2a8f,6dc3ca63b413933ab4fd6581377a9a7b,delivered,2018-03-01 06:16:16,2018-03-01 06:30:20,2018-03-02 10:04:08,2018-03-06 21:08:41,2018-03-13 00:00:00
61e9a85f2e6a0706d34fc63145418160,06d794c6d5ca7136fd073d1c0b7fe2fa,delivered,2018-04-25 16:07:43,2018-04-25 17:12:00,2018-04-27 21:04:00,2018-05-02 16:08:49,2018-05-09 00:00:00
61eedf8710394769412bccced6288fff,d37fd6fd3173334ae9deee9569212ced,delivered,2018-08-20 09:45:10,2018-08-20 14:52:58,2018-08-21 15:37:00,2018-08-27 17:16:52,2018-09-04 00:00:00
61fa6d238ae5d2e7063f2df458609c91,19accc9f4fa91716d819ab1cbf30a916,delivered,2018-06-17 07:56:36,2018-06-17 08:19:29,2018-06-18 11:17:00,2018-07-11 18:52:39,2018-07-11 00:00:00
61fca91868781e2844bebf0ba3129950,0299a3ec7aac3a18ea88cfa6cf8a74f5,delivered,2018-03-04 13:53:47,2018-03-04 14:08:46,2018-03-05 20:05:39,2018-03-12 14:05:35,2018-04-09 00:00:00
62005c92ae50253cbafc90c07cf33d2e,10fa88a7b6a80c8361f3d4d83b6d384c,delivered,2018-08-21 16:53:34,2018-08-21 17:08:59,2018-08-23 13:06:00,2018-08-24 17:51:00,2018-08-30 00:00:00
620133b0b32ccf5727e6c53ba3b0fb75,dfcd94e8493dc5b9551c733d5a5e89c3,delivered,2018-07-20 20:36:01,2018-07-20 20:45:16,2018-07-24 05:55:00,2018-07-28 00:37:27,2018-08-08 00:00:00
6215b65b1a79cc034605e477320e37c3,84309b932d949c30b561e2900fa86678,delivered,2017-11-29 11:11:52,2017-11-29 11:37:16,2017-12-04 14:33:44,2017-12-12 21:48:29,2017-12-29 00:00:00
621e872311397c42f0b553c82785d56e,fc99c647ea0438ef017c02573a18ac07,delivered,2018-07-27 12:46:51,2018-07-27 13:04:21,2018-07-31 12:58:00,2018-08-06 19:28:22,2018-08-16 00:00:00
622db91c93396e938ca004d8303dba6c,65d4984642f5c0ef4e7747e71578fdb8,delivered,2018-07-08 16:16:48,2018-07-08 16:30:30,2018-07-10 13:58:00,2018-07-11 19:06:58,2018-07-19 00:00:00
623125bebed45c5fb349862e0913dcf7,26b2ee1971376db4853f8a660c9a3f30,delivered,2018-03-02 08:27:39,2018-03-02 09:09:52,2018-03-02 18:03:37,2018-03-06 00:06:52,2018-03-16 00:00:00
62505127063f51deaf665f237ee748c2,d4e8465cf3a673f5c029f0dcc426011e,delivered,2017-11-28 13:09:25,2017-11-30 13:31:18,2017-11-30 20:44:34,2017-12-09 01:57:21,2017-12-21 00:00:00
6257920a3e9d55dde77fe023d8a24979,8d5c51c33a0c3ac2c2a285ab3f5d7f51,delivered,2018-03-12 10:07:06,2018-03-13 04:08:19,2018-03-13 22:22:08,2018-03-22 19:04:27,2018-04-03 00:00:00
6259deeab2f6daedf07d0574adda7fff,f7f96b7ce24711b03788947f4ee1e42e,delivered,2017-07-15 12:54:09,2017-07-15 13:05:14,2017-07-18 18:18:42,2017-08-03 17:53:39,2017-08-08 00:00:00
625f2a06b46e5cbf695ba96293f76721,0de81b04e35176808cda689cb88bd263,delivered,2017-03-01 17:58:28,2017-03-01 18:10:20,2017-03-02 15:40:15,2017-03-07 09:35:41,2017-03-21 00:00:00
62628ad72362122adab99bbe834e0d25,2194b4c1bf6a6a4c1990166e6250dcd7,delivered,2017-12-03 22:57:35,2017-12-05 04:11:57,2017-12-06 23:27:01,2018-01-04 22:37:57,2018-01-10 00:00:00
626ac0ce1580c1c2053b90b0d317f56e,28976f318be6fab13ebd08f99ad7dc3f,delivered,2018-07-23 18:49:06,2018-07-24 10:31:13,2018-07-24 15:01:00,2018-07-26 21:19:03,2018-08-10 00:00:00
628111ec0fcace16f3112336b1138aef,0a47c5efd6d0836c1b1532cb4b78cda7,delivered,2018-07-14 21:35:38,2018-07-14 21:50:13,2018-08-02 05:27:00,2018-08-08 17:46:31,2018-08-02 00:00:00
628869b4f8a615bc270791a2def79f7c,c09e97017a30dff59cec4317cffe3272,delivered,2017-05-23 09:43:45,2017-05-23 09:55:26,2017-05-26 07:05:53,2017-05-27 08:48:33,2017-06-21 00:00:00
6299bb8e855289b411394e216495f96f,9851deda7779662b5efe8b5242911c9f,delivered,2018-07-05 17:52:32,2018-07-05 21:15:19,2018-07-10 09:44:00,2018-07-17 00:41:09,2018-08-08 00:00:00
62a4fdf762d5c41efd4bb2418f236e9f,81afed8247ed97666d7b8e7408463781,delivered,2018-06-23 16:58:48,2018-06-23 17:16:03,2018-06-28 13:18:00,2018-07-04 13:26:42,2018-07-23 00:00:00
62ba4fa6bee7a583369ff4aa2dc3131e,5b2ccd42be24b2334c61a8cbbecc2f3b,delivered,2018-02-20 08:15:46,2018-02-21 06:10:26,2018-02-21 20:16:55,2018-02-27 19:47:06,2018-03-12 00:00:00
62c01156265aaaec691a0634593dd678,ab28ea1bca151935ad9d3eeb0f223041,delivered,2018-08-19 11:25:16,2018-08-20 11:32:03,2018-08-21 13:06:00,2018-08-25 01:32:32,2018-08-31 00:00:00
62c4fd481d60fc62e465737c7f09ee92,4865ae2e1e65f3f21f22e0d481915868,delivered,2018-02-28 13:40:50,2018-02-28 14:50:15,2018-02-28 23:52:16,2018-03-02 17:51:56,2018-03-13 00:00:00
62c66f80f422c25636cc243baaba2568,cccb9ee6b6e94ed342a4f81f577c2657,delivered,2017-05-19 22:30:30,2017-05-19 22:42:42,2017-05-23 15:41:39,2017-05-24 15:57:00,2017-06-05 00:00:00
62cebc207886dce8b9f4460a1266bfdb,d77fce353ad3d53a6a4fb5bf105d1978,delivered,2018-01-20 14:40:19,2018-01-23 03:36:55,2018-01-23 15:38:41,2018-02-02 15:47:46,2018-02-19 00:00:00
62db325bc32b729554e4fd9c793ab850,11ec5b987d7a0d733319182a77784d38,delivered,2018-06-27 12:28:47,2018-06-27 12:49:46,2018-06-28 05:52:00,2018-07-02 17:04:24,2018-07-19 00:00:00
62ec63f37c8ed14ce3dba43a02721f5e,f227e7071caf55fbd19620ad628aa80e,delivered,2018-03-19 20:50:39,2018-03-19 21:09:09,2018-03-23 00:22:58,2018-03-24 17:42:07,2018-04-02 00:00:00
6301066e2dac8d64b49ee0cafd9c727e,27b6e4c5866e60ba12262a3f16354657,delivered,2018-03-26 19:41:21,2018-03-27 14:55:35,2018-03-29 17:03:32,2018-04-02 17:21:23,2018-04-06 00:00:00
63089c5f142cc1148a1d7799a8359e8a,68d91c479bafcd184deee1cce5582243,delivered,2018-06-12 19:20:44,2018-06-13 19:40:33,2018-06-25 13:22:00,2018-06-29 21:03:46,2018-07-19 00:00:00
6319539d7990a9ba049730057b2612de,ee065ee29b53ebdd9e1c8811ab03b564,delivered,2017-07-22 18:14:01,2017-07-22 18:25:16,2017-07-26 01:04:19,2017-07-29 15:03:19,2017-08-17 00:00:00
63197f17fd0ed6f37890886192ccdece,a3d953660a42cb0bfa714a2b62611983,delivered,2018-06-21 09:58:24,2018-06-21 10:22:57,2018-06-22 13:53:00,2018-06-29 19:48:58,2018-07-18 00:00:00
633a7a968ccf6b62a1ee53461794613a,4e8d3debc47ec183ad422f2f04a39381,delivered,2018-06-19 09:41:30,2018-06-20 02:55:39,2018-06-20 12:26:00,2018-06-21 17:12:47,2018-06-29 00:00:00
636f0241ddc83a3b9e37a8088167bd45,0d14d28bc941474750feb2e030e54460,delivered,2017-10-22 00:31:28,2017-10-22 18:33:27,2017-10-23 12:48:04,2017-11-03 17:27:44,2017-11-09 00:00:00
637c727b1b59f7bfc89233e573d05715,238fd3e6bf2e5a4f8306d257a633a56c,delivered,2018-05-10 10:49:00,2018-05-10 11:11:08,2018-05-10 13:45:00,2018-05-31 16:11:58,2018-06-04 00:00:00
63902aae1ab37f12ba6aa2b6d21a0634,cc9e69978aa877c0442093a193254a67,delivered,2017-02-07 16:34:23,2017-02-07 16:45:18,2017-02-08 10:29:37,2017-02-20 12:21:39,2017-03-06 00:00:00
63a1e75d65a3dcb40d5f452a248e9680,9f3ba8ca881a4d8641dae98f8bb8ee7e,delivered,2018-07-16 17:18:25,2018-07-16 17:30:22,2018-07-17 13:41:00,2018-07-23 12:18:38,2018-07-30 00:00:00
63a737026bbe83be3d56d70c83923ebd,15f8be16ba77d8e70fa6c968fefb8a17,delivered,2017-05-23 22:34:32,2017-05-23 22:45:11,2017-05-26 08:53:39,2017-06-01 07:24:46,2017-06-14 00:00:00
63c6b78c7aceade884a5f08177c04e57,258e7fc07b15e9471951747d685ac3be,delivered,2017-04-20 13:34:27,2017-04-20 13:50:21,2017-04-28 14:54:48,2017-05-04 11:03:17,2017-05-10 00:00:00
63d44f6f75e4ac6761afb732931751c0,41d14dee386b72886a52f91141c811ed,delivered,2018-08-15 14:56:03,2018-08-15 20:20:25,2018-08-17 14:02:00,2018-08-23 17:53:42,2018-09-06 00:00:00
63f040d4a7b09c928627e309f6c17552,e313546dbba6949c750c058d3ee6a7db,delivered,2018-06-07 13:19:51,2018-06-07 13:39:01,2018-06-13 13:41:00,2018-06-25 13:03:07,2018-07-20 00:00:00
63f33355005859ddb3eee5b1a2c48747,598e424c16110469fe1ca7e9269125a6,delivered,2017-08-01 13:11:47,2017-08-01 13:25:13,2017-08-03 19:45:35,2017-08-07 18:28:38,2017-08-15 00:00:00
640f82f9967dcab29b95d5a62abf911b,e442a1aae863be621f90b9c7be165e71,delivered,2017-06-14 06:53:41,2017-06-14 07:02:22,2017-06-16 12:49:22,2017-06-29 19:33:50,2017-07-19 00:00:00
641b2871fe2ce7418e69b4c4fa21bd40,889d677f2cb18ab09f29222f50db131f,delivered,2018-02-15 11:44:09,2018-02-15 11:55:34,2018-02-20 22:18:33,2018-02-21 14:24:57,2018-03-02 00:00:00
6439653c88076433f580f0ea995949ba,9d535cfb9c9d4e2d7d8670551ff202db,delivered,2018-07-05 07:31:20,2018-07-06 02:51:02,2018-07-06 09:45:00,2018-07-12 20:47:27,2018-07-26 00:00:00
643fa404d2dac7349a17416c2d2abf42,b434038f25087d8cb775ac6167d6d87a,delivered,2017-03-23 11:58:25,2017-03-24 02:43:51,2017-03-24 15:26:54,2017-03-31 09:37:48,2017-04-12 00:00:00
6455e8459efbeeda59bb360229b889ea,644059e43894b09e9d86ee6bd2e9222a,delivered,2017-12-12 11:35:24,2017-12-12 12:26:38,2017-12-13 21:52:30,2017-12-14 20:21:55,2017-12-29 00:00:00
6462b86adeb33354833daece8787cb69,072a4d5c91be7fd81a21c401668a27a0,delivered,2017-06-16 10:36:58,2017-06-16 10:50:17,2017-06-19 21:17:52,2017-06-26 16:22:23,2017-07-10 00:00:00
6471b260244ab316f8331321d689aff8,8310ed73d01e240966ac0b8127bc68b9,delivered,2017-09-16 16:01:47,2017-09-16 16:10:11,2017-09-21 19:44:09,2017-10-05 16:09:29,2017-10-17 00:00:00
6480dffdb7765afb3bbb91cfdd9c569f,c38f349ec38ba57cc2e541b1e481f451,delivered,2018-01-18 20:30:36,2018-01-19 20:29:52,2018-01-22 23:56:30,2018-01-29 18:24:55,2018-02-02 00:00:00
6489b3baf98eaf50ca1b39f9178a1510,8efdf760a9b9de9f92198e08ea7005fe,delivered,2018-02-23 23:32:22,2018-02-27 04:30:55,2018-02-27 19:52:19,2018-03-09 20:34:38,2018-03-22 00:00:00
64958ed60e12bac04474ff739271a3b3,bf239a3d9e5fab72059537d02b201d37,delivered,2018-07-30 19:01:11,2018-07-30 20:20:16,2018-07-31 12:08:00,2018-08-01 20:14:32,2018-08-06 00:00:00
649c4145bbf6cdb7b096afa02bf5e299,c0703d9275d93c6138c769adff0a4da2,delivered,2017-09-16 16:37:48,2017-09-16 16:45:37,2017-09-18 14:48:11,2017-09-28 20:27:40,2017-10-13 00:00:00
64c8d713a96944349d954eb4bd62e6d5,da6cb7e84bfcd07e870786f37895b6d2,delivered,2018-08-10 17:01:31,2018-08-11 11:30:06,2018-08-13 15:25:00,2018-08-22 23:08:27,2018-09-04 00:00:00
64cf90af2972e752091fa4a0344c47b7,db29b94a7ae343b96e89071646b56bb8,delivered,2018-06-06 17:10:26,2018-06-07 02:55:10,2018-06-07 10:19:00,2018-06-13 20:33:21,2018-07-18 00:00:00
64d6282bba1a1c015acbdcacca391253,9f4d56b7ac45461cb350b204ab9347e1,delivered,2017-05-15 17:24:42,2017-05-17 04:10:24,2017-05-17 16:34:25,2017-06-05 13:06:39,2017-06-02 00:00:00
64e31c69d5a163acc2d5c0632001e4eb,33387b0074d1a4017ec034c902bac9b3,delivered,2017-11-27 17:10:53,2017-11-28 03:44:40,2017-12-04 19:52:24,2017-12-18 18:34:10,2017-12-20 00:00:00
64e8072af36708bc51f7aa18eed8ea34,d237cbdc78b4a1f2b19ffc5874ded4b7,delivered,2018-07-18 10:40:17,2018-07-18 10:55:20,2018-07-21 09:04:00,2018-08-01 21:44:48,2018-08-07 00:00:00
64efffeec4731f7a196d327531aa95a3,bb899c1c0f8263080ff9d6254c64cc94,delivered,2017-05-06 16:14:10,2017-05-06 16:25:14,2017-05-09 08:08:46,2017-05-24 10:04:59,2017-06-06 00:00:00
65015387b5d5888e9b5a412340634d26,8e1e88700707d3a229e5e039d1d02e3f,delivered,2018-05-15 08:48:09,2018-05-16 03:33:55,2018-05-16 14:41:00,2018-06-06 00:21:25,2018-06-07 00:00:00
65035f2d005e9af22156150a3bde53b2,9a6b4a17865a6eb29c6787a1d5484568,delivered,2018-05-30 17:42:24,2018-05-30 17:58:07,2018-06-01 13:19:00,2018-06-11 21:49:22,2018-07-04 00:00:00
650ca3873d0a09fb4604deef7817ef60,5181e6f1eb922ea7daaec1d9f06aa7d7,delivered,2017-11-12 18:56:02,2017-11-12 19:10:39,2017-11-16 17:19:33,2017-11-27 20:16:49,2017-12-08 00:00:00
650cf4a3760375c8eab33cdfda4aceff,63060fbe4f7830b0dde95d6f4198d2d8,delivered,2018-08-21 08:35:57,2018-08-22 03:44:20,2018-08-24 12:20:00,2018-08-30 18:21:36,2018-08-31 00:00:00
650df820145c92501d76b8a8501b1f9b,72683d2e19b1162853c8e8c853624a8e,delivered,2017-05-06 12:24:40,2017-05-06 13:01:59,2017-05-09 07:59:52,2017-05-12 18:55:56,2017-05-31 00:00:00
65292b5890e7f0ef333b4a4904db838d,1101858718712788854b23b5587b5cc8,delivered,2017-07-06 11:50:39,2017-07-06 22:10:11,2017-07-11 14:06:30,2017-07-13 21:03:50,2017-07-21 00:00:00
652ae40b48d62a6682c9f4a674f83621,4347e946a0dfe19aaa1490ef58367be6,delivered,2018-05-15 23:42:54,2018-05-15 23:55:14,2018-05-16 13:38:00,2018-05-18 21:58:44,2018-06-01 00:00:00
6533a0d9c1703a1ebf0115fb55e01834,7bb71c78bfdc5d8a82c1b6866956daf7,delivered,2018-08-11 16:24:03,2018-08-11 16:35:14,2018-08-13 15:26:00,2018-08-24 16:02:50,2018-10-02 00:00:00
6536870177386f1b5e859b2a5ccc557e,0ad829f98fc1e26d27a0d8f8df329ab2,delivered,2017-05-22 08:19:53,2017-05-22 08:30:14,2017-05-26 10:54:03,2017-06-05 12:37:46,2017-06-26 00:00:00
65377f2460bd19606a6279134627ca05,12e5815197a9e9eee704d54acaccdc27,delivered,2017-04-22 17:22:12,2017-04-25 07:42:10,2017-04-26 12:16:56,2017-05-03 15:13:58,2017-05-17 00:00:00
6551aa5197870cea53e483f92d3a75df,b65df387ccc9a5adb98b8b5773e18748,delivered,2018-01-23 14:53:54,2018-01-25 02:38:36,2018-01-29 17:51:46,2018-02-15 15:20:01,2018-02-20 00:00:00
6552ae78f1de31bcde1fc2cfcab0d25d,ccb212cf6faf1356d9b5509259de0940,delivered,2018-05-17 14:05:28,2018-05-18 02:14:44,2018-05-23 12:44:00,2018-06-18 20:34:58,2018-06-07 00:00:00
6559f8884c6331e0364d9306262c779b,66c42657e2990cfcaf9bef048cb15337,delivered,2018-03-07 19:19:16,2018-03-07 19:35:30,2018-03-08 19:32:24,2018-03-19 19:18:56,2018-03-23 00:00:00
655cd199cc9b3c52c523833837c1921b,5139dcd086c2e4427ead53c4e925d40f,delivered,2017-11-13 12:02:55,2017-11-13 12:15:45,2017-11-16 15:51:41,2017-11-18 13:33:00,2017-11-27 00:00:00
655e65fc77c14d8f715cf7f9684182b2,453ec893900bfbc0c5cbc3e706102435,delivered,2018-01-10 10:41:32,2018-01-12 02:35:33,2018-01-16 01:04:30,2018-02-15 18:57:47,2018-02-16 00:00:00
657467884d9a109179d820f67575db18,7c548882bf83f9fbe5cb6131a81e0839,canceled,2017-02-16 11:29:08,2017-02-18 11:25:14,,,2017-04-18 00:00:00
657938f6cc6b388ef70d756aeeda75a9,23a013f994d227fe094eb1d379891c58,delivered,2018-07-27 17:17:40,2018-07-27 17:30:38,2018-08-02 12:42:00,2018-08-06 18:11:40,2018-08-16 00:00:00
6593a7ca55b089cc240f79d582e3300a,eeaaac21f40da9814f3b09b3829fb4e9,delivered,2018-04-22 13:43:01,2018-04-24 19:24:33,2018-04-25 02:24:27,2018-05-03 18:43:50,2018-05-24 00:00:00
65b214a5e85949a6fcab64ff7e244426,1fcf3b848f9ca72b14d4ea76b2a4fe17,delivered,2017-06-01 21:09:51,2017-06-01 21:22:34,2017-06-06 08:45:50,2017-06-30 12:29:46,2017-07-07 00:00:00
65b7f928b236039112ed2441d2237a11,2cfec1970705b37e4a308bb0d39113f0,delivered,2017-06-15 20:56:18,2017-06-15 21:05:43,2017-06-16 14:26:28,2017-06-22 17:59:48,2017-07-17 00:00:00
65b9fc7c003b0fa663d00ae47abbf012,0a19df098ca05e7b026022a068f216f4,processing,2017-10-15 16:12:14,2017-10-15 17:08:37,,,2017-11-01 00:00:00
65c28faddc1bdb2d3d5de4f713de3f9a,e8334d453a2049e7a529d772be66ad61,delivered,2018-04-06 12:54:10,2018-04-10 04:10:47,2018-04-11 20:22:01,2018-04-24 18:29:49,2018-05-04 00:00:00
65d1d79da8ac06fa5c6a8af4387d2079,7ac7119e5129f2698c539d6429ea624d,delivered,2017-06-16 10:37:01,2017-06-17 03:23:13,2017-06-19 09:09:30,2017-06-28 14:58:05,2017-07-11 00:00:00
65dfa8121b10dd8bbb055a2afeafc9ee,1a22e6479387999f2ed113ba43c35c52,delivered,2017-03-20 08:32:54,2017-03-20 08:32:54,2017-03-22 17:23:24,2017-03-29 14:27:11,2017-04-10 00:00:00
65fe49f6306ac1ba00c59d9e65c78827,0fcea18b8385353e570a472c79099c91,delivered,2018-03-23 13:00:12,2018-03-23 13:10:39,2018-03-23 22:58:44,2018-04-24 23:08:24,2018-05-10 00:00:00
660ad30c11df22cad81d8a3b30af6cee,847913f5809f26d34e7787f48094b934,delivered,2017-10-10 12:38:30,2017-10-10 12:56:38,2017-10-11 15:52:02,2017-10-13 21:21:35,2017-10-23 00:00:00
66144189f7b5fbb4eb76eb513ac33a17,642f858f2d65c052cfa9058e21181a88,delivered,2017-01-31 00:53:39,2017-01-31 01:31:05,2017-02-02 09:53:30,2017-02-06 15:15:01,2017-03-28 00:00:00
66270801492d7434e9f5fe3a6ff89c37,76a146f8bb1d0643b3f0e58b71a241d4,delivered,2018-07-02 15:59:34,2018-07-02 16:10:56,2018-07-03 14:03:00,2018-07-10 16:28:37,2018-07-30 00:00:00
6660a709a26684b66ea12d604ddf0579,4356b8d02549aef5b23be49c9824ce56,delivered,2017-09-23 12:10:18,2017-09-23 12:30:16,2017-09-25 19:08:00,2017-09-27 19:25:34,2017-10-10 00:00:00
666e488ce51569ca13755283bce0e7f0,989aea921d9f98b5c84312b62e061b66,delivered,2018-04-23 00:26:17,2018-04-24 19:04:44,2018-04-24 16:36:56,2018-05-17 13:47:25,2018-05-09 00:00:00
669833f6af7254475316c8960bf742fc,a1e0ece6d8ce34235b8f5e3dc7a8e69f,delivered,2018-06-19 23:00:45,2018-06-21 03:17:33,2018-06-22 14:26:00,2018-07-03 21:41:48,2018-07-13 00:00:00
669a663f230d97aa7f73a763ce435bcb,6d5a5dfa222fc57375d506ceda90a1a9,delivered,2018-05-12 20:21:55,2018-05-12 20:35:53,2018-05-14 12:14:00,2018-05-18 18:58:41,2018-06-06 00:00:00
669c7981751faedef6f92bc287c34205,7226bc2965f2de8ec7b3b0c7336d3d6e,delivered,2018-01-11 18:44:03,2018-01-13 04:55:19,2018-01-16 19:26:51,2018-01-26 17:22:54,2018-02-02 00:00:00
66a488ea7c0b8cea6ee72116130ec501,25b663d58983a5a6ba7ae7e8b1fe28cb,delivered,2018-04-12 00:21:56,2018-04-13 02:11:09,2018-04-17 19:28:32,2018-05-03 19:28:39,2018-05-10 00:00:00
66a5d2a60170025d375d4540efed4e62,865faa061fe0302e8f2970479d04c3f1,delivered,2018-01-13 13:16:40,2018-01-13 13:29:27,2018-01-15 19:03:45,2018-01-24 23:41:28,2018-02-06 00:00:00
66b073eb59202fd98ae224db60ccb476,a5ae10c4cf5d68123ae82de71e884f24,delivered,2018-01-18 16:56:51,2018-01-18 17:13:02,2018-01-25 22:54:33,2018-02-01 12:37:39,2018-02-08 00:00:00
66b090d3b031a3fc0d1e296a209b0de1,e00d5aeac61cd0816aca4d448d2e212e,delivered,2017-10-09 18:43:07,2017-10-09 18:56:54,2017-10-11 20:15:44,2017-10-19 20:19:38,2017-11-07 00:00:00
66b83d9733e90962483e931e9c6fb3df,98dd276233e59f41f2a896b097c2cc8f,delivered,2017-11-24 20:25:38,2017-11-24 23:34:10,2017-11-28 23:11:30,2017-12-01 14:22:45,2017-12-08 00:00:00
66cf92fc3ec94fbafc4edd77e0814818,5072cf2f4cbec30b8ba917d5d7b6b125,delivered,2017-04-27 14:17:37,2017-04-27 14:30:17,2017-04-28 14:06:45,2017-05-09 11:17:09,2017-06-08 00:00:00
66f7aaabc647b43d94e8a841bb99612b,396e0fb767c26fbfbb494aa0e2a34878,delivered,2017-11-25 17:38:55,2017-11-25 17:53:09,2017-11-28 14:23:13,2017-12-08 00:22:16,2017-12-15 00:00:00
6703c0ecdc099b3260a56cb020f09ef5,f4f8f63280d609f794137beea04c78aa,delivered,2017-06-01 13:09:49,2017-06-01 13:25:16,2017-06-07 15:28:01,2017-06-14 13:55:58,2017-06-19 00:00:00
672240472a9a48838f902ff436aab4bd,e9dd877c0c235b753643d392b9a124e1,delivered,2018-08-13 00:05:06,2018-08-13 00:26:34,2018-08-13 15:06:00,2018-08-18 10:27:25,2018-08-28 00:00:00
6726b6ce39bdad195755f019dd9bd4fb,98f5451f9c5690c1fc201064fcb92c46,delivered,2018-07-03 15:21:25,2018-07-05 16:10:51,2018-07-18 13:23:00,2018-07-26 17:49:48,2018-08-08 00:00:00
6728a6a592a63817d0ac211044efa702,4586e941d9fd586d0750c6af7c77b008,delivered,2018-08-03 08:44:43,2018-08-03 09:04:01,2018-08-13 10:25:00,2018-08-25 11:38:31,2018-08-28 00:00:00
67396d4e8e815db60a202db276db16a5,62cead6bcb096984c493d6121222d104,delivered,2017-11-03 18:36:43,2017-11-03 19:30:37,2017-11-06 17:27:01,2017-11-18 15:44:47,2017-12-13 00:00:00
674f118582ce68f137f8a355527a1edc,18ba4e53d6602576bd29b279e46b8fa6,delivered,2018-06-23 15:41:38,2018-06-23 15:55:58,2018-06-27 09:15:00,2018-07-10 14:31:58,2018-07-20 00:00:00
675d6533ed09bea158fd932431474b82,6036479ceafa4aab3dc585f1a05772e8,delivered,2018-07-28 21:10:25,2018-07-28 21:24:19,2018-08-03 15:14:00,2018-08-07 18:24:36,2018-08-22 00:00:00
676932c5bc4092decfc9c84b4cb34055,fd3af103b28dd473810b5f00d7f43226,delivered,2017-12-29 15:47:50,2017-12-29 15:59:31,2018-01-02 22:19:45,2018-01-10 22:08:34,2018-02-01 00:00:00
67773c483666d5120da1ff6188d8a00a,1ad479458bb6630f9187cb80530d065c,delivered,2017-11-03 10:22:11,2017-11-03 10:35:25,2017-11-07 23:18:57,2017-11-10 20:44:37,2017-11-24 00:00:00
677829eb9901f0a1e2fc70b129937cc7,2eb0e0eaa388db62d3a6121ceaef31ba,delivered,2018-02-21 18:56:54,2018-02-22 02:10:47,2018-02-22 21:04:25,2018-03-06 23:52:57,2018-03-22 00:00:00
67796eabcf10419c4abd84d49a3ecd59,165fd0e9f08674d04684807264f3d58f,delivered,2017-02-24 13:11:57,2017-02-24 13:25:11,2017-03-01 14:53:29,2017-03-08 12:05:18,2017-03-24 00:00:00
677baf2124c367847775baafbd4d609b,4dde8f4b64e3c3584c9edf5fc3bea545,delivered,2018-04-27 16:40:51,2018-04-27 17:11:41,2018-04-30 15:03:00,2018-05-09 21:22:53,2018-05-11 00:00:00
6782d250639c09c7c4e49e3cf17828a2,32a76ff73afc1bd3bb1300339764345d,delivered,2017-05-22 11:30:53,2017-05-24 03:10:28,2017-05-25 09:12:04,2017-05-31 07:55:46,2017-06-26 00:00:00
678c60c6679ddcf17629ba109f4d1249,730325254d70acdb14dd00de0e81eb52,delivered,2018-01-11 22:26:49,2018-01-11 22:33:21,2018-01-15 17:25:05,2018-01-25 21:09:23,2018-02-15 00:00:00
679bfcdc0a607b524c44ed093e318346,3ae4dfdea4e9a09272a08f76428ac8c3,delivered,2017-11-15 16:24:24,2017-11-15 16:46:12,2017-11-16 20:02:41,2017-11-17 19:12:13,2017-11-29 00:00:00
67b0499c2ebfc14f8d5f507ac029a683,40ca21e6d30779f6bbe94376d5126f4f,delivered,2018-06-15 22:14:48,2018-06-18 16:23:16,2018-06-19 14:15:00,2018-06-22 17:32:29,2018-07-05 00:00:00
67b161a02da45b7148b386cd8e8a668f,7a7c03568e29f4605e807a6d5344e72f,delivered,2017-12-19 18:33:38,2017-12-19 19:34:20,2017-12-20 17:55:56,2018-01-17 18:21:40,2018-01-16 00:00:00
67baff8b7c789c3e93b6787e4c18a14c,bf31c1d91f9b4e7c8d390099541be3d7,delivered,2017-11-05 16:47:03,2017-11-05 17:06:37,2017-11-08 13:58:32,2017-11-14 23:08:01,2017-11-27 00:00:00
67c78c07a98cbe27b5acebd87a164192,1aef2277225c3bef344c77bc28a13efb,delivered,2018-03-22 23:02:39,2018-03-23 22:55:38,2018-03-27 21:38:37,2018-04-11 19:22:42,2018-04-10 00:00:00
67d2ebed93c8cc0effe172a97762e0a7,d070b9f0b542ea7ae9e438e3c8a3fe99,delivered,2017-08-19 20:21:19,2017-08-20 07:04:42,2017-08-22 11:13:14,2017-08-23 14:42:37,2017-09-06 00:00:00
67e9f4fd5900a3bedf11fd772b376528,75f8bfd4c8226d4a6aa6540765acfe36,delivered,2018-08-01 17:20:32,2018-08-03 02:35:21,2018-08-08 09:36:00,2018-08-15 20:28:40,2018-08-23 00:00:00
67ef896d205bafce2b0ce685b7173d43,da511073eaee0419031bfaddcda9c4c6,delivered,2017-08-31 01:13:17,2017-08-31 01:25:57,2017-08-31 21:39:54,2017-09-08 17:40:06,2017-09-26 00:00:00
67f45b915d20c7c02c711e0fbf871a3a,3198dc1ea5691b70e1e47975503664bf,delivered,2017-09-07 18:21:49,2017-09-07 18:35:11,2017-09-08 19:36:23,2017-09-23 16:20:14,2017-09-26 00:00:00
68078862fcfa2002707c665997fee311,3801aefdf91a678d97c08325798a79bb,delivered,2017-05-25 15:02:57,2017-05-26 02:35:17,2017-05-29 10:00:55,2017-06-01 12:03:28,2017-06-14 00:00:00
681c82d8dee3250b148aaabdd68a59ff,7d96202874e65d22c7793fb158ed8495,delivered,2018-02-28 15:39:15,2018-02-28 15:55:27,2018-03-08 12:56:54,2018-03-09 13:58:31,2018-03-28 00:00:00
68536e12a3cd7f62b4a5946d541ff083,e999274ae2e74253b426473bd8885b7b,delivered,2017-06-24 18:31:41,2017-06-27 03:50:19,2017-06-30 13:55:38,2017-08-14 17:15:55,2017-07-24 00:00:00
685eaef260332ff45909f2f0a44b60f0,dbc9a93b4f30c4cfc6d4e5f88359c2db,delivered,2017-11-26 12:16:03,2017-11-26 12:34:54,2017-11-27 17:48:51,2017-12-04 19:52:18,2017-12-19 00:00:00
687360c3a0855ebff512cb8b6ccab95f,1b1dfc50053699ae79b11eb126c0bca2,delivered,2017-11-24 22:00:23,2017-11-25 00:35:19,2017-11-27 20:03:48,2017-12-04 21:42:23,2017-12-21 00:00:00
68873cf91053cd11e6b49a766db5af1a,4632eb5a8f175f6fe020520ae0c678f3,delivered,2017-11-30 22:02:15,2017-12-02 02:51:18,2017-12-04 22:07:01,2017-12-05 20:28:40,2017-12-18 00:00:00
6898fdd117fe6ca4f9b01eb03005d9a9,cc3cd505183c2dbf100bfe8658b56cc4,delivered,2017-04-29 22:39:02,2017-04-29 22:50:14,2017-05-05 18:33:10,2017-05-12 11:10:10,2017-06-02 00:00:00
68a78b552ddca86cb9bb2725c390b28c,e89c6f31f747c7f49146a76efe687984,delivered,2018-01-14 22:37:17,2018-01-14 22:49:41,2018-01-16 19:05:32,2018-02-25 16:22:28,2018-02-16 00:00:00
68a9fce416cc56ce2950c32b7e70138e,ba054847454a0d2726f6e96f66cba531,delivered,2017-11-24 12:16:22,2017-11-24 14:15:27,2017-11-25 16:46:42,2017-11-27 19:22:13,2017-12-08 00:00:00
68b333c4526357221cb49747a5a78d06,6cd0a1dbcbef4f215e1adee2700a98dd,delivered,2017-08-02 20:07:42,2017-08-04 02:25:07,2017-08-09 18:07:48,2017-08-26 18:26:45,2017-09-01 00:00:00
68dfc0cac13912ba836bc59a40e10509,0fb6e4efad5a7bb20128df51837fcfc5,delivered,2018-03-03 21:59:29,2018-03-03 22:31:10,2018-03-06 23:38:33,2018-03-08 19:36:29,2018-03-15 00:00:00
68e8ce771060f901302ac23924bd1400,5f2027781aea2cfdfd2fb08637d21e8f,delivered,2017-12-23 11:17:51,2017-12-23 11:28:25,2017-12-26 17:52:22,2018-01-09 17:04:53,2018-01-31 00:00:00
68f47f50f04c4cb6774570cfde3a9aa7,0378e1381c730d4504ebc07d23b5bda1,delivered,2017-04-16 14:56:13,2017-04-16 15:05:14,2017-04-17 10:44:19,2017-05-16 09:07:47,2017-05-18 00:00:00
68fed8c67c135afe92f670687163fafb,e9a689ba0543eacfd32922f7195fbcc8,delivered,2018-05-25 08:27:32,2018-05-25 08:54:56,2018-05-25 15:30:00,2018-06-01 21:06:52,2018-06-19 00:00:00
690fcac48556995b83b79610b6732288,a8c5d1499b4a99c111add8f2c3c94049,delivered,2017-03-20 13:18:46,2017-03-20 13:18:46,2017-03-21 10:43:55,2017-03-24 13:05:59,2017-04-19 00:00:00
6914acb0f52f56529563f4f97062b90b,5b2a54f35e622a12b06b30667e735af5,delivered,2017-07-29 20:01:05,2017-07-29 20:15:16,2017-08-01 13:28:50,2017-08-04 21:17:40,2017-08-18 00:00:00
69480e1078841dadad7c1daa54407ad6,346e8953d3aac36a611fbace59ddc415,delivered,2017-06-12 11:00:02,2017-06-13 04:25:36,2017-06-14 17:25:08,2017-06-27 14:16:51,2017-07-05 00:00:00
6949cb0f930807e75f78dda8da436c81,c0c18a75f9998079c1e8cf8bd1f40e3c,delivered,2017-09-18 13:12:04,2017-09-18 13:30:35,2017-09-19 19:51:11,2017-10-09 22:07:01,2017-10-10 00:00:00
694b1193d18ad057554bf13679e6a0b8,4eaa62565e70841c1abbe4e03d04bc2d,delivered,2017-05-17 18:25:43,2017-05-19 02:24:21,2017-05-19 12:33:55,2017-05-22 14:43:38,2017-06-06 00:00:00
696d4e01a87ead29fa5f8066ed27d4f1,50111fb86c6159052296bbf2598ef7ee,delivered,2018-05-22 18:04:24,2018-05-22 19:17:21,2018-05-23 11:51:00,2018-05-24 14:24:52,2018-05-30 00:00:00
699c2650a2382b850eadb96176fcc3ee,afc847f33e3d5712e2ecfb9756c66a90,delivered,2018-02-24 10:30:38,2018-02-27 04:30:57,2018-03-01 01:27:46,2018-03-01 19:38:44,2018-03-19 00:00:00
699d148662aa317f3b1ff76239dd102c,edebcc95c310919931356b64dbc65035,delivered,2017-09-08 13:52:54,2017-09-09 13:55:17,2017-09-14 23:57:44,2017-09-28 19:22:56,2017-10-06 00:00:00
699ff12900168a9020bb2487be684cc0,94ee7783d2f05e72a85fe65e13e96c9c,delivered,2018-05-21 11:59:02,2018-05-22 09:36:50,2018-05-23 13:37:00,2018-06-01 18:56:34,2018-06-19 00:00:00
69ae6d6493cb6b0420c6e86da2cc3c3f,1693bc6668a6e89a390b6f20f86b6825,delivered,2018-05-14 17:26:12,2018-05-16 02:53:47,2018-05-16 13:21:00,2018-05-22 19:38:51,2018-05-29 00:00:00
69bec49dcedcbf07e8333244796dd70a,621c23f2d651357cb0c13e71fec8e0aa,delivered,2018-05-22 22:16:29,2018-05-22 23:18:00,2018-05-23 14:33:00,2018-06-07 16:54:20,2018-06-25 00:00:00
69cc55eb653cc27eea935e7a0d26b83a,b867c3da44a39181b0c4a1ef9c644673,delivered,2018-04-21 08:00:56,2018-04-24 18:25:47,2018-04-23 23:28:33,2018-04-28 01:54:46,2018-05-28 00:00:00
69d838677089d135b38310ff74779901,44d1e5be01114b520202814589267106,delivered,2017-09-15 09:38:15,2017-09-15 09:50:11,2017-09-15 21:15:39,2017-09-28 18:58:36,2017-10-13 00:00:00
69ecf8a73bd1de33c57b060448315a92,8515f6af4fd0d5f127ea032b8cd37a73,delivered,2018-01-08 18:03:33,2018-01-09 07:17:47,2018-01-15 16:42:58,2018-01-16 19:42:01,2018-01-24 00:00:00
69eda667e556fbf004a1c26468e91d35,837d37e337467452b7d2c2068816177a,delivered,2017-12-12 21:11:22,2017-12-12 21:32:32,2017-12-15 23:28:43,2017-12-26 20:09:36,2018-01-11 00:00:00
69f1e4d5709c13914c309652f82319f8,4a4f956bd9b42fe75897a1f63786cf06,delivered,2018-08-25 00:26:53,2018-08-25 00:35:12,2018-08-27 10:46:00,2018-08-28 16:21:07,2018-09-06 00:00:00
69f3b65d77cf7451092f74b61e3bad45,576558fffc8182ee864220eadbb01541,delivered,2018-04-03 16:13:53,2018-04-05 02:15:20,2018-04-05 21:08:47,2018-04-08 18:08:40,2018-04-24 00:00:00
69f57d3eb1a981a8fd71d99c39bb6109,9923c6304b55166c7bdb59470d76e262,delivered,2017-10-29 07:43:05,2017-10-29 07:50:08,2017-10-30 17:53:57,2017-11-13 19:07:03,2017-11-27 00:00:00
69f8ac735b4a0bbbcdbe4a87e9041a21,0a504dda1e89540d0924bb3fdc81b343,delivered,2018-08-18 22:46:24,2018-08-20 10:50:31,2018-08-20 14:56:00,2018-08-23 18:55:45,2018-09-18 00:00:00
69fc6a373350bf068caecb8869e4f31a,b9ad551172b8bcf402d348f18d477059,delivered,2017-02-23 18:24:18,2017-02-23 18:32:51,2017-02-25 08:19:09,2017-03-06 12:47:56,2017-03-22 00:00:00
69fe57ea54b1926c309bb133b16f9501,2f1cc923322c79500723159c9b44b58e,delivered,2018-08-05 14:00:06,2018-08-07 04:10:21,2018-08-14 07:42:00,2018-08-15 14:42:06,2018-08-13 00:00:00
6a096fcdddba23fd2ee58971dcd1654e,eb8a54dde52e8436241c322baa3f95c2,delivered,2018-05-22 11:20:15,2018-05-23 02:15:45,2018-05-23 14:10:00,2018-05-24 16:12:15,2018-06-01 00:00:00
6a0bb0ba8a97dd4ed115462820be7e1f,fd04313d2ad50c81b437c3955965cd11,delivered,2017-10-13 21:06:11,2017-10-13 21:14:19,2017-10-16 18:30:07,2017-10-26 21:23:59,2017-11-14 00:00:00
6a1fa0e6aaa492df09c581af143879a8,25a4bcfa932944bb97757fc28eb68d48,delivered,2017-12-06 01:49:07,2017-12-06 02:09:32,2017-12-06 19:13:19,2017-12-17 14:42:22,2017-12-22 00:00:00
6a2cf11a0f3d4670de5674e795196f14,bb0d1df0a5c7b32669347c443e29f845,delivered,2018-03-15 00:35:54,2018-03-15 00:50:27,2018-03-15 17:56:27,2018-03-19 17:02:21,2018-03-27 00:00:00
6a30d0e1fc7dd7c00dc07bcba79c589f,b15640bf0c52f6451ef41c280895d0f1,delivered,2018-08-12 19:42:41,2018-08-13 19:35:20,2018-08-14 08:51:00,2018-08-21 12:18:46,2018-08-24 00:00:00
6a3c507660b55ba44c463acc23cc8d68,e69bf5017b2f0579333d892780b11b56,delivered,2018-06-02 21:19:30,2018-06-03 21:15:14,2018-06-04 13:38:00,2018-06-05 18:30:41,2018-06-20 00:00:00
6a43d3b2cbb42f4e417faa5566a65469,3b3da83ec0ba0f4ac5ae88220bdab905,delivered,2018-03-12 14:55:12,2018-03-14 02:49:03,2018-03-15 20:42:40,2018-04-24 18:42:07,2018-03-29 00:00:00
6a4d41fb9165f032ec025794db381fa7,c89d15c5a577db7e5d3535a0a54ae452,delivered,2017-10-05 12:39:24,2017-10-05 12:49:36,2017-10-06 19:33:56,2017-10-11 20:58:10,2017-10-31 00:00:00
6a8456c9e88a7b8905c7fede59f25b5d,a21fcb6d658ec7eed4d41d174cfe321f,delivered,2017-05-19 18:42:14,2017-05-20 04:15:21,2017-05-22 12:57:06,2017-05-24 10:19:30,2017-06-02 00:00:00
6a8677aeb56b8ee0d1a74e0435772e31,cc8b0570332e15f77abf874fc2da154a,delivered,2018-02-07 19:56:07,2018-02-07 20:15:28,2018-02-09 19:05:30,2018-02-17 14:58:49,2018-03-06 00:00:00
6a93b0cb6a5a2c7732677334a4535a1d,bc3b4deda79fae642a7e529381e870ed,delivered,2018-04-11 03:46:10,2018-04-11 03:55:07,2018-04-13 16:17:48,2018-04-24 20:38:33,2018-05-08 00:00:00
6a96e0fe44fbaf356a77f9cc21365334,76cd5adbe1b612250ad5ea8881a75cdc,delivered,2018-01-14 15:05:15,2018-01-14 15:31:00,2018-01-16 16:58:46,2018-01-29 18:12:18,2018-02-14 00:00:00
6aa2d96a8c7f9d95d8d090842a415a56,35556be598c1246153f4660064fad5c3,delivered,2017-11-23 22:13:27,2017-11-23 22:28:27,2017-11-24 23:29:35,2017-11-26 18:39:04,2017-12-08 00:00:00
6aad3bed746944c70143bcbcadb6c5ab,2b0c7e192538f2086b62e93df18bf446,delivered,2018-06-06 17:40:27,2018-06-06 17:55:08,2018-06-07 13:32:00,2018-06-11 13:19:00,2018-07-13 00:00:00
6ab7e108268118baaf663ad2b3af166a,e21b14b7f304dbaa47523498853a47c9,delivered,2018-01-28 15:22:05,2018-01-28 15:30:23,2018-02-01 00:38:54,2018-02-02 17:43:11,2018-02-23 00:00:00
6ac314f1970b39cf3b7760803caf3c23,7613a58283d100e4da203bbcfa57fbac,delivered,2018-07-16 16:37:13,2018-07-18 02:55:23,2018-07-19 09:39:00,2018-07-23 23:48:38,2018-08-01 00:00:00
6ace7c2a595a57867f443b5d3d1a7607,986328873061709d5300337ab4894fe8,delivered,2018-05-08 14:03:31,2018-05-08 14:29:59,2018-05-10 13:39:00,2018-05-17 18:46:42,2018-05-29 00:00:00
6adcecbe14853c4a59e88f497152d83c,c702d44160f436c39dc122a2c9e22d2e,delivered,2018-06-21 22:59:57,2018-06-23 02:36:08,2018-06-25 08:05:00,2018-07-04 12:31:51,2018-07-20 00:00:00
6ae75885c8ee760ef5d4a9bcf797c788,1692226c41a2099015b515e8906a6741,delivered,2017-04-06 15:51:57,2017-04-06 16:05:22,2017-04-13 08:34:23,2017-05-02 15:48:55,2017-05-19 00:00:00
6ae8d599fd407bfba5bce00a72c32544,43e4c6f57db5fdfeaf385fef9ccc2d46,delivered,2017-07-22 12:59:47,2017-07-22 13:10:18,2017-07-26 04:46:50,2017-08-25 18:00:08,2017-08-30 00:00:00
6aedefde651c239abf93383dd9175022,af019120a3fed93494f80d315186f3f8,delivered,2017-12-19 11:55:26,2017-12-19 12:09:29,2017-12-21 22:21:47,2017-12-27 12:10:29,2018-01-19 00:00:00
6af5d028aa14031c4afa3b5dd2d427ab,7388c946a76eef51eb68a9b11bd84efc,delivered,2018-05-11 13:24:45,2018-05-11 13:37:14,2018-05-11 17:09:00,2018-05-22 18:25:04,2018-06-01 00:00:00
6b07198fae1bb61de16e845a92fc876f,92932704db71729a8f947b9ffdce4c99,delivered,2017-02-06 21:14:15,2017-02-06 21:25:13,2017-02-13 14:14:57,2017-02-17 12:11:59,2017-03-15 00:00:00
6b08bac55e7aba141d62c13bc3cb97b0,86036e031e6a27824b98ae995119bea3,delivered,2017-11-29 10:16:41,2017-12-01 11:31:36,2017-12-06 18:52:57,2017-12-12 20:29:19,2018-01-02 00:00:00
6b0e4ed8dcbabec5410a8b28f0405cd6,565f86d78a5b057917366c58362a85c4,delivered,2018-07-02 11:12:27,2018-07-05 16:20:47,2018-07-10 15:27:00,2018-07-13 16:41:49,2018-08-07 00:00:00
6b11ad95451aed510a1ff12346de4a14,fd72bfd55bc619ca61770f47d298a78d,delivered,2018-01-22 21:01:45,2018-01-22 21:14:34,2018-01-23 20:53:11,2018-01-24 19:36:48,2018-02-06 00:00:00
6b1c7130d5aac7f42b53755af58fe82a,7a5af48bab8a9cd08b729db964a4f8f3,delivered,2018-07-25 10:49:06,2018-07-25 11:04:50,2018-07-26 11:35:00,2018-08-08 21:13:28,2018-08-16 00:00:00
6b2b0edb95053b55efeb09177b6510c3,1cd1bf3921c35dd04851354a26e28a5b,delivered,2017-06-24 19:17:09,2017-06-25 06:42:37,2017-06-26 10:22:53,2017-07-22 11:36:47,2017-07-20 00:00:00
6b3138748728fe92cf423b0abf199c8b,bfff9bd5326ab677cf86986235912397,delivered,2018-03-14 10:12:48,2018-03-14 22:55:34,2018-03-19 16:15:47,2018-05-03 00:27:38,2018-05-16 00:00:00
6b34bb840d9211dc1a1f94e049a79de4,c43ef016bf2cafe5db5e670dee714ccd,shipped,2018-03-04 11:52:08,2018-03-05 11:56:09,2018-03-06 20:22:27,,2018-03-27 00:00:00
6b361f3f4c4dbef6a4e3e6c027eacfc0,765ef56011ea5e00560e540cc9b610d8,delivered,2018-03-22 10:58:43,2018-03-22 11:15:34,2018-03-24 00:32:13,2018-04-05 18:56:44,2018-04-12 00:00:00
6b4691b98b476dcd37e1dbade28ab62c,9d5624c559f9227e5c189106774bb567,delivered,2018-05-02 11:22:31,2018-05-02 11:35:19,2018-05-04 11:25:00,2018-05-07 21:04:08,2018-05-17 00:00:00
6b47aeb5acd9b0fc45cfa4cda0b42c5f,b8cf26d2f27185937b72500471712c97,delivered,2018-02-26 16:18:53,2018-02-28 10:11:07,2018-03-01 23:27:34,2018-03-16 13:32:41,2018-03-26 00:00:00
6b52fde341db3472b2e4c787887abc7e,972113ea2f5747454eab08fb128eca53,delivered,2018-08-17 14:11:25,2018-08-17 14:47:03,2018-08-21 13:08:00,2018-08-27 14:40:55,2018-09-10 00:00:00
6b67ec6cfd19c0a30f91afb6bd431e8f,c2b0ea6dfda294a608886e885972199a,delivered,2018-02-20 10:45:27,2018-02-20 10:55:35,2018-02-21 21:52:42,2018-03-05 15:22:01,2018-03-15 00:00:00
6b688d7c200891c0f00b36cbb2156a78,44e56c0c6009b03c72041bd465811294,delivered,2018-02-14 14:48:37,2018-02-15 04:20:19,2018-02-15 23:33:50,2018-02-21 18:38:47,2018-02-26 00:00:00
6b78266e22c19ea2fd49f03f59ef7b47,2c7a3fd723b8a905d140f3da465d51fd,delivered,2018-05-01 21:59:37,2018-05-01 22:16:31,2018-05-02 13:25:00,2018-05-03 18:03:32,2018-05-16 00:00:00
6b8c07c310d8c6a39e79ed3d38e6578f,c19d85677e04a12cc4b93e9e78f97cc3,delivered,2017-11-03 11:19:21,2017-11-04 11:25:22,2017-11-07 16:34:48,2017-11-16 15:02:22,2017-11-23 00:00:00
6b8e33e6751e356214e7b35ad7df83cb,b083efa0cd26465439a0c966b960a701,delivered,2018-06-21 19:24:06,2018-06-21 19:38:39,2018-06-22 15:16:00,2018-06-29 20:16:46,2018-07-19 00:00:00
6ba74355a0bd6d93ae590f6d510958b8,4183a12bf979a9f05ebaf0c45eef6120,delivered,2018-06-12 13:09:12,2018-06-12 13:43:00,2018-06-14 13:47:00,2018-06-22 15:39:35,2018-07-16 00:00:00
6bbafe0017bf2f1c7dd4331a9a742023,24917ee9726a59cf2ef319dd7e68ca7c,delivered,2018-07-21 12:52:54,2018-07-21 13:04:04,2018-07-24 16:01:00,2018-07-26 21:20:49,2018-07-31 00:00:00
6bbc91e028da6d54999b583c9be6e413,0b20fc582fea416e9e4d5b39dc2add1b,delivered,2018-01-11 17:07:50,2018-01-13 04:54:59,2018-01-15 19:42:12,2018-01-26 20:21:25,2018-02-02 00:00:00
6bc359e26c859e9a1d3d1c157f38c930,709149b32638dbe23f758382c325536d,delivered,2018-03-18 22:43:15,2018-03-18 22:50:43,2018-03-19 17:03:21,2018-04-04 18:48:28,2018-04-12 00:00:00
6bdc8831f7f05d0765b0d07c612b731e,e96fee75ad6df5e2113615972ab1d255,delivered,2018-08-13 16:28:01,2018-08-13 16:35:21,2018-08-17 07:14:00,2018-08-21 23:12:04,2018-08-30 00:00:00
6bef43b399ad748e06bfbd0a31efcfb9,196f617ec14599ab7ceb83a6117fd9e5,delivered,2017-11-26 23:50:05,2017-11-27 00:55:59,2017-12-08 13:58:52,2017-12-11 21:38:38,2017-12-11 00:00:00
6c16d886be4fe03174a289a4ca70a775,780b36c3e066c0251df695c5ce83994e,canceled,2018-06-05 15:06:16,2018-06-05 15:31:39,,,2018-06-29 00:00:00
6c1d204da4c5116b68d68a6292d601f1,61db999e171b586a01abd7d5ac904fb7,delivered,2017-04-18 11:54:58,2017-04-18 12:05:30,2017-04-18 13:21:45,2017-04-22 07:32:46,2017-05-09 00:00:00
6c2c28420cb6865ced69f6c260c27c24,f2b049ff24281feb3783cdc603ce75e8,delivered,2018-04-11 15:12:12,2018-04-11 16:51:02,2018-04-12 21:46:26,2018-04-13 13:34:46,2018-04-27 00:00:00
6c2df3329834884b60365f14e084c043,b079e41d8e7a4fcb68b16b1334e1f878,delivered,2018-01-18 09:30:17,2018-01-18 09:50:10,2018-01-19 22:28:42,2018-01-25 17:07:09,2018-02-08 00:00:00
6c45e2d6cf05790573c8247e28c24a91,bbe0f15039cf02bf42f6f0e5cbdf1f7a,delivered,2018-01-03 14:58:27,2018-01-04 05:10:30,2018-01-11 15:19:45,2018-01-30 21:35:33,2018-02-06 00:00:00
6c51f58aa6e93a65c7002b68ba2806cd,a09d60347e2da4735fdbe1ddf07eacda,delivered,2018-02-17 21:38:03,2018-02-18 22:26:59,2018-02-21 23:35:35,2018-02-25 16:19:39,2018-03-06 00:00:00
6c611d177ef47b4d67080071684f3da3,c1a881d78c63de5d2f1762bd7cca61e7,delivered,2018-05-13 07:42:34,2018-05-13 07:55:10,2018-05-14 13:57:00,2018-05-18 12:03:15,2018-06-01 00:00:00
6c6fa28d797aaeb6b8d918dc102129af,09346ec9309d948658f658d1ae15d43e,delivered,2018-02-18 14:00:10,2018-02-18 15:06:45,2018-02-22 13:44:57,2018-03-06 00:05:33,2018-03-13 00:00:00
6c70322204e946ff9b1bb988b305bc9c,3dbfa5555d41c7d7b407ef940e8f81e0,delivered,2018-05-04 23:31:40,2018-05-04 23:50:21,2018-05-07 14:01:00,2018-05-11 16:34:28,2018-05-25 00:00:00
6c82197bc099415d9919ccb609a9c072,cf21fc5ce008e8d35e01caeb0ef028da,delivered,2017-01-13 00:14:27,2017-01-13 00:31:26,2017-01-13 12:50:08,2017-01-18 14:05:48,2017-02-21 00:00:00
6c8a46db92b71607f9b4b53efe70b28e,cf54bb2b4462fd41cd545faf74a59ca5,delivered,2018-07-18 15:57:00,2018-07-20 04:35:17,2018-07-20 13:57:00,2018-07-25 20:58:21,2018-08-02 00:00:00
6c962a878a13ebc179759b22586cfae5,90412aa593075b1ec797a9dd70c36881,delivered,2017-06-03 14:56:30,2017-06-03 15:05:12,2017-06-06 10:52:11,2017-06-14 16:38:19,2017-06-28 00:00:00
6c9c946ae6eb5b5c312bf3b325f4e25c,d5735cd5acefcf6f5993540165c4b007,delivered,2017-11-07 22:13:33,2017-11-07 22:32:28,2017-11-08 19:58:19,2017-11-20 15:41:51,2017-11-28 00:00:00
6ca4871d007ce3c4a6173f53028c28fb,df7b73935d01c5ae82743d422fd02fd9,delivered,2018-01-05 08:26:03,2018-01-05 08:47:20,2018-01-05 20:11:02,2018-01-17 20:28:14,2018-02-08 00:00:00
6cad7a7812903a72ae057da0bfb61cce,d7a8966b2cb356ea3f57064863aec379,delivered,2018-04-26 09:48:45,2018-04-28 03:15:29,2018-04-30 15:36:00,2018-05-15 14:06:41,2018-05-29 00:00:00
6cb79ca831fc2210fa584592cea3c5f1,bd345656334581d4e07227d786486629,delivered,2017-12-14 23:40:33,2017-12-16 02:39:35,2017-12-18 21:03:36,2018-01-06 16:45:49,2018-01-11 00:00:00
6cbe792e9ab88ffb6579d0b28088a988,961a23e97556fd80b1cad9d03d6fb0b1,delivered,2017-09-04 18:46:38,2017-09-04 19:15:14,2017-09-06 13:34:11,2017-09-11 22:24:33,2017-09-26 00:00:00
6cc170c0199d6d09ed3ae398bbfe01af,0050ee32fbb93383fb0d9e3d8ee89a07,delivered,2018-07-23 14:33:11,2018-07-23 15:59:52,2018-07-25 14:11:00,2018-08-02 21:44:47,2018-08-20 00:00:00
6cd1a4eb4b9a14b5a991a897f096d443,a68d9bfdc7bad336fab0e1643f01a6d1,delivered,2017-06-04 18:21:10,2017-06-04 18:30:49,2017-06-05 15:10:11,2017-06-06 10:57:32,2017-06-26 00:00:00
6ceb24a53abed9d619d077dc285fffb8,e70fcabf5f6bf5273ba341a46b6b83a8,shipped,2017-04-15 13:36:56,2017-04-15 13:45:18,2017-04-18 12:23:29,,2017-05-24 00:00:00
6ceec659ff4d6720d0296d133cb49745,1ffd4ed29264828d00542426f5285dac,delivered,2017-11-24 22:11:55,2017-11-25 01:14:01,2017-11-30 20:21:50,2017-12-20 20:32:53,2017-12-27 00:00:00
6cf90e1166647c0225253a897567ceb2,f5219627819a30474a6ef14e1598e7f4,delivered,2018-06-11 09:22:20,2018-06-12 08:41:55,2018-06-12 15:10:00,2018-06-19 10:38:26,2018-07-18 00:00:00
6d07ebee9c7fa9c4749c7265c987bf0a,4bfed7ec90de2a498c6aaaf4ce5e4518,delivered,2017-05-22 09:06:09,2017-05-22 09:22:28,2017-05-25 09:58:30,2017-06-02 17:42:43,2017-06-16 00:00:00
6d0f0280ebfb3b857b70731c9df2158c,8c03553b0a2bbfac8eb64cd9dd356187,delivered,2018-05-13 15:27:32,2018-05-13 15:51:52,2018-05-14 13:34:00,2018-05-17 12:22:01,2018-05-30 00:00:00
6d1832bd42dccbd91d1ce32da7f54492,1d12f3eea210892c245c9be2bd17a93c,delivered,2018-07-01 12:02:12,2018-07-05 16:19:44,2018-07-03 19:25:00,2018-07-04 22:37:38,2018-07-16 00:00:00
6d335a14529f4ffa4219793d5b5a9772,5f1ad3fba0387ccd0efff08a8fee6212,delivered,2018-02-16 13:38:45,2018-02-16 13:50:33,2018-02-20 01:19:50,2018-03-23 17:47:33,2018-03-09 00:00:00
6d37c2777465f819544099f0ec5a6b25,c0e3cfb4fa98e3cc869c637ae3c1f409,delivered,2018-05-13 12:45:47,2018-05-13 13:11:52,2018-05-14 13:39:00,2018-05-17 16:23:55,2018-06-01 00:00:00
6d4616de4341417e17978fe57aec1c46,adc1b0d30fe2b52bde12fe806630d54f,delivered,2017-04-15 11:46:19,2017-04-15 12:02:55,2017-04-19 08:18:54,2017-05-05 15:56:20,2017-05-24 00:00:00
6d4fbffb6862725cc8485066b8aca192,747ac70e4caa61315026312e740a1346,delivered,2017-05-15 21:29:32,2017-05-15 21:42:54,2017-05-16 10:52:51,2017-05-24 17:44:05,2017-06-08 00:00:00
6d6a99c4cfaa3381cbd4e86237bf699d,3d5895b2ff74d5fb6536827bf9799baa,delivered,2018-04-09 16:34:55,2018-04-09 16:50:20,2018-04-11 00:59:03,2018-04-17 23:14:54,2018-05-14 00:00:00
6d785f644bb980fb780ae00dcac90210,4bb35f99bc715e6cc22932a5a623803e,delivered,2018-03-10 18:40:17,2018-03-10 19:40:48,2018-03-13 01:16:36,2018-03-28 13:17:25,2018-04-03 00:00:00
6d82fb84caeb4867e10314d00ee91ca1,60557beabb29add89b6ad201ff7ab80d,delivered,2018-03-29 13:26:25,2018-04-03 05:10:34,2018-04-04 18:24:51,2018-04-25 19:08:45,2018-04-19 00:00:00
6d86a700fbdfec909998eefa9110f3e9,6efe2f2c813379b610f5cd26e99ce0ff,delivered,2018-05-04 11:14:37,2018-05-04 11:51:35,2018-05-07 14:57:00,2018-05-15 21:04:23,2018-05-29 00:00:00
6d9ccb29372292701006df0d44b858c3,b03af535806e398922311291ae3e1f0f,delivered,2017-11-16 18:07:08,2017-11-18 02:28:42,2017-11-22 21:24:30,2017-11-29 17:53:18,2017-12-11 00:00:00
6d9da1dcc8d05c588e4ea617d0fe9465,ce9167d363251ec55e167d15816ea22e,delivered,2018-08-09 14:12:11,2018-08-09 14:26:21,2018-08-10 14:51:00,2018-08-14 16:04:42,2018-08-15 00:00:00
6db058553902cd2054887f510d4ecf28,cb1169f09b2fa517b0255a65e31bc9e8,delivered,2018-01-15 22:09:03,2018-01-15 22:16:22,2018-01-17 18:33:22,2018-01-22 17:14:29,2018-01-30 00:00:00
6dcacad3b7f099fe3502426b5abb9cc5,d759cacdfda91f5b445c1ce8e120fc35,delivered,2018-01-12 18:29:06,2018-01-12 18:36:21,2018-01-15 19:35:15,2018-01-18 22:47:50,2018-02-02 00:00:00
6dd018ddbabb3e2395f292cb1f2b3ba8,d05d07aa90ccf1c30bf55f0cd34b28bb,delivered,2017-09-11 19:36:44,2017-09-13 03:35:22,2017-09-18 21:47:33,2017-10-06 13:42:35,2017-10-16 00:00:00
6ddda171d214be5f13055479d8b41364,3efd6634c0d7ebbdcadfb0f56b75ceef,delivered,2017-10-10 21:33:47,2017-10-10 21:49:28,2017-10-11 20:20:01,2017-10-17 20:42:07,2017-10-31 00:00:00
6ddfbf514959b49b6410c01ad93054bb,48c4bc0a9a1ef619c41c102912dbf1a0,delivered,2017-11-23 15:10:22,2017-11-25 15:10:57,2017-11-28 23:33:02,2017-12-20 22:58:14,2017-12-22 00:00:00
6df84b84d593ebbd9922b07135002bee,2a49861a1d5d394bcfab48c9a2edf700,delivered,2018-05-12 12:53:29,2018-05-15 05:14:44,2018-05-15 10:42:00,2018-05-18 21:58:31,2018-06-05 00:00:00
6e0a631dd4ced6d6f1bb087e0f9a648b,01aefa3a069cf73167ddbe7725755c2c,delivered,2018-05-04 12:50:04,2018-05-05 02:53:51,2018-05-07 13:32:00,2018-05-10 18:58:21,2018-05-22 00:00:00
6e0b92bf7f849a26ecbd65716cf5d610,ec129cc1eae905b8a97bd912589a9783,delivered,2017-08-17 22:45:26,2017-08-18 00:44:23,2017-08-18 18:12:02,2017-08-28 17:06:14,2017-09-26 00:00:00
6e0eaecee9bbc83b77b4632e6c592963,a612afb529148dcb23632b4059250877,delivered,2018-03-15 22:54:22,2018-03-15 23:11:02,2018-03-16 16:48:55,2018-04-20 21:26:29,2018-04-09 00:00:00
6e3e15bde53821ada4e7c475f2f98dcc,79293a3bfb63be93571d2184d168d40c,delivered,2017-05-31 18:00:07,2017-05-31 18:10:11,2017-06-01 10:20:09,2017-06-19 18:51:42,2017-06-27 00:00:00
6e424a06931a556c15b962b40017f690,ec4da82eff98a289e6a3200ae727613d,delivered,2018-08-17 11:19:40,2018-08-17 11:35:12,2018-08-17 12:37:00,2018-08-23 20:22:00,2018-09-14 00:00:00
6e56fd377b9d1f816af128295e5c1003,12eb27c5c8983f8b65f4e79bfb579572,delivered,2018-02-15 09:39:58,2018-02-15 09:50:40,2018-02-15 20:56:44,2018-02-21 15:26:59,2018-03-16 00:00:00
6e5fc24bede0e47389f2042dc5f8473f,dbeabfe949d48f1d7e102d7df651ec8e,delivered,2018-04-25 23:43:18,2018-04-25 23:55:15,2018-04-26 14:33:00,2018-05-18 13:04:57,2018-05-28 00:00:00
6e60f42eb32450c23ec4595056312745,d015acea9c4daffed2c50531e217862c,delivered,2017-08-26 19:03:32,2017-08-26 19:24:05,2017-08-29 20:09:16,2017-09-04 23:30:10,2017-09-18 00:00:00
6e63dcc83ec280b72783617737ce886d,dd2b0396d98a4435d214a2cb44d60663,delivered,2017-11-27 21:58:47,2017-11-29 21:56:57,2017-11-30 14:51:55,2017-12-07 01:33:37,2017-12-20 00:00:00
6e6527028de694ccade37f5a15a6d84a,a48d74b7c46f9ee06e4ca93cae7b598f,delivered,2017-11-25 23:51:54,2017-11-25 23:59:27,2017-11-28 17:11:21,2018-05-10 00:06:20,2017-12-18 00:00:00
6e6bacc052a79d14a6e7d015188bef50,d962db498655c9a4b77db1b993f157d4,delivered,2018-02-27 17:55:16,2018-02-28 17:50:42,2018-03-01 21:41:26,2018-04-16 17:24:24,2018-03-22 00:00:00
6e717532e0002abd1bdb69428673bbce,8171ac734467c1cd84d15c6ede5ee70c,delivered,2017-10-24 09:53:54,2017-10-24 10:07:13,2017-10-26 21:09:58,2017-11-27 19:13:13,2017-11-28 00:00:00
6e798bc06e940adb731741796285a267,483f7f65270034241b1e7b3b5c8bec3b,delivered,2017-12-10 22:48:35,2017-12-12 03:50:08,2017-12-14 20:34:57,2018-01-09 19:38:19,2018-01-15 00:00:00
6ea4cd6f1ec3ef5b3dfeb0c90093a5d0,8c214c704bfb4f7a9044b714ea19dfca,delivered,2018-08-22 17:40:17,2018-08-24 03:25:29,2018-08-28 15:17:00,2018-08-30 21:28:47,2018-08-30 00:00:00
6eb1445131218c4f6a6ef2d4960e4f51,0cf44a827f1bda40bb968f6c0393aec8,delivered,2018-06-03 12:53:11,2018-06-03 13:10:49,2018-06-11 14:54:00,2018-06-15 11:14:25,2018-06-28 00:00:00
6eb56be25b30e83ab182da6a5d616cf8,e9a28f7782d12e6558605da9afaffe34,delivered,2018-02-21 13:50:38,2018-02-21 14:29:22,2018-02-24 00:21:59,2018-02-26 12:09:12,2018-03-21 00:00:00
6ec1c5688688bee3df9dd2202ac41a7e,5d029f6ceaad42b4a10bc7e14f37e8f8,delivered,2018-03-08 18:41:37,2018-03-08 18:55:56,2018-03-20 17:49:47,2018-03-29 21:33:05,2018-04-05 00:00:00
6ee27e2aa69517789049416f0c9d4580,ed7fc88b987e2d756555740de689f3a9,delivered,2018-01-21 21:10:44,2018-01-23 03:37:24,2018-01-23 23:42:13,2018-02-16 16:35:31,2018-02-21 00:00:00
6f03abb3b9fdecea11093c52dfd8155e,e9e24284c4b5d4fb273d59e2436fbc2b,delivered,2018-06-03 20:30:07,2018-06-03 20:49:54,2018-06-05 13:24:00,2018-06-15 19:52:38,2018-07-26 00:00:00
6f0a7c01d397ce3f7c6df65823350890,3a7d1c879493e7727f72a8fd2f93c366,delivered,2018-05-17 17:55:14,2018-05-18 04:36:05,2018-05-18 14:02:00,2018-06-06 18:52:42,2018-06-18 00:00:00
6f0dfb5b5398b271cc6bbd9ee263530e,8517e7c86998bf39a540087da6f115d9,delivered,2018-08-01 22:00:33,2018-08-01 22:15:19,2018-08-02 14:20:00,2018-08-07 17:38:52,2018-08-24 00:00:00
6f103e04419629871125495a575f26f7,a7fdbcc3ecc256a2b742dadbc3145f22,delivered,2017-08-31 19:30:58,2017-08-31 19:44:55,2017-09-01 20:13:10,2017-09-14 15:02:40,2017-09-22 00:00:00
6f17dbe0baf3d45a1ddf91bf756dc359,56b6ff1140f9689464ba8e3bf8b9749e,delivered,2018-07-06 08:27:50,2018-07-07 04:50:14,2018-07-10 13:05:00,2018-07-13 15:14:44,2018-08-03 00:00:00
6f199c0873866afaadffaa53f4808a21,4a8cdaa0c498d3fe054f97c22d38e6e0,delivered,2017-08-10 06:15:20,2017-08-10 07:24:49,2017-08-10 19:07:31,2017-08-21 19:05:20,2017-09-01 00:00:00
6f1d91f81a2241dbf2e7544364d75f2c,f30d69cc258ebe5e80e1a0dd6287efb6,delivered,2018-04-26 13:24:29,2018-04-26 16:15:45,2018-04-27 14:30:00,2018-05-07 12:24:42,2018-05-30 00:00:00
6f2de71049be12a7261059378f59e229,615e5edf00b62ca6f134b8656c75fa1b,delivered,2017-05-21 12:26:59,2017-05-22 19:35:10,2017-05-26 16:12:41,2017-06-19 15:32:50,2017-06-22 00:00:00
6f46d796b9d7089d7d0a78e0d254f38f,70104960c292faf07d86774cc3047cd7,delivered,2018-07-20 14:46:23,2018-07-21 14:44:10,2018-07-23 15:12:00,2018-07-27 17:09:28,2018-08-06 00:00:00
6f51907687d51529d5d0a147cf761f0c,db2cd76dfa613aae8ec025a8bda2b3e3,delivered,2018-04-17 08:45:43,2018-04-17 08:55:36,2018-04-24 00:42:12,2018-04-27 18:07:52,2018-05-09 00:00:00
6f5a2dbe5ccce73a9d053a542baabd1c,4d6793a25de1f63ca63869c6cd4b7b1f,delivered,2018-06-26 10:58:48,2018-06-26 11:18:28,2018-07-05 15:51:00,2018-07-07 17:37:38,2018-07-26 00:00:00
6f6665c1d76e55561978ccb45bdcafc6,12ae89712aa5a178c22147486d3cd310,delivered,2017-02-23 08:03:00,2017-02-23 08:15:17,2017-02-23 09:10:22,2017-03-02 09:23:07,2017-04-03 00:00:00
6f678401da533b025aedf90ee59ab1d6,7883870fe70828d5e0ec335429a06b0c,delivered,2017-10-16 14:52:38,2017-10-16 15:07:19,2017-10-17 18:52:23,2017-10-23 20:58:09,2017-11-10 00:00:00
6f748695717d537b882406da58acefec,b31da288a5d93df0b87661fae41bda52,delivered,2017-01-12 20:28:10,2017-01-12 20:44:31,2017-01-13 16:51:48,2017-02-14 15:07:50,2017-03-02 00:00:00
6f75ffc4f296c878f6d66178f5684825,51ad396d34dab6f8139ca3f03dc2b0a3,delivered,2018-01-31 09:30:15,2018-01-31 13:47:50,2018-02-01 16:34:42,2018-02-09 17:56:52,2018-03-02 00:00:00
6f7ba3220bb8de6edb65083fa352ebae,d668b4669c35ad98b21bfb74d346f79c,delivered,2017-09-29 14:18:25,2017-09-29 14:39:00,2017-10-02 21:07:11,2017-10-10 22:54:08,2017-10-23 00:00:00
6f836daf60e4b6e978d737f822dab814,b012fad340eb3e8c7d7b2b193be76831,delivered,2017-10-08 20:09:56,2017-10-08 20:24:54,2017-10-11 20:08:51,2017-10-24 20:49:56,2017-11-06 00:00:00
6f91e4738284a9312089fd89f0d61648,506ad507afe195802c80197c61b37ebe,processing,2017-12-26 14:03:42,2017-12-27 04:12:34,,,2018-01-19 00:00:00
6fa3706fe8cb643a03e2c14e2ecd8799,6f14f695ca74216d7fde73802de93bdd,delivered,2017-06-24 20:47:15,2017-06-24 21:02:44,2017-06-26 13:52:28,2017-07-11 12:52:03,2017-07-20 00:00:00
6fa3dea5574c5757ec985783489bd49d,28d22e4bdf20fac1030f7a4cdcfd3cda,delivered,2018-04-28 20:32:56,2018-04-28 20:53:23,2018-05-02 11:12:00,2018-05-07 19:08:32,2018-05-17 00:00:00
6fb6e809fba02aa50058be7a0e3ad532,9ebe376b5d3f517c3d18461079c1cc4f,delivered,2018-03-07 16:14:54,2018-03-07 16:30:44,2018-03-08 17:51:44,2018-03-21 20:26:33,2018-03-28 00:00:00
6fc43344397e467b002e0255391ffc12,bd394e7a5c0a3aa178be002bec55877c,delivered,2018-03-05 15:22:00,2018-03-05 15:35:36,2018-03-08 01:38:35,2018-04-03 19:30:50,2018-03-23 00:00:00
6fd1dd6138481494d4b90327ceca7dee,7400c32a9fb8f4924175bba5cf10e030,delivered,2017-07-11 12:26:18,2017-07-12 02:24:56,2017-07-12 19:33:51,2017-07-21 21:22:20,2017-08-02 00:00:00
6fdd6ca7bdcce986b6a442588af840a3,f13f5be3fb0e2df0eac326aa188c7a68,delivered,2018-03-10 11:59:28,2018-03-10 12:10:31,2018-03-14 23:31:22,2018-04-06 21:08:41,2018-04-10 00:00:00
6fe3414012f04c290481f594b854e6e1,c849ace72771155d3ce3a8aabbabfff9,delivered,2018-05-07 22:52:58,2018-05-07 23:12:40,2018-05-08 12:06:00,2018-05-14 19:36:49,2018-05-24 00:00:00
70009c6d985dfa16754461cff33c10dc,3bd73d184f96fc1f26896de888b43819,delivered,2017-08-11 22:31:37,2017-08-12 22:44:12,2017-08-14 20:53:49,2017-08-16 13:22:27,2017-08-24 00:00:00
701b6152f4772bf004cad6741981b060,300223b911b2ee2188f0f18835ce9a43,delivered,2018-05-08 12:39:36,2018-05-09 12:35:19,2018-05-16 05:27:00,2018-06-04 21:22:28,2018-06-12 00:00:00
70265e39902a914077a038864209d3c6,170724a3dd2c3b4b4e82955564e85f1d,delivered,2017-07-28 09:35:08,2017-07-28 09:50:15,2017-08-10 23:04:42,2017-08-16 19:46:54,2017-08-25 00:00:00
702c89659fd2b244cf06f052e886bdf6,d334f19a29211c5abb837511f5179ae5,delivered,2017-04-11 21:19:07,2017-04-11 21:30:24,2017-04-18 12:35:26,2017-04-27 11:22:20,2017-05-08 00:00:00
7059c2afa0f74d0d09b1a8bd04ed2f7f,a73df1399fcfdd1ec926551d0be93d00,delivered,2017-06-14 11:45:55,2017-06-14 11:55:22,2017-06-26 13:29:36,2017-07-06 17:33:06,2017-07-17 00:00:00
7063584ebd960be71a883b756429f2e4,276bafdc3963a89aa3471c3d83a9db4e,delivered,2017-08-30 10:46:15,2017-08-30 11:04:24,2017-09-01 15:14:36,2017-09-15 19:31:38,2017-09-21 00:00:00
706f426a3e276fbc171e2d3aafbf2e1a,dc745d5f5de1082bd0aebd9d8aec53d8,delivered,2018-05-01 01:28:38,2018-05-01 03:53:59,2018-05-02 13:43:00,2018-05-07 21:58:22,2018-05-22 00:00:00
7073be83c3247747c26a69d5a689edbf,f2f4eb1a9dd538dbe28987f5d42e9857,delivered,2018-07-16 15:32:50,2018-07-16 15:45:17,2018-07-20 15:50:00,2018-07-23 12:41:23,2018-08-01 00:00:00
70b3137c66efb2783c73b76b78215401,b38f618992aaf66a48b289e2624199cb,delivered,2018-05-13 18:19:47,2018-05-13 18:32:25,2018-05-15 06:25:00,2018-05-18 17:42:42,2018-06-04 00:00:00
70cd45f4715c8840b197efee2b9d533c,af990140f8d86900f33c6d996b9eeae4,delivered,2017-10-31 23:50:58,2017-11-01 00:05:57,2017-11-09 20:31:53,2017-11-30 19:26:43,2017-12-04 00:00:00
70dd6272528235d8324f3d154b94861f,a7ce327dd02ea0980cdba4f8f86b77e8,delivered,2018-07-30 11:20:40,2018-07-31 04:05:55,2018-07-31 14:52:00,2018-08-03 22:21:49,2018-08-02 00:00:00
70e38e6c6f3ff404a97ab901da03db56,212f576916b4e40f8e31ead6a00e09d5,delivered,2017-07-25 20:49:17,2017-07-27 10:25:10,2017-07-28 19:52:42,2017-08-02 18:47:49,2017-08-16 00:00:00
70e6517f1dbbc45684b77b43123539be,6b9dc02c5b16457dfd5325b2fc0e9b04,delivered,2017-06-25 23:10:29,2017-06-25 23:22:52,2017-07-03 11:22:30,2017-07-05 15:22:06,2017-07-18 00:00:00
70eaa52116958c2e734172d6ed51015e,ab3e2234cc7f0a87910d05b6dfe9a70e,delivered,2018-03-15 14:17:38,2018-03-16 14:10:58,2018-03-17 00:33:04,2018-03-27 18:26:42,2018-03-27 00:00:00
713631547f1e4dbf7d1a05eb38012815,fd862bc8d2484c14b9f59de2cd3155f0,delivered,2017-09-26 21:04:18,2017-09-26 21:14:19,2017-09-28 15:26:31,2017-10-03 20:17:12,2017-10-23 00:00:00
713eda1fb337fff2cccfae60fd0b411e,2d910ad991e18b8a03bbcca79a35a3a8,delivered,2018-02-11 15:44:25,2018-02-11 16:20:20,2018-02-14 17:42:37,2018-03-01 14:06:17,2018-03-06 00:00:00
71435a06cf53842e055368f881a38b61,90dae71880786651d4e29dd2b56a54e0,delivered,2018-07-25 15:40:26,2018-07-25 15:55:10,2018-07-25 14:38:00,2018-07-28 18:46:39,2018-08-10 00:00:00
714e87e589c74ad0e8ddb6b9c9706abf,bb57625bfea720d058af92852a0bb303,delivered,2017-02-13 10:26:59,2017-02-13 12:30:27,2017-02-14 04:47:54,2017-02-17 11:34:51,2017-03-14 00:00:00
71564d5e5450bf310e411bc3087b2903,d515bf2f113f96d3dc8907c00ba6f590,delivered,2018-06-16 13:26:20,2018-06-19 03:36:56,2018-06-19 10:54:00,2018-06-22 18:37:47,2018-07-24 00:00:00
718216cd5a2cbb1cf695c655788c2aab,1f7a6acfadea5c8174e64ed338557ab6,delivered,2018-05-12 15:28:06,2018-05-12 15:59:48,2018-05-15 09:41:00,2018-05-28 14:08:51,2018-06-08 00:00:00
719beedd6c2193b3e1e1ea1d2706eaf1,0839786620cd7ef6e2da4abca81ac42d,delivered,2018-06-20 14:02:25,2018-06-20 14:18:42,2018-06-20 13:32:00,2018-06-21 15:04:21,2018-07-05 00:00:00
719d3e99ac9883643ff9a790a2efe206,a0402041f21126e553b1a0ca676d95c8,delivered,2018-01-25 15:14:35,2018-01-25 15:40:52,2018-01-29 18:29:00,2018-02-06 20:55:00,2018-02-19 00:00:00
71b7a76e413b9a5ac20a14d89ba2b681,728381d4672f3d3ad8854fd3674efd52,delivered,2018-08-20 17:05:38,2018-08-20 17:29:28,2018-08-21 13:59:00,2018-08-27 17:21:50,2018-08-31 00:00:00
71b91036973ff7a67b9a17a8a20d3b9c,0e8d765796aac54580fe7f1a3a6c5e86,delivered,2018-08-07 08:23:17,2018-08-07 08:44:45,2018-08-08 12:40:00,2018-08-15 19:58:15,2018-08-17 00:00:00
71bdcc58db48fbd3f6aa39889aab2e8c,458727956b378f1d200041d2107e97dd,delivered,2017-08-08 19:01:41,2017-08-08 19:15:16,2017-08-10 20:04:27,2017-08-19 13:57:29,2017-09-01 00:00:00
71c1725420f3c980356bbdeea6abec9a,fdf90ea1ab409555dc79650e3e36fa01,delivered,2018-01-28 09:16:23,2018-01-28 09:30:27,2018-01-30 20:51:39,2018-02-16 17:38:38,2018-02-20 00:00:00
71c1a607d67393d01bef51c097368feb,ee62ccc1b368643dc5205c67379c52fc,delivered,2018-01-30 09:56:48,2018-01-30 10:14:51,2018-02-01 00:24:54,2018-02-06 16:07:19,2018-02-21 00:00:00
71c2f084ed7e2c16263645a8e9d81a7c,4081747bb8bcea89ad6a14e22c6baaaf,delivered,2018-04-03 17:23:52,2018-04-03 17:35:12,2018-04-04 19:54:31,2018-04-05 21:03:32,2018-04-13 00:00:00
71d33900d3db33c09ceff19ffc7ec460,e6e46fddabfda88207cc899d3231ce05,delivered,2017-05-14 11:48:09,2017-05-14 11:55:10,2017-05-15 07:34:39,2017-05-30 15:52:05,2017-06-02 00:00:00
71d7141d917163379d3bd485bb9a4265,a16137096c93f2569bef62f379f7ed13,delivered,2018-06-12 23:20:33,2018-06-12 23:41:32,2018-06-19 14:31:00,2018-06-29 11:24:44,2018-07-12 00:00:00
71df40458537292f7d7fb3a95e0d3786,9db2f7ab1e4165f06c5d4819b0abebb4,delivered,2018-04-08 17:56:46,2018-04-08 18:10:10,2018-04-09 22:05:33,2018-04-16 22:56:28,2018-04-27 00:00:00
71e077cdb8aba5646817189b9aed6b44,5ea10f0e3b12d4dd62cda8328e72efad,delivered,2018-02-23 10:00:29,2018-02-23 10:15:27,2018-02-28 13:03:56,2018-03-02 23:52:28,2018-03-09 00:00:00
72002d46bebcafbe621c662f1ad3cc45,09164c039db9837e7eeeda0a0318973c,delivered,2018-03-31 01:37:20,2018-03-31 09:07:58,2018-04-04 18:41:52,2018-04-11 19:08:43,2018-04-20 00:00:00
72169ffd15efc268ce012f931a368c4e,de0c4d984792eb5cc97509c7e1d6cb5d,delivered,2017-07-12 15:54:13,2017-07-12 16:05:25,2017-07-13 17:55:59,2017-07-17 21:33:30,2017-08-03 00:00:00
723ac9c5a1b83772c9e9cdfe4d94f5fc,48e68f9883402502055d6c41a62c5e41,delivered,2017-12-14 11:10:57,2017-12-14 11:18:11,2017-12-15 18:48:57,2018-01-04 20:25:17,2018-01-11 00:00:00
723e240c9c7fab76e64b2c232afb8bd8,bcf1316f0bc85a5626519e9bb1205c1b,delivered,2018-04-06 14:35:56,2018-04-06 14:50:23,2018-04-10 17:26:48,2018-04-12 19:04:45,2018-04-24 00:00:00
7248d76d3e1ffa83c3c2cf9774657f76,2c3f5f8e033669bb6f354799040784ec,delivered,2018-02-19 18:11:36,2018-02-19 19:10:35,2018-02-20 21:12:38,2018-02-27 22:55:21,2018-03-12 00:00:00
724d9ea2df2a8c8c93254d43a1016cb5,e0cd116b437ed2501f7b271190b7948f,delivered,2018-08-13 18:43:30,2018-08-13 18:55:22,2018-08-16 08:22:00,2018-08-23 11:45:37,2018-09-13 00:00:00
725bc6e0462790b11f170e3729723857,765c00b61706e22bee156446e592a050,delivered,2018-08-22 12:32:55,2018-08-22 12:44:30,2018-08-22 14:01:00,2018-08-24 17:03:55,2018-08-29 00:00:00
726050586b99cf152bd2d7ea5065b7dc,d6ac765eb88dac1e9afcc6fae60c5e1d,delivered,2018-04-28 10:07:38,2018-04-28 10:29:35,2018-05-02 14:36:00,2018-05-08 20:24:54,2018-05-28 00:00:00
7263db988c07c61845869e0708739119,041d0eb3170569956add1abb9d1681e3,delivered,2017-07-23 11:13:02,2017-07-23 11:25:11,2017-07-24 17:47:30,2017-07-31 18:59:54,2017-08-15 00:00:00
727d6f1c0f045a1a301ea6484e83697c,d3acce793dd61c7d71e57c152af13aea,delivered,2017-07-31 16:54:34,2017-08-02 03:04:35,2017-08-02 18:16:34,2017-08-03 15:51:18,2017-08-11 00:00:00
728795566669c2f36ab5118fcde3af33,eb375a0cecd4aeae29c62be4399959b6,delivered,2018-08-09 01:14:45,2018-08-09 01:25:15,2018-08-13 15:02:00,2018-08-17 13:16:49,2018-08-23 00:00:00
72897812c44d785964be11c5266c5c28,9bc6a3dd00160559656abcd2ed02ffa7,delivered,2018-04-06 19:54:30,2018-04-06 20:09:29,2018-04-10 16:58:30,2018-04-14 18:23:35,2018-05-02 00:00:00
729bf6aed8c44bca10dba0fc98328fd0,f88a416ee96a705d4dc77e82fca0e2f4,delivered,2018-02-02 10:25:15,2018-02-03 02:53:57,2018-02-05 18:21:33,2018-02-19 18:43:20,2018-03-05 00:00:00
729c445f5f350f88d5c9a3911d6e9bc0,ec8475867514b71ceea3172f1312c533,delivered,2018-05-02 17:42:07,2018-05-02 18:32:33,2018-05-07 09:09:00,2018-05-09 12:56:30,2018-05-17 00:00:00
72aac576696a046d89aa7ac132ecd3d6,2be25d8d8bfb9d5cc6690cd241c7dab1,delivered,2018-01-30 14:26:43,2018-01-30 14:35:44,2018-01-31 23:59:10,2018-02-01 15:22:55,2018-02-15 00:00:00
72b9d86fe4e984d9879013b9ecbb25db,8b122c119e36ca9dd381d2bfc02112ea,delivered,2018-04-11 22:29:32,2018-04-13 12:35:27,2018-04-13 21:26:48,2018-04-23 18:41:58,2018-05-23 00:00:00
72be45eab146087612b9ee932e825574,bc225b031d110d0b09ed6f25762f2e83,delivered,2018-04-12 15:23:19,2018-04-13 18:31:07,2018-04-17 17:24:52,2018-05-02 17:38:49,2018-05-10 00:00:00
72c8f22acc8e3ccdb8fd335aef2c00a2,989c61253740a45232db5d7a836e7bf9,delivered,2017-08-21 15:23:40,2017-08-21 15:35:29,2017-08-22 20:43:39,2017-08-25 18:27:37,2017-09-25 00:00:00
72e2c4bbd8ad5d2eec29b795d95afbe2,c600a87c893e7afd5ad653f2340e4e75,delivered,2018-04-16 15:12:57,2018-04-16 15:31:35,2018-05-09 10:28:00,2018-06-05 14:17:02,2018-06-18 00:00:00
72e300729f4020d73fe590991e104c15,5f1dbfa73c69597e5970218986ec1704,delivered,2018-08-08 12:07:48,2018-08-08 12:25:09,2018-08-09 12:35:00,2018-08-16 21:05:00,2018-08-28 00:00:00
72e57d0b326731ddd25d0d44212a42cb,d82ced55e620b6568183a611fb3b71d1,delivered,2018-08-17 15:55:36,2018-08-17 16:10:18,2018-08-20 12:28:00,2018-08-28 20:29:32,2018-09-14 00:00:00
72ec88002ed159da398333164be7f876,7f0341378a24c0dbd85884c251813514,delivered,2018-06-28 11:20:16,2018-06-28 11:31:13,2018-06-29 16:32:00,2018-07-06 16:51:26,2018-07-27 00:00:00
72ee4a26e767e55282ac10e63c7b1227,ab4e4f11610404b4184fb812e47bb0ed,delivered,2018-06-23 19:24:21,2018-06-23 19:39:10,2018-06-25 13:48:00,2018-07-09 18:21:32,2018-07-24 00:00:00
72f13434d0258f5c25927d2b4d5b2c1e,d7b7917cfa60997e23f7bb56c0055729,delivered,2017-06-12 15:37:15,2017-06-12 15:50:11,2017-06-13 15:10:04,2017-07-13 13:47:29,2017-07-17 00:00:00
7323d8e601f88123554e4d9bdb617b79,99e5ffb6f6a73fce0c4eb14560acb6ff,delivered,2018-04-23 20:15:41,2018-04-24 18:39:01,2018-04-24 18:19:25,2018-05-01 13:40:29,2018-05-23 00:00:00
7325b4b6f6e7fecbd8450965f4bae948,641421e7a4129fa906e060ccdffd6cfc,delivered,2018-04-07 14:47:04,2018-04-07 15:08:03,2018-04-10 22:05:15,2018-04-13 15:19:37,2018-04-30 00:00:00
732a77c453f0b9ea3a2665a575f3ecd3,0802da9993945877f32ed71ab7800b6f,delivered,2018-08-05 19:58:15,2018-08-05 20:10:19,2018-08-07 15:13:00,2018-08-17 08:56:40,2018-09-14 00:00:00
732f26c55f8366066c096f572cb73854,5ab2ebdcbf0d95ad1b8f479895d8b137,delivered,2017-10-18 01:29:03,2017-10-18 01:35:20,2017-10-18 18:14:06,2017-10-24 12:52:13,2017-11-09 00:00:00
733abca4b3372182a6c955ed064b0929,d152e59310ba4b2f8a71a0c919f1c4d2,delivered,2018-08-01 16:28:34,2018-08-01 16:44:08,2018-08-06 12:14:00,2018-08-10 16:14:28,2018-08-14 00:00:00
735cd7df0237de24454fd5b5b4195515,d5f332ef078c9a508dd28e6da1fb0dee,delivered,2017-10-19 12:25:50,2017-10-19 14:27:02,2017-10-20 20:13:12,2017-11-03 18:17:58,2017-11-17 00:00:00
736a8a3d8b9cde5dd9b1f985fc523c0e,c2077147d664caade6db8ecd527971b7,delivered,2017-05-01 12:56:44,2017-05-01 13:10:11,2017-05-15 11:28:36,2017-05-22 11:44:45,2017-06-05 00:00:00
736d9580e48fa6a156f60f5341acd2da,52dd2d8a2a8d602034af4d803ac06425,delivered,2018-08-05 15:56:16,2018-08-05 16:05:14,2018-08-06 12:33:00,2018-08-14 00:34:33,2018-08-27 00:00:00
737b63f784a8e20dbc2a9abd527f3923,3463ac00dc2de6d13c26ace2d43fc34d,delivered,2017-03-22 12:58:27,2017-03-22 12:58:27,2017-03-23 16:09:06,2017-03-27 12:39:06,2017-04-10 00:00:00
7384cdc62fcd832cd6c6026440c42821,e593a233adbfed5cc5ec383f95680901,delivered,2018-07-09 22:16:25,2018-07-10 09:05:27,2018-07-17 07:48:00,2018-07-25 15:57:46,2018-08-09 00:00:00
7388c6ff667e30b4ba78bdca9dccd818,336fbae7f609704cbff29abfa3c5cf87,delivered,2018-06-05 18:11:03,2018-06-05 18:33:30,2018-06-06 14:19:00,2018-06-11 18:24:23,2018-07-17 00:00:00
738a72a43a2a56d21dbe8874ffddd1af,89e0983a7d1dae20be198c11c8e0251d,delivered,2017-08-19 11:24:18,2017-08-19 11:45:07,2017-08-21 19:22:17,2017-08-24 22:03:10,2017-09-13 00:00:00
73950eeeb87a86705a2e3c7f42f1b4bc,a90390cdb48b4c1ddfd36ecc316b6f55,delivered,2018-03-19 10:17:51,2018-03-21 02:49:08,2018-04-04 20:38:20,2018-04-19 20:04:49,2018-04-25 00:00:00
739677eada57f8079787189697f71d74,60295e486ecc60549fd858f3eb8395f1,delivered,2018-03-08 12:00:34,2018-03-08 12:15:25,2018-03-09 17:52:07,2018-03-16 18:24:52,2018-04-02 00:00:00
739ee9313185c60eb018bf03f642fc61,b4fb257403bc2a6e40abaece5b89b33a,delivered,2017-10-20 19:08:24,2017-10-20 19:25:30,2017-10-24 22:11:37,2017-11-10 20:26:53,2017-11-10 00:00:00
73a1b2c642b36dc0c5930e4b654ce46f,08ffdbf0b21cffff0d50f69e34097e6f,delivered,2017-08-14 11:03:36,2017-08-15 03:25:21,2017-08-16 17:12:49,2017-08-29 14:03:00,2017-09-20 00:00:00
73b1e5c9d05c96ee6d19a6bf2f79e2d0,814fe5f156da3ce3123ead086048e852,delivered,2018-02-12 14:11:29,2018-02-12 14:27:37,2018-02-14 20:22:12,2018-03-05 18:08:51,2018-03-06 00:00:00
73c67371d275029330214fcd2b439fcd,69183687970f872e3ff323cc65de88f6,delivered,2018-06-23 17:11:17,2018-06-25 10:53:50,2018-06-25 15:26:00,2018-07-09 21:32:10,2018-07-27 00:00:00
73d70dce05cb08ecad51b47c4fd26925,3ca320c118e7ec2503867e31a79c479d,delivered,2017-10-29 17:58:42,2017-10-29 18:10:15,2017-10-30 19:58:46,2017-11-03 17:57:39,2017-11-17 00:00:00
73d7cec3155fd7d97f4e7bd0c996002e,167f125b0d662c28bb27ee76de59b079,delivered,2018-02-07 09:02:12,2018-02-08 07:49:51,2018-02-08 23:44:45,2018-02-19 12:48:54,2018-03-08 00:00:00
73da42c497d6ab85df4446d41addabdd,7bb3c8543858843a15bcb87b0926e0dc,delivered,2018-01-03 09:45:16,2018-01-03 09:57:23,2018-01-04 20:34:58,2018-01-11 12:18:14,2018-01-31 00:00:00
73df19345d0de1ae473fdfd37070f16c,9cd05016183fe6b9435f5b6d3c100b93,delivered,2017-10-18 14:25:56,2017-10-19 09:28:12,2017-10-19 21:28:49,2017-11-01 15:27:50,2017-11-14 00:00:00
73e0c0e9d14c86750d2df4a0d74eff29,0c19a47cf78648bc68d3e9e3d4fce3bf,delivered,2017-02-11 19:26:46,2017-02-11 19:42:57,2017-02-15 10:42:01,2017-02-20 16:22:54,2017-03-14 00:00:00
73eb2dbe87f00c86931e3ef008935806,77b1e04f28c1b933de6f83af34806288,delivered,2017-04-29 11:40:25,2017-04-29 11:50:22,2017-05-02 17:26:40,2017-05-13 13:35:55,2017-05-23 00:00:00
73ef343c9dbf2f6d45362c9bc150f4b7,13c520253ccaf41623e063d5e81c4d82,shipped,2018-08-12 03:44:50,2018-08-13 03:45:08,2018-08-14 14:05:00,,2018-08-22 00:00:00
741219cefb77a5c6acbbecafb6d0e6f5,5c7d83fc8f4fb37ef3efb3e08b693137,delivered,2018-06-30 13:24:32,2018-06-30 13:50:18,2018-07-03 15:16:00,2018-07-20 21:13:49,2018-07-27 00:00:00
741a088353f3774474ff3b2d7da8f0de,729bfe0a9c4c09edbff5510098c592b9,delivered,2017-05-08 04:21:55,2017-05-08 04:50:16,2017-05-09 15:39:45,2017-05-16 17:22:00,2017-05-31 00:00:00
7436f90385ad44df26975c86ee59e085,1081bac0d0f72391e7c60d0812c8ec5b,delivered,2017-08-22 15:19:49,2017-08-22 16:20:20,2017-08-23 15:52:44,2017-08-24 19:46:08,2017-09-12 00:00:00
743d02b8213067631ae00120303b4ab0,f14d5c39cf968c9f2dfeded06d3e84be,delivered,2018-03-31 13:31:29,2018-03-31 14:15:16,2018-04-02 20:07:46,2018-04-14 15:58:33,2018-04-19 00:00:00
7446025306e883cf5f81d6a59b52a77a,59211ee5ee45529e88e15aa981413567,delivered,2018-06-06 10:14:54,2018-06-06 10:31:27,2018-06-13 12:51:00,2018-06-14 15:52:23,2018-07-03 00:00:00
745865dd655cbb9dc84b1ee5a872fbf9,fffa0238b217e18a8adeeda0669923a3,delivered,2017-09-11 16:02:18,2017-09-11 17:43:51,2017-09-12 15:16:42,2017-09-13 18:12:35,2017-09-21 00:00:00
745e2506fb647deca4669e1c88ce9783,ea62ea3d096dc41f6ef76bbea7fcb40a,delivered,2018-01-21 13:20:39,2018-01-22 13:50:07,2018-01-23 20:51:40,2018-01-31 13:58:07,2018-02-19 00:00:00
7463f829999f41a9eea1e98f4e52b48d,fc1344637b9c3c2987e17c03a9624ba2,delivered,2017-10-03 11:51:24,2017-10-04 02:49:22,2017-10-04 14:22:29,2017-10-18 20:34:15,2017-10-30 00:00:00
746c571ef93dfd0c1ee0a6d4e9d983c7,4d1edb31fa8f56d259895f5d46064753,delivered,2017-07-11 13:28:41,2017-07-12 02:15:42,2017-07-14 16:25:52,2017-07-17 18:58:06,2017-07-24 00:00:00
746de2565dea8d35a273e6b7db1764b9,542a1542afb92ac617f667ed43640af8,delivered,2018-01-05 16:09:43,2018-01-05 16:15:35,2018-01-08 18:49:43,2018-01-13 01:21:50,2018-02-15 00:00:00
747472f67c6d285c60bd732fc28beaf9,e68996d7ba9225ec61f16385285d3ae2,delivered,2017-10-26 14:57:29,2017-10-26 15:08:20,2017-10-27 18:56:59,2017-11-24 00:22:59,2017-11-27 00:00:00
747c10818501d15381c0718ba37eb2da,82d8d50f9aa1a509e6578984e298c96d,delivered,2017-02-13 20:37:21,2017-02-15 02:43:20,2017-02-15 12:31:52,2017-02-24 17:35:44,2017-03-16 00:00:00
7485a37669f5475e8f6d0eddd64c71e1,56d9ab4bc8d4c1995701cbf669b81f8c,delivered,2017-11-09 23:00:21,2017-11-09 23:10:38,2017-11-10 21:12:12,2017-11-17 20:48:41,2017-12-06 00:00:00
748d3b50f6f4b32e9998bb62826d4812,35aabaccc2c7476c4dd5f81192a067d1,delivered,2018-01-18 22:35:25,2018-01-18 22:50:10,2018-01-19 22:28:42,2018-02-01 01:35:59,2018-02-20 00:00:00
749eb4902527dc1a8e81681cd9c1b016,45ad4b978561d9458629572c1f4feb7a,delivered,2017-05-09 13:46:55,2017-05-09 13:55:31,2017-05-12 12:23:53,2017-05-22 16:52:39,2017-05-29 00:00:00
74ad3397d84521ee94f326aad1a35d14,ba9872439094744184c4a480082458c8,delivered,2017-11-24 10:00:18,2017-11-28 02:51:33,2017-12-12 22:56:42,2018-01-17 17:46:03,2017-12-18 00:00:00
74d882fe8bdccca5952fbe23321ecfa7,784ea06d707eeb460893a573fa879dc2,delivered,2018-05-20 01:24:02,2018-05-20 08:17:29,2018-05-22 12:39:00,2018-06-11 13:34:28,2018-06-07 00:00:00
74f9ee0e66467cc93728042775469e4e,1cbe9451567408725b5ab9c1b6f848eb,delivered,2017-12-17 18:45:57,2017-12-17 19:54:01,2017-12-19 22:39:26,2017-12-30 00:04:29,2018-01-19 00:00:00
74fd3f19e82d4dc348cf34d3870605c1,67c217f8637c4c1f72e8b54d2e5b0f74,delivered,2018-08-24 17:53:18,2018-08-24 18:11:46,2018-08-25 09:14:00,2018-08-27 17:22:46,2018-08-30 00:00:00
752df1d3d4248c9dc8cca21cd6b42675,e67f669e175f3572055f89dfb87d7c8d,delivered,2018-03-12 17:42:36,2018-03-12 18:09:36,2018-03-14 19:46:22,2018-04-02 23:58:52,2018-04-05 00:00:00
754effa06b71f54d7f439034c128b509,c8d216b178057e7b76dad138f9bb2aae,delivered,2018-07-15 18:16:05,2018-07-15 18:25:21,2018-07-17 13:52:00,2018-07-23 20:12:25,2018-08-10 00:00:00
755062e6c08cf5b87a6eb6a094eca92b,2cb1dfee32f16df851c187b495fc893f,delivered,2017-05-16 18:20:00,2017-05-16 18:30:17,2017-05-18 10:43:26,2017-05-26 13:33:08,2017-06-23 00:00:00
7575d831a96234bf02a093daaf34e375,60718e1cbcc25b8c949213d955d1ab8c,delivered,2017-07-24 08:36:09,2017-07-25 03:35:25,2017-07-28 18:19:42,2017-08-07 19:37:38,2017-08-15 00:00:00
7575f0c5a89cdb0c577224d9efde0266,1f9f966dbeb3547e8bef580b321992ad,delivered,2017-07-11 12:10:10,2017-07-11 12:45:18,2017-07-11 19:33:53,2017-07-19 21:51:47,2017-08-04 00:00:00
7576a97a255ac81433d3932443db8fad,89636364bde857c5d73d2a64036cf3df,delivered,2018-01-17 19:35:44,2018-01-17 19:49:56,2018-01-22 22:54:32,2018-01-31 20:08:00,2018-02-15 00:00:00
757b85709c71afdd65579b82b1f5401c,8434c341761f602a26ca1f2b6ee6cee1,delivered,2018-03-18 13:35:43,2018-03-18 13:48:04,2018-03-19 23:51:44,2018-04-06 00:16:49,2018-04-16 00:00:00
7581e8b8156b3dee7b8898cd0120ad19,75ab1671ae03662536b06efb3762bde3,delivered,2017-04-11 17:56:38,2017-04-11 18:10:25,2017-04-12 18:48:34,2017-04-17 19:04:51,2017-05-03 00:00:00
75b2d5bcaa2ff25faa70a904109d772a,d632083cdf2a28260b60285c2f1325f3,delivered,2017-05-30 15:45:37,2017-05-30 15:55:28,2017-06-01 12:52:17,2017-06-06 10:27:38,2017-06-22 00:00:00
75cbdf50ad99f2f1770fca4ef27142fe,29e8d9d0bc3e0cee2bc77305cc2cb94e,delivered,2017-11-24 08:43:41,2017-11-25 04:30:39,2017-11-27 11:38:23,2017-12-19 18:11:42,2017-12-22 00:00:00
75cc0defdf90cda65066ce0ac171e2ab,50dfde165a2543d1410257c2593f5843,delivered,2017-10-08 16:49:21,2017-10-08 16:56:27,2017-10-09 20:28:10,2017-10-14 15:43:39,2017-11-06 00:00:00
75d1b089800a77f3c4b653e297632423,5a5bee06f22d5f03e2d648c82571b4ba,delivered,2018-08-14 11:16:44,2018-08-14 11:44:06,2018-08-17 13:35:00,2018-08-21 11:48:48,2018-09-05 00:00:00
75e7a7873f5f25594624a750188facc4,b3703265a0f993e108594dcabda32eec,delivered,2018-06-25 22:45:23,2018-06-26 00:33:23,2018-06-26 15:14:00,2018-07-04 17:05:00,2018-07-18 00:00:00
75f19ffdc366b3e66a822a7fafa0db05,69a08b6125c4dbe1e658f5410fa5be95,delivered,2018-04-04 16:44:39,2018-04-04 16:55:27,2018-04-05 15:42:48,2018-04-15 15:03:28,2018-05-21 00:00:00
75f227ab43795be91bd8357ab627bab7,2e340eef5abc1db3fa25f9c177b12112,delivered,2017-11-24 22:04:54,2017-11-25 01:31:38,2017-12-01 00:18:02,2017-12-04 22:38:51,2017-12-08 00:00:00
761d39ded287ade72b1e8bdd95fe0253,78eacafc24b06e4493afeba7c0b32f57,delivered,2017-10-20 14:26:51,2017-10-21 02:49:36,2017-10-23 21:50:12,2017-11-16 21:38:46,2017-11-24 00:00:00
7622da48f027d5659a0d7b0a43597354,b73059b796c2abebd783eb6af533b1a2,unavailable,2017-07-09 14:27:44,2017-07-09 14:43:05,,,2017-07-21 00:00:00
76237b6fd0f721a714d6bb93439858fe,3ff7ca0cebc624cfec47b5c21747f40f,delivered,2018-02-17 23:02:57,2018-02-18 00:07:42,2018-02-20 13:19:04,2018-03-15 17:08:35,2018-03-15 00:00:00
764784b2e19d54da239286b0757f222c,91a894fe53bd1472d31c66b0b90d88ce,delivered,2018-07-15 15:38:21,2018-07-15 15:50:21,2018-07-16 13:32:00,2018-07-30 17:21:52,2018-08-10 00:00:00
7658df283ca8d2e1a258dfc456fd4e74,33a67985c1fbd0aecd11cf44128a27fa,delivered,2017-07-06 11:05:31,2017-07-07 11:15:21,2017-07-11 17:22:20,2017-08-02 22:19:35,2017-08-07 00:00:00
767dd7bdeb5f5d8f1840145a3e898bc2,91693fdec54a003591f8786b71c52fec,delivered,2018-05-23 17:43:11,2018-05-24 18:23:01,2018-05-29 14:38:00,2018-05-30 18:55:41,2018-06-08 00:00:00
7681bce993e841ae140c728b7c8f1b9c,63acf8de888f1bd3574cf7432ff0312d,delivered,2018-02-02 03:42:48,2018-02-03 03:50:21,2018-02-05 21:53:49,2018-02-21 15:59:03,2018-03-07 00:00:00
76a6cde2f1431bc0834cad44ad2f472f,061a2277159342ce2a3bc5a603856fca,delivered,2018-02-03 22:26:51,2018-02-03 22:49:43,2018-02-06 16:18:25,2018-03-11 13:41:50,2018-03-06 00:00:00
76a8a2d403c21555c48ffd596ba88b14,ecc0e4274407b3610d3788fada52bf96,delivered,2018-06-27 20:42:39,2018-06-28 16:50:37,2018-06-29 12:13:00,2018-07-04 16:33:04,2018-07-25 00:00:00
76b7b4a37af9d49cd67082d0c263aad2,826bf29c634f183c732d4c5794e10533,delivered,2018-05-09 10:38:46,2018-05-09 10:55:24,2018-05-10 12:38:00,2018-05-14 15:42:29,2018-05-18 00:00:00
76bdc8518c9c3ef50f9a240b93f97987,186b3bdd7ccd6d69121a2ba60632a1f7,delivered,2017-09-03 10:25:25,2017-09-05 04:44:22,2017-09-06 11:04:36,2017-09-16 16:12:14,2017-09-22 00:00:00
76c4c846aae2dae9e87dfa492c3f5259,8c193b870f6af1254fdbf4bffed544a3,delivered,2018-08-06 14:01:56,2018-08-06 14:10:22,2018-08-06 15:43:00,2018-08-16 16:59:42,2018-08-31 00:00:00
76ca2de6bcacf629bbc125255becc15b,fd4c34140faf2931bdb3856d379019cf,delivered,2018-05-01 10:18:06,2018-05-03 04:13:01,2018-05-04 12:09:00,2018-05-16 20:51:41,2018-05-28 00:00:00
76ccfd1f50385cff04dc3ba521500b47,140bf51a12fef6c8bb0ae5c195f502fd,delivered,2018-01-26 15:52:21,2018-01-26 16:19:25,2018-01-30 21:46:54,2018-02-05 13:45:58,2018-02-22 00:00:00
76cd8bdf29b1ad8f6dad715d6ad8fe90,f3ea766418f91a35a84d530bae7787ff,delivered,2017-05-10 13:17:10,2017-05-10 13:30:16,2017-05-11 12:24:29,2017-05-30 09:42:28,2017-06-01 00:00:00
76df43658d302b7e5418f9c5b366b4bd,5032358b67396a7a0acd5ac555ea90fd,delivered,2018-03-09 17:44:41,2018-03-09 18:10:02,2018-03-12 17:21:45,2018-04-30 12:48:30,2018-03-29 00:00:00
771c4f1f521f462e4b95619e648aaeab,d424b3ce4c850247e8c84ff8752de868,delivered,2017-03-22 20:15:15,2017-03-22 20:15:15,2017-03-30 13:14:34,2017-03-28 17:28:32,2017-04-12 00:00:00
7729dd457f2649c804b02f610b54acc7,cb7abe29d70c37edc3703a61ccc849e7,delivered,2017-04-01 21:41:53,2017-04-04 05:55:31,2017-04-06 13:46:49,2017-04-20 17:26:34,2017-05-05 00:00:00
773632f583feeda7d9b063496b6526a2,1c3c91349f4842b772741fee593827e7,delivered,2018-07-02 16:39:17,2018-07-05 16:27:42,2018-07-03 12:59:00,2018-07-13 21:18:47,2018-08-02 00:00:00
773e520cc5e67e4d6f8af15926317a36,f788ff83b7302742d0746b54cef984cd,delivered,2017-09-26 13:37:36,2017-09-27 02:49:34,2017-10-04 13:33:29,2017-10-09 18:10:08,2017-10-20 00:00:00
775130c792f4c6460c63162e994a1114,d4cd9729eeca5306a2c039fe6e55601e,delivered,2017-12-04 17:24:57,2017-12-04 18:30:29,2017-12-05 16:09:06,2017-12-11 18:52:10,2018-01-04 00:00:00
77603d935cbcfcb914df523f1fc1316d,d8c0a0b659f5ea0167023bf9e8795506,delivered,2018-03-25 18:00:24,2018-03-25 18:15:22,2018-03-27 21:21:54,2018-03-28 22:16:49,2018-04-12 00:00:00
777bf4670edce6de8fa9aa0b68b57b28,b9b977b5750b820d527dd864ed74c4c1,delivered,2017-07-10 21:20:01,2017-07-10 21:45:16,2017-07-12 21:33:13,2017-07-21 19:52:15,2017-08-01 00:00:00
777e1991a17b077dc363745bbaf05e2f,0ee021d3f5f8797d7adc76dbf69a6b79,delivered,2018-06-03 11:53:02,2018-06-03 12:10:27,2018-06-04 16:42:00,2018-06-06 14:05:59,2018-06-28 00:00:00
7787da2148a7cb3d33fb258e674f8a3e,c8a02fab716a574ad3bf2324a3bd5179,delivered,2017-11-26 00:28:42,2017-11-26 00:52:55,2017-11-29 23:24:44,2017-12-13 22:05:08,2017-12-20 00:00:00
7792343581cd5fc0e1956c59b543afc8,e5e1ef3244e1c4a4e288e0b16d9c030a,delivered,2018-04-13 18:40:31,2018-04-13 18:55:14,2018-04-16 18:38:49,2018-04-24 00:21:35,2018-05-02 00:00:00
77af7c0b651686586766ad39c110536a,dc5691f472afce37cc972599ed3d9c72,delivered,2017-09-10 17:11:38,2017-09-10 17:30:17,2017-09-11 13:43:40,2017-09-18 19:14:53,2017-10-03 00:00:00
77baa217632fcbf3656de4ec4a66b0c4,0c32da3090365f1c34eaa407bd52778a,delivered,2018-05-03 09:42:53,2018-05-04 02:55:14,2018-05-10 18:29:00,2018-05-16 23:16:54,2018-05-29 00:00:00
77ce7f33b46e4a158d452e6ccf0dff14,6311a3c1ac4f50b4d94af47a6cd0e20e,delivered,2018-03-24 16:17:19,2018-03-24 17:08:04,2018-03-26 21:46:59,2018-04-07 13:11:54,2018-04-17 00:00:00
77ce8174ece613ac99bd6506f3d679d8,7024b77e0f63bfa361f87eb7e4d21b51,delivered,2017-10-25 11:19:57,2017-10-26 11:16:18,2017-10-27 21:06:55,2017-11-03 21:22:06,2017-11-13 00:00:00
77de74763ac99bedb50deb68da4b981d,f565b0c0cab7869df7414d1dd50ee1cc,delivered,2018-07-05 08:07:42,2018-07-05 16:31:13,2018-07-09 13:22:00,2018-07-16 15:45:56,2018-07-23 00:00:00
77f786b616f184da30df78a7eb228d92,e3e9f4e9f627f0be4418ae5334bcc0c2,delivered,2018-08-18 00:16:00,2018-08-18 01:00:06,2018-08-21 13:28:00,2018-08-22 18:58:39,2018-08-27 00:00:00
7803d0f984dfa8078247ba07d2645bef,e1a8bac0030788c65d3500ef868c6285,delivered,2018-01-29 22:16:45,2018-01-29 22:30:20,2018-02-02 15:32:43,2018-02-15 23:13:47,2018-03-12 00:00:00
7806407a20e7d38caef6b35ea7757142,c52f8523a6448c43354e5ca966f61e4c,canceled,2017-11-14 21:58:32,2017-11-16 22:31:07,,,2017-11-28 00:00:00
780d06f3d4a6cf29181986194b9c23bd,b6a1f0f770066f23f23023262bd47f63,delivered,2017-04-03 10:49:06,2017-04-03 11:02:43,2017-04-07 15:46:23,2017-04-17 12:37:02,2017-04-26 00:00:00
7818864c8604b6c6114235d245908ad6,67cacf586b432939b6ae2465b2aecf44,delivered,2018-03-03 08:45:50,2018-03-03 09:08:35,2018-03-05 19:19:50,2018-03-18 15:55:22,2018-04-03 00:00:00
78319eed3d0e14a32693dcb23db4c0d6,c8312397127d7b1cf18e77a37efcbe01,delivered,2018-04-12 15:21:23,2018-04-12 15:35:25,2018-04-14 03:11:08,2018-04-18 17:32:31,2018-05-04 00:00:00
7844d2f4784ca5e03bf47dd1ac050bc2,5c65d66acc26df4936841c554206b882,delivered,2018-08-02 12:07:28,2018-08-02 13:10:26,2018-08-07 12:50:00,2018-08-08 16:04:43,2018-08-14 00:00:00
785b7455ab5bec2f5e04de3cf829209d,5affcc0cbdac28f6974a3b119801ef32,delivered,2017-12-03 19:24:22,2017-12-03 19:33:52,2017-12-04 21:23:05,2017-12-11 14:34:53,2017-12-28 00:00:00
785ceb77eb42e247a85b8e65c7724ac8,ae83036a02bba05dd6b35f2d1b236b97,delivered,2018-05-30 22:30:34,2018-05-30 22:55:25,2018-06-04 06:21:00,2018-06-18 18:12:02,2018-07-11 00:00:00
785e5848b43e60ee92f14e0e20dca105,d81c95d43b8a1de36c2f0e34508b16b6,delivered,2018-03-26 16:14:38,2018-03-26 16:30:23,2018-03-27 21:33:21,2018-03-28 22:43:48,2018-04-06 00:00:00
78a1892a741bea2ea3695fe515c811f7,5af51f2f49905fad16098552c2e9ad33,delivered,2018-02-02 13:44:40,2018-02-02 14:51:44,2018-02-05 20:45:24,2018-02-06 18:09:06,2018-02-20 00:00:00
78af4d32fa98a1435686699030cbc1bf,14771e5438c96d48727f0abcc82a0f9c,delivered,2017-09-05 14:55:34,2017-09-06 02:55:23,2017-09-06 22:03:13,2017-09-11 19:13:24,2017-09-25 00:00:00
78b9793627cb45328b53a69cc525fd22,2ec52dcac1e5ca46634a06ed6fca36a6,delivered,2018-04-27 12:11:47,2018-04-27 12:32:10,2018-04-30 11:23:00,2018-05-04 23:47:50,2018-05-25 00:00:00
78d1ad5b65aecc8f61c0fab7b28e8281,dbb68cef9a37ab412a671c35ef258d33,delivered,2018-03-21 11:47:29,2018-03-21 11:55:49,2018-03-22 18:51:59,2018-04-04 16:21:01,2018-04-17 00:00:00
78dd421c4700121100bb1297168a05d6,190b368f5dc9f4df66376860dbc8af15,delivered,2018-02-11 17:08:59,2018-02-11 17:27:27,2018-02-16 23:08:01,2018-02-28 20:58:46,2018-03-26 00:00:00
78dec59f50d90e8c0cb22eff4dac7b07,ee0dd94cfd30e67ecbf17bf236f47c1b,delivered,2017-08-23 08:26:50,2017-08-23 08:45:37,2017-08-23 15:46:10,2017-08-28 15:54:50,2017-09-25 00:00:00
78e2e121092766f1dd16d8570944bca0,333dac31d3ffc76c8aaae035ead5526d,delivered,2018-08-09 10:38:04,2018-08-09 15:25:13,2018-08-10 11:08:00,2018-08-21 14:42:44,2018-08-31 00:00:00
78e9bbe6fc21f7945284233b6be94154,66e518ee99571f141d17fa60482fa47f,delivered,2018-02-07 17:45:51,2018-02-08 11:50:35,2018-02-08 23:07:22,2018-02-28 23:51:51,2018-03-05 00:00:00
78ed31442f1dba103a38d372eff51503,4f7b2f92ad2feeff85cb8762ba1835dc,delivered,2017-08-16 01:22:45,2017-08-16 02:45:07,2017-08-22 21:25:36,2017-08-31 17:52:43,2017-09-15 00:00:00
78f08da30e84bed8ec2f91fa7566d314,032ca2b9ba3cd98c0b7f814f2e156f2d,delivered,2017-07-25 21:31:01,2017-07-25 21:45:15,2017-07-26 14:27:49,2017-07-31 18:27:50,2017-08-16 00:00:00
790512cc033ced5f8fe1f9158eb8f2fe,8752a4fb5c55922535507e67d4f431c6,delivered,2018-02-28 22:34:44,2018-02-28 22:47:44,2018-03-02 20:05:46,2018-04-21 20:14:29,2018-03-20 00:00:00
790d7fdb41e9a2457520208c7a7eb0ca,22d27f7b57908f1e8c9982bcf920bc88,delivered,2018-01-15 10:01:54,2018-01-15 10:30:28,2018-01-16 00:18:06,2018-01-31 19:55:01,2018-02-06 00:00:00
79177aaac7c3c0dd8e8a84db027512a4,8cd118ecfb9703463ef9670b1d18a26e,delivered,2017-10-17 11:12:57,2017-10-19 03:15:05,2017-10-19 16:10:37,2017-10-23 17:05:25,2017-11-06 00:00:00
7937987ff13bd22aa39304d525e1eafe,8a651f62fa340c6bb5309fac465d7ef6,delivered,2017-11-24 13:19:53,2017-11-26 13:16:26,2017-11-29 20:19:23,2017-12-12 13:45:13,2017-12-19 00:00:00
793a100cf28df6888d0a77ae91032263,d220f8978da3b1262782fc27c5caf747,delivered,2018-03-15 09:46:23,2018-03-15 10:30:43,2018-03-16 22:42:01,2018-04-27 18:58:42,2018-04-03 00:00:00
793c97a0188117b9b0aad84f6cc8883e,317379f8967b192e45021770290094d5,delivered,2018-04-13 20:43:54,2018-04-16 16:32:52,2018-04-17 17:07:46,2018-04-23 23:37:21,2018-05-08 00:00:00
7940121491c0b1c3b7dae6f2b1f77e4b,fdbc7516376d14a129da25bdfc80b3a5,delivered,2018-02-06 00:23:30,2018-02-07 02:55:55,2018-02-07 19:52:33,2018-03-01 20:12:38,2018-03-06 00:00:00
7960d74e96a2fc6a608c4bb2d622f456,16e60282203c560325df62d5c0b435b5,delivered,2018-07-20 16:14:47,2018-07-20 16:25:22,2018-07-23 12:25:00,2018-07-24 17:36:29,2018-08-01 00:00:00
7977e42154b045239288569dc9336adc,6713a9e3f88ec51feb6aec1ce3e8dfa5,delivered,2017-11-25 14:40:05,2017-11-25 14:55:57,2017-11-30 15:25:08,2017-12-05 18:46:46,2017-12-20 00:00:00
798738fb83403d78d10892ac46cf8065,ca860cef411f1bc07c2e4a2b19fdfd4d,unavailable,2018-01-24 18:44:14,2018-01-24 18:56:24,,,2018-02-08 00:00:00
7991b363c057a520b3ffa9dd2919cff5,0bcb83f11459548493b5bb7a3df7c996,delivered,2018-01-29 21:46:41,2018-01-29 21:55:31,2018-01-30 21:07:40,2018-02-07 16:39:10,2018-02-23 00:00:00
799e53347e276d82f68872b6741bf731,d890eafae5bea5d3609d7fa0b22cb293,delivered,2017-09-22 18:14:06,2017-09-22 18:30:09,2017-09-28 17:02:59,2017-10-03 15:52:33,2017-10-16 00:00:00
79a29a6cac0403ad0d0b5390f5bbf1fa,263f08928d545639dfa5d97cf715eee1,delivered,2018-08-01 16:12:26,2018-08-01 17:15:18,2018-08-06 12:24:00,2018-08-10 01:22:47,2018-08-09 00:00:00
79b15d097ccbb1f4c75763ad07a8d543,1fdde0a24922523791641ed04bd9c5c0,delivered,2017-02-14 19:49:42,2017-02-14 20:03:22,2017-02-15 08:18:02,2017-02-20 14:24:18,2017-03-15 00:00:00
79b5579acdaecb745610365f3f181fce,8c55956d70fca64193668429b9f8d8ce,delivered,2018-02-07 22:08:23,2018-02-07 23:10:25,2018-02-09 20:12:15,2018-02-11 13:33:40,2018-02-23 00:00:00
79b64ea5b697b2e014789fe969dd50a0,421ab72b1c25213d331a2a70c2dbac1e,delivered,2017-05-18 10:20:33,2017-05-18 10:35:14,2017-05-19 11:34:40,2017-05-30 14:18:10,2017-06-14 00:00:00
79e5ae80172f5697f2402439382f2d77,714e71bea93777c3bc2580bcacbf68f6,delivered,2017-08-08 10:24:11,2017-08-08 10:43:28,2017-08-09 19:18:20,2017-08-16 19:42:24,2017-09-05 00:00:00
79e6c42fdba43c9005ec3407a878e1b5,0ccce07336490a0be9bbcc78b70ff35b,delivered,2018-02-22 11:22:00,2018-02-22 12:01:28,2018-02-22 22:29:21,2018-02-26 14:54:42,2018-03-19 00:00:00
79e843f791612177a6bb9f948f96f904,a27d37b50d5647c132898b4fbb6782e9,delivered,2018-06-18 15:34:13,2018-06-18 16:40:26,2018-06-19 14:45:00,2018-06-20 19:24:25,2018-07-03 00:00:00
79f7d697719bb0bd65cf1a1c5fc67348,6915b14e9f6ddc88067eee9334e66867,delivered,2018-06-06 17:17:10,2018-06-06 17:34:20,2018-06-08 10:52:00,2018-06-19 11:09:59,2018-07-11 00:00:00
7a00da9515dc144e302458e696d61943,164564995667621b6653afd715ba0e6f,delivered,2018-01-16 21:51:54,2018-01-17 13:50:06,2018-01-17 21:33:56,2018-01-22 19:55:41,2018-02-07 00:00:00
7a04f1c505fcb55b00384ea037f73f24,39a3f99c51f59150cbd4d1dfb52603cb,delivered,2018-08-07 15:00:42,2018-08-07 15:10:17,2018-08-14 14:18:00,2018-08-16 05:22:18,2018-08-16 00:00:00
7a0698ce87fc4cd3e171e7361f0bc0b5,95b18ed2e0c4328d80daed9047b6d995,delivered,2018-06-20 12:39:18,2018-06-20 13:21:08,2018-06-22 16:22:00,2018-06-28 18:12:24,2018-07-16 00:00:00
7a06f1e596e63eac60cd9f3085ea501f,2bb3f48aadf30f93a0dd64c50048e789,delivered,2018-02-19 18:01:21,2018-02-19 19:27:03,2018-02-20 23:48:24,2018-02-27 17:58:54,2018-03-09 00:00:00
7a2a2633b023ac3ee1dc583d44181b2a,acda596e71f174ace07dc4901cdd07dc,delivered,2018-08-16 11:37:32,2018-08-16 11:50:15,2018-08-16 14:40:00,2018-08-20 19:33:12,2018-09-10 00:00:00
7a422b767b8a7f3738b95534a89f534c,d205a7668b53d1207fb7af95c114f28b,delivered,2018-06-14 13:06:50,2018-06-14 13:20:14,2018-06-19 15:25:00,2018-06-26 23:48:25,2018-07-13 00:00:00
7a485479dbdf94502e471dbd3329a4e4,07193e2fc8e6b8a63e6c080a3cff4d89,delivered,2018-08-10 17:09:27,2018-08-10 17:25:14,2018-08-21 14:07:00,2018-08-27 22:06:31,2018-09-04 00:00:00
7a490afdd127d5a584b98fd097425124,463b9fa96de25d1686165e7680f64cb7,delivered,2017-06-09 22:59:40,2017-06-09 23:22:38,2017-06-13 09:19:00,2017-06-19 19:25:00,2017-07-04 00:00:00
7a502e545ea55a7ff2a035abd83c6d84,95de601b667f07f36d2a485b42866900,delivered,2017-03-22 10:34:48,2017-03-22 10:34:48,2017-03-29 16:06:06,2017-04-03 14:15:57,2017-04-25 00:00:00
7a5941b80b56b7d80e8e695e1c88eed4,8c341ce666b64e4e79c28b60db4f8248,delivered,2017-12-08 11:33:50,2017-12-08 11:52:59,2017-12-13 15:33:35,2017-12-22 15:54:39,2018-01-03 00:00:00
7a727e7d4fd27ecc265e8415030811c5,99c49972cccd0c7f3891735f208da202,delivered,2017-05-29 21:39:18,2017-05-31 06:55:34,2017-06-01 16:15:36,2017-06-05 13:12:48,2017-06-28 00:00:00
7a76b222b6be79748cd291410b57c160,a0957b15b659dc70b6842d8393a0579d,delivered,2018-05-12 19:36:15,2018-05-12 19:56:47,2018-05-14 14:23:00,2018-05-15 18:37:38,2018-05-22 00:00:00
7a76fba56e5e78997c15b4e7a3a7e760,d18cb384febf76070f778d201134374e,delivered,2017-09-25 17:28:37,2017-09-25 17:44:42,2017-09-27 17:20:13,2017-10-04 21:32:32,2017-10-19 00:00:00
7a94606a015a9feffa3b4ac23e84d132,3beec086fc157dbb92da88d3eb62dd4a,delivered,2018-01-31 07:56:18,2018-01-31 13:31:38,2018-02-01 20:22:14,2018-02-09 21:13:19,2018-03-02 00:00:00
7aad0379bac4fe5dcb0a97650eaf957d,47fe922e79ee75abc08ee8a081c80958,delivered,2017-10-26 17:00:04,2017-10-28 02:50:13,2017-10-30 21:22:21,2017-11-10 22:11:29,2017-11-24 00:00:00
7aaf9721911fe977bb8e6640c442aeb4,6e62287af5611e444bfec7acf45c8476,delivered,2018-04-12 11:19:06,2018-04-13 02:31:55,2018-04-13 17:58:44,2018-04-23 22:10:39,2018-05-11 00:00:00
7ab1a9babde2a1355e3075d07ea895e3,071d9f8e80f0f0415885e9aac5814700,delivered,2018-05-14 17:26:57,2018-05-15 04:35:05,2018-05-15 12:28:00,2018-05-17 23:28:35,2018-05-22 00:00:00
7ab31af36d3bbf466b048fe0e1dd0dde,98429ab5c5f97e1d0d1651b16780769e,delivered,2018-03-06 04:20:34,2018-03-06 04:30:21,2018-03-12 17:46:32,2018-03-16 20:05:55,2018-03-22 00:00:00
7ab608f5a744c8f9c9c449fe54de96de,8aeb0bfe3d5463fd1f845f933a468e70,delivered,2018-04-04 19:53:51,2018-04-04 20:08:44,2018-04-06 21:21:50,2018-04-13 22:51:09,2018-05-04 00:00:00
7ad9577a964cfb13c1f4875c1fd025ff,bb762fbbec35912ed4d6235aed00159f,delivered,2017-10-31 09:59:58,2017-11-02 02:16:00,2017-11-03 19:33:50,2017-11-10 17:28:43,2017-11-16 00:00:00
7aeba3591c40b6adabbaa598d84ea144,37c16b1cea3444073ad6d3ad77dccae7,delivered,2017-11-19 19:35:01,2017-11-19 19:46:18,2017-11-21 14:03:23,2017-11-25 19:02:48,2017-12-14 00:00:00
7aec7aea70b4d42cdb349810c4475051,7f6c759e3bfc14269dcc023d3d180ca1,delivered,2017-11-08 19:32:44,2017-11-09 05:31:36,2017-11-10 17:46:41,2017-11-21 17:47:07,2017-12-01 00:00:00
7b039bcfd98f73afd5973f8ba56c5987,2167f4b3d82d1519048c2a2d821765f2,delivered,2017-11-27 15:46:48,2017-11-27 15:58:53,2017-11-29 00:18:49,2017-12-19 19:50:13,2018-01-02 00:00:00
7b1250fe66e9056df3b6eeb2659dfb22,93d131a16e34c4a78d1627e56ac2ee83,delivered,2018-02-06 17:39:21,2018-02-06 17:52:13,2018-02-08 19:37:54,2018-02-19 17:16:38,2018-03-06 00:00:00
7b186487147f406839316cb0a719d4b1,c87bdfa527f494e256901a8eaf082ec2,delivered,2018-08-04 13:18:33,2018-08-07 06:15:13,2018-08-08 10:30:00,2018-08-16 09:56:47,2018-08-28 00:00:00
7b1e7ecf29040bd9581a1577a522548d,a7572127a87fabd47f018134f276d96a,delivered,2018-04-24 17:17:25,2018-04-24 19:19:09,2018-04-25 16:07:00,2018-05-02 21:13:00,2018-05-16 00:00:00
7b29aa7d6508036d7400781ca593b58f,c672861bbdf2364414603b0b8358f2d1,delivered,2017-05-24 14:12:37,2017-05-26 02:42:34,2017-05-26 11:15:32,2017-05-31 12:49:57,2017-06-20 00:00:00
7b3821e2a5cb30052dde08403418c349,3dfc88de59670ae75a0a8c7a2a3c6b99,delivered,2018-05-09 11:39:40,2018-05-09 11:55:25,2018-05-11 10:24:00,2018-05-17 13:50:38,2018-05-29 00:00:00
7b42f564d505ea0c0783bb273062ca8b,f40df781e8d1e5f46a4b19b347441b39,delivered,2017-11-14 09:02:08,2017-11-14 09:15:55,2017-11-16 14:32:53,2017-11-21 21:06:45,2017-12-19 00:00:00
7b539e31732dcb7e50afa35e6042717b,c032adfcb7e93ccdb27c8b4f12bf9122,delivered,2018-01-17 14:42:28,2018-01-17 14:52:31,2018-01-25 20:37:49,2018-01-31 17:42:25,2018-02-08 00:00:00
7b5b2437395186ef1d461d39bdee1621,1f379abf4e56ffb85af05ff3bfad4ca7,delivered,2017-02-13 19:26:29,2017-02-13 19:35:11,2017-02-15 10:04:57,2017-02-23 15:11:48,2017-03-14 00:00:00
7b6900f9a0d0ecc69d4ac5bdc8b3ffd3,4282ae54c83a5c20bc9b0c199964be41,delivered,2018-03-05 11:08:22,2018-03-06 11:15:35,2018-03-06 22:59:03,2018-03-17 17:28:39,2018-03-28 00:00:00
7b75f8f560e99f2ae0446d1369bf2ebf,a725b9b3c21def36039453a77be2d322,delivered,2018-01-07 17:00:33,2018-01-08 16:54:51,2018-01-11 21:06:00,2018-01-12 21:07:12,2018-01-24 00:00:00
7b7aa18c12be9bec06ecb74c33609bcf,e4f5e592e5ed9f4ee608a09ae76ea443,delivered,2017-06-22 14:41:04,2017-06-22 14:55:21,2017-06-26 14:58:08,2017-07-11 17:06:25,2017-07-21 00:00:00
7b7d41ed4a08974cabec08405b527b18,9cf5f75b8cce94bec85e361f2f89ff1a,delivered,2018-07-15 14:07:37,2018-07-15 14:26:09,2018-07-16 14:24:00,2018-07-25 17:38:54,2018-08-09 00:00:00
7b80eb102c74259844e5a4fc17cc7c26,1bb7acd4379665fc66db106260c38b0e,delivered,2017-10-19 10:33:51,2017-10-19 10:46:25,2017-10-23 21:10:04,2017-11-13 23:41:56,2017-11-21 00:00:00
7b9783133bb4a92b0c131b1b4f7657ea,42db1aa24e501b47e6dfca5bb3bb0dad,delivered,2018-08-09 12:44:07,2018-08-10 03:05:10,2018-08-10 15:02:00,2018-08-15 22:34:43,2018-08-24 00:00:00
7b9c0feafeaa7c82184c86177f18b4e6,3e4cf7dd92181ca208a4c88731b68b68,delivered,2017-09-07 12:42:40,2017-09-07 12:55:13,2017-09-08 19:33:26,2017-09-18 19:57:32,2017-09-27 00:00:00
7bbc66a921e0671f689e2bb419d3cf09,79bcc2daa707ab5534f2dde14f6491d0,delivered,2018-03-21 11:40:56,2018-03-21 11:55:44,2018-03-22 23:52:49,2018-04-05 20:54:42,2018-04-03 00:00:00
7bda7fb1e596f90f607376af2ca647cd,458f0c44547ae6e5a5f5fba63eaf25e0,delivered,2018-07-15 16:57:17,2018-07-16 17:31:37,2018-07-17 14:56:00,2018-07-31 15:11:42,2018-07-25 00:00:00
7be3bc8a993254a45f536cd9b418f275,e2ccd88ee72187cef52de491449cd034,delivered,2018-07-27 12:18:25,2018-07-28 02:45:21,2018-07-30 13:42:00,2018-08-02 19:48:39,2018-08-06 00:00:00
7beece85fb714c481300a516c9fb1ade,be10e7b8bc2d78cea9bdc7421f2fd811,delivered,2018-05-14 07:29:34,2018-05-14 07:52:13,2018-05-15 11:19:00,2018-05-19 14:12:39,2018-06-04 00:00:00
7c0a8e739e7de73b6258885fc6fc32d1,517933dab5239d429307cbbf62939204,delivered,2018-07-20 18:19:29,2018-07-20 18:30:15,2018-07-23 10:02:00,2018-07-25 00:19:35,2018-08-01 00:00:00
7c1c60f422c242e539075d9b9edca95c,8606b2a0ee4bf45d1f8e558fa083dfef,delivered,2018-05-13 11:20:49,2018-05-15 07:55:08,2018-05-15 12:54:00,2018-05-21 21:44:46,2018-06-14 00:00:00
7c28cd51bc7b7b5b8e81ae0bb7f17340,dd96e8ca7d7dfac2b3b5632801e5f106,delivered,2017-01-25 18:55:31,2017-01-25 19:05:17,2017-01-26 14:48:15,2017-01-27 10:14:04,2017-02-20 00:00:00
7c333b73033a5b03379b9587a92685dd,4b833252f42e1ab9debe39b436f2222a,delivered,2017-11-26 10:53:16,2017-11-26 11:14:56,2017-11-29 22:21:06,2017-12-08 17:10:59,2017-12-22 00:00:00
7c4281b08578a1e5e13e56814b3c6123,686ba249f6f98cc2610b58e5b9982e6a,delivered,2017-07-18 14:01:45,2017-07-18 14:15:18,2017-07-19 19:32:51,2017-07-24 21:37:35,2017-08-24 00:00:00
7c6a400b3bbaff6cff070e8c6cdd17aa,0e6dc68c45be8a533f75d733eeaaad1f,delivered,2018-05-09 09:51:16,2018-05-10 03:36:58,2018-05-17 13:52:00,2018-06-13 20:41:55,2018-06-04 00:00:00
7c6de5f0eea0d2f823e3dc3dc6e3ef4c,93bfec941b9c7d59bd6bf995d844a214,delivered,2018-04-01 12:30:13,2018-04-01 13:10:10,2018-04-02 13:05:32,2018-04-07 00:38:56,2018-04-19 00:00:00
7c71c859e83e35ab16a4bd8c418a5cb8,d7c33449195886112b734c444cd367c8,delivered,2018-02-26 00:15:16,2018-02-27 00:40:22,2018-03-02 19:49:05,2018-03-22 01:21:34,2018-03-20 00:00:00
7c91c3456c73201bef537307835f6ac4,9bba6755656e080e145067f9f9cbcb61,delivered,2017-10-21 07:28:25,2017-10-21 07:45:15,2017-10-23 19:13:39,2017-10-25 18:48:33,2017-11-03 00:00:00
7c921161980003eac272f619f2fa5776,c155fc0c74e24ef74f2f62258b8c4bbc,delivered,2017-08-10 00:17:45,2017-08-10 00:30:16,2017-08-15 21:15:53,2017-08-26 14:19:59,2017-09-11 00:00:00
7cab0843cb15d0cab47c402e5ec63d22,63e9842ee16e70354e5f1c789eeeeb1a,delivered,2018-07-24 14:38:19,2018-07-24 14:50:22,2018-07-25 14:22:00,2018-07-30 22:48:52,2018-08-22 00:00:00
7cb5fd41ca3412b19772e1cbfd716952,3a2a60b086795748df36eb6d22d5cd93,delivered,2017-12-04 11:27:23,2017-12-04 16:31:57,2017-12-07 19:22:45,2017-12-18 22:56:44,2017-12-27 00:00:00
7cba85540e273d2d75f23ee6e88c3214,e683aa9741bb090b9798e8f14b8c00c4,delivered,2018-04-22 20:50:07,2018-04-24 19:03:54,2018-04-26 12:25:00,2018-05-03 18:53:44,2018-05-21 00:00:00
7cd7446904e8e1b7bf7ca80444f1dffa,b32bbbb56d8b6e00aa05998e66daf749,delivered,2017-08-26 17:49:31,2017-08-26 18:41:25,2017-08-28 15:55:45,2017-09-01 19:07:48,2017-09-19 00:00:00
7cd9f4c5a26e353b50e10cc165ef40d2,7ee04c773f064561c7f50cba4cda809d,delivered,2018-06-27 19:23:51,2018-06-29 02:53:16,2018-06-29 14:47:00,2018-07-03 18:03:39,2018-07-16 00:00:00
7cdaa17ad10c7724ac707e1a2fd3a3ae,df27b2625974afb5aea8a397df992f86,delivered,2018-03-21 13:45:45,2018-03-21 14:11:50,2018-03-21 23:07:39,2018-03-22 14:58:59,2018-04-04 00:00:00
7ced17eac048bb56b535174eae0bcb7d,c85bb283fa5d77323cdbeb754b936e99,delivered,2017-05-06 17:47:06,2017-05-06 17:55:19,2017-05-09 15:21:06,2017-05-22 17:36:57,2017-05-31 00:00:00
7cf743c2c2f5595bf3780b5b379cbab5,996099e76d23cf9d25197bc7ca733a13,delivered,2018-04-05 13:28:41,2018-04-06 09:09:18,2018-04-07 01:17:43,2018-04-19 01:06:26,2018-04-24 00:00:00
7cfdf7265c9572fc7b7cbd3b9cc438b7,00791d8bb3acb245dc0b865656e18fff,delivered,2018-08-21 12:20:32,2018-08-21 12:30:56,2018-08-23 06:55:00,2018-08-27 19:18:43,2018-10-02 00:00:00
7d0a48a75ea94fb27cbb514b6bd406b4,1fa8165134d1bc197e2bc4ebf659f35e,delivered,2018-05-29 12:43:18,2018-05-29 14:15:10,2018-06-05 14:01:00,2018-06-11 14:51:42,2018-07-05 00:00:00
7d0c53f67b84e94a751d09f03fe58e99,72c990123f7cab26cd90a4e62025dd77,delivered,2018-08-02 20:27:51,2018-08-02 20:44:07,2018-08-06 14:24:00,2018-08-09 13:34:32,2018-08-30 00:00:00
7d2e63c38de7969859ec3eee027b043f,c633d27c2f31012039efcb0448b9c145,delivered,2018-07-28 18:38:14,2018-07-28 18:55:16,2018-08-02 08:20:00,2018-08-03 18:42:44,2018-08-08 00:00:00
7d3ee0bd440416eb22946dad24f7e4c2,b816880c005e53a668a18deccad9d09c,delivered,2018-07-09 08:21:46,2018-07-09 08:30:11,2018-07-11 12:30:00,2018-07-13 22:50:57,2018-07-19 00:00:00
7d49a1c0abbfb267942abc717ed81422,9ceedfd00f1ffbfa98dd9b9e960b81b2,delivered,2017-12-12 17:34:40,2017-12-12 18:10:43,2017-12-13 18:43:20,2018-01-23 14:05:07,2018-01-09 00:00:00
7d5ab17890987effd9d8a3224a8935fa,2c56d94e7be54e82576ac32056350310,delivered,2017-07-24 12:48:05,2017-07-24 13:02:54,2017-07-24 19:12:11,2017-07-28 21:12:33,2017-08-15 00:00:00
7d5f037cd90e278069b2d0fd0d060543,c3765d3e438378787581dea1c3dc3d8a,delivered,2018-04-10 10:53:00,2018-04-11 05:50:42,2018-04-11 19:22:28,2018-04-24 15:37:12,2018-05-17 00:00:00
7d69596773fda163751de780f18ad9f3,54e147bce661da8b3f594449d801c871,delivered,2018-03-16 14:39:56,2018-03-16 14:55:24,2018-03-22 11:06:47,2018-03-28 22:26:39,2018-04-12 00:00:00
7d962b9178f5ecd3d31dd69811311e65,2cf8fa6b9491168438f09e16f82fd543,delivered,2017-10-13 21:54:18,2017-10-13 22:07:09,2017-10-18 17:23:48,2017-10-24 16:29:59,2017-11-08 00:00:00
7d9ccfd5b1183560523d8351e2e22aa2,4b6204272cd5f2e9c0b13cdb47fd3c8e,delivered,2017-09-19 23:01:38,2017-09-19 23:10:22,2017-09-20 19:47:49,2017-09-25 21:22:14,2017-10-11 00:00:00
7d9ce17cffaae5fd7a74b0b5621f7ee4,4d3ddf1b42da32b1d58cd34460c32659,delivered,2017-07-12 11:01:16,2017-07-12 12:30:11,2017-07-13 21:57:25,2017-07-14 17:58:49,2017-07-25 00:00:00
7d9dad1ac923f80a77b7a8fdd10a7201,05f74b0eb7b097f9b6180c90576decbf,shipped,2018-03-22 16:17:04,2018-03-23 16:15:30,2018-03-27 16:58:36,,2018-04-04 00:00:00
7dc8379a32999985a71e0653836c7f91,c28e434060c41e9357d06d986c630799,delivered,2018-06-11 23:25:07,2018-06-11 23:35:54,2018-06-12 12:53:00,2018-06-13 17:58:52,2018-06-20 00:00:00
7dc8487f60263dbf289600757f5c6f99,8a8440c5a7fd24d8bd07df72f6abf753,delivered,2017-05-22 22:21:31,2017-05-22 22:30:16,2017-05-24 12:14:23,2017-05-26 09:58:01,2017-06-29 00:00:00
7dcc6df2be2e64c78a83397fceadea30,94d084a49f9651e3289193e6871094c6,delivered,2017-12-26 14:26:34,2017-12-26 14:37:27,2017-12-28 16:57:27,2017-12-29 18:19:18,2018-01-15 00:00:00
7de03e8d15c7de252f740627b5f666a0,e0701a06701df9dcd6281071f33893e5,delivered,2017-07-26 15:19:37,2017-07-26 15:30:21,2017-07-27 17:39:42,2017-08-01 17:12:53,2017-08-15 00:00:00
7dfbacd668c23f1d45720c457f2aaa70,3888c042e9241f12d3e60d2323e3bc07,delivered,2017-05-29 10:50:47,2017-05-29 11:02:25,2017-05-30 03:21:50,2017-06-06 15:41:38,2017-06-23 00:00:00
7e028aff656f744dceb30501de14ddd7,8604bc41dea958600e8ded10ffce9125,delivered,2018-02-22 22:58:02,2018-02-22 23:10:28,2018-02-27 01:52:00,2018-03-15 01:03:20,2018-03-15 00:00:00
7e39c7f737bbf597868c912bb9d2bb48,9db4f2dd60aad0f12db7f68b36a653b5,delivered,2018-01-11 13:28:05,2018-01-11 13:38:24,2018-01-13 02:10:58,2018-01-15 17:53:13,2018-01-30 00:00:00
7e3df478d7ab6ef28c022acd6bc4df2f,119d2be4d56085b41d34fededa11b1bc,delivered,2018-01-31 14:25:28,2018-01-31 14:50:10,2018-02-02 01:18:13,2018-02-03 01:28:53,2018-02-16 00:00:00
7e460703dd3adb450213b20170a237f6,b79d85bfccc2df403dc6610e85d2ab71,delivered,2018-03-04 12:49:38,2018-03-04 13:29:23,2018-03-05 20:44:30,2018-03-08 17:19:08,2018-03-21 00:00:00
7e491390b96f345321d7c43a4acfcc40,3030516cce1e4a728413a9737fc3528f,delivered,2018-02-08 13:29:13,2018-02-08 13:48:17,2018-02-08 22:44:56,2018-02-19 22:42:52,2018-03-06 00:00:00
7e5821896794f7ee1e792ef610915f78,46eef7e3903336fb61954299b91b371a,delivered,2017-09-12 19:43:20,2017-09-13 03:26:00,2017-09-14 21:12:40,2017-09-21 17:22:15,2017-10-06 00:00:00
7e64edc21c29eb4ab27967e6462683b3,a89e9e4afe74397b3265aabd5b74d143,delivered,2018-06-20 16:41:45,2018-06-20 17:00:59,2018-06-28 11:22:00,2018-06-30 00:42:33,2018-07-12 00:00:00
7ea599036acba8c4d180c9e2bedc6e9f,8b75ca702b00ca128f06c127c54992fb,delivered,2018-05-15 00:39:58,2018-05-15 00:55:24,2018-05-15 12:52:00,2018-05-19 11:12:22,2018-06-01 00:00:00
7eb2b4aee9ff7ba835df2aed76fb9c4b,88d2a8be7a511a4fd75da5f7465b96fb,delivered,2018-01-24 22:53:51,2018-01-24 23:16:07,2018-01-25 21:35:55,2018-01-29 15:04:10,2018-02-08 00:00:00
7eb947ee7c01b2d8872bc456302687ac,669f2964029913b6ec6a29354302fbea,delivered,2018-02-03 20:37:59,2018-02-06 05:31:48,2018-02-07 21:09:02,2018-02-20 18:46:01,2018-03-05 00:00:00
7ec00b7266a2e8826ba86a7509fb7939,f6920373a8a14434f959e893a803a48d,delivered,2018-06-28 09:27:34,2018-06-28 09:51:09,2018-07-02 14:22:00,2018-07-05 18:56:39,2018-07-27 00:00:00
7ec740ecb9d6f73b2e80bbc93dd784ca,c64cdd0013964702894b7d0d942b034f,delivered,2018-05-07 20:13:49,2018-05-07 20:34:02,2018-05-08 15:09:00,2018-05-10 19:18:34,2018-05-18 00:00:00
7ecfe10bb4477fa530dbbcca49916468,779d21ed2ce4df992fb2e25d394dacf3,delivered,2018-04-14 13:14:55,2018-04-14 13:31:28,2018-04-16 18:38:51,2018-04-19 23:51:17,2018-05-09 00:00:00
7ede340903c485e891cba5b1064ecf5c,75306b74ca7ebe07b42a7e1eec7eca79,delivered,2018-04-18 09:57:17,2018-04-18 10:11:07,2018-04-19 17:06:53,2018-04-26 17:04:45,2018-05-23 00:00:00
7ede7940d99eca2cca79e5120a63f3f3,03e1bb403bc199280f2d3338138c1e4a,delivered,2017-12-27 23:46:46,2017-12-28 23:38:20,2018-01-04 23:23:37,2018-01-19 01:04:19,2018-01-22 00:00:00
7eee039d49ee815e69350a021cae95fc,a178c62795494a0a0eb68d6014677440,delivered,2017-04-25 19:12:43,2017-04-27 06:35:32,2017-05-05 12:23:06,2017-05-13 08:27:53,2017-05-12 00:00:00
7ef3a4439f550deadd7bc3891b2f6242,bf10e50eb561c7452408cd5bd57216aa,delivered,2017-11-04 14:31:26,2017-11-04 14:46:33,2017-11-06 19:55:10,2017-11-14 18:49:07,2017-11-24 00:00:00
7f02d70013ec3fbf6a7f5791f936d832,7074b20d7eb3f9f5772cd7cb57943fdf,delivered,2018-05-08 20:06:20,2018-05-08 20:54:51,2018-05-09 12:55:00,2018-05-19 17:18:36,2018-05-22 00:00:00
7f1e6c8280634faf3e57ac93f781b98b,ab9b1caa95d00ce50e2402a1e46068d6,delivered,2017-06-13 13:00:05,2017-06-13 13:15:16,2017-06-13 14:28:29,2017-06-19 19:11:55,2017-07-06 00:00:00
7f3572310e595ebd4a32c7124b1d9766,1918658fc7c2182ff0e4f0a6a2f1973d,delivered,2018-02-22 13:12:44,2018-02-22 13:28:22,2018-02-22 23:09:20,2018-03-07 20:41:55,2018-03-15 00:00:00
7f36414d61095a13bb7965c9dcebef06,1e28f4546fdd6cdc075fd5700552404b,delivered,2018-05-06 13:26:38,2018-05-06 13:50:08,2018-05-09 13:42:00,2018-05-11 19:54:39,2018-05-25 00:00:00
7f73071c538cbb2b10e41a3041db481d,0ac60131bb66f24dcdcbbd6cc502c0f6,delivered,2018-02-26 17:11:00,2018-02-27 21:15:40,2018-03-02 19:40:42,2018-03-09 00:17:35,2018-04-09 00:00:00
7f8627b25121727150b46207617a168a,a47974ac6596398820508728a779e2df,delivered,2017-05-18 22:42:50,2017-05-18 22:55:18,2017-05-22 13:09:26,2017-06-02 13:51:29,2017-06-09 00:00:00
7fa917593c3ed7bd80f35dcb6e1aefbb,e2e19682c430083481f5c6e0fc985e3e,delivered,2017-09-25 10:17:31,2017-09-25 10:30:19,2017-09-27 18:41:18,2017-10-02 17:59:17,2017-10-25 00:00:00
7fb9a8071a075a78c82420971e66dd77,7c551622beecf95bfb83f5dfb921191f,delivered,2018-01-04 16:46:11,2018-01-04 16:56:25,2018-01-10 15:35:17,2018-01-11 17:42:44,2018-01-22 00:00:00
7fbe250d2d22b8976024eee98fef9cef,1479ff715a4d0d50f559fb434ffaac23,delivered,2018-06-25 13:39:13,2018-06-25 13:58:44,2018-06-26 14:33:00,2018-06-29 23:18:41,2018-08-01 00:00:00
7fc163ae2a200d57c1118812221bcf8e,16f1fb10c836b62abe1c810fcf365a1e,delivered,2018-07-31 12:55:23,2018-07-31 13:10:20,2018-08-08 16:11:00,2018-08-10 00:32:21,2018-08-10 00:00:00
80000ae9d118d79953522e35cce34f13,67372e0bce729cebb559886b6c4d9e2e,delivered,2017-02-27 11:33:35,2017-02-27 11:45:10,2017-03-01 11:03:51,2017-03-08 08:51:57,2017-03-20 00:00:00
800ebc071b1dcbab630e96af15a7a1ef,7eab558047c9de47137ad379d5daa36b,delivered,2017-05-19 21:14:49,2017-05-23 04:10:26,2017-05-23 17:44:05,2017-05-27 10:06:57,2017-06-12 00:00:00
8013932c4c00036478bea6424e783117,61b81e339e3b1296970ebb2e791b2cf7,delivered,2018-02-21 19:43:27,2018-02-23 02:10:52,2018-02-28 20:52:24,2018-03-07 18:32:44,2018-03-23 00:00:00
80234ed83f65ba58f3424c43b86f8bd3,45fc0134bf9167eebcab224b104a6301,delivered,2018-08-22 13:19:37,2018-08-24 03:15:18,2018-08-24 12:29:00,2018-08-30 00:23:48,2018-09-20 00:00:00
802a16d8b5c3a74a38cf9216f429c469,02fcee476755e629f2a4113550450b24,delivered,2018-05-24 16:47:50,2018-05-24 18:38:37,2018-05-30 12:34:00,2018-06-06 17:33:06,2018-06-20 00:00:00
802d0f108d32ef094401c8cd4e965680,2ca6c5097107f90390b8798977b97c1c,delivered,2018-05-22 23:01:12,2018-05-22 23:17:56,2018-05-23 13:01:00,2018-06-04 20:47:42,2018-06-11 00:00:00
803d9be249d7c523418ceffa07d99724,317e53bc7df537e853731bdc538c8c90,delivered,2018-06-11 11:06:25,2018-06-12 11:19:46,2018-06-13 14:36:00,2018-06-19 13:44:34,2018-07-04 00:00:00
8046235d64b3479dfce835281a85c0d6,9aeead5285b1635b4c0a55a8496e998d,delivered,2018-03-03 21:20:20,2018-03-03 21:35:29,2018-03-06 18:26:40,2018-03-12 21:22:46,2018-04-03 00:00:00
8051026f0cea5b93df6bf42cdf1aaa74,921bd9239c17f42ed6f24197c57b75ec,delivered,2018-07-30 19:39:13,2018-08-01 03:31:59,2018-08-08 12:37:00,2018-08-13 23:51:42,2018-08-09 00:00:00
805610c9f9b57b3900d462627b7ce062,2678c09a553cf8d87f3789bb61f12ee8,delivered,2017-06-05 15:12:32,2017-06-06 13:25:37,2017-06-13 12:15:40,2017-06-26 12:58:51,2017-07-05 00:00:00
8057ce8ffded1481446ada68f97941d6,2efa8d107eb5b62a6506419325b8fc28,delivered,2017-07-05 08:48:20,2017-07-06 08:55:11,2017-07-13 20:47:34,2017-07-19 17:06:26,2017-08-02 00:00:00
806d19127814e557e910ad0c90891886,d56fc85fbbd22594447cb37f68c02e95,delivered,2017-05-12 15:39:49,2017-05-12 15:55:15,2017-05-16 10:18:59,2017-06-01 15:03:23,2017-06-19 00:00:00
80b2fb2d49f96b2a3ee411ede91361e2,3eefe54afc9d6d5fc569afcc3c28e772,delivered,2018-03-27 10:17:32,2018-03-27 10:30:10,2018-03-27 23:48:28,2018-04-04 22:41:38,2018-04-13 00:00:00
80d25aa9f66c2d419bc422687bb41b85,4452508ccdd430778d3d2acdc930313e,delivered,2018-04-05 21:58:18,2018-04-05 22:10:13,2018-04-06 23:16:43,2018-04-10 14:44:52,2018-04-26 00:00:00
80da866a2f8257c4878f249ffa36390f,158195ad490cea5aee2cd7e3e85fa3b4,delivered,2018-06-24 21:51:16,2018-06-24 22:13:51,2018-06-25 15:14:00,2018-06-28 15:06:53,2018-07-19 00:00:00
80dbbd6f2282898dbf912a2ec668175f,b6abf1bfc44b9480d8c0f06c3d7ddcdb,delivered,2018-04-03 13:25:35,2018-04-03 13:48:55,2018-04-09 14:05:13,2018-04-18 23:22:45,2018-05-07 00:00:00
810233b1d86cfaff1b46b1458f7d0a41,b28e4e1a855f322972761f8617f0be88,delivered,2017-10-29 22:10:07,2017-10-29 22:25:16,2017-10-30 23:23:46,2017-11-23 21:02:46,2017-11-22 00:00:00
811155730c44e9b55e98d5bfc5e521d7,f524cd02ed38d4ed250fde7e49e4b9d4,delivered,2017-02-28 13:40:03,2017-02-28 13:50:16,2017-03-02 12:08:45,2017-03-08 01:13:54,2017-03-22 00:00:00
81161411335afb1d9c6dfd1b42a63eb3,ab2e87ad1a915cf88638ab6f43f5450c,delivered,2018-06-30 20:44:28,2018-06-30 20:55:21,2018-07-03 05:28:00,2018-07-05 01:13:01,2018-07-20 00:00:00
8135d95a571b0c0529ad5624a7f72ddc,8c1b33c10c74c74b04db74ac8af6a75e,delivered,2018-06-25 15:28:03,2018-06-25 15:57:54,2018-06-28 14:50:00,2018-07-03 23:33:00,2018-07-23 00:00:00
814449e266f5cbff53f6e336abd1dd5a,2374bb1234352ce588b83dc14b59ea5f,delivered,2017-09-15 13:40:46,2017-09-15 13:50:23,2017-09-15 19:55:09,2017-09-25 21:25:56,2017-10-18 00:00:00
814a3fa64843bab063063a18603efd53,56fc8604a22961b99dc13a188ced33d6,delivered,2017-06-30 11:21:24,2017-06-30 11:30:21,2017-07-04 16:45:49,2017-07-10 20:23:59,2017-07-24 00:00:00
816d8c857c3f15aa8b8dd70be0744d20,f2f63bdf3220e5fb4f7237a1eb13bac2,delivered,2018-06-28 10:13:55,2018-06-28 10:31:31,2018-06-28 13:36:00,2018-07-09 22:46:32,2018-08-03 00:00:00
818080c38c17ec4bdcb39798ccb51b4e,b37663c257f9cb8f2dc90fe804a6ef2a,delivered,2017-09-07 11:10:33,2017-09-08 11:24:48,2017-09-12 19:13:39,2017-09-18 19:07:55,2017-09-28 00:00:00
8194f59689e6129d3bd13dce90d86c2b,dedde08e78927404d71a4ed03ffc5189,delivered,2018-01-18 15:29:09,2018-01-26 17:03:36,2018-01-30 00:43:11,2018-02-14 21:30:02,2018-02-15 00:00:00
81a1711311a8709f7d6522bd98d36745,41d767e74e4e672f2f185ca5eb71cb68,delivered,2018-04-30 12:34:54,2018-05-01 05:32:31,2018-05-03 14:47:00,2018-05-15 18:31:30,2018-05-29 00:00:00
81a9ef6a0791099bb5859d0104f94dc9,7d5e98a2e485f0735beee6e2d1c43e0e,delivered,2018-05-31 14:51:03,2018-05-31 15:12:10,2018-06-01 15:17:00,2018-06-06 22:05:20,2018-07-13 00:00:00
81b1ecf11d38a0654a13192ce0fc2e5f,810741878a633d09a01e832247d4d31e,delivered,2017-11-23 21:16:35,2017-11-23 21:28:17,2017-11-29 16:48:56,2017-12-07 22:14:00,2017-12-13 00:00:00
81b1fd6b50d083d07912773bb6c8095c,6e438314a83b16bf069789bea2ce4596,delivered,2017-11-24 23:00:33,2017-11-25 01:58:27,2017-11-28 18:19:48,2017-11-29 22:14:42,2017-12-14 00:00:00
81c2a9cc7a5d970fa1cb04443002088b,6bba6f64977c6b367a97039f2cc7cc64,delivered,2017-11-27 07:36:22,2017-11-28 02:58:53,2017-11-28 23:59:00,2017-12-01 00:28:24,2017-12-11 00:00:00
81d6ac4e9d7c1c677ea8d5d128e7f659,1484aa9c76bbac8c518f7eb7328494ac,delivered,2018-05-05 22:35:28,2018-05-10 10:15:07,2018-05-10 15:53:00,2018-05-21 22:24:19,2018-06-04 00:00:00
81e04a215f5131c83423eb5d8d21a9a1,d869706e82cd0867bd5620c1fe7c4d73,delivered,2017-11-19 17:17:36,2017-11-22 02:50:23,2017-11-23 18:52:02,2017-12-08 23:48:37,2017-12-12 00:00:00
81edaf58687cb71cecc077db78dd57ec,150af294754bba42dcb29e19b7e09c19,delivered,2018-06-16 22:50:20,2018-06-17 22:58:54,2018-06-18 14:10:00,2018-06-25 20:58:40,2018-07-17 00:00:00
81fe59dfdb8538cc9b604380742323e4,a99e22216fc57bff861e77c5bcd0707c,delivered,2017-07-10 20:50:35,2017-07-12 02:15:28,2017-07-13 12:54:25,2017-07-21 19:38:41,2017-08-03 00:00:00
820749211528f2ac3c371469c8dcff94,f439a62be9d46893925dc9c101e2b80a,delivered,2018-07-29 20:17:44,2018-07-29 20:35:14,2018-07-30 15:46:00,2018-08-03 23:56:28,2018-08-21 00:00:00
8209537dd24f5c7e5cd13be3928312d5,a821480782a5b10ee7d736b9c60e8db5,delivered,2018-01-26 17:10:17,2018-01-26 17:22:59,2018-01-30 14:06:08,2018-01-31 20:57:03,2018-02-09 00:00:00
821ab83aee62992191306118d37fcb3c,7cd727f4c16ab0b4ba4cfd760cee2316,delivered,2018-08-27 08:51:54,2018-08-27 09:05:15,2018-08-27 15:48:00,2018-08-30 01:53:46,2018-08-31 00:00:00
821b1d19ba63b3109388a4bbc84d3f43,6feabe0db8240093bf5e96f20c146b23,delivered,2018-01-07 16:54:38,2018-01-07 17:07:04,2018-01-09 17:38:45,2018-01-30 18:21:34,2018-02-07 00:00:00
82330e7226e957715bc2f39fde738f6b,f2c1759f9a3268223b2832bbd339198c,delivered,2018-04-27 15:59:27,2018-04-28 03:11:20,2018-04-30 13:44:00,2018-05-02 14:36:31,2018-05-16 00:00:00
823e959449ab09141875541d427a1581,11c897fd95b346aa239cb2b6401e73f3,delivered,2018-02-19 20:14:00,2018-02-20 20:10:25,2018-02-21 22:06:35,2018-03-03 00:08:20,2018-03-14 00:00:00
824a8fc017adc80f979335a8477eb7cb,e7e1263e931c8df1462ecaaf16ead4a3,delivered,2017-11-28 10:49:39,2017-11-28 11:49:50,2017-11-30 22:09:42,2017-12-11 20:57:43,2017-12-20 00:00:00
826a9236d33be907c46cf80986795f73,d5f5d054890a6ba9682dc18bc287daf8,delivered,2017-08-12 17:05:43,2017-08-12 17:23:46,2017-08-15 12:09:30,2017-08-22 19:34:45,2017-09-05 00:00:00
828999d80d891785ff88623835515884,b1dec2ea6859708786a1c916fd69bb51,delivered,2018-08-08 14:18:50,2018-08-08 14:30:23,2018-08-09 14:10:00,2018-08-23 20:05:47,2018-08-17 00:00:00
829f21ada22c20b2a15c75f8b63a0533,f04d1503094bbd1db2565841d59a2945,delivered,2018-06-28 00:14:48,2018-06-28 01:11:19,2018-06-28 13:07:00,2018-06-29 16:08:40,2018-07-12 00:00:00
82a3a8f173b1bc8e3b7da00ce95509e0,54fb40dfb17ff13839fa8a0ed4189f47,shipped,2017-11-24 02:21:57,2017-11-24 02:32:31,2017-11-29 18:28:56,,2017-12-18 00:00:00
82b0f8f974cc6e92e6bae6cd7714b712,4ff25b11b74df70d77dee5fac4dc0039,delivered,2018-07-27 16:33:26,2018-07-31 04:31:36,2018-08-01 10:38:00,2018-08-06 15:21:34,2018-08-10 00:00:00
82bdf2be6cd75f6a34999c235f18948f,315a9cfa0469acc52513edc34b1987ca,delivered,2018-02-01 09:29:16,2018-02-01 09:53:13,2018-02-07 17:33:39,2018-02-15 21:22:25,2018-03-01 00:00:00
82bfafb84a5843f06b8c3983edb1883b,86bbc4a292e9d3f4191ea8a4c82e6c10,delivered,2017-01-28 19:10:46,2017-01-28 19:30:49,2017-01-31 17:26:30,2017-02-10 08:53:23,2017-03-08 00:00:00
82c25f5fe611fe504eca8e2ded507842,182189e60d1b38036a9f89ba5572ed16,delivered,2017-06-28 11:55:57,2017-06-28 12:10:12,2017-06-29 16:20:00,2017-08-01 18:35:54,2017-07-28 00:00:00
82d62e8dbebf85af5c2873e07fe0721e,2af98151e0af3bd04148413da9c0ef49,delivered,2017-03-31 21:31:53,2017-03-31 21:45:48,2017-04-05 12:48:33,2017-04-19 12:58:24,2017-05-02 00:00:00
82e098e90be56ba3b67aca2e1ba26fdb,3f7738efc416bab23c48f5d6f701c693,delivered,2018-02-21 22:03:51,2018-02-21 22:10:29,2018-02-22 22:23:09,2018-03-22 23:56:42,2018-03-21 00:00:00
82fb8895a278d7ff122edb5df3e4abed,e6d07d60900b9be7053cc080a3b5cef4,delivered,2017-10-16 06:20:04,2017-10-16 07:05:47,2017-10-16 21:56:03,2017-10-23 20:57:43,2017-11-07 00:00:00
8304f049f874798b19276d475a0b1851,5044e8b37438c40fd1ec142dfb1d6807,delivered,2017-12-08 23:44:20,2017-12-08 23:54:39,2017-12-12 13:33:30,2017-12-26 15:14:42,2018-01-04 00:00:00
83078eacae0feb71b78ec731be836ab4,b1cc58fc6c6fd260654aaeb0e4545846,delivered,2017-10-28 19:17:28,2017-10-28 19:35:13,2017-10-30 15:17:56,2017-11-06 17:18:51,2017-11-29 00:00:00
830e4884081b78d304b38eebe75f4732,d1a137a7cf84be581ba025c1a42f0fe5,delivered,2017-10-13 08:33:46,2017-10-13 08:49:42,2017-10-13 20:36:56,2017-10-24 15:20:07,2017-10-31 00:00:00
831f3205c78da9d0b68f53e483eb3e08,f960116986b00f2c0244e9b350486df1,delivered,2017-05-26 10:56:21,2017-05-26 11:10:21,2017-05-26 11:57:58,2017-05-29 16:23:57,2017-06-13 00:00:00
832e0a03685bfc20477ea18436e023a2,87722cfd2b0a53af8fdfee69e8c7feac,delivered,2017-05-26 16:43:10,2017-05-26 16:55:08,2017-05-29 15:20:53,2017-06-07 12:26:04,2017-06-20 00:00:00
8333c49adbe3515e032c472789e8201e,5de2b0c34e38970be54f630328573ffd,delivered,2018-08-15 19:12:20,2018-08-15 19:25:12,2018-08-20 12:28:00,2018-08-24 17:04:23,2018-09-12 00:00:00
833915009f90346b046a4f6cc9df0497,360049d2896a80d7e24f60c1deb01ebb,delivered,2017-06-25 18:37:18,2017-06-25 18:50:14,2017-06-26 18:47:54,2017-07-06 12:09:45,2017-07-21 00:00:00
8339a4963d8b1727c15465ff154ce74e,e7710c3d39c249c8731ae1a9865243df,delivered,2017-12-15 17:19:05,2017-12-15 18:31:42,2017-12-22 15:58:07,2018-01-04 17:48:56,2018-01-15 00:00:00
837a1123bdacb7ea470ca4843c33aee9,5ac6b6fb2a239fac96ec7dc787600709,delivered,2018-03-14 13:39:01,2018-03-14 13:55:36,2018-03-20 00:02:52,2018-03-22 17:48:45,2018-04-19 00:00:00
837b75362f8a7c08c85182dfd16cb72d,fb12883b50e7a807962b3f0acd743169,delivered,2018-08-06 17:41:49,2018-08-07 04:15:33,2018-08-10 19:52:00,2018-08-15 01:38:58,2018-08-09 00:00:00
838134390df33aab81a8bfaf7260b61b,fdf3a5bebc490cbd7a8512395e6cb12e,delivered,2018-07-30 11:29:59,2018-07-30 12:04:44,2018-07-31 12:31:00,2018-08-03 19:18:53,2018-08-09 00:00:00
8382255ca7fdc3ec278ab4c83aef9122,61375a3b2e9b6df142bef5986b176e2a,delivered,2018-01-09 14:08:45,2018-01-09 14:29:37,2018-01-10 23:23:58,2018-01-18 19:26:58,2018-01-30 00:00:00
8385aedfa19a31e7d4871586bd47de2c,ce303f783b5f596243cf7100d6b848a6,delivered,2018-01-16 21:22:59,2018-01-16 21:32:02,2018-01-17 18:56:39,2018-01-26 22:05:14,2018-02-08 00:00:00
8389e56bf17964405109e56799563a03,5453a9dfe80cc116e6839bd77a6df6e3,delivered,2017-02-16 21:51:20,2017-02-16 22:05:17,2017-02-17 08:26:24,2017-02-23 08:15:53,2017-03-17 00:00:00
8399f290ca1022f41024468f3864dac5,62e31e8f94b7e3568fbb38530165052b,delivered,2018-08-14 18:15:54,2018-08-14 18:50:14,2018-08-17 19:55:00,2018-08-27 16:32:50,2018-08-31 00:00:00
839f4f226f1d843a3922ddb8b3637cc3,d53b03fbfa45a0e2be9b4032538bc93c,delivered,2017-07-24 21:11:25,2017-07-26 02:23:55,2017-07-27 14:51:53,2017-08-04 20:28:22,2017-08-15 00:00:00
83b38224c814740db730aad1c72c7a3f,6a6e92b4be5eacb3d7abed3f73d20276,delivered,2018-08-07 10:19:28,2018-08-07 10:30:14,2018-08-08 14:06:00,2018-08-13 19:19:36,2018-08-22 00:00:00
83b730ab4cac58471d803672a6688b5e,f05131b9ff23ce30a8b8ab9d416bba8b,delivered,2018-03-11 10:55:17,2018-03-11 11:10:15,2018-03-12 23:41:24,2018-03-16 18:06:48,2018-03-22 00:00:00
83d8f70418eefd96f37b483dff430305,b2d1536598b73a9abd18e0d75d92f0a3,delivered,2017-09-09 09:54:57,2017-09-09 10:10:17,2017-09-12 12:42:43,2017-09-20 20:23:34,2017-10-02 00:00:00
83dbd41b4ce2547156c5b288e6fa7e9d,116fe32b6383353fec1eea7775c1ab25,delivered,2018-03-29 20:55:56,2018-03-29 21:07:54,2018-04-04 19:04:12,2018-04-12 20:51:01,2018-04-20 00:00:00
83eee67c21d596a653687afe2c8ebad8,bacc1ee57dbab94891c502caa0ee3af3,delivered,2018-04-24 13:07:39,2018-04-24 17:23:05,2018-04-24 23:41:29,2018-04-26 18:42:12,2018-05-14 00:00:00
83ef226cf3b661d1cc190b0a983e2619,a5cddf2c05cdef8335fc89d9dccceab7,delivered,2017-11-24 11:08:53,2017-11-24 13:57:36,2017-11-27 19:18:14,2017-11-30 23:28:32,2017-12-19 00:00:00
840d56f863cce183ed7b2340fe33a3b6,df79fbae197eb69df5ab1be54bc049e6,delivered,2018-06-18 08:59:45,2018-06-19 04:16:51,2018-06-20 14:24:00,2018-06-21 21:05:41,2018-06-28 00:00:00
840fba0867d6686cd4a428f76d01f97e,7facd235e6759b64f900b3a24f71a2a6,delivered,2017-10-10 08:11:26,2017-10-10 08:26:21,2017-10-11 00:23:10,2017-10-20 17:34:04,2017-11-03 00:00:00
84100b23fba8756e8a776f96e110c04d,d1e9dfc3cc11c1c913325204a045808f,delivered,2018-02-20 11:34:21,2018-02-21 06:15:18,2018-02-22 18:17:03,2018-03-08 16:25:44,2018-03-12 00:00:00
84163f7d458a14345eac02a371e544de,85b6851fbe8e4dfc453218f96df34eb1,delivered,2017-08-28 13:46:10,2017-08-28 13:55:23,2017-08-30 00:08:56,2017-09-05 14:30:24,2017-09-15 00:00:00
841a1c15177c6184088d268bc0f263f4,f46cd0d55f9a7374df0fc224f138f238,delivered,2018-02-25 09:01:17,2018-02-25 09:28:18,2018-02-26 23:19:12,2018-04-06 20:28:43,2018-03-21 00:00:00
841d2f58ddbae5e6d1230dbbbae2c0aa,0f812e34c75d9df59dde62f2b38668e0,delivered,2018-08-20 22:18:37,2018-08-20 22:30:11,2018-08-24 12:26:00,2018-08-29 17:34:28,2018-08-31 00:00:00
841f22552ef7bc21e205df35283025c4,616ee49a34c54a09dd48d105944aa843,delivered,2018-06-06 12:49:27,2018-06-07 12:58:09,2018-06-15 13:57:00,2018-06-26 18:28:33,2018-07-23 00:00:00
842b04782c3190ba1cb33fb384592455,4a5b1da2c92f4c23802601309d235ac0,delivered,2017-11-22 13:33:57,2017-11-22 13:46:58,2017-11-24 10:08:55,2017-12-04 23:04:27,2017-12-13 00:00:00
84300a0c4b27875cb77c89f5383df360,9223ff8bfb04f4673127a750e6812cc4,delivered,2017-11-18 13:20:25,2017-11-21 04:10:02,2017-11-21 23:07:49,2017-11-23 22:26:58,2017-12-01 00:00:00
8433606149b115b9f6e1916bdbe08dc4,572637e89769f5b93fbce4dc65c10057,delivered,2018-04-01 19:45:02,2018-04-01 20:30:14,2018-04-04 22:10:53,2018-04-24 04:28:43,2018-04-26 00:00:00
843b7dada8b84daa895c7978c62f9e43,18d6990fbf6c021149466d3a3a5413d7,delivered,2018-07-27 14:02:13,2018-07-27 14:40:12,2018-07-31 15:35:00,2018-08-02 18:34:53,2018-08-14 00:00:00
844b7b992358a3a30d677ea0025e7471,2df20d16a7c4d40a357959f64b76a7c3,delivered,2018-05-30 19:18:48,2018-05-30 19:35:34,2018-06-05 16:46:00,2018-06-06 22:07:37,2018-06-25 00:00:00
8455db911d020aad3cc78b9fad423695,018346fb20f70801a88a7b8c6dbc2e31,delivered,2018-01-10 10:20:38,2018-01-11 02:35:53,2018-01-11 18:10:41,2018-02-06 21:56:02,2018-02-09 00:00:00
8486f414a491ce27cbb5e501739d2d04,302cfa22e775ebe3ed559b2cad06f4a2,delivered,2018-02-12 21:04:36,2018-02-12 21:15:24,2018-02-14 23:58:55,2018-02-17 12:58:00,2018-02-26 00:00:00
849c91eae9d79b010c5dbba0d30e42fe,8719f414841856e13125bc3c8eb012f8,delivered,2017-04-20 11:52:22,2017-04-20 13:05:29,2017-04-24 14:54:17,2017-05-12 03:22:53,2017-05-24 00:00:00
849eace12a4c38cc5d4647af9f942eff,5a36bd2a84d5b3f6ea920871476935e0,delivered,2017-02-09 12:48:59,2017-02-09 13:11:15,2017-02-09 14:33:32,2017-02-17 16:32:56,2017-03-14 00:00:00
84c8463c1a2278e211ebf4472126d92a,4f5275b5b9a04f7db3aafd2b381726ac,delivered,2017-11-25 11:45:36,2017-11-25 11:54:26,2017-11-29 21:18:58,2017-12-13 21:13:37,2017-12-20 00:00:00
84cec4f65c7a4f2f54c294a30224a594,61a1d82e44d450a06016bb941595446d,delivered,2017-06-14 20:25:41,2017-06-15 07:15:11,2017-06-16 13:33:10,2017-06-22 14:34:29,2017-07-07 00:00:00
84d21eead7694f99925e7e056ca88832,abdf1a22f119fef62a91570679ff9462,delivered,2018-07-28 16:59:24,2018-07-28 17:15:14,2018-08-01 14:02:00,2018-08-06 21:41:48,2018-08-21 00:00:00
84d27863cf4593bdc358f6b17240a3c5,36578b0c0b959dc3b01f093b6a96bf00,delivered,2017-09-22 14:10:23,2017-09-26 03:49:22,2017-09-28 18:13:01,2017-10-03 21:47:53,2017-10-19 00:00:00
84e407da1f6a0299466bfa129b7311c3,1265dac0c8d709601a1234e4a76343d3,delivered,2018-02-03 15:25:59,2018-02-06 04:32:45,2018-02-10 11:44:42,2018-02-22 00:24:08,2018-02-23 00:00:00
8508367ffb93fbcdea00997ea565ad6f,d0355239ebf0870cbcb6659c0f2a8b2d,delivered,2018-01-11 08:25:41,2018-01-11 08:35:29,2018-01-11 16:40:04,2018-01-16 18:03:26,2018-02-15 00:00:00
852278c3a52996ebc578a49c8249d350,cd88ed0737a4336680a8bca9efe10d9a,delivered,2017-04-02 11:59:46,2017-04-02 13:05:28,2017-04-07 13:09:50,2017-04-11 18:45:08,2017-04-26 00:00:00
852586974b34f22595f8bcc918b48040,e60b44258e250247c031afa715241405,delivered,2017-10-11 10:38:21,2017-10-12 02:21:01,2017-10-16 18:30:08,2017-10-24 19:27:58,2017-11-14 00:00:00
85314e23a8d6ca48d54dd3a235b2a25d,f2d450514f374ebd89036fe92df557bd,delivered,2017-03-10 10:29:46,2017-03-10 10:29:46,2017-03-24 14:43:19,2017-03-29 14:48:50,2017-03-31 00:00:00
8533051a3ddfba857f39aa28d5b7a8f1,1d734c634745b4b85d598e2f097c828a,delivered,2018-06-04 10:31:30,2018-06-05 04:12:45,2018-06-05 12:08:00,2018-06-10 13:47:25,2018-07-18 00:00:00
853e167f64c749528b3b531bef12850c,6d1b839adf629f558b435f4a4f3f83a3,delivered,2018-07-13 18:59:31,2018-07-13 19:15:13,2018-07-16 07:31:00,2018-07-24 19:08:57,2018-08-02 00:00:00
8543d2d86c69647af5e2d957c3d21b85,912e1ba087c69b4cedf63bb560839ad1,delivered,2017-10-05 16:05:46,2017-10-05 16:14:26,2017-10-06 13:14:13,2017-10-17 19:17:25,2017-11-07 00:00:00
855c2d10e8d3135c6cd5af5dd14d080e,6392126e39bdc2bc69b67f1e7bd19dfa,delivered,2017-11-24 20:19:53,2017-11-24 23:32:24,2017-11-28 17:33:42,2017-12-28 19:52:28,2017-12-19 00:00:00
8563039e855156e48fccee4d611a3196,5f16605299d698660e0606f7eae2d2f9,delivered,2018-02-17 15:59:46,2018-02-17 16:15:34,2018-02-20 23:03:56,2018-03-20 00:59:25,2018-03-20 00:00:00
856d6b7354ca57ce6a2865c9c5e9e6e7,3233ac56f87817b5955345af54dbc7ba,delivered,2018-08-16 13:22:21,2018-08-16 13:35:45,2018-08-20 12:47:00,2018-08-24 18:57:37,2018-09-03 00:00:00
85770deee3205a161f62a227bd92f7ab,7cd47685658818a4cfa399c538af664a,delivered,2018-05-31 10:41:11,2018-06-05 04:15:10,2018-06-05 12:34:00,2018-06-08 23:32:06,2018-07-04 00:00:00
85a0b57d401cf8eabdad7f818e087799,eb0cb5f239e0e0bd624410e207c3aa03,delivered,2017-07-31 12:28:55,2017-07-31 12:43:13,2017-07-31 20:14:40,2017-08-09 18:15:11,2017-08-18 00:00:00
85ae4ead3b37285b1e538a206b99b67a,9853878485ceae16ecccbb96eab9ab5b,delivered,2018-03-29 10:40:04,2018-03-30 03:27:04,2018-04-04 03:40:43,2018-04-10 21:26:48,2018-04-23 00:00:00
85b8899fd1383f7177fe622d29f09272,16f09deb508bd78385f0589498ded0be,delivered,2017-09-25 22:52:48,2017-09-25 23:07:59,2017-10-18 19:28:42,2017-10-24 14:33:28,2017-10-25 00:00:00
85f2d1d18951198c1beca750c4df59b1,e8fe08cf36af5be20512a9cac36725b8,delivered,2017-12-02 13:19:52,2017-12-02 13:37:49,2017-12-06 22:34:13,2017-12-16 16:46:58,2018-01-02 00:00:00
85f8ad45e067abd694b627859fa57453,1d088dea8732788ec35dd4ee6dd76112,delivered,2017-01-29 21:40:02,2017-01-30 22:32:20,2017-02-02 05:04:58,2017-02-07 10:46:00,2017-03-08 00:00:00
8616397296bf3ac1cc07c21a5c457894,053fbd86c4da63d8983a3246fc3ae18c,delivered,2017-11-18 16:20:51,2017-11-21 08:06:27,2017-11-22 23:48:50,2017-11-28 18:28:58,2017-12-19 00:00:00
86200deb58eb0b29e666114e87e76302,27b151e6441fb44c683868ebf2a123dd,delivered,2017-11-29 21:24:02,2017-12-01 21:55:19,2017-12-06 16:23:02,2017-12-14 14:44:59,2017-12-15 00:00:00
8624ba83187b6280c6d8b7664a5f5607,ed28bfc3a8769a51f2b064265f86f364,delivered,2018-04-05 18:46:12,2018-04-05 19:09:27,2018-04-06 23:43:24,2018-04-20 16:12:28,2018-05-03 00:00:00
862a507705acaf4976559515b7b78908,472ad69ebb2c32d6b26fc7eccc809e5a,delivered,2018-06-06 13:59:08,2018-06-06 14:34:36,2018-06-08 14:26:00,2018-06-11 18:52:36,2018-07-03 00:00:00
86309254ed4a0698cf9b97e5d28637df,808bede9c1df0d6a2963e6bb3f4e0470,delivered,2017-11-25 10:19:24,2017-11-25 10:30:14,2017-11-27 17:32:01,2017-12-18 17:12:19,2017-12-26 00:00:00
865632b4b7bd773e94d482105b596672,5fd3fb3154ea15e052970628d6fc6f6d,delivered,2018-08-12 14:55:36,2018-08-12 15:05:19,2018-08-13 15:30:00,2018-08-21 18:37:47,2018-09-05 00:00:00
8681115ee9073763981721e9e4cadbe3,7e1485fc18aebbfb8dc5ec5008db0066,delivered,2018-02-27 22:02:41,2018-02-28 17:50:34,2018-03-01 20:58:53,2018-04-05 16:09:24,2018-03-19 00:00:00
869997fbe01f39d184956b5c6bccfdbe,55c9dad94ec1a2ba57998bdb376c230a,canceled,2018-09-26 08:40:15,,,,2018-10-25 00:00:00
869f303aa6f137c9295a0c115de2f771,e376bf13c93e5b5d6a35d7d958dc5feb,delivered,2017-12-10 16:50:46,2017-12-10 17:11:13,2017-12-11 20:47:56,2017-12-21 11:46:54,2018-01-04 00:00:00
86cafb8794cb99a9b1b77fc8e48fbbbb,c11c31965ff02cc1d7132df8edfcbc22,delivered,2018-04-11 01:06:37,2018-04-11 01:30:23,2018-04-12 22:56:27,2018-04-13 22:41:44,2018-04-26 00:00:00
86ccb38f30e2df75998a24bc06860169,d8f596477e39e35d2da1bdd85348620f,delivered,2018-01-04 17:12:44,2018-01-04 17:28:11,2018-01-08 21:54:33,2018-01-30 18:17:23,2018-02-02 00:00:00
87064d517041a71950b9f0cf6d34b211,092e7549898890c03675da13f2561938,delivered,2017-05-05 16:45:46,2017-05-05 16:55:17,2017-05-10 11:13:07,2017-05-13 10:20:11,2017-05-30 00:00:00
87230abed36d9ec9a1dafd369948b4df,dd100b331fc16cc3ba9925da41fd5c09,delivered,2018-04-26 17:32:49,2018-04-26 17:52:44,2018-04-30 17:53:00,2018-05-28 19:41:46,2018-05-22 00:00:00
87317718d67eda6146e87be5a4688d63,df6cad6f4f2bd25475d9c36db3c65331,delivered,2017-12-28 18:59:26,2017-12-28 19:07:39,2018-01-05 19:15:36,2018-01-24 00:09:48,2018-01-31 00:00:00
875457c60d42163f5d8bc4b4e94b2412,cc0c38361d064bff576ef1fc19336cb8,delivered,2018-05-21 15:15:27,2018-05-21 16:36:05,2018-05-24 08:41:00,2018-06-07 15:21:15,2018-06-08 00:00:00
875ab1a09eb128fa4a3bcedabfb42df6,a315d6e7a55b81d0e0f794bb1e08b729,delivered,2017-12-01 16:16:35,2017-12-01 16:40:35,2017-12-05 23:58:46,2017-12-10 14:03:07,2017-12-28 00:00:00
8774d6fb5a8c64bbb720a8271eb207c0,3064a79760daecc32557164058582b7a,delivered,2017-03-05 16:21:27,2017-03-05 16:30:20,2017-03-06 14:01:10,2017-03-13 11:36:43,2017-03-29 00:00:00
8774dccac317f54e3e9b3c6096a9b2c6,e683a3466324913040a473c89d2395ed,delivered,2017-10-24 13:27:07,2017-10-25 06:28:11,2017-10-26 00:33:48,2017-11-03 17:57:51,2017-11-14 00:00:00
877893a9d335938c3fdaeed687b3f6e9,38451f7954790eb28cdb29c802beabd3,delivered,2017-09-26 20:57:48,2017-09-26 21:07:21,2017-09-28 15:06:39,2017-10-12 13:32:46,2017-10-20 00:00:00
87850ccd83d669cf004ea32dd917d6c4,c82d7cb984499a33646e2378f2624f9c,delivered,2018-07-19 20:54:46,2018-07-21 03:05:11,2018-07-24 15:04:00,2018-07-30 14:12:00,2018-08-20 00:00:00
878c411445b7128a9715f6f06ca14bea,ab90a48c16d5533595fc9f34949a8170,delivered,2017-05-13 22:46:15,2017-05-13 22:55:13,2017-05-18 08:53:39,2017-05-30 04:35:42,2017-06-09 00:00:00
8798b3a8e3d4a597bcde0dab8ad1de17,1a55eb1f27ee730a8fb638821c22a4c9,delivered,2018-04-04 12:18:48,2018-04-04 13:10:03,2018-04-10 19:18:37,2018-04-13 13:52:50,2018-04-24 00:00:00
879ed1a79b3970f510fdb4b4aa3f86e1,0816e830480fc8a07ea1d535160a544b,delivered,2018-03-06 16:53:32,2018-03-06 17:42:17,2018-03-09 21:58:30,2018-04-04 00:48:32,2018-03-28 00:00:00
87a99c9be1a72ccd14a90ce72e2544c3,80cb3c3b83d869aba61142daa276a508,delivered,2017-03-22 16:32:14,2017-03-22 16:32:14,2017-03-24 15:22:15,2017-03-30 12:47:47,2017-04-10 00:00:00
87b314ae9dc134ce22cac9d7d3be2678,e3673d5b4a29bd3532b284fcf945c4de,delivered,2018-02-04 15:50:52,2018-02-04 16:09:43,2018-02-08 00:28:50,2018-02-09 13:15:07,2018-02-21 00:00:00
87b476f53da12dbaf8b42ba931985c93,5c5fb32dd62cbd3045dd087a81ce10a9,delivered,2018-03-06 07:03:30,2018-03-06 07:15:30,2018-03-07 20:42:21,2018-03-26 19:46:44,2018-03-22 00:00:00
87b732d9778eda3d298cbd97c22aba48,a0508b86d745112acd8e2ac4a1c3b02a,invoiced,2018-03-09 12:08:02,2018-03-10 03:35:43,,,2018-04-19 00:00:00
87cbf27ac970c7423f11157c2ef6ec26,eeee9d1c48539af62348268fab136e2e,delivered,2018-01-21 18:34:51,2018-01-22 13:56:45,2018-01-26 19:49:25,2018-02-08 12:04:57,2018-02-20 00:00:00
87df71eb46077c66a8e53d4e92bc71ef,c0254dbd03486d74cdefd62c0e0155d3,delivered,2018-04-24 19:05:19,2018-04-25 03:15:20,2018-04-25 14:20:00,2018-05-07 20:47:39,2018-05-18 00:00:00
87ebcd73de7c03e3ba13f9e9466c15c5,ac0c70558ae1452173d95bc72556d99d,delivered,2018-08-13 16:23:13,2018-08-13 16:35:21,2018-08-14 14:05:00,2018-08-30 22:35:51,2018-09-18 00:00:00
880818864a5b124a7e8784b03caa1d84,01571872abf22fe5f1be95d63d768575,delivered,2017-09-16 18:16:20,2017-09-16 18:30:10,2017-09-18 21:10:35,2017-09-21 18:04:23,2017-10-05 00:00:00
880d05a97ca1886faf05a9315d0a3073,18cf299c9041729d3bf4dbe1be44a06a,delivered,2017-11-13 18:23:46,2017-11-13 18:35:24,2017-11-17 19:51:17,2017-11-21 14:13:26,2017-11-27 00:00:00
8810a5e7c83bd0f3fd59dec5491fbb2f,a5014831ae993d45eeb54b1397bc3e32,delivered,2017-03-14 14:42:18,2017-03-14 14:42:18,2017-03-16 14:36:32,2017-03-21 16:48:29,2017-04-19 00:00:00
8818ff7a81f4751daa9dcd455f1c9379,99b0c582915e28a4321e5ffedd15be6b,delivered,2018-03-12 15:35:55,2018-03-12 16:20:23,2018-03-14 01:08:21,2018-03-15 19:41:31,2018-03-26 00:00:00
8826b56d45c25577190e5c91fdca2a61,b7e45e7dbe7999fde2c43437ed74931e,delivered,2017-11-01 22:27:16,2017-11-01 22:45:15,2017-11-03 14:22:14,2017-11-08 23:13:58,2017-11-22 00:00:00
883be96e55d6e19b2ceef5cdd735d8fd,1a4b8beb3962475a804e907c79cf8f51,delivered,2018-06-07 09:19:48,2018-06-07 09:34:26,2018-06-11 07:54:00,2018-06-13 20:42:47,2018-07-04 00:00:00
884245b62173977a377007d7c62cf9f2,3bec57f51a23b4e63d691df3ab023cc5,delivered,2017-10-04 13:58:33,2017-10-04 14:14:10,2017-10-04 20:18:07,2017-10-16 20:27:40,2017-11-03 00:00:00
8844a6f4804668ce97f0423a434a74f6,c35c61c180ade41a8a8d935b08236b8b,delivered,2017-10-16 14:49:26,2017-10-16 15:27:47,2017-10-24 18:53:40,2017-10-31 14:33:04,2017-11-09 00:00:00
885ae5d5896b9a5f3bd2a626876ace12,b9c89128e72b43ac939802d32ad5c1cf,delivered,2018-07-05 13:46:13,2018-07-06 02:51:06,2018-07-31 13:00:00,2018-08-07 19:28:50,2018-07-27 00:00:00
8864a2d847bb201242e03cab4d54994c,2a0e37eeb82fffc259b9af79710fca97,delivered,2018-07-22 10:01:57,2018-07-23 11:32:10,2018-07-27 15:38:00,2018-08-01 20:27:08,2018-08-24 00:00:00
886554d6a49f10154eb12b81a6c4ef4b,42382073d3ad89dce202e766862bc851,delivered,2018-03-15 13:11:13,2018-03-15 13:29:59,2018-03-16 21:53:45,2018-03-24 10:33:10,2018-04-23 00:00:00
8866ae65c875985acc6fd5772fa8e4a9,79d8872425bf0cea7e133d08e0e45f1a,delivered,2017-11-26 14:29:44,2017-11-28 03:33:17,2017-12-04 15:49:03,2017-12-12 15:42:23,2017-12-11 00:00:00
88765c7c25c8dd40cefcd887f3c8cd8e,69ad7c75c00e77e4a1385cf071fcc95d,delivered,2018-07-10 12:29:11,2018-07-10 12:45:39,2018-07-12 14:24:00,2018-07-23 18:32:20,2018-08-14 00:00:00
88791555f9832d0bee1f87f2074392ef,ac23640ef05c70108abe56d93e23f260,delivered,2017-12-03 00:00:10,2017-12-03 02:43:35,2017-12-05 21:28:45,2017-12-19 20:48:11,2017-12-28 00:00:00
8881dc280b8de23e6913aaee6bf61bb5,1409d4984ed93c6cd3098952b9ff8ff1,delivered,2018-06-07 18:42:34,2018-06-07 18:55:58,2018-06-08 12:03:00,2018-06-15 18:42:41,2018-07-13 00:00:00
88898f25ecf940d6929b37dc7ccd3578,bbe6a4187c39cb782f1889e12e3045f2,delivered,2018-02-22 09:11:16,2018-02-22 09:29:29,2018-02-22 21:25:16,2018-03-14 18:58:46,2018-03-15 00:00:00
88986b613097da641340bc366a2d91d4,3afc42fd18017037f8a3972aa57c1436,delivered,2017-12-06 00:11:49,2017-12-08 15:52:51,2017-12-20 00:13:38,2018-01-19 23:48:45,2018-01-05 00:00:00
8899770c263136aaa6768f75189d996a,33a8d776edab4135ca1a5f9b48f499ed,delivered,2018-03-19 19:33:30,2018-03-20 00:35:25,2018-03-23 19:46:48,2018-03-24 19:37:47,2018-03-29 00:00:00
88a2f6f5ddd57a8da3f5ecbba9bede1d,27e3bc07d48b431cad4ce1b3a1de6129,delivered,2017-11-09 12:10:26,2017-11-10 20:26:30,2017-11-14 16:37:17,2017-11-21 12:16:56,2017-11-27 00:00:00
88a63f5cd80c851070a20452bd83d4d7,511bbe422e11b19a7ff49a1790705935,delivered,2017-04-07 20:13:18,2017-04-07 20:23:19,2017-04-12 06:52:18,2017-04-28 16:23:53,2017-05-05 00:00:00
88a78af246c6c2db88e72b384796c98c,5f927d5f455d787c64e69dbe0382c5fa,delivered,2018-05-26 18:18:03,2018-05-26 18:30:33,2018-05-28 13:22:00,2018-05-29 17:28:29,2018-06-20 00:00:00
88ae9b9dc65aa9f22722800a34d865c3,423a29c37e44f30428ef729e5ca84982,delivered,2018-05-08 20:25:31,2018-05-10 03:36:39,2018-05-23 14:20:00,2018-06-12 18:02:25,2018-06-08 00:00:00
88c4fe503028fe735969053f5459584f,314437095633767efe53c366467776ca,delivered,2018-06-11 13:21:32,2018-06-11 13:39:01,2018-06-13 14:50:00,2018-06-14 21:08:43,2018-06-20 00:00:00
88e2adba13194300be8cfaeee4512133,7221af11f031fe8b9088683a30273cfc,delivered,2018-07-18 01:31:21,2018-07-18 01:45:10,2018-07-23 15:02:00,2018-07-25 20:51:03,2018-08-03 00:00:00
88f9a494012e4b7e7ddbfe1bf56cf41c,7e4ac2b8cd4c3de8d85b2fc3367873bd,delivered,2018-07-05 18:48:17,2018-07-06 02:51:16,2018-07-07 09:17:00,2018-07-12 21:28:55,2018-07-24 00:00:00
88fdf07e2e8bcf581835191551224be7,28da029822232f74f6920cc4681ff5a8,delivered,2017-07-07 17:28:39,2017-07-08 06:45:15,2017-07-10 21:10:28,2017-07-14 18:41:31,2017-07-27 00:00:00
890617d30098dc78a28e27cfc7d6ccec,8e3041cd8997318e5f9144c00ed966fd,delivered,2018-04-24 08:02:21,2018-04-24 17:12:43,2018-04-24 23:58:49,2018-04-25 16:19:33,2018-05-10 00:00:00
89124696e3e799665a6b844c18325cf5,ec3bd935ef79fff4a1a5946347cf8e90,delivered,2018-04-03 15:29:57,2018-04-03 17:10:15,2018-04-04 19:48:44,2018-04-21 11:08:37,2018-04-27 00:00:00
89165e6d4c28047da0adf13ac8b3e1b3,4924a47e8cd5630b3564e26fac55c5ec,delivered,2018-07-18 13:39:54,2018-07-18 13:50:14,2018-07-24 14:14:00,2018-07-26 18:26:37,2018-07-30 00:00:00
891e419a9019fb81b67212a708cb5f83,c5ebaeed3b49cd93b3c294547784f484,canceled,2017-07-07 12:15:50,2017-07-07 12:25:20,,,2017-08-03 00:00:00
893164a028d4c803fb8a597327b48488,cc8c2d369602910db921cc22d09aa33b,delivered,2018-01-10 15:50:32,2018-01-10 16:36:00,2018-01-13 18:14:24,2018-01-23 16:48:58,2018-02-05 00:00:00
894e3de9f4244f5113bf5b97627330d8,3b2a2167b75d2d89c226dca5c2f31ab1,delivered,2017-05-01 11:28:31,2017-05-01 11:35:19,2017-05-02 21:25:52,2017-05-10 05:18:34,2017-05-25 00:00:00
895dce73de79888b14581541cf3a811b,ae546948bceb228b6f6a1980f9c28aca,delivered,2017-10-27 13:26:59,2017-10-27 13:48:09,2017-10-30 21:07:01,2017-11-06 17:51:29,2017-11-17 00:00:00
89625d9fd5cbcff8ed1de2eab6ab1498,98eb23682f18837a3a22b1c7130d6a48,delivered,2017-06-20 09:20:01,2017-06-20 09:30:20,2017-06-20 10:14:57,2017-06-30 13:32:14,2017-07-18 00:00:00
896b228e1623e6b8f20f2b3782750d48,6099b4a3bbcc0a01fb20ff6cab0289e3,delivered,2018-07-27 18:27:18,2018-07-27 18:44:10,2018-07-30 12:55:00,2018-07-31 22:23:35,2018-08-06 00:00:00
897ed337ed4c3fba920924b9143c2ea0,7e0ccb80f03547847437a81f88b7e7ad,delivered,2017-01-27 17:31:45,2017-01-28 05:31:36,2017-01-31 06:43:58,2017-02-06 11:42:34,2017-03-27 00:00:00
899b8d92e1bdaece69745ffcc3c47d08,1aa414b77e655c44696ea1d3e61d7ec7,invoiced,2018-05-12 18:49:56,2018-05-12 19:16:36,,,2018-06-01 00:00:00
899da82c1aeee8fe315db6826cd9a5ee,96e99e9c96df10ace8cb672ce133896e,delivered,2017-09-09 04:43:33,2017-09-09 05:24:13,2017-09-09 15:09:52,2017-09-24 16:28:43,2017-10-09 00:00:00
89a6292b97c0dd8f29261b64ad8aabf7,0163303a840691e9f9378d1e41f4849a,delivered,2018-07-07 11:17:07,2018-07-07 11:30:09,2018-07-09 15:37:00,2018-07-23 14:25:09,2018-07-31 00:00:00
89ad9301604c76e365ba9b9db109bcaa,aa1049ca8480f79761584cd0506de395,delivered,2018-07-19 08:39:07,2018-07-19 08:50:17,2018-07-19 12:27:00,2018-07-24 21:36:42,2018-08-09 00:00:00
89b229dc09711327ecea7f124b029557,8e78fa10bc579cfbc6f3a6569e3a06fb,delivered,2018-07-23 13:54:25,2018-07-23 15:32:00,2018-07-24 10:51:00,2018-07-28 20:02:18,2018-08-15 00:00:00
89da573364809995840e3546344a0113,596838f01c8df34db964387ac5ab6333,delivered,2017-11-18 18:44:34,2017-11-18 18:55:31,2017-11-22 11:49:59,2017-11-23 17:19:24,2017-12-01 00:00:00
89daf16ca38d1dca141ca4b225351c02,a38093df3976acaf05f45407739a8f16,delivered,2018-06-28 19:12:35,2018-06-29 08:35:15,2018-07-03 14:40:00,2018-07-06 18:38:43,2018-07-25 00:00:00
8a01f46a3c2541b03ba737f3c83a7bd1,06401c6722a944337475e6baed34e4ec,delivered,2018-03-16 10:14:31,2018-03-17 10:09:01,2018-03-28 19:12:29,2018-04-10 15:28:41,2018-04-25 00:00:00
8a0ab628dfb76b8bd7688ac87d051391,a71be38d58e0737c4dd9bd0f1758dc6b,delivered,2018-01-02 16:53:24,2018-01-02 17:08:45,2018-01-05 18:59:19,2018-01-09 18:09:12,2018-01-18 00:00:00
8a1173c84bbf754f61daf556a62fe1ed,94592fdb883217ce1d1c1436fb77890e,delivered,2017-04-04 13:01:04,2017-04-04 13:15:17,2017-04-05 11:03:39,2017-04-10 09:44:00,2017-04-27 00:00:00
8a1a4c9d81475d4f07d558d04598e00c,853fb87bfc4f12205fd6a0f05109b995,delivered,2018-05-09 03:57:23,2018-05-09 04:35:17,2018-05-09 09:24:00,2018-05-14 18:38:49,2018-05-29 00:00:00
8a3086454aae1719e85d336d067a66e1,638a9c5ee862d737a4adcddfbb7159a9,delivered,2018-05-13 12:56:47,2018-05-13 13:11:59,2018-05-14 18:52:00,2018-05-22 15:11:32,2018-06-25 00:00:00
8a32f78d59c6aec1ebdfaf5788bc84b1,bd4afd3a9f1b50e574d0e5aac2f42d3b,delivered,2018-01-23 15:03:03,2018-01-24 02:35:46,2018-01-24 23:28:39,2018-01-30 20:29:12,2018-02-20 00:00:00
8a354bb43e2659551a9e6abdc9d1e933,9b8e49036d8bba6e2a8b0924b331fcda,delivered,2017-07-23 19:35:14,2017-07-23 19:45:09,2017-07-26 16:42:16,2017-07-27 19:12:55,2017-08-04 00:00:00
8a4902db3aa7fdf0a39bf75a14697e2d,548cee938a89efcfeb4966ee10ef1ff8,delivered,2017-11-16 17:00:41,2017-11-16 17:11:11,2017-11-17 15:32:07,2017-11-27 20:22:23,2017-12-08 00:00:00
8a49984afb76dae66f3810e1b7093ec4,3cc640f13134a74f3bc34b9b0094d412,delivered,2018-02-15 23:27:21,2018-02-17 03:35:43,2018-02-19 23:53:13,2018-03-14 16:52:13,2018-03-20 00:00:00
8a601ac58a66e7a37b56294b81c2b373,dbf371c0a6ca1ab9a8d156fd12c8f8d1,delivered,2017-06-11 15:49:32,2017-06-11 16:02:32,2017-06-19 20:33:53,2017-06-29 12:16:23,2017-07-28 00:00:00
8a7059f3a26aa6df1579a6c9ccbacc3e,ac3e946018ca22557127dcd54c9cd677,delivered,2017-09-25 21:50:22,2017-09-25 22:05:24,2017-09-26 23:17:10,2017-10-03 23:04:18,2017-10-20 00:00:00
8a723730400b508cbf47fbef4a76ec8e,f19376e0c54da9409485f7ef9556d367,delivered,2018-02-18 12:41:01,2018-02-18 13:46:36,2018-02-19 20:26:45,2018-03-03 02:48:53,2018-03-14 00:00:00
8a80054573ee01a321c77752da93566b,8f7a8c9d811d4acc07eaaf3cae69ac34,delivered,2017-11-24 07:46:21,2017-11-24 07:56:31,2017-11-28 15:48:30,2017-12-04 22:56:39,2017-12-15 00:00:00
8a81337c086e3ab740913c061cf6c2d4,87cfbc9db7f2dc260b8f0022377909ef,delivered,2018-03-02 21:52:33,2018-03-02 22:29:06,2018-03-05 19:19:49,2018-03-16 00:56:24,2018-03-14 00:00:00
8a8fe42973aacdf0b83fb915d722aac6,5e9a195cbfedf459a7015c36bb7662d2,delivered,2018-06-22 07:42:57,2018-06-26 04:59:17,2018-06-28 13:59:00,2018-06-30 16:44:37,2018-07-12 00:00:00
8a8ff2c8a82c73abed3c70e90953f0b2,681d6df6cd2fb282101e845100ff20f0,delivered,2018-04-01 12:00:48,2018-04-01 12:15:09,2018-04-02 16:19:15,2018-04-03 18:47:24,2018-04-12 00:00:00
8a90aa7c88256981f18784086121349c,8712d805700fade0c5aa62b792edcbbd,delivered,2018-05-09 09:58:45,2018-05-09 10:15:16,2018-05-10 15:12:00,2018-05-17 18:57:51,2018-05-30 00:00:00
8a9e4058bd52b1df24af22b9cd604f87,62fd641e1ebc8e22418e3dc08a5381f3,delivered,2017-05-21 08:01:57,2017-05-22 10:39:43,2017-05-22 10:52:17,2017-05-24 12:41:57,2017-06-13 00:00:00
8aa5449c8eaae72c25e792d938fad002,7202f447b2ce41c395dffa31dfbe4351,delivered,2017-11-24 09:43:57,2017-11-24 11:13:00,2017-11-24 21:16:54,2017-11-28 19:51:44,2017-12-08 00:00:00
8ab08a832f16966f270a9bbffe395cfa,8b51e4bda546aa5454419448c305a7e3,delivered,2018-01-11 13:49:32,2018-01-13 04:55:10,2018-02-27 23:06:53,2018-03-09 22:04:14,2018-02-09 00:00:00
8ab73774d1bf1ccd52e66b86ccb40ea1,f0bbbd92655a3b87693c7521baf03840,delivered,2017-11-24 19:57:53,2017-11-24 23:13:35,2017-11-29 00:56:51,2017-12-07 18:58:40,2017-12-22 00:00:00
8ac3b1365e8a70ae432b2a1ee0f68f23,4912bf74d43553dd6c527ebeb054b79e,delivered,2018-01-14 08:51:55,2018-01-14 08:59:38,2018-01-15 21:33:19,2018-01-29 19:05:26,2018-02-19 00:00:00
8ac5b235603eee2e21e36261b2df536c,2ea5983ec2edde5dcba726ea64e9fadb,delivered,2017-11-27 11:26:14,2017-11-27 11:35:41,2017-11-30 16:41:39,2017-12-05 21:32:09,2017-12-20 00:00:00
8ac9d647425b62394b980e70f7d80d6b,f4380f3bd8c569ec5c8ccf76ca4daea9,delivered,2018-03-22 16:20:37,2018-03-23 16:15:27,2018-03-28 20:58:41,2018-04-03 14:33:05,2018-04-04 00:00:00
8adb87b0bb81da96d28e6cfaa033a40d,b5672da69f806d8bc4eea831365f07da,delivered,2017-11-24 09:38:22,2017-11-24 10:56:54,2017-11-28 20:18:09,2017-12-12 18:41:55,2017-12-14 00:00:00
8ae758e9dfba42257dd89e48380b3d1e,af3b67a686e5dd9109a40e92ab58b7ab,delivered,2018-04-18 16:29:31,2018-04-18 16:55:37,2018-04-20 22:26:19,2018-05-30 17:33:11,2018-05-16 00:00:00
8ae8b33f63d9924a2db9ec6c1e98fd35,185830935eb09d19b034abbab645177c,delivered,2017-04-03 14:04:19,2017-04-05 02:35:32,2017-04-25 16:36:26,2017-05-05 06:06:12,2017-05-05 00:00:00
8b02937454ecbf39dea9989375d931e3,eb5cfb1e923b447232fd8d969c517974,delivered,2018-07-10 18:54:07,2018-07-10 20:31:07,2018-07-13 14:06:00,2018-07-20 16:04:52,2018-08-01 00:00:00
8b050d41c0452652c3f1a6cd855005b1,6f7e05f9beee9d934ffcf02bb309d52a,delivered,2017-10-01 07:50:32,2017-10-02 22:03:56,2017-10-04 12:36:10,2017-10-07 13:13:02,2017-10-19 00:00:00
8b06c6beb946868da80b3d6c18d20917,02628c7e9eed8af6043c70257a7a87c1,delivered,2018-05-13 18:47:14,2018-05-14 18:49:55,2018-05-15 13:38:00,2018-05-24 12:41:15,2018-06-07 00:00:00
8b0b0bb16bfbee0b827837e8d27e4a35,aa2efe1edf84e625777a77aa2d18ba76,delivered,2017-07-06 22:05:14,2017-07-06 22:23:38,2017-07-07 19:39:26,2017-07-10 17:28:44,2017-07-20 00:00:00
8b54ad5dd057cd34a1308553e2bba5dd,3ed790a63e61a86231274a97e1b27fd6,delivered,2017-10-20 09:10:06,2017-10-20 09:28:15,2017-10-24 15:33:35,2017-10-25 16:27:39,2017-11-01 00:00:00
8b57c0e23a2516e0b9a5259c83fc0883,49673e7454cc72d72b42277eb3c2e871,delivered,2018-03-05 16:20:45,2018-03-05 16:35:43,2018-03-06 20:35:40,2018-03-16 00:46:30,2018-03-27 00:00:00
8b5ddca535bbca0d4282b4e82248089e,e3ffa14bb67e94d44caa315f274c8781,delivered,2017-09-15 00:36:44,2017-09-15 00:50:11,2017-09-18 19:07:42,2017-09-26 18:26:51,2017-10-16 00:00:00
8b648f3b8380162bf589d5ea0d49f5b2,82144a8f1a65c32941b8ef245fede864,delivered,2017-12-17 23:30:16,2017-12-18 00:33:13,2017-12-20 15:03:37,2017-12-21 20:05:42,2018-01-08 00:00:00
8b88af6ab4bcba779184de098d66c9e7,e4756f623e8c167acef360bc3e22f060,delivered,2017-05-30 20:09:15,2017-05-30 20:24:09,2017-06-01 09:22:01,2017-06-06 12:44:38,2017-06-20 00:00:00
8b93f79b1a4d6b3388dab2356493c0b3,1d72f0479018c73cd9f58abcb01e776f,delivered,2017-01-26 12:49:54,2017-01-26 13:02:26,2017-01-30 10:17:23,2017-02-07 10:52:25,2017-03-14 00:00:00
8baa038ccba688e5d3c2d087d7ac5ca2,be55be4c49ea283f0f51ba4b332568bb,delivered,2017-04-14 14:28:24,2017-04-14 14:41:50,2017-04-20 12:57:26,2017-05-09 12:22:31,2017-05-18 00:00:00
8bade36d5fb562974296bcca22a7a064,4061b7542b6c15e3322f9d3384f83d39,delivered,2017-07-27 20:35:40,2017-07-27 20:50:25,2017-07-28 19:56:45,2017-08-10 21:23:07,2017-08-18 00:00:00
8bcb04c1ca645d109ed37389fda5dbb0,dd977fc3619f271f431181f90e305a1f,delivered,2017-09-01 21:53:59,2017-09-01 22:25:37,2017-09-05 20:13:08,2017-10-05 09:47:51,2017-09-21 00:00:00
8bce18fa222d49626263bbbf2413fcca,72794b76e6fca04ef17b06de430523f8,delivered,2017-12-09 09:55:54,2017-12-09 12:51:02,2017-12-13 17:17:15,2018-01-02 20:25:16,2018-01-04 00:00:00
8bd234ce8ee3bfc5da0cf859cd80e414,9b5efc166095e901a6d0ba70bf0cb80a,delivered,2017-05-09 15:44:24,2017-05-09 15:55:15,2017-05-10 11:24:38,2017-05-16 09:14:34,2017-05-26 00:00:00
8be3f8cf0b9c0840f7fc2d6dcd6b9570,968bb6f1808b5eba71a2a15041255f09,delivered,2018-06-07 12:42:02,2018-06-07 12:58:30,2018-06-08 11:47:00,2018-06-11 18:42:38,2018-06-25 00:00:00
8bf6956999b0861c3191773f28806f40,5b5a8855830a3f6bf125706aad389a44,delivered,2018-05-03 11:08:27,2018-05-04 04:11:39,2018-05-09 15:48:00,2018-05-15 15:34:50,2018-05-25 00:00:00
8bf8a39f0859c5d00da3d27e8ef39d7f,68456c68418d85d923e94603959e8bc2,delivered,2018-04-29 17:11:58,2018-05-01 05:13:57,2018-05-04 14:29:00,2018-05-14 22:34:48,2018-05-23 00:00:00
8c06de33065ff82ad2d811b7e81a5f7a,b54ba0f5011c40abe78ab10056ea0712,delivered,2018-04-28 22:29:19,2018-04-28 22:53:14,2018-04-30 13:27:00,2018-05-05 15:03:25,2018-05-23 00:00:00
8c242b06662dd71ddc5251a5b0f62b87,9bf1366d0c36b553866ec4d27a186360,delivered,2017-09-29 23:22:03,2017-09-29 23:35:08,2017-09-30 14:03:37,2017-10-12 18:04:12,2017-11-01 00:00:00
8c2c2b26ae4677e7457b0daaea13a8d3,f75cda7d644f2586d2f3f5e83c00415f,delivered,2017-11-05 22:41:44,2017-11-07 07:30:34,2017-11-16 19:05:09,2017-11-20 19:58:31,2017-11-27 00:00:00
8c4a924fbaf8e5d685676b7a7269cc07,7611a01c864ad64ae6fc27f18713df09,delivered,2018-06-10 13:17:39,2018-06-10 13:37:01,2018-06-12 17:26:00,2018-06-14 20:58:20,2018-07-11 00:00:00
8c64e3e8dd3f04f78d3b5c994ae506f3,0474f888bb532eb4cc657abfd37c9d44,delivered,2017-04-25 18:51:59,2017-04-25 19:05:08,2017-04-27 15:10:00,2017-05-09 12:33:44,2017-05-12 00:00:00
8c6a3fab1ed272b02f23bb7dc9061d9a,9084b0a94916b534ac6e626011092567,delivered,2018-04-12 17:36:07,2018-04-14 02:31:39,2018-04-17 00:16:47,2018-04-30 19:44:38,2018-05-02 00:00:00
8c6dfc3056be4a27212a845d5f2bddc5,79e473268654510e76eaabc30b1b0c2c,delivered,2017-03-30 15:13:10,2017-04-04 05:45:22,2017-04-06 10:26:45,2017-04-11 18:54:14,2017-04-25 00:00:00
8c7375aeac2efc63f0754588cd9d29e4,e0612593a34175b3c0c89cac30fa35f3,delivered,2018-06-05 10:37:35,2018-06-05 14:32:05,2018-06-06 18:58:00,2018-06-07 22:41:09,2018-06-29 00:00:00
8c87396ac0bed9eb7bd138eeef8945c5,43a4843581b02e18a6ffa2745b900249,delivered,2017-05-28 11:16:32,2017-05-28 11:30:15,2017-05-29 09:45:37,2017-06-02 13:52:10,2017-06-21 00:00:00
8c8ab4a6c61aaea6eccaed2958c36231,4b4466ba57ada97066e473b023c99db9,delivered,2018-08-15 09:27:37,2018-08-17 03:10:22,2018-08-18 08:54:00,2018-08-25 00:11:48,2018-08-30 00:00:00
8caa967e048f7c1e27144a219ad123f9,6a558f0fd01f63ca6888b774514772b0,delivered,2017-07-17 20:38:23,2017-07-18 06:10:36,2017-07-18 12:17:08,2017-07-27 20:22:24,2017-08-04 00:00:00
8cda3e06e93016da7b1b99e24398d19f,8f83e6b41895af70db99ce62f1e4eaed,delivered,2018-04-25 14:50:56,2018-04-25 15:12:16,2018-04-26 13:24:00,2018-05-07 17:46:58,2018-05-24 00:00:00
8d3b97f37bdd7afa5d348afb305858be,07639b3edaab833c39efd14a1a950199,delivered,2018-06-21 14:57:23,2018-06-21 15:17:53,2018-06-22 12:48:00,2018-07-03 20:02:40,2018-07-24 00:00:00
8d45ba0ad212829bdc547dacea18c3a2,b9bf4384ad7fad5b3637ac1e05508999,delivered,2017-10-16 12:55:15,2017-10-16 13:14:14,2017-10-17 16:58:01,2017-10-25 17:12:55,2017-11-08 00:00:00
8d585a78c58bc6ee2c28323cfd8ce6c7,80ca2676141288b0fb864389fa7e49c5,delivered,2017-09-24 06:47:11,2017-09-24 08:02:22,2017-09-26 20:43:28,2017-10-18 04:17:25,2017-10-20 00:00:00
8d5adba2d82f7af4d944f45a95d5d1c1,02a0087b3657817949973dc48134dece,delivered,2018-07-30 12:02:51,2018-07-30 12:24:54,2018-08-06 11:50:00,2018-08-14 23:41:46,2018-08-30 00:00:00
8d642f469cded3eccfec417ffabc7141,3e15b38b9f5c551bd51f7b1d713044d5,delivered,2017-05-27 00:45:45,2017-05-27 01:22:24,2017-05-29 08:18:00,2017-06-03 09:27:52,2017-06-21 00:00:00
8d6708eef8a393c70109de0afb75509d,a9aae87dfdb515be22e98a2054e53978,delivered,2017-09-03 20:43:38,2017-09-03 20:55:24,2017-09-05 12:58:03,2017-09-13 13:32:14,2017-09-27 00:00:00
8d6793a90c7ed801dbea86d6271e3bfe,2285ef36bf9197241db9f8d3611aed8f,delivered,2017-03-14 14:41:27,2017-03-14 14:41:27,2017-03-17 09:14:04,2017-03-28 16:17:12,2017-04-07 00:00:00
8d7e588f9edf5e801cf455bf1961cffb,4f828355a45997653584184482dd1c2a,delivered,2018-06-19 14:01:34,2018-06-19 14:17:44,2018-06-21 13:01:00,2018-06-29 21:08:28,2018-07-13 00:00:00
8d866309dfbf9649da64bd53a80c7b7e,f3476f906a037c2c993fe44405c22a6c,delivered,2017-05-16 18:49:55,2017-05-18 02:15:25,2017-05-24 08:23:51,2017-06-12 16:14:51,2017-06-20 00:00:00
8d9c408abef22868d40547ecd87d327b,aad6d1a76f57eb4025d1a8eccbf24437,delivered,2017-06-30 09:06:16,2017-07-01 04:55:25,2017-07-03 10:45:01,2017-07-05 16:03:49,2017-07-24 00:00:00
8da66baf68f49a58324e0e8297d4f1b8,14c0eda93d3dc8b6f42b925e9edcbec1,delivered,2018-05-15 19:27:20,2018-05-15 19:36:28,2018-05-17 13:30:00,2018-05-23 17:57:21,2018-06-01 00:00:00
8daeaeb312867695e95090559c5aaaef,9335ae4e15f4b98e71a0340c3bbfd13d,delivered,2018-03-01 14:23:30,2018-03-01 15:10:34,2018-03-05 12:54:43,2018-03-08 01:34:53,2018-03-13 00:00:00
8dc71d90daff59b6abf5eba2e80fa928,185086f7b5b98370b0d12e2100a69e08,delivered,2018-05-22 09:36:38,2018-05-22 16:58:31,2018-05-23 13:33:00,2018-06-04 17:54:53,2018-06-13 00:00:00
8dcaee0f4bbb1d46a5f71c8c575b90dd,0a48cecb7f6b0b7314b5dd2eea0367d8,delivered,2017-11-28 12:00:43,2017-11-29 02:20:23,2017-11-30 18:47:20,2017-12-02 13:49:29,2017-12-12 00:00:00
8de627d14a078b2047d929756c94546a,31bbd9c903c3a084351754fb5b2073b2,delivered,2018-01-12 14:32:51,2018-01-12 14:48:14,2018-01-17 21:13:48,2018-01-24 21:22:33,2018-02-02 00:00:00
8e037d22abe0755825b4a5bd17135b23,29bafca28f3133a6055dd58892615b55,delivered,2018-06-24 13:16:32,2018-06-24 13:34:01,2018-06-25 15:27:00,2018-06-28 14:32:20,2018-07-30 00:00:00
8e0b0837352d3cdfceceb267c205eeb3,7134e6843b1a3ab1d7f13fd79713337e,delivered,2018-01-29 13:25:50,2018-01-29 13:35:26,2018-01-31 00:23:07,2018-02-07 19:38:33,2018-02-21 00:00:00
8e17072ec97ce29f0e1f111e598b0c85,9e29cde4ddb42f9330bcf3c9bc23d177,delivered,2018-03-31 15:08:21,2018-03-31 15:50:11,2018-04-03 15:58:24,2018-04-06 17:38:34,2018-05-04 00:00:00
8e1ded141534096603108f1ee5c27735,3956d1e55818b7dc872d5a1de09e4ddc,delivered,2018-01-23 15:04:18,2018-01-23 15:15:32,2018-01-24 23:33:04,2018-01-30 19:35:28,2018-02-07 00:00:00
8e21294be5e4cba1d069be0f7d4eaae1,2df78ad2d147f2706a92137a24ae452d,delivered,2017-12-14 16:59:20,2017-12-16 02:51:30,2017-12-20 20:47:18,2017-12-28 16:38:58,2018-01-09 00:00:00
8e3944fa77034393e3a23b589af8e3ba,6fd3619d8a965e95354f90d106e9c08c,delivered,2017-10-16 23:38:27,2017-10-16 23:49:21,2017-10-19 18:03:33,2017-10-24 22:23:39,2017-11-01 00:00:00
8e5a8b1f6cf7513edaf3bf7c5573ebf4,c558d21ca617433df233c7af51f35a08,delivered,2017-05-24 12:42:59,2017-05-24 13:05:45,2017-05-26 09:31:28,2017-06-19 20:35:58,2017-06-28 00:00:00
8e5f329bbfeedab5a25b115446d23d4c,688c5a754325b8c84629b9b436f9f51e,delivered,2017-11-26 21:12:01,2017-11-28 03:39:58,2017-12-01 22:09:10,2017-12-17 15:32:34,2017-12-18 00:00:00
8e64c8a9ce934e47e871b0a4eaa973f6,57a6a7790c1e4ecbc477306abef69de6,delivered,2017-07-19 13:12:38,2017-07-19 13:30:12,2017-07-20 19:57:34,2017-07-27 17:29:44,2017-08-10 00:00:00
8e65dc9111065511a3429687624b4fd2,3511ee1e32ffd8cef320d91f1904a7db,delivered,2017-04-12 13:45:31,2017-04-12 13:55:18,2017-04-13 13:54:44,2017-04-24 12:34:30,2017-05-08 00:00:00
8e9168f5b8cbf3a8e5d2f6767cefa724,32dee19a706a627011743dd7c54f3c35,delivered,2018-03-27 22:00:22,2018-03-27 22:10:26,2018-03-29 22:41:55,2018-04-07 00:48:41,2018-04-13 00:00:00
8ea18c94420645b8bd579dac65636c1d,b31c763b3d3b41630c903bc99fbca4fc,delivered,2017-11-24 14:41:26,2017-11-24 16:52:56,2017-11-28 17:56:45,2017-12-16 16:05:16,2017-12-28 00:00:00
8ea33c8a1daf30c76ff35b6574d8fe63,bb2f3dc7e92dac1fa88135b0447c52f6,delivered,2018-01-09 15:42:18,2018-01-09 15:54:33,2018-01-10 19:28:29,2018-01-25 17:57:10,2018-02-08 00:00:00
8ea4a5894120c659405242f39659da6c,817692febe7ce519bfcf6b70629b6601,delivered,2017-07-10 21:03:17,2017-07-10 21:45:12,2017-07-17 19:27:43,2017-07-20 17:52:00,2017-07-28 00:00:00
8ec0671b1fcacf329783aefb39813a64,8bdc70f24d1f362c1f43a1e1936c62f2,delivered,2018-07-18 19:23:53,2018-07-19 19:23:10,2018-07-23 06:34:00,2018-08-01 22:03:59,2018-08-09 00:00:00
8ec34abb2dfd64e47f9336f3b6cab510,3bf26406a9b6c1f4e476702b5e0ff00d,delivered,2018-04-11 19:45:59,2018-04-11 20:10:59,2018-04-13 19:08:43,2018-04-25 17:16:39,2018-05-07 00:00:00
8ee32c0f656d4816294802830cd9c2cd,4971dbc8a7c2e77aacbd6fe6064dc45c,delivered,2017-05-22 09:38:37,2017-05-22 09:50:17,2017-05-24 11:28:56,2017-06-07 17:18:02,2017-06-09 00:00:00
8ee4362f8dfc794ac7cb9b309b4a87b3,b3c9b5795c9e172c44c29fbb63f750d8,delivered,2017-08-26 08:06:34,2017-08-26 08:15:09,2017-08-29 20:22:38,2017-09-09 14:27:39,2017-09-22 00:00:00
8ee5cab30019132affead27f19959ff2,9537f2addba8448428a3fd1a1add0656,delivered,2018-05-19 14:00:29,2018-05-21 08:17:49,2018-05-22 17:53:00,2018-06-02 13:21:30,2018-06-13 00:00:00
8ef25ada03b56cd00e4021ea5b98f58e,c1eed0065b42f01e99ef89311a727aa2,delivered,2017-10-18 12:56:16,2017-10-20 17:49:27,2017-10-23 18:41:36,2017-10-30 19:05:31,2017-11-14 00:00:00
8ef9b1e6158c40ee1a00338ed432d6f4,c35131c89c7ed378ee2b8380276f1573,delivered,2018-01-17 16:45:31,2018-01-17 16:55:03,2018-01-19 18:51:38,2018-01-25 21:28:46,2018-02-07 00:00:00
8f1d6980e5537dd52cdd222e0794fdf4,38bb507d2633cb3070255ddf8b2daa5d,delivered,2017-11-24 00:48:08,2017-11-24 01:13:41,2017-12-01 17:28:59,2017-12-03 12:18:37,2017-12-08 00:00:00
8f21638fa75afaac7bd3062113867201,bf712ab6c95d7b52d58d6cd38dab17e3,delivered,2018-05-13 22:25:20,2018-05-13 22:35:22,2018-05-14 13:44:00,2018-05-18 20:58:48,2018-06-01 00:00:00
8f448432fec521b889d6b87b716cc01d,0aa91d0cd690f66d4d4e1c9cc82652c7,delivered,2017-10-05 20:23:22,2017-10-07 02:44:54,2017-10-09 15:48:09,2017-10-16 22:23:08,2017-10-31 00:00:00
8f4af5bc8345e13d9b92eb4d75aec7d1,2ad234fffe8a656d1585f96cba385dbc,delivered,2017-07-18 11:10:37,2017-07-18 11:23:47,2017-07-25 19:12:53,2017-08-01 19:13:12,2017-08-10 00:00:00
8f66c7fa9b811026d696fc619becd5df,72121723bc54405da6fd53fda50dac24,delivered,2017-08-07 21:11:29,2017-08-08 03:50:19,2017-08-08 18:15:00,2017-08-09 16:27:43,2017-08-18 00:00:00
8f677798a3e80c02adf52911bf8d145d,17b723f5c85b44a1dcf96dca43d3eb89,delivered,2017-03-20 17:01:26,2017-03-20 17:01:26,2017-03-21 14:24:10,2017-03-27 18:05:32,2017-04-11 00:00:00
8f6ac8f0dd2588b2dc8dec2898d6095a,0888cf44bc996a137f289aacb49925f1,delivered,2017-10-15 21:25:43,2017-10-17 04:07:30,2017-10-18 22:20:07,2017-10-24 14:27:59,2017-11-07 00:00:00
8f7a223cdbc2ea83ac07383d97b46fd6,a27c58025590f2b1b7c03a82eb6637d5,delivered,2017-05-30 02:03:17,2017-05-30 02:15:17,2017-05-30 11:47:08,2017-06-05 15:12:35,2017-06-27 00:00:00
8f7d470b019f3b33a814cf048df30370,9885e4e630af4b7352e0a32a7a05bb21,delivered,2018-04-02 08:11:30,2018-04-02 08:29:16,2018-04-04 00:22:15,2018-04-23 16:03:37,2018-04-26 00:00:00
8f8e4c6e05e4b84707bf0dafc310fc7b,9249476dff8f7a54d21b00f1423b5bf1,delivered,2017-08-03 14:42:09,2017-08-03 16:15:14,2017-08-03 20:49:46,2017-08-08 18:00:13,2017-09-11 00:00:00
8f95199a6809023bbfabcd9759bd04a1,49f554f189c9d30e865dbcd58efafee2,delivered,2017-11-29 16:42:28,2017-11-29 18:12:31,2017-11-30 16:39:11,2017-12-13 19:36:24,2017-12-26 00:00:00
8fa3ca81ea5bfd6524490d91832821b1,42a161720667afb9998d609863391870,delivered,2017-10-27 11:58:54,2017-10-28 07:06:15,2017-10-30 23:38:22,2017-11-07 17:49:39,2017-11-10 00:00:00
8faff12af96ce78eba0d5b1597d5baa9,4fa01e0af9f436cc5b6b2eb3fbbb6b1d,delivered,2018-08-11 22:51:13,2018-08-11 23:04:20,2018-08-13 14:50:00,2018-08-16 18:42:48,2018-08-28 00:00:00
8fb030b413de395dcbb7cb1a3c9b256e,b097036ec194b8151f619fe933161b3e,processing,2017-02-12 00:02:36,2017-02-12 00:17:20,,,2017-03-24 00:00:00
8ff6ced519949488b47afc0e5af711f7,c2a1dac9fa3a12d8b2366fa901f0459a,delivered,2018-03-23 13:54:56,2018-03-23 14:15:29,2018-03-24 00:04:52,2018-04-03 15:32:46,2018-04-18 00:00:00
90084fb270986d4c0fc78715cc46840e,fcfa6b64765235e944c28d83f99ee9dd,delivered,2018-05-01 12:45:11,2018-05-01 13:36:11,2018-05-07 08:12:00,2018-05-09 18:19:26,2018-05-30 00:00:00
90176c61fcf0cfd97a3e373c0375ec49,c3e716bfcf62d9dbc2016e2983f19401,delivered,2018-07-23 09:31:44,2018-07-23 14:30:51,2018-07-23 14:33:00,2018-07-27 12:59:41,2018-08-06 00:00:00
904a8c5eecb566b06d4737b0cde3e0ab,6d911daa38cfeec4a1151bbd94910101,delivered,2017-07-14 00:04:50,2017-07-14 00:23:56,2017-07-14 17:41:10,2017-07-24 21:42:41,2017-08-11 00:00:00
9053a7a342729c317ced50baf9de3040,74d9abd6a35eb64311c49aa052e32f92,delivered,2017-09-28 12:34:28,2017-09-28 12:49:53,2017-10-02 16:30:33,2017-10-06 18:33:20,2017-10-16 00:00:00
905cf34043925642f36abb99eea3f3d6,9cc971992ce857d4f7ca2cbe0e6527ad,delivered,2018-01-24 14:23:40,2018-01-25 19:13:19,2018-02-15 20:04:46,2018-02-28 23:43:40,2018-02-20 00:00:00
905f99d528bb299e8c62c67657cd8ccc,d54e62fa217090b11232a26706a67604,delivered,2018-02-10 10:14:24,2018-02-15 03:51:41,2018-03-07 22:36:30,2018-03-10 00:57:17,2018-03-16 00:00:00
9069cf8008a940efbe703ea943d271a5,6b1618d1c40a7f830a71f322a649b029,delivered,2018-05-13 01:36:43,2018-05-14 15:56:58,2018-05-15 14:15:00,2018-05-18 13:25:37,2018-05-25 00:00:00
906aae501a08de5072a4db9471da01a9,b8db3ed2d28a258de61b1db21e042868,delivered,2018-02-19 22:35:48,2018-02-19 23:47:21,2018-02-21 21:45:39,2018-03-01 14:49:12,2018-03-14 00:00:00
906f3bc1c109fc6476f1d3002448f260,e36003b61f157c0ecefdee172a637fa0,delivered,2018-03-06 16:03:17,2018-03-06 16:41:02,2018-03-08 18:58:45,2018-04-09 16:36:37,2018-04-03 00:00:00
90747e77f1f92c16ef47b7e5aa910e0d,1a1e2f5f736b406930c33aba1d9dface,delivered,2018-08-21 21:14:44,2018-08-22 03:44:28,2018-08-22 13:21:00,2018-08-28 17:03:38,2018-09-10 00:00:00
9089ae7edd24a60e79f8bd277e3c654d,e74dabd665393795b170d61e57db6f92,delivered,2018-01-02 16:15:29,2018-01-02 16:30:20,2018-01-04 15:07:20,2018-01-11 21:18:52,2018-02-05 00:00:00
908e9be16fe93027637f6ffadae3bd15,fcf34db4bf62be566ac41f0e19c1ae48,delivered,2017-03-13 13:33:07,2017-03-13 13:33:07,2017-03-16 15:17:36,2017-03-22 09:14:59,2017-03-30 00:00:00
90a0f36026ffd698c58239148a28b412,77f30174b3db9880a8a868926892545d,delivered,2018-04-30 15:43:39,2018-05-01 02:37:58,2018-05-02 13:04:00,2018-05-08 19:03:53,2018-05-21 00:00:00
90b27d5506a9be4b5fb162ac5857d2b7,a3b261d6bf44645e797b4cb6b9620809,delivered,2017-01-30 19:43:36,2017-01-31 04:36:54,2017-01-31 17:12:06,2017-02-03 10:38:55,2017-03-20 00:00:00
90b6617b9e582f286d8b5d1603c292a2,00f8ac751ae484a82adb20b42ad1aca7,delivered,2018-05-08 12:30:32,2018-05-08 12:56:47,2018-05-09 11:23:00,2018-05-15 16:46:52,2018-05-28 00:00:00
90b6cdda02bbf9ef9a404d36e11a8268,b0dcdd6af159e2c0b239f92dcc095d38,delivered,2018-05-16 17:23:26,2018-05-18 07:56:08,2018-05-18 15:07:00,2018-05-22 00:13:38,2018-06-05 00:00:00
90bd4466c2905d7b5b56370149e62bcc,f11278c6a8edfe30db8bb9506ecbdff2,delivered,2016-10-09 11:33:12,2016-10-10 00:22:44,2016-10-15 10:09:46,2016-10-21 21:17:53,2016-12-06 00:00:00
90bf73869f0ae6e4ea3731dcf7e2e620,dfea71c7e09469934ffa20c38024d275,delivered,2018-05-14 18:13:58,2018-05-15 04:12:22,2018-05-17 12:45:00,2018-05-22 15:05:07,2018-07-02 00:00:00
90dd995b31d5fdf734e55fab036c4690,832d1e7af4f01f2f3d9573ca629db080,delivered,2017-04-07 17:45:54,2017-04-07 18:02:28,2017-04-12 11:55:55,2017-04-27 12:49:09,2017-05-09 00:00:00
90f56b2ed34b8c5f56dd1255faca84e1,a5bbb6cd2199394f772663b56cef6672,delivered,2018-07-24 11:22:27,2018-07-24 12:31:42,2018-07-24 14:43:00,2018-08-07 18:18:37,2018-08-15 00:00:00
90fdc874aae30f20d38d3cf1cd9161fb,fa53ffc93cf481ff930973da9e244a6e,delivered,2017-12-04 17:04:43,2017-12-04 17:46:55,2017-12-07 23:57:38,2017-12-14 16:43:38,2018-01-04 00:00:00
90feb1846fa42bbfe6d411d2d018d194,02afc864fbc233378368b0c0980f576c,delivered,2018-05-23 12:38:04,2018-05-23 12:54:49,2018-05-24 13:23:00,2018-05-25 14:12:05,2018-06-08 00:00:00
9105a0f2573fc723a25f05db30a3117a,f2f42d03fbe5b55d80ad510da9a19de1,delivered,2018-01-03 23:47:03,2018-01-04 01:08:01,2018-01-04 16:49:13,2018-01-05 19:06:12,2018-01-19 00:00:00
910b6236c4771f905eeb252718b05b6e,1684ae14611db66fcad47175a24b643d,delivered,2017-07-04 19:37:38,2017-07-05 17:42:31,2017-07-07 17:02:40,2017-07-12 17:26:34,2017-07-26 00:00:00
911a1415223d88db2cb3009539457465,3fa3c3db2ed313c710d56a86f4d71f85,delivered,2017-11-19 17:41:21,2017-11-19 17:55:23,2017-11-21 23:52:51,2017-11-22 23:44:42,2017-12-05 00:00:00
911ac4b6a3d83be295853192aa63fbaa,4a9a0fbfec7f28adc3a7ab9ef3bdef08,delivered,2017-10-07 20:37:26,2017-10-07 20:49:32,2017-10-10 13:03:58,2017-10-11 19:28:53,2017-10-25 00:00:00
91244521aad278a4f697dfd15d31287b,6cc413455365a333fd164fb49c642740,delivered,2017-05-05 13:51:24,2017-05-05 14:02:32,2017-05-08 11:44:02,2017-05-15 12:47:36,2017-05-30 00:00:00
9142a3c29501af1e90aa7eea2a6949b3,a8876ecd91fd22bc8b420c9a4be69955,delivered,2018-03-05 14:54:33,2018-03-05 15:10:31,2018-03-13 18:58:28,2018-04-03 19:41:49,2018-04-04 00:00:00
9147e4f91a0a2071875cf411ec60a10d,d65d94358b0f8e89ecdc82e534e28c44,delivered,2018-06-02 15:35:12,2018-06-02 15:50:02,2018-06-18 17:05:00,2018-06-21 00:14:46,2018-07-12 00:00:00
914ccbb5110ed49b96c301b5fbf8d629,6726c2dc9955a5617dd2144d32eb986f,delivered,2018-05-15 10:38:22,2018-05-15 10:55:15,2018-05-16 12:19:00,2018-05-18 12:16:46,2018-05-23 00:00:00
916176e8ce74772807cfb28860535ae0,46c19710e4ec96f3c532cb3ac376b794,delivered,2018-05-28 14:51:21,2018-05-28 19:16:58,2018-05-29 13:51:00,2018-06-06 21:18:38,2018-07-04 00:00:00
9167e0a67d886b453dbb9318f1db42cc,44e22962c585a40a9294dab5ded35dbb,delivered,2017-06-13 15:50:59,2017-06-13 18:23:17,2017-06-19 16:48:46,2017-06-26 11:56:31,2017-07-06 00:00:00
918a23b289e2ce640ef9dc1f1b4043c5,3e3813c10989ff02473af86f08b4d801,delivered,2018-03-19 12:54:38,2018-03-19 13:35:40,2018-03-20 21:04:44,2018-04-10 18:26:58,2018-04-05 00:00:00
91a5fad6dc3c119cb3dcbc59f22b9f80,8725cb0a76a612fb11b5412a07ae98f3,delivered,2018-01-27 10:27:25,2018-01-28 10:17:21,2018-02-01 01:38:34,2018-02-07 14:41:55,2018-03-01 00:00:00
91c3ea3f720dd9cc12b762347379b0eb,930cddd48e6ae47a5922cff200d54069,delivered,2017-08-25 21:13:15,2017-08-26 02:10:11,2017-08-28 20:33:52,2017-09-05 17:12:03,2017-09-14 00:00:00
91c4fb2a013280c780ea608101fcac7c,6ed78cba5e474a9a429c802ff901218c,delivered,2017-10-30 21:50:04,2017-10-30 23:31:09,2017-11-01 20:39:39,2017-11-18 14:38:35,2017-11-17 00:00:00
91c506e966d7f684b4fa307b02341fcc,8c74c34cf929d1ad8a11acc45acd8417,delivered,2017-12-15 16:08:15,2017-12-15 17:01:08,2017-12-19 00:37:22,2018-01-05 18:19:42,2018-01-19 00:00:00
91ce1f474cc41b0c5317e79388fe50d5,539d8feb518ae3873de2b32e491ae05f,delivered,2017-12-26 16:53:46,2017-12-28 02:35:49,2017-12-28 23:18:42,2018-01-12 20:52:16,2018-01-30 00:00:00
91da0c6e7a09dfed94e7cdd19982467b,9e25c2614a1e0b50eb10b26f224695ac,delivered,2017-04-26 11:26:04,2017-04-27 13:10:46,2017-04-28 15:44:24,2017-05-08 10:05:43,2017-05-15 00:00:00
91e725244b1ed72249f35430530e8bcb,c4dc91bdedce7359df739e25b9b3a21d,delivered,2018-06-26 15:14:47,2018-06-26 15:36:28,2018-06-27 13:03:00,2018-07-03 22:50:09,2018-07-20 00:00:00
91efb21be6a9b69ab5e7f13f7dd74b3a,3b50ec863517ca1ed754cfd466fde4cf,delivered,2018-06-27 13:14:27,2018-06-28 09:10:39,2018-06-28 16:16:00,2018-07-11 23:08:25,2018-07-25 00:00:00
92067448c4d19cbdc8e0f8dd683e63b8,6c95355bb9260a9b0abbe3e226bd7a16,delivered,2018-05-03 22:41:07,2018-05-03 22:55:14,2018-05-07 09:17:00,2018-05-10 20:42:42,2018-05-23 00:00:00
9215daa2d711ae5055008f444f6688c8,8e9e8aa4d3d480bc21b3336de7eb9214,delivered,2018-01-14 19:00:30,2018-01-14 19:12:20,2018-01-16 13:57:05,2018-02-28 00:14:03,2018-02-09 00:00:00
92295e7114a22f7180b04673e44cda17,26d638f7504d7e7fbd443c2dde9dc070,delivered,2018-01-11 21:09:45,2018-01-11 21:19:24,2018-01-13 02:32:50,2018-01-24 16:18:48,2018-02-01 00:00:00
923858c3c7a920c2b0ac32ad75bb0280,bdaeccdb6aca7bd9cfd7a53ea93b41cc,delivered,2017-12-06 13:08:53,2017-12-07 03:12:38,2017-12-07 20:37:08,2017-12-14 20:37:01,2017-12-29 00:00:00
923cc27376a32cd0e1252597e42a5586,0ae1f70aec3c222c780ca0bfae1f1ced,delivered,2017-08-17 11:49:54,2017-08-17 12:10:11,2017-08-21 10:48:40,2017-09-10 14:13:23,2017-09-21 00:00:00
9241b8242fcfa16437e5eb1136ff9d1e,70ff28da691fcd6722d037a4eeee3bd6,delivered,2018-03-20 09:52:42,2018-03-20 10:08:09,2018-03-22 20:17:30,2018-03-29 21:16:41,2018-04-13 00:00:00
92599308ba8d89889268df82c199bae4,a33beafb12aa1f0e9e006b2446826721,delivered,2017-11-26 20:38:54,2017-11-27 10:35:48,2017-11-29 17:56:42,2017-12-17 19:18:47,2017-12-15 00:00:00
92744b8bd0b36fe5d9b3ea74a6edf994,9b2a6499fe7345f6cca25d1dc822a0e2,delivered,2017-11-03 09:18:15,2017-11-04 09:15:32,2017-11-08 21:13:45,2017-11-13 22:33:14,2017-11-23 00:00:00
927b55d4e72a05e5af01fa69bea2a4ac,870a43c2cb3de01267ee03d76d1200b4,delivered,2018-06-08 00:15:04,2018-06-08 00:34:33,2018-06-12 13:52:00,2018-06-13 22:11:13,2018-06-29 00:00:00
92ae7ea2c6f759b8aa53b32b59e0d142,0b0744596a26951c22c400dcf85c6e96,delivered,2018-08-05 14:50:19,2018-08-05 15:05:17,2018-08-09 14:04:00,2018-08-13 16:18:27,2018-09-06 00:00:00
92af6caa17b88fab18c4c443739e1f13,7e7631de70e8aab25d523be6c73d46dc,delivered,2018-04-10 10:35:35,2018-04-10 10:50:40,2018-04-10 20:17:42,2018-04-26 18:34:32,2018-05-02 00:00:00
92b2185ad7819322fe1488669fcb1f31,23ef610d8b7fac1024a8e4159496b90c,delivered,2018-01-20 18:40:21,2018-01-20 19:09:34,2018-01-24 18:44:32,2018-01-30 15:44:29,2018-02-14 00:00:00
92b48ee2f99d597171a30fc4a45e81ad,6c8c6dcacef23de010f797976a3a1790,delivered,2017-04-18 19:53:27,2017-04-18 20:05:17,2017-04-24 12:08:34,2017-05-11 12:24:12,2017-05-22 00:00:00
92bdfe9e203d9d027f9c26b8b39f6ec8,6739d1a6b151dfa87a505b1c8798edbd,delivered,2017-09-07 22:45:42,2017-09-07 22:55:14,2017-09-14 22:21:51,2017-09-23 13:41:20,2017-09-26 00:00:00
92c10d3fad01ec9df6ccf1fc0461ac60,b9a308c259d1ef624e6839499bad0762,delivered,2017-06-26 15:15:57,2017-06-26 15:25:23,2017-06-30 16:47:56,2017-07-11 16:17:56,2017-07-18 00:00:00
92e84486f579af569ada10423502d997,d10629372592c7e98e0ee8dcf235637f,delivered,2018-06-20 18:38:29,2018-06-22 02:58:13,2018-06-22 12:45:00,2018-06-28 20:07:49,2018-07-20 00:00:00
92ecc22dcdb92188d9866d8b120c5428,1c14557efe31e653bb8541d684865668,delivered,2017-11-10 13:14:22,2017-11-11 02:55:46,2017-11-16 19:12:30,2017-11-18 00:21:00,2017-11-24 00:00:00
932917bf5776b6b41c8184cde607a9bd,241510e91b641dc4a5646cb954e58cd3,delivered,2018-03-20 23:22:54,2018-03-20 23:35:31,2018-03-21 21:54:30,2018-03-24 02:06:09,2018-04-03 00:00:00
932fbcd8ff83452581f2b710115f094e,3391d14b67f9a497f056bb575a5f7a30,delivered,2017-05-06 12:16:26,2017-05-07 13:05:51,2017-05-08 11:44:07,2017-05-16 09:33:22,2017-06-08 00:00:00
9333298e9cc54a35f22242a9fc3a3ad0,7268d0d0a96aae2c0a19496f87fa9116,delivered,2018-07-06 21:20:26,2018-07-06 22:10:48,2018-07-10 12:12:00,2018-07-17 01:04:47,2018-07-27 00:00:00
9345b6d9c1df4782997d1f2157647d63,c65dd94e69fd51ea41f87abcc2f1a318,delivered,2018-01-21 11:47:02,2018-01-22 13:47:51,2018-02-06 17:13:13,2018-02-07 15:53:09,2018-03-19 00:00:00
934838488a3fc133b3cb9b1f716c5937,e7714a0cb7c1791ef6aecc21c8cff9c1,delivered,2018-07-20 00:41:44,2018-07-20 00:55:21,2018-07-20 13:50:00,2018-07-27 13:03:56,2018-08-10 00:00:00
934e266bc66e8ed5bba8266dfde60175,d34a8ca7db5feb905adc5be26b73db8a,delivered,2018-05-15 13:53:48,2018-05-15 14:30:35,2018-05-15 14:53:00,2018-05-21 20:29:24,2018-06-13 00:00:00
9365c8c75027cd5e429a9355f1e088b8,0491083e2ce781339e49382f4ccee438,delivered,2017-11-22 21:41:58,2017-11-22 21:53:37,2017-11-23 23:31:58,2017-11-29 19:40:02,2017-12-08 00:00:00
9378b5fa3133e86bb44a365e66c24b03,5993719f0ba88317472998a2f277f4e6,delivered,2017-10-03 10:53:53,2017-10-04 10:56:28,2017-10-06 11:35:09,2017-10-30 17:39:06,2017-10-30 00:00:00
937906bc0b6f522125f9b2a1f39cd358,482868844067445d78b5e33ed6bb2983,delivered,2017-11-24 07:30:08,2017-11-25 18:15:32,2017-11-28 17:43:21,2017-12-09 13:14:32,2017-12-08 00:00:00
937b8c2c23c033f63b1b46e876b2c385,83a993fed3d92d85d35e923ee7ee090b,delivered,2018-06-28 08:46:32,2018-06-28 09:10:32,2018-06-28 14:35:00,2018-07-04 21:05:28,2018-07-26 00:00:00
93aa1607392862dacfb4b54774480f1d,59ecb3cd1a0a6e1e028d208ee17a1765,delivered,2018-05-03 12:37:17,2018-05-03 12:55:06,2018-05-04 11:48:00,2018-05-09 15:12:03,2018-05-28 00:00:00
93aa3771306828f17309cce989a90e5f,d73a7b09f610f81f5c49adb582aeccf6,delivered,2018-03-05 15:32:14,2018-03-05 15:49:36,2018-03-10 00:18:43,2018-05-02 21:42:47,2018-03-26 00:00:00
93ae3d70a721582a8c0a1d28d804f947,2d994a14e9afaada433bf6e7509a8272,delivered,2018-08-07 20:40:10,2018-08-07 21:04:54,2018-08-08 16:38:00,2018-08-09 23:52:32,2018-09-03 00:00:00
93c781a8790c89bac596f6ff7d924c73,a23d6020f4bb2913acca5668e20c1e8b,delivered,2018-07-03 09:52:19,2018-07-05 16:31:10,2018-07-04 11:06:00,2018-07-10 20:11:08,2018-07-30 00:00:00
93e01af1a5d9d9d64c5668ec037ed020,056da52b4e48dfc71f202b78016c2ffa,delivered,2017-07-02 17:18:39,2017-07-02 17:30:10,2017-07-06 13:29:00,2017-07-14 18:47:45,2017-07-21 00:00:00
93ec3e2c9a4beee38c28973d307093e1,330ca6b207006779da875ef48faef608,delivered,2018-03-29 14:27:41,2018-03-29 14:35:21,2018-04-04 23:16:22,2018-04-06 22:52:39,2018-04-11 00:00:00
93f09cc1052604f96116493cbf93606b,75c610c81bc7d8a4d8f1629725bfb2db,delivered,2018-07-29 20:40:06,2018-07-29 20:50:21,2018-07-30 13:40:00,2018-07-31 16:32:53,2018-08-02 00:00:00
93f0b28291bddb8a70034aa5138ddf24,0bb40a0d7f0a7d3380f5543254ee0dbc,delivered,2017-11-23 19:55:23,2017-11-23 20:07:23,2017-11-28 00:55:45,2017-12-15 20:39:04,2017-12-18 00:00:00
940c5c8cc3ea86ca75804a5c8c350533,d9da4a83636f43e5e1c3da67b4d30bf2,delivered,2017-03-20 21:21:37,2017-03-20 21:21:37,2017-03-22 17:23:21,2017-03-29 15:54:00,2017-04-10 00:00:00
940f98f306f127ddd621e4a991e03478,d52da13f5938784b86666bade7b1d578,delivered,2017-07-27 12:40:56,2017-07-27 12:50:17,2017-07-27 20:24:20,2017-08-09 20:16:47,2017-08-28 00:00:00
94179e454a575df8240e5f5246490129,60e93aa280a9925a2af61c812bc4e1c8,delivered,2017-04-29 14:34:26,2017-04-29 14:45:14,2017-05-02 14:09:00,2017-05-15 04:43:56,2017-06-13 00:00:00
941d226d049bdb705438d2df05047b54,054768a77848b10d24141691cddd0ed1,delivered,2017-09-21 22:27:12,2017-09-23 02:26:18,2017-09-25 19:54:52,2017-10-05 14:52:47,2017-10-25 00:00:00
94205d5566885abf3cb4da408bdb1ae9,985b5459eea14ff861542abf5f843f19,delivered,2018-07-14 08:11:55,2018-07-14 08:25:10,2018-07-16 14:51:00,2018-07-26 18:34:40,2018-08-03 00:00:00
942818fe0196e1b31017bffb40c048ba,40505a7ba5cb60766eb5fc4d8f696e45,delivered,2017-11-11 05:58:30,2017-11-14 03:47:11,2017-11-14 16:46:54,2017-12-05 15:48:41,2017-12-08 00:00:00
9444fa2ab50a3f5af63b48be297eda24,661897d4968f1b59bfff74c7eb2eb4fc,delivered,2017-09-09 15:40:00,2017-09-09 15:50:24,2017-09-11 13:43:41,2017-09-18 20:21:42,2017-10-02 00:00:00
945cebd7f0d6886e7971663839507ec4,c69e9b9095b1491d57aed0483eb1b9e6,delivered,2017-12-06 13:07:22,2017-12-06 13:14:30,2017-12-07 18:09:14,2017-12-18 21:09:33,2017-12-29 00:00:00
945fb6d37a9ca75061ff8741ae8c19ab,2ce5aa9694357295fe3be39eec08fe85,delivered,2017-06-06 16:19:01,2017-06-06 16:50:27,2017-06-08 12:38:36,2017-06-16 18:51:42,2017-06-29 00:00:00
9482fa3487de3e3fec62063176aec6f2,26e6fdbbb84f6320f93ede3130b43050,delivered,2018-03-21 11:32:01,2018-03-21 11:48:18,2018-03-22 20:09:07,2018-03-23 23:04:27,2018-04-03 00:00:00
948368c5523e4c43acf831fa3353992b,8bc0984a1c087377e468ef59faaf37d7,delivered,2017-08-18 08:45:59,2017-08-18 09:04:24,2017-08-22 19:52:30,2017-08-23 14:22:35,2017-08-31 00:00:00
94876636c0c9ddd3455bffe120d95c68,e1d569375b1ae9c7f97e864718ab4b50,delivered,2017-11-08 17:07:41,2017-11-09 04:31:09,2017-11-10 21:21:15,2017-11-13 18:12:45,2017-12-06 00:00:00
9497fdeba0ce6632e8e88b47fba765fe,6486e770116c56de60003384fba4f50e,delivered,2018-04-11 23:33:17,2018-04-11 23:50:03,2018-04-12 19:14:57,2018-04-20 18:42:01,2018-05-03 00:00:00
94a71bedec852e752e86d530d03d6061,c0883596c39dea12f6d9de1259fc0517,delivered,2017-02-07 18:31:57,2017-02-08 03:10:21,2017-02-09 14:38:45,2017-02-21 13:34:58,2017-03-20 00:00:00
94acd425f088b17d675c6f8801f9dcfb,1d2e7f83429d507b35c9ea68731ca3f2,delivered,2017-09-29 13:41:11,2017-10-03 03:49:15,2017-10-03 18:46:44,2017-10-12 16:17:24,2017-11-03 00:00:00
94c6026e6a2dcfeb6847cef50df19736,4419ffd0c94c3507645f8a8e87e42fff,delivered,2018-01-09 13:54:01,2018-01-09 14:09:34,2018-01-11 21:48:48,2018-01-19 21:03:53,2018-02-01 00:00:00
94ca38619d7e64f94facac403a99682d,ea6ba2b2e27f7efea73bdeab7fd6e4a0,delivered,2018-07-28 13:13:00,2018-07-30 16:05:13,2018-07-31 12:57:00,2018-08-06 12:32:07,2018-08-13 00:00:00
94d97c26cd5ca2a98749be9e672b44d4,d1a0299b96bb74b36b5be8c849f188b4,delivered,2017-08-25 12:23:08,2017-08-25 12:35:28,2017-08-30 10:30:13,2017-09-11 17:55:51,2017-09-27 00:00:00
94da085d2799047c766f7df765931c49,5de8dd029fb7e408888f5694443eb801,delivered,2018-08-10 08:01:54,2018-08-11 04:35:17,2018-08-13 15:46:00,2018-08-16 21:12:08,2018-08-29 00:00:00
94df1f9b9ae08c944036a4ef894be868,6b98e2694f54c88081d697a859f2eb1a,delivered,2018-03-05 09:45:00,2018-03-05 10:40:36,2018-03-09 01:07:25,2018-04-14 00:25:36,2018-04-03 00:00:00
94eadd6bc72a7dde85095b20f33e06e9,7f85abb2fd74817e5580b4405ef2bb08,delivered,2017-12-11 23:03:04,2017-12-13 02:39:39,2017-12-14 13:48:40,2018-01-26 16:52:54,2018-01-05 00:00:00
94f07507c9b68ea4fd0a02fdba2a6fdb,446e65f5cfcd5e9c1f61d1fd818f490e,delivered,2017-06-28 09:53:14,2017-06-30 02:50:13,2017-07-01 08:19:41,2017-07-13 20:03:46,2017-07-31 00:00:00
95287574a39117622fd74f06cadf5eae,9d763d8a54fb8bb371f06d0ec3d9a7de,delivered,2017-08-05 08:25:09,2017-08-05 08:35:43,2017-08-08 13:18:08,2017-08-18 19:03:51,2017-09-14 00:00:00
952b0fbb4e6916733377e53f96398051,1aaa1acb23a33441fc718d54cae7dc13,delivered,2018-06-13 21:26:38,2018-06-13 21:58:47,2018-06-14 16:05:00,2018-07-10 13:06:42,2018-07-19 00:00:00
953b30be6cd0f69c4339736550b2dc1c,a7f63fc7e159c61aef716577c3052bbb,delivered,2018-04-24 10:03:41,2018-04-25 03:51:18,2018-04-25 14:08:00,2018-05-03 17:16:28,2018-05-18 00:00:00
95442deb81a5d91c97c0df96b431634a,daddb546b42f656e57ba8a3cf71a309f,delivered,2018-07-19 11:54:25,2018-07-20 04:45:21,2018-07-23 08:22:00,2018-07-26 16:16:59,2018-08-02 00:00:00
954ecf032c0fbd43696c6b12baaa293b,80db9468205ab8feeb73722948bbce52,delivered,2018-02-15 19:02:19,2018-02-17 03:47:51,2018-02-20 20:17:08,2018-03-07 20:33:08,2018-03-14 00:00:00
9553913bb01853f78a265724d13eda3a,0da511c15dd976bb8df4ece33cfc38dc,delivered,2017-02-23 23:49:22,2017-02-24 01:05:27,2017-03-01 14:53:57,2017-03-07 09:38:54,2017-03-20 00:00:00
9557c06b25706a833b8edf4783ea5661,3b02ed61740c727eb497d5e1cbd0ae84,delivered,2017-03-16 16:20:49,2017-03-16 16:20:49,2017-03-17 11:03:35,2017-03-22 12:27:50,2017-04-04 00:00:00
956e905489c92b9c9478e8bd23609261,0d76279b65c015e327c53010755bd67d,delivered,2017-07-07 01:32:08,2017-07-07 01:45:06,2017-07-10 20:00:00,2017-07-13 14:23:13,2017-07-27 00:00:00
958407f3ab4e9f0d5d03a341f3840ce2,f1d8392057447bcc4dedf77c9a80edb1,delivered,2017-12-03 11:51:41,2017-12-03 12:11:58,2017-12-04 21:03:20,2017-12-08 13:51:45,2017-12-20 00:00:00
958da7d574d07d1acbcf0c5c0f5ea9b6,c3c2890de4f0b5e1dd05a3de8947bf30,delivered,2018-04-14 12:12:34,2018-04-14 12:31:58,2018-04-19 14:45:39,2018-04-23 13:15:39,2018-04-26 00:00:00
959815491185d6d44b4adfb9caaf3b9f,c81491642e6cb5de152793df9069b300,delivered,2017-03-12 11:12:01,2017-03-12 11:12:01,2017-03-14 10:58:26,2017-03-27 12:56:07,2017-04-18 00:00:00
95b02752714c6c5c8aab8570ab649d52,83c128364cdccfe3400af155692569e3,delivered,2018-04-11 10:47:51,2018-04-12 05:11:26,2018-04-12 19:13:28,2018-04-23 15:22:42,2018-05-04 00:00:00
95d9d2979d40161be87292ff88563cba,e4721b61e8d2b4b85d606809f6baa292,delivered,2018-06-07 23:42:37,2018-06-07 23:53:58,2018-06-08 14:15:00,2018-06-16 16:44:34,2018-06-26 00:00:00
95e07772220c46b29b44d09579d28662,6620f3561e31ae438976c2c4c8981d1b,delivered,2017-06-11 20:20:40,2017-06-11 20:30:29,2017-06-12 14:04:17,2017-06-27 13:18:51,2017-07-17 00:00:00
95e4477d8423c69a93c55d840e02d9ba,42048dec015103c5b5715657565ec274,delivered,2017-01-28 23:55:20,2017-01-29 01:31:04,2017-01-30 16:14:36,2017-02-10 00:09:16,2017-03-17 00:00:00
95efc26128229ac33bfc67d4fce8fa28,0910359fc88a7c2610a39c0d417bd2a0,delivered,2017-08-14 20:46:10,2017-08-14 21:30:14,2017-08-16 17:34:03,2017-08-29 16:29:52,2017-09-28 00:00:00
95fba842978e008c75e640b1908f1867,a5817e13f0c91bdfddfb326c341451ed,delivered,2017-07-08 21:30:18,2017-07-09 06:43:07,2017-07-10 18:27:49,2017-07-15 03:03:25,2017-07-21 00:00:00
95fd02c37f493e9525e3d3c1ed54653a,8bb46af2da65493427799b95d0739d34,delivered,2018-02-27 13:13:59,2018-02-27 13:28:43,2018-02-28 20:56:41,2018-03-01 12:59:14,2018-03-13 00:00:00
9621eafd687a505c4f065d9181331a48,89ea2f69941fde6370dfb8f85e57f15b,delivered,2017-09-18 10:50:16,2017-09-19 10:56:09,2017-09-20 18:04:00,2017-09-27 17:30:21,2017-10-06 00:00:00
962b2008b2f1e396e0d30b76caa96832,706cb4fa45140c2466f192e6d449f656,delivered,2018-02-26 16:49:57,2018-02-27 05:30:55,2018-02-28 16:42:45,2018-03-02 19:54:52,2018-03-12 00:00:00
963030216f9dfae3f21a1660bfed8274,943db5b732a10f928de356cc1d7fb075,delivered,2017-02-05 20:21:51,2017-02-05 20:35:12,2017-02-06 10:14:47,2017-02-10 17:44:53,2017-03-01 00:00:00
9632facd8bd95315d63a23bf616d85b0,7e395b4bf53aea8c56b1213f1b801411,delivered,2018-01-14 12:31:15,2018-01-14 12:39:24,2018-01-15 21:56:33,2018-01-19 22:39:01,2018-02-07 00:00:00
967c49716bb3079dd0f2e8cc27301f92,7fa0ece685214f548326f60d4e038b8d,delivered,2018-04-25 22:39:35,2018-04-26 11:31:02,2018-04-26 13:17:00,2018-05-08 22:55:28,2018-05-25 00:00:00
9680f3fdc078a63f1a4d5fca0f7790d8,5b568ab7c02d7f4a30b1441d020feac3,delivered,2018-03-23 15:53:12,2018-03-23 16:08:46,2018-03-28 21:21:37,2018-04-02 22:38:41,2018-04-16 00:00:00
96855425ac02c08fd0467f1fa9186d4d,606455b5cf65c6a0faf47740d836d62a,delivered,2017-05-25 09:43:38,2017-05-26 02:35:20,2017-05-26 10:08:25,2017-05-29 16:21:57,2017-06-07 00:00:00
96908b69c6dfbc8e2c29c2a2142a93a1,14c4d965ac30b8a1bfb2ae2625080682,delivered,2018-07-08 09:34:45,2018-07-10 04:30:47,2018-07-10 11:36:00,2018-07-13 15:58:30,2018-07-23 00:00:00
969d261a3f4c639b3acdc0ba090fc039,5dcef2fba7e67510cfd99ea3851b58fb,delivered,2017-12-06 10:34:17,2017-12-08 10:33:32,2017-12-22 18:44:53,2018-01-08 18:14:00,2018-01-23 00:00:00
96a829e0e554c697670638997aadc45b,70fbbcd5673a81a5827edcbb5d3f2e59,delivered,2017-04-19 15:02:03,2017-04-20 02:45:36,2017-04-25 14:48:00,2017-05-15 13:16:14,2017-05-09 00:00:00
96ae30a2357a999e6010b2f1401af374,44ea012b92b665f5f4c775f3f0a63d7b,canceled,2017-07-31 16:37:31,2017-07-31 16:50:17,,,2017-08-18 00:00:00
96c85fb240067205674e99425c5df3de,56e72c1aea322da215031c4ec20a23eb,delivered,2018-02-06 16:32:15,2018-02-06 16:51:48,2018-02-28 20:49:12,2018-03-20 01:31:05,2018-03-16 00:00:00
96c898ec831c5199304b2b5b43157ede,928b905d5421373dee94974bd164bfb4,delivered,2017-08-20 11:32:29,2017-08-20 11:45:11,2017-08-24 19:36:46,2017-08-30 20:33:07,2017-09-15 00:00:00
96fbf81fa0815632ed37610e1ab103b6,4c30b8d32ec9e6a0eeb71301e2403031,delivered,2017-07-07 18:15:56,2017-07-07 18:30:07,2017-07-12 20:43:25,2017-07-24 21:03:32,2017-08-07 00:00:00
970390fb495e959776145e1bfe58de8a,4dc18367d91f3e5a8676608d536153cc,delivered,2017-07-30 22:02:19,2017-07-30 22:15:18,2017-07-31 18:39:54,2017-08-01 16:42:16,2017-08-11 00:00:00
970a70981a389f6826a1e0427823f9fc,fd866c2c21e9fe3acdd94820ad6628ca,delivered,2018-04-18 23:03:54,2018-04-18 23:15:24,2018-04-20 22:58:36,2018-04-25 20:26:40,2018-05-18 00:00:00
972e7938b32b93b78bf5faf4358ad5fe,bb8edaaa3e1c1233e6c0c2692676c0a3,shipped,2018-07-24 01:35:56,2018-07-24 21:05:23,2018-07-25 11:51:00,,2018-08-14 00:00:00
9735dec1ed2250c0791871ceed7a0161,12388b49e68e75381131ee52c3b990de,delivered,2018-01-24 22:54:12,2018-01-24 23:16:10,2018-01-29 18:07:11,2018-01-30 23:58:46,2018-02-08 00:00:00
97479dca48e26f93b2d370551d4603c5,913a32a0484c74b243581cd8b1821ae9,delivered,2017-09-06 17:41:59,2017-09-07 17:50:11,2017-09-12 14:56:30,2017-09-18 15:14:12,2017-10-03 00:00:00
9760a853206ee0cabbd18c7449b4edb2,73f19019441231f1035041265b3a8b0c,delivered,2018-04-12 15:44:28,2018-04-14 09:55:12,2018-04-16 17:52:02,2018-05-04 22:39:41,2018-05-15 00:00:00
97629524819bce0eba7d519f19af5810,242857ffefcc13d9568c6ce10011ce43,delivered,2017-06-30 09:29:49,2017-07-01 04:43:28,2017-07-10 19:04:53,2017-07-20 20:48:55,2017-07-31 00:00:00
97998b2b2e9a8fdfaa4ed32426a52878,acc8347e3fee97262099a0f0baa1bcb4,delivered,2018-05-17 16:46:57,2018-05-18 00:14:42,2018-05-18 14:30:00,2018-06-01 23:33:14,2018-06-13 00:00:00
979fdfc1766453994df684ee9637ec80,03561aef46e7dc993d752d9edf39d31c,delivered,2018-07-12 19:53:04,2018-07-14 02:35:17,2018-07-19 11:43:00,2018-07-26 00:58:35,2018-08-10 00:00:00
97a046d5a9aba90849e4279fdd014fb9,7aa45f0da7dbc08f11d376d597b2403f,delivered,2017-03-11 18:39:33,2017-03-11 18:39:33,2017-03-15 11:58:26,2017-03-27 12:23:06,2017-04-04 00:00:00
97a982d424741dfe24bc1ca5d943ad70,c7e92b25149aedfc40b8f3c297e44f47,delivered,2017-11-27 15:32:57,2017-11-27 15:58:20,2017-12-02 17:09:44,2018-01-09 22:04:15,2017-12-26 00:00:00
97abdc70b137f4f0934fb120debe3b58,b8462c3f21655612e6a542de03fc2017,delivered,2018-02-22 06:09:19,2018-02-23 02:15:33,2018-02-27 21:09:47,2018-03-09 19:32:02,2018-03-20 00:00:00
97ae631fa495a9b1e3a4b4f14379846c,d5274e418a2364b48a3399c4fadccbf6,delivered,2018-08-16 14:01:17,2018-08-16 15:05:28,2018-08-22 14:21:00,2018-08-27 18:41:26,2018-09-03 00:00:00
97b7decf3d24b8e8db00cab51c75c372,1435bc9dbfa94236680b508f50c9722a,delivered,2018-07-20 09:06:18,2018-07-21 03:23:56,2018-07-23 11:42:00,2018-07-28 19:31:33,2018-07-30 00:00:00
97b8a149d521ea9fbbbce767a458846e,b34d6bae5e0a3076568c8f04faad2c26,delivered,2017-06-17 21:58:41,2017-06-20 11:24:00,2017-07-06 10:27:36,2017-07-08 11:12:11,2017-06-30 00:00:00
97bca524044b6fffcdbcc4ced6e2390f,5a31560ab7821af245ac21f6ede6f4c3,delivered,2017-10-03 21:30:44,2017-10-03 21:49:42,2017-10-04 21:34:10,2017-10-05 22:02:40,2017-10-19 00:00:00
97ce9044c88c7c3bd44f55e78116af2d,e4f83c2e0670d9857f2f19c2b5dff6b3,delivered,2017-11-12 23:51:38,2017-11-14 03:35:30,2017-11-14 13:36:39,2017-12-08 14:32:16,2017-12-12 00:00:00
97d0a7726f58ed266c7501929e1ea81d,a5870c43e5dc9630238f6e1af26c5b3a,delivered,2018-01-03 22:28:58,2018-01-05 02:34:50,2018-01-09 01:57:58,2018-01-11 19:19:34,2018-01-26 00:00:00
97d6ed0a050dac6d990b16908ce0a5fa,f4fb89f8cebad5f1a88a9df87c7a6b14,delivered,2018-07-25 21:24:26,2018-07-25 21:35:15,2018-07-27 14:49:00,2018-08-09 01:28:22,2018-08-17 00:00:00
97eb8123f2508dda8d9234f0aca79572,29e139325c0dac2e5a95c165699b68c3,delivered,2018-04-13 14:54:22,2018-04-13 15:13:22,2018-04-19 00:37:33,2018-04-24 16:12:09,2018-05-02 00:00:00
97ed3c46d9b6ed13afaa7d8779322d5b,e06e47b5560e84764eff2349b2b33f31,delivered,2018-05-22 19:00:29,2018-05-22 19:17:27,2018-05-25 13:48:00,2018-06-03 12:51:45,2018-06-07 00:00:00
97f06fe395ce93098b2deafe88e888c4,547c1c5240ab52551513cdd2d3ec52a2,delivered,2017-12-05 16:24:16,2017-12-07 16:16:27,2017-12-09 00:06:59,2017-12-18 22:22:18,2018-01-09 00:00:00
980044cb2540e5978dc610bcc47bb9e7,5c5539a9bb527a0c669e8addeff05e07,delivered,2018-08-01 01:11:52,2018-08-02 03:05:21,2018-08-02 14:20:00,2018-08-09 14:58:37,2018-08-27 00:00:00
9804e30eb21a5fe72b152d69138887e9,be536975aca27e27b28b1a77c0c61f86,delivered,2017-07-12 23:24:00,2017-07-12 23:35:12,2017-07-13 19:57:39,2017-07-24 19:11:51,2017-08-07 00:00:00
981cb41791006b79817f4b05721fbe10,65a8b22f8c8c886648f53bdf0bd7072d,delivered,2018-04-17 16:10:19,2018-04-17 16:30:34,2018-04-23 18:36:49,2018-04-27 11:22:28,2018-05-10 00:00:00
982bda28a7b217851c89aec9e7ea5c6d,19828778bc743cbc74d195dacf2e28ea,delivered,2017-07-30 01:52:02,2017-07-31 06:45:09,2017-07-31 18:26:55,2017-08-10 19:54:47,2017-08-22 00:00:00
983de0fdf98ff06d6cf1c379f7540f7f,2b468844813abceb44b6cd3cc7dc6b81,delivered,2018-06-11 21:04:10,2018-06-11 21:40:32,2018-06-12 18:14:00,2018-07-03 16:03:56,2018-07-19 00:00:00
98515e643e7cc228244834ea1b21a345,41ccf0d29107e844c5fcbddcf1dd3799,delivered,2017-12-26 12:57:03,2017-12-27 04:07:49,2017-12-27 16:42:19,2017-12-28 18:36:22,2018-01-22 00:00:00
9855054362f487c4f25172bd0b8a44cf,3ad37c1be46629ea6935f7eb2362b380,delivered,2018-08-15 16:30:22,2018-08-15 17:04:00,2018-08-16 15:47:00,2018-08-22 17:32:28,2018-08-27 00:00:00
9857b5a9423566b75667ef0fb926bd5b,380836707fbc92b86912f06cb61db79a,delivered,2018-08-10 03:22:25,2018-08-14 04:30:20,2018-08-14 17:20:00,2018-08-20 20:38:51,2018-08-30 00:00:00
986eb0e0707439d7852369091e0fa8d9,60c802af0877256040e46984f351f3e6,delivered,2018-05-16 09:56:56,2018-05-16 10:12:47,2018-05-17 13:50:00,2018-05-21 21:22:42,2018-06-04 00:00:00
988a21449c85e5aab93c446596246149,98cea627e0afae6f6e71fa86174b819c,delivered,2017-03-09 12:52:31,2017-03-09 12:52:31,2017-03-13 13:11:44,2017-04-20 09:44:13,2017-04-12 00:00:00
989c69b80eadc79ccae5fe89c92a35ce,2d48f4b0f15931ea30ce7b0d4871dd4e,delivered,2018-06-24 23:18:37,2018-06-24 23:34:15,2018-06-25 10:40:00,2018-06-26 23:25:24,2018-07-05 00:00:00
98a9159e1817e774888c9252f23283e6,96ff2fb4e02f1ad659f61b82516fb087,delivered,2018-08-13 08:50:36,2018-08-13 09:04:27,2018-08-14 13:49:00,2018-08-17 22:04:45,2018-08-27 00:00:00
98bd62478f45e100b026c030c5b0b121,c26860c28284ae4ae0c44c2ddb8fbbac,delivered,2018-08-05 08:15:58,2018-08-05 08:25:09,2018-08-06 12:18:00,2018-08-13 14:38:40,2018-08-21 00:00:00
98bd948995276012ef529fe379949f4a,57586d586212de079c4fa6fcb7fb80c2,delivered,2017-12-14 14:41:04,2017-12-14 14:50:41,2017-12-14 23:36:52,2017-12-21 12:48:51,2018-01-09 00:00:00
98dbf8445c584d2354afd1a0ad55c033,82532b2c41a2e45166b1e5a01d1df651,delivered,2018-07-05 10:42:33,2018-07-05 16:09:14,2018-07-05 15:49:00,2018-07-10 15:36:32,2018-08-09 00:00:00
98f80eddddaaa6c3e5dea02ff36ad263,d821071edc6be2316b5bb7b4bc6d6b12,delivered,2018-01-19 19:59:21,2018-01-19 20:17:02,2018-01-23 00:12:45,2018-02-19 21:59:55,2018-02-14 00:00:00
98ff4145b11d1c215563ee9ca819f5da,44817a7e295559061d5039eca7fef837,delivered,2018-02-28 16:31:28,2018-02-28 17:41:18,2018-03-06 19:22:05,2018-03-19 22:57:44,2018-03-19 00:00:00
9941a0a6225e94809b6d9955bb16b594,7ea85f585581eb47056e7d88bc9dd900,delivered,2018-03-26 10:35:15,2018-03-26 10:47:54,2018-03-26 23:08:47,2018-03-27 17:12:59,2018-04-09 00:00:00
9966919513b173e92155677f14ec8a67,05f830d6d4afd135824b04ce45d20f00,delivered,2017-12-05 21:26:28,2017-12-05 21:36:23,2017-12-07 14:32:54,2018-01-04 17:58:50,2018-01-09 00:00:00
9973f9740bab3248c510c83fb2a8960f,0225ea6650051752e6352a65f4316c49,delivered,2018-05-18 09:49:56,2018-05-18 10:46:17,2018-05-18 15:15:00,2018-05-22 17:39:39,2018-05-28 00:00:00
997e6bea52d4cfdae5cbbf67c2ded47b,a846b4c71577e96d467393b192b4e3d0,delivered,2018-08-13 14:13:05,2018-08-13 14:25:17,2018-08-14 12:04:00,2018-08-15 19:22:46,2018-08-17 00:00:00
99917575a602235938d9572d18ad0caf,e14fffe9e8a1c37261430c6f9c7a96b1,delivered,2017-10-14 20:22:17,2017-10-14 20:36:35,2017-10-16 16:34:09,2017-11-13 20:09:42,2017-11-16 00:00:00
99ca85d0497f1b958fabcd12b46168e6,f61b744f032d3de6c01387227322b865,delivered,2017-10-15 14:31:50,2017-10-15 14:45:02,2017-10-18 21:58:53,2017-10-23 17:20:03,2017-11-10 00:00:00
99dc6d9fbacb076c3843ffdc647b3c11,83ebae14081d4c34019e8c1811df86f7,delivered,2018-06-16 22:52:32,2018-06-16 23:15:51,2018-06-18 13:54:00,2018-07-06 00:42:52,2018-07-24 00:00:00
99f6c1d7b0c56f9baeef70fd96baeb2c,a11d6dfaf3c860e2fb8e9476ac3feea8,delivered,2018-02-27 14:10:43,2018-03-01 02:48:50,2018-03-01 21:10:13,2018-03-09 01:59:21,2018-03-19 00:00:00
9a0a251a3ac90a0e31fe227f08520cb4,f60343ab919f4c92c6684d9fff0ed1ee,delivered,2018-04-27 13:33:36,2018-04-27 13:53:04,2018-04-30 08:22:00,2018-05-08 22:52:07,2018-05-24 00:00:00
9a0b56e930f6e5cd70a4662400e4e6b5,dcdc9c7e585f8d8992ea33d72b924a64,delivered,2017-10-15 23:18:35,2017-10-15 23:28:12,2017-10-16 22:33:02,2017-10-19 18:27:40,2017-11-07 00:00:00
9a14984b8e92e2c06592b0de08ae9fb3,fac351d77b3663c1c9f35cd6c2c23fbd,delivered,2018-03-03 10:08:51,2018-03-03 10:28:32,2018-03-05 19:28:40,2018-03-27 02:58:42,2018-03-26 00:00:00
9a1d09360fb93ff8ae57b066fe14bc62,8c6d6ced29074dffd258f47c91c215a3,delivered,2018-06-29 17:53:10,2018-06-30 04:35:20,2018-07-03 06:23:00,2018-07-06 13:54:42,2018-08-01 00:00:00
9a1d12fbdb2aa498f08b214188f80b57,27e9d0125746e472bfffeede1335dce5,delivered,2017-06-14 15:03:40,2017-06-17 03:24:59,2017-06-19 09:18:55,2017-06-26 16:56:01,2017-07-11 00:00:00
9a439ff6164772f13fa6a5191be3d29c,f974ad9260c7d7e235f59817a2b45a47,delivered,2018-05-02 16:14:24,2018-05-02 18:31:26,2018-05-08 07:44:00,2018-05-14 23:04:32,2018-05-24 00:00:00
9a5d120ae552d50b367cad2bbd87caa0,01ee3674cbbee7421ea03a3549f0c74d,delivered,2017-05-07 16:18:17,2017-05-07 16:30:17,2017-05-09 06:48:37,2017-05-29 09:25:51,2017-06-12 00:00:00
9a75fbfdd0e2d8c9285edc0b65879551,4261d379abbe3b24d286307899f081c8,delivered,2018-05-06 22:05:59,2018-05-08 19:34:59,2018-05-10 14:27:00,2018-05-15 01:42:49,2018-05-25 00:00:00
9aa6637f278e37448385a4293706e8ae,53c4e91c6e006b404ab61e39e24bc769,delivered,2018-05-03 14:28:54,2018-05-04 14:30:38,2018-05-07 11:43:00,2018-05-08 15:54:22,2018-05-22 00:00:00
9aa6e0715c13dfb78529a2fe1a837212,1da06fdbdc30694422db7444851502c4,delivered,2018-03-28 23:17:35,2018-03-28 23:30:15,2018-03-29 17:58:42,2018-04-04 21:26:32,2018-04-20 00:00:00
9ab17910110e2869d3b5644d2002eb40,c0fa7f3347b157aa5d82b3c2f55ef164,delivered,2017-12-06 21:30:32,2017-12-06 21:38:26,2017-12-07 19:48:33,2017-12-08 17:51:56,2017-12-22 00:00:00
9ab5804f143a0859cfc1b3a0ca126e6f,7d9d6c4d34962c84f0d06f33b5db1514,delivered,2017-11-24 08:18:54,2017-11-24 08:31:57,2017-11-24 21:09:30,2017-11-26 15:34:53,2017-12-08 00:00:00
9abcdeded6b253b59272fb76b83b1f6a,a9fd12387efd701b1cd170637315b773,delivered,2017-03-24 22:17:46,2017-03-24 22:25:13,2017-03-29 11:44:10,2017-04-03 14:43:58,2017-04-20 00:00:00
9ac048d7ffebba67d54456aa9ec07d7e,43b2b1e92aa657113661dae48ca9e17c,delivered,2017-11-20 18:50:52,2017-11-20 19:09:29,2017-11-24 18:24:57,2017-12-05 22:56:43,2017-12-12 00:00:00
9ad9351ae71f76e5eba268bb2f667959,fcb084dadc25471f119e59cfe794aa99,delivered,2018-02-02 12:06:05,2018-02-02 13:12:56,2018-02-07 17:22:18,2018-02-14 21:05:06,2018-03-05 00:00:00
9aee4ebad2ec4e0ac243cfd62de682e7,cc17e813b63c679d370ab359fc852e26,delivered,2017-03-19 08:00:10,2017-03-19 08:00:10,2017-03-20 10:38:13,2017-04-05 17:09:43,2017-04-10 00:00:00
9af45b618745db1a57fbfbeaceedc889,4e798bde1c7399fbb0763d0f35d9af07,delivered,2017-02-18 16:54:35,2017-02-18 17:10:12,2017-02-20 06:43:35,2017-02-22 16:22:09,2017-03-17 00:00:00
9b027054a981a89fca1af6a5341e81e2,e4c5a9dddf667522845dbcb2312c40c7,delivered,2018-08-18 13:49:02,2018-08-18 14:09:19,2018-08-20 15:39:00,2018-08-22 14:46:39,2018-08-24 00:00:00
9b05e5be44c83c64626fb21d4bba7118,41c3397f98f68a96ed458e8db47782e5,delivered,2017-11-13 16:12:04,2017-11-13 16:31:44,2017-11-14 23:16:48,2017-11-20 14:51:31,2017-12-04 00:00:00
9b0f7f462c34c45144ec11e414eccab1,99a50e0d375610b72d2347ba456f3217,delivered,2017-10-23 11:33:12,2017-10-24 06:34:50,2017-10-30 20:26:46,2017-11-13 18:32:54,2017-11-14 00:00:00
9b189f6cf2ef734a7dd0419ed3c64d99,f8508e9ec506a046a25f3a4a63d0c630,delivered,2018-05-11 10:49:39,2018-05-11 11:09:02,2018-05-14 14:49:00,2018-06-25 13:08:37,2018-06-13 00:00:00
9b1c817fd98473c0a0dab2a95b5979a6,1be70cd84bb8fdc5c77a52054d6250f8,delivered,2017-08-06 19:10:12,2017-08-06 19:25:17,2017-08-09 14:20:42,2017-08-22 14:16:23,2017-08-29 00:00:00
9b2ebe500ef39b85f806d10abada8bc3,dfebcf7db4ef8d9311b198edd05a0514,delivered,2017-05-28 20:10:39,2017-05-30 04:50:25,2017-05-31 08:22:17,2017-06-07 11:40:01,2017-06-19 00:00:00
9b32795311e821b3314911f55bb8a327,d9946163c70bfc5dccb45abf8786ef0d,delivered,2017-06-09 13:52:07,2017-06-10 02:50:38,2017-06-14 07:37:02,2017-06-19 11:53:36,2017-07-10 00:00:00
9b4b9dac4727545d6a2a43633e62faf9,60ed2813fa78b43f432e38f812188271,delivered,2017-03-01 15:19:18,2017-03-02 03:41:48,2017-03-08 15:43:10,2017-03-13 10:15:43,2017-03-24 00:00:00
9b4c32557fa9eadd42717fd0f2e255a9,842d12d786d651f7b93223525fd5d483,delivered,2018-03-28 11:26:12,2018-03-29 03:10:33,2018-03-29 17:58:31,2018-04-10 21:07:33,2018-04-16 00:00:00
9b4f84a4215a234a6e69b47e77183d4e,982f89f0ccbea2fd3ca4c8edc3599efa,delivered,2017-12-14 09:47:41,2017-12-14 09:55:23,2017-12-15 17:31:46,2017-12-19 20:17:13,2018-01-09 00:00:00
9b73a14423c28802182017b0c3295a4f,1555875adb702869814601fd4a7cbe75,delivered,2018-04-28 15:07:38,2018-04-28 15:33:23,2018-04-30 14:36:00,2018-05-03 22:05:44,2018-05-09 00:00:00
9b75cdaf2d85857ef023980e15d01546,1790ea7644578180c232ae2249ee4486,delivered,2018-06-14 07:34:05,2018-06-14 07:57:36,2018-06-15 14:15:00,2018-06-19 01:28:42,2018-06-26 00:00:00
9b7cadbb92caa7ecc994bc25a7932963,670a432cf10d38da64efeaf03fcf6385,delivered,2017-07-14 09:22:32,2017-07-15 03:35:28,2017-07-20 15:47:48,2017-08-28 22:09:42,2017-08-21 00:00:00
9b883472f4826d7c694d8c52038a8c67,d9640e2b44e3b7b5b31551ee62cc4a14,delivered,2018-04-01 21:47:43,2018-04-01 22:10:26,2018-04-03 19:47:41,2018-04-05 22:03:25,2018-04-18 00:00:00
9b8f3948f0476494b86f7785f7c1e848,a59ed836159803b7ada158d0b8364e84,delivered,2018-08-03 10:57:22,2018-08-03 11:10:10,2018-08-06 13:07:00,2018-08-09 23:40:56,2018-08-16 00:00:00
9b948dcaaa76c166e78628262127e680,7fda42693a1eba46d81cdd45568968a7,delivered,2018-06-07 16:21:37,2018-06-07 16:41:45,2018-06-08 13:55:00,2018-06-13 15:44:52,2018-07-12 00:00:00
9ba68602fafba92a21fc48911251ce31,727ddec07f701bf58a5ea4692c4cbbff,delivered,2018-01-07 10:16:19,2018-01-07 10:27:11,2018-01-10 12:34:04,2018-01-25 17:02:49,2018-02-16 00:00:00
9bca900557a01da7a51779dd1d2326b9,5bf8cb17e2d092cd21bcf379f734b93a,delivered,2018-04-10 22:11:58,2018-04-10 22:29:35,2018-04-11 21:48:48,2018-04-17 20:51:39,2018-05-02 00:00:00
9c0776f3465b8aba3e47b9eb0f034360,d42783a0556f58bcd4e6b56c2e1ad0f3,delivered,2017-10-17 00:44:36,2017-10-17 01:20:16,2017-11-29 15:51:25,2017-12-21 19:44:30,2017-11-22 00:00:00
9c0bb2c7680b4f084fc874b19722fc88,7808689ebbb205dfe2aab1d6b8dcf0d4,delivered,2017-03-11 11:27:21,2017-03-11 11:27:21,2017-03-14 06:08:10,2017-03-16 14:13:45,2017-04-04 00:00:00
9c0fc2500f7b845dd500f0a3a2520c2b,073148eec23ea309392759e3e9943d4d,delivered,2017-10-07 15:54:53,2017-10-07 16:35:16,2017-10-09 15:33:12,2017-10-13 17:45:00,2017-11-01 00:00:00
9c3059c9036686226d8c445338bfdcc1,b66c181dc925982fab4b74e0e0fd5122,delivered,2018-08-20 09:22:38,2018-08-20 14:51:56,2018-08-21 13:09:00,2018-08-24 22:32:44,2018-08-29 00:00:00
9c440fc86e36452b4288efbf2d65dcf5,4eeac7973c20e53807075b630a295b50,delivered,2018-03-31 11:40:16,2018-03-31 11:50:17,2018-04-05 17:56:40,2018-04-07 01:00:39,2018-04-12 00:00:00
9c475f19f847e47760cdf04217021ab9,8dd2d4e7ee336eaa9956df2067e02189,delivered,2017-10-11 19:52:39,2017-10-11 20:07:14,2017-10-13 21:13:49,2017-10-18 16:38:09,2017-10-31 00:00:00
9c478c10c15e4728df3923eafb5856e0,29d782b6904423bb517c73bbf85a77f8,delivered,2018-03-27 22:55:40,2018-03-27 23:07:14,2018-03-30 02:18:36,2018-04-04 02:50:49,2018-04-09 00:00:00
9c7420176504e0322420860db10766e4,1cfe9cbf7d071f113398f3290a620214,delivered,2017-08-02 15:34:50,2017-08-03 03:04:42,2017-08-04 13:33:21,2017-08-11 16:59:37,2017-08-24 00:00:00
9c76544bc3be770f1d1577a923ca28c5,2a8b8b802b0f77a6171588d4df9d9e77,delivered,2017-12-04 21:45:06,2017-12-05 08:41:18,2017-12-11 13:43:15,2017-12-15 21:24:50,2017-12-20 00:00:00
9c7786ec8d2394cbee42bba833f7c537,9a935364cca30059364ef4469083e8f8,delivered,2017-04-27 23:45:10,2017-04-28 11:46:07,2017-04-28 10:57:41,2017-05-05 15:49:46,2017-05-30 00:00:00
9c9a1d9b53c328e1bbb1f0c2c5410257,4ed3708020c892c07d400b298a09bbd6,delivered,2017-11-24 17:25:35,2017-11-24 20:56:03,2017-11-27 23:29:32,2017-12-02 01:24:58,2017-12-21 00:00:00
9c9c501f71dcf81d14d006826972733a,dcaf07e3a9f02fc90047423e71eaf73f,delivered,2018-06-29 11:43:13,2018-06-29 21:10:37,2018-07-06 07:58:00,2018-07-13 13:06:53,2018-08-02 00:00:00
9ca29d49222112b86ede739f9a9dfbeb,be727cb4f334f5d737a6cd88c4347acb,delivered,2018-07-24 20:34:02,2018-07-24 20:50:28,2018-07-26 12:48:00,2018-07-30 15:24:49,2018-08-07 00:00:00
9ca84d8b801d8d14cf479b5ad04b8139,197479c6a58d8701279290ce3906b5bd,delivered,2017-07-18 13:50:29,2017-07-19 15:43:35,2017-07-20 14:07:52,2017-07-21 19:49:38,2017-08-04 00:00:00
9cb00de5b638536df59a274ce43e811d,cb2c4b5c307d9317df0ef548f4ced7cb,delivered,2018-03-25 23:49:29,2018-03-26 23:47:07,2018-03-27 18:57:38,2018-04-20 19:18:35,2018-04-16 00:00:00
9cb560230b18aed833770219fd165e16,4a12498b256c30e2e59cf2ae246222b7,unavailable,2017-07-12 18:26:00,2017-07-13 02:55:33,,,2017-08-01 00:00:00
9cbbee2d6fc84610e720368c09517556,8a067839d9b32272550844562ec03d14,delivered,2018-04-04 16:51:45,2018-04-06 03:28:37,2018-04-07 01:22:12,2018-05-03 14:48:31,2018-04-30 00:00:00
9cbc9568dccaf53e33a60ed966a8a94c,c3f85df1dee609015937d3d4807549cb,delivered,2018-05-03 21:26:11,2018-05-03 21:51:05,2018-05-08 12:32:00,2018-05-14 16:06:56,2018-05-24 00:00:00
9cf68a98289ead1bb2175c2323255969,5929c48788d2352bd67271a7025b4bc4,delivered,2018-02-13 20:03:39,2018-02-13 21:07:24,2018-02-15 16:23:19,2018-02-28 22:41:53,2018-03-08 00:00:00
9cffb1e19a2d93d7959976c5d5c11138,cd361dc0e1c92d4c4697f9af769dabfb,delivered,2017-10-03 23:54:26,2017-10-04 00:07:20,2017-10-09 18:33:27,2017-10-19 22:27:25,2017-10-27 00:00:00
9d10b455f195f1fd74ef4ce42acf747d,09e0df89238876c0ae98f6eb0fbe08c4,delivered,2017-09-16 11:48:44,2017-09-16 12:15:18,2017-09-20 18:15:50,2017-09-25 18:49:58,2017-10-04 00:00:00
9d14efbb0c50e58aa2098e5338df7575,3213a8e8a735e9c3f003f19d6db1287c,delivered,2017-08-24 09:42:48,2017-08-24 09:55:17,2017-09-16 14:42:06,2017-09-19 20:37:57,2017-10-05 00:00:00
9d1780c1dba60f1e3fc99e1072979110,6a432a8586bbd8cf62f617ff14fd64e5,delivered,2018-03-17 16:04:08,2018-03-26 09:10:13,2018-03-19 23:31:20,2018-03-28 19:21:54,2018-03-29 00:00:00
9d83ef2eae9001ced10bfc373722a184,0137f0a46fd3e941f09ead2566bd6408,delivered,2017-09-22 15:11:31,2017-09-22 15:29:09,2017-09-25 19:29:09,2017-10-02 22:27:35,2017-10-19 00:00:00
9d8b9a9cc92d7f5e907cf13a99a705e9,3a27d6401473a9ff4ab309448702d4f3,delivered,2017-04-08 21:07:21,2017-04-11 03:55:31,2017-04-12 17:04:17,2017-04-18 14:35:37,2017-05-04 00:00:00
9da51871b26e9f5356a2544f6540f900,267291cbcb846193728b5c986fc7d703,delivered,2018-07-23 22:37:15,2018-07-24 10:31:29,2018-07-25 14:54:00,2018-07-26 18:33:26,2018-07-31 00:00:00
9da95e5b2fd14284851567baca5a43f5,d2841a2495705792a3a658ae4e3e1b79,delivered,2018-03-29 20:25:37,2018-03-29 20:35:26,2018-04-04 03:28:35,2018-04-13 22:12:05,2018-04-19 00:00:00
9dbaf3879dfddfc43171aaf9a9c0a82a,a36b51ac1817af488ecb95f6e8247cfb,delivered,2017-09-06 22:07:43,2017-09-09 05:15:59,2017-09-11 15:05:48,2017-09-12 12:19:11,2017-09-19 00:00:00
9dc9cfe8dd61f0e37b0baa3043517059,a8e9a8abb0f2e70472f4484550eedb73,delivered,2018-02-25 21:01:07,2018-02-26 09:35:52,2018-03-02 00:42:31,2018-03-28 16:46:49,2018-04-02 00:00:00
9dd30e0b12ab98208e3545d20d88e468,17ea3439e1b8cf03542a99b176b65330,delivered,2018-02-08 21:34:04,2018-02-08 21:47:57,2018-02-10 14:38:40,2018-02-20 01:35:06,2018-03-02 00:00:00
9dd72a3853b3514932140ba93b5192c9,12b71606e2ad874a8b0d87a44dc13d03,delivered,2018-06-11 17:40:27,2018-06-11 17:59:58,2018-06-12 12:56:00,2018-07-03 18:03:26,2018-07-17 00:00:00
9dd7bd30536daba0afe7e080f4b8a3dd,903041972f5a3a9b12369017eefaef26,delivered,2018-01-17 14:24:58,2018-01-17 14:35:25,2018-01-17 23:14:52,2018-01-27 14:36:00,2018-02-07 00:00:00
9ddd723e703903eeb90abbd2af0ddc24,51906f3d3c10f0e444f0aec2dfc634aa,delivered,2017-11-03 13:54:42,2017-11-04 04:30:23,2017-11-06 14:18:46,2017-11-16 21:08:48,2017-12-05 00:00:00
9de0f1837aa8fd37e21d4e12faadd2ed,c6fc7b1534701f4ab75af0356847a437,delivered,2017-06-19 11:23:01,2017-06-19 11:35:16,2017-06-20 08:18:54,2017-06-29 16:22:03,2017-07-26 00:00:00
9de125e032c8c74ccbcf9a5b7a3b4faa,839ccf3fef9a1808c0d3a5fbb5eac3ac,delivered,2018-01-30 14:57:32,2018-01-30 15:11:25,2018-02-06 23:36:32,2018-02-15 17:48:48,2018-03-09 00:00:00
9de375e01aa3f39d32001e75abd82b99,5f568023042b6139fb399704f7378807,delivered,2018-07-02 22:03:07,2018-07-02 22:10:38,2018-07-03 14:38:00,2018-07-04 22:34:32,2018-07-16 00:00:00
9de85e24940c7fd91ec9ee1dd540b3cf,01e5e7553c95f21eda0aaf0da6e0e4d1,delivered,2018-05-07 20:54:53,2018-05-07 21:14:01,2018-05-09 16:36:00,2018-05-11 00:03:49,2018-05-17 00:00:00
9df975b38ffcb2931968b4949c8b29a2,1f5fea6db40c8097a35c32c44a945a0f,delivered,2017-07-16 11:14:55,2017-07-16 11:25:15,2017-07-18 18:33:38,2017-07-26 08:47:50,2017-08-04 00:00:00
9e0d565b6426f0ec14ee6e1be3047f8d,2c7f7bc25633eea4bbc7a09a1779e933,delivered,2018-08-09 09:17:04,2018-08-09 09:30:26,2018-08-09 13:44:00,2018-08-10 17:46:32,2018-08-14 00:00:00
9e1c6d5149a241963c2e3a2ddaba98a1,73f9c3111d3b1c20bfb20e0e14fc95ba,delivered,2018-06-12 12:25:15,2018-06-12 13:03:56,2018-06-13 14:36:00,2018-06-14 19:28:34,2018-07-17 00:00:00
9e24613b913b312f009ec05b56b339d4,e41024577c0be0553a143f9189d61862,delivered,2017-05-05 16:19:56,2017-05-05 16:30:20,2017-05-09 15:17:18,2017-05-11 15:04:05,2017-05-30 00:00:00
9e2b4837befe1f63cab8e26686e848be,62a75f6e5edcea3f5e8bccb7dcb863d3,delivered,2018-06-24 11:31:36,2018-06-24 11:58:04,2018-06-25 12:31:00,2018-06-28 21:32:56,2018-07-23 00:00:00
9e2fbf3b51437bc915ed549c475eef2c,e2d332efaa3c6f6c394d00ee57547fec,delivered,2018-07-23 19:04:37,2018-07-24 10:31:26,2018-07-25 14:21:00,2018-07-26 17:40:56,2018-08-07 00:00:00
9e3a542f51363bda001167b7f5bd8dbd,4ca13991254732af64a40137aec89be0,delivered,2018-04-04 12:20:18,2018-04-04 12:30:15,2018-04-05 00:36:50,2018-05-25 17:17:35,2018-05-02 00:00:00
9e4a465874eb1b2bb19bd8e6197615e2,11a3e46b98d08eb603d8862efbffcb42,delivered,2018-02-25 11:27:31,2018-02-25 12:09:26,2018-02-26 14:18:46,2018-03-02 01:22:39,2018-03-19 00:00:00
9e50d6711cd120b8b6fecc98aca9d306,c9b87d9c9f40b48c6872a6bdc623ca72,delivered,2017-09-15 07:39:51,2017-09-15 07:50:08,2017-09-19 15:24:25,2017-09-20 22:03:52,2017-10-03 00:00:00
9e60724a9f4d8f5d169ee0b5bb7a8a46,4451d78b2fe3f7a69221af70ccd4b749,delivered,2017-06-09 09:51:40,2017-06-10 02:45:51,2017-06-14 09:42:26,2017-06-26 13:16:31,2017-07-06 00:00:00
9e607cec8bd33ad2250970a82dc17011,894680d04196842f885d856fa217e281,delivered,2018-04-06 17:29:04,2018-04-06 17:51:22,2018-04-09 20:51:39,2018-04-30 16:06:53,2018-05-11 00:00:00
9e6356cd884202aa5e0d16e033c8c08a,046ba797126ef91632351367c0845f9a,delivered,2018-03-05 11:23:01,2018-03-06 03:49:05,2018-03-08 21:50:45,2018-03-27 13:16:38,2018-04-02 00:00:00
9e6db72ba70b2e5ded35a5919f6329b3,3ba63e448d9f2f5d5c160780572ed6bd,delivered,2017-06-06 16:24:51,2017-06-07 02:45:22,2017-06-09 15:41:51,2017-06-19 16:12:44,2017-06-29 00:00:00
9e6dbf2535201b87c18bdf90bf117204,989c193cfe0018c75470fb0549603d52,delivered,2018-01-02 10:06:33,2018-01-02 10:15:19,2018-01-03 17:28:57,2018-01-09 19:27:58,2018-01-24 00:00:00
9e7a2839a1ef01aaec67d94446617f92,a3229f7d276cba63c8b12a49f9239211,delivered,2017-11-10 22:01:50,2017-11-10 22:16:07,2017-11-17 13:16:43,2017-12-05 16:04:21,2017-12-18 00:00:00
9e7b4dc19aadc8298e2984986d3bf014,2ab4c04d8d6160749ea57e125c32a6a1,delivered,2017-10-13 16:52:15,2017-10-13 17:08:29,2017-10-30 17:37:55,2017-12-20 14:32:58,2017-11-10 00:00:00
9e85d73b2a693e5b6dcf56ef2d00d181,51f45be48e424513598dca87178b2417,delivered,2017-12-03 13:47:49,2017-12-03 13:57:18,2017-12-04 19:18:17,2017-12-11 20:04:56,2018-01-05 00:00:00
9e9457385ec61a477390b14f317686c2,bba4fe473b8af647a7af5929255344f9,delivered,2017-12-15 16:37:16,2017-12-15 16:52:58,2017-12-20 20:09:53,2017-12-21 17:28:25,2018-01-04 00:00:00
9e97400ef316f1d0209aec475ab50554,191ca3c59d3e5ed2fb88a3f3ed124acc,delivered,2018-02-25 23:33:17,2018-02-25 23:47:29,2018-02-28 23:53:07,2018-03-20 22:42:02,2018-03-16 00:00:00
9ea091924b1229de50a0ab7dc63a797c,a25efea1e7000292dffe878497337430,delivered,2018-05-16 19:15:55,2018-05-16 19:37:00,2018-05-17 14:02:00,2018-05-18 16:31:37,2018-05-28 00:00:00
9ea3e77998212b1f268aa1753f3d421d,e9b4af752a24a32c3c58969fa2c17712,delivered,2017-07-21 19:40:21,2017-07-21 19:50:18,2017-07-24 19:11:42,2017-07-27 15:46:36,2017-08-14 00:00:00
9eb625cb452456dcf60ac5b2ce2ed445,f5bb00108debe00bb40f041482324c4a,delivered,2018-02-23 16:03:04,2018-02-23 16:15:35,2018-02-26 18:38:06,2018-03-10 01:58:31,2018-03-22 00:00:00
9edbcf5056f3301b0fcaf1dfe914873c,8a742a9661168a6785b8384e55656a99,delivered,2017-12-21 14:54:55,2017-12-21 15:10:09,2018-01-05 17:07:46,2018-01-20 16:09:02,2018-01-17 00:00:00
9f1887ee4f71cd4db972aeac47ca54f7,672aaf2b9c8ab186e20451bdc13f5e7b,delivered,2018-07-26 10:12:47,2018-07-26 10:25:11,2018-08-07 10:27:00,2018-08-17 18:28:42,2018-08-16 00:00:00
9f26e4473c7822a5f7b02dd62ea0519c,5df9b76bc23ade55793d79e024ca0871,delivered,2017-11-10 15:51:22,2017-11-11 02:46:47,2017-11-14 23:12:22,2017-11-21 20:38:45,2017-11-30 00:00:00
9f28bebb21ed4b8984afe68c7ef6e127,e243e7b7e604780c67d191a96f23e634,delivered,2018-01-19 11:05:36,2018-01-19 11:16:28,2018-01-23 18:14:33,2018-01-25 20:38:40,2018-02-16 00:00:00
9f2b23380dcf7e8f6984dbbf19bb3e3f,753bc7d1b2d50787c5b275751d89dc52,delivered,2018-03-01 15:13:05,2018-03-03 02:35:40,2018-03-06 19:04:14,2018-03-16 23:42:45,2018-03-23 00:00:00
9f2fe2350791b5e9e62610331d125843,208dce5ddbcf741af0c04f0a72a4d08e,delivered,2018-05-03 22:21:53,2018-05-05 02:30:07,2018-05-07 09:10:00,2018-05-10 13:08:57,2018-05-23 00:00:00
9f33a39fe21aa7e49c58d5c16da393a0,6bbda3b9328f07ebded997016a198c4c,delivered,2017-04-02 18:36:20,2017-04-02 18:45:21,2017-04-03 13:47:32,2017-04-07 14:33:06,2017-04-27 00:00:00
9f353d55cebbc63a3eb1bf5d53774ab5,652c90c96d514383465d6ae2b89dc861,delivered,2018-02-05 13:05:33,2018-02-05 13:30:37,2018-02-08 00:26:55,2018-02-09 21:11:54,2018-02-21 00:00:00
9f3bb89658a46c809fdd407e86914f94,ff217adc6431eb19f8af637ddd66a2d8,delivered,2017-06-09 09:35:06,2017-06-10 02:55:21,2017-06-12 14:11:02,2017-06-22 13:57:38,2017-07-04 00:00:00
9f4dc9b14ebdb349537c57ed4e469c28,86042c8472794b41d03cfe051f3bd9de,delivered,2018-08-15 15:39:02,2018-08-15 15:50:22,2018-08-16 11:48:00,2018-08-21 13:52:44,2018-08-31 00:00:00
9f5630ff3b1445ec3e06b2cbe5c47258,d500c6adddbf36b09f269947a7b32a4d,delivered,2017-07-20 11:52:47,2017-07-20 12:05:50,2017-07-21 16:51:51,2017-08-01 19:48:58,2017-08-15 00:00:00
9f59e3048b31d71c3aeec67a15467426,dbb8e2fa66d48153c38fb4548c4166a9,delivered,2018-02-07 16:32:39,2018-02-07 16:49:38,2018-02-09 00:38:37,2018-02-19 23:12:12,2018-03-07 00:00:00
9f6e9882bfa36a4ef98e3016c5e59f9f,fb2fdd6a93ddbfbb6390f556be5abc4a,delivered,2018-03-31 14:37:16,2018-04-03 05:48:59,2018-04-03 19:05:11,2018-04-10 21:32:51,2018-04-20 00:00:00
9f754867538f26f99df2027b4a154740,7dc40753aea06d3bfa51f793fd839669,delivered,2017-04-28 19:11:41,2017-04-29 06:35:42,2017-05-02 19:23:49,2017-05-10 11:03:24,2017-05-24 00:00:00
9f78c08ae4928d0b51b8ec8da9585714,5c3fb9c8ea09e6fa440dabb20728a5df,delivered,2017-03-23 22:09:52,2017-03-23 22:22:46,2017-03-27 10:20:04,2017-03-30 15:58:06,2017-04-17 00:00:00
9f792c846e897702e89fb06829be1b0b,827cbe2af76bd50839030b7576d704e8,delivered,2017-09-13 23:41:20,2017-09-13 23:55:10,2017-09-19 16:44:57,2017-10-19 20:13:51,2017-10-06 00:00:00
9f80c79b3c2260ac4352d49fea965897,bd5c3a196a27361936b5ff684b567570,delivered,2018-06-16 14:27:04,2018-06-16 14:58:44,2018-06-18 14:42:00,2018-06-29 08:32:14,2018-07-13 00:00:00
9f827631dbbe551d3b830ab61fa3919b,08ea352a9be2e6189b99ed79cdd73c81,delivered,2017-04-02 11:48:57,2017-04-02 12:58:59,2017-04-05 15:03:36,2017-04-11 09:56:36,2017-05-08 00:00:00
9f8d175d959554b7edef8908797f42bc,64f0489f9721747547375903b0468371,delivered,2017-11-24 10:51:42,2017-11-24 12:32:53,2017-11-24 20:36:55,2017-12-06 16:02:42,2017-12-19 00:00:00
9f8e1e683e02e3aef599ac6fa4cc6b21,6f97c50773c310a9c35d8897b6083e87,delivered,2017-07-20 20:53:44,2017-07-20 21:05:16,2017-07-21 19:44:31,2017-07-26 22:02:58,2017-08-09 00:00:00
9f94d18d96cdee37300256e7284d7de9,f7781053e9747cf9af8e900812a21e53,delivered,2018-03-05 18:17:36,2018-03-07 02:48:56,2018-03-07 23:07:17,2018-03-19 23:52:24,2018-03-27 00:00:00
9fa34daa1767b075c5a2490c9e8b403e,f8800c3575e2aacb856af1b2b8745e0b,delivered,2017-05-22 19:46:08,2017-05-22 19:55:08,2017-05-23 10:38:00,2017-05-30 15:37:38,2017-06-22 00:00:00
9fa477fbd91ee8d606ff71e50ac338df,b555fbd540c87c32c19f5d97cfe35822,delivered,2018-02-07 09:01:40,2018-02-07 09:10:32,2018-02-07 19:32:03,2018-02-14 16:38:49,2018-03-05 00:00:00
9fb4185dd9d8f82b6effea11c1555899,9376b063a94c859dc0ac58fadcb15902,delivered,2018-03-20 10:05:52,2018-03-20 10:28:15,2018-03-21 19:12:44,2018-03-27 01:28:42,2018-04-02 00:00:00
9fb578d8a9c6d5c73ea157e45b69d479,741775b7ac1b255bb101811981b5a569,delivered,2018-08-02 12:05:20,2018-08-02 12:50:18,2018-08-06 17:36:00,2018-08-10 21:33:34,2018-08-27 00:00:00
9fb81511dfc1d6959ed1052930efd8a6,b240cbf2b50a10ee1f80b42c56b99069,delivered,2018-07-17 11:16:54,2018-07-17 11:30:21,2018-07-17 14:19:00,2018-07-24 01:03:27,2018-08-06 00:00:00
9fbbd9e1516b7cbce439d5f07dd07f98,3db589c1c823079b172751f6330c5fd5,delivered,2018-04-12 18:47:28,2018-04-12 19:13:25,2018-04-14 00:04:07,2018-04-16 21:26:21,2018-04-30 00:00:00
9fbe7e5fb8d03b367b8a3b7b995ce6ca,582c658b197e8497bc5c72b4e278b85a,delivered,2018-07-22 11:29:21,2018-07-23 11:31:42,2018-07-24 16:01:00,2018-07-25 23:35:47,2018-08-03 00:00:00
9fc6faedaf0973bdddea7d2672e71923,0f28bdd9cc5e7809ee80dbf2f426b221,delivered,2018-07-18 08:54:40,2018-07-18 09:05:16,2018-07-18 14:08:00,2018-07-25 15:49:53,2018-08-03 00:00:00
9fcbcb4a0b2d62715ac988b220c621ec,15f71021d8d7ecadc08a88a3d8b91002,delivered,2018-01-24 17:05:26,2018-01-24 17:24:26,2018-01-26 15:41:59,2018-02-10 00:32:32,2018-03-02 00:00:00
9fcbf999818b2fdac16197fe22bd2bd1,082805d32249e17183cfb56ccb67b5cf,delivered,2017-12-05 10:44:44,2017-12-06 02:37:01,2017-12-06 23:16:58,2017-12-15 19:24:42,2017-12-28 00:00:00
9fcd31b22b1d10dea904f5f5d8e3e7ea,b6b1352555fba05956cb1dda2c0ff3ef,delivered,2018-04-03 15:24:15,2018-04-03 15:35:16,2018-04-05 19:46:37,2018-05-18 12:18:50,2018-04-27 00:00:00
9fe292254834c701a4b05deafecba7b8,1c6f44e4eb63d6a08b1a44ab8aa0d932,delivered,2018-03-05 19:17:51,2018-03-07 02:10:24,2018-03-08 22:11:26,2018-03-22 14:36:58,2018-04-19 00:00:00
9ff8294af4730928d432cd048756c28c,0fcfe9c03abfd6e62165710d63957ba2,delivered,2018-03-06 15:58:57,2018-03-06 16:10:42,2018-03-07 20:05:32,2018-03-16 21:22:55,2018-03-29 00:00:00
a009ada42a46d83328c627c1ffc57f56,b1ff51bd725d9c52689b0cde47656bcd,delivered,2017-11-06 21:44:01,2017-11-07 05:31:26,2017-11-10 20:46:52,2017-11-20 21:34:36,2017-11-30 00:00:00
a011e51d26a0679675e2a26be4ffc46a,1ed3094516be211b127c0475d98a9075,delivered,2017-06-27 14:31:14,2017-06-28 10:35:13,2017-06-29 10:55:52,2017-07-05 14:43:47,2017-07-20 00:00:00
a017bed18c5f129119f36a92642a1cc0,05ebc27279c0c9082b56bbd6a1441a4b,delivered,2018-06-06 10:11:20,2018-06-08 03:13:36,2018-06-08 14:40:00,2018-06-15 17:32:48,2018-07-18 00:00:00
a02f84215d0352b46e21cd5c8bba24f8,c1c4cfd2b0bb3a80402b5daa79cec6cf,delivered,2017-06-01 06:29:44,2017-06-01 06:42:41,2017-06-01 13:06:43,2017-06-08 14:19:57,2017-06-26 00:00:00
a03470241e25eb070bf902c2c1914658,8f0fe181279a14f699d672200fe13d92,delivered,2017-08-07 11:21:25,2017-08-09 02:45:21,2017-08-09 17:15:44,2017-08-23 21:24:10,2017-09-11 00:00:00
a059bf220c121cd3d48e82b036e831d0,1ea72f58ad176621daf1e0753b15f5bd,delivered,2018-05-05 08:56:58,2018-05-05 09:10:50,2018-05-09 13:00:00,2018-05-14 19:49:39,2018-05-25 00:00:00
a05cabeed82a5a2e8078c7e6ed14a03a,dfd7aa2424a1aa1abe8f4502712c5c28,delivered,2017-12-09 22:28:07,2017-12-09 22:36:28,2017-12-13 22:28:48,2017-12-24 12:16:47,2018-01-04 00:00:00
a05fc37f43df506f00a32f1507e4d360,7a542429a51807452d689223d25878d2,shipped,2018-02-25 21:46:50,2018-02-27 05:30:54,2018-02-27 22:09:37,,2018-03-22 00:00:00
a06c43ed81f5c604287461f4d21949ce,da82d24c21654f951fedc813df8a5dc6,delivered,2017-10-24 17:39:10,2017-10-24 17:56:20,2017-11-20 21:15:00,2017-11-23 21:48:41,2017-11-17 00:00:00
a07d031ec2c5fdaba3a363a4f5a98350,9d81175f83b45c6a446a8d3dfedd1a25,delivered,2017-04-17 22:24:49,2017-04-17 22:42:08,2017-04-18 15:03:51,2017-04-27 11:40:07,2017-05-17 00:00:00
a085154af3d68d11b256a6facc891a56,0e7de6e91e05d4cb605014f859417092,delivered,2017-11-22 16:46:34,2017-11-24 03:10:42,2017-11-24 21:52:05,2017-12-04 20:56:16,2017-12-20 00:00:00
a093b99db34ddd74e5c5dd360a44710e,2aedefeedae1e7cf174d41766aa5c257,delivered,2017-12-14 18:12:45,2017-12-14 18:30:12,2017-12-16 00:54:53,2017-12-29 21:58:57,2018-01-11 00:00:00
a09801b9e15eb9aea012ad7d7f3257c4,514bebbebbdc4253ed06adf5ef6d3af9,delivered,2018-04-17 12:34:27,2018-04-17 12:53:41,2018-04-30 13:44:00,2018-05-07 18:58:41,2018-05-14 00:00:00
a0ac0049119c70e88509f0c8e30564e8,b62f3146b3166158dcb3e9c1f54f5dc2,delivered,2018-07-19 11:22:55,2018-07-20 05:03:21,2018-07-25 14:29:00,2018-07-27 12:31:39,2018-08-06 00:00:00
a0b1ffd30c671f95ed8065ce07d10470,0349b833ebc99262c2369a6e20732960,delivered,2018-04-14 18:14:02,2018-04-14 18:31:29,2018-04-16 18:19:11,2018-04-24 23:58:37,2018-05-16 00:00:00
a0ba767f45d100f0a10b9c7c5ffe077e,77ab6ec3ef988005ffe95743990808ee,delivered,2017-05-30 20:32:45,2017-05-30 20:45:17,2017-06-05 17:38:33,2017-06-14 17:33:52,2017-06-26 00:00:00
a0bb81fda7cf88b07f9a884c1be7ba64,4a9cae3c6e4eff37b35be82974029cda,delivered,2018-07-31 22:46:31,2018-07-31 23:04:17,2018-08-10 15:36:00,2018-08-15 18:48:30,2018-08-29 00:00:00
a0d503b20274a7c654eab441adac695c,09684cc1c5d0fdf71ff51b9f99843ea3,delivered,2018-02-28 15:29:12,2018-02-28 16:10:59,2018-03-02 16:29:02,2018-03-20 21:55:48,2018-03-27 00:00:00
a0e0ab62ae4f2dad1ca6f19103dba9a6,fca319b6b92302ac722e396bdb30072c,delivered,2018-07-21 23:54:30,2018-07-24 11:31:55,2018-07-25 12:32:00,2018-07-28 19:12:42,2018-08-10 00:00:00
a0eb4b1d3b5e4c29890291cc63a8eb20,3b396314ce0b8974b7061c0d11212416,delivered,2017-11-27 13:25:29,2017-11-28 03:31:16,2017-11-28 18:06:51,2017-12-21 14:37:11,2017-12-20 00:00:00
a109b4732228abd28233fc31ca544cac,e1acb24c641c58eb83c5bbcf4740dfe4,delivered,2018-08-11 22:01:59,2018-08-11 22:15:13,2018-08-13 14:03:00,2018-08-17 21:34:36,2018-08-24 00:00:00
a1123c93471aa08ec72dfd5c941edcdc,35864582d9b9cab28936cdf255711c5a,delivered,2018-04-27 09:44:14,2018-04-27 10:12:17,2018-05-04 13:06:00,2018-05-07 14:17:28,2018-05-16 00:00:00
a11a425bf8a1d74271b19f31a3cbe76a,07a7e5b0029e354e4428f755cc1988bb,delivered,2018-07-24 11:15:42,2018-07-24 12:00:05,2018-07-30 12:50:00,2018-08-03 15:12:28,2018-08-10 00:00:00
a12ac41904fb4122fafbd91fbb9230ed,8641ccf2e70d0cc04229db3e0b887fd7,delivered,2017-10-20 10:08:59,2017-10-21 02:49:16,2017-10-23 20:33:36,2017-10-26 21:05:59,2017-11-09 00:00:00
a133a80b67b2a9f4a8a8e2eb5e1f87e4,18e7b82e90f40ad34fe0c14d63144360,delivered,2018-01-31 21:42:49,2018-01-31 22:09:44,2018-02-05 10:35:09,2018-02-21 21:14:02,2018-02-26 00:00:00
a1368e51da9e4e5405710600bbaf7c3e,08724baa3d9128d270080acf34f2a5fd,delivered,2018-01-12 00:49:36,2018-01-12 01:27:20,2018-01-15 18:43:13,2018-01-22 16:48:57,2018-02-07 00:00:00
a1370d5fa6508c13787ae000e5d2ad77,7bddfca0e860e120fd4ef769c449ddd4,delivered,2018-06-20 23:11:46,2018-06-21 01:17:19,2018-06-28 14:40:00,2018-07-03 04:28:44,2018-07-20 00:00:00
a138937aa3e8370a29b43014b9dac5ea,2c032031470d729f0d39269f7ddeea0a,delivered,2017-11-24 14:24:18,2017-11-24 16:33:49,2017-11-27 23:23:16,2017-12-05 18:17:01,2017-12-08 00:00:00
a1406509a4e81343f4c669ae236fd01c,9730f3658e8ab2e63c59450396dbf937,delivered,2018-02-25 08:25:15,2018-02-25 08:35:27,2018-02-27 21:57:35,2018-03-15 20:08:24,2018-04-04 00:00:00
a14a2e543b33add9891cabe38fd844c8,84c391f6583d7b5bd71ead8b85f36d31,delivered,2018-04-15 10:55:24,2018-04-15 11:10:27,2018-04-17 18:03:30,2018-05-10 18:48:53,2018-05-15 00:00:00
a169311914e5fbfba32bae481dd1aa39,0d3652cb1fda41494f012955e8d483d8,delivered,2018-03-17 19:40:38,2018-03-17 19:50:31,2018-03-19 22:32:02,2018-03-22 00:21:49,2018-03-29 00:00:00
a17fd6df400fd04864fc2697bc98cc2d,c7f70f5cf91be88049723af74735f91c,delivered,2017-12-29 12:18:36,2017-12-29 12:31:30,2018-01-02 21:09:22,2018-01-09 11:33:21,2018-01-30 00:00:00
a1910c13f7264ec8e1b32221debcee26,5614a6b8b6919eb54f6feda7377b97cb,delivered,2017-03-26 16:11:09,2017-03-26 16:35:24,2017-03-27 15:48:19,2017-04-05 00:34:48,2017-04-18 00:00:00
a1a5a93917c05f8f0a018f68e63a8f52,b3e54faf12368511ce322a3ef8675bab,delivered,2018-04-01 15:20:06,2018-04-01 15:35:13,2018-04-02 17:56:26,2018-04-09 11:51:50,2018-04-25 00:00:00
a1a835a7e59148cc5f62243387eb6c14,eec24ad7a230beb6df8ef063d1df3a1c,delivered,2017-04-06 10:44:40,2017-04-06 10:55:09,2017-04-06 15:00:49,2017-04-13 17:46:57,2017-05-02 00:00:00
a1c5606e8638ab41b56420e4c1f4bc21,bbc0dad2f1ef65b2fe8b9312701a0773,invoiced,2018-05-03 13:41:50,2018-05-03 13:52:38,,,2018-06-08 00:00:00
a1cfeb76f1be888dfc371fbd47344141,84c1e244210abd1d243e91105a009092,delivered,2017-06-27 17:37:49,2017-06-27 17:55:07,2017-06-28 18:22:08,2017-07-05 16:37:24,2017-07-20 00:00:00
a1e28dc56f8cf4e569b82f93dfe131f3,bd49f912065ce38f6a946e382e29493b,delivered,2017-09-29 20:48:53,2017-09-29 21:04:28,2017-10-03 15:34:19,2017-10-09 22:03:19,2017-10-25 00:00:00
a1e3ae78b2bf6dedf2c6a37f96e17900,e5864c2ed237c10842e95f1d8fe0cde6,delivered,2017-07-28 10:24:41,2017-08-02 08:34:35,2017-08-02 16:44:37,2017-08-03 10:32:39,2017-08-10 00:00:00
a1e862297757e3dc8f3495be144eab3e,05c4fd1bc109e6a9fac6865351e626f8,delivered,2018-03-22 16:59:45,2018-03-22 17:10:24,2018-04-02 13:05:15,2018-04-10 18:44:33,2018-04-04 00:00:00
a1e92d086f682e6d8a328e19e14e0621,f8a1cb0051331f57beaf3523f2c17b63,delivered,2018-01-18 12:24:47,2018-01-18 12:34:28,2018-01-23 22:33:52,2018-01-30 01:22:02,2018-02-08 00:00:00
a1f4cd05945a0b268d626b4183922f03,d32a6b048fd35e64ca76936bb399f5e9,delivered,2018-01-16 12:46:01,2018-01-16 12:55:50,2018-01-17 14:59:55,2018-02-06 22:57:41,2018-02-08 00:00:00
a20191650d84d1d59f72139a87207a3b,94c1a60de2eed5c304c731a6ec674387,canceled,2018-01-22 17:10:19,2018-01-22 17:19:21,,,2018-03-14 00:00:00
a206b5b5949384fc699e072ced43192d,14369dc96e15545d2cdf0b8e5778f1ac,delivered,2017-12-06 13:26:13,2017-12-06 13:37:26,2017-12-07 18:58:26,2018-01-10 01:06:20,2018-01-09 00:00:00
a214ab5dc32ac17a484d2e0f95f8c90b,e0b89d3345cbf9eaaa1bb96aef164b22,delivered,2018-08-01 12:28:56,2018-08-01 13:04:33,2018-08-03 12:51:00,2018-08-10 02:08:33,2018-08-10 00:00:00
a21f94aa35415aa7bd905a21f468e688,f8b6eb66343026ff22458094ba2faa45,delivered,2017-11-27 17:46:56,2017-11-29 19:16:56,2017-11-30 21:31:53,2018-01-15 22:09:09,2018-01-03 00:00:00
a23d281315a434afd0b7bf492ce6a579,ed41fe754f77becd2c70896dcc967aa0,delivered,2018-01-24 12:34:44,2018-01-24 15:18:24,2018-01-29 09:53:09,2018-03-07 22:45:09,2018-02-20 00:00:00
a24fa323cfbec085a10c18369c980b1e,7fd3a4989d98e2d60a403f6ae5f6e2ac,delivered,2017-02-07 22:29:03,2017-02-07 22:42:32,2017-02-10 10:25:19,2017-02-16 16:24:47,2017-04-20 00:00:00
a250e33c3d40fa9dd726391ebc5a4abb,eb40667f90c8d0694ad616975d9729c2,delivered,2018-08-06 16:01:58,2018-08-07 04:10:21,2018-08-07 08:48:00,2018-08-16 19:02:58,2018-09-03 00:00:00
a251664f5760915d29631e4ea0a6f66e,38bd3f3f848e80040f85ddcdb8f7670d,delivered,2018-05-20 11:35:23,2018-05-20 11:51:12,2018-05-21 15:54:00,2018-06-05 21:09:31,2018-06-05 00:00:00
a2612baf139a2d944224cb87c81d83b1,a576b34e3dcdd8e1827367cad95ea440,delivered,2017-03-21 10:26:28,2017-03-21 10:26:28,2017-03-24 15:17:46,2017-03-30 17:14:21,2017-04-17 00:00:00
a26774d26cc0d76f63f1df3115529d6c,e8a7fbe87306feb64382f03b7a14a2c8,delivered,2018-02-19 16:42:58,2018-02-19 17:47:35,2018-02-21 19:26:58,2018-03-05 22:25:00,2018-03-12 00:00:00
a271a428c3186d0c7325878c2075a8d8,b128321979749f9034763ea47023bdd4,delivered,2018-05-09 11:34:55,2018-05-10 03:09:47,2018-05-10 14:00:00,2018-05-17 19:41:51,2018-06-01 00:00:00
a28d9d45abc45839d16fa972466353ed,883b55d27dbb8b02ab6767419aef0af2,delivered,2018-05-09 15:02:01,2018-05-09 15:37:09,2018-05-10 12:03:00,2018-05-11 21:42:37,2018-05-17 00:00:00
a28f923e467a199f1c999037c871c9b1,a280ca247884f51fa75900e6cd4b17a3,delivered,2017-11-28 01:18:59,2017-11-30 01:21:47,2017-12-07 02:14:58,2017-12-16 14:31:00,2018-01-05 00:00:00
a292ffb436f475f98ec53a05994dbd94,c08ef557085ca9fb0c59f6d820a0b059,delivered,2017-06-25 12:07:37,2017-06-25 12:23:42,2017-06-26 16:29:26,2017-07-18 17:46:35,2017-07-28 00:00:00
a2a7a8c26f134471a22568ddf011e175,8f4758b55faa41da554b30461fa84f3e,delivered,2017-08-09 21:02:12,2017-08-11 04:24:58,2017-08-11 19:43:07,2017-08-25 15:26:22,2017-08-31 00:00:00
a2bb1bcee7e5d4f4cd507e33d3e2cef9,99c28efdcbaf15c20b31be33fe964653,delivered,2018-08-04 01:54:43,2018-08-04 02:05:09,2018-08-06 13:09:00,2018-08-07 17:32:06,2018-08-14 00:00:00
a2bcbea8668a0d93334cf7f7fafe921d,1d07a5e66ea2c0bb74e2523526326ba3,unavailable,2018-02-12 15:38:41,2018-02-13 15:30:45,,,2018-03-06 00:00:00
a2d83fe753c66711172a6b99df1bafcd,324709f9fb3d691f2c162f56bfdb6ff9,delivered,2017-05-03 20:15:16,2017-05-03 20:30:14,2017-05-12 07:08:01,2017-05-16 10:20:02,2017-05-30 00:00:00
a2d8aaf39efc96fe140eda3e8f2e337e,2c8f11d30a852df3dacc6f0ce6ed357c,delivered,2018-03-01 16:43:57,2018-03-01 16:55:57,2018-03-05 11:32:18,2018-03-17 10:08:29,2018-03-20 00:00:00
a2dbd8a0cd329f7a6850f5f2f1257a53,83afeb3ec13bd0de7db12255e9cb4035,delivered,2017-12-21 15:52:41,2017-12-22 15:51:45,2017-12-27 20:04:55,2018-01-05 09:48:25,2018-01-16 00:00:00
a2f11c7013b28222f6c33526257ce2bf,54028447d41dddae4b150bdd29df1b8a,delivered,2018-07-20 15:30:49,2018-07-20 15:45:16,2018-07-23 11:21:00,2018-07-27 23:11:41,2018-08-07 00:00:00
a2f7326351628f773f83d542a9da6851,0e4e3ed44acc06bd424d47ab79993516,delivered,2018-08-10 00:54:49,2018-08-14 04:24:22,2018-08-15 14:46:00,2018-08-20 17:31:12,2018-09-12 00:00:00
a3021cb38ee69a87a0cb9cda57f7d72e,6670ae2d7d0e1dbfd9b97d032b91a0ac,delivered,2017-11-09 18:46:46,2017-11-09 19:07:00,2017-11-14 21:06:57,2017-11-25 00:41:27,2017-12-05 00:00:00
a307c0c56d1c16450005b683913f73a7,21cd16f0c59d0e20db6ce0ca3b38cd9e,delivered,2018-01-19 17:17:08,2018-01-20 19:10:13,2018-01-24 23:22:12,2018-02-08 21:45:09,2018-02-23 00:00:00
a30cba7093267abeb0f8489d5c16c7af,46c6a82294d359a290ff408b11cbb643,delivered,2017-03-21 09:21:54,2017-03-21 09:21:54,2017-03-21 10:38:43,2017-03-27 13:56:19,2017-04-11 00:00:00
a31ecde4565b9e5e70a4ac17fb47174c,7c4b8e956f27bed90b8269e5a04ac6db,canceled,2018-01-29 21:55:59,2018-01-31 13:32:23,,,2018-03-02 00:00:00
a3309e7ee5cbc991563c83bc0c41d694,a69d0bacb0c135ea37032600687cd693,delivered,2018-05-16 15:07:42,2018-05-17 03:16:16,2018-05-17 12:55:00,2018-06-07 16:36:35,2018-06-19 00:00:00
a3316b63c1f065d129b524f658cce198,5c14e1a67adfe167ba191f7e45311de9,delivered,2018-02-17 19:47:52,2018-02-20 07:46:10,2018-02-22 02:56:48,2018-03-14 18:44:34,2018-03-20 00:00:00
a33c70384e5369223140d28308cc84a4,3cf843218f85922e5fe972904be4322f,delivered,2017-09-17 15:13:10,2017-09-17 15:28:03,2017-09-21 13:51:58,2017-10-04 11:52:39,2017-10-23 00:00:00
a35f0b52cacb3c4208d7107bde82f2cf,59018458286e8b29ac7ebcac228b9366,delivered,2018-08-16 09:35:02,2018-08-18 02:49:58,2018-08-20 12:35:00,2018-08-22 22:16:32,2018-08-22 00:00:00
a3761cb6b3883a498fb7fdc5833dcfc7,55df82d9ca2503a4c310c29711f5bf99,delivered,2018-03-13 19:06:38,2018-03-13 19:29:26,2018-03-15 00:52:23,2018-04-11 14:58:32,2018-04-25 00:00:00
a383762bd79949e1b34878460042cd23,e6cf45b6775e86a43908d40341b3d53d,delivered,2018-03-31 21:18:49,2018-03-31 21:35:09,2018-04-04 00:34:26,2018-04-21 01:38:20,2018-04-20 00:00:00
a3ab1f6066a1d294342241bbe29e363a,f8ab509b172a033201a75cade2f4f727,delivered,2018-05-16 13:50:24,2018-05-16 15:18:00,2018-05-21 15:42:00,2018-05-23 18:40:51,2018-06-01 00:00:00
a3ba21f961c9d61f7502766974371616,82a5458c7efd1055b6ab24f6985fa233,delivered,2018-03-04 08:56:57,2018-03-04 09:09:52,2018-03-07 20:35:21,2018-04-17 21:34:51,2018-03-27 00:00:00
a3c299fda1b92fa41de80b43ecc70ddd,ab72b4d341557427246cd29f153d583b,delivered,2018-08-13 12:33:44,2018-08-13 12:45:09,2018-08-13 17:57:00,2018-08-16 18:18:48,2018-08-22 00:00:00
a3d09160e24a1850b3ab0d86e6281ab1,fb2789665d5069bf4927ac9794065e3d,delivered,2018-07-25 15:41:42,2018-07-26 03:05:15,2018-07-26 09:33:00,2018-07-27 17:18:50,2018-08-02 00:00:00
a3e6b4dfa4c321071ce66af89c4903b8,1e226b035e0cf954ea0b6772d939b470,delivered,2018-04-04 08:12:18,2018-04-04 08:29:32,2018-04-05 17:51:32,2018-04-30 18:07:55,2018-05-14 00:00:00
a3ee95a310b51d1715ed8c16b7cd3ffe,67b0294ba64d7074b39bab09cb5a289f,delivered,2018-01-14 09:39:51,2018-01-16 14:11:45,2018-01-17 15:38:43,2018-01-30 22:04:49,2018-02-16 00:00:00
a3f157a067efbb72090189af1f7b78b4,0165051ac7514aff1b132007d915622f,delivered,2018-03-26 18:37:44,2018-03-26 18:50:15,2018-03-27 18:52:44,2018-04-11 16:48:52,2018-04-18 00:00:00
a3f701e4bf2687d7aa6b807340426a26,4188d77568d27a1ec95c6d521865d48a,delivered,2017-08-28 14:08:39,2017-08-28 14:24:48,2017-08-29 17:32:30,2017-09-04 18:47:29,2017-09-15 00:00:00
a400b16a97414ec974f5a6910c28dbe5,682a5ec271640280d52832cdef1f1b57,delivered,2018-08-10 20:00:30,2018-08-10 20:10:18,2018-08-13 13:12:00,2018-08-20 19:03:34,2018-09-03 00:00:00
a402af38a74c44926247db438245d95c,3ba47b09546c2da91ef141efce2d5888,canceled,2018-01-30 22:12:10,2018-01-30 22:34:14,,,2018-03-06 00:00:00
a4101dff2487b4a3d89330b9fe480475,681a0a16e33799607c5f5be2c0b7195a,delivered,2018-06-14 12:16:23,2018-06-14 12:39:02,2018-06-15 11:19:00,2018-06-25 12:22:49,2018-07-19 00:00:00
a4186d9eb0c08c0618614b111418707a,620584cb5bc308f3a44907cd75e98f6f,delivered,2018-03-10 22:18:52,2018-03-10 22:30:22,2018-03-12 20:28:25,2018-03-21 23:12:46,2018-04-02 00:00:00
a41c8759fbe7aab36ea07e038b2d4465,6f989332712d3222b6571b1cf5b835ce,delivered,2016-10-03 21:13:36,2016-10-05 03:11:49,2016-10-25 11:57:59,2016-11-03 10:58:07,2016-11-29 00:00:00
a41db3ba7cb50a96c768af70cd98e189,ace37fcfc4a7320b5dce79426561a8df,delivered,2017-12-22 20:43:43,2017-12-22 20:53:20,2017-12-26 23:33:27,2017-12-28 21:32:53,2018-01-18 00:00:00
a4244008bc97ae9cdc3807237fa83229,e45faa95f70de28f25dcf2ce74f64339,delivered,2018-06-18 14:28:22,2018-06-18 15:01:10,2018-06-20 14:10:00,2018-07-03 17:38:49,2018-07-24 00:00:00
a425d9ae82dd1c3e17ee1ec6e6c0757f,2d501042279d9347f808c2274f791276,delivered,2017-04-29 15:20:34,2017-04-29 15:35:15,2017-05-02 18:26:00,2017-05-11 13:33:53,2017-05-23 00:00:00
a4277113bcf10ed364a0182042fc8155,fd18e47a1f202967357c8d65c4b4a2ce,delivered,2018-05-05 16:59:04,2018-05-05 17:10:23,2018-05-10 11:17:00,2018-05-14 18:03:24,2018-05-30 00:00:00
a427db09dd194740f13a3a2c7bcf38bc,35db0c2edcd70d3ebd5cdc04b009ae38,delivered,2017-03-11 16:33:35,2017-03-11 16:33:35,2017-03-13 16:22:09,2017-03-24 13:17:46,2017-04-03 00:00:00
a4285d97aac2bc967bd5b9f50db5b3c7,dfc5a96ced6dc9547e39a2e8e8df2192,delivered,2018-06-26 23:57:41,2018-06-27 02:15:34,2018-06-27 14:31:00,2018-06-29 14:42:14,2018-07-12 00:00:00
a433f43c39b2899cded8d987e2995c3c,6a20bfff0b7d52cbf95122d265fd6d3e,delivered,2018-03-03 17:03:59,2018-03-04 16:55:58,2018-03-05 19:33:31,2018-03-19 23:32:01,2018-03-27 00:00:00
a438cc4a17bee890885f11fb9a4ee39c,ee0db2a3ee802980f1813ace8677cd85,delivered,2017-02-20 08:40:21,2017-02-21 04:50:50,2017-02-21 17:03:59,2017-02-23 12:35:58,2017-03-21 00:00:00
a454983d73207579d61a09fb40ea7ae7,0fc91589220cbbe7c764e26ac0c7143b,delivered,2018-06-23 20:06:28,2018-06-23 20:18:10,2018-06-25 13:43:00,2018-07-02 19:41:21,2018-07-17 00:00:00
a45d988c5f5764f548ae6fa14a8ee773,399cc941c7a8a325c3c3bd68f9aeeee9,delivered,2017-10-26 08:50:37,2017-10-26 09:07:43,2017-11-08 22:56:48,2017-12-01 19:24:39,2017-11-28 00:00:00
a46dc6a0212b801e6864957e34476ab3,da3865a87af154f97a6de04afae086a9,delivered,2017-11-25 19:44:56,2017-11-25 19:56:26,2017-11-27 16:22:11,2018-01-07 13:09:27,2017-12-20 00:00:00
a4736d7f64163c9072e4aaeeb18f3aa8,d3ba320dfb5cf664b1437a2c154aa2de,delivered,2018-01-29 22:48:04,2018-01-29 23:11:23,2018-01-31 16:18:28,2018-02-06 21:55:06,2018-03-01 00:00:00
a477cdebba202e2c15cae2e35dbac3b3,b7f50e32ef6cc9ed88e6db3fe26234f4,delivered,2017-11-23 21:27:36,2017-11-25 21:56:42,2017-11-29 14:45:10,2017-12-08 10:51:39,2017-12-11 00:00:00
a483ffe0ce133740ab12ebcba8a3ccf9,e2f063c52fa92b54f186c62b90699c10,delivered,2018-01-10 14:16:10,2018-01-10 14:29:14,2018-01-13 00:47:56,2018-01-19 10:16:08,2018-01-31 00:00:00
a49b8f92334f6b3b8eef67010a8e53ce,a3e063a0fa6c25bbb150f73f9ac2ff91,delivered,2018-07-19 18:00:45,2018-07-21 03:15:29,2018-07-31 12:33:00,2018-08-03 12:23:24,2018-08-07 00:00:00
a4b41e795041ff5fb997f1049944e429,ed2a7f574615de8b297e0074f836eefd,delivered,2018-04-23 17:23:41,2018-04-24 19:10:15,2018-04-25 14:07:00,2018-04-27 20:03:31,2018-05-11 00:00:00
a4ba5f471acc707087cf478a5145f0e7,e1979cea70a08572ee93f5a366d9efb9,delivered,2018-01-30 21:29:41,2018-01-30 21:53:42,2018-02-02 22:59:10,2018-02-23 19:43:34,2018-03-01 00:00:00
a4df4e468e42ed5687c3ee2e925239a7,e5e50b9e762526a12499a7bb4e97a862,delivered,2017-12-04 17:42:45,2017-12-04 17:56:23,2017-12-08 21:38:48,2017-12-15 23:42:41,2017-12-28 00:00:00
a4e4558822ee82b83d241adadffa42db,b52b19c1578a99fe32770796105f0ab7,delivered,2018-03-12 16:45:07,2018-03-12 17:09:59,2018-03-14 00:14:49,2018-04-20 22:58:26,2018-05-07 00:00:00
a4e90e85913254028e2b816285a11db9,ba8f5b71a2f118cb40ba2f733add6d8e,delivered,2018-04-16 16:59:03,2018-04-16 18:33:50,2018-04-19 04:52:38,2018-04-24 20:25:36,2018-05-04 00:00:00
a4f28b3c6ced3a0b8f60b9043bc27f9f,3c68ab97a9868961c8497b3ce754a992,delivered,2018-01-03 14:10:34,2018-01-03 14:31:33,2018-02-03 15:38:26,2018-02-26 20:15:03,2018-03-26 00:00:00
a52f7fed96d71ecc9f577e2584e9d938,a604feea72cf6c3c63208e5f35dc3c0d,delivered,2018-01-06 03:07:37,2018-01-09 07:16:33,2018-01-10 21:34:07,2018-01-29 19:41:15,2018-02-06 00:00:00
a53d587cedb15e572d3aa67984929be5,9aeef00092181c23d5caf47cab6e5f5f,delivered,2017-12-12 07:51:32,2017-12-12 10:32:32,2017-12-18 21:41:53,2017-12-27 13:13:10,2018-01-09 00:00:00
a542babfe6f6339952a1f699ddc1868b,2ba83772da66cfb788b2130a97f46292,delivered,2017-12-02 18:38:08,2017-12-02 18:57:13,2017-12-05 14:19:34,2017-12-19 19:12:20,2017-12-27 00:00:00
a54a8115a2feb724778f05afb10f69e5,624f47203285d5306dd47b908384e50e,delivered,2018-01-16 19:15:22,2018-01-16 19:31:12,2018-01-17 20:19:08,2018-01-30 17:38:32,2018-02-09 00:00:00
a5507507d82c1fb664405882ed065af0,1b304cdb65a252be98ec533eac75bbf2,delivered,2017-08-29 11:34:11,2017-08-30 11:44:33,2017-09-11 20:57:24,2017-09-13 20:40:10,2017-09-20 00:00:00
a5543e119a631f1be4191fbc2c5e1e07,d9d0060f76a6e87bf45958860a1a4d4e,delivered,2018-08-15 20:21:01,2018-08-16 03:30:22,2018-08-16 11:47:00,2018-08-23 18:43:31,2018-09-10 00:00:00
a56a8219728fdbdc71a20c07b77f1328,8f8b86d98300c3e0c6e84c4fcc8a4581,delivered,2018-04-09 13:33:32,2018-04-09 13:51:16,2018-04-09 23:44:46,2018-04-13 01:48:49,2018-05-03 00:00:00
a56e37d8a5dac95d919eaff11259c597,fd88b35ff441b1536cdb975e1f804480,delivered,2018-04-16 10:31:31,2018-04-16 10:50:48,2018-04-30 16:11:00,2018-05-28 22:20:51,2018-05-22 00:00:00
a586da019f92d63ea627fb32eba2b776,5ae1be4283fb91cb5441d0b8f533eb1e,delivered,2018-04-03 12:23:56,2018-04-04 03:15:20,2018-04-04 20:19:08,2018-04-28 11:38:42,2018-05-21 00:00:00
a5903a529b9519a24ef2252f50a19cbe,02d683623fe8a7afb049181a823afefa,delivered,2018-06-02 10:26:07,2018-06-02 10:51:14,2018-06-05 08:08:00,2018-06-12 19:12:17,2018-07-12 00:00:00
a5963ec55629a3be5270283db13391a6,cefb86c8a049061f380600766d73ec9c,delivered,2018-08-11 21:48:41,2018-08-11 22:04:24,2018-08-16 14:43:00,2018-08-17 22:34:45,2018-08-20 00:00:00
a59e5a3085765eccf13872b4529fba3c,c368fab675f0635bef29b452b5b5cff3,delivered,2017-08-17 01:03:05,2017-08-18 02:30:28,2017-08-18 17:12:16,2017-08-19 15:52:05,2017-08-30 00:00:00
a5a2ab9022d563da450076220e56d658,24a36d3e10b9d9d90595c7cb0e8dc070,delivered,2017-09-26 20:50:49,2017-09-26 21:04:53,2017-09-28 16:27:46,2017-10-13 22:44:41,2017-10-18 00:00:00
a5b30f9f44d2413db0b94cd9a3fdcf81,bc62514151f687ae93af879b7755c439,delivered,2017-11-24 18:07:10,2017-11-24 21:34:47,2017-11-29 18:19:10,2017-12-02 18:05:42,2017-12-14 00:00:00
a5b36a263c9692d52e2243b9ef05c6d6,7f25ffaada2024d3e809765b76d3507a,delivered,2018-06-20 12:34:14,2018-06-20 12:58:07,2018-06-21 10:05:00,2018-06-25 14:26:38,2018-07-16 00:00:00
a5b65501699091dc28e4499a0b143963,510b491c7782d235d7eb8c68178dfeab,delivered,2017-11-10 01:12:15,2017-11-10 01:26:06,2017-11-10 19:04:47,2017-11-28 00:28:48,2017-12-05 00:00:00
a5bee526a0ca9f2a66f3704b82ad7833,5d9bad1b4aad6061f0b26c8b58291a6a,delivered,2017-11-05 22:32:25,2017-11-05 22:46:15,2017-11-07 18:12:10,2017-11-08 20:12:11,2017-11-17 00:00:00
a5cb0c790b2769b76dbd70429cb66d96,47b8d87db17a0601172636ee6597a1b8,delivered,2017-12-06 13:50:05,2017-12-06 14:12:29,2017-12-07 15:16:51,2017-12-12 18:45:07,2017-12-22 00:00:00
a5ce51395d295fe2c816182f79c81866,389aaa3d9c15ccb07e3b2185c4a8273c,delivered,2018-08-06 23:48:28,2018-08-07 00:44:43,2018-08-10 19:12:00,2018-08-13 23:54:24,2018-08-09 00:00:00
a5d81ef92239f2dfe3b2aef1416077aa,5bc89bd3505b85768524d24edc6822b0,delivered,2017-12-01 09:53:57,2017-12-01 11:31:37,2017-12-04 20:42:41,2017-12-12 20:33:14,2018-01-08 00:00:00
a5d865e12e7e0f8952334691874959df,9b99b552aa8d374d12896e55dfa2b0b9,delivered,2018-07-31 17:01:59,2018-07-31 18:31:04,2018-08-01 16:06:00,2018-08-03 12:46:44,2018-08-03 00:00:00
a5da284831a584245b8ab3cbce6eea11,2101819c6afb989af1f32457282298aa,delivered,2017-03-06 09:46:46,2017-03-06 10:02:51,2017-03-06 13:47:37,2017-03-25 09:55:41,2017-03-27 00:00:00
a5db68fbdade236961fa0c90c8264898,9897cc2745dee2567ebdd9c8e997f6d1,delivered,2017-06-25 22:59:52,2017-06-25 23:15:12,2017-06-30 14:07:12,2017-07-11 20:10:15,2017-07-20 00:00:00
a5de9034056efda4d24346ed92962a22,6236b2fe9924d4c2cebdbca5d770b2bc,delivered,2018-03-20 17:16:35,2018-03-21 17:10:35,2018-03-23 19:46:20,2018-03-26 21:42:40,2018-04-11 00:00:00
a5dfe2f94a7c8cb55a435a6ed9fc2c12,7838d18f32fd8c01bf0712b588663c16,delivered,2017-05-01 19:04:07,2017-05-03 11:35:43,2017-05-04 12:15:24,2017-05-15 12:10:57,2017-05-26 00:00:00
a5f588c27a89f3717988ca093e02ba3d,3d548ea6abcd37bef66b58e1360ff8d5,delivered,2017-12-04 16:29:28,2017-12-04 17:50:53,2017-12-09 00:04:15,2018-01-13 01:13:42,2018-01-08 00:00:00
a5f8c36187658cd37c05515c06cdd941,119725bec6861ddc5104cf752a096e14,delivered,2018-08-02 21:23:50,2018-08-02 22:15:27,2018-08-06 16:46:00,2018-08-10 02:37:35,2018-08-07 00:00:00
a61379db8a77b3c23fd2f0f60a5bd564,71aaca101e760b339740798f91ff6283,delivered,2018-02-06 11:24:59,2018-02-07 11:55:55,2018-02-07 23:04:38,2018-02-08 21:28:58,2018-02-22 00:00:00
a6264125a9c50827b115847d47c73a13,b52548625e32de3e7e0dca735663ec8b,delivered,2017-10-06 15:02:44,2017-10-06 15:14:26,2017-10-09 21:47:31,2017-10-18 20:23:26,2017-11-01 00:00:00
a6476259927be2539b760baec362ce92,fa7dffdd159e0b0d624a60f7b72497a5,delivered,2017-12-14 00:03:51,2017-12-14 00:12:44,2017-12-14 21:06:00,2017-12-19 15:17:57,2018-01-03 00:00:00
a65123674e1b3ffde2fff9af8c009f30,4f5e4ae2ccce7e66aeeae545bf12fd41,delivered,2018-01-07 21:45:04,2018-01-07 21:57:23,2018-01-09 22:44:45,2018-01-30 20:51:42,2018-02-07 00:00:00
a681c0def1c5f464196b9deaca8d28db,4f73c60a064996024fbac3681215b6d0,delivered,2017-12-18 19:21:34,2017-12-18 20:30:25,2017-12-21 21:55:09,2018-01-08 16:54:20,2018-01-17 00:00:00
a68d55e37069898482bef61866cac7f4,3a38221b09bfb907e18edee4e1a12645,delivered,2017-09-08 01:21:52,2017-09-08 01:30:17,2017-09-08 19:24:51,2017-09-09 15:12:10,2017-09-20 00:00:00
a68ddd6009f7c4914e2bc86567262d3b,f004d31d81706b3f328f46dda10d9ef3,delivered,2017-10-30 15:40:02,2017-10-30 16:31:24,2017-10-31 16:43:44,2017-12-02 00:41:52,2017-11-21 00:00:00
a698eb7ffd8072c3664a4950b259ff0b,0f086b70ff8bfcbba5e47b378242231a,delivered,2017-12-06 12:16:43,2017-12-07 03:12:02,2017-12-07 19:41:23,2017-12-11 18:37:39,2017-12-22 00:00:00
a6a5d5673d42186a8b8b94ad29b59897,f273dd8c96c0c0ae03dd3cba3014f4cb,delivered,2017-05-15 00:45:02,2017-05-16 01:00:34,2017-06-21 15:26:48,2017-07-20 17:26:10,2017-06-19 00:00:00
a6aa2d9d0561ad1c39f33d69e3f1277e,13b24d45013751e69cb8764ac554a4d6,delivered,2018-08-01 19:52:40,2018-08-01 20:15:25,2018-08-02 14:21:00,2018-08-03 21:04:44,2018-08-07 00:00:00
a6b0569fe3c4f86e7604914120e06df1,a96bad6c2f0b23749afc5b3ff6e6365a,delivered,2017-09-04 10:40:18,2017-09-04 10:50:11,2017-09-05 18:53:06,2017-09-15 13:14:52,2017-09-28 00:00:00
a6bf292dae65f520a1f47f4df440654a,a8042e7d6aea7c6f3ac39e7f313e8b88,delivered,2017-10-05 17:32:22,2017-10-05 18:35:17,2017-10-06 18:57:02,2017-10-11 21:03:56,2017-11-03 00:00:00
a6c872862f17570fa0c8d8d39bdd2473,f872c372ede6306069cd060660656e8f,delivered,2017-05-24 14:58:20,2017-05-24 15:10:17,2017-05-25 16:09:30,2017-06-06 13:57:28,2017-06-20 00:00:00
a6d4e95420d65bd5f299dc95d3493e0d,dd0ffd71cbeb719f6bcd05874f344ba3,unavailable,2018-07-23 06:11:11,2018-07-28 23:31:01,,,2018-08-14 00:00:00
a6d6282641341836469627a964ade597,41f52ac8513e661ac4ce7f51f5748356,delivered,2018-01-14 21:00:42,2018-01-14 21:09:28,2018-01-19 17:38:56,2018-01-23 18:55:05,2018-02-08 00:00:00
a6d7b2808b32dae3b384222edb93efd0,7cb24ad499c1e7e4b94d04ea1cd3ac81,delivered,2018-03-23 13:44:28,2018-03-24 11:29:14,2018-03-27 19:26:52,2018-03-28 20:21:51,2018-04-05 00:00:00
a6eaa4e9d0e172457c2f76bdd1face86,4ddd4625fadce7b0ea6bc02c5bb84108,shipped,2017-11-15 18:00:59,2017-11-15 18:16:04,2017-11-17 12:18:51,,2017-12-06 00:00:00
a6f204a476de5e606ae0188921142f7a,5a1378910e540a78b55df6f430a14cea,delivered,2017-05-06 14:23:15,2017-05-09 09:43:10,2017-05-09 15:28:25,2017-06-02 17:42:06,2017-06-08 00:00:00
a710aa239bfbb253f2ecd578893a07bc,a71b2a9ba74939ec08fb4a50fe498974,delivered,2018-06-05 11:21:27,2018-06-06 11:15:19,2018-06-12 06:45:00,2018-07-03 22:16:41,2018-07-19 00:00:00
a7144d3b7979d21c288cab0a459f7bf0,6250c0be552393dae4324dff902a56a0,delivered,2017-04-07 18:41:20,2017-04-07 18:50:17,2017-04-12 08:05:25,2017-04-19 12:53:40,2017-05-08 00:00:00
a71cbf13e7dfa5a074740c8a1efc5a9a,dfb27a0b09b7c683f49366048c42f62e,delivered,2017-04-05 14:29:43,2017-04-06 02:43:01,2017-04-06 15:07:18,2017-04-08 01:18:26,2017-04-26 00:00:00
a739570c1cd11112aa1fc229a15155ac,f9101abc91870da87ab5c5c0b687e5cd,delivered,2017-03-16 20:25:10,2017-03-16 20:25:10,2017-03-21 06:15:04,2017-03-28 15:16:09,2017-04-06 00:00:00
a749acbc328952e55d87733a869f2817,bf10128e5ecdd3a1ebfe697aa8084da0,delivered,2017-08-23 13:21:35,2017-08-25 02:50:51,2017-08-29 15:47:49,2017-09-06 19:07:59,2017-09-13 00:00:00
a757a56d0e861a38647169019a35ef8d,c6ff821f69a0dec55cfc2694414e45e4,delivered,2017-11-20 11:46:59,2017-11-20 12:09:22,2017-11-23 00:12:13,2017-12-13 19:12:46,2017-12-12 00:00:00
a7586f18de9c78a682d841ea07939673,8176c057d67ba18ead1176dabeab6195,delivered,2017-12-11 19:22:22,2017-12-11 19:31:03,2017-12-13 01:13:43,2017-12-17 11:29:10,2017-12-28 00:00:00
a759ad28933493d22dbaf7c75445cbe5,ca29cf9562654bac7552283bd561bd48,delivered,2017-11-09 23:25:11,2017-11-09 23:36:05,2017-11-17 19:48:51,2017-11-20 14:56:48,2017-11-24 00:00:00
a75f9d41f99d675f35ab8b90b2dc9b2f,2299f339f282db1423e54ad4155e00e3,delivered,2018-05-27 20:45:09,2018-05-27 20:55:11,2018-05-29 13:28:00,2018-06-14 14:51:12,2018-07-16 00:00:00
a76c1d70a00186ece4d82eba5f387f0a,67b9751e4cff924b6233923970d6f0a2,delivered,2017-11-24 16:40:25,2017-11-24 20:32:47,2017-11-28 20:51:51,2017-12-13 17:37:26,2017-12-26 00:00:00
a7737f6d9208dd56ea498a322ed3c37f,3c18db09bbaf1ef66e568bc610fc3e9f,delivered,2017-10-23 23:35:39,2017-10-23 23:49:29,2017-10-26 18:34:07,2017-11-06 18:33:17,2017-11-16 00:00:00
a77c9550c32e540e8798334f832b522a,f28dbad47bec24355005c467a2f6e703,delivered,2017-05-26 10:02:25,2017-05-26 10:15:13,2017-05-31 11:27:15,2017-06-02 15:02:36,2017-06-08 00:00:00
a7945c880a9ae5ff74905e316695ac77,c13456c30487488edbbf3e483a24a577,delivered,2018-04-09 16:17:38,2018-04-09 16:50:09,2018-04-10 19:56:44,2018-04-11 20:21:15,2018-04-19 00:00:00
a794d432d0990aa47220cda510a0a872,ac09b50d5b648f30126cc7ffceb97e8b,delivered,2017-09-16 23:26:17,2017-09-17 01:10:38,2017-09-18 18:51:44,2017-09-25 16:58:32,2017-10-09 00:00:00
a795d23a5dda16a79cabe752ef263cf7,97091f48563cf12e2e81034e5e6f124f,delivered,2018-06-19 18:59:37,2018-06-20 02:55:35,2018-06-20 14:18:00,2018-06-25 18:36:59,2018-07-12 00:00:00
a7a256d455df2402da6d060321656b20,d69adc38c89adba5d688a0986eb1b060,delivered,2017-11-14 17:28:01,2017-11-15 17:30:40,2017-11-16 20:39:03,2017-11-27 22:02:51,2017-12-06 00:00:00
a7b3902a1a640e1f0d4f861d468c588a,ca150f7080297fcc2977fc1bd5fa2bf1,delivered,2017-11-30 19:50:16,2017-12-02 02:37:29,2017-12-06 19:33:29,2017-12-11 23:19:52,2017-12-18 00:00:00
a7c2931e0d164883a0792bdbb8240381,57daa113711e9123f2a06835f37c0330,delivered,2018-04-16 23:04:41,2018-04-17 09:51:15,2018-04-20 18:46:26,2018-04-27 18:05:30,2018-05-07 00:00:00
a7dde6878527f0d1731d370978ba2849,bfd3bcc53296e057e04bbe0f9d97323f,delivered,2017-09-13 12:18:36,2017-09-13 12:30:19,2017-09-14 18:53:42,2017-09-19 19:26:50,2017-10-04 00:00:00
a7de2a15156cab510e1cf5761949255f,0d16bb7bd7c4cb2b20965e3ae4ba43e8,delivered,2018-05-05 09:52:06,2018-05-05 10:13:54,2018-05-09 15:06:00,2018-05-15 21:49:02,2018-05-22 00:00:00
a7f28fe443db7fc7f6f79297e3a18923,615d41b291075c1c126f20c616625a12,delivered,2018-01-26 11:53:56,2018-01-27 11:56:31,2018-01-29 19:11:59,2018-02-07 11:14:23,2018-02-20 00:00:00
a8096d0b94faa1314dbd562efc6a0967,45ead47bd4ee6bb5b5108506c44a4a7a,shipped,2018-01-18 04:37:44,2018-01-18 04:52:09,2018-01-18 16:49:00,,2018-02-22 00:00:00
a8097c0d6367263ed08ac7fa6b864235,63818bdafc7f8f42cbe050738e7910d5,delivered,2017-04-16 14:43:09,2017-04-18 03:45:48,2017-04-24 09:05:56,2017-05-16 16:15:52,2017-05-25 00:00:00
a811439b19bb6909ef492b5840fada1b,746ae9c9d515e99019d25a6ddfaf1ccc,delivered,2018-04-16 00:26:35,2018-04-18 02:31:54,2018-04-19 16:03:59,2018-04-26 15:46:53,2018-05-14 00:00:00
a81957953164f65e49dd6af3972b9db5,607cac3b738f3e37909b517901df2e85,shipped,2018-05-31 12:58:38,2018-06-03 11:30:34,2018-06-04 14:55:00,,2018-07-23 00:00:00
a827a4bb4b7d1623fb232641e491bf02,0c6d158c02fecb2c22f93b1edb42846b,delivered,2017-03-19 23:46:28,2017-03-19 23:46:28,2017-03-21 18:15:28,2017-03-28 08:09:36,2017-04-12 00:00:00
a82dcbafd23833baa1a6f5328cedf5a2,442a8d84f052ca755b763932022a8bdf,delivered,2018-03-13 19:30:50,2018-03-13 19:49:51,2018-03-19 18:14:41,2018-03-29 14:03:16,2018-03-23 00:00:00
a85b39b522ebdc78718abeca337444a5,b195bc90f08a925b3fcff60a27e14e45,delivered,2018-06-26 14:08:31,2018-06-26 14:33:59,2018-07-03 12:32:00,2018-07-04 18:41:55,2018-07-13 00:00:00
a85de20f557d7c93da92888cde9b7aef,0c82057d8f7095f51c7b46cbe30229a6,delivered,2018-04-08 20:44:56,2018-04-09 15:51:46,2018-04-10 22:28:30,2018-05-03 22:32:49,2018-04-27 00:00:00
a878ec01610f77e9f5ddd8bbc33b4468,319804ffc63eb8b4270a8818135a3865,delivered,2017-12-15 09:08:24,2017-12-15 09:16:23,2017-12-18 20:18:49,2017-12-21 20:36:41,2018-01-16 00:00:00
a87b1e2e028f2dd7b4f77afd0f1da268,f2f66374ab5da850ce006490eb25f609,delivered,2018-08-21 00:23:59,2018-08-22 03:35:13,2018-08-23 17:57:00,2018-08-28 18:18:47,2018-09-04 00:00:00
a880a78363d1f9a76ec3ca2b150de0dc,e9753790630a0bf9f483e4b9b5defa14,delivered,2017-11-18 13:19:08,2017-11-18 16:26:12,2017-11-22 20:21:03,2017-12-07 21:03:07,2017-12-12 00:00:00
a891f3efca32da79bccc94e6e69fd3e0,3cd4a0885a09ba26dfb6e3095d113f58,delivered,2017-02-09 21:28:59,2017-02-09 21:43:13,2017-02-13 17:10:59,2017-02-17 14:52:09,2017-03-08 00:00:00
a89eed32f0011eb66dcf2beb3d0fb255,e196a100446474c3e476a17fcbe8ac02,delivered,2017-05-20 00:26:11,2017-05-20 01:25:20,2017-05-22 17:52:33,2017-05-31 13:09:49,2017-06-22 00:00:00
a8a29ae9b3f2dc2e650dc520d7842041,ce0809a5eb4ada3a764f383e118c18a3,delivered,2018-05-28 19:57:44,2018-05-29 03:14:34,2018-06-01 08:29:00,2018-06-13 14:39:40,2018-07-16 00:00:00
a8a66bacde65e1be704695072691fab7,c9cb49149d6cde01cc34c008d9f7ab76,delivered,2017-12-30 15:37:54,2018-01-03 04:35:29,2018-01-04 11:15:46,2018-01-05 13:29:23,2018-01-18 00:00:00
a8b78b69f09b2a198f5a89c1897f8c72,69cf4a24c1d0f920d30e57a9375ec0f7,canceled,2018-02-17 17:16:24,2018-02-17 17:27:23,,,2018-03-13 00:00:00
a8c403407745aac434946d5058faa6a6,ece32f7a106669d2eae9af403290a97b,delivered,2018-02-05 02:12:23,2018-02-05 02:29:44,2018-02-06 21:52:44,2018-02-08 18:42:47,2018-03-01 00:00:00
a8dca6a1942e9103b78f5aea8b50a884,5e1dbbe153c43c9a400ca2f548ac2db6,delivered,2017-11-24 13:08:44,2017-11-24 15:14:40,2017-12-05 00:57:02,2018-01-05 16:49:25,2017-12-15 00:00:00
a8ddfd6f6316a1c31da18f179981ecc6,5b4a17cdf8e611b47a912e232cdf6441,delivered,2018-06-27 12:01:22,2018-06-28 12:31:09,2018-07-03 15:37:00,2018-07-05 21:13:50,2018-07-12 00:00:00
a8e46b160afbe222158c657aebb0166c,256259930a0ca3c61844e90383be748d,delivered,2018-03-11 11:38:14,2018-03-11 11:49:36,2018-03-15 02:03:46,2018-04-02 20:58:34,2018-04-06 00:00:00
a8eed0db5f225dedde3f0edcdf9ee3ed,eca7a7a7605b71a0a39b8aa40deaaefc,delivered,2017-09-30 07:44:48,2017-10-03 03:49:25,2017-10-06 20:33:42,2017-10-10 21:05:54,2017-10-18 00:00:00
a8f2de0bd364d148696276ada61777f7,5f7a57e2b8a60c5504cf3d41c267b0f1,delivered,2018-05-22 11:59:15,2018-05-23 08:39:21,2018-05-23 19:01:00,2018-05-24 18:58:47,2018-06-05 00:00:00
a8f7154bb991a05d09b8175c2e50364e,e80c95ccebdf5d9ecfb9f38b8f1ce690,delivered,2018-06-26 09:45:49,2018-06-26 10:17:43,2018-06-27 06:48:00,2018-07-02 20:23:36,2018-07-17 00:00:00
a8f98802b9d90bc23e0d46ca06b42136,2c6181c9105fc98a3d53efcc42657ad8,delivered,2017-11-17 19:41:05,2017-11-17 21:15:45,2017-11-21 19:44:02,2017-11-23 14:12:11,2017-11-30 00:00:00
a92225110bfd8206a036f272ccf0fb1b,7f96cdc06aa0cfe77e71187d5035f22f,delivered,2018-05-03 14:33:57,2018-05-03 14:54:51,2018-05-04 11:50:00,2018-05-15 21:06:20,2018-06-04 00:00:00
a92635cfd1b863f3c3c225dcab38d0be,1c6e0cf070d06c8e0d67cd1aeab03ef6,delivered,2018-03-22 21:12:07,2018-03-22 21:27:53,2018-03-27 01:06:52,2018-04-07 14:56:41,2018-04-11 00:00:00
a92dbdbc5549075a9831481180d02575,e00d297616884675d1a234e6fc7eb4d4,delivered,2017-06-12 10:06:39,2017-06-12 10:22:28,2017-06-13 13:21:46,2017-06-22 15:27:59,2017-07-05 00:00:00
a9342834aa696e06f0b243493288351a,39ce17aaf75f3947b94a0eedb243fd93,delivered,2018-06-18 18:55:43,2018-06-19 18:56:54,2018-06-20 14:45:00,2018-07-13 12:06:40,2018-07-18 00:00:00
a94c3f9f786e8db6bb345f6489942a3a,0bc2c14672dbd55d2657dc1913bdd03a,delivered,2018-04-29 21:33:01,2018-04-29 21:50:22,2018-05-02 14:34:00,2018-05-09 22:54:43,2018-05-25 00:00:00
a97a20383c7664aca72d666d1858be2a,4b9791411c5518591201a6e666a1162b,delivered,2018-08-06 14:43:21,2018-08-06 14:50:22,2018-08-07 14:53:00,2018-08-15 16:38:25,2018-08-17 00:00:00
a9884879d65dd954426915174ac439ad,39c082628d716c7e5d595b2c28ba81ea,delivered,2018-02-15 21:27:07,2018-02-17 03:36:29,2018-02-19 19:57:45,2018-03-02 01:16:35,2018-03-14 00:00:00
a9b0a7015644d713589e4836e2621897,caed27153d7dcb652fa5d30fa4a08930,delivered,2018-03-18 23:27:23,2018-03-18 23:47:51,2018-03-19 21:09:59,2018-03-23 20:13:35,2018-04-05 00:00:00
a9b929204be626d61a1d60d47e6b52bc,d7342522c8c12afa8013c3fe8346a140,delivered,2018-02-22 19:18:21,2018-02-22 20:00:28,2018-02-27 17:43:07,2018-03-06 21:42:35,2018-03-15 00:00:00
a9c8ac0c26c178f0ad33618f96225a01,727ab4449f530b9af13f40fa8e528bff,canceled,2018-07-22 23:36:14,2018-07-23 12:31:55,,,2018-08-07 00:00:00
a9cd6c2b2f5fb42940c49246ea7ce08f,3e7b2479252ab3087413e44eb3354263,delivered,2018-02-02 11:14:39,2018-02-02 12:15:36,2018-02-06 22:43:39,2018-02-15 17:20:50,2018-03-02 00:00:00
a9d045793a3a75774ac0fedb5d7d46c6,2467f4b55c35ab6b015f09d0312570a3,shipped,2017-07-04 10:50:11,2017-07-04 11:05:16,2017-07-05 17:03:18,,2017-08-03 00:00:00
a9d6b730b2ad516caeb90d9fd52c7300,13477c22e6b7c686971a1074215eafcb,delivered,2017-07-23 20:17:44,2017-07-23 20:30:12,2017-07-24 18:32:10,2017-08-07 17:02:47,2017-08-23 00:00:00
a9da66f1dfe4cca8956f5e74619c2cb9,07dae321287a775e433119f7cc3a774b,delivered,2018-02-24 15:39:34,2018-02-27 05:30:53,2018-02-28 23:35:22,2018-03-06 18:07:56,2018-03-23 00:00:00
a9db785c3c219acb88a8a8c594045493,9e24614d3c9138935bdd12b9b0504a7a,delivered,2018-02-12 19:22:50,2018-02-13 19:15:27,2018-02-16 19:56:34,2018-03-02 17:53:57,2018-03-07 00:00:00
aa21334313579b3bf1d6e8a10de215af,fee356a6202f0d1a5b2933afa5d55306,delivered,2018-07-18 13:19:10,2018-07-18 13:30:18,2018-07-31 13:50:00,2018-08-04 18:11:46,2018-08-23 00:00:00
aa2e81559d88cca16ac122e7627078c8,0d49e6cf6c6049404ab247c5d1ea4aa3,delivered,2017-03-27 14:04:58,2017-03-27 14:15:21,2017-03-30 16:08:45,2017-05-05 14:56:03,2017-05-02 00:00:00
aa55555c927df6a9f421ab6fab013656,990ca371664feb42a064c3503d40d749,delivered,2017-09-14 13:24:48,2017-09-14 13:37:05,2017-09-14 20:29:30,2017-09-25 18:54:37,2017-10-03 00:00:00
aa70246e9f9947e5a9a5e69684afe114,cbd27e89c7d9f328657dbdfe6206bf6c,delivered,2017-08-23 07:16:09,2017-08-23 07:30:17,2017-08-25 16:18:32,2017-08-28 17:27:32,2017-09-08 00:00:00
aa767f19bb0117b647c1934f348f84a8,c0607f321bb86a70b4c2ac712efa110b,delivered,2018-06-27 07:14:45,2018-06-27 10:52:05,2018-06-27 09:38:00,2018-07-03 15:57:08,2018-07-18 00:00:00
aa830d74d3e7d4a392cb7eac51a9c719,a0b7bf085451ca667f8c8015e9812e3b,delivered,2017-01-14 17:59:38,2017-01-14 18:10:17,2017-01-18 04:38:56,2017-01-25 09:47:57,2017-02-15 00:00:00
aa8315492e537030e29f1bc252d26cb1,9a0c338c3ce99b9896047b86ac665b95,delivered,2017-02-16 13:37:14,2017-02-17 02:10:10,2017-02-17 08:53:46,2017-02-25 06:09:44,2017-03-20 00:00:00
aaab824b480222c061bba0fa4886308e,238b9beff3ad2663891162f617180328,delivered,2017-09-04 15:31:36,2017-09-04 16:35:09,2017-09-12 12:28:09,2017-10-03 17:48:14,2017-10-10 00:00:00
aab3b583efdded9a5a8214c4edfc387b,ce26ced2b3dbcd2e283ad3c688021fec,delivered,2018-02-03 13:58:31,2018-02-06 04:32:15,2018-02-06 21:41:57,2018-02-26 20:56:40,2018-03-08 00:00:00
aab8c7dc7990b7626dff6f216cf44b99,9bdd006e7722078bef3dc58b0a39712f,delivered,2018-02-21 14:30:22,2018-02-21 14:49:31,2018-02-28 02:00:34,2018-03-01 02:12:03,2018-03-07 00:00:00
aae20f94697409584dc57072f8a64d3b,da707ccf42e6af809fa782792fefd72e,delivered,2018-05-12 13:48:14,2018-05-12 14:11:58,2018-05-14 13:00:00,2018-05-21 19:32:07,2018-05-30 00:00:00
aae4a80d679f211688ed391ae747100f,d3e959746cfd88a3e1392952b9892c62,delivered,2017-11-12 16:21:38,2017-11-12 16:46:15,2017-11-16 19:47:56,2017-11-20 15:14:49,2017-12-08 00:00:00
aaff827d79b2aca52ee986179a052077,641ea55c1a9954a48b198146db68cad9,delivered,2017-11-30 08:57:44,2017-11-30 09:07:31,2017-12-05 01:08:29,2017-12-13 15:13:23,2018-01-03 00:00:00
ab07b6c48672e9876b9f11c746d98d3e,b1d1ede48fb8245ecb50d744ecd46068,delivered,2018-02-06 17:15:04,2018-02-06 17:32:27,2018-02-09 16:28:47,2018-02-14 15:15:21,2018-03-05 00:00:00
ab09afe5fa58419dc20bca18a0a68fc4,973fa080350628683fe8a8147335904f,delivered,2017-10-18 17:23:39,2017-10-18 17:37:11,2017-10-23 15:33:04,2017-10-27 22:44:57,2017-11-09 00:00:00
ab0bb51a710692e96d316072209e1c75,5b170a1fa36d54e1a28fa50d6dca899f,delivered,2018-03-25 20:34:39,2018-03-25 20:48:22,2018-03-26 18:11:58,2018-04-03 16:52:46,2018-04-11 00:00:00
ab0e35dd7151f7e3d72931b940b6a335,729862db9ace71f44613602b0bb1ff40,delivered,2018-06-18 10:32:17,2018-06-18 12:02:15,2018-06-19 09:11:00,2018-06-20 20:06:37,2018-06-28 00:00:00
ab114f47094abcacaf5888844db683ff,dc350d5cef089a6c9a444b4dd67811c7,delivered,2017-03-03 10:48:12,2017-03-03 10:55:16,2017-03-08 11:27:57,2017-03-14 09:26:35,2017-03-24 00:00:00
ab1b312e38647cce491b4c3dd3bdf1ef,97872d3908c8b7aa23b2dfde235ec569,delivered,2017-12-20 11:14:23,2017-12-20 11:31:43,2017-12-20 21:18:15,2017-12-21 18:28:54,2018-01-09 00:00:00
ab292f6c11a661dd97feca37ffe7b162,d0ce4181898b96b8fc24e7c5c48c9761,delivered,2018-04-07 14:42:53,2018-04-07 14:55:09,2018-04-09 21:36:48,2018-04-10 23:32:21,2018-04-19 00:00:00
ab2f2b70a35105e169d9fba7a65d3ac0,f7cbc5b5009187e1d0983e1ff7a5c6c2,delivered,2017-02-18 14:47:47,2017-02-18 15:02:50,2017-02-23 03:09:14,2017-03-03 11:09:08,2017-03-27 00:00:00
ab348b95012031ab6a86594395ad47e1,678d20542c7e73359dbe7f13acd6a4f1,delivered,2018-08-10 19:53:00,2018-08-10 20:05:22,2018-08-16 11:38:00,2018-08-18 00:21:14,2018-08-16 00:00:00
ab4fc7cc026a9ea1a616584f9cfe4b9a,963544f76b9088090629e464c5947091,delivered,2017-10-08 20:32:53,2017-10-08 20:45:21,2017-10-10 17:10:20,2017-10-17 14:36:03,2017-11-03 00:00:00
ab500cb1d60a0e2ae7ce02ef4e8236d9,0517275619c2cf3f948fd80048339422,delivered,2017-10-18 23:22:07,2017-10-18 23:32:39,2017-10-20 17:10:13,2017-10-26 18:32:55,2017-11-07 00:00:00
ab5ff0fcd7789a6b96e8f90c47e0ccc9,fc00541611ecadf4e775f14ea8a2a24c,delivered,2017-04-13 15:13:51,2017-04-13 15:25:17,2017-04-13 16:54:03,2017-04-19 12:21:40,2017-05-16 00:00:00
ab668aaea7f0e48e485474b11f44c582,52584132eae2a44eb993f99d1de4e6b5,delivered,2018-06-18 14:53:05,2018-06-18 15:17:03,2018-06-22 16:27:00,2018-06-30 11:41:59,2018-07-03 00:00:00
ab7668e66b0f2053a4ba0baec415d511,9a19695e6d81c0eddda784a2026b70cb,delivered,2017-10-05 09:45:38,2017-10-07 02:25:08,2017-10-10 21:33:56,2017-10-21 14:53:37,2017-11-06 00:00:00
ab85079cf6e3ab3495bdb5dc789f8b63,42530e1c510f7b7f83885351568619ba,delivered,2018-01-25 19:36:19,2018-01-25 19:52:35,2018-01-29 20:03:41,2018-02-02 17:32:40,2018-02-19 00:00:00
ab85b219b698a7d569995ee1ea9b76fe,7ac9b67de74b34e14f2b547a8eb818ae,delivered,2018-05-14 13:03:19,2018-05-14 13:17:32,2018-05-15 13:39:00,2018-05-22 17:08:26,2018-06-07 00:00:00
ab87dc5a5f1856a10640d5f42e4c2fd9,538a4d02876412846b966a3c057395e5,delivered,2018-06-04 12:38:45,2018-06-04 12:50:47,2018-06-05 12:12:00,2018-06-11 20:39:49,2018-07-17 00:00:00
ab8b6341a925e22523717681a8e26ed6,8a3f1d8e69005d13f5fede4c404d5470,delivered,2018-01-16 10:48:02,2018-01-16 10:55:26,2018-01-16 23:21:22,2018-02-07 01:07:35,2018-02-06 00:00:00
ab92a98bb35621bd312084351fb238f1,8f37b3503cd144af77f3c3728b465c5e,delivered,2018-03-25 22:30:05,2018-03-25 22:48:20,2018-03-26 19:58:53,2018-04-02 16:32:26,2018-04-20 00:00:00
ab97ff9b268ca7e6f9f741cd843363e3,6fa7a221fb6f0690ff40df40ceb7c786,delivered,2017-11-30 09:01:59,2017-11-30 09:12:19,2017-12-04 13:58:54,2017-12-06 19:47:04,2017-12-18 00:00:00
ab98ff74321e38f5374c79cd84819ec8,cef4764b4390fa072851cb108ed91f35,delivered,2018-03-16 15:41:04,2018-03-16 15:55:28,2018-03-21 01:26:42,2018-03-23 13:45:48,2018-04-12 00:00:00
ab9de67666ec95b75b273e2905fc7844,17f649534bad9e486650d91706ac41dc,delivered,2018-03-14 12:16:03,2018-03-15 03:29:26,2018-03-15 23:38:24,2018-03-22 16:22:49,2018-04-02 00:00:00
aba02e203a50c9dcf7c2b6b210b5f6eb,b7fc8e04ed80320673fef972447e3551,delivered,2017-11-22 14:55:46,2017-11-22 15:06:37,2017-11-23 17:12:28,2017-12-01 00:28:05,2017-12-08 00:00:00
abbfe78fd05873101e792fa04bbad963,3ef07c4bf193cdc766ec811397a59c88,delivered,2017-10-03 01:25:30,2017-10-03 02:20:17,2017-10-03 14:23:21,2017-10-14 11:58:37,2017-10-27 00:00:00
abd0736f947aa672d9254ad3cfaca4ff,494e06598140699017261a37e250cc52,delivered,2017-07-02 16:32:13,2017-07-02 16:43:53,2017-07-03 18:22:10,2017-07-18 17:45:57,2017-08-04 00:00:00
abd23f048bf60025ad66f8cf56c85379,8903fd96319b50a6c641465f4e61644d,shipped,2017-03-11 13:37:51,2017-03-11 13:37:51,2017-03-17 16:23:34,,2017-04-18 00:00:00
abd354c184e0394672290b846384b3b3,f9a20af88c4a471038ee26f502abecc2,delivered,2017-06-06 14:01:29,2017-06-07 02:50:07,2017-06-07 10:07:52,2017-06-08 13:37:31,2017-06-20 00:00:00
abdc66adfb59c21caa145e7791e59a25,a835c8deb5d1ff60aea83f05e4e803df,delivered,2018-04-23 20:37:00,2018-04-24 18:02:40,2018-04-24 18:34:53,2018-04-27 19:47:34,2018-05-14 00:00:00
abe4bb0d5f5e83b74e08e54f5aef8c35,4828a6413ea05bd3e64c16b7adf755cd,delivered,2017-09-28 00:23:56,2017-09-28 01:32:48,2017-09-28 17:38:54,2017-09-29 12:51:43,2017-10-16 00:00:00
abefedeaf61ad043302fe9d2837a9772,379f4366f5dab3fe232d02b8432360dc,delivered,2017-09-13 00:57:15,2017-09-14 01:05:42,2017-09-14 14:13:16,2017-09-22 15:20:32,2017-10-10 00:00:00
abf95d8f93963d70ab53ff935297c315,555128d9759ad81dd318c2120966fe57,delivered,2017-03-21 15:07:48,2017-03-21 15:07:48,2017-03-24 18:43:42,2017-04-05 09:39:42,2017-04-20 00:00:00
abfb34ed11820c7247adfb30fe5bb7ae,0d0f6b38e873757a949a9c3624b21a93,delivered,2017-01-20 00:25:39,2017-01-20 01:30:17,2017-01-23 10:02:29,2017-01-31 17:44:19,2017-03-16 00:00:00
ac046375de5d50de6bb99a9bcdf592d8,fdc75904277c0a308c4840fd60d024ef,delivered,2017-10-17 00:40:43,2017-10-17 01:06:07,2017-10-20 11:06:49,2017-10-30 21:47:42,2017-11-21 00:00:00
ac05edf13466f6c474516cccd781bbd7,b8a8f0d040850c1e5c76d0614d22b8df,delivered,2017-11-29 14:21:03,2017-11-29 14:34:31,2017-12-04 22:36:52,2017-12-22 19:57:31,2017-12-21 00:00:00
ac149cc1646470fa003284a354a2b4f3,5fe6feaf063dd24de0c2a3b2c6e55efb,delivered,2017-11-24 17:50:35,2017-11-24 21:13:19,2017-11-28 21:08:56,2017-11-30 15:02:36,2017-12-13 00:00:00
ac17fcdce65beed9ddc7473ff8150528,4220690060f453982ccc4f2269401a81,delivered,2018-07-27 21:49:38,2018-07-28 15:50:10,2018-07-30 14:06:00,2018-08-08 01:11:18,2018-08-01 00:00:00
ac244956f757aeeb76242334254bf9a5,80f70f0ca0bcd19bf71e848e51206d68,delivered,2017-07-12 18:45:24,2017-07-12 19:03:33,2017-07-14 20:43:44,2017-07-25 21:54:23,2017-08-14 00:00:00
ac416b71ffbc5fbfe4b5cea8a05b0d4d,57add4c6f47d0d2bca43964b6a766e4d,delivered,2018-08-01 15:46:59,2018-08-01 16:50:09,2018-08-02 12:19:00,2018-08-03 16:39:01,2018-08-07 00:00:00
ac5ff205bf10a5b08e09e552d693cf4c,d7f16c15e8f7db3c67cabac56e57ffea,delivered,2017-02-27 19:54:25,2017-02-27 20:05:12,2017-03-02 07:35:26,2017-03-07 10:11:42,2017-03-22 00:00:00
ac7838d68577acf6e79c465b25ce9268,679d4ea2fbd7a090a67bde09ad348e8e,delivered,2018-03-05 19:58:57,2018-03-05 20:10:52,2018-03-07 20:33:04,2018-03-16 23:04:24,2018-03-27 00:00:00
ac7be03875c6dcaf9cbe029dceeaf54c,fbd922e9f5bf7801d5158eca21b27c26,delivered,2017-08-14 21:29:09,2017-08-14 22:24:25,2017-08-16 11:59:54,2017-09-05 17:24:18,2017-09-15 00:00:00
ac7d1a865466115f5fb92c5437caf6a7,adf00ef90563974803ef5bf381313946,delivered,2018-04-18 12:01:12,2018-04-18 12:15:26,2018-04-18 21:08:22,2018-04-26 19:46:28,2018-05-09 00:00:00
ac88d96f79bb0884df747b9c38fe48f7,ced8f3419d9a7d7fec840b843b36d6c2,delivered,2018-03-11 18:14:17,2018-03-11 18:28:00,2018-03-12 23:18:58,2018-04-15 15:28:40,2018-04-05 00:00:00
ac95b87f13bbd7609c75bfcc17cf3ae7,c1cc319cd4cc87a520c08d8e403bed0b,delivered,2018-07-20 14:50:31,2018-07-20 15:04:22,2018-07-20 17:13:00,2018-07-27 17:04:21,2018-08-01 00:00:00
acae143a186daba1a799e24d98f187d4,7a7155625ed41db5a24a123ca185d7e5,delivered,2018-03-18 21:25:49,2018-03-18 21:35:37,2018-03-21 19:17:38,2018-03-23 15:08:42,2018-04-04 00:00:00
acb8a8355ba526f10697c17f40dc3352,232fc199e2c1159c64a569a38816e593,delivered,2018-05-22 09:53:18,2018-05-22 17:14:33,2018-05-23 14:12:00,2018-05-24 15:40:44,2018-05-30 00:00:00
acc9d9fa3a265bbc6b3411d5e8c5083d,307ca6d3d62b7f56d4c4a76dbcfe83f4,delivered,2017-03-15 15:17:54,2017-03-15 15:17:54,2017-03-16 09:15:51,2017-03-24 12:14:28,2017-04-07 00:00:00
accddd3ce343b9c4a7ad6d49ecc3c3d2,c8ed2b9476c21e4cfffa0dc1cff1d3a9,delivered,2018-08-09 18:31:58,2018-08-11 02:35:26,2018-08-13 15:43:00,2018-08-20 23:45:36,2018-08-16 00:00:00
acd28ef21e6a66f094eebbf1e65e58ae,495a06b43543cd05dba495187d78de12,delivered,2018-04-10 16:56:05,2018-04-10 17:52:06,2018-04-11 18:26:39,2018-04-12 19:08:44,2018-04-24 00:00:00
acda113f032ffc47eafcaad99a617bd9,ed4676d154bd29df2e8bcf60549621a7,delivered,2018-06-20 15:07:14,2018-06-20 15:40:25,2018-06-21 08:34:00,2018-06-28 12:24:35,2018-07-23 00:00:00
acdaa16a13bbe2ca9983c730d0e29c2c,52f53291ff1011cdb7d19e97f2648974,delivered,2017-07-28 15:45:36,2017-07-28 15:55:16,2017-07-31 16:10:54,2017-08-01 18:29:52,2017-08-10 00:00:00
acf02c5ab56a3df0a845ccd5cec4e057,31b9b42d16fa584c55c792555dd4360d,delivered,2018-01-08 11:12:11,2018-01-08 11:28:09,2018-01-10 17:52:52,2018-01-15 17:03:37,2018-02-05 00:00:00
ad017ea4537bcf364b841c9160b0fa51,989908db06fd4a53e3177795a0a402d9,delivered,2018-03-10 15:16:08,2018-03-10 15:25:30,2018-03-15 23:32:37,2018-03-28 17:29:51,2018-03-29 00:00:00
ad1d5c46d63588c477f08b1a917e0788,60d42085fee30b555e6a88331ac1aeb9,delivered,2018-04-04 07:43:09,2018-04-04 07:55:13,2018-04-04 20:24:36,2018-04-11 21:53:27,2018-04-20 00:00:00
ad20d0dfe5b91c07df72dff0206aacd9,50ff7fc5ed9bd9bb79a4313f9924c6e0,delivered,2017-10-31 22:19:42,2017-11-02 02:27:03,2017-11-07 14:53:06,2017-11-10 16:56:33,2017-11-28 00:00:00
ad29d62dc7e0a18661b20a1ad16217bd,4573cafdc710733ba3ac33f2293667ad,delivered,2017-07-11 10:16:34,2017-07-11 10:25:13,2017-07-14 17:02:54,2017-07-27 11:44:57,2017-08-02 00:00:00
ad430bc59db52b1f7522b6f19e669bc6,eed07583336a218b34ffa4773126a86b,canceled,2017-03-05 19:39:34,2017-03-05 19:50:09,,,2017-03-27 00:00:00
ad4725342567809f8d0b8230394585d1,80bf2dc073c61bbc818115f50bf8cb15,delivered,2018-06-27 21:05:00,2018-06-27 21:31:59,2018-06-28 13:34:00,2018-07-03 04:04:11,2018-07-18 00:00:00
ad61bdad0a6d5fac6af829eba1fa4e84,c608f7336568970b364efe2928979019,delivered,2018-08-02 15:16:58,2018-08-02 15:30:19,2018-08-07 14:45:00,2018-08-10 23:58:34,2018-08-21 00:00:00
ad69edd5c027bb8d8647e5ad00cd2857,d088b310a3657f194fa1e5e61ad66587,delivered,2017-10-02 23:11:37,2017-10-03 12:28:19,2017-10-06 22:28:55,2017-10-17 18:45:03,2017-11-03 00:00:00
ad6d3a18d2c834c332464ee72c2131cf,696cfe66865abec5b9a5165cc2b7bd6d,delivered,2018-01-24 07:33:26,2018-01-25 02:58:18,2018-01-29 10:52:30,2018-02-02 16:09:06,2018-02-08 00:00:00
ad716a0d2ae795dfccfb3afc5d40a6e9,ceb4051c6ffa6d84505741c5f96093f0,delivered,2018-07-04 20:46:18,2018-07-05 16:18:56,2018-07-05 13:15:00,2018-07-10 18:38:43,2018-07-23 00:00:00
ad818323f40e1a353eb3a3874d138c51,e423929b7362dc59bfc3e9dab3acad7a,delivered,2017-01-10 19:43:30,2017-01-10 19:55:17,2017-01-13 15:54:54,2017-01-20 16:35:05,2017-02-20 00:00:00
ad850e69fce9a512ada84086651a2e7d,30bb84b541c96af98ba7d90b9ebf35d0,delivered,2017-11-21 17:23:04,2017-11-23 02:36:26,2017-11-23 20:38:26,2017-12-07 14:47:05,2017-12-13 00:00:00
ad86b0d3d5cafc39d8b70a248b46cfa6,e4187e722cbd5b6db4b0c68b68b8c573,delivered,2018-04-12 03:50:51,2018-04-13 12:35:19,2018-04-16 20:25:42,2018-04-30 17:24:42,2018-05-09 00:00:00
ad8adc3413ef931f82e9cc0e6c1ca009,0b3266fa3a88c132be21f0cc1ab9a113,delivered,2017-04-28 23:17:03,2017-04-29 13:50:21,2017-05-05 11:32:45,2017-05-19 18:32:19,2017-05-29 00:00:00
ad9462a4da64add20fbc051616035832,6b384dff2e1e096fe27389503931beec,delivered,2018-02-10 14:00:42,2018-02-10 14:10:37,2018-02-16 02:09:14,2018-03-06 01:26:35,2018-03-13 00:00:00
ad982819d59bc6c0fc50e08c0ee19e05,6aee223ad482dc78a0d4fe2f893c203c,delivered,2017-12-08 22:24:48,2017-12-08 22:36:29,2017-12-12 15:09:42,2018-01-11 20:18:26,2018-01-17 00:00:00
ad9aa06b7c1aff45bb25d171973fc761,6102d1227aa240ac837720636f7e914a,delivered,2017-11-24 23:52:46,2017-11-25 01:53:33,2017-12-06 17:54:46,2017-12-18 20:53:35,2017-12-20 00:00:00
ad9c035288b84041ed2c530e8e09db8e,c144ae806d6a6daa786935468826bd0b,delivered,2017-10-06 11:41:20,2017-10-06 11:49:46,2017-10-11 10:30:15,2017-10-24 22:11:34,2017-10-30 00:00:00
ada8de3a9486cea2fce7f4b00319cf3c,9065a96b91a08c08755c4ea2618884f2,delivered,2018-07-09 18:25:16,2018-07-11 03:26:03,2018-07-11 12:12:00,2018-07-24 21:22:15,2018-08-06 00:00:00
adc5d4b4ff1723e6a68bb73bb1eda4a8,630e9a67c8d1528b356f51ba17702570,delivered,2017-07-14 18:06:13,2017-07-14 18:15:18,2017-07-20 17:42:15,2017-07-26 22:11:41,2017-08-03 00:00:00
adcc24406dacde218585aa79366ee2d0,c92227c22263d46ce0163442bb544995,delivered,2017-06-23 08:48:59,2017-06-24 02:15:24,2017-06-26 13:52:28,2017-07-05 16:17:42,2017-07-19 00:00:00
add756e3e5d6be09e93f4e5ca22d7b44,beaefb15f57098290db7f598c19dcf87,delivered,2018-06-05 15:30:41,2018-06-05 15:49:03,2018-06-06 13:12:00,2018-06-14 18:48:35,2018-07-18 00:00:00
addef08806ad9aecf14f8577435cc798,7f17dd631b8dc8b6c16c9d6f98b3677a,delivered,2017-07-19 12:10:26,2017-07-19 12:25:18,2017-07-20 12:52:54,2017-07-27 18:57:39,2017-08-10 00:00:00
adeecc8758fde854ecaaa035e0ae212e,17afddb3dd87d2c751993e6a2d2498a9,delivered,2017-10-29 20:43:58,2017-10-31 04:06:31,2017-11-03 20:08:30,2017-11-08 18:38:00,2017-11-17 00:00:00
adf119c06ea77cd7d347b943780c37de,d78674e07c1599d4b14b0e623f5a981f,delivered,2018-06-10 21:51:36,2018-06-10 22:17:21,2018-06-21 08:25:00,2018-06-25 15:48:52,2018-07-16 00:00:00
adf1d1f9f725c103056bae5f78d77513,e7aa8f71ce6a66684f90103ab313cfd1,delivered,2017-10-13 15:32:47,2017-10-17 03:56:32,2017-10-19 15:48:57,2017-10-25 21:04:41,2017-10-31 00:00:00
adf7dde7efb2d3ce93a32ba439bce856,36715539f8ebc9f7fc73cf94e722c0ff,delivered,2017-11-15 23:26:16,2017-11-15 23:50:27,2017-11-17 15:21:36,2017-11-27 12:23:32,2017-12-13 00:00:00
adfb15b690df8a5aa4c327edfc6ea9f3,563bb72874c0389d13629841d8cb4b39,delivered,2018-08-02 12:42:04,2018-08-02 13:25:14,2018-08-03 10:31:00,2018-08-23 17:03:55,2018-08-28 00:00:00
adfb9e0fb02034c05e4cdf3395bba600,d7f20de008f6b1c94290f25cc2631d79,delivered,2018-06-11 13:54:33,2018-06-11 16:31:48,2018-06-11 16:16:00,2018-06-16 16:44:39,2018-07-05 00:00:00
adfbf6c2a620196f9a3ec747491c72b7,5b670130533827957619dfe306899fdd,delivered,2018-01-29 19:54:35,2018-01-29 20:12:11,2018-02-03 17:12:50,2018-02-27 13:27:35,2018-03-01 00:00:00
adff7b867a7bd97bcf42ddec332f246d,690b3de0e2b6e94ac82eaca053616c23,delivered,2018-04-16 16:45:59,2018-04-16 17:34:20,2018-04-18 18:56:41,2018-04-20 11:33:09,2018-04-26 00:00:00
ae00ce5e73025df933f11dcb23c27104,8e870498ca6259ff0bf31c720b9f8687,delivered,2017-06-27 11:29:25,2017-06-27 12:24:05,2017-06-27 15:42:12,2017-06-29 13:24:11,2017-07-10 00:00:00
ae0b67266fec287e49a6bfa534e52d8c,b8653dbffee7a7db60cba45398fd94ed,delivered,2018-06-14 15:31:33,2018-06-15 02:37:19,2018-06-15 12:24:00,2018-06-19 16:37:21,2018-07-05 00:00:00
ae27a50cb9ab15aabfe66ad3b4020a91,c770815b9523cc958ee5ba09819fcbc0,delivered,2017-02-21 21:19:19,2017-02-23 02:45:30,2017-02-23 18:07:02,2017-03-03 10:16:15,2017-03-22 00:00:00
ae430928e30cb683e5b0bd55a74bcc69,80462a2ebef4fa9fa5630530d25d19de,delivered,2018-01-06 00:56:17,2018-01-06 01:07:54,2018-01-09 20:18:29,2018-01-13 01:47:49,2018-01-31 00:00:00
ae443cb420061bab1f2c5e3ad279fde8,3d59638a168c209ccb33a27424fc06da,unavailable,2018-03-03 09:32:36,2018-03-03 09:48:36,,,2018-03-28 00:00:00
ae68c99e963e1694453bacc5db91513d,82cfeb7316832e519f1238ff89b5c5ec,delivered,2018-08-10 00:58:28,2018-08-14 04:15:11,2018-08-14 15:50:00,2018-08-20 22:55:41,2018-08-21 00:00:00
ae76bef74b97bcb0b3e355e60d9a6f9c,3b37fb626fdf46cd99d37ec62afa88ff,delivered,2017-03-04 23:32:12,2017-03-04 23:43:26,2017-03-06 05:14:07,2017-03-09 08:33:08,2017-04-06 00:00:00
ae83ac701e482df677985b4dfe2960dc,eb6a82aa67158cda7cba8c6ae9a5912a,shipped,2017-05-15 21:33:28,2017-05-15 21:42:55,2017-05-16 10:58:21,,2017-05-26 00:00:00
ae8590e2d258155cb303eaac1325e099,4a7e7ed4a4e7db8f6b0548fdf02b49a8,delivered,2017-09-22 20:43:04,2017-09-22 20:50:18,2017-09-25 19:28:54,2017-09-29 18:40:07,2017-10-19 00:00:00
ae8a569660d9208ffed48d06824629a3,1201779af32273e7d0a14ab05164ab0b,delivered,2018-07-26 20:08:59,2018-07-26 20:24:24,2018-07-27 10:53:00,2018-08-07 18:34:42,2018-08-09 00:00:00
ae8f17ccd841c2dcd9c8149a2ac7ae65,296aac913de459261bbf2bfbb9980954,delivered,2017-11-13 21:12:23,2017-11-13 21:27:15,2017-11-14 22:02:43,2017-11-22 00:32:08,2017-12-01 00:00:00
aea58826ab6af5bcec0ed22041b7dcfe,b7e6c3b93c496e674a95460fd73f4b32,delivered,2017-04-20 09:04:14,2017-04-20 09:15:17,2017-04-22 07:18:05,2017-04-27 14:07:06,2017-05-12 00:00:00
aeb656e39cc0a83dd545f079f099d7e7,371e88339651f429491a4d74517cc8ad,delivered,2018-05-09 10:54:34,2018-05-09 11:11:47,2018-05-09 15:34:00,2018-05-18 13:23:47,2018-05-29 00:00:00
aebae27f4df9c32304566e5b5b44956c,9753f84b730453267fe8375749d02fcb,delivered,2017-04-23 21:28:27,2017-04-25 08:15:59,2017-04-26 08:38:09,2017-05-05 12:59:04,2017-05-17 00:00:00
aebed143b42af20da37583ee7e4cb7e0,b5ef1085bf64f02d47ec2374bc101964,delivered,2018-04-26 12:53:20,2018-04-26 13:11:26,2018-04-26 14:32:00,2018-04-30 18:16:54,2018-05-16 00:00:00
aec3389fc7c084e0cd8f8fae90fa52e3,465ad6320083538da0108d17efef1988,delivered,2017-12-11 19:50:08,2017-12-11 19:59:19,2017-12-13 15:39:38,2018-01-06 19:51:50,2018-01-09 00:00:00
aec47b9987c836ffee2d7664b0929ec1,9f6f3da49e2d46e3a7529f5e3c25ecce,delivered,2017-10-10 18:31:36,2017-10-10 18:49:10,2017-10-13 17:07:01,2017-10-20 18:29:16,2017-11-17 00:00:00
aec4f3ce724b67ce527d67f7eb60a310,840b51ea15f639191473c482b40b76f2,delivered,2018-03-29 22:55:31,2018-03-29 23:07:37,2018-04-03 17:40:35,2018-04-15 18:12:14,2018-04-19 00:00:00
aec6c9f96db18be9eaa8730d376a916d,b35b9f5d340006ae908ea31e7439c9e6,delivered,2017-07-15 15:51:19,2017-07-15 16:05:21,2017-07-17 16:23:55,2017-07-24 23:37:32,2017-08-08 00:00:00
aec9735c10ae64b07f60d33908e5b58a,a972cb872aeefad4764efd7b891d212d,delivered,2017-11-19 20:02:05,2017-11-19 20:10:35,2017-11-21 23:07:00,2017-11-24 22:16:51,2017-12-01 00:00:00
aed5554747b457b11b6357881e378195,15893819842cca09b25e1a364cbc3c45,delivered,2018-02-06 11:51:31,2018-02-06 12:12:55,2018-02-07 20:24:56,2018-02-15 17:34:35,2018-03-05 00:00:00
aeeab8637de633de993bd592471e4cf2,620a1ea38a8b57e0a493b54c6d43ecc3,delivered,2018-05-07 20:48:30,2018-05-07 21:14:23,2018-05-08 15:07:00,2018-05-14 20:15:28,2018-05-24 00:00:00
aeef7d3d012337cf78f2deec426bb46c,a014a75050a792fab507b0131d442b32,delivered,2017-03-27 00:16:39,2017-03-28 06:42:35,2017-03-30 10:34:48,2017-04-07 09:53:59,2017-04-24 00:00:00
aef5267a7266e5536db6ea825b9366b8,5109c73f95eb76f76e7a3b7248fd0697,delivered,2018-01-31 14:47:21,2018-02-02 02:54:35,2018-02-05 16:15:52,2018-02-15 15:38:50,2018-03-09 00:00:00
aefd4f1e5f6dc055f7a57ff5d884071e,e7efe6bb17180833851f8987a6ce0f1b,delivered,2017-04-22 10:28:31,2017-04-25 07:55:19,2017-05-02 13:48:38,2017-05-09 15:08:02,2017-05-17 00:00:00
af32211fd3ca6faa65dcf8f3bd3f53bb,258d6e98cdbae7ca4da08233d45cd8b6,delivered,2017-03-01 09:02:58,2017-03-03 02:35:33,2017-03-03 10:47:13,2017-03-07 13:38:05,2017-03-30 00:00:00
af42a8855a3f0b15c3878111efa19ba6,c631648416d171bac17536b0e588cc93,delivered,2017-06-08 18:45:48,2017-06-08 19:20:10,2017-06-09 12:34:16,2017-06-19 11:04:13,2017-07-03 00:00:00
af4b97d45b73e6581a7f25603d503efb,6a82cfc3d5cbf49c44d68e73d69f28f0,delivered,2018-06-11 15:49:42,2018-06-11 16:20:13,2018-06-13 14:32:00,2018-06-26 12:56:45,2018-07-12 00:00:00
af4c6eae672d9b20d881b0ef961bee65,e28efbf584feac07e4fc74789999a8e6,shipped,2018-01-28 14:45:34,2018-01-30 04:31:09,2018-01-30 22:33:38,,2018-02-14 00:00:00
af516db8ac29ad210281b90ef0a33d19,5d9c4fa98b6581a8b423c21a9b9c42da,delivered,2018-06-14 16:31:54,2018-06-15 16:40:46,2018-06-20 03:09:00,2018-06-30 11:28:40,2018-07-12 00:00:00
af533a27d10b603c1d46186437ed4896,7717c618c3c9402f7a090c3848e1f8ed,delivered,2017-04-25 14:36:27,2017-04-25 14:45:16,2017-05-05 09:42:50,2017-05-15 13:46:46,2017-05-16 00:00:00
af68048a682392b0cc14f22a8eef5b7e,656bc0e5a7c16980ad87811788a17acc,delivered,2018-04-22 22:25:07,2018-04-24 18:12:48,2018-04-23 21:12:06,2018-04-24 21:41:12,2018-05-10 00:00:00
af6ed18f03a877659659ed9467c7cd9e,7ef43c3eb0d94e1f5e0a49b2f3bc34a9,delivered,2017-02-27 23:24:34,2017-02-27 23:32:42,2017-03-02 08:09:03,2017-03-21 05:25:31,2017-03-20 00:00:00
af71e9e2ee3f91d619aacab51fe2e75b,755988ebb76548960b6b01086b89b4ff,delivered,2017-10-30 18:55:33,2017-11-01 03:31:19,2017-11-08 15:46:33,2017-11-21 23:53:45,2017-11-14 00:00:00
afa2c425be2efd14c19b4a0aa62f9b59,2a22ba1cb2f182b16cfd4b7620ea6114,delivered,2018-03-04 02:25:53,2018-03-05 08:15:31,2018-03-06 17:03:46,2018-04-06 19:24:59,2018-03-22 00:00:00
afb61112fb99b07fe17e591c68c0c84c,36b182c39933d55e307096ccc3fd2970,canceled,2018-09-06 10:48:12,,,,2018-09-19 00:00:00
afc0f1669d9ecf0661e3f32efbd2aa5e,e90c7c2a0170c97fee91e5e52c53631e,delivered,2017-03-10 16:13:30,2017-03-10 16:13:30,2017-03-16 14:47:19,2017-03-23 10:27:44,2017-04-04 00:00:00
afc68d1f35e9dfe8220c9b9e27647065,2ba9c20cc3cd864fa7c903f2fdb9333a,delivered,2018-07-16 16:05:34,2018-07-16 16:20:25,2018-07-18 14:30:00,2018-07-26 14:59:40,2018-08-01 00:00:00
afd0dbbab8e90d099aaccdd8ed7d5f26,6ce21a80311ab8b07f36944962b01681,delivered,2018-06-14 17:20:31,2018-06-14 17:40:01,2018-06-15 13:05:00,2018-06-18 21:22:15,2018-06-28 00:00:00
aff4e35a92033577c37cf3a99f640cd9,ff98ff0b59431751c0e90ff8c77db92c,delivered,2018-03-20 22:36:58,2018-03-20 22:50:39,2018-03-23 21:52:33,2018-03-29 20:28:42,2018-04-16 00:00:00
b0018957adea4b9acded9df77514b844,e37a641cec6b1b08f464a3cf50996176,delivered,2018-07-03 12:32:14,2018-07-05 16:11:47,2018-07-04 15:06:00,2018-07-10 18:58:40,2018-08-01 00:00:00
b02577617dbe17d1ed25d63f6b47c413,92ece1b51cc7786e28203de4ae2608da,delivered,2018-05-22 23:47:25,2018-05-23 00:17:54,2018-05-24 13:55:00,2018-06-05 16:40:37,2018-06-07 00:00:00
b03b82e985b149d61218a7e0111ed6a1,75ee0650971825f22d0a2fabf3e73b50,delivered,2017-09-29 20:18:23,2017-09-29 20:28:22,2017-10-03 17:26:23,2017-10-06 18:38:10,2017-11-01 00:00:00
b03c3813b79abede0217026999c4fd66,edcb0d489e8bf0601ab2ca4ebde3bed1,delivered,2018-03-03 20:45:49,2018-03-03 20:56:04,2018-03-06 00:36:55,2018-03-20 22:53:44,2018-03-22 00:00:00
b047dac5341ea96271595f661f547ede,6ec6484eddf235f3a0e07223fbdf2d4e,delivered,2017-11-21 08:24:21,2017-11-22 02:56:31,2017-11-23 01:26:50,2017-12-07 19:49:54,2017-12-07 00:00:00
b07078baf6a1bbbc998cdfa28e7f8230,22e10c220b507e45ada14579c6e84503,delivered,2017-07-24 21:44:50,2017-07-24 21:55:22,2017-07-26 10:47:42,2017-07-27 17:17:57,2017-08-15 00:00:00
b07244447d6e71d93891e79c556a7fc0,28504732e766e313c5e693c4859dfdd4,delivered,2018-08-16 21:58:25,2018-08-16 22:10:12,2018-08-17 14:31:00,2018-08-20 20:45:46,2018-08-27 00:00:00
b085981e816dad29812a8972f65d3fc9,3b0ce5cac8c33c35e058549782ec08c0,delivered,2017-10-18 23:23:11,2017-10-18 23:49:22,2017-10-20 13:43:26,2017-10-27 16:42:33,2017-11-09 00:00:00
b08b60cece524686b12c2201f977ba42,4f81711673621b442e519f4635670126,delivered,2018-01-14 13:00:17,2018-01-15 12:50:52,2018-01-16 19:37:25,2018-01-26 23:42:35,2018-02-08 00:00:00
b095ce1bfaa02fb7b9e58c39b30c4ae3,ad55d9bcb0f228522867e22a73cbb7ec,delivered,2018-08-24 12:02:28,2018-08-24 12:15:15,2018-08-27 11:14:00,2018-08-30 19:59:29,2018-09-13 00:00:00
b0a53313f05c1fb7b57eba8c55f35035,0614d7d74e030d9359a2857dc995e710,delivered,2018-05-14 17:17:44,2018-05-15 05:32:36,2018-05-17 14:40:00,2018-05-23 23:40:58,2018-06-11 00:00:00
b0a63209dc14e7fb6933c55c5fdaa044,890ab4eca836a870a3d2e222bd5e4233,delivered,2018-01-07 20:28:51,2018-01-07 20:47:10,2018-01-08 16:39:27,2018-02-05 22:53:15,2018-02-09 00:00:00
b0aab812f60f61971b4695951d09766d,a70c2efa2aed78b31d5f40e0b2e6b99b,delivered,2017-02-17 10:01:37,2017-02-17 14:55:09,2017-02-23 12:56:02,2017-03-02 10:51:53,2017-03-24 00:00:00
b0abfb398741998a8e47cc773b5e0edb,ea2b2f7e718f4cf14d2d4138fbe3784a,delivered,2018-08-28 11:26:02,2018-08-28 11:35:20,2018-08-29 14:32:00,2018-08-30 18:39:49,2018-09-03 00:00:00
b0b49de4bb38c36e7acd74d879631d6f,2bcb866f83a922fe129eee30d6657290,delivered,2018-02-20 18:15:43,2018-02-20 18:30:41,2018-02-21 21:23:57,2018-03-05 15:04:39,2018-03-12 00:00:00
b0c1eb643cc230efdadc151753e940b5,8f55782365bb8e8ccad248e256ff0272,delivered,2018-06-12 21:41:42,2018-06-12 22:01:35,2018-06-15 13:57:00,2018-06-26 20:21:52,2018-07-03 00:00:00
b0cc2434ee3727e682222a0f745a5948,1a00c0fbcc12796d898b5b4a368ea94a,delivered,2017-03-21 11:30:09,2017-03-21 11:30:09,2017-03-29 09:19:27,2017-04-03 14:05:33,2017-04-20 00:00:00
b0cd372b41f6018f304af6f43ae39a23,ec4765cbacb56a164019e928c3a0c834,delivered,2017-12-04 17:38:37,2017-12-05 04:19:22,2017-12-07 21:23:15,2017-12-16 11:29:24,2017-12-27 00:00:00
b0d7b6944026251e2bb069eeef3c647d,2716c45b429d01350503e72e20c1a88a,delivered,2018-01-10 06:07:01,2018-01-10 10:31:47,2018-01-11 00:42:42,2018-01-26 11:38:51,2018-02-05 00:00:00
b0ed97babdfc249ba9d843fa7eaf907d,4ef98c8bc97cc9b5c57e78e8f93197d3,delivered,2017-08-10 23:48:25,2017-08-11 00:05:22,2017-08-11 19:32:55,2017-08-17 21:29:53,2017-08-23 00:00:00
b0f4af5c1b06e24fef510703bfe9f0a6,8e1ec396e317ff4c82a03ce16a0c3eb3,delivered,2017-10-27 15:21:00,2017-10-27 15:32:49,2017-10-30 15:44:34,2017-11-10 17:57:22,2017-11-22 00:00:00
b0f913cb83681e8a8563b96b641b3e1b,5967895f1299e02b1b0cb7a8ef4a437b,delivered,2017-01-28 17:59:37,2017-01-30 11:33:35,2017-01-31 05:21:37,2017-02-07 08:58:13,2017-03-15 00:00:00
b0ff8ff92f8d916fa2e8005cd8e1a135,610a4163b8ab832daf93b4fbb48e9119,delivered,2017-11-19 16:12:34,2017-11-22 02:58:38,2017-11-22 14:47:28,2017-11-24 20:32:37,2017-12-07 00:00:00
b100288d2ef3b6e474121c21d2af0678,19220a635821c641df0bd2fb1e4ece5c,delivered,2018-01-07 14:46:43,2018-01-07 14:57:15,2018-01-09 18:07:43,2018-01-23 15:07:41,2018-02-02 00:00:00
b112f026e8295ce7ec84e17bb8ab3988,be298cfd3f9415e4914f1d44329ebf6d,delivered,2017-10-22 12:50:27,2017-10-22 13:14:24,2017-10-26 18:04:15,2017-11-06 18:51:45,2017-11-22 00:00:00
b1148e3ccf84678b917d3f48cb4223b6,7106e4be1d24f336fcfabff97f4f54b5,delivered,2017-05-08 20:58:10,2017-05-08 21:05:16,2017-05-11 09:29:53,2017-05-15 17:26:33,2017-05-29 00:00:00
b11a56abf15c11b6a5c248689c6525af,967400dffafeb6bd681d17b5c57cbc46,delivered,2017-07-10 14:07:43,2017-07-10 14:23:25,2017-07-11 22:38:56,2017-07-12 18:04:05,2017-07-21 00:00:00
b124967afcc82ef17ec41020fe2a9136,43dd5cdd60809c5f268d9d3b1e5b986d,delivered,2018-05-29 16:19:32,2018-05-29 17:18:09,2018-05-30 14:09:00,2018-06-01 15:48:34,2018-06-21 00:00:00
b1290930402d6e29a52dbd6efcab1c3e,2b57de8fb59ff0a7c459161dcbac34d7,delivered,2017-03-26 11:30:41,2017-03-26 11:42:16,2017-03-28 13:02:16,2017-03-31 19:57:47,2017-04-13 00:00:00
b12e5d725658a4566286153c51727af2,2312b7bbf7f097b43ba5e3feb3429f59,delivered,2017-05-07 13:05:13,2017-05-07 13:15:17,2017-05-10 14:51:01,2017-05-17 15:17:51,2017-05-29 00:00:00
b14127bfb817fb9d5883aacd257bb447,b9269719481dedccccbd738332211605,delivered,2018-08-05 10:03:00,2018-08-05 10:24:14,2018-08-07 12:25:00,2018-08-16 21:24:46,2018-08-21 00:00:00
b142ce1c884b7b514639d0ce49c1fa39,f22ebbb28922e5674081e7bff1d1baef,delivered,2018-01-26 22:32:03,2018-01-26 22:52:04,2018-01-29 17:44:03,2018-02-17 12:42:13,2018-03-01 00:00:00
b143aeb37a4d82ae652c5c4ba8461411,14f1aa9f09ea57b04d0cedf0febb33c4,delivered,2017-12-02 20:54:12,2017-12-02 21:17:17,2017-12-05 18:58:42,2017-12-15 22:22:05,2018-01-04 00:00:00
b1442c6b35c5a2551a41ac13f2624b10,8edb5fc64d0164779ea9fdc298113cf7,delivered,2018-01-18 00:40:53,2018-01-18 00:51:11,2018-01-20 00:12:47,2018-02-06 15:04:43,2018-02-15 00:00:00
b14b52f3d9077665df2361f007c8e6ec,de54e502455523f2aeef8eb08a924eec,delivered,2017-11-24 01:14:00,2017-11-25 04:30:34,2017-11-28 21:48:42,2017-12-01 20:17:08,2017-12-19 00:00:00
b153954b30a6a686b88cf18a599b4382,a75bcc763c11877e9047c0646b938866,delivered,2018-06-03 11:31:07,2018-06-03 11:50:34,2018-06-04 11:52:00,2018-06-18 18:02:46,2018-07-24 00:00:00
b155e2a8589d40bc9c0381ee48e3204f,157c08487d75e7d5d5dc3646d4ce05e5,delivered,2018-02-05 08:26:52,2018-02-07 02:52:07,2018-02-08 17:42:21,2018-02-16 23:39:14,2018-03-06 00:00:00
b175558ffd938e94b83e3837637604fb,39b0cdba89a7af6e2fbd09107e21a69a,delivered,2018-06-28 16:44:46,2018-06-28 17:11:53,2018-07-03 16:52:00,2018-07-04 15:24:58,2018-07-12 00:00:00
b1980aff89e38cf1fd536ab4c04c7c68,9eee33666a68d14a3cfc3d3da1a876dd,shipped,2017-12-04 17:22:15,2017-12-04 18:30:28,2017-12-05 18:23:02,,2018-01-03 00:00:00
b19cbdc71dc9913fc6eda58071709aae,8f203ddc3edd825c2615de33ff9c11a3,delivered,2017-08-21 23:07:14,2017-08-21 23:25:30,2017-08-22 18:04:39,2017-08-24 21:30:11,2017-09-04 00:00:00
b1abc0fe22da191344832b1b462d08c9,ee269c739b58491e77a2d01460616914,delivered,2017-10-25 00:21:44,2017-10-25 00:56:38,2017-10-26 17:42:39,2017-11-13 20:32:22,2017-11-22 00:00:00
b1b5b604a5e207c764779ffb50527018,40eb5b16b04bc62c59d4905857958e82,delivered,2017-10-31 21:47:13,2017-11-02 02:16:10,2017-11-08 19:35:35,2017-11-14 01:32:39,2017-12-01 00:00:00
b1c2e69c9063d5ab5c9fe9138ecb08e0,4dfeeaf74cd7936d013802d1cc2e0c0a,delivered,2018-01-29 12:54:38,2018-01-29 13:17:26,2018-01-31 23:08:04,2018-02-14 23:18:44,2018-03-12 00:00:00
b1cc9d6366adc60f9810891f491b54f5,409334e233daee55eb33a208c8295db2,delivered,2018-08-17 15:20:30,2018-08-17 15:30:34,2018-08-23 14:40:00,2018-08-28 04:24:49,2018-09-12 00:00:00
b1ce4c5e6ca283609965c55ad9583d45,fc5e431acfefa67d9c63b5e2df979c17,delivered,2017-11-10 08:56:52,2017-11-10 09:07:07,2017-11-10 21:33:13,2017-11-20 18:53:03,2017-12-08 00:00:00
b22d306e18b3b665d49f2ce7d060742e,2abf58739c3d54ee365a1e45045d593e,delivered,2017-03-22 17:33:15,2017-03-22 17:33:15,2017-03-27 12:07:47,2017-03-31 12:27:17,2017-04-19 00:00:00
b24f4b97e574bf36072e9bd1a8fe042c,dfe6428349699e108327e82801ff912e,delivered,2018-08-14 11:15:33,2018-08-14 11:35:17,2018-08-24 14:51:00,2018-08-27 23:27:39,2018-08-29 00:00:00
b2634f19a1007fd4a54a9fed9291230c,725482e68df8d999924c84f62c9ee40e,delivered,2018-02-04 20:40:56,2018-02-04 20:56:05,2018-02-08 00:44:49,2018-02-09 22:05:02,2018-02-21 00:00:00
b269f9c95ab6ee9fbc0a887627851d9d,342875627cdca35b162f8951bd6a9221,delivered,2018-02-08 13:16:55,2018-02-08 13:30:36,2018-02-09 12:58:55,2018-02-20 23:45:19,2018-03-15 00:00:00
b26a79020606ef73722d450c8458f9c0,9ce4680135f65f93297fd3f5ea750eab,delivered,2017-08-02 16:45:46,2017-08-02 17:05:19,2017-08-04 16:20:11,2017-08-07 19:12:38,2017-09-21 00:00:00
b26d0e4b269b9370121538ab116bb04a,18538d4c5ba3cf1a66b9a8c4aceb5e84,delivered,2017-07-09 17:53:12,2017-07-09 18:05:28,2017-07-12 16:57:45,2017-07-17 19:43:31,2017-07-31 00:00:00
b27b73e4dc66dd3733d11cd49b3474be,6d9ef37528ae275f2b37f5796c8784f0,delivered,2017-06-09 17:01:27,2017-06-09 17:10:22,2017-06-09 17:17:44,2017-06-13 15:03:40,2017-06-23 00:00:00
b2987cdfb6847c50318e4c268aa8d7c8,18bc2b648262411362f67867851b1d7e,delivered,2017-03-16 21:37:55,2017-03-16 21:37:55,2017-03-20 13:00:07,2017-03-24 07:56:26,2017-04-10 00:00:00
b29f546b1ce275afb2a0c39f0ade6bcc,948f11301fe3a9d560599e9385a969c2,delivered,2017-11-22 02:11:35,2017-11-23 02:07:20,2017-11-23 15:16:57,2017-12-16 10:56:51,2017-12-20 00:00:00
b2ba6dc36919f6194acddab3c69c65b5,6fe9ae6b3e2e3ee18fddcfe17f29b226,delivered,2018-08-07 20:39:45,2018-08-07 20:50:28,2018-08-09 09:35:00,2018-08-10 13:54:58,2018-08-10 00:00:00
b2ce866408709e3ba155f339e97b8405,8dd1c4e88c1db62830ab1f7c56b6ee42,delivered,2018-05-04 00:12:31,2018-05-05 00:13:52,2018-05-07 13:37:00,2018-05-16 17:19:18,2018-06-12 00:00:00
b2e0314790dc44ec6a7d96a62c221a5c,8e623a3831e728f2d0422d32ef104950,delivered,2018-04-24 15:27:01,2018-04-24 18:55:54,2018-04-26 12:30:00,2018-05-02 15:25:03,2018-05-10 00:00:00
b30a09b85513a03dab6e86a547a73219,2f0b8de5b769f1fb9e33a828d229543b,delivered,2018-06-28 23:47:44,2018-06-29 00:10:20,2018-06-29 15:07:00,2018-07-02 20:52:34,2018-07-12 00:00:00
b30abf162ff1730f50b6400bdc32550f,ce68d694e1d4e3354bee31ac4bcb90fe,delivered,2018-02-27 15:10:16,2018-02-28 10:11:20,2018-03-12 18:34:48,2018-04-10 21:51:06,2018-03-22 00:00:00
b325a4afad33f2c09ba50df161457bdc,517eeef342ebffcc00ee0fa2fed5f6ef,delivered,2018-03-25 18:27:38,2018-03-25 18:48:00,2018-03-26 18:14:57,2018-03-27 21:32:43,2018-04-06 00:00:00
b3424a1c4c3af064d3472b285180bed0,6ed4bc068468ce67d11a938a9f6691de,delivered,2017-08-30 15:46:07,2017-08-30 16:04:13,2017-08-31 21:19:57,2017-09-25 13:56:47,2017-09-28 00:00:00
b3448645d567afb9a105a91748a9e2ab,9818568a35fbec2f8c573ad8d8f22ed6,delivered,2018-04-09 13:36:41,2018-04-09 13:51:35,2018-04-10 17:51:45,2018-04-23 17:04:46,2018-05-03 00:00:00
b34ca5020c5aff14fad4fd0899fb1cfa,efa9ef2a1858d519d03521edb2d33577,delivered,2018-03-15 20:55:33,2018-03-15 21:10:30,2018-03-21 14:08:50,2018-03-29 16:54:15,2018-04-04 00:00:00
b360e877916b9d6b03877df56551e4dc,f376d698bdb7db52c83a8aaccf765d87,delivered,2018-07-03 12:52:33,2018-07-05 16:27:53,2018-07-03 15:44:00,2018-07-11 15:58:43,2018-08-03 00:00:00
b37a7be6fbd41461b87deafd8b902cc6,80c07a5d6b086b8c179589f4521e04f2,delivered,2018-01-01 20:49:02,2018-01-01 20:59:28,2018-01-04 17:26:33,2018-01-11 10:17:45,2018-01-24 00:00:00
b37fc42b9b16ca9e092edcf0c06bd1f5,c6955e041a62b1c6ff9bfe57c4ce5b31,delivered,2017-10-25 16:55:15,2017-10-25 18:35:15,2017-11-07 20:52:57,2017-12-07 16:29:32,2017-11-24 00:00:00
b399edffb45924aa34e06ccfab7513bf,be5b2407d2c040ac93d987080f64fcec,delivered,2017-11-16 12:08:03,2017-11-17 03:50:39,2017-11-17 23:11:55,2017-11-24 17:32:16,2017-12-06 00:00:00
b39de9ed2bb8fd08a970e4517c698824,ed18b557140ff674f36cbcf73921dbbe,delivered,2018-03-27 09:15:17,2018-03-27 09:30:12,2018-03-27 23:52:09,2018-04-11 21:51:02,2018-04-26 00:00:00
b3a70e33f30ddbe86271d2a7e75b62e2,431b6d313da3b87c722ce77f4f0d9fa1,delivered,2017-11-28 00:35:27,2017-11-28 01:31:26,2017-12-01 20:47:13,2017-12-03 15:08:50,2017-12-12 00:00:00
b3b5d713fc857811f634897062f23bea,245246883fc6a78e46848b45f53adc8d,delivered,2017-10-09 13:58:15,2017-10-09 14:07:25,2017-10-10 20:33:47,2017-10-17 19:24:56,2017-10-30 00:00:00
b3b8133868458b6acf08ea6ffc22e3f2,c333f1bb63dcb3a4c67408e7337e30c8,delivered,2017-08-08 19:35:37,2017-08-08 20:20:06,2017-08-14 16:42:37,2017-08-18 15:12:53,2017-09-01 00:00:00
b3ba9e96f5d04c8c20e37e9ffd2e79a8,932f59e516b83cd4348384fd3b999972,delivered,2017-07-24 11:33:53,2017-07-24 11:50:19,2017-07-24 20:14:36,2017-07-26 10:36:03,2017-08-07 00:00:00
b3bcacdd3b409fff8c57b4cc4f40f4e5,b7126a9d53da7109ad76b05cc8b6e224,delivered,2018-02-08 17:48:19,2018-02-08 18:32:15,2018-02-21 10:07:43,2018-03-16 19:41:51,2018-03-13 00:00:00
b3dd5b90145b576a279167630eef9def,ecbbe3ed9ad0fdcc1d1e698b2554c986,delivered,2018-06-19 16:16:10,2018-06-19 16:45:36,2018-06-22 13:56:00,2018-06-25 15:17:48,2018-07-13 00:00:00
b41055f900d670bae8cfbf3a8df79d8c,6e63adb48a6871ebb6a58539ed62a3d8,delivered,2018-07-29 15:57:45,2018-07-29 16:10:15,2018-07-31 11:33:00,2018-08-01 23:32:47,2018-08-08 00:00:00
b418f47f5f940ca554e3010f3c009c8f,5acd1a67f329f6da37575c08b32b87e8,delivered,2017-11-24 09:36:20,2017-11-24 10:13:12,2017-11-29 22:46:48,2018-01-04 17:24:53,2017-12-22 00:00:00
b41c9972504c576d0aef689e13a2df12,bf1e01d4184367afaef2231b37fe4d92,delivered,2017-09-18 14:23:11,2017-09-20 02:24:26,2017-09-21 19:49:45,2017-10-05 16:42:40,2017-10-06 00:00:00
b42efbd88abf3882f91928b08cf74d6f,7784b523efa600a47de73bd1e9f7f022,delivered,2017-01-24 17:11:53,2017-01-25 02:50:11,2017-01-26 15:13:00,2017-01-31 17:12:06,2017-03-03 00:00:00
b431ef5386c1579fc784586883d7ac91,4ab64c670b01bdc70c2d4bb3b80e4961,delivered,2017-07-08 21:44:48,2017-07-08 22:03:40,2017-07-11 19:32:42,2017-07-14 18:56:39,2017-08-01 00:00:00
b45a5a1ecf16bbfd6254cdb7ef0dc2f7,37be9132c30097517fd6acecbda58ad5,delivered,2018-03-15 09:02:36,2018-03-16 03:45:19,2018-03-16 18:24:29,2018-03-27 18:09:46,2018-04-06 00:00:00
b46a585f4ae96d0dec633727953055fe,0707585f9631a5166364cf8730a8ecf2,delivered,2018-06-24 23:20:17,2018-06-24 23:35:16,2018-06-25 15:38:00,2018-06-27 15:41:55,2018-07-05 00:00:00
b477500d4ae1723dcb01f4eac28a36ad,71260026dca3e9d25f5b9bbace4bef6c,delivered,2017-10-18 11:16:32,2017-10-18 11:35:18,2017-10-19 13:16:05,2017-10-24 16:38:01,2017-11-06 00:00:00
b48e71659903550bcf90e87f245cefbb,3e34d3a2f74fc23f3c0bef7294bb00af,delivered,2018-02-14 16:49:01,2018-02-16 08:07:10,2018-02-16 19:16:50,2018-03-28 18:11:04,2018-03-19 00:00:00
b49180948b6f7e304351b16053fe2f42,f885a76f4d16f14183bd8762ca6420b0,delivered,2017-12-13 04:20:28,2017-12-15 02:17:16,2017-12-20 00:39:08,2018-01-05 21:56:47,2018-01-15 00:00:00
b4a53c6fa9bc78adf59983a160f5470f,cd0ea36f631ecc18f4a781beb4799b43,delivered,2018-05-03 19:06:37,2018-05-03 19:15:24,2018-05-09 15:48:00,2018-05-29 15:14:40,2018-05-28 00:00:00
b4b9bb7dcd61983e42bcf0d13ab3f704,3516087073944b772c2f8b3d0f93a31b,delivered,2017-11-07 19:31:50,2017-11-07 19:50:50,2017-11-08 20:21:19,2017-11-09 22:33:58,2017-11-21 00:00:00
b4c4d00d5455e74ead9715bc1f9e8774,68cb7fbc85416655ad0499fcc7fdb9f7,delivered,2018-06-01 16:51:01,2018-06-02 03:31:50,2018-06-04 14:36:00,2018-06-06 18:31:58,2018-06-26 00:00:00
b4e154c611973630ea64ad7f8daa133b,4d5d91c2c6c5cb1db85e1754508721ab,delivered,2018-01-30 01:39:14,2018-01-30 01:53:31,2018-01-30 18:48:45,2018-01-31 16:17:12,2018-02-21 00:00:00
b4f9debbfa5a394d7f4ab610fd8eae11,da861fc4d39b9c8b932c6967c8000b4e,delivered,2018-03-02 10:08:10,2018-03-03 02:50:48,2018-03-07 02:26:55,2018-03-24 03:32:12,2018-03-20 00:00:00
b4fc77bdadd28d0ee631208831bc0d49,55b963cc1b4611c655ed0dab98bc4959,delivered,2017-03-13 00:26:12,2017-03-13 00:26:12,2017-03-13 10:20:59,2017-03-20 13:44:58,2017-04-07 00:00:00
b513a14f9b8b4de3fe87cadf03715229,a99a6be59d995fe8f602287ef8cccf7e,delivered,2017-11-29 13:14:21,2017-11-29 13:37:02,2017-12-01 18:34:17,2017-12-03 12:37:36,2017-12-15 00:00:00
b523b77f215e6c094c97389acf24ea9c,7330b2142fc963806f7ac2f27fab4e42,delivered,2018-04-27 17:01:15,2018-04-27 17:51:36,2018-04-30 14:14:00,2018-05-04 19:15:23,2018-05-22 00:00:00
b5247f083ab1483738dc1a173aac237a,f0e79a1f29a02c9c0af513d340f48e1b,delivered,2017-07-11 22:27:14,2017-07-12 00:25:14,2017-07-21 18:57:20,2017-07-31 17:26:45,2017-08-10 00:00:00
b52ea8d12cbdea8a6b2be328a2e8ae55,a7c15c89af2d5b5a9b4cee2ddcb5c20c,delivered,2017-11-30 10:32:03,2017-12-01 10:31:31,2017-12-07 17:39:48,2018-01-03 22:14:27,2018-01-05 00:00:00
b5359909123fa03c50bdb0cfed07f098,438449d4af8980d107bf04571413a8e7,created,2017-12-05 01:07:52,,,,2018-01-11 00:00:00
b5548f1e1d8138e39efdf8b24c93bbd3,57a08db4c4e6f5698f07f80b11081805,delivered,2018-03-23 15:56:58,2018-03-23 16:08:48,2018-03-24 00:57:38,2018-04-03 06:44:32,2018-04-11 00:00:00
b5628337dad9ae1f38266f0e22fdae4a,5092c34f9cd47ca0d9113d39cc513940,shipped,2018-04-10 22:02:11,2018-04-10 22:11:12,2018-04-12 20:22:39,,2018-05-09 00:00:00
b563e4c9abf7b930b4bad28a98c22670,3db7d750dec6af04aa58c535060dc154,delivered,2017-10-18 19:19:24,2017-10-18 19:35:34,2017-10-26 19:21:57,2017-11-07 11:37:42,2017-11-09 00:00:00
b57410d258461ade68673ab75276e66d,bb248ad930ce8aa8dc295b01218e383f,delivered,2017-02-26 19:31:56,2017-02-26 19:45:10,2017-03-03 08:29:34,2017-03-13 17:09:12,2017-03-22 00:00:00
b5839f6ef0df11dd4912bc5bfa299e3f,8af9ca2cbcc90d6735f67957915853f9,delivered,2017-12-01 11:02:53,2017-12-01 11:31:01,2017-12-04 17:52:05,2017-12-12 18:04:31,2017-12-28 00:00:00
b591d108e5c3f485635223ddaf07dc36,77f7fce090bc5794f0cabfac948b34c8,delivered,2017-11-17 19:51:32,2017-11-18 19:50:31,2017-11-21 16:26:01,2017-11-29 19:18:16,2017-12-06 00:00:00
b592b39d5b89b9a97358183e80694274,707e682806e50fd20054a9e82e6f51aa,delivered,2018-02-15 18:31:09,2018-02-15 18:46:19,2018-02-20 23:47:10,2018-02-28 17:13:21,2018-03-19 00:00:00
b5be0d1904a2ec4994047e07b0104681,62cd17312190f965adc81902c00c20cd,delivered,2017-07-25 15:13:05,2017-07-26 02:25:38,2017-08-01 12:13:24,2017-08-02 19:03:10,2017-08-07 00:00:00
b5e095024706f86e26f9ae88b1d81811,fed063142605b95f0ff2fe32c641348d,delivered,2018-01-03 03:24:57,2018-01-04 05:15:22,2018-01-04 23:48:34,2018-01-12 23:11:11,2018-01-26 00:00:00
b6007bc0214a24634dff19daab40bf21,468a18f15d1d03df1552394fd2551441,delivered,2017-11-11 13:02:47,2017-11-14 04:06:43,2017-11-16 19:12:12,2017-11-22 18:16:54,2017-12-01 00:00:00
b600d406784f1f3c7f6129e10cae215b,16ee66079a8fd76cccfd889f8edea0dc,delivered,2018-04-20 17:21:55,2018-04-24 19:23:20,2018-04-24 02:04:21,2018-04-26 18:18:29,2018-05-15 00:00:00
b607cddb1d5540b72adbffe3ffa05328,1b9d4ab93945ccf4032f286a4a803192,delivered,2017-02-10 10:31:39,2017-02-13 08:35:17,2017-02-13 14:10:44,2017-02-17 12:01:44,2017-03-13 00:00:00
b61d1cde65fdf2dffc129448698385c1,8dc29d61d9c74e70c9b5477ffe29f0e2,delivered,2017-09-28 19:21:51,2017-09-28 19:35:19,2017-10-02 16:37:59,2017-10-08 14:44:46,2017-10-25 00:00:00
b6369b16620510273273fe0d6be68744,8b37fefc7800774e24d316c4c9cf1deb,delivered,2017-06-12 13:30:45,2017-06-13 06:35:20,2017-06-13 08:46:03,2017-06-22 16:21:29,2017-07-05 00:00:00
b63fff1ef8b6201df68bb611ee41129e,8276de07ef25225d412b8462d73f8664,delivered,2017-04-02 22:15:27,2017-04-04 05:55:19,2017-04-13 16:28:06,2017-05-02 13:53:25,2017-05-08 00:00:00
b647f540d673c123ae558b52796b5124,5b30f5a19fb29264a538243d78caea18,delivered,2018-07-26 16:11:46,2018-07-26 16:25:24,2018-07-27 14:05:00,2018-07-31 16:16:45,2018-08-13 00:00:00
b64c467f4c3c4270ca94367a26503be2,57cb02ea9844cd71e3d9a53c30f88a6a,delivered,2017-11-20 18:11:00,2017-11-20 18:26:25,2017-11-30 18:22:55,2017-12-10 12:09:12,2017-12-20 00:00:00
b68a6db5c5def0ec7ba68639bf384c82,d245397e7bd8f475d82c38734377094e,delivered,2017-11-12 22:04:15,2017-11-12 22:15:31,2017-11-17 19:38:37,2017-11-24 20:32:47,2017-12-01 00:00:00
b6b375071cc968750ab3deded827b864,9336ac21cfd40d4eb050bca43ab06890,delivered,2017-07-19 14:37:24,2017-07-20 07:10:05,2017-07-21 20:37:38,2017-07-24 20:05:44,2017-08-01 00:00:00
b6b4d4aab61035f87291877a9b0a6e25,428065cc9e87f764effc6d4875c4b4da,delivered,2018-01-19 19:01:19,2018-01-19 19:12:23,2018-01-22 22:29:40,2018-03-06 12:22:50,2018-02-15 00:00:00
b6bf0977a04c2f3b84bf63aa0d308b5e,a5fbdec2c17bfe055e28024387bc8f99,delivered,2018-03-01 14:21:25,2018-03-01 15:10:31,2018-03-02 15:53:13,2018-05-03 02:43:43,2018-03-28 00:00:00
b6c8f27c95a4bcee39ea806f4e059ce9,5dd942894bdbcdaa6721a9f078741749,delivered,2017-12-15 09:06:25,2017-12-19 09:33:30,2017-12-27 21:03:24,2018-01-08 20:57:35,2018-01-18 00:00:00
b6d8ffb86091833de0d17a93f919a4e8,e19fb725a29dccd777bda66e5d680bc2,delivered,2018-01-12 22:34:44,2018-01-13 04:54:47,2018-01-26 20:53:12,2018-02-22 18:28:29,2018-03-15 00:00:00
b6daec0cfa9a03c5989e15db310e0252,37c9b8758f5973da26ea6a1912251b3f,delivered,2018-06-08 15:05:01,2018-06-08 16:30:39,2018-06-11 09:37:00,2018-06-25 23:38:36,2018-07-17 00:00:00
b6db3da1ed3c1f5a82c7e5456e212d74,6ddb8747bdcad87a91ea5ce5c0c79a42,delivered,2017-10-03 13:20:57,2017-10-04 13:28:18,2017-10-04 20:42:15,2017-10-16 22:03:04,2017-11-07 00:00:00
b6dbd61bb13118766af40ef6a325e303,aeffa87be1c09c7d3748eeae76527494,delivered,2018-01-12 18:38:46,2018-01-12 18:48:50,2018-01-17 18:58:13,2018-01-26 22:12:27,2018-02-19 00:00:00
b6e1fc67adee494c3288b775cbae5227,9ce10032cfbf7d2dd3cfe41c48625e59,delivered,2017-07-19 14:17:03,2017-07-21 02:50:14,2017-07-26 18:32:44,2017-08-04 16:42:59,2017-08-10 00:00:00
b6e5ddeaf2e5b56015e295beb333f305,18496a6fa6f46c453fe2e56cec440d0d,delivered,2017-06-15 14:11:57,2017-06-15 14:25:08,2017-06-16 17:45:52,2017-07-17 13:15:51,2017-07-20 00:00:00
b6eaedebebeb4676e1afd5b94b048d52,e9589b94323c72f2a3c8528cb3adeea9,delivered,2017-06-01 14:32:30,2017-06-01 14:42:35,2017-06-02 10:31:41,2017-06-19 15:47:29,2017-07-04 00:00:00
b6f543c68b695c88dd2d1e0f5c7528e9,e1fabfdec84ec2b60621a1dca9c4ecc0,delivered,2018-01-02 10:03:57,2018-01-02 10:13:30,2018-01-02 19:29:12,2018-01-08 21:57:01,2018-01-31 00:00:00
b6fbf15260de2095643a4aac7876872c,4e887b542cebd1c7004bf702b5df85b6,delivered,2017-10-22 19:08:42,2017-10-22 19:26:04,2017-10-23 15:28:58,2017-10-26 22:07:36,2017-11-14 00:00:00
b7063c39fd3396dd0ad64052b0825513,6cd5d0756a78f12906fca5cbfb51d64e,delivered,2017-11-23 19:06:53,2017-11-23 19:14:00,2017-11-24 23:33:55,2017-12-05 20:22:17,2017-12-15 00:00:00
b7224751323afdaf34d3c285bfe72866,7e053f267559b1246ca157359e65a800,delivered,2018-05-09 10:42:27,2018-05-09 10:55:28,2018-05-09 14:18:00,2018-05-12 14:29:47,2018-06-01 00:00:00
b7276795d572042799508b017fb3cf16,e77f4504a634682ed1d9b850039fcc49,delivered,2018-04-17 14:16:41,2018-04-19 02:15:15,2018-04-19 23:51:28,2018-05-07 20:04:33,2018-05-11 00:00:00
b72a8622beb9d67af92564bfc0f39dc6,89269b0f9eb69a69021e34ede4483459,delivered,2017-12-14 08:59:42,2017-12-14 09:14:26,2017-12-15 17:43:02,2017-12-22 19:07:12,2018-01-03 00:00:00
b73183cb490ec16839818660ffc3d832,9c6bf855fea8ceee89c3a2f9073e65de,delivered,2018-05-14 11:01:01,2018-05-14 11:15:27,2018-05-16 15:50:00,2018-05-23 18:38:18,2018-06-06 00:00:00
b74092206cd29b62907516d95e927fd6,4298e6097bda6445b0533e89c00eb465,delivered,2018-08-14 11:28:54,2018-08-14 11:44:12,2018-08-15 12:07:00,2018-08-25 13:31:41,2018-09-10 00:00:00
b7441c24c727cdf423f8339a62447193,83ec5df9d919623cea294ca76be73b0c,delivered,2017-11-22 21:12:44,2017-11-24 03:10:54,2017-12-12 01:08:00,2017-12-18 15:19:08,2017-12-11 00:00:00
b75531d67f9616e9012cea103a187c8c,b671be06b16d469205a87c380a30a09c,delivered,2017-03-07 22:10:46,2017-03-07 22:23:29,2017-03-13 09:32:58,2017-03-23 08:35:59,2017-04-12 00:00:00
b77200a7cbfba12d399cea6ab05f0056,d4e46c8fea215d808d199ea91ee81fb7,delivered,2017-11-05 22:21:05,2017-11-05 22:30:51,2017-11-09 17:51:55,2017-11-21 22:21:15,2017-12-01 00:00:00
b77c6d3c0334b27a51f220038f0ef8ac,6b512ff5290c944376228994fdb4a2a8,delivered,2018-07-21 21:32:15,2018-07-21 21:50:15,2018-07-23 14:07:00,2018-07-30 23:37:36,2018-08-14 00:00:00
b78c9cad52a105d7e8ec97c7e6d57739,63c5c73adbdf452c65a824bba452d037,delivered,2018-03-25 19:25:39,2018-03-27 03:51:11,2018-03-27 21:34:33,2018-03-31 15:06:30,2018-04-06 00:00:00
b7a194de2e14ca9f41580f8c6eb13660,b5e81700ea500023efd45a6f5683c230,delivered,2017-03-17 14:31:01,2017-03-17 14:31:01,2017-03-21 10:58:53,2017-04-05 10:20:08,2017-04-05 00:00:00
b7baf4f0b6c65476ea5e4bf388710a09,3efd90addf25f86498def3d8aed02174,delivered,2018-01-02 20:21:06,2018-01-04 08:58:57,2018-01-04 16:30:14,2018-01-05 19:09:34,2018-01-18 00:00:00
b7d340862fa4167bf17497298bf8d84b,b58dcfda4c9957fc651450f200bde69a,delivered,2017-02-08 19:51:19,2017-02-10 02:55:19,2017-02-15 12:37:50,2017-02-17 18:44:54,2017-03-21 00:00:00
b7f2aa0212addcb6e1194bc50796de24,85e5ae9b7c9b84a5c2939086011e1f76,delivered,2018-04-11 11:43:45,2018-04-11 12:10:29,2018-04-12 19:21:50,2018-04-13 10:49:46,2018-04-24 00:00:00
b7fc42dea7da9916727efa0ab2f3f89d,7a1559fef97a80249f1a88e23b0155be,delivered,2017-12-20 00:06:07,2017-12-20 01:31:28,2017-12-21 16:09:28,2018-01-09 21:42:59,2018-01-16 00:00:00
b800afd0307bcea5536222116e3d7a4b,9dc9565c601aab5b9b033fbc51ca5b7f,delivered,2018-01-30 22:36:41,2018-01-30 22:52:49,2018-01-31 19:32:16,2018-02-03 11:12:10,2018-02-15 00:00:00
b80e879030f825a648abffe9d993ff6a,0e7697ddfe20700b6a6bbc3394de3db2,delivered,2018-03-03 10:01:19,2018-03-03 10:15:32,2018-03-06 04:47:42,2018-03-27 21:14:03,2018-03-26 00:00:00
b812f8fd67c86d89510590abea7696d1,1b53d5edf59a0c038510fca97c43f127,delivered,2018-07-30 12:08:24,2018-07-30 16:05:01,2018-07-31 18:35:00,2018-08-03 20:31:28,2018-08-13 00:00:00
b8145816fba4a277273c08ab21aeb7bb,605d973d4dedcff90992a2abf7048b11,delivered,2017-02-13 00:03:19,2017-02-13 00:15:29,2017-02-20 08:48:58,2017-03-06 13:04:09,2017-03-20 00:00:00
b84c178bc4308555f74ed9cdf3a38193,22a1be4f281a33941e88bc790cfb60a6,delivered,2018-01-25 11:03:37,2018-01-25 11:12:33,2018-01-29 19:24:48,2018-02-07 18:36:54,2018-02-22 00:00:00
b855a375ca3b96e3b1a106c27e2d339f,0df8e68bdf469717f79bf1e89a7450e4,delivered,2018-08-17 09:57:04,2018-08-17 10:11:26,2018-08-23 13:55:00,2018-08-25 00:47:52,2018-08-27 00:00:00
b8730b40b8f9bf7c1d557c083f82a682,abcda364aa8588e2151e33d27268bcf6,delivered,2018-03-26 16:02:09,2018-03-26 16:15:21,2018-03-27 22:42:07,2018-04-05 11:50:51,2018-04-19 00:00:00
b87ca4e0ff52f4243bebeb16504f48e5,f7479acf2d3ccae7c764b726bb24ad27,delivered,2017-04-19 17:57:46,2017-04-24 23:32:54,2017-04-27 14:36:45,2017-05-12 14:23:08,2017-05-11 00:00:00
b87f290b049eb668936a0f94149a1e2f,db58f016ec3ff9d07bff3e50c9ac6f50,delivered,2017-05-22 10:03:07,2017-05-23 04:15:27,2017-05-24 05:21:35,2017-05-29 21:09:52,2017-06-13 00:00:00
b88330a020772cd6f9b2454f307a486d,658a7d941c6f5fc09e7a2ef4fed57dca,delivered,2018-04-04 19:07:44,2018-04-05 02:15:34,2018-04-05 21:58:51,2018-04-17 20:21:53,2018-05-02 00:00:00
b884f6bb613dfe8c46e6dbc9285f3fc7,b30a923086e4f07fff8c0ca08fca2e2d,delivered,2018-05-07 15:01:20,2018-05-07 16:52:53,2018-05-08 10:07:00,2018-05-11 22:05:35,2018-05-23 00:00:00
b88ab07fb8df9a5215f630bc0da356f8,33b637b65158f77c5944eace3237c3f2,delivered,2018-02-19 21:30:49,2018-02-19 22:36:04,2018-02-20 22:42:49,2018-02-28 01:00:18,2018-03-09 00:00:00
b88bf712c7aa1192376b4dc5bfadb916,6892e11557ed2d2d37330dd4ecfa6cd7,delivered,2017-03-27 21:46:00,2017-03-27 22:03:31,2017-03-30 16:04:09,2017-04-04 09:32:55,2017-04-13 00:00:00
b899ac30c0df28d003611ad4999aa487,8611ae68bf0c696719534f605dfb9547,delivered,2018-08-02 12:06:05,2018-08-02 13:04:12,2018-08-06 15:00:00,2018-08-10 15:21:40,2018-08-14 00:00:00
b89abfd3664f6d278d90b13536d52364,0ff949bd20e11b2beacce8d14c1339b8,delivered,2017-03-12 17:35:58,2017-03-12 17:35:58,2017-03-15 16:07:43,2017-03-21 09:08:40,2017-04-10 00:00:00
b89d3f466656d80cfaa4bf9698218c83,ac197c0eb5cf980ee812fe961476814a,delivered,2017-02-01 12:44:51,2017-02-03 03:41:26,2017-02-06 10:04:38,2017-02-08 09:23:59,2017-03-14 00:00:00
b8afeb65bbea252eef3d4a2845dfd6ab,b5c31aca67859c379f337d6c95cb37a2,delivered,2017-02-06 15:58:15,2017-02-06 16:05:32,2017-02-07 16:33:54,2017-02-13 19:47:26,2017-03-03 00:00:00
b8ccf087dea4fc431e71277cf66ed793,296eb95e34f2a94e6a317c9a38e9c277,delivered,2018-08-15 11:29:28,2018-08-15 11:44:13,2018-08-16 12:34:00,2018-08-18 01:21:46,2018-08-20 00:00:00
b8d8e7c7fe850dd45f9e3762c8b4b940,c6afd539f661cdf66e12f37802d274db,delivered,2018-06-26 19:50:52,2018-06-26 20:07:50,2018-06-27 10:39:00,2018-07-03 00:55:04,2018-07-20 00:00:00
b90846dbd50e328b0a1b6be47a8e2c0b,4e7b2684d13abc89def97d5dca8cbd26,delivered,2018-03-18 15:09:49,2018-03-18 15:28:17,2018-03-19 19:11:58,2018-04-10 17:47:29,2018-04-16 00:00:00
b91b89682b68b44b95f65cd872c65b59,2af7929f6d6289798a0836e5b350d77f,delivered,2017-10-24 23:12:43,2017-10-24 23:28:09,2017-10-26 20:52:46,2017-10-30 20:45:52,2017-11-28 00:00:00
b92aa81f74ab98a2f1a9cc5659f6edcf,6d7c040dec6d2f6da6a63929bdec436d,delivered,2018-06-24 13:49:51,2018-06-25 10:53:44,2018-06-26 08:46:00,2018-06-27 14:06:49,2018-07-26 00:00:00
b93753633fb990e3c74dc9474c9d9e53,1e3efcd043381813bc0edd6c151c0741,shipped,2018-05-01 20:45:44,2018-05-03 04:12:47,2018-05-03 13:54:00,,2018-05-22 00:00:00
b96cb3fd98ba13f5a573fc64dfe1ee10,ed4a44ab55a35b95b8e0b30e84c24422,delivered,2017-05-25 22:18:31,2017-05-26 22:25:15,2017-05-29 08:10:28,2017-06-06 13:31:41,2017-07-03 00:00:00
b96d1eec0b6f42ab363018c8f68c2254,4d3c8544c15c6485f585f143cf79cfd3,delivered,2018-06-15 14:37:17,2018-06-15 15:03:45,2018-06-18 10:57:00,2018-06-21 15:08:24,2018-07-05 00:00:00
b979990724c0c6accce90ed2a7bb04e0,b0bd4acec8cfaa6f6f7f67792236401a,delivered,2018-06-09 21:21:25,2018-06-09 21:38:24,2018-06-11 15:16:00,2018-06-12 20:47:44,2018-06-20 00:00:00
b9a089706e16d5490f7a2feb363e32e9,4c05711e49e74253cb18247213e9d6cf,delivered,2017-09-25 17:57:28,2017-09-26 06:33:42,2017-09-27 19:03:48,2017-09-29 18:48:02,2017-10-17 00:00:00
b9b690e003beef9acdde2502dfc565e2,c465c80b3a11995fd2890c759421a7df,delivered,2017-07-30 17:48:59,2017-07-30 18:05:06,2017-07-31 19:30:01,2017-08-03 21:35:43,2017-08-18 00:00:00
b9cd12cbf3bc726135ede88877aca4bf,1555b4c59a0efad68a20978804cefdf3,delivered,2017-07-08 19:09:56,2017-07-08 19:25:11,2017-07-11 18:37:25,2017-07-17 21:18:17,2017-08-03 00:00:00
b9e60cfd587e2b40cf959a04023247a8,01fb9c979f94a851f92484ae6d6bc41d,delivered,2018-02-03 13:20:57,2018-02-03 13:30:41,2018-02-05 18:07:47,2018-02-09 18:48:29,2018-03-01 00:00:00
b9eb04083d9367fcd3523d0125406023,f8bc863d8da439189f1a3c7f93e30a9a,unavailable,2017-06-02 10:27:06,2017-06-02 10:35:12,,,2017-07-11 00:00:00
b9f31e3a32f182587fd629c681118d79,d602a0c12e9023bd9f13bed51e8d4caa,delivered,2018-01-11 11:19:49,2018-01-11 11:28:36,2018-01-15 16:28:42,2018-01-22 12:59:31,2018-02-09 00:00:00
b9fbe26657178b8754633a24a8e066c7,2d6baa0238afacbe6b80af3674000355,delivered,2018-08-11 16:34:31,2018-08-14 04:45:23,2018-08-14 15:03:00,2018-08-20 19:29:42,2018-08-23 00:00:00
b9fc4defdaf807a54f5a0362c764d384,2884f191524128904af36dd4d5ec6573,delivered,2017-12-06 18:08:25,2017-12-07 03:13:59,2017-12-08 22:14:34,2017-12-26 20:15:27,2017-12-29 00:00:00
ba1f4cf892df702e9b730cb54d9fb063,0ee95c043bcf195d5315984c992278ce,delivered,2018-06-22 22:36:48,2018-06-23 01:40:09,2018-06-25 14:45:00,2018-06-26 18:24:46,2018-07-05 00:00:00
ba2a82359a00bf0bd1f5ae32527a5a40,a7f8ce7902371e84a160590635b0c546,delivered,2018-08-17 08:29:19,2018-08-17 09:09:42,2018-08-20 08:59:00,2018-08-22 17:24:42,2018-08-28 00:00:00
ba436db3c441f63a8ed34e695ed2e9f4,5b088866d5d40ceef628716f9ac1173f,delivered,2018-07-31 19:00:14,2018-08-01 04:35:11,2018-08-01 12:13:00,2018-08-03 17:22:54,2018-08-13 00:00:00
ba57df46d6c7801e304a57084265bd86,6132860a5328ff1bcb9571bc0040b78d,delivered,2017-09-17 12:51:20,2017-09-17 13:04:07,2017-09-19 22:17:41,2017-09-27 22:12:44,2017-10-04 00:00:00
ba58944fed9eea8a43f9fc3b2cdca75f,da9ef0f242177bd1de0ce7394f41a6f6,delivered,2018-06-16 17:43:34,2018-06-16 17:58:38,2018-06-18 13:12:00,2018-06-22 13:34:41,2018-07-17 00:00:00
ba6599a593f0007d9c2ccba953adf20a,fd05d735f77ead5f285db7dc288d65d5,delivered,2018-03-16 23:05:40,2018-03-17 23:08:42,2018-03-21 15:38:39,2018-03-23 20:34:10,2018-03-28 00:00:00
ba70922d044f56d4b4cce2010e3f4cd6,1a38585b7f867f8bb2823aef378b9445,delivered,2017-06-02 14:02:21,2017-06-02 14:10:15,2017-06-20 12:50:23,2017-06-26 17:27:46,2017-07-04 00:00:00
ba7ba0ff040d6808492c4456eeb13730,afa7211b120162071eca4c10ebf7d415,delivered,2017-08-14 19:53:10,2017-08-14 20:25:14,2017-08-15 17:08:48,2017-08-21 18:17:36,2017-09-01 00:00:00
ba811df8f38f8b18170fa9d29732ed0f,5f82ddc00ed8b6e8cd8792788c2f5b7a,delivered,2017-04-05 11:18:17,2017-04-07 03:15:29,2017-04-07 14:42:18,2017-04-17 09:54:11,2017-05-04 00:00:00
ba89a3d7d01c8a2a0bbdb514a851e9f1,7cf9c49c88da7a1deb790fb3d2848c0b,delivered,2017-07-24 13:40:56,2017-07-25 06:43:03,2017-07-26 18:09:46,2017-08-10 14:52:31,2017-08-15 00:00:00
ba9db9fb21617fd062fee898664e4996,02e3c16610531c771a70c55725f36cfc,delivered,2018-04-16 23:22:47,2018-04-17 23:31:48,2018-04-23 10:10:43,2018-05-02 20:44:32,2018-05-16 00:00:00
ba9ec6bfbbe8454a533f194e8cd420f8,f3201a8a4ea32786b7b5948da7e7a50b,delivered,2018-03-28 16:09:21,2018-03-28 16:27:50,2018-03-29 23:54:35,2018-04-04 17:51:04,2018-04-17 00:00:00
baa356809d65f9a3e5eef9a8a51c1f22,a9d4d5f1e35e1255228f972bf67c9a4d,delivered,2017-06-14 17:57:21,2017-06-15 06:43:01,2017-06-22 10:39:51,2017-06-28 14:07:22,2017-07-21 00:00:00
baa6a79da6b02b2a756bafd22ca73636,8f28dc381b5a73cd37a5c0a11482824f,delivered,2017-07-09 23:17:54,2017-07-09 23:30:13,2017-07-10 17:59:56,2017-07-12 00:34:11,2017-07-21 00:00:00
baaaa6a46bf8f53d113193a6a23efbd4,ff56a290f17f6ce95604d2e7c1bd3ab3,delivered,2017-12-09 11:50:39,2017-12-09 12:32:25,2017-12-11 18:24:21,2017-12-26 16:09:19,2018-01-10 00:00:00
bab4c3b7d9e904b2e991490cd65ccae7,32352977d8f006ca69685799ba6d9275,delivered,2018-02-08 21:57:26,2018-02-08 22:08:55,2018-02-09 22:09:00,2018-02-20 13:43:15,2018-03-12 00:00:00
babc844d408abfa49b0c875fcc3738d4,ffe1eab23bff108bf37c973b05d4e9ba,delivered,2018-08-18 08:43:29,2018-08-20 11:10:05,2018-08-20 15:49:00,2018-08-27 19:46:41,2018-09-11 00:00:00
babcb908e411ea7b016add4ba7928922,a4406af7a4cc74fff4ab8ba1d52a9aba,delivered,2018-05-12 23:00:51,2018-05-12 23:16:38,2018-05-21 16:33:00,2018-05-24 15:43:41,2018-06-01 00:00:00
bac4595733cd0e89158cb02bebbf6352,ae2637018dbd6fb499db07816dcce0b8,delivered,2018-04-01 21:42:34,2018-04-01 22:27:34,2018-04-03 16:42:33,2018-04-18 18:02:53,2018-04-20 00:00:00
bac5dc94cc5dbf0810f1919c2aac13cd,85fe96297110ae68dd33043dc65a5221,delivered,2017-07-08 17:35:03,2017-07-08 17:45:18,2017-07-10 19:11:54,2017-07-13 20:27:55,2017-07-28 00:00:00
bad46ed77a751d33a1a1b352075c3cdf,225eea8847d66d819b5187fc0b35c8ea,delivered,2018-01-11 13:11:51,2018-01-11 13:28:35,2018-01-11 20:51:54,2018-01-30 14:37:16,2018-02-02 00:00:00
baf1b12b26680071c8851fc697020e62,2a5161ad7eaa9de4de0eea62824a56a3,shipped,2018-01-21 15:41:59,2018-01-22 13:52:37,2018-01-25 19:55:47,,2018-02-22 00:00:00
bafb907417d324de4bc43390ccf3fbed,6f014635454b0038028f5228e69f50ed,delivered,2018-01-09 15:46:08,2018-01-12 12:28:40,2018-01-15 19:48:25,2018-01-25 23:49:00,2018-02-05 00:00:00
bb0254422b24df86bddb238203a16aa4,360c6d74bfa06f876676a09b73bdc9d8,delivered,2018-03-11 21:46:07,2018-03-11 22:40:25,2018-03-13 01:38:44,2018-04-12 17:50:29,2018-04-04 00:00:00
bb0a814e4d6cb5373c30a22b6c9fd658,1643f66f6cc239c720a52b3d0fa8edab,delivered,2017-09-01 15:39:09,2017-09-01 15:50:11,2017-09-04 19:47:40,2017-09-14 20:51:46,2017-09-27 00:00:00
bb18fa095535600a94fd3e6741d53b9d,32310106268df19502c10ab4b70f26ff,delivered,2018-01-08 17:18:36,2018-01-10 10:32:46,2018-01-10 18:32:36,2018-01-23 19:04:50,2018-02-02 00:00:00
bb1cb0653f2664a83f30a4bc0b483f94,fd28c7968c649e40e639e20d79040ccb,delivered,2017-09-25 19:50:03,2017-09-26 03:28:30,2017-09-26 18:54:05,2017-10-02 20:27:34,2017-10-17 00:00:00
bb299ee4fb79d4056dad3e6bc0aa8a46,336353043c293fff266ae08b9ace8bd4,delivered,2017-03-29 20:29:35,2017-03-30 02:15:58,2017-03-31 12:51:46,2017-04-06 17:00:09,2017-04-18 00:00:00
bb3b63f8a09bf476fd524c44fb767a31,960f251d702793f91105c34c974387d3,delivered,2017-12-19 18:12:04,2017-12-20 06:56:44,2017-12-20 18:20:08,2017-12-28 14:42:04,2018-01-17 00:00:00
bb4eb3e71b30365a580e5a718bd8d1ae,e15fc5eebbb46681049d28f79fde5419,delivered,2018-07-24 08:10:01,2018-07-24 11:23:32,2018-07-25 14:06:00,2018-09-01 01:22:46,2018-08-22 00:00:00
bb54e9bf4bdb6c6391a7c6b517748b9f,84e28130ed1fa8558f3fc843d9a906e7,delivered,2018-05-27 11:41:32,2018-05-27 11:50:16,2018-06-01 15:13:00,2018-06-26 18:04:00,2018-07-04 00:00:00
bb5849f8ba21da43ffa31ea52ba81b37,bd1a163012abbb431a551fa95aab940f,delivered,2017-03-14 13:40:28,2017-03-14 13:40:28,2017-03-15 08:07:35,2017-03-23 17:17:00,2017-04-04 00:00:00
bb5be1811a54b7c516ea8c1eeb48272a,38b44dd008d81d41ec5390f334a855e1,delivered,2018-07-05 14:45:14,2018-07-05 16:17:23,2018-07-06 11:05:00,2018-07-07 16:51:36,2018-07-18 00:00:00
bb5cce57f8d80c481d1beee24eda6616,12c5c5e285023a1496798e0844016ff6,delivered,2018-06-27 11:43:52,2018-06-27 11:57:21,2018-07-03 07:44:00,2018-07-04 01:18:33,2018-07-12 00:00:00
bb724065b1587966bc6e4553aeb0b2c6,3a6e21494af5cdc6248949e40d3eb01b,delivered,2018-07-05 16:36:38,2018-07-05 16:51:01,2018-07-06 09:41:00,2018-07-07 13:28:46,2018-07-18 00:00:00
bb83b0d50ebbe83d2d41514296baf238,9a24b6d573013c48b347b7a3219ec465,delivered,2018-06-11 23:08:00,2018-06-13 02:18:42,2018-06-14 11:14:00,2018-06-19 16:03:50,2018-07-03 00:00:00
bb903af0ad020f23de12114a1c74a2aa,e2e397b14afbf10eabd70b574c00c3df,delivered,2017-05-11 19:25:16,2017-05-11 19:35:08,2017-05-19 13:04:00,2017-05-22 20:43:46,2017-06-02 00:00:00
bb90b02637daa6d6ea968529eed50699,cb85fd1337a9b227e49fbcb893babd71,delivered,2018-01-23 10:15:38,2018-01-23 10:29:22,2018-01-25 22:16:03,2018-02-05 19:53:12,2018-03-01 00:00:00
bba5aa837be7e597e91c6ddedf604cd8,94e56a6d6f8b3e26ad64c605e67b48d2,delivered,2018-05-19 12:14:08,2018-05-19 12:31:36,2018-05-21 12:10:00,2018-06-01 19:41:03,2018-06-12 00:00:00
bba5d3c45d232d36995ca63ee0232d7c,ddaecf48ffb07085e24bdd73389197e2,delivered,2017-12-16 12:35:56,2017-12-18 13:29:32,2017-12-19 16:39:40,2018-01-04 17:43:37,2018-01-16 00:00:00
bbb23eb343ea788460a735b0d5df605d,1a3c88aea42779ddfadce14271d6dce4,delivered,2018-04-19 16:29:49,2018-04-19 16:58:11,2018-04-23 14:52:44,2018-05-07 20:07:57,2018-05-25 00:00:00
bbd5315a7667b9537e1cf428fddf09b6,0c4d8a4392b18fe20a9a5f0a9189e0e7,delivered,2018-06-12 08:34:22,2018-06-12 09:02:28,2018-06-13 09:29:00,2018-06-19 17:09:51,2018-07-13 00:00:00
bbe02deb41e96f666660dede6c816276,c659c6ddb8f2dbed68ea0889f16c0f69,delivered,2017-03-24 16:31:56,2017-03-24 16:45:10,2017-03-29 13:22:04,2017-05-03 14:07:58,2017-05-03 00:00:00
bbeb3a35e986d6a0f87217b567c99cd0,5ce6bccf8e7fd0fd5ee7fcb87cf857ba,delivered,2018-04-17 20:00:49,2018-04-17 20:15:18,2018-04-18 18:32:36,2018-04-23 16:08:41,2018-05-04 00:00:00
bbf7ad105edc929937625364891dc8c6,f128ed11b295f1d94750deca9a92b354,delivered,2017-06-13 12:37:12,2017-06-13 12:50:25,2017-06-13 15:11:20,2017-06-22 16:19:42,2017-07-10 00:00:00
bc07f82ae356cbf2177d716646abe61c,837e1898172239a282b2a93b5fb1e3a1,delivered,2018-04-28 11:34:46,2018-04-28 11:50:48,2018-04-30 13:22:00,2018-05-02 19:26:46,2018-05-21 00:00:00
bc1407516b972c301cdd874626028952,6ee2680b4ac6f001ada0350a7960b853,delivered,2017-09-29 23:34:55,2017-09-29 23:49:18,2017-10-02 20:13:20,2017-10-05 21:28:07,2017-10-24 00:00:00
bc1e260c14566150f353c716e61215e4,e4356c5636c21749cc7b40da4713bffd,delivered,2018-02-25 14:15:50,2018-02-25 14:30:28,2018-02-26 19:59:19,2018-03-02 22:12:05,2018-03-20 00:00:00
bc314ea94634ec397df2b65d3bcb2c1c,d00ea5d7b369bf08fa11ddfd2db8173f,delivered,2017-10-18 16:10:25,2017-10-18 16:29:31,2017-10-19 19:54:03,2017-10-24 17:54:02,2017-11-07 00:00:00
bc52ee2d28a015510123067432c70c17,834518d4594b0bcb116acbe814f1bc03,shipped,2017-07-29 19:08:08,2017-07-29 19:23:36,2017-07-31 20:07:06,,2017-08-30 00:00:00
bc6e9624c0238056251784cf956cd10d,622ecbc498c1acdcbdfb4411b78c6315,delivered,2018-06-25 11:51:15,2018-06-25 12:13:33,2018-06-25 15:14:00,2018-06-30 10:55:51,2018-07-20 00:00:00
bca438a94b0b58bd0f7a15666e522042,a9bc2d0b568a1b02e288e4b0f701e792,delivered,2018-07-16 12:34:46,2018-07-16 12:45:15,2018-07-20 14:34:00,2018-07-23 18:40:39,2018-08-02 00:00:00
bcaff5892a4def087ea5036d6b89b9db,de7b829832e3a4f9c9b33faa816dcaec,delivered,2017-12-15 18:10:54,2017-12-15 18:32:27,2017-12-20 00:21:38,2018-01-10 00:31:46,2018-01-19 00:00:00
bcb0343717a9e0265e156e34c25c3dc0,40272bfc2f46fc530bb6eb75977b5a07,delivered,2017-08-05 14:55:19,2017-08-05 15:10:14,2017-08-09 18:03:22,2017-08-11 17:57:50,2017-09-14 00:00:00
bcc3b9b2b1b0f27be6e2816968b08fc6,ef5e98e0d04d6d17a694e2fdacf0a8d8,delivered,2018-01-15 13:34:20,2018-01-15 13:49:58,2018-01-17 21:30:06,2018-01-24 00:28:11,2018-02-08 00:00:00
bcd05b48176dab8d00672b325de126de,b6d34ee4551cabdcd60be5390af46822,delivered,2018-02-03 15:09:12,2018-02-03 15:30:17,2018-02-06 19:11:31,2018-02-19 14:48:50,2018-03-08 00:00:00
bcd37480e5f21eaf2b524c8e9724d099,fbc839b74c648a39b750799b58a13e0f,delivered,2017-11-24 22:55:10,2017-11-25 01:53:48,2017-11-28 21:26:50,2017-12-07 00:24:29,2017-12-27 00:00:00
bce7047b261dd5116e87384f4fe9afc1,10cbfffea4f804ac1cc68a8a558424f9,delivered,2018-02-14 13:47:37,2018-02-14 14:07:00,2018-02-15 20:21:37,2018-02-21 23:54:47,2018-03-16 00:00:00
bced9d44b71edeb7df9229c6b86fd784,126f85dfb321cccdf77d72f610c0b5a3,delivered,2017-09-12 23:58:05,2017-09-13 00:15:15,2017-09-18 20:29:47,2017-09-21 18:14:10,2017-10-10 00:00:00
bcf8ce1cea8935dbbf537c9caf248f46,c9263e1cc3eea092007c49ea6bf5d40e,delivered,2017-08-29 20:44:50,2017-08-31 02:45:01,2017-08-31 13:07:58,2017-09-05 17:44:37,2017-09-15 00:00:00
bcfd112593a122ae1272e80681e2ac72,11bb175d41bc7f2eb361e6ab7542d61e,shipped,2017-03-07 12:36:25,2017-03-07 13:03:57,2017-03-09 09:37:45,,2017-03-28 00:00:00
bd097e5fba6d060c0adb69b8865b1dfe,85881a5707acccf34192b197804bd5e4,delivered,2018-01-27 12:04:16,2018-01-30 05:31:32,2018-02-06 23:36:44,2018-02-14 18:59:39,2018-03-02 00:00:00
bd0ece9767b9088d339d9f68ed6a4738,baf6ad0e2d1f7703ffa952b94ace7f81,delivered,2017-10-07 19:25:21,2017-10-07 19:49:59,2017-10-10 18:08:13,2017-10-20 20:33:48,2017-11-08 00:00:00
bd15e6a6eec338675a42659c3509da35,62b912715949a663b46270883e7bfc6b,delivered,2018-05-14 17:12:48,2018-05-15 17:15:18,2018-05-17 13:30:00,2018-05-21 16:36:48,2018-05-30 00:00:00
bd2e72e4a107f535d737c2c2a52a018d,6f47b7699f8a027611922b02d6078f91,delivered,2018-08-22 02:28:35,2018-08-23 02:44:20,2018-08-27 13:51:00,2018-08-30 20:23:53,2018-09-13 00:00:00
bd311764a2c2a541c99f90f076923b34,9dfbbf80c6ae9741c9576d3371f58282,delivered,2018-05-15 09:20:18,2018-05-16 09:16:33,2018-05-17 11:58:00,2018-05-24 20:28:18,2018-06-05 00:00:00
bd37a8e6c071459b0c45ad8337225d89,5ebc6424b55d612d20110789bbe0d748,delivered,2018-02-03 09:27:17,2018-02-03 09:35:28,2018-02-06 01:41:43,2018-02-26 22:12:23,2018-03-08 00:00:00
bd4937d306741b31e9a738f0ad9da78f,bc03dcda353f7288cb3b96f09e3d1c04,delivered,2018-06-08 22:56:48,2018-06-08 23:13:59,2018-06-12 13:45:00,2018-06-19 13:28:46,2018-07-11 00:00:00
bd6b1316314a1f12d58ebf467f3f2d80,54405ff2342ff9d9412cbb098fbbaa44,delivered,2018-06-28 20:37:53,2018-06-30 02:52:32,2018-07-02 13:49:00,2018-07-10 00:12:10,2018-07-24 00:00:00
bd6c3e07e22039cf9560d3369ea396ee,95956d00b808010f2c84f7236260d722,delivered,2018-08-08 16:59:02,2018-08-08 17:10:15,2018-08-09 19:21:00,2018-08-10 22:32:21,2018-08-13 00:00:00
bd7328facab3b5c696a8a685b0ddacff,0b6f07bb76585814879c04843fdbe504,delivered,2018-06-15 22:16:48,2018-06-15 22:40:37,2018-06-18 18:57:00,2018-06-29 15:38:46,2018-07-20 00:00:00
bd7585a77f0aa76b3775bb68fb293356,7eb5555aea491d47d05d05d3f6f99be6,unavailable,2017-02-08 10:46:02,2017-02-10 02:43:20,,,2017-03-07 00:00:00
bd7a44c3216be67318d6776fa920703d,459a2924c50c9e9e44290c42e668b624,delivered,2017-08-18 16:15:26,2017-08-18 16:45:11,2017-08-24 18:47:30,2017-08-25 17:51:06,2017-08-31 00:00:00
bd971b573fb91b8be91c02b0fc251b98,ad71f758115aab8640f4f9ede9e8d4b3,delivered,2018-08-10 18:10:38,2018-08-10 18:25:17,2018-08-13 13:07:00,2018-08-20 18:24:39,2018-08-23 00:00:00
bd982aee32cd290fc0ecf05ec77c326b,fe11d27a155ab2ad8d59cdcadde0d9f9,delivered,2018-08-04 19:00:40,2018-08-04 19:24:08,2018-08-10 11:45:00,2018-08-17 01:48:42,2018-08-09 00:00:00
bdb9bdd2b7e7f7fa3429262ba9cfeca4,9c5a04b217ec8c874f1ef224f8847bf7,shipped,2018-01-05 21:34:39,2018-01-05 21:48:04,2018-01-09 23:47:35,,2018-02-07 00:00:00
bdc386da6334df2a3ed8c51f0fe77c16,e77769a80e34cd27d3a09f5a2b095857,delivered,2018-08-07 11:15:48,2018-08-07 11:30:18,2018-08-20 14:20:00,2018-08-23 17:46:37,2018-08-29 00:00:00
bdc50bb13e6d041fb5d868ec076072b6,2d46890758e23182b34e1f51bdd22c50,delivered,2017-08-30 01:11:47,2017-09-01 02:15:14,2017-09-01 20:05:28,2017-09-11 18:06:53,2017-09-19 00:00:00
bdcf9c2f3ef0c55dc1273dd2c507b0f8,047965eae6564b51ea05b945966ec595,delivered,2018-08-09 19:05:30,2018-08-09 19:15:18,2018-08-14 12:38:00,2018-08-23 20:31:59,2018-09-20 00:00:00
be0321747be0efc1c7241a5e985dd299,a6c87725b81598322c4399140aa6cae9,delivered,2017-02-02 08:35:36,2017-02-03 03:41:42,2017-02-07 12:41:55,2017-02-13 06:06:03,2017-03-13 00:00:00
be128a58459554e47e89d3bc200ba5cc,71bd8523dd55e7b5228f2564fbcbc5ea,delivered,2017-12-11 23:19:47,2017-12-12 00:14:14,2017-12-12 18:36:58,2017-12-27 21:23:59,2018-01-12 00:00:00
be16ab3862dd2927ab1e3cb7434007f6,8ffbd4c4cfea0a904e13014399a74714,delivered,2018-08-17 07:01:01,2018-08-17 07:10:36,2018-08-22 13:17:00,2018-08-30 18:04:09,2018-09-14 00:00:00
be33f61fd2cab2493c81b0810b31da89,f9e408f34638e8fcbec8a3327142a164,delivered,2017-07-03 09:17:52,2017-07-03 09:30:16,2017-07-07 17:03:32,2017-07-17 18:47:07,2017-07-24 00:00:00
be454ec4b7cf35a9dfdb8489e9b000b1,dc312943c0d59bc2a318d289cd7beefa,delivered,2017-10-26 14:40:31,2017-10-26 14:56:26,2017-11-10 01:48:15,2017-11-24 19:12:51,2017-11-29 00:00:00
be4689494eafff3235986fd4915cdb56,cda7a35132d1ec8eb2458225ec277e27,delivered,2018-01-04 21:41:29,2018-01-06 02:08:47,2018-01-11 19:20:12,2018-01-18 20:26:38,2018-01-22 00:00:00
be47ea1ee3433ff4f5006ab2c5f9e0a9,edb3e8d308914f62482ddfbdf7b9cce2,delivered,2017-12-13 18:57:12,2017-12-13 19:10:19,2017-12-14 17:27:26,2017-12-16 15:05:56,2018-01-02 00:00:00
be4ce210f993d9e26a013ae7e93b6893,4e25d8a3eb725a54cb86bebd52968a98,delivered,2017-11-09 19:18:12,2017-11-11 02:55:41,2017-11-16 21:15:46,2017-11-17 20:21:19,2017-11-23 00:00:00
be597ae2dfc955f581832e7430e7e293,b84061fb9715b273145994becbe9b643,delivered,2018-07-14 18:44:35,2018-07-14 18:55:12,2018-07-18 11:23:00,2018-07-26 16:03:08,2018-08-06 00:00:00
be62a7e48d2d0a10e3ce4d03e737843c,cd3ad76eca9e738a7529dfeb077d5a7a,delivered,2017-08-18 15:25:53,2017-08-18 15:45:13,2017-08-22 00:53:53,2017-08-25 22:07:53,2017-09-12 00:00:00
be6343c24d4cd24d3a630c7a8aee1a6b,054bbe007936c85bde1a019ea0d47780,delivered,2018-07-10 22:49:27,2018-07-10 23:06:01,2018-07-11 12:12:00,2018-07-12 18:11:48,2018-07-18 00:00:00
be6e0e5aee2918775fc14dfe68d18a37,ff3fb57f76210bacea765b1f7d8876ad,delivered,2018-06-13 02:16:03,2018-06-13 15:28:57,2018-06-14 15:08:00,2018-06-25 20:32:17,2018-07-11 00:00:00
be8825818ef90fa22e25614dad11854d,ca3f383440e3514f41b0ebdb9b7b88f2,delivered,2018-04-13 13:09:30,2018-04-14 13:11:57,2018-04-16 22:28:28,2018-04-18 13:58:42,2018-05-11 00:00:00
be9d88133ac0473fda4ebbdc48d5140c,4e1c0925d1cfae717a7abbfbeeae93f1,delivered,2018-02-15 17:53:58,2018-02-15 18:07:08,2018-02-22 18:46:55,2018-03-17 18:52:41,2018-03-09 00:00:00
bea4e26a5e3cb0a9eb16c8703a21a7d3,053bc4c013d7589b292fe166ecba6786,delivered,2018-08-21 08:52:26,2018-08-21 09:10:46,2018-08-22 08:28:00,2018-08-29 20:11:53,2018-09-14 00:00:00
bea9b92d7a14b236b96eb9fc71c28e02,30d7198ae94852e95a5afef8039145e4,delivered,2018-04-25 22:01:26,2018-04-25 22:15:18,2018-04-26 13:53:00,2018-04-30 15:12:45,2018-05-18 00:00:00
bebaff5f4489a8d0b10a929087be21a9,980c50b9937474c6340021542088ab28,delivered,2017-12-04 15:43:56,2017-12-05 04:12:06,2017-12-05 23:07:47,2017-12-13 21:06:45,2017-12-29 00:00:00
bee4fbc438d2d48527e812cb6a1c8166,f11a8d3613ace1bbf5de8d7e4da13a65,delivered,2017-11-27 18:27:17,2017-11-27 19:02:11,2017-11-30 19:39:58,2018-01-09 21:28:38,2017-12-20 00:00:00
beeee30f17612200615fd1ce39b41a43,2aa0fffc9c5ba51d764877eed20387da,delivered,2017-08-16 20:53:13,2017-08-16 22:44:42,2017-08-18 13:28:56,2017-08-21 18:49:32,2017-08-31 00:00:00
befae3252c7f7ffb6abdeb4d3f4eb668,873951dbadc164fa5d61eed16cf38770,delivered,2017-05-16 16:41:51,2017-05-16 16:55:19,2017-05-18 06:35:58,2017-05-25 15:49:42,2017-06-05 00:00:00
bf013ab8da2ddc44737310fb1f58361e,9b3ed5485c93de1b23d2ad381283fd9d,delivered,2017-06-10 13:45:16,2017-06-10 14:02:22,2017-06-12 16:46:42,2017-06-19 21:39:28,2017-07-05 00:00:00
bf0448def08e9657c8f990eea9bc4057,030eadebe042e915dc4d1fd5abcfe620,delivered,2018-01-03 20:20:16,2018-01-03 20:28:22,2018-01-04 18:32:41,2018-01-10 15:58:07,2018-01-29 00:00:00
bf0b6e46855aa361a0dab877c439ef93,23a238394ed31f0893206aac055f6dcb,delivered,2018-01-15 16:51:35,2018-01-15 16:58:23,2018-01-16 20:59:05,2018-01-22 15:22:33,2018-02-05 00:00:00
bf0d67707bc87fa3fe2cf74a1c2c693f,185e9b45f2f0219b52c196c4e066ee0a,delivered,2018-07-17 14:41:06,2018-07-17 14:50:28,2018-07-23 14:28:00,2018-07-26 20:40:46,2018-08-17 00:00:00
bf351cedb18cc34fc1bf14f882156e40,507fd1858c4a4323ba84d2d884273832,delivered,2017-12-03 13:55:09,2017-12-03 14:13:33,2017-12-06 21:22:22,2017-12-28 22:33:08,2018-01-04 00:00:00
bf605ab91479a9fb68eadab4406c8064,5d261411439a7a651db830bf3f859e6a,delivered,2018-07-25 13:43:21,2018-07-25 13:55:18,2018-07-26 09:31:00,2018-07-30 21:56:27,2018-08-08 00:00:00
bf60ac45ad533aad56e08608c2fa1f26,d4ebbee7431569112582d78aaaf767e2,delivered,2018-04-16 11:37:53,2018-04-16 11:52:24,2018-04-16 23:37:54,2018-04-20 16:18:43,2018-05-10 00:00:00
bf63e72c6c17fc3204c0124ce16426d1,38d2b4629523c6df929e8e1ea42d1327,delivered,2017-08-02 11:44:45,2017-08-03 03:05:49,2017-08-03 21:10:58,2017-08-10 18:43:09,2017-08-22 00:00:00
bf7633822714776cc60f51470f805b92,a413396dcb9a0e9398058e4eb99bda84,delivered,2018-06-19 13:38:32,2018-06-19 13:57:43,2018-06-20 16:57:00,2018-06-27 21:33:31,2018-07-17 00:00:00
bf93a9c9cc2879163c62f43f8fb70cec,e925294875630ca391d30949a731998b,delivered,2017-05-30 17:11:37,2017-05-30 17:25:18,2017-06-02 13:03:18,2017-06-05 18:42:28,2017-06-22 00:00:00
bf941d5fc1bc7b644937b66246ad2150,fdb7df20df882fb648837ef2a96ff36b,delivered,2017-09-29 14:22:14,2017-09-29 14:39:02,2017-10-03 13:46:47,2017-10-14 12:21:41,2017-10-24 00:00:00
bfa84c85baf67d4ed4923a3d8d6a18bf,939c7cf7f4c8f6a9f2a6c4d2096fe206,delivered,2017-12-20 23:06:03,2017-12-20 23:14:25,2017-12-22 20:32:49,2018-01-18 21:49:57,2018-01-16 00:00:00
bfadb548852a3f28f3beba2245ccd552,77c2c6ca2faadc2662dda8c0b92db8cf,delivered,2018-05-20 12:55:41,2018-05-20 13:10:31,2018-05-21 15:57:00,2018-05-22 16:12:49,2018-06-01 00:00:00
bfaf2a2f0abc56602d3b0fcf99576126,0f0242e95194275e6fcb0660f728b7c3,delivered,2017-07-27 18:19:56,2017-07-29 02:23:32,2017-07-31 20:19:08,2017-08-25 20:05:52,2017-08-30 00:00:00
bfb4f8775924839c47fce828a6826d86,e77beae82ea2b9ce19b5d85f9f3a244e,delivered,2018-03-15 23:53:39,2018-03-16 00:09:24,2018-03-21 14:08:49,2018-04-04 21:11:45,2018-04-05 00:00:00
bfc9c6b840e5a8ac6c42347673271b9a,fd9b8c35f091c1ad8569a436e9c0e497,delivered,2017-12-20 11:48:39,2017-12-21 02:11:20,2017-12-21 21:48:37,2018-01-07 16:09:40,2018-01-17 00:00:00
bfca565035711cdb02880c530c383872,f6bf07a73ad7c17791a5fd4c33c9b8f9,delivered,2017-03-23 20:18:15,2017-03-23 21:22:48,2017-03-28 09:07:20,2017-04-06 14:27:46,2017-04-19 00:00:00
bfcec6fcc6a68c5505537bb8a0a38039,f40cc9209965e48412fc7fcef541113e,canceled,2018-03-20 19:22:08,2018-03-20 19:35:27,,,2018-04-06 00:00:00
bfdd803339c3236164d4fda73c95f5c2,0879e009db1e47cc3e144dd67b38b4f2,delivered,2018-07-30 16:06:51,2018-07-30 18:31:40,2018-07-31 13:45:00,2018-08-09 17:28:46,2018-08-15 00:00:00
bfe8c448781919b17936bdd844baefc4,bd7bfa5c367329c0ab4478160a7b992e,delivered,2018-07-31 20:38:02,2018-08-02 05:30:51,2018-08-09 13:25:00,2018-08-15 15:28:38,2018-08-17 00:00:00
bfead39f96afa0a674110835b6677095,fb139e2c4f9ed3b05ca0dbe66ea46880,delivered,2017-10-18 12:16:29,2017-10-18 12:28:25,2017-10-20 18:20:10,2017-11-06 20:36:45,2017-11-16 00:00:00
bff8a4fd45acacd3f3390aed67ed8e91,c61b177cb45d59e31ce05fe775fb9ea1,shipped,2017-03-28 22:41:49,2017-03-28 22:55:16,2017-03-30 16:42:34,,2017-05-03 00:00:00
c003c1face3c31cba0af4ab5314f3332,3338d6f3767b6853a4ec283edc2a7b21,delivered,2017-08-07 10:50:46,2017-08-07 11:05:09,2017-08-18 16:20:09,2017-08-21 21:16:43,2017-08-25 00:00:00
c00d54903f6f9af108ff7b371a2999e6,0b07568bfcc48faa6a88e17970605a31,delivered,2018-05-07 21:51:53,2018-05-07 22:11:44,2018-05-08 12:02:00,2018-05-15 16:13:02,2018-06-05 00:00:00
c03349d196d2c2e31e41e29d06396cbf,4cd4cf2921175976eeaece9ff1d03958,delivered,2017-09-20 15:00:42,2017-09-20 15:10:32,2017-09-21 18:03:32,2017-09-22 12:43:21,2017-09-29 00:00:00
c0452c14e00c9d8c3f5f30c189382329,a0de49e00efb2ecb7d47d0266b771319,delivered,2018-06-15 21:50:10,2018-06-15 22:20:35,2018-06-20 14:39:00,2018-06-26 02:36:24,2018-07-13 00:00:00
c05df8b616137f63b7d902415bd94490,2943c96dbf527b612175ebfd1b3266fe,delivered,2018-06-21 23:39:37,2018-06-21 23:59:13,2018-06-22 12:46:00,2018-06-28 11:36:56,2018-07-13 00:00:00
c0926505809f1295c7ca6902c2c4d932,c2c1b23dc2866a7449bdfd4cf6123e81,delivered,2018-05-20 13:30:26,2018-05-22 08:16:22,2018-05-23 13:01:00,2018-06-07 18:15:39,2018-06-07 00:00:00
c0bae1d039f9f7459a21f5276b1127f4,618b2055e08e0d895e30f4483d48288b,delivered,2017-10-30 13:02:25,2017-10-31 04:27:19,2017-11-01 18:21:56,2017-11-08 19:05:05,2017-11-21 00:00:00
c0c339f8d69784a8cb6b51f9aa9f85d2,ffbd6fd1ff815c8392bb0f6e2fdeef75,delivered,2018-01-05 10:01:43,2018-01-05 10:31:48,2018-01-05 20:03:33,2018-01-19 16:15:15,2018-02-02 00:00:00
c0d74e15535e242afea299f2edb23394,a0b2014ff906d045328fe8c8e01bd452,delivered,2018-03-11 18:38:33,2018-03-11 19:20:20,2018-03-14 18:38:35,2018-04-05 18:06:49,2018-04-06 00:00:00
c0e1cfdba23aaae17319b780a91978af,abcabc7d0046930c04f966c3d8d5d9d4,delivered,2017-11-24 17:28:24,2017-11-28 02:51:28,2017-11-28 21:31:49,2017-12-04 20:23:14,2017-12-15 00:00:00
c0e57db4a4a6ef32aa28911d1c07df81,9630893f817054e899ceb1c9a539817a,delivered,2018-05-26 18:41:31,2018-05-26 18:57:58,2018-05-28 14:02:00,2018-06-07 15:05:09,2018-06-29 00:00:00
c0ecfbe7eb9d8435e0e3ecd0cdb899ce,98adb1ace438c2553c8eda1d1dcf1c20,delivered,2018-08-12 07:40:00,2018-08-12 07:50:09,2018-08-15 13:09:00,2018-08-17 23:11:48,2018-08-27 00:00:00
c0f3e5b46a6f8a899bb3a9de4afd5525,b62aafcc2d7c2ad2c925b3e30984edbd,delivered,2017-09-24 13:37:42,2017-09-24 13:50:18,2017-09-25 19:07:29,2017-10-14 12:22:10,2017-10-26 00:00:00
c0fabfdace2df4fbd9e0e958f29a2cd7,d6028dc827eae81534f01a813de8d9f9,delivered,2017-12-03 17:44:17,2017-12-05 17:37:25,2017-12-07 15:24:06,2017-12-12 19:37:50,2017-12-20 00:00:00
c10600160de02ce63a426cc0e410e7a7,7747be8246865477bfefa139eb888de3,delivered,2018-02-24 22:12:32,2018-02-24 22:30:39,2018-02-27 22:09:17,2018-03-21 13:51:04,2018-03-26 00:00:00
c11457253eefe1635e2c7acbf249aa1a,93c614a0e7397b6bf4173f3c62cc0c87,delivered,2017-11-06 14:13:32,2017-11-06 15:31:26,2017-11-07 22:38:38,2017-11-13 21:28:37,2017-11-29 00:00:00
c11770b0aaeeaf11800205df9b333d78,c10293503cfc09263957dd13d04842fc,delivered,2018-07-23 12:09:30,2018-07-23 14:44:08,2018-07-23 17:14:00,2018-07-27 12:41:44,2018-08-10 00:00:00
c1213e8146aaff37acf16bfef1789d75,6ff4159cf99d5fc64932c54abd985c70,delivered,2018-05-01 20:30:49,2018-05-01 20:55:25,2018-05-02 14:39:00,2018-05-07 18:37:11,2018-05-21 00:00:00
c124b224a2727ecb4e7c9a378a936d0d,257014a0267d8925a6084a6663ed056f,delivered,2018-08-03 15:43:19,2018-08-03 16:04:13,2018-08-07 08:43:00,2018-08-15 22:52:57,2018-08-29 00:00:00
c130858ff611f05ccbfbac337cd09cdc,4ae3b1e0d62d3d1563a8b800d1c1d14e,delivered,2018-06-16 10:58:46,2018-06-16 11:19:33,2018-06-19 14:42:00,2018-06-30 13:28:28,2018-07-17 00:00:00
c142c7ab64bc271555af4edbff4d53b8,086752a19f026192b7993e4e8a3bbc9e,delivered,2018-03-31 06:58:27,2018-03-31 07:47:28,2018-04-02 21:27:56,2018-04-10 16:32:34,2018-04-19 00:00:00
c14cb154425639c9d91bd601bd5afe89,cc651839aaf53eb034cd0c8066e266d5,delivered,2017-07-13 10:36:40,2017-07-13 10:50:23,2017-07-18 19:04:00,2017-07-22 15:33:22,2017-08-02 00:00:00
c153dd095e8ccdaa7331d24b23bd62a9,43c02238890ff03d14de5e473345ac59,delivered,2017-10-25 09:09:33,2017-10-25 09:26:07,2017-10-26 20:51:44,2017-11-09 16:54:51,2017-11-22 00:00:00
c1556665d5eda63ad0a01cb682e2ad6d,31781f419af2c8f79d4be4a88c6fa600,shipped,2018-08-11 17:45:38,2018-08-11 17:55:15,2018-08-13 14:55:00,,2018-08-20 00:00:00
c15582dfe92312e48613b9cb37caf0c8,6ea7da4ec82f5312d79d3b27608478bc,delivered,2017-05-15 18:14:00,2017-05-17 04:05:22,2017-05-18 10:43:34,2017-05-26 07:58:40,2017-06-14 00:00:00
c1559efbfbb38d83f6280b505bd3e0df,750ff04084edf735dbe15e7765795ce9,delivered,2018-07-11 18:36:13,2018-07-11 18:50:14,2018-07-12 15:21:00,2018-07-13 23:21:22,2018-07-23 00:00:00
c155ef1f20c6a210e6ba29644b4d578c,d68a4ad2e0e1b831588c397095a3ac27,delivered,2017-05-06 18:49:21,2017-05-06 19:05:09,2017-05-10 06:57:57,2017-05-15 09:54:41,2017-06-05 00:00:00
c1965eaf39451fdf97e27cb13e5f401e,6c2e461dd95bcb99e9d9d0736f4794bd,delivered,2017-11-11 18:45:27,2017-11-11 18:55:28,2017-11-15 01:43:44,2017-11-22 16:13:06,2017-12-13 00:00:00
c1a2ee16a0ebb378f57bdf69fcf45b79,01a61e75bd333a349351fba370520597,delivered,2018-08-19 18:44:47,2018-08-20 13:20:24,2018-08-28 17:10:00,2018-08-29 14:49:06,2018-08-28 00:00:00
c1b770015e27aaf2b475026989d04fe0,86c0159e4a9735e1a0ab95bf4c7958f1,delivered,2017-12-11 11:40:32,2017-12-12 03:56:25,2017-12-18 21:52:53,2017-12-19 12:34:57,2017-12-28 00:00:00
c1b946b2592023776151752222cd31e7,901be22d7ec9526031a2dc156992c306,delivered,2018-04-09 09:15:19,2018-04-09 09:31:05,2018-04-09 19:32:23,2018-04-16 19:22:38,2018-05-03 00:00:00
c1bb3ffb1aeb6afbe42101499bd15708,5331ac2d2ed2def738a9c200cf8ebacb,delivered,2017-11-28 21:31:13,2017-11-30 02:20:22,2017-12-01 20:49:50,2017-12-06 19:12:54,2017-12-18 00:00:00
c1bffb64e9e46207fa132a9a4f4e1307,71ca5688e1e8f466f488a7d948b29511,delivered,2017-03-03 16:39:10,2017-03-03 16:50:17,2017-03-07 08:44:14,2017-03-22 10:19:15,2017-04-03 00:00:00
c1ddb9a2ec3bae0156fed0df64910447,1a32b53faf914452175c5464561e8f85,delivered,2018-03-19 18:21:19,2018-03-21 06:48:03,2018-03-21 18:56:51,2018-03-28 19:44:37,2018-04-13 00:00:00
c1dfbe8a3ce81f3fd38d2d5f50e84be6,cce631765a9e31068af38b7e668fed9f,shipped,2018-03-15 15:00:15,2018-03-16 03:50:40,2018-03-23 15:46:23,,2018-04-10 00:00:00
c1e0ca05590ed1c16d7aaa4c96fdced6,93bb6b87c2f3b43b991f2b37da6f2095,delivered,2018-03-03 10:03:41,2018-03-06 04:20:29,2018-03-06 22:39:01,2018-04-16 15:18:32,2018-03-29 00:00:00
c1efdd2d9175b13e263d77e6ff0803ff,5914948062fa3526833e5f12ad03539d,delivered,2017-10-16 19:57:19,2017-10-17 04:06:55,2017-10-18 22:20:08,2017-10-19 22:17:45,2017-10-26 00:00:00
c1f68a068a1e19a39e7f22734b58cca3,88742c42755e79a923cfbb665fd7b320,delivered,2017-12-27 19:16:10,2017-12-27 19:26:38,2017-12-28 21:21:59,2018-01-05 21:12:09,2018-01-29 00:00:00
c1f9a3a835ab0d3d2975ab179f78ab75,6810c3dc47f641181fcc7f73275c3d19,delivered,2017-09-26 18:53:39,2017-09-26 19:07:10,2017-09-27 20:30:03,2017-10-05 20:18:06,2017-10-23 00:00:00
c20f5cf8451a562b0fc50dd48fc8d68a,a84e0599bc69dd52b14e2fb4a1f3ff9a,delivered,2017-11-18 16:58:38,2017-11-18 17:15:21,2017-11-21 15:52:58,2017-11-22 22:09:19,2017-12-07 00:00:00
c22a588780963010739e299de0a9bf51,b400985b193841a8e9b087168b103e15,delivered,2017-05-18 12:59:40,2017-05-18 13:10:57,2017-05-18 13:29:17,2017-05-31 15:54:52,2017-06-09 00:00:00
c235e3fbe42d171c9177e6664107170d,7bb4c430369ff8912aa785b2c4bfb20f,delivered,2017-07-02 19:13:26,2017-07-02 19:25:13,2017-07-07 12:59:46,2017-07-10 15:26:40,2017-07-17 00:00:00
c23e9a555c327fa1d60893394aae9e9e,e2742ef931c3e60509e74345605c5370,delivered,2018-03-26 17:29:38,2018-03-26 17:47:34,2018-03-27 18:29:45,2018-04-03 22:48:58,2018-05-07 00:00:00
c23fa8593c1bb932ba79051a7e201255,4b770dd96eb1044d71a01036152f40ff,delivered,2018-03-26 21:43:37,2018-03-26 21:55:22,2018-04-19 22:12:48,2018-05-02 21:08:56,2018-04-20 00:00:00
c2411b9c7822d227e3e48018405a0594,464ad1fa19f2a649e39193e5c98b8300,delivered,2018-01-25 23:24:56,2018-01-25 23:35:37,2018-01-26 20:19:09,2018-02-02 21:19:12,2018-02-09 00:00:00
c274216562a0ca3b0f14b7b46b8f7f4e,2f59e6ae8264da17adca44753f354ef9,delivered,2017-12-14 07:11:39,2017-12-15 02:16:05,2017-12-19 18:33:04,2017-12-29 00:19:00,2018-01-19 00:00:00
c2792ecd230f2d8f50741f6b37649fb1,6882c809bf72dedcfb767969eaf59ba6,delivered,2017-04-07 21:39:30,2017-04-11 04:02:06,2017-04-12 10:57:35,2017-04-18 13:04:51,2017-05-02 00:00:00
c28475e383b1ded793fe443af4d1efca,ca1f590191e53132651120a6e83a8de9,delivered,2017-10-05 12:29:35,2017-10-06 12:35:19,2017-10-11 17:40:32,2017-10-24 06:21:27,2017-11-09 00:00:00
c284a43b72cd107402733c5bfe5678bf,e8a7dbfaf5a4bc723367f8d91179a8d5,delivered,2017-08-21 19:21:41,2017-08-21 19:35:22,2017-08-22 18:16:01,2017-08-28 22:49:48,2017-09-11 00:00:00
c28c4378f50e09ee967e830dac65634f,b9142bab03ea7538114d9f90f28bdee9,delivered,2018-08-04 15:40:46,2018-08-04 15:55:13,2018-08-06 16:52:00,2018-08-15 10:46:52,2018-08-24 00:00:00
c29831d189569aeda9a401509412d8ba,36b7c241d7c541245697882622147c28,delivered,2018-04-13 22:40:44,2018-04-13 22:52:38,2018-04-16 23:52:12,2018-04-26 15:42:54,2018-05-11 00:00:00
c29f77479a4983291796c220560a9646,9231bdffb372a445bf9d58a34556be01,delivered,2017-03-06 12:54:55,2017-03-06 13:11:08,2017-03-06 14:54:29,2017-03-16 08:16:00,2017-03-23 00:00:00
c2b170fa201b85b5a2447365d111af05,b09b3e158567acb2d422df42855df6b4,delivered,2018-07-15 15:10:11,2018-07-15 16:10:19,2018-07-26 07:18:00,2018-07-30 18:51:04,2018-08-08 00:00:00
c2b88e285b675e490d60c733f34c3d7f,b7f5ae711454e069867c611d0079b090,delivered,2017-12-04 08:32:07,2017-12-04 09:16:47,2017-12-05 22:22:46,2017-12-21 16:17:16,2017-12-28 00:00:00
c2b98b5cd6c038d9115970d03ecb1f6c,2eb0b6e54092847b7512ce715684c15d,delivered,2017-10-31 22:13:39,2017-10-31 22:25:57,2017-11-01 19:54:57,2017-11-08 20:32:20,2017-11-22 00:00:00
c2d3596a04c210110354bc6e84240658,7e7f2883e880909409b7ce80db935258,delivered,2017-03-02 12:52:43,2017-03-04 02:15:30,2017-03-10 16:48:10,2017-03-16 18:20:07,2017-03-23 00:00:00
c2dae969e4d48f3afc69a5503b48bed1,47bf336b7e7bc23158324a69da765cdc,delivered,2017-12-29 10:41:12,2017-12-29 10:49:54,2018-01-04 22:52:15,2018-01-17 17:53:01,2018-01-29 00:00:00
c2e07c679e4ecc1a5d27c0435e6c8425,dc38adb85ba2eb11bb3cf818834502d2,delivered,2017-12-06 14:37:55,2017-12-06 14:52:16,2017-12-07 19:28:31,2017-12-09 15:17:25,2018-01-02 00:00:00
c2e3ee5ef901092148e19caccfe10ffb,cc220e7ea3acb606f74a9ef371b73dd5,delivered,2018-08-06 20:50:35,2018-08-06 21:05:09,2018-08-07 15:33:00,2018-08-09 22:34:43,2018-08-14 00:00:00
c2ec803408a0dc72513227acaf96ab43,0e34185be0d8a6aa341e0c217960f002,delivered,2018-05-18 10:37:28,2018-05-18 13:31:21,2018-05-21 14:40:00,2018-06-04 17:26:42,2018-06-14 00:00:00
c2ef540e16617cb62d8c9d0bb874a498,db4c18dc639572a181079c0cb47fded4,delivered,2018-06-05 20:32:32,2018-06-05 20:52:23,2018-06-07 10:06:00,2018-06-24 15:03:09,2018-07-18 00:00:00
c2fe713d93a9f489de49d6a79eb7f45c,196052c199e9dd6d68c99780c0a38e77,delivered,2018-04-24 01:39:06,2018-04-24 18:30:30,2018-04-24 22:42:03,2018-05-10 01:03:33,2018-05-16 00:00:00
c3038ab3b07ac682ba60729b1d74b24b,ab8238abc2ffe92f45b9c14b9f7f33f8,delivered,2017-05-07 22:49:19,2017-05-07 23:02:12,2017-05-09 14:19:30,2017-05-22 07:02:49,2017-06-13 00:00:00
c307181fbf88d38d293774ca900cc802,95ae78e4053ce98e9f9aafed4b2ee1df,delivered,2018-04-15 20:21:25,2018-04-15 20:30:47,2018-04-17 15:21:38,2018-04-27 23:37:49,2018-05-14 00:00:00
c3172e32bc52d8dde2aa5c6cb36cddfd,e8ed7572e721227ba8633a723b2562d2,delivered,2018-01-24 21:06:55,2018-01-25 02:38:20,2018-01-26 17:24:42,2018-03-02 01:49:11,2018-02-21 00:00:00
c31e69041b0da7765a4d79c7dd6242ff,ba870e27d887b676ea8ef87bb63e5c3e,delivered,2017-11-24 22:32:37,2017-11-25 01:32:37,2017-12-04 22:38:39,2017-12-15 18:45:05,2017-12-15 00:00:00
c3303e89dcbc08a6ba79213095eca5f0,ecd50c4716898b92a83b18ff630ff265,delivered,2018-01-24 16:52:57,2018-01-25 02:58:15,2018-01-25 16:35:49,2018-02-02 14:32:43,2018-02-26 00:00:00
c339883c001902289c0283631cfa22f2,bd0d433f7eb2b8383f25d2777d8e4241,delivered,2017-07-29 17:06:06,2017-07-29 17:23:16,2017-07-31 17:59:52,2017-08-09 19:37:33,2017-08-22 00:00:00
c33a8aa2dd5053d9fc89793f94229ab4,91484f301a554c45af42817457a14e2b,delivered,2017-03-30 12:16:30,2017-03-31 02:10:27,2017-03-31 18:12:21,2017-04-03 08:27:02,2017-04-19 00:00:00
c36b97b242c0409d5f536b647b56256e,0b7d82e753f361401ca599732423ae82,delivered,2018-02-20 18:09:22,2018-02-20 18:25:33,2018-02-21 19:49:04,2018-03-17 10:44:29,2018-03-16 00:00:00
c37d7909bc3c1037311795c9056acfc6,7f32b15eb2186290931b86a68f04807f,delivered,2018-05-22 13:06:25,2018-05-22 13:35:57,2018-05-22 15:27:00,2018-06-01 21:54:37,2018-06-11 00:00:00
c38e0a7ecb6d609cc307eb449dbdc4de,359e378dbc46732027e95ff1a5d88bd7,delivered,2018-08-10 11:05:48,2018-08-10 11:24:57,2018-08-13 15:51:00,2018-08-20 18:26:46,2018-08-23 00:00:00
c3c86ecc0f7508ffce2a4662f49d9d8b,76f4fa4aa87fa89b2ef1e17b86b425f9,delivered,2018-05-14 12:42:52,2018-05-14 12:55:25,2018-05-14 12:25:00,2018-05-18 14:12:20,2018-06-01 00:00:00
c3df9abd148ceaa39d9911b77b041810,0253cea0ff18bf585307f88ea4fbd5ab,delivered,2017-11-09 12:07:54,2017-11-10 03:26:53,2017-11-14 23:03:28,2017-11-22 20:03:18,2017-11-29 00:00:00
c3e4094adfa71210e702f8e3f90b5569,befb9c2cbe0ffcea1a14e6be4f71cc9c,delivered,2017-12-12 19:45:01,2017-12-12 19:55:26,2017-12-22 23:39:02,2018-01-03 16:19:40,2018-01-09 00:00:00
c3f76f14ce3587ab9df86c8caaac928c,f96e15f676d7314516ac863a42da8b4f,delivered,2018-05-30 13:49:32,2018-05-30 14:16:44,2018-06-01 09:05:00,2018-06-04 23:48:35,2018-06-18 00:00:00
c40e13850994649006f28cc890cc4c64,5b06b28c398ba7340ae864aa8e9a3c00,delivered,2018-08-18 14:50:45,2018-08-18 15:09:58,2018-08-20 09:36:00,2018-08-24 23:22:33,2018-09-17 00:00:00
c442abd5622d3602e7e1951edacfd007,48de0ee37af96ec27bed6414c071d5fa,delivered,2017-11-24 19:05:35,2017-11-24 22:33:17,2017-11-28 21:43:01,2017-11-29 18:10:00,2017-12-11 00:00:00
c45408df26d1ce2b64518a9a9d65fd04,c352445d447e16c25ee542299b98642d,delivered,2018-08-16 17:11:46,2018-08-16 17:29:05,2018-08-16 16:13:00,2018-08-22 14:33:43,2018-09-05 00:00:00
c464355f722adad51476d92a1182d3f8,d789d104ff47289042198c1a44f94441,delivered,2018-06-27 18:26:22,2018-06-27 18:35:13,2018-06-28 06:04:00,2018-06-29 17:03:24,2018-07-16 00:00:00
c4b2b908aab6585b6a3147ac72952242,bc5c044b9f2533d8a03d44d518ce8fdd,delivered,2018-08-16 12:01:10,2018-08-17 03:10:18,2018-08-17 15:02:00,2018-08-27 20:37:33,2018-08-22 00:00:00
c4b9744b03d4c89b98b6847ef0b04321,31c2345fa645f9d5850497c8eb4491aa,delivered,2018-05-09 09:24:42,2018-05-09 09:35:27,2018-05-09 13:41:00,2018-05-14 22:04:51,2018-06-07 00:00:00
c4bd023ec3c8f99bdc3a817584217988,5e2bff98772b674b3afcbcac6efe0f76,delivered,2018-08-02 14:18:50,2018-08-02 15:00:06,2018-08-03 14:53:00,2018-08-06 20:29:23,2018-08-07 00:00:00
c4c9066b8b703b82bbaa0561244e0e0f,b59a3e6478e9da13a3ca328e9faa96d1,delivered,2018-03-01 17:44:41,2018-03-01 17:55:35,2018-03-03 00:04:36,2018-03-27 15:08:44,2018-03-28 00:00:00
c4cac393cb3ff78fe2823fc2222d1f04,78d427634ec98904f8cace487db29329,delivered,2017-10-20 15:17:16,2017-10-20 15:35:17,2017-10-23 19:42:51,2017-11-10 21:47:53,2017-11-22 00:00:00
c4ee04fd6b5632ac5b0b3c6834a9f3cd,15240b74823a3c800622437091896fef,delivered,2018-06-27 07:17:23,2018-06-28 07:15:09,2018-06-29 14:47:00,2018-07-10 15:58:36,2018-07-16 00:00:00
c5009ef153ccebb4f2dfd12660198737,576559b61237a8086828a22482251079,delivered,2018-05-22 12:46:12,2018-05-23 02:15:28,2018-05-23 09:50:00,2018-06-01 18:02:25,2018-06-06 00:00:00
c505a1999c5ad6aacc8339242d824073,11c48762b75875d8949294883c00d14c,delivered,2017-03-25 21:22:15,2017-03-25 21:35:20,2017-03-31 13:57:00,2017-04-21 10:08:23,2017-04-18 00:00:00
c516d2f709c6364f4972d91c96569568,921722b60f0a185999aa5d72adaf09dc,delivered,2018-07-25 20:47:33,2018-07-27 02:05:20,2018-07-31 15:17:00,2018-08-08 15:03:45,2018-08-17 00:00:00
c51ed3d77baf76974358a156521bbd16,bcc8786f4ffaaa491f2df9a1a089051a,delivered,2018-05-04 12:28:34,2018-05-04 12:51:56,2018-05-04 19:02:00,2018-05-07 18:44:28,2018-05-14 00:00:00
c52b847a710480721b6c4def72048468,8345586f08b3fede926a66b367857e3e,delivered,2017-12-13 19:56:25,2017-12-13 20:08:21,2017-12-15 12:27:56,2017-12-17 18:55:56,2018-01-02 00:00:00
c535905a60628bab8a2b2a69375180ed,14306fe307e348f15f633d6ff1670e18,delivered,2018-05-21 14:49:13,2018-05-21 16:15:14,2018-05-23 13:32:00,2018-06-06 16:28:24,2018-06-07 00:00:00
c5419fa3198a4e2caeb715ce9fe9a6e2,d730db8b32b8f68be3ee938849d332dc,delivered,2017-03-13 12:58:57,2017-03-13 12:58:57,2017-03-14 10:59:09,2017-03-21 13:14:16,2017-04-03 00:00:00
c55bbd7d615f5734a0ac469376ff0778,3ec61cf8cb2308eb5657b57cb3dd20a9,delivered,2017-06-14 15:11:20,2017-06-14 15:23:06,2017-06-16 09:32:04,2017-06-22 10:47:36,2017-07-05 00:00:00
c5625e0deb904fd1ae3c6c4a3a4a55d5,264bb2e28d33a8ab98b8c8e1907d7754,delivered,2018-07-26 14:11:55,2018-07-27 02:05:11,2018-07-30 13:20:00,2018-07-31 17:18:42,2018-08-13 00:00:00
c56ae3a36b8942fb185a2c02c46fba20,762de17a4530e0d81d11141138505c4a,delivered,2017-05-11 22:09:26,2017-05-11 22:22:35,2017-05-15 11:42:05,2017-05-19 11:21:20,2017-06-08 00:00:00
c578990a35c5b8748fcd389179d04326,0d65ae359b1b72bba4ae28fb255acf75,delivered,2018-04-09 08:58:25,2018-04-09 09:09:56,2018-04-13 22:02:34,2018-04-25 19:33:22,2018-05-04 00:00:00
c57d4208bbf0984e623a7f5dc58b99ef,196eb7a5f5948157db8803bf9a4ea2bb,delivered,2018-04-18 13:40:18,2018-04-18 14:35:13,2018-04-20 00:41:37,2018-04-21 01:22:03,2018-05-07 00:00:00
c583b6157fc73464387efe2ff82ee1a4,cff98faaf25e1b86a439bf5556e6cae9,delivered,2018-08-20 21:07:24,2018-08-20 21:30:01,2018-08-21 07:09:00,2018-08-28 23:55:51,2018-10-17 00:00:00
c58f135d215cadb93a6648e61849ad15,4446b2ccb30c1208716a36fb0703a540,delivered,2018-06-27 12:42:33,2018-06-27 12:55:23,2018-06-28 07:57:00,2018-07-02 20:02:44,2018-07-20 00:00:00
c5989f8c23c011b7b23df896a51fa92d,d69049b6e88258a24347911b615f141d,delivered,2018-06-28 20:58:55,2018-06-28 22:01:13,2018-06-29 12:07:00,2018-07-13 00:08:42,2018-07-25 00:00:00
c5a04e8b14a30499f45857da5edfea7e,c0a6f7b24c9ba50d36786a33ca6a7ffd,processing,2017-05-15 20:39:40,2017-05-15 20:55:16,,,2017-06-02 00:00:00
c5a06d75e7ddf0ed779053a64ee08c7e,6f184d7d532e2a9a95836af25a732594,delivered,2018-01-14 14:17:03,2018-01-15 11:09:38,2018-01-30 20:32:02,2018-03-03 15:38:52,2018-02-26 00:00:00
c5a468ae781ffb0ec6d36ae89fe512b0,ed7ef682569428c1afaf73b39a2f602b,canceled,2017-01-13 11:06:56,,,,2017-02-13 00:00:00
c5bdd8ef3c0ec420232e668302179113,5af78bf1a82a2660d1e3fd78c645f58f,delivered,2018-04-27 12:37:10,2018-04-28 02:55:22,2018-04-30 15:38:00,2018-05-05 16:22:05,2018-05-23 00:00:00
c5bed3a385f406c503841fed148952b9,a900fa42453c67e0168cebea8f69ff33,delivered,2018-06-20 15:46:05,2018-06-21 03:38:45,2018-06-21 12:58:00,2018-06-28 16:18:22,2018-07-19 00:00:00
c5c6c23c10d2df268fd5cd8c107ba622,d3d2e5315be00995805d910be5eac7a0,delivered,2017-10-23 18:36:01,2017-10-25 02:14:12,2017-10-25 19:35:17,2017-10-31 19:28:55,2017-11-10 00:00:00
c5d41b216e4b42500c5da2be17a74065,9fbabbe4238be3f2033ededc2d212b6d,delivered,2018-05-21 21:42:42,2018-05-23 12:54:35,2018-05-24 14:22:00,2018-05-28 16:41:56,2018-06-11 00:00:00
c5e0223ff36f3c5128010ee14e7ee6d1,7efb46efa7e2eb3b59708f337033e05e,delivered,2018-04-01 12:58:20,2018-04-01 13:47:30,2018-04-03 20:41:56,2018-04-04 22:12:27,2018-04-17 00:00:00
c5ed4f8b9ee1ac3e8f7711fbe0df3541,a09cad700e500bad87750b957538d348,delivered,2017-08-01 18:35:02,2017-08-01 18:50:20,2017-08-03 15:25:17,2017-08-04 21:47:06,2017-08-14 00:00:00
c5f424c38dfa71a2340c9a98e4d6f48d,439ffed37d33decb0333fa07d362bad5,delivered,2017-08-21 21:34:39,2017-08-21 21:45:42,2017-08-22 16:04:07,2017-09-06 18:17:43,2017-09-21 00:00:00
c60a42174ebe36481da792fbb7da904f,22b3e24d43b6f9a27af8c5f1b17f9e04,delivered,2017-04-19 23:39:20,2017-04-19 23:51:17,2017-04-24 18:18:10,2017-04-28 11:42:55,2017-05-12 00:00:00
c60bade0a2a45f8db2535ad71baf5089,9f7c3d69ad55472f4f6957b41f0800b1,delivered,2017-04-20 17:15:47,2017-04-20 17:30:13,2017-04-26 06:14:59,2017-05-09 13:48:16,2017-05-19 00:00:00
c60c1ff560443153d7f50771e5fe9b92,a2dec8f3303859110de7fa39ea593b45,delivered,2018-02-22 17:53:15,2018-02-24 02:50:34,2018-03-02 00:59:00,2018-05-11 16:45:21,2018-03-15 00:00:00
c61956e742b7b9e644a1f4ed0f6f941d,f2f5754aa54743f8b50ad65876ebffc7,delivered,2017-06-05 16:53:50,2017-06-05 17:05:12,2017-06-06 11:52:55,2017-06-09 12:18:29,2017-06-29 00:00:00
c62b6637a1c509d71c093e1e950c2ece,1d291010b33949bf8c1d8b1338d15daa,delivered,2017-10-02 18:14:44,2017-10-02 18:28:18,2017-10-04 16:09:18,2017-10-09 22:22:12,2017-10-24 00:00:00
c6375a52330f2050e91fdca954b2e817,91e4bbdd2efe36c6411589f946d91883,delivered,2017-05-07 19:31:24,2017-05-07 19:42:12,2017-05-09 15:24:56,2017-05-16 10:43:29,2017-06-09 00:00:00
c645c38b97d82c6a042adcf18df3daf3,f04a4d84ba2597da24b254fa733ebd80,delivered,2017-11-24 11:39:24,2017-11-24 13:33:46,2017-11-29 23:03:37,2017-12-06 00:16:42,2017-12-18 00:00:00
c6697f0b5a341cb2e357e996c100664a,dea8d18a25a01a5e5662e64b4a9be87c,shipped,2017-12-01 11:09:24,2017-12-02 02:39:22,2017-12-08 23:56:56,,2017-12-28 00:00:00
c6772701a7cff60ffa313b5854c7d503,e52b71f689001defd2ddf659c41e7324,delivered,2018-08-08 13:44:54,2018-08-08 14:04:56,2018-08-10 19:12:00,2018-08-13 15:32:40,2018-08-16 00:00:00
c6945bf7e920d9832c4e4402e57baabf,712b52e705d92710be1e8fd8f1400c86,delivered,2018-05-01 16:32:48,2018-05-01 16:55:32,2018-05-02 13:19:00,2018-05-08 19:48:48,2018-05-25 00:00:00
c69e067f9b64eea56517834d123baf0e,ba5bcfbc3a5e2dfa78d63431c45c9f27,delivered,2018-02-22 17:35:01,2018-02-22 17:55:25,2018-02-27 17:20:01,2018-03-07 22:28:30,2018-03-16 00:00:00
c6a2bdf8fa25475ae4031f5138c716fc,8d2c23936bd043095fced5ced7fc3bc6,delivered,2018-08-14 17:09:50,2018-08-14 17:25:22,2018-08-16 12:15:00,2018-08-17 16:50:33,2018-08-24 00:00:00
c6a79749006273a0aa6567ddfd275527,0fd1c951a39c742d65f743041bb9604f,delivered,2017-11-25 19:55:32,2017-11-28 03:39:38,2017-11-29 18:08:57,2017-12-11 21:57:06,2017-12-22 00:00:00
c6b91873827689f33c1a45cd4bccd049,d21a68ee5ebdcbfb2ce1b22736e29f28,delivered,2018-07-16 20:35:18,2018-07-18 02:41:47,2018-07-18 16:57:00,2018-07-26 19:18:51,2018-07-24 00:00:00
c6be81e3c1e9e15e5893e19d7ce49647,57de18af3ee9319c436bc09bfb515b5d,delivered,2017-01-26 20:15:14,2017-01-27 10:45:37,2017-01-30 17:25:25,2017-02-02 12:54:48,2017-02-22 00:00:00
c6bf66e37e4bdab5ad532291c72a1d71,0a0700ae1606e3682281763fc7f1b50a,delivered,2017-06-25 21:03:37,2017-06-25 21:15:23,2017-06-26 17:05:54,2017-07-03 15:13:30,2017-07-18 00:00:00
c6d53b50b9624bf6575b96607dd5b109,a602f08085718b73d296d7af2a7e5916,delivered,2018-05-20 23:30:39,2018-05-20 23:50:20,2018-05-22 12:26:00,2018-06-18 20:46:56,2018-06-06 00:00:00
c6f02030f6bc633b8073c50178eb2833,28eaee40e9840e3442fb15d7c3655af3,delivered,2018-06-26 12:15:07,2018-06-26 12:36:21,2018-06-27 07:59:00,2018-07-04 19:25:41,2018-07-25 00:00:00
c704edad3eab2ddaaabdf3fc283d9b67,53df7fa71da6b6d159166381b1995d75,delivered,2018-08-13 08:33:31,2018-08-13 09:04:27,2018-08-13 15:10:00,2018-08-16 20:48:39,2018-08-28 00:00:00
c70cb30c4935057ce1fe28f7f1226507,709a792eb53d3045dc9dadb19fa403a5,delivered,2018-01-04 13:52:26,2018-01-04 14:01:27,2018-01-04 23:06:59,2018-01-22 19:33:15,2018-02-02 00:00:00
c711d7f26c4563f427379e7ed3bfdc51,1adf1bdaabeefd1a481a848c62b455af,delivered,2018-03-17 11:07:24,2018-03-17 11:28:43,2018-03-24 15:57:30,2018-05-11 21:34:22,2018-04-18 00:00:00
c724a4299403a06db6a91f12801f845a,1545bded706d3f0871eaf9d677090e7d,delivered,2017-12-05 17:10:46,2017-12-05 17:31:10,2017-12-07 00:38:50,2017-12-19 01:38:46,2018-01-04 00:00:00
c72727d29cde4cf870d569bf65edabfd,964253ff0e4e08180064764a450e521f,delivered,2017-02-07 18:01:15,2017-02-09 02:50:07,2017-02-10 05:32:55,2017-02-14 14:27:45,2017-07-04 00:00:00
c7550d69fe9004d827208e1e40a32bb0,6b721e99c84ff5d73347383eee0dbafe,delivered,2018-04-27 16:14:55,2018-04-27 16:32:42,2018-04-30 12:10:00,2018-05-15 15:42:27,2018-05-22 00:00:00
c75860f1d422b9efcb29383df98932f7,b5056e827ed921c589618aa20ee0cab7,delivered,2018-05-03 08:50:03,2018-05-04 04:11:36,2018-05-04 14:25:00,2018-05-14 23:32:07,2018-05-30 00:00:00
c76d2d304f60e2fd258910e47c8dc5f8,9fa6f4d5caad5fb2dd00719fd4dfd2a1,delivered,2018-05-12 20:52:12,2018-05-12 21:16:02,2018-05-15 11:19:00,2018-05-23 23:36:44,2018-06-06 00:00:00
c782094350460d47f0f37a41f40858ec,b9a91e72d167059b83f3a601e0437ce7,delivered,2018-04-13 01:18:30,2018-04-14 02:31:45,2018-04-20 19:28:27,2018-04-25 17:26:46,2018-05-16 00:00:00
c78b46b9e5371e47b97a2bb7eb4740a3,c4661023cc14f8b203bb388f6d486f3e,delivered,2017-12-24 17:14:46,2017-12-24 17:29:00,2017-12-26 22:17:00,2018-01-04 00:42:28,2018-01-15 00:00:00
c7b50349c671aee4a4e97aff1c8188c5,cee15e4c71628cb79e97aa9dd14b10c6,delivered,2018-08-21 19:59:01,2018-08-21 20:40:05,2018-08-22 13:36:00,2018-08-23 20:02:18,2018-08-31 00:00:00
c7ba0cafd5334b18b4103846dfd723d4,ab75fc05e770d670b6b3224e762e9bc0,delivered,2018-04-03 15:32:46,2018-04-05 02:15:13,2018-04-19 00:31:58,2018-05-02 17:13:44,2018-04-27 00:00:00
c7c3e79f06b8145a28173b23f581f84f,c0dc718fcba0e8a75e539cab62e5e979,delivered,2018-07-17 21:31:20,2018-07-17 22:35:22,2018-07-18 12:21:00,2018-07-24 15:18:33,2018-08-17 00:00:00
c7c5b66918c24322e797d5dc87caebd1,b38059924e5df6a030a519b2f50cc15a,delivered,2017-08-02 19:21:57,2017-08-02 19:35:14,2017-08-08 18:28:13,2017-08-09 16:47:00,2017-08-25 00:00:00
c7c6ca7db4f3b52d2fd70aeeb13d8e69,f814518d7099e9edf3060a9aa22c43c9,delivered,2018-04-05 14:55:22,2018-04-05 15:09:59,2018-04-10 00:32:23,2018-06-07 17:37:24,2018-05-11 00:00:00
c7cd3c19aef809218b54579be10b4209,7d79f5b2624829ec42de13f0f661ac04,delivered,2017-07-08 19:14:46,2017-07-09 19:25:11,2017-07-10 15:57:25,2017-07-25 19:07:52,2017-08-11 00:00:00
c7e64bed5496438226ce2932abd058e9,c2a4ba1f57f47ca977e26c78a486e671,delivered,2017-04-12 23:58:28,2017-04-13 23:50:14,2017-04-24 15:53:16,2017-05-12 05:52:41,2017-05-19 00:00:00
c7fbc344dbbad59f3446f56555ed649b,dc79558cae15ae6f35522df09006b76f,delivered,2018-05-07 15:39:08,2018-05-07 17:29:37,2018-05-08 12:25:00,2018-05-11 19:23:30,2018-05-21 00:00:00
c80bee063ac8e261dbf244fa3f710329,62ca610dbe5613c3e87ebf91eddf632f,delivered,2018-03-09 11:50:45,2018-03-09 12:48:46,2018-03-09 23:03:43,2018-03-23 20:37:30,2018-04-09 00:00:00
c85ea30e9a24abecb353caa26294c81c,f6b48a3dd3d76b9f3a58d8e108df430b,delivered,2017-04-26 08:19:14,2017-04-27 13:36:17,2017-04-26 14:52:01,2017-05-08 16:07:01,2017-05-23 00:00:00
c879afbc0d85767d560c8ba52481a01d,e028afd98183a3e4c189bc75e65d1b22,delivered,2018-06-01 14:06:14,2018-06-01 14:15:24,2018-06-04 18:11:00,2018-06-11 15:28:43,2018-07-04 00:00:00
c87aeaf4ab89100adcaee5b3123408fe,e234a6c8da98ead2209ef309a41a7820,delivered,2017-10-18 11:18:36,2017-10-18 11:35:26,2017-10-18 17:03:01,2017-10-24 22:21:39,2017-11-06 00:00:00
c87d7a80e2ec732b00980f3ea7961603,0798dfe8bcdfc6b4a6e0c4b44300b5ca,delivered,2017-12-16 20:06:59,2017-12-19 11:16:27,2017-12-20 13:42:03,2018-01-03 20:29:00,2018-01-16 00:00:00
c87d92d5c64c70c79d7cadac8d53ee3a,6f059b74889de64d5460dd3165feb0a0,delivered,2018-08-22 16:20:30,2018-08-24 03:25:20,2018-08-24 16:24:00,2018-08-27 17:50:42,2018-09-06 00:00:00
c8bac0f86737c4d00dd169cec03acf71,b52e38ce5f71c622ea7c45311c970914,delivered,2017-11-12 10:24:54,2017-11-12 10:46:27,2017-11-13 13:58:31,2017-11-20 19:53:00,2017-12-01 00:00:00
c8be1a5ee02f0d4bfb401c7194b607e7,e1eb245dd677f80c7f2248aec3aa6bfe,delivered,2018-02-20 12:30:30,2018-02-20 12:45:25,2018-02-21 22:08:09,2018-02-25 15:51:57,2018-03-12 00:00:00
c8c288995f09b4167f89687f7535c75a,ec7067023c9bf1a4a44aea980e45bb21,delivered,2018-01-28 21:22:11,2018-01-30 05:31:33,2018-02-05 09:45:38,2018-02-14 17:35:43,2018-02-22 00:00:00
c8cf9cd92734a5803265426a94989d0f,fd5df5d31bb44f4ffed6fe856c29802d,delivered,2018-06-26 14:05:44,2018-06-26 14:33:58,2018-06-27 10:17:00,2018-07-04 16:08:52,2018-07-31 00:00:00
c8dfa9b022c03c9dbfe5e0fc504243e7,edeaa50f1c807316f652bda93c4d5f89,delivered,2017-12-21 07:51:04,2017-12-21 07:58:25,2017-12-21 22:12:24,2018-01-03 18:37:09,2018-01-29 00:00:00
c8f21ae0d8ea0dc3d6cbd9ef66d4981f,b2aac5b10e65f29a30674421c6a53517,delivered,2017-05-02 10:51:29,2017-05-02 11:03:05,2017-05-04 07:35:54,2017-05-11 11:34:50,2017-05-31 00:00:00
c8ff0e33e2f8df953767f28065a3a6e0,5ff80d15decad784ce17e900e5538412,delivered,2018-06-07 22:02:48,2018-06-07 22:16:20,2018-06-11 12:02:00,2018-06-23 15:15:36,2018-07-25 00:00:00
c91097d5f017e8117c4930db4bc51c66,48f8c4f0545adf1581cc6c077b7b88f3,delivered,2018-04-23 21:32:42,2018-04-24 18:30:13,2018-04-24 20:08:42,2018-06-07 09:16:37,2018-05-24 00:00:00
c911e05e122d374b5c4e8af53751f999,44a822695079e8aceca4e0c1a7725cca,delivered,2018-06-03 23:16:30,2018-06-03 23:30:02,2018-06-04 11:25:00,2018-06-16 11:32:04,2018-07-18 00:00:00
c93b7187ba63d7094c9ca0ad7c094f0c,ed23404f53a6f7754c6d8e51539eff7f,delivered,2018-02-24 09:31:44,2018-02-27 03:31:09,2018-02-28 18:26:04,2018-03-07 16:30:46,2018-03-23 00:00:00
c93ff60dbb02e26f340bbca4b680435a,be5d03aa240b103b91caa3e34ad71b27,delivered,2018-07-06 20:53:55,2018-07-06 21:11:29,2018-07-13 13:38:00,2018-07-25 16:02:44,2018-08-06 00:00:00
c942c43e79ea8433aaa067e3c8f0fb75,3f3c653d87141f50a30e6818c98baf67,delivered,2018-03-15 09:59:00,2018-03-15 10:10:26,2018-03-20 12:57:32,2018-04-06 18:27:29,2018-04-13 00:00:00
c96bee3fe3caeb224420da7bc815b0fe,7d4c5b3d468dc1b5f54f9926cc5a172d,delivered,2018-07-19 07:38:53,2018-07-20 04:55:27,2018-08-06 17:01:00,2018-08-10 23:06:47,2018-09-03 00:00:00
c97e64988f3d2b091838bb2815fc246b,5e51f41c2c9cc612e4d63c9fd18b28c6,delivered,2018-08-02 18:23:51,2018-08-02 19:30:40,2018-08-03 11:13:00,2018-08-06 15:49:20,2018-08-10 00:00:00
c981128521975354988b8e88309a898d,9cf2a42feb9dfd6fa2f0fccf54fbc20b,delivered,2018-08-05 18:06:10,2018-08-05 18:40:07,2018-08-06 19:19:00,2018-08-09 00:10:53,2018-10-01 00:00:00
c99ca23474e04e001665cd9439b59dca,03e6182153ba8bbdff8a0236ee161c8f,delivered,2017-10-23 09:54:52,2017-10-24 10:05:59,2017-10-27 18:47:43,2017-11-07 18:09:13,2017-11-14 00:00:00
c9a88d4905eaf518dd4a6fb776134990,93519b83250d51338f8f21f11a4ecb7b,delivered,2017-12-01 09:49:08,2017-12-05 04:17:28,2017-12-07 00:48:57,2017-12-11 22:32:26,2017-12-19 00:00:00
c9b08bd33d449366d3b89454a3071b98,10b70116f12d6f64f25e04e219a8036d,delivered,2018-08-09 14:33:30,2018-08-09 15:05:17,2018-08-13 16:37:00,2018-08-15 19:36:37,2018-08-24 00:00:00
c9b4d99b4e9c827fbf0a40d2aec43d89,ec5b5d7069348dd3284fbeaefc8aa2e4,delivered,2017-07-28 18:32:58,2017-07-28 18:45:18,2017-07-31 20:32:25,2017-08-03 19:23:50,2017-08-21 00:00:00
c9bfc156368eb14aae98ebff0ee377da,ec8456833b489a30a289b163c2b296c7,delivered,2018-05-20 19:05:48,2018-05-22 08:16:14,2018-05-24 07:06:00,2018-06-05 19:38:47,2018-06-08 00:00:00
c9cb31bb489f9ed567f42b13d15d8d28,d6f526d5e848625b6044aeada9bef7f9,delivered,2017-05-21 20:10:48,2017-05-21 20:25:15,2017-05-22 14:28:05,2017-05-31 16:32:52,2017-06-26 00:00:00
c9e77b39e9de73578b21ef93a26f3905,3bed1ed2de380c0df26c6566a00693a9,delivered,2017-08-21 14:38:38,2017-08-21 14:50:15,2017-08-22 18:28:16,2017-09-01 22:41:10,2017-09-25 00:00:00
c9e893d2e32f6ca9988b30669eb71e5a,f56957527a53eaf4a716376e9fcbed7c,unavailable,2017-02-06 12:02:23,2017-02-06 12:10:26,,,2017-03-13 00:00:00
c9f987ae7f8399dffe6db135d4cf9289,9a95ff617d46b0853a2a9ab549a3f3d6,delivered,2018-01-23 11:59:35,2018-01-23 12:18:01,2018-01-29 13:45:04,2018-02-07 00:07:16,2018-02-19 00:00:00
c9facf1957d4cfd6bf178b54fff813f5,cd3f821b92920ff95ceb7da103502eec,delivered,2017-06-20 14:38:38,2017-06-20 14:50:13,2017-06-22 13:45:30,2017-07-04 14:39:53,2017-07-10 00:00:00
ca207209c40b29d76714f77acf8189e5,a52669bf222edd65ed762c1411d70f9f,delivered,2018-08-19 12:03:34,2018-08-20 11:32:06,2018-08-20 14:20:00,2018-08-27 20:49:41,2018-08-29 00:00:00
ca4ced509eae117b7d3823b4ce2467dd,9e0628923d9fe029c079eb11ae72d241,delivered,2018-08-04 14:57:00,2018-08-07 04:15:26,2018-08-10 13:29:00,2018-08-15 22:18:37,2018-08-23 00:00:00
ca568c428649f0aaaf41519c7010f093,83311320eccb56aef770194034cd359b,delivered,2018-08-18 15:28:51,2018-08-18 15:49:20,2018-08-21 10:32:00,2018-08-30 11:03:03,2018-09-05 00:00:00
ca61d72c0b9e1072b94af79bac8ff610,5787c53dfb820eda3595a3fc7162f5e8,delivered,2018-03-27 14:11:00,2018-03-27 14:28:56,2018-03-29 00:36:49,2018-04-10 21:27:28,2018-04-18 00:00:00
ca65e3c6e57d9268c00fd2a65cbd14d0,3ba2431d39a1755e6f02841aec4c098f,delivered,2017-06-06 15:53:22,2017-06-06 16:02:49,2017-06-07 15:12:59,2017-06-08 12:05:56,2017-06-20 00:00:00
ca674a7cd949c98c9e02bc4c5922836d,5a6ae5b68fd27c687c4fe130b679691b,delivered,2017-02-09 20:19:47,2017-02-09 20:30:17,2017-02-21 11:40:42,2017-03-03 15:52:06,2017-03-10 00:00:00
ca67ed4e41d10ddfede1632c9ccc1c8b,5d08033bbe18873d442b007496ec9774,delivered,2017-10-09 14:50:46,2017-10-09 15:14:27,2017-10-16 19:45:45,2017-10-26 17:12:57,2017-10-26 00:00:00
ca757dbebcac3d3bbaa4eb7ea0f699c8,4e7d863b21180fc23a9185972ef8a1a2,delivered,2018-06-07 19:29:37,2018-06-07 19:55:29,2018-06-08 15:05:00,2018-06-15 22:58:49,2018-07-16 00:00:00
ca823578aa819296a9581dee40fefb60,ace5f5494b09c4e9fd05d1239820cb98,delivered,2017-05-17 09:46:30,2017-05-17 09:55:19,2017-05-17 16:00:18,2017-05-22 11:49:33,2017-06-08 00:00:00
caa18d06d1387d719412906fd4cb2063,861f08d323559a297fdde819d7e702bd,delivered,2018-06-22 15:17:37,2018-06-22 15:38:34,2018-06-25 14:17:00,2018-06-30 13:14:51,2018-07-16 00:00:00
caa6045d366628b2fe9115e7e99bd399,48b49f082affdb9609558fa72a44f38d,delivered,2017-12-07 15:06:16,2017-12-07 15:43:11,2017-12-14 14:33:14,2017-12-27 16:07:45,2018-01-02 00:00:00
caae7bbaec61968f200bdb5a27df0d4b,c02893d18058b514d56e400e1f713227,delivered,2017-07-19 17:48:06,2017-07-20 17:55:15,2017-07-21 18:09:55,2017-07-26 18:53:04,2017-08-10 00:00:00
cab82738404ec4bf9389ddd56a7aa784,06656bf78bcb39c3852e16abd900c1f2,delivered,2017-07-31 23:07:50,2017-08-01 00:45:21,2017-08-01 18:19:26,2017-08-02 21:07:37,2017-08-11 00:00:00
cac7e309df39d1f200b8ca086c4ab624,a8a9e48facf3dc7bdd3bb6d63c4efa54,delivered,2017-05-21 13:51:37,2017-05-21 14:05:16,2017-05-25 16:09:30,2017-06-03 08:32:36,2017-06-12 00:00:00
caca64f71d73695719939294fa88c791,b4805fe9c617cfaa509d98d2c365495c,delivered,2018-08-23 21:25:26,2018-08-23 21:44:16,2018-08-29 14:45:00,2018-08-30 22:21:09,2018-08-31 00:00:00
cad42b09c7b0a54df0097a65da14d324,516034d1679bb8a6ea490edb5343c0e4,delivered,2017-05-05 19:06:14,2017-05-05 19:22:20,2017-05-08 11:42:11,2017-05-13 12:12:21,2017-05-30 00:00:00
cad9cc97c8f0878b65c04815fb985252,29358874d3323c0216925b21ceb703ea,delivered,2018-07-26 20:21:07,2018-07-28 02:35:10,2018-07-30 14:16:00,2018-08-17 15:56:57,2018-08-20 00:00:00
cb00f9d32f51bf65823f130e9c146173,2948885b537e10c5528a990dcfd4bd24,delivered,2017-05-10 09:47:59,2017-05-10 10:02:04,2017-05-12 09:25:58,2017-05-23 06:22:08,2017-05-31 00:00:00
cb3fd1d04f967b6c2d2fbb8f50970c8f,3afd74519364069b1d7ef9ddeac50d6b,delivered,2018-08-23 21:46:53,2018-08-23 21:55:17,2018-08-28 13:43:00,2018-08-30 22:26:55,2018-09-06 00:00:00
cb51128a709fc24d52f27aa407697411,8bcc9dd14823b01eb0e4f80d3637a5fc,delivered,2017-04-26 12:03:22,2017-04-26 13:05:31,2017-05-10 16:07:27,2017-05-17 10:17:45,2017-05-16 00:00:00
cb53f0b6e8f9082a9f5a113765dd1236,035c08a68b237ef4afc82109e61a7380,delivered,2018-06-03 22:34:58,2018-06-03 22:50:09,2018-06-04 15:15:00,2018-06-05 21:52:02,2018-06-28 00:00:00
cb599c234fc71be7c137179b6d473a30,23534938f44ad51d0de4bf6a56ca1adf,canceled,2018-01-30 20:13:33,2018-01-30 20:33:18,2018-02-01 19:38:42,,2018-02-22 00:00:00
cb667db7bf699e2940c1ccdc16ef7ec7,6e1eb843e528f1137837efbcd26f3c16,delivered,2017-11-25 22:24:24,2017-11-29 02:18:30,2017-12-20 23:18:08,2018-01-03 22:57:47,2018-01-05 00:00:00
cb6c7e4c5890bba3ee99ad3f97877d9a,4e5b349fbc6fa7c3f6b816de96c75420,delivered,2017-08-28 17:15:24,2017-08-29 17:25:55,2017-09-08 18:31:38,2017-09-11 21:23:07,2017-09-08 00:00:00
cb6dff9394d43eeebcff3c8caea9375a,b5d66b35344730fb340378ad6f4886fe,delivered,2017-06-07 19:44:16,2017-06-07 20:02:05,2017-06-08 15:11:21,2017-06-23 10:25:41,2017-06-30 00:00:00
cb70b6a0c936ad1d4abaf743ee8f36c5,136f6eb7ba9d14871b678a90b36627df,delivered,2018-05-02 01:07:07,2018-05-03 04:52:39,2018-05-04 15:43:00,2018-05-10 18:59:36,2018-05-24 00:00:00
cb71499c074fd6946adf7562f592ac25,a466f770c7ac6f01ace59cd8afff5e19,delivered,2018-04-25 20:43:19,2018-04-25 20:55:36,2018-04-26 13:46:00,2018-05-01 11:44:36,2018-05-14 00:00:00
cb71dc72237d3c654e1ac60c2ea343e2,8ac977b83cae48a1d1216f13b06aaa2c,delivered,2018-06-25 14:45:20,2018-06-25 15:18:22,2018-06-27 06:23:00,2018-06-28 16:35:24,2018-07-05 00:00:00
cb740e05716c376f1e99f0509fad75c7,2f61a220c13f883b836164d7938f78f3,delivered,2018-05-31 17:29:44,2018-05-31 17:50:33,2018-06-05 07:22:00,2018-06-25 16:48:33,2018-07-18 00:00:00
cb896c46d38595d3eef1b8aacc192997,36aecba54dfabb1b1ded76d471555414,delivered,2018-02-21 09:58:02,2018-02-21 12:05:36,2018-02-21 22:22:35,2018-03-06 01:17:43,2018-03-21 00:00:00
cb9f1593718b376b364bf688ce11d3b6,a0786c581c57c96420d8dffd0cc5f4c6,delivered,2018-03-02 11:28:57,2018-03-02 11:50:45,2018-03-08 16:29:48,2018-03-20 14:57:37,2018-03-23 00:00:00
cba1b88e10f4504583b2b9750ac67e03,ad35def6d6e9fb6f4c678377fbf8843c,delivered,2018-01-15 12:20:42,2018-01-15 12:28:19,2018-01-19 20:14:50,2018-01-20 16:23:10,2018-01-30 00:00:00
cbd72cbf159870fc637be9db5374ab3d,d89203a69ce1ed72a446a483f9d49991,delivered,2017-05-19 09:41:21,2017-05-20 09:35:10,2017-05-22 08:54:17,2017-05-25 14:23:22,2017-06-05 00:00:00
cbdf436a9a9c8213157a125b91ef27b9,67b9fe15483a807b6a35c1a934631655,delivered,2017-09-21 18:02:06,2017-09-23 02:25:35,2017-09-25 18:55:44,2017-09-26 18:42:11,2017-10-13 00:00:00
cc008d324278200689ee451a547b97c3,35c8b0889f907434cf3cc776569ba7e2,delivered,2017-02-01 12:34:54,2017-02-01 12:54:06,2017-02-06 08:37:51,2017-02-08 15:45:29,2017-03-08 00:00:00
cc0c05a1ab5fad72c351bd0ca1b10fc8,163268204f062d206d34096330db60f6,delivered,2017-06-29 18:49:58,2017-06-29 19:35:20,2017-07-03 15:16:52,2017-07-04 13:18:04,2017-07-12 00:00:00
cc2bc03e269a96d61ae2718d55e19350,6762de40b1337dcc0b8f076f81b44290,delivered,2018-03-10 13:03:32,2018-03-10 13:15:27,2018-03-13 01:34:28,2018-03-19 19:28:48,2018-03-22 00:00:00
cc39eb27597876b3ad16c246ffcfd8de,6e3adf567210b700ceb44c9c59562751,delivered,2017-10-06 08:42:02,2017-10-06 08:49:14,2017-10-10 18:09:21,2017-10-14 00:22:10,2017-10-30 00:00:00
cc4262265ee51b6f5d446e6218149391,6001397758b75b1ea4f56dd10783a6ea,delivered,2018-07-22 14:34:34,2018-07-23 11:31:47,2018-07-24 15:15:00,2018-07-26 02:06:22,2018-08-14 00:00:00
cc427984e779c3d1dd7e082f39a98fc6,702e844f1c2e77ce0d9cb9211c7c19e4,delivered,2017-10-28 20:52:15,2017-10-28 21:10:17,2017-10-30 19:34:11,2017-11-07 19:26:31,2017-11-22 00:00:00
cc5a9c86cbb61d7baebfde35e243a2a9,e71484466cc8ae37af628b0035621ada,delivered,2017-11-14 20:59:52,2017-11-14 21:15:21,2017-11-17 16:21:38,2017-11-28 01:47:29,2017-12-05 00:00:00
cc5aa8cda6decdb7d61ad7ac55767ec3,2c053a3d38bfbbb1e805253ca0ab12a5,delivered,2017-08-21 13:00:04,2017-08-21 13:15:10,2017-08-22 22:04:02,2017-08-29 22:08:59,2017-09-19 00:00:00
cc6c9b89f70b32d7fe075718e0fc58e7,418e9412b396846b861a8c5cb59ba65b,canceled,2018-01-27 10:52:04,2018-01-29 10:52:24,2018-01-30 19:52:55,,2018-03-02 00:00:00
cc7a01248e3779979631ce8dea5c8292,bafc01a86a63039112af25baf2791982,delivered,2018-02-26 09:47:27,2018-02-27 04:30:58,2018-03-03 15:24:32,2018-04-17 16:03:23,2018-03-20 00:00:00
cc80504e2db2b7b744e2bfe2450c95d3,5a04d48281375e12441c83a2de43fb0a,delivered,2017-03-08 01:51:47,2017-03-08 02:05:08,2017-03-08 16:29:53,2017-03-14 15:07:56,2017-03-29 00:00:00
cc91697062f893c9903a248153c34e8d,553c6d0e5cb98f7510e2b0ae4a1acc25,delivered,2017-10-12 16:48:22,2017-10-13 19:49:13,2017-10-18 19:27:32,2017-11-13 18:55:51,2017-11-16 00:00:00
cc97c71d908caa2c0b5754b35ebaccd8,f93d45c8956eda83cf46d2e0ce19e910,delivered,2017-10-01 01:48:27,2017-10-02 01:56:15,2017-10-03 17:38:02,2017-10-12 14:12:15,2017-11-10 00:00:00
cca5e85092bfd9c1cb6c4d936cd86ecd,49d3feed347ec8f74aebf675a422a21b,delivered,2018-03-16 16:08:08,2018-03-16 16:29:23,2018-03-20 13:42:47,2018-05-05 12:53:58,2018-04-19 00:00:00
ccafe6201982b2369baac3ad28c67188,ad5c926ff77843378ead512cdef2bf85,delivered,2017-06-06 22:27:33,2017-06-06 22:42:35,2017-06-08 06:47:40,2017-06-14 14:12:18,2017-07-25 00:00:00
ccb984d3f0888287bc92e0b18bb9527a,853578575eb2c89677c4d76bde945b5b,delivered,2018-06-29 12:21:05,2018-06-29 12:35:14,2018-07-02 12:42:00,2018-07-05 23:52:16,2018-07-24 00:00:00
ccbd198eb55e22f3b2240d1605961c5f,352289eecb0665692f1020c18c945378,unavailable,2017-07-07 13:24:00,2017-07-07 13:35:14,,,2017-07-31 00:00:00
ccebf8871fd33d082a64082120ce4e80,131be65fea5d4d3e9220e739366fd3ea,delivered,2017-08-04 12:52:51,2017-08-05 06:45:15,2017-08-07 19:49:37,2017-08-23 19:51:39,2017-08-17 00:00:00
ccf9f826a9a2889f396bc19425443c9c,099dd240798668d46c5989ed873226c2,delivered,2018-01-30 18:19:18,2018-01-31 17:30:26,2018-02-01 19:10:34,2018-02-05 19:14:17,2018-02-15 00:00:00
cd076ae3646af3e93e3deb91b8454c6e,04c29bffd4d52318bc9315f4507336fa,delivered,2017-12-15 19:14:22,2017-12-15 19:31:13,2017-12-18 18:37:12,2017-12-29 17:59:15,2018-01-10 00:00:00
cd327d6285b9ec84417e1b5e76bd97ff,df7c2cc62452933478a9b73daf1c71f2,delivered,2017-11-14 08:28:50,2017-11-15 02:55:51,2017-11-16 19:46:03,2017-11-29 22:28:30,2017-12-13 00:00:00
cd3558a10d854487b4f907e9b326a4fc,0004164d20a9e969af783496f3408652,delivered,2017-04-12 08:35:12,2017-04-12 08:50:12,2017-04-12 17:05:42,2017-04-20 16:12:26,2017-05-04 00:00:00
cd408efeda0fdd3fe5f27134bd065001,7183e78211dd520b9a9d1ed9aa888b35,canceled,2018-02-08 22:19:00,2018-02-08 22:30:25,2018-02-09 23:46:35,,2018-02-22 00:00:00
cd44196e80474114b859765d62f12ddf,38a63fe852918021685a1f656a4d5049,delivered,2018-04-15 21:41:23,2018-04-15 21:55:15,2018-04-16 20:07:21,2018-04-23 18:56:22,2018-05-08 00:00:00
cd4949eac210d110de63aa0479dcfba1,7c029959cc691fbe5dba3ce8eee98d14,delivered,2017-04-26 11:48:47,2017-04-26 13:02:56,2017-04-27 08:07:08,2017-05-10 09:03:37,2017-05-17 00:00:00
cd5b7d5b405a2cee7a15972eaa47f1d3,817b60b1eb3a1cffa66753a501a4987f,delivered,2018-05-22 12:22:20,2018-05-22 12:35:17,2018-05-23 14:58:00,2018-05-24 10:49:55,2018-06-06 00:00:00
cd5c1268e844dba45efdf51b22570143,c89afc9845116057d29003edcd515ed4,delivered,2018-04-05 01:32:17,2018-04-05 01:47:31,2018-04-05 22:22:03,2018-04-06 20:44:29,2018-04-18 00:00:00
cd673cc8b988fac75a5cda1e06e4593d,871e8c911fd8a211ed4a4016f9c88cc9,delivered,2018-01-24 19:34:57,2018-01-24 19:57:30,2018-01-26 21:41:42,2018-02-17 14:23:25,2018-02-19 00:00:00
cd6764d145d06aa99b4d3e54afe203b6,358d340407453a509997b8298dc1ef5b,delivered,2018-04-01 02:54:21,2018-04-01 03:27:26,2018-04-02 21:19:24,2018-04-03 23:02:20,2018-04-12 00:00:00
cd6abb02d781babd935ee80555d3972e,cc39c95f4a46addd1f64da1ea88f95fb,delivered,2018-03-02 23:04:39,2018-03-02 23:28:38,2018-03-06 19:49:04,2018-03-09 23:37:25,2018-03-14 00:00:00
cd74303942bee59edc3379f0a6433c62,5949664f01f7a008770bc82d8fcdf363,delivered,2018-04-07 22:09:46,2018-04-09 14:31:02,2018-04-11 02:41:58,2018-04-24 00:21:02,2018-05-07 00:00:00
cd747ef99d8317de4ea4eda3de915865,2c9e52bb3f721f18122e80a7157915c0,delivered,2017-04-09 03:39:55,2017-04-09 03:50:13,2017-04-11 09:02:14,2017-04-18 11:56:34,2017-05-02 00:00:00
cd866ebb9aa10bfa70f22d11e82bc4e9,003177b3eeca50af17750f53802c9a09,delivered,2018-07-08 15:48:40,2018-07-08 16:05:22,2018-07-12 14:43:00,2018-07-25 11:59:55,2018-08-06 00:00:00
cdbd981121b82988cdb4bc8229598984,f8ce7a62fd76b4ba3d39558b073cfdca,delivered,2018-07-23 17:07:54,2018-07-24 11:32:28,2018-07-24 13:30:00,2018-07-30 20:12:20,2018-08-07 00:00:00
cdcdd974adb1606df89687f10cf130eb,f2279bf6a0160ef6fbb64df126f5e42e,delivered,2017-11-26 15:32:11,2017-11-28 03:32:24,2017-11-29 17:16:49,2017-12-20 20:08:17,2017-12-18 00:00:00
cdd1432a23108f3aff0acc23792b8285,2d235daeef950bf253fb464974d9aff6,delivered,2018-05-11 12:18:31,2018-05-12 03:15:15,2018-05-17 14:56:00,2018-05-18 19:32:22,2018-05-23 00:00:00
cde556d2719b7e857f50e3f235f0460a,0eed3ff172c60ed10c2c4eb3a08e29c4,delivered,2017-04-07 21:11:02,2017-04-07 21:25:13,2017-04-10 15:56:25,2017-04-27 06:06:42,2017-05-16 00:00:00
cdf0571d960505817e8a525040584ae9,04e0f25cc5098641d43654cbb7e73f6b,delivered,2018-06-24 21:36:08,2018-06-24 21:58:30,2018-06-28 15:41:00,2018-07-02 16:24:55,2018-07-20 00:00:00
cdf746aa8492ace4e8785a606adf00f4,8b74b725906ed53b60e9393d6c256575,delivered,2018-08-07 23:39:16,2018-08-07 23:50:19,2018-08-20 14:20:00,2018-08-28 22:34:53,2018-09-05 00:00:00
cdfdb4e7e805636ed4750f8dc333b01a,f63ca288648d57833c6d2b92d228b426,delivered,2018-03-13 15:57:07,2018-03-14 03:40:30,2018-03-15 17:36:31,2018-03-27 20:11:28,2018-03-29 00:00:00
ce243573aa83a8e70bb99ca6133a210e,bea5d4b394a04f4303917b761d701115,delivered,2017-05-23 16:12:26,2017-05-23 16:23:09,2017-05-25 08:39:27,2017-05-30 11:23:56,2017-06-14 00:00:00
ce2d0e7e8a249b93d3cfadb57113023f,47c3a95e8891c38d11c77a4d28194f3f,delivered,2018-08-16 18:31:27,2018-08-16 18:49:32,2018-08-17 15:29:00,2018-08-23 18:41:28,2018-08-30 00:00:00
ce34eeaea4785aa1d4b7004019247aeb,a3b728c3afa0306ff8cb0453232096ab,delivered,2017-09-05 14:16:08,2017-09-06 02:45:31,2017-09-06 20:54:04,2017-09-19 19:58:37,2017-10-03 00:00:00
ce44954b3198c35bbf785d9c95e28aa5,5624a5aa279ebf6c6e63676a1c14c249,delivered,2017-06-10 16:37:23,2017-06-10 16:45:12,2017-06-19 15:05:45,2017-06-28 17:11:54,2017-07-07 00:00:00
ce44f44ee93f1deea42e493e84b5cd63,ebee8a6050baa684aa8ed76b90c0cecf,delivered,2017-10-06 23:13:21,2017-10-06 23:28:07,2017-10-20 22:38:49,2017-10-31 21:32:11,2017-11-08 00:00:00
ce4d8859d85000477949b11c78144074,ac583d1c408be7cac515ad79d5e4c97a,delivered,2018-03-05 14:35:43,2018-03-07 02:10:26,2018-03-09 08:50:35,2018-03-20 23:12:24,2018-04-03 00:00:00
ce5586df181549ebde007969801906c8,581bcf4a0d5820aef9c546bbcd74f276,delivered,2017-10-31 09:03:33,2017-11-01 03:26:25,2017-11-03 21:54:32,2017-11-07 23:49:38,2017-11-08 00:00:00
ce6773b2916ebbc43dcaa762c0c6f9b2,667c857bad32b1b14826b5d48a1d5f41,delivered,2018-07-30 18:36:41,2018-07-30 20:00:27,2018-08-01 08:15:00,2018-08-02 20:32:07,2018-08-09 00:00:00
ce699ae4abc92356538ece036da1045d,9b6de7a8f933729d506499252e96e884,delivered,2017-09-25 16:48:40,2017-09-27 14:56:17,2017-09-27 21:09:09,2017-10-04 20:58:04,2017-10-24 00:00:00
ce6ce659b1584fb64a7ee077d764a37c,d076bfcf489b61fa7f2250ce85437260,delivered,2018-05-08 16:07:09,2018-05-08 17:11:50,2018-05-10 14:26:00,2018-06-01 12:12:50,2018-06-04 00:00:00
ce80533c6ef9cf6f226eca01ac2cabb0,4fd1b41e58332912030e868ae13d19d6,delivered,2018-06-13 21:20:34,2018-06-13 21:38:30,2018-06-25 13:48:00,2018-06-29 22:28:40,2018-07-25 00:00:00
ce8157b7dce9a36c6ab802ad73f494e4,1958a7ca6c1d652df51a65950e9a0628,delivered,2018-08-14 21:18:41,2018-08-16 03:10:32,2018-08-16 14:14:00,2018-08-23 19:58:54,2018-09-05 00:00:00
ce8d55aa1c206156fde37e062c716ea2,306e7f5a781430174600acfec52a1843,delivered,2018-03-09 19:19:24,2018-03-09 21:10:31,2018-03-12 18:32:18,2018-03-14 20:56:53,2018-04-13 00:00:00
ce9348af8cd4c5166a650a1c840f2b28,c4825518503be8ab4843ccce8e856814,delivered,2018-01-17 08:14:57,2018-01-19 02:37:54,2018-01-23 19:58:50,2018-01-29 16:44:49,2018-02-15 00:00:00
ce9a38787c8e09ef2239972b3149278c,3052596732f23f7b62734934adec1b8f,delivered,2017-12-19 05:16:33,2017-12-19 06:18:24,2017-12-19 19:16:11,2018-01-06 15:16:19,2018-01-12 00:00:00
ce9c02c63ccfd380ecd3ccf5e8894f96,af8fae4852aa055ff45560ce82718a98,delivered,2017-11-07 16:17:08,2017-11-07 16:35:26,2017-11-08 20:55:04,2017-11-13 21:34:07,2017-11-29 00:00:00
ceae0f133957c3337b7f630eb8bf80d9,026ae2477af95b832998d23578eb4336,delivered,2018-07-15 10:46:59,2018-07-15 11:04:08,2018-07-16 13:41:00,2018-07-20 15:24:37,2018-08-07 00:00:00
cebe9a3966a2fc8ffd1a3c5996678283,29151ff994496b7c0ba04e6dfc65005e,delivered,2018-06-15 00:15:15,2018-06-15 09:37:51,2018-06-15 10:28:00,2018-06-21 14:18:41,2018-07-16 00:00:00
cecf84099dc3067ec87149ddac39105a,5f956d6de694724a5de116a1f0e7b88f,delivered,2018-05-02 22:43:43,2018-05-03 00:12:56,2018-05-07 15:03:00,2018-05-09 23:04:25,2018-05-18 00:00:00
cede91ea9b2186e794ef279d9aadd8f5,7bda7c209abee2dc689491a15dcce710,delivered,2017-09-16 13:30:59,2017-09-16 13:44:09,2017-10-06 20:33:38,2017-10-14 12:08:08,2017-10-26 00:00:00
cee3292f46ede6ea1dfabfcb200fcf47,0f8feee05f830b2be5955cf674a7d8f1,delivered,2018-06-21 15:00:17,2018-06-21 17:18:41,2018-07-04 15:30:00,2018-07-06 16:04:13,2018-07-20 00:00:00
ceecac582f10037ad46fd4fdc529e0f7,88eec1a222d81af1a2a1ae93c669f459,delivered,2018-02-10 13:57:41,2018-02-10 14:10:36,2018-02-14 19:07:50,2018-03-09 22:14:29,2018-03-23 00:00:00
cefe510f726c2a8d6a5f0a8a515ebf50,d98bc47c9f6bd1744959109c8e37fd88,delivered,2017-10-23 03:00:59,2017-10-23 03:14:09,2017-10-27 19:05:26,2017-11-03 16:47:48,2017-11-14 00:00:00
cefe70775d8821c8dcf166f843d38d1d,24ceded0c5fd4e9940168f0a183d4885,delivered,2017-12-19 12:39:44,2017-12-19 12:51:33,2017-12-23 12:28:33,2018-01-08 15:14:57,2018-01-17 00:00:00
cf0ace73210bae94d34fa3df6476e623,c732fe6581f798f69ed4f58a24ea3e24,delivered,2017-06-06 13:07:28,2017-06-06 13:43:06,2017-06-07 11:34:51,2017-06-19 17:16:20,2017-06-29 00:00:00
cf0e03e1812c8c676e5f37237bd08af0,81d403f18add253c6ed54f5105cf07c1,delivered,2018-04-05 11:16:24,2018-04-05 11:30:15,2018-04-07 00:50:41,2018-05-05 14:41:56,2018-04-30 00:00:00
cf14f34423154c055c6677b22cbfbf68,8aec80574a77596a9c34435bff6b62db,delivered,2018-06-04 19:09:02,2018-06-04 19:30:12,2018-06-11 14:21:00,2018-06-14 21:25:33,2018-07-11 00:00:00
cf26282d538d870cf5e212b2f6c572b5,b9e6292e3e994ab7b830c74bcb35955d,delivered,2017-11-17 01:04:44,2017-11-17 01:15:27,2017-11-21 17:46:56,2017-11-22 18:03:49,2017-12-05 00:00:00
cf2cd23374d78a2bb4d6d6058fbc1d04,713cb52d254747e94d0f843a2b552057,delivered,2017-09-22 20:47:22,2017-09-22 21:05:58,2017-09-25 19:10:13,2017-10-02 16:37:33,2017-10-19 00:00:00
cf34fe44babb9fd001a001acfa43cabf,fe082a45e6e64db9443e39ef7e3d415a,delivered,2017-11-06 18:36:52,2017-11-07 04:32:03,2017-11-10 22:07:45,2017-11-18 09:21:44,2017-11-24 00:00:00
cf4b34a6cd499c3d352d90cee37795ef,17be158b549a978345bc5fdc895815cd,delivered,2018-01-07 15:05:52,2018-01-07 15:14:19,2018-01-10 19:23:21,2018-01-24 17:38:50,2018-02-07 00:00:00
cf52c3631e531c83e5f92681b933a521,6835e02d97713eb97e57bbed91d829a7,unavailable,2017-02-18 13:19:30,2017-02-20 10:32:09,,,2017-03-31 00:00:00
cf56d3d1b65accb1412da2abc22ff4f7,127dff0d95e9dcadef5f3b15138db8d8,delivered,2017-12-02 19:37:49,2017-12-02 19:51:30,2017-12-04 20:45:20,2017-12-07 01:33:00,2017-12-20 00:00:00
cf5dc40ae925414c07d1a74645ced6c2,3c97b23a8b4e6e6e186ed13e99d295e2,delivered,2018-07-06 14:41:04,2018-07-06 14:51:16,2018-07-09 14:14:00,2018-07-13 21:24:28,2018-08-06 00:00:00
cf5e115a19c54f0457aa4c00fb88ae63,8ef1ad0f471589d02f59c9d914b030e1,delivered,2018-06-06 11:59:53,2018-06-06 12:12:56,2018-06-06 17:28:00,2018-06-12 17:08:10,2018-07-13 00:00:00
cf85b1adbeb2de42677013eeabe3befc,008d16b47540f172f75b765d5ea1eed0,delivered,2018-02-05 14:13:56,2018-02-05 14:48:12,2018-02-14 20:13:58,2018-02-19 19:38:22,2018-03-01 00:00:00
cfa24f77a1afcf0827e88b162f7cf0b2,9286639c1e08a7be041e38c68d2439e4,delivered,2018-06-05 16:51:38,2018-06-05 17:15:13,2018-06-07 08:56:00,2018-06-14 23:48:45,2018-07-12 00:00:00
cfac974a41d4273d522456d2840dc2a6,a0b828674053768d72daefb412b43410,delivered,2018-06-18 17:11:59,2018-06-19 06:56:58,2018-06-19 16:19:00,2018-06-21 16:11:40,2018-06-28 00:00:00
cfb3e7072452d771156c3fa588c1db10,5579271655438f2905a24845dccbcd16,delivered,2018-03-21 10:25:50,2018-03-21 10:48:27,2018-03-21 20:08:41,2018-03-28 21:09:05,2018-04-18 00:00:00
cfc130b608476dd1cc71396ebc483e1b,5ffaff7ef372cb9be1247ef069f79fad,delivered,2017-12-01 22:19:00,2017-12-01 22:34:49,2017-12-05 19:23:19,2017-12-11 22:48:47,2017-12-26 00:00:00
cfed781f36b83cd848a78200091e54d1,833f560a4b6ee7d4fc17357b04378e59,delivered,2017-05-26 16:15:49,2017-05-26 16:25:22,2017-05-29 12:03:11,2017-06-13 13:30:08,2017-06-30 00:00:00
d00beb3dc9b2e213d9ea5ee30b0541f3,0d41b93aa65d7ebb7b8b1f091ef6644c,delivered,2018-05-07 20:40:33,2018-05-07 20:55:35,2018-05-09 15:47:00,2018-05-12 15:31:56,2018-05-30 00:00:00
d00d7bc5d6fa2124037aaf4eb5be0a0e,330a969c9598b012f28f388088fadcda,delivered,2017-12-14 10:56:51,2017-12-16 02:51:33,2017-12-19 19:24:33,2017-12-27 17:22:50,2018-01-12 00:00:00
d00fc126358622ba5ae0ba1a334b3bc5,a596a519d885d2cd292e329de18406f6,delivered,2017-10-17 00:04:06,2017-10-18 00:08:05,2017-10-23 17:52:46,2017-11-10 23:41:40,2017-11-03 00:00:00
d01e880670a9a8612c1ad4ce4b56eb26,ac61866eb49bc6167a811bb5dd07adb1,delivered,2017-05-05 17:23:59,2017-05-06 06:35:18,2017-05-08 11:46:00,2017-05-25 16:30:12,2017-06-05 00:00:00
d0462d19e9c58af6416a06e625c58f13,2b68f1115ff018e29415711c8a9feef6,delivered,2017-07-05 15:48:45,2017-07-07 02:45:19,2017-07-13 20:46:38,2017-07-26 21:22:03,2017-08-14 00:00:00
d04f155dd04722bb1691263ccbe5eec0,1393f95a641d045e1ebc7a6db27258f7,delivered,2018-02-26 18:38:33,2018-02-26 18:55:27,2018-02-27 17:42:29,2018-03-21 18:41:55,2018-03-21 00:00:00
d051c76aaab0eca195d53f6c3411793e,89404eaaaaa93baa948bbfa66d3a27c9,delivered,2018-04-03 22:25:37,2018-04-03 22:35:17,2018-04-17 23:12:16,2018-04-18 15:24:50,2018-04-23 00:00:00
d053b132c9cab9591737e9754ccf21be,3d03918967b32805b683d795b94763d3,delivered,2018-05-25 18:43:19,2018-05-25 18:58:37,2018-05-29 12:53:00,2018-06-01 22:48:48,2018-06-12 00:00:00
d066df43cd1f2f04cc57f289179dd234,98cdd0afc57e8b072658ac1bb19db884,delivered,2018-03-29 17:00:25,2018-03-29 17:15:11,2018-04-05 20:03:48,2018-04-26 15:32:51,2018-04-24 00:00:00
d07f143b702491d2a1cd6ed093f2cdee,03de10b74e57b7aa7c13361497c5c51a,delivered,2018-02-11 17:27:31,2018-02-11 17:48:03,2018-02-14 19:36:31,2018-02-23 15:29:20,2018-03-13 00:00:00
d0917c0a88a601949cde7cec1331de4e,5bac308542721d5c4ebe0b35b6e3690e,delivered,2018-07-30 17:24:20,2018-07-30 19:31:44,2018-07-31 11:44:00,2018-08-07 02:15:15,2018-08-09 00:00:00
d0a1df38173b0296c8cfb65fd0e1e361,e84608e3babe2d06427e6ce76335268c,delivered,2018-05-17 01:01:52,2018-05-17 01:15:18,2018-05-17 13:16:00,2018-05-19 15:02:11,2018-05-29 00:00:00
d0a2ee9c1866926b3d773366fd916e37,9af4227b61b5fdc0a5837dea799d9533,delivered,2018-07-23 16:02:24,2018-07-23 16:45:59,2018-07-27 14:50:00,2018-07-28 16:38:44,2018-08-06 00:00:00
d0b4c30f45087d9a9114b3cbe87aee63,2480cae0db14e17cff537d55abfb967e,delivered,2018-08-25 22:15:54,2018-08-25 22:25:08,2018-08-27 15:12:00,2018-08-30 22:58:48,2018-09-05 00:00:00
d0b8fae6095efc549a71c97c8c6f4f73,453d9d279e4b526a5cc3b7520a883dab,delivered,2017-07-08 13:19:35,2017-07-08 13:30:17,2017-07-13 19:52:47,2017-07-18 19:58:39,2017-07-28 00:00:00
d0caa50d59dd78761abd9c1bdd06bba4,96437a804b26c621efedf71a229768bf,delivered,2017-12-06 01:17:43,2017-12-06 01:30:57,2017-12-06 20:52:16,2017-12-17 15:09:49,2017-12-29 00:00:00
d0fc40215ca8a24ee1ad72bdac36c29f,d10065abe48b6225e69b5dd8ca4ee9ef,delivered,2018-03-02 11:17:03,2018-03-02 11:29:50,2018-03-07 20:12:41,2018-03-20 21:05:49,2018-03-23 00:00:00
d0fd185aad137f701270f63d6cab8e42,521a0e0ff206a7638ea7b8ed776b1acc,delivered,2018-04-10 16:23:36,2018-04-12 05:11:27,2018-04-12 23:12:32,2018-04-19 13:51:35,2018-05-09 00:00:00
d0fd9595949095f91592a79bd26a2126,be13ab515f88e8f9214035e8fe642ee4,delivered,2018-03-20 19:58:38,2018-03-21 02:50:49,2018-03-21 22:13:40,2018-04-17 18:28:43,2018-04-09 00:00:00
d11450f714cbee2ff7df6b663fb79781,5210bfac9f1dab420c3283b13afa8fa9,delivered,2018-02-12 20:11:13,2018-02-12 20:47:29,2018-02-14 17:29:41,2018-02-28 21:17:42,2018-03-08 00:00:00
d12ab5d1454294ce820fd1ccc56d760e,0dd2a674a2b63f9fc54ca6cd83532728,delivered,2018-05-07 19:19:26,2018-05-08 09:15:29,2018-05-08 14:45:00,2018-05-22 18:36:51,2018-05-29 00:00:00
d131625abf3dd1daa6fd04443cbc6729,69fada07e6300f17c8c5bdb778f566a2,delivered,2017-12-04 09:14:24,2017-12-06 02:49:56,2017-12-09 16:42:24,2017-12-28 22:28:20,2018-01-03 00:00:00
d14a4f8c84ab5018248d47b2170dfbc8,473c4280bfa2ad9e66ab0d9398ed4e1f,delivered,2018-05-01 10:36:59,2018-05-01 10:57:23,2018-05-02 12:08:00,2018-05-07 20:10:48,2018-05-22 00:00:00
d15310130fe6fbaf70e2c8027c9dd760,7dc8706230ce123ade4d311a407eee19,delivered,2017-08-12 16:06:00,2017-08-12 16:23:18,2017-08-15 19:03:56,2017-08-19 13:32:44,2017-09-01 00:00:00
d155a1a261652fa30114d2b6c6373e21,2799559b8170172643a117e4d2923125,delivered,2017-12-02 21:17:32,2017-12-02 21:40:46,2017-12-06 00:05:59,2017-12-17 17:34:57,2017-12-29 00:00:00
d15b257b7d9942a18c578ac0b3483139,38c0e22834675c9915d1658a60101390,delivered,2018-08-21 12:35:22,2018-08-21 12:50:30,2018-08-21 16:07:00,2018-08-27 21:46:47,2018-09-19 00:00:00
d1841aabfefc61ddc63d1113e5f766e8,c8a6be2c61ccd0a754f9050ba710bf67,delivered,2018-06-10 18:39:02,2018-06-10 19:12:22,2018-06-11 11:05:00,2018-06-12 15:32:13,2018-06-26 00:00:00
d1845227bab7e5c1f169cf2a98d742a1,11b99af21f03410bf5a169d80d3e5264,delivered,2018-03-02 16:01:55,2018-03-02 16:40:29,2018-03-05 19:10:08,2018-03-10 16:28:45,2018-03-20 00:00:00
d1897146cbeab2b888285ca6264056a1,f07928d150a941fee3793cbfa6e62e1b,delivered,2017-09-06 11:57:49,2017-09-07 12:05:38,2017-09-11 12:23:46,2017-09-14 19:42:48,2017-10-02 00:00:00
d18cf3749b7ca5680afdc5f0eb881f09,29546828335efebca3e173400d8553a7,delivered,2018-05-15 10:21:33,2018-05-15 10:54:38,2018-05-16 10:16:00,2018-05-21 17:57:33,2018-06-04 00:00:00
d192eacb35dd2f0aa30709fe7560ee4a,e5867bb6374f11c018bea8a8d1246c6d,delivered,2017-10-15 21:01:13,2017-10-15 21:14:17,2017-10-17 21:59:05,2017-10-31 18:16:01,2017-11-13 00:00:00
d19f4ab4bd008d9b26f5eb3afc6cc251,b71d390fe8dc57d420c1e5bf672fe8ee,delivered,2017-05-29 10:25:47,2017-05-30 02:42:42,2017-06-01 12:05:02,2017-06-06 14:17:29,2017-06-09 00:00:00
d1b4fc9a8c1207433519a8ec52e2d03f,f9a6bf8bc89af704ecd48975eff11800,canceled,2018-05-08 10:05:26,2018-05-08 10:31:28,,,2018-05-16 00:00:00
d1da39d6d643a11a4083de84d30996a9,c25f1d52a454773cd3197bebbec0325a,delivered,2018-04-09 17:26:21,2018-04-09 17:51:16,2018-04-11 02:32:37,2018-04-11 19:33:15,2018-05-02 00:00:00
d1e7343d9fea35ce6330478c84f0fb7f,38d582cf25bb1bc7d6f9f494dc2c260e,delivered,2018-07-25 18:18:42,2018-07-26 13:15:16,2018-07-27 10:55:00,2018-08-02 16:54:48,2018-08-09 00:00:00
d1ee4bc3ffe8a30f23ecc003e76f958f,1d6de342db49ad620ae9d93fd3010cfa,delivered,2018-03-05 10:16:46,2018-03-05 11:00:28,2018-03-06 23:38:49,2018-03-13 18:21:40,2018-03-28 00:00:00
d1f9a1aec23787e664aa0ccd55fe2fd3,82dd196b2b5b57785945aa2f471a35f9,delivered,2018-07-16 19:19:37,2018-07-16 19:35:17,2018-07-18 15:21:00,2018-07-27 18:29:28,2018-08-10 00:00:00
d20d521427100e96eb0298afc19d97f6,d711a88fdd3d5d149e3448061520dd71,delivered,2018-06-13 16:26:28,2018-06-13 17:00:13,2018-06-15 13:57:00,2018-06-26 21:44:26,2018-07-26 00:00:00
d21d7411b251f35ead1b210dc946ca70,cff157deadf46de66ac1eb7ead76deb0,delivered,2018-01-15 22:54:08,2018-01-15 23:10:45,2018-01-16 18:42:08,2018-01-22 19:27:55,2018-02-16 00:00:00
d224c4be964a33d8d803b33661c18d8a,1f1e84d70d135fd0b39595da681b9d37,delivered,2017-12-07 20:46:58,2017-12-07 21:31:18,2017-12-12 19:28:39,2017-12-15 21:48:45,2018-01-02 00:00:00
d229d9c8f88ad9cb25a36803dc7a9a90,eaeedf2d64cd4ccbc74ade9c879ea06e,delivered,2017-07-17 11:44:41,2017-07-17 11:55:27,2017-07-18 20:25:57,2017-07-25 22:30:11,2017-08-09 00:00:00
d231fd01d6c8e36e503f1a7f8a9734ea,643806a497cd1633636c26f70c58e63d,delivered,2018-06-17 11:57:58,2018-06-17 12:19:26,2018-06-19 11:55:00,2018-06-20 15:11:00,2018-06-29 00:00:00
d234f846aac643047caabb1171030524,43252ddf36a267998e866edf8e5b873a,delivered,2018-07-17 11:37:23,2018-07-18 02:50:14,2018-07-18 08:37:00,2018-07-24 20:58:35,2018-07-31 00:00:00
d248a26c7a58d74a85d6baf93e5bf772,fd475098454916759d0c3d5a9d8996c2,delivered,2018-03-20 16:00:09,2018-03-20 16:10:32,2018-03-21 19:12:04,2018-04-10 15:28:56,2018-04-11 00:00:00
d24be64fd6aadd3a06ae6afcf8785cc2,af172a1f0e9f76b6ae7b00ae07d1d035,delivered,2018-06-26 13:56:10,2018-06-26 14:17:16,2018-06-27 11:30:00,2018-07-06 16:17:22,2018-07-23 00:00:00
d25091a3e5d9d4a0a83ad9413f8828d2,0d4f8e1cec254ed9c1fd1b02d26fabf8,delivered,2018-05-10 07:34:35,2018-05-10 07:51:41,2018-05-10 12:08:00,2018-05-16 18:28:45,2018-06-11 00:00:00
d258d2c8bdc01ec0aa8a048d723bf427,50a5d464f230e492ff0a2f91340e3312,delivered,2017-12-09 10:57:33,2017-12-09 12:30:26,2017-12-11 17:20:13,2017-12-21 15:52:44,2018-01-09 00:00:00
d2597ccadcbb4bede6cefca892c7094e,d576252544d4d92d868e65ab3590cb77,delivered,2018-03-13 14:55:22,2018-03-13 16:00:37,2018-03-14 19:27:22,2018-03-19 18:24:52,2018-03-29 00:00:00
d265e2114f019b12adfff1e68a241a8e,49fbad4fd44bf061db521927312ac8f5,delivered,2018-08-27 19:39:33,2018-08-27 20:20:08,2018-08-28 11:23:00,2018-08-29 20:08:43,2018-08-31 00:00:00
d279acf202b55cb48ca420ecd39105e3,64e4610c79c90cff2b13643f3708ea16,delivered,2018-02-21 19:39:07,2018-02-22 12:35:40,2018-02-22 23:15:15,2018-03-03 15:52:23,2018-03-14 00:00:00
d27c2efd9421cde0945261467fb1a025,a8bb774baf42be4ec71b92200ceee3b9,delivered,2018-07-24 15:35:42,2018-07-26 03:15:18,2018-07-27 10:43:00,2018-08-02 20:44:41,2018-08-09 00:00:00
d28a0d4aabf9fe1941c36b8d1af9bd5a,d9bfba2f23389250401438a7d9875a93,delivered,2018-08-03 08:08:06,2018-08-03 08:24:07,2018-08-11 07:17:00,2018-08-15 20:56:36,2018-08-20 00:00:00
d2aa63ac411996ad85fc0099c47db2df,d6b5bc1a3bb9c1ac3514ba6c282919bd,delivered,2017-04-24 22:22:34,2017-04-24 23:45:18,2017-04-25 11:44:16,2017-05-09 08:12:13,2017-05-17 00:00:00
d2b9baaec80a1a1d4516a2228b5694d5,b5cd28e9aef7bab2d96668644ac46c63,delivered,2017-07-26 16:33:32,2017-07-27 08:50:46,2017-07-28 14:49:59,2017-08-07 20:37:37,2017-08-17 00:00:00
d2cb7c100806e87a227d413e9157cb76,bb0a780318dd7a760b8ccb5c35fa16fb,delivered,2018-01-03 22:43:18,2018-01-05 02:35:44,2018-01-09 15:35:08,2018-01-17 17:48:59,2018-02-02 00:00:00
d2d558357a6c69ca47cc4eca7571f593,0864f6601de6547b99cb81aa5742a119,delivered,2017-05-29 00:52:57,2017-05-29 01:10:28,2017-06-05 12:48:10,2017-06-16 12:42:24,2017-06-29 00:00:00
d2d67121a09535b3a7b6a000e58d8625,a17dc8aaea9743dbccaca067b5ac3b43,delivered,2016-10-04 22:15:11,2016-10-06 16:00:41,2016-10-10 16:00:43,2016-10-13 16:00:43,2016-11-24 00:00:00
d2e98c2b35f0e9173b4fce9cf61530d3,5cd826df2c649c71f38b667bd71cc95e,delivered,2018-02-05 16:29:24,2018-02-06 16:30:17,2018-02-07 19:52:33,2018-02-08 17:46:43,2018-02-21 00:00:00
d2f636c21b8c69ea8ceb90f373babd4f,9c2fb70bbdefbd722d175be10d59947c,delivered,2018-01-11 23:38:06,2018-01-11 23:47:27,2018-01-15 23:17:01,2018-01-26 16:54:48,2018-02-06 00:00:00
d2f6b89578aee72f553aad3c76098e63,941b415ac43a2e974940f5a1bbfe03bb,delivered,2018-04-19 14:03:29,2018-04-19 14:15:24,2018-04-20 18:48:23,2018-05-04 16:22:58,2018-05-23 00:00:00
d301e4651c2fb09b847fce76b3f73885,5bb539b873ec166dc8588ab1da327c03,delivered,2018-03-06 11:11:12,2018-03-06 11:49:52,2018-03-07 21:04:45,2018-03-08 13:04:58,2018-04-02 00:00:00
d3045e7fe9e2988614cbbaf560c424f7,c1f0ff2ccfc9b49878a1149829f6c41f,delivered,2017-08-03 14:18:06,2017-08-03 16:10:24,2017-08-07 19:54:43,2017-08-17 18:43:46,2017-09-06 00:00:00
d304c1d37685ed533e5e16e8e74ff2c1,e4194b17ced6d848551aa5eb315745d1,delivered,2018-07-21 17:00:51,2018-07-21 17:15:18,2018-07-25 14:14:00,2018-07-30 17:02:46,2018-08-17 00:00:00
d3085edb0a0b0d550bd72f712de90c09,1ebe4440e27e63e562784cd1b8a85a37,delivered,2018-05-24 11:00:54,2018-05-24 14:56:51,2018-05-25 12:44:00,2018-06-04 15:48:26,2018-06-19 00:00:00
d308807f231cc2e9a4e2ee71b86fbebd,319dce58caddc33d4965cfa1e107d692,delivered,2018-05-02 14:22:52,2018-05-03 03:55:18,2018-05-04 13:47:00,2018-05-07 22:28:31,2018-05-18 00:00:00
d30cce68111e4c4fc146bab365116a17,2dc102d4f63f2218b2afec0c90411985,delivered,2018-02-20 11:06:43,2018-02-20 13:15:23,2018-02-21 19:33:39,2018-03-08 18:06:42,2018-03-29 00:00:00
d30daca327cb882c3ccccced457f69f8,01f4581bf20e14d770c5de782d7ee783,delivered,2018-08-05 17:03:33,2018-08-05 17:15:19,2018-08-13 15:54:00,2018-08-17 18:38:44,2018-08-17 00:00:00
d3123a8def350af103d31c2026666c25,08b56a0a9c6eff4619a9a141b4dd37e2,delivered,2018-08-18 18:04:29,2018-08-18 18:15:16,2018-08-23 13:43:00,2018-08-27 20:03:51,2018-09-19 00:00:00
d32d584f32319a9b013c05fd83400831,dfa27a9b70d0140ca36bdaf074359abd,delivered,2018-08-05 16:29:21,2018-08-05 17:04:07,2018-08-06 20:29:00,2018-08-07 15:58:38,2018-08-09 00:00:00
d3320c7579b87d355511ba06b4d18aa4,4813c31bc42009db08118aaf5c22d4f8,delivered,2018-03-19 12:19:26,2018-03-19 12:35:29,2018-03-20 22:41:50,2018-03-29 18:04:10,2018-04-12 00:00:00
d3350e3a63b03e10d16463a2e75a5361,f2183922480268c0f1615ae3d86f5109,delivered,2018-04-02 13:50:26,2018-04-02 14:41:11,2018-04-04 19:48:15,2018-04-15 14:18:37,2018-04-27 00:00:00
d338e94a703f4d7af1612be068a85bb6,f8d047b3dd09b4c6f4e873d925f56c4b,delivered,2018-08-10 15:06:18,2018-08-10 15:24:36,2018-08-13 14:55:00,2018-08-14 19:58:47,2018-08-22 00:00:00
d3397f49eba129958cca1d4ed73dba9a,dfe2c56fe645cce819861d7b621661ec,delivered,2017-10-01 19:59:03,2017-10-03 04:05:09,2017-10-04 20:06:07,2017-10-06 15:17:03,2017-10-18 00:00:00
d339c9a9c019e5beaf1cafb6cf77a23c,d47938597c090244539476d45ba3c238,delivered,2017-09-04 17:56:16,2017-09-06 02:45:10,2017-09-11 20:54:36,2017-09-14 18:27:22,2017-09-21 00:00:00
d33eeaaa657fd3ae5e7f4e8f92892ea5,57967bed045af2bd3831f8997d98f916,delivered,2018-08-08 09:44:21,2018-08-08 11:05:12,2018-08-10 11:23:00,2018-08-13 23:22:01,2018-08-14 00:00:00
d346a1af31b9f42d7244edcba34fe990,d679f47ffdfa4ae1aec64bdae506be76,delivered,2018-04-11 17:20:17,2018-04-12 17:15:19,2018-04-14 00:28:39,2018-04-26 21:19:22,2018-05-03 00:00:00
d35a77135cb96df5bdc938dcdbd2d85e,4721a5a77949f6af33ca1213ddc4c8c4,delivered,2018-06-03 13:08:39,2018-06-05 04:31:09,2018-06-05 15:20:00,2018-06-14 23:41:46,2018-07-16 00:00:00
d3605b7117930d845a75af0d32c3bc7e,ea7c78d210a9cd6b447a80b3508edc0c,delivered,2017-11-17 19:59:06,2017-11-21 04:06:22,2017-11-23 02:21:01,2017-12-01 20:36:46,2017-12-11 00:00:00
d3617ef729315e3964c28a7404030da3,056b8fbe81db69afef46a5c38b8f9732,delivered,2017-09-18 08:45:44,2017-09-18 09:05:43,2017-09-18 17:42:19,2017-09-27 20:53:38,2017-10-11 00:00:00
d3764fd6a2c04354a8cbde8508cc0ba0,2df17a523b839dbca5cf6e2465f91817,delivered,2018-04-16 13:34:03,2018-04-17 13:32:44,2018-04-18 22:36:33,2018-05-10 14:37:37,2018-05-10 00:00:00
d3775e436e60258e62e678a0f68a0f8d,b07bedd33ee49d60100a0edef8c9e237,delivered,2018-01-23 01:12:12,2018-01-23 01:19:24,2018-01-23 22:51:59,2018-02-28 22:15:11,2018-02-22 00:00:00
d37a4faa7cb8cd88246d73aee035a327,cb119e28018ffea7a8dc693d1aab7322,delivered,2018-06-05 12:01:37,2018-06-05 14:31:49,2018-06-07 11:45:00,2018-06-13 19:32:03,2018-07-17 00:00:00
d37e7ffb183809b759828865f66eca59,154404292cdb376ac4da07ff6e1082ef,delivered,2017-12-28 08:50:11,2017-12-28 09:07:15,2017-12-28 19:17:09,2018-01-18 03:17:16,2018-02-02 00:00:00
d3909d7239431c7132c3aac806ec6507,ed454b70314eea3ee1aec9434ef6c45a,delivered,2018-02-27 18:16:24,2018-02-27 18:29:08,2018-03-02 18:21:51,2018-03-08 13:04:37,2018-03-23 00:00:00
d3964aaa8f344d16a3367d03e540be9a,1d3d3d421496f24e0ef77180f1895894,delivered,2018-03-12 22:34:01,2018-03-14 02:48:49,2018-03-14 22:38:37,2018-04-02 18:05:30,2018-04-06 00:00:00
d39e59e93bf34f4b2f6cef3902672a6f,c3a9744bc2f2ce8380e3d8556c4ba67f,delivered,2018-04-19 00:16:08,2018-04-19 00:31:50,2018-04-20 23:20:45,2018-05-03 22:14:30,2018-05-16 00:00:00
d3b13898a835b480e8ab562071435158,b9d3a40de437cfabb62d60abfd50d354,delivered,2018-05-05 11:38:28,2018-05-08 04:54:16,2018-05-08 15:55:00,2018-05-16 01:21:22,2018-06-01 00:00:00
d3c64cf55752f7821e85e7ea9b9b3f30,a14b17e55f117e4bf24cdd9d0e586c35,delivered,2017-05-06 11:20:18,2017-05-06 11:30:19,2017-05-08 15:29:18,2017-05-19 16:59:52,2017-05-30 00:00:00
d3cc6a0be5a659e6c515010d99e9c335,334aace2ea64ac7763440b12492d4374,delivered,2017-03-22 16:58:07,2017-03-22 16:58:07,2017-03-23 08:40:00,2017-03-27 12:59:44,2017-04-12 00:00:00
d3e53c591789724dcc2d50d69b06d55a,7bef7029294fbc8e10a9bc2bfed3c0c9,delivered,2018-05-20 20:52:23,2018-05-20 21:10:33,2018-05-22 13:28:00,2018-05-23 12:04:04,2018-05-29 00:00:00
d3ec40731fe6a0b60cef4f782e7be160,8fbd8aa3e737d7f37eae3f754ef023f4,delivered,2018-06-21 09:53:20,2018-06-21 10:22:51,2018-06-22 12:46:00,2018-06-28 19:04:46,2018-07-16 00:00:00
d3fc45461660252856d603ed31eb4e77,a244afc7a1ec53f1aad296d1cd6e91ba,delivered,2017-11-20 11:46:07,2017-11-21 03:59:21,2017-11-21 20:05:26,2017-11-24 19:36:57,2017-12-07 00:00:00
d405c5b11a649e5825842c4aaf8082ec,9b376404244cd24cf089abed1a44ff0b,delivered,2018-03-19 21:35:46,2018-03-19 21:50:25,2018-03-23 20:54:50,2018-03-29 18:46:41,2018-04-12 00:00:00
d40e7a80365572af2e27d31a9cf79169,d01c7d818c6b39a0657b11a9e85f99d2,delivered,2017-06-27 14:26:48,2017-06-27 14:43:58,2017-06-28 09:10:19,2017-07-04 16:02:38,2017-07-17 00:00:00
d413cfcd1406d2d501179c9671b727fd,7dc2f6bec48604fdb13d3a250a92ce89,delivered,2018-06-28 23:44:21,2018-06-28 23:55:10,2018-06-29 10:57:00,2018-07-05 21:07:52,2018-07-23 00:00:00
d4168014cf49632d19312aa3385b0dbe,12ff77d2365bf35a17bac92290192bde,delivered,2017-12-19 22:38:20,2017-12-19 23:53:15,2017-12-20 22:29:24,2017-12-29 20:15:33,2018-01-17 00:00:00
d43e09377465273d9e75ee7a51a6445a,2d1cc6fa6d845ab8b3389a26d9c63b29,delivered,2017-05-25 16:20:36,2017-05-25 16:30:15,2017-05-26 14:28:14,2017-06-05 12:18:50,2017-06-19 00:00:00
d459a5cd21218ae140bbdf31aea15fa0,9d99ee9ec6f49be593dd454a50eaf8eb,delivered,2018-03-20 19:44:56,2018-03-22 19:55:21,2018-03-23 19:12:14,2018-04-03 00:06:32,2018-04-17 00:00:00
d46a98b33046509aec0ca7142d63b9b1,1958ecc55a91fb365b6c5671f4c4b9b8,delivered,2018-03-14 20:45:22,2018-03-14 20:55:53,2018-03-15 21:48:55,2018-03-27 23:32:00,2018-04-10 00:00:00
d48b61ddc056e387c86d308c28798dec,6dd9d52bcd45ecf2d32dffe59591a3ac,delivered,2017-10-31 14:23:58,2017-10-31 15:31:18,2017-11-08 21:52:53,2017-11-13 17:52:34,2017-11-28 00:00:00
d49132be94be94057aadb0fdd665943b,2f602347f836fb37d192a2bc4798a471,delivered,2018-01-17 09:42:34,2018-01-17 09:51:25,2018-02-05 22:29:55,2018-02-27 16:05:31,2018-02-22 00:00:00
d4a82e0a8772db180275f4160d9eb12d,052451bf64a77a9180aef297df1f2020,delivered,2017-07-25 16:59:54,2017-07-25 17:15:08,2017-07-26 20:13:31,2017-08-04 18:12:25,2017-08-16 00:00:00
d4c1e781e9d24a003cf92fc0ba8384b0,60b95728fd802d4215c246c2ff792e3c,delivered,2017-11-28 20:44:48,2017-11-28 20:57:12,2017-11-29 19:38:30,2017-12-04 22:12:58,2017-12-18 00:00:00
d4f742f7a223add48641c06ac0b96a25,cd02136ffff7628117d0f2996bb55f00,delivered,2017-07-14 17:10:11,2017-07-18 05:55:29,2017-07-18 14:38:01,2017-07-24 16:52:48,2017-08-10 00:00:00
d5213c494008952344b10bd19e27d9f3,64563bfd8ebafd2beb5ea14f14f14618,delivered,2017-06-19 08:19:29,2017-06-19 08:30:19,2017-06-22 14:44:38,2017-07-04 18:32:10,2017-07-19 00:00:00
d54c217781126defeb4a78dc16f5ad39,700dcf47b977b4bd8158e7e8b9bd5e1f,delivered,2017-11-25 00:55:18,2017-11-28 12:14:39,2017-12-04 21:14:37,2017-12-06 18:54:59,2017-12-11 00:00:00
d5548ee8b123f1ede666cedd8c0049f2,fb23c756b7d02814a3f3a7a605f3db42,delivered,2018-03-04 01:50:38,2018-03-04 02:14:06,2018-03-06 20:52:24,2018-03-12 22:16:32,2018-03-28 00:00:00
d55b88c264e0cacf41c8f8ce846bc1ee,3e35e35a82de3fc574900adca713dff2,delivered,2018-06-11 23:05:13,2018-06-11 23:35:49,2018-06-12 13:08:00,2018-07-04 20:03:11,2018-07-04 00:00:00
d55cd104a6a05987a3b55d39c0e77995,47fb4a430082767909a0bc89fa392fe4,delivered,2017-11-29 18:34:29,2017-11-29 18:49:14,2017-12-02 15:34:44,2018-01-16 17:09:31,2017-12-27 00:00:00
d568db372124bae10404acba43558652,dfd98d84e66b465250732382ff6a5d34,delivered,2017-09-03 11:20:06,2017-09-03 11:30:13,2017-09-04 19:09:11,2017-09-11 17:09:06,2017-09-26 00:00:00
d5a777d0e1c561e945c9eedce2cad80f,e0590ae33ae1abecc19065b910364d75,delivered,2018-07-23 15:51:52,2018-07-23 16:46:02,2018-07-24 14:22:00,2018-07-27 20:32:52,2018-08-06 00:00:00
d5b1560bb46f4b57510a45569fa41b4c,8c053663094bd001fff3536d10dd092a,delivered,2018-05-27 08:07:44,2018-05-27 08:30:15,2018-06-01 14:40:00,2018-06-08 16:28:47,2018-07-18 00:00:00
d5b95703830a61c73251a8a3dcdb9772,f5e0ab2456c5103030eafd1ab05b6504,delivered,2017-08-16 16:13:30,2017-08-16 17:30:23,2017-08-25 20:00:00,2017-09-13 18:42:09,2017-09-19 00:00:00
d5baf4bcffbda9d8bb2f9ee4e942c90c,cb3df1a94d3cbd59e70b3ee27b203af6,delivered,2017-10-06 17:16:32,2017-10-07 17:14:13,2017-10-09 20:17:56,2017-10-17 22:32:32,2017-10-31 00:00:00
d5bd0af0e37b739b88fa363a30301220,c611a87152a511b73b2b6d639cea5034,delivered,2017-11-15 16:28:17,2017-11-15 16:46:15,2017-11-16 14:25:23,2017-11-25 13:57:58,2017-12-06 00:00:00
d5c6ccc7f3bf2ffb7dda78c440e18328,7406e4858971dc21ef50a576de8cebb3,delivered,2018-08-16 04:20:21,2018-08-16 04:35:06,2018-08-24 14:04:00,2018-08-27 23:28:28,2018-08-31 00:00:00
d5cce452fb90a159a0b02988567a37bc,b53e89ac781f73f6720d8ac3a8d198ee,delivered,2018-08-27 23:31:47,2018-08-27 23:44:02,2018-08-28 18:55:00,2018-08-30 11:32:21,2018-09-03 00:00:00
d5d6f9b551159c1891545df759887e9e,185128ce43d5c5bf6f13b2dba3386df7,delivered,2018-02-07 21:02:40,2018-02-07 22:05:30,2018-02-08 16:28:45,2018-02-26 20:22:17,2018-03-28 00:00:00
d5e892687c8916b17cafe284780d01b0,04ab012a558c5d12ae6037840f85a860,delivered,2017-09-08 15:48:57,2017-09-08 16:04:48,2017-09-11 22:10:02,2017-09-18 17:37:36,2017-10-02 00:00:00
d6000a48fcae57594e206e24ad3db5a8,1ce20bce5f8cdbc2f8b32dac98b7ac39,delivered,2017-06-24 11:43:21,2017-06-24 12:37:32,2017-06-28 13:24:57,2017-06-30 11:46:38,2017-07-18 00:00:00
d6241dead130f310711dc2f50927f1e8,839300cf49f1e1adabddae574582910d,delivered,2018-01-02 17:47:42,2018-01-02 17:55:31,2018-01-03 17:22:53,2018-01-09 20:09:27,2018-01-24 00:00:00
d6290a5294ee8d7eb9b6aafd583e59e3,b6335bb5ffac3a44fd1f325a4dab8998,delivered,2018-01-04 19:07:29,2018-01-06 14:13:02,2018-01-10 19:38:41,2018-01-14 18:08:37,2018-02-08 00:00:00
d634e78710f26d98ace611f615489774,28a8d09f82de529e674494be659d4c86,delivered,2017-11-26 21:51:50,2017-11-26 21:59:33,2017-11-27 16:07:04,2017-12-21 23:19:11,2018-01-23 00:00:00
d67fdefdd78c824692a1f0cab56e71c5,a8cf4ecb273e117353b346df0f23d3b8,delivered,2018-04-16 11:57:42,2018-04-17 12:30:12,2018-04-20 19:03:56,2018-04-30 22:38:37,2018-05-17 00:00:00
d694c1f3e3e0bd20d4673555d43c875a,faadd91de8b5f0d5487aad688f998014,delivered,2018-03-09 05:51:28,2018-03-10 03:50:34,2018-03-13 00:32:02,2018-03-21 18:06:55,2018-04-03 00:00:00
d6a2e1d3b958b6c5cb3af6f1d4d4a203,8d087e1ce16374d733458b3e018ea4e7,delivered,2017-11-11 17:46:35,2017-11-11 17:55:29,2017-11-24 16:54:54,2017-12-08 22:46:47,2017-12-07 00:00:00
d6b59aff700e82a5581e74b3856fbaab,72add8d7d9393b84c45f92196ff85f29,delivered,2018-06-24 17:12:30,2018-06-24 17:34:10,2018-07-03 14:41:00,2018-07-06 17:35:42,2018-07-24 00:00:00
d6c0ec2e67adc2163605b7c0eafe3e1c,62050266c1b57e15689a248e81f05ee5,delivered,2017-12-03 18:16:43,2017-12-05 04:15:52,2017-12-06 13:14:46,2017-12-21 17:48:30,2018-01-03 00:00:00
d6e32818428593eefe8ffd7e15acb83e,784210ee365c635556aeb69e14e072fc,delivered,2016-10-10 14:02:01,2016-10-12 03:01:36,2016-10-16 04:01:38,2016-10-19 04:01:38,2016-12-16 00:00:00
d6f1fd48e3b9fbaa5ed2794838559afb,1258e0a6212e3969e7c1a9588a4d2d24,unavailable,2018-06-25 00:03:57,2018-06-26 00:18:00,,,2018-07-13 00:00:00
d70fd017aef831ae5be08b4a58ad57ea,5bcee47546812cfd1ae22f687a1e266d,delivered,2017-06-27 22:10:42,2017-06-27 22:27:30,2017-06-29 09:08:03,2017-06-30 16:02:19,2017-07-11 00:00:00
d7198cce0076c5cefda313c12776334c,b79e6558152f302d0b22d5cabc983814,unavailable,2017-05-12 19:02:52,2017-05-13 18:35:16,,,2017-06-01 00:00:00
d719d2c72e0dfc9d994ee85c1d594861,bcfd3b40a37ce48e8658f339cc31665c,delivered,2017-11-24 16:06:14,2017-11-25 13:34:00,2017-11-29 02:07:43,2017-12-19 21:57:00,2017-12-19 00:00:00
d72c87644eeb5b1c8658e9a34ad13f50,e3f99c719b14b43fd286740c5d8a7171,delivered,2018-08-05 23:44:51,2018-08-06 00:44:35,2018-08-06 14:31:00,2018-08-08 17:18:40,2018-08-17 00:00:00
d736797e446b9c7bc072d55b49748180,bd7f6754b4afe66c8b504002385e9079,delivered,2018-04-28 11:48:26,2018-04-28 12:13:20,2018-05-03 14:03:00,2018-05-14 21:58:25,2018-05-25 00:00:00
d73a3a52a8b9b8430deede6d0491ae54,a26836b9cfc40d714e38cff84bf5381f,delivered,2017-11-14 22:50:15,2017-11-14 23:06:55,2017-11-16 20:34:37,2017-12-05 18:53:18,2017-12-11 00:00:00
d74a4114b1ecea21d099a6c7aea88058,36da551e41edf8d0f425b6dd458bfce8,delivered,2017-12-15 09:54:22,2017-12-15 10:10:02,2018-01-05 19:08:25,2018-01-11 15:52:11,2018-01-15 00:00:00
d7516b945750658964b64128d3de72de,5add23093af926ef474c767dd401ee6c,delivered,2018-05-14 16:02:39,2018-05-14 16:13:56,2018-05-15 14:37:00,2018-05-16 17:24:34,2018-05-28 00:00:00
d7703c6f32e51dde96ca41e281d4254e,f4ffcdc0d33805e200b19ab444f1649c,delivered,2018-04-06 09:23:43,2018-04-06 09:35:23,2018-04-07 01:22:16,2018-04-13 18:46:49,2018-04-25 00:00:00
d776bd888cec910433d34b5501ebf2d6,a716b64fe8dde0cfc6a3204fcb473237,delivered,2017-03-11 10:19:05,2017-03-11 10:19:05,2017-03-17 16:23:33,2017-03-31 12:43:18,2017-04-27 00:00:00
d77a74efe1dd9a668ec9813f9c3a13c7,29c763ad4cc65acf8f721f394755d05b,delivered,2017-10-08 21:59:58,2017-10-08 22:14:17,2017-10-09 22:14:59,2017-10-16 19:37:44,2017-11-08 00:00:00
d77c5cb217e302146127b857e56ee27e,4de333800b45cf46559cc1966187a9d8,delivered,2017-04-09 13:59:57,2017-04-11 03:45:27,2017-04-12 10:26:04,2017-05-04 13:28:09,2017-05-23 00:00:00
d788474677e79e148bb5cf2c5f0f637a,688df872e677f02c3da2960a87e90b65,delivered,2018-03-24 12:59:47,2018-03-24 13:15:31,2018-04-10 12:19:26,2018-05-23 00:28:30,2018-05-14 00:00:00
d79c75050fb130c942055bff27c1be5a,a10f9dedb64942cfa51dd19dc7972459,delivered,2018-03-14 20:59:27,2018-03-14 21:10:32,2018-03-20 18:17:21,2018-05-03 21:48:30,2018-04-11 00:00:00
d7adae346e57bdec9293128a1130a183,1edfcdc4a172cc6fc9e97a8e42ca5071,delivered,2017-02-06 16:00:46,2017-02-08 03:23:20,2017-02-13 16:13:05,2017-03-02 15:15:26,2017-03-20 00:00:00
d7aea8cc5c6d288a60d3cc1d0026bfcf,8083cba74c5a628eb084c96410daecca,delivered,2018-02-13 17:38:57,2018-02-13 17:55:31,2018-02-14 23:04:56,2018-02-26 19:44:57,2018-03-14 00:00:00
d7c88efc86371e81d37eb2cff1c61020,c6405c62925ba71e578093f93a07814a,delivered,2017-05-23 08:51:27,2017-05-23 09:02:43,2017-05-23 15:53:39,2017-05-29 10:37:40,2017-06-13 00:00:00
d7cc5fcfee9af53fcd78bb47e4e55584,6c081dfe77db2d63f336f33043f0036a,canceled,2018-01-27 10:22:47,2018-01-27 10:36:19,2018-01-30 22:24:41,,2018-02-20 00:00:00
d7ff97f4c7ab6c9a6ba9cfa8db9b04b9,a8c0a3b17db7d15e74b22a926aa8a2ef,delivered,2018-06-10 01:20:32,2018-06-12 04:17:34,2018-06-12 13:42:00,2018-06-22 20:13:45,2018-07-12 00:00:00
d82cef48824870df9946d57e827ed727,500bbe66867d0f0bdb3531af1e052b4b,delivered,2017-01-05 14:33:39,2017-01-07 03:44:20,2017-01-11 16:09:06,2017-01-16 16:44:55,2017-02-13 00:00:00
d83e73ca49e7e9ec7ba0154139858fc8,e155239b84f65a2131ab4ade06f9fcb2,delivered,2018-08-01 16:43:43,2018-08-01 17:04:06,2018-08-07 14:14:00,2018-08-24 23:11:01,2018-08-22 00:00:00
d8434c09d07ff98eaf30d4b68b5d6cbf,9c991443e5f8f7fd0903a2ea9ec7a0ca,delivered,2018-05-06 14:28:03,2018-05-06 14:53:13,2018-05-08 09:58:00,2018-05-14 15:41:55,2018-05-29 00:00:00
d844cf5434575b8359b353fe82fb8d67,0137bbd3e8c493cfa735b98ef18bd1c6,delivered,2018-05-21 19:17:27,2018-05-22 19:17:29,2018-05-23 14:07:00,2018-06-05 20:58:47,2018-06-08 00:00:00
d8523695fd09e96dd93c94cde119c037,b62b6b8762d3be392c8a2d6acbd3c881,delivered,2018-04-16 21:23:27,2018-04-16 21:52:25,2018-04-17 17:50:52,2018-04-24 17:03:04,2018-05-15 00:00:00
d8721b9f395286c3b43ff47a250ad40a,00b2b9682f5c2a1f7cf1312ce6a0ea9d,delivered,2018-08-02 22:09:44,2018-08-02 22:24:21,2018-08-03 10:29:00,2018-08-04 13:38:51,2018-08-08 00:00:00
d87739e1a489341831ec68b0876174f0,d221d7e0deaaaa2353d2128ec942ba0f,delivered,2018-08-21 10:43:37,2018-08-21 10:55:22,2018-08-22 11:24:00,2018-08-23 19:11:01,2018-08-28 00:00:00
d8a8ca4fa9960f350db09ddea8861f05,5006cc988e09a726aa077517484b1191,delivered,2017-12-17 15:40:16,2017-12-17 17:13:42,2017-12-20 23:19:00,2018-01-10 03:37:43,2018-01-23 00:00:00
d8ab6e868995a618b7abea3119b56789,1b5f6923fe2ad022f3b10073aadf4c12,delivered,2017-07-11 09:59:10,2017-07-11 10:10:13,2017-07-11 19:32:21,2017-07-18 20:54:47,2017-08-04 00:00:00
d8d0488eb1aa33a391551c5bbe00e93f,7f4802bd5d7365cd23b2dab76a07fae8,delivered,2017-04-25 16:33:17,2017-04-26 09:35:18,2017-04-26 09:44:29,2017-05-04 11:52:06,2017-05-16 00:00:00
d8d4fd7b15d5b9cb93926c29f7f3066c,a4a766ed0dc895e33d2f962b53a21e4e,delivered,2018-01-25 14:36:48,2018-01-27 02:40:02,2018-02-01 01:26:31,2018-02-16 19:05:59,2018-02-20 00:00:00
d8e06a0d47d09dae630bf252bbf904b9,980ce384cf75d4d521939629585ff283,delivered,2017-10-24 13:18:46,2017-10-26 02:56:25,2017-10-27 15:07:56,2017-11-01 19:49:49,2017-11-06 00:00:00
d8e436a94b1158d6fff244c9ae75fccb,bfab5a9ad7cb90be9265fafcd4ef39e8,delivered,2018-06-30 23:05:48,2018-07-05 16:17:41,2018-07-03 16:21:00,2018-07-09 18:38:39,2018-07-27 00:00:00
d908de4c1a0a5ef56f75e404abb7ee10,40344fc90bd43d22bf7cb4ef3be9e4ef,delivered,2018-03-05 20:04:42,2018-03-05 20:15:32,2018-03-08 14:06:31,2018-03-28 18:14:53,2018-03-21 00:00:00
d915ad63f37385cc799d0b5363de302a,c9c082e00f8e245fb30df79db1964cd3,delivered,2018-02-06 15:18:19,2018-02-06 16:11:45,2018-02-07 20:04:55,2018-02-19 16:19:04,2018-03-06 00:00:00
d917b61df82dea35fe77a6dd3f6022e3,31eabee6e1edc94e8fe685de329a97a3,delivered,2017-12-09 16:50:35,2017-12-09 17:10:51,2017-12-12 19:14:00,2017-12-30 01:33:50,2018-01-10 00:00:00
d9188a09f83fb2125c314edc1c7c933a,789f50c05b37177c61cdaa0a4b2777a9,delivered,2018-02-28 23:23:22,2018-02-28 23:35:45,2018-03-06 22:49:01,2018-03-25 15:06:01,2018-04-06 00:00:00
d91a069afed21a6f7b095b0a908f5008,b7442c005410200e8e70b2404b79c56f,delivered,2018-08-02 12:06:09,2018-08-02 13:04:24,2018-08-03 15:46:00,2018-08-06 17:39:25,2018-08-10 00:00:00
d946899ce911ebb570750e694994f812,1ad28b7f105b6cbf4d6741d2e1d5c04e,delivered,2018-07-03 12:03:55,2018-07-05 16:32:57,2018-07-13 13:53:00,2018-07-21 19:52:18,2018-07-30 00:00:00
d951a2eceb245c4227c3d633d4a440f2,d89d01207332ba4362dad5ba73b8c00c,delivered,2017-06-14 02:03:11,2017-06-15 02:02:57,2017-06-20 17:42:42,2017-06-27 14:59:36,2017-07-07 00:00:00
d95feb184596a27a70144e63e635ed5b,a7e7f8dff23d4445f62bebd3c2b0078e,delivered,2018-02-28 20:52:34,2018-02-28 21:08:56,2018-03-08 16:25:49,2018-03-15 00:21:58,2018-03-15 00:00:00
d9644b981a4d023c5392dd06bfc8cdc0,5a0dc6805a195218a4e448653dee4740,delivered,2017-05-27 04:22:55,2017-05-30 04:30:27,2017-06-01 13:32:39,2017-06-22 18:34:35,2017-07-12 00:00:00
d96dd69ac1c031310e28e40e22130149,efe389e9d5152203223f50ad62a0572c,delivered,2018-03-15 20:36:00,2018-03-16 03:50:16,2018-03-21 21:25:39,2018-04-04 19:28:34,2018-04-03 00:00:00
d9773132aa1151c56c6f940c8d29cc0a,343506512287287cf0c18d485fe44c9f,delivered,2017-11-24 16:26:15,2017-11-24 20:30:58,2017-11-28 20:51:43,2017-12-10 16:03:08,2017-12-15 00:00:00
d983124667a44e540ef9ab35c37c486e,0bc92ea0f454d4bce3665b5716cfa58d,delivered,2018-01-30 12:50:09,2018-01-30 13:10:38,2018-02-05 21:14:16,2018-02-15 18:41:57,2018-03-06 00:00:00
d9a03aaa586760cdcfb4aaddbcfd0767,6c25309593351b489bdf6acb8e186375,delivered,2017-03-11 19:06:15,2017-03-11 19:06:15,2017-03-16 06:14:54,2017-03-20 13:39:23,2017-04-05 00:00:00
d9a857b8ca6c8ca6a97e6977be3e47bb,4d6ea1b19aa670516d625c6da25d954f,delivered,2018-02-08 22:22:54,2018-02-10 02:35:55,2018-02-16 16:43:29,2018-03-05 22:38:34,2018-03-14 00:00:00
d9b4f2ffa6ecd7c3ba59f13458e3ebb2,2a16ecfaa8192a53f40b1531dee2409c,delivered,2018-07-08 20:10:30,2018-07-08 20:25:19,2018-07-12 12:21:00,2018-07-20 16:32:12,2018-08-01 00:00:00
d9c27eceb93c734d5711f417a691e904,c3d3e00eb0741f6662891cb94a986ecc,delivered,2018-01-29 14:59:34,2018-01-29 15:18:50,2018-01-31 20:41:26,2018-03-03 21:33:41,2018-03-08 00:00:00
d9ddf675a1e7539367d20a66ba38b168,f7896b7b7659fd071aa432e5b2c30c90,delivered,2017-08-22 19:48:46,2017-08-22 20:06:19,2017-08-24 20:22:44,2017-08-31 22:27:58,2017-09-08 00:00:00
d9fa4ce136debee4083c12f5073aeb79,a581a65a64706359a642917e16faf4e0,delivered,2018-07-10 07:55:10,2018-07-11 03:35:23,2018-07-11 13:11:00,2018-07-13 22:32:22,2018-07-30 00:00:00
d9fa5ad719e1732700ccfc765c6ff6a6,c4d577a3b00d363c6a6e57d629b4b558,delivered,2018-03-19 16:21:03,2018-03-21 08:47:55,2018-03-22 18:56:58,2018-04-02 19:03:44,2018-04-10 00:00:00
d9fee3504f55226ed8e155bdc0a36a06,d247c3419a9aa4ec6ca6fd6ae2fa24fb,delivered,2017-07-10 22:41:55,2017-07-10 22:55:17,2017-07-13 15:51:43,2017-07-27 15:16:51,2017-08-09 00:00:00
da01eb83df2aafd16872ab0c5f24d5b6,123840a282dd67fa5c1e262750d2c9e7,delivered,2018-07-01 09:24:46,2018-07-01 09:35:09,2018-07-03 15:07:00,2018-07-06 18:57:24,2018-07-23 00:00:00
da0831d4484d6bb80afb9ddc8c12068c,d1493b7fc8c69384bae2af1d631a33bd,delivered,2017-05-12 12:38:05,2017-05-12 13:10:11,2017-05-15 10:47:45,2017-05-16 14:12:53,2017-05-22 00:00:00
da0b6b99f3177153b2d410482eef35cd,6da5ec0d3eb50c441e521842eb1f1fe2,delivered,2017-08-26 03:55:58,2017-08-29 04:31:06,2017-08-30 20:28:05,2017-09-08 23:05:00,2017-09-20 00:00:00
da0f3ca7a69fe74c208f8cad4b3a42f2,3911e9adb85bd0a22a4fa417087ce84f,delivered,2018-05-19 11:23:11,2018-05-22 07:55:09,2018-05-22 12:15:00,2018-05-23 21:36:33,2018-06-05 00:00:00
da225376046ab771e41a24f84f53f536,6e487c18c49fbce6f7cabc4b4565e156,delivered,2017-04-11 21:58:16,2017-04-11 22:05:24,2017-04-12 12:39:58,2017-04-19 14:44:35,2017-05-05 00:00:00
da225d51cdb2a615ac38734cfdaebab4,5a01248cc0f2dfc237fe63b35f27a918,delivered,2017-02-10 12:13:02,2017-02-10 12:32:19,2017-02-13 10:12:30,2017-02-23 08:53:59,2017-03-13 00:00:00
da25492a616ea75359094ce9180d2691,cd5197b832fad889118cb4ec1483b4f2,delivered,2017-12-01 09:59:13,2017-12-01 11:31:06,2017-12-04 21:34:42,2017-12-07 17:14:48,2017-12-20 00:00:00
da286fe249fa752e4b234df260764f06,4bc3f8a7ff21c10b55dda45c89ffc21e,delivered,2017-12-31 01:51:49,2017-12-31 02:06:54,2018-01-04 23:58:54,2018-01-08 22:43:12,2018-01-24 00:00:00
da28a815dd7996590e84c9e51dec1ff4,0400b2f1a68d9a8cae29fe11727ceebe,delivered,2018-07-23 15:00:02,2018-07-23 16:20:18,2018-07-24 13:44:00,2018-07-27 16:21:08,2018-08-06 00:00:00
da2aeb448f7a4f8604a2d56cc3b2e02f,cfd66e8cb80e01b5d940ae54a7a9c007,delivered,2017-12-13 18:56:04,2017-12-13 19:10:15,2017-12-14 23:12:47,2017-12-22 23:26:53,2018-01-09 00:00:00
da44f554b7c4550b0d3cd650f132d1e1,05bd9751942c8aa2386dfb7459379105,delivered,2017-08-31 13:06:43,2017-08-31 13:24:13,2017-09-01 20:05:28,2017-09-15 19:17:25,2017-11-23 00:00:00
da4de3d19e5b90636ab88e1919fdd00e,8f7f96570b1d2295ba13eb9793af291e,delivered,2018-05-12 13:10:58,2018-05-12 13:32:09,2018-05-14 16:02:00,2018-05-16 23:59:40,2018-06-11 00:00:00
da5d566236538abb69c83b6283383b60,8d51bbfd67bc27fa458541719c2f31f8,delivered,2017-11-21 15:54:16,2017-11-21 16:07:31,2017-11-22 21:26:43,2017-12-06 18:55:18,2017-12-13 00:00:00
da627a0b6c0976733e24aac04405eaa6,5124af0baf58d5daaab528b151972178,delivered,2018-05-08 22:56:02,2018-05-09 22:55:25,2018-05-15 16:03:00,2018-05-21 23:18:31,2018-05-30 00:00:00
da633678d6fbb684914e7ed5fe73c290,767cbcbb777197d1d5a3b19c3eed2d2d,delivered,2018-02-04 00:03:08,2018-02-04 00:15:40,2018-02-05 22:44:51,2018-02-09 23:48:58,2018-03-01 00:00:00
da730a4d617d48b8e8d136ef1f86915d,784fd050a4f5ccc4f971ce1e3c97276b,delivered,2018-04-30 12:25:36,2018-04-30 12:54:03,2018-04-30 15:24:00,2018-05-09 21:31:32,2018-05-24 00:00:00
da7c8d10be75239ed8393bba1dcc4ca0,a053fa192b4a6197e220e6052002e8e1,delivered,2018-06-18 21:53:19,2018-06-18 22:16:05,2018-06-25 13:48:00,2018-06-28 18:44:40,2018-07-23 00:00:00
da95823b29f9ce7bcc4deebe1e568aff,47610d89c6fdfac969beb4fa9f5d37f1,delivered,2018-08-19 11:48:49,2018-08-20 11:31:32,2018-08-21 15:14:00,2018-08-22 14:49:01,2018-08-29 00:00:00
da96d28b7700ca5ee77d63d455a9ff9c,616f891beb5fb30b85a4a97acb0d6ce5,delivered,2018-04-13 17:43:48,2018-04-13 17:55:13,2018-04-14 16:56:35,2018-04-18 16:22:00,2018-05-04 00:00:00
da9d5d868a28b17116214d1240c22837,8cd6037505c5d3a5f92d485b1345e918,delivered,2017-08-01 22:25:27,2017-08-03 03:04:44,2017-08-11 20:22:20,2017-09-19 18:09:44,2017-09-08 00:00:00
dab321037289756354fa98b118f4463b,c9e7c937d961937554a05768ef8c6e28,delivered,2017-02-16 17:42:42,2017-02-18 03:15:12,2017-02-20 10:36:49,2017-03-04 09:22:16,2017-03-27 00:00:00
dab8a6c6bd6ec448df5b3a6b6cb887bc,394653a10cab83cad40d7e2713f3ab89,shipped,2018-07-14 10:12:51,2018-07-16 12:30:58,2018-07-16 14:34:00,,2018-08-03 00:00:00
dabe75dc242585e529fea2c265e70da3,77a0b2c7a3ad71cf37e7e006c8cf2d24,delivered,2017-07-05 21:06:33,2017-07-06 16:55:14,2017-07-07 18:04:00,2017-07-14 17:07:32,2017-07-31 00:00:00
dacb857612778747b96d5afcad0adbd4,2efa228413723f2cb74177fbe013df47,delivered,2018-07-13 18:45:16,2018-07-17 07:31:37,2018-07-19 14:02:00,2018-07-23 20:32:24,2018-08-02 00:00:00
dacd9ea86285f197d0b7495e8af14781,1ee7676535dc405dbb88977050668100,delivered,2018-04-18 20:51:20,2018-04-18 21:11:15,2018-04-19 18:35:29,2018-04-30 21:17:21,2018-05-28 00:00:00
dadb01b1be2452288cad226dc8deb6d7,e29a5639b31697bc8d229413b5c0e6fa,delivered,2017-10-14 16:04:05,2017-10-14 16:25:46,2017-10-16 21:33:46,2017-10-25 23:14:03,2017-11-06 00:00:00
daed9e78d8caf060ecb46125d167dc67,c0d3af311caad01cc8343a88fe70fdf6,delivered,2018-05-21 15:47:51,2018-05-21 16:55:08,2018-05-23 11:31:00,2018-05-25 17:46:21,2018-06-05 00:00:00
daf7924c5511a9ba51d2fccbf42305be,0ab15f44d01c48d43ada758313530fd8,delivered,2018-02-19 11:15:34,2018-02-20 07:40:24,2018-02-21 23:22:26,2018-02-28 17:06:33,2018-03-09 00:00:00
db0c400a715a4ade505cf24a95e5ade3,0f935b86bea2bcf211fa481f05d4ae85,delivered,2017-06-06 12:42:39,2017-06-07 06:35:10,2017-06-07 15:43:29,2017-06-16 14:37:59,2017-06-29 00:00:00
db19ee032409eb975bc529b906bb8298,38070926ee91423bdc82e914a72429de,delivered,2018-07-14 18:23:39,2018-07-14 18:35:24,2018-07-16 13:51:00,2018-07-31 02:32:47,2018-08-02 00:00:00
db1cfa492610bccff9d25d439a9ff2b6,d67409b18fea6a27c87240f38798b20f,delivered,2018-04-18 11:54:50,2018-04-18 12:10:14,2018-04-19 22:52:32,2018-04-23 12:18:29,2018-05-08 00:00:00
db3fc84b6b11b4b4c892442161860ca9,e9ea17f127953c48d771b37a514d2d66,delivered,2017-12-04 18:07:49,2017-12-06 02:50:17,2017-12-08 02:28:46,2017-12-18 23:44:58,2018-02-13 00:00:00
db598c672baf941a618fb372941b0c5f,ebca5a733316195ff6041c30e456d7e9,delivered,2018-03-23 21:03:04,2018-03-23 21:10:26,2018-03-26 22:56:30,2018-04-09 20:38:29,2018-04-13 00:00:00
db5e341b9a765a33fd41da0b3f0944dc,c2d4ca05c1058ed1b1f59df1255cd148,delivered,2018-02-04 11:42:14,2018-02-04 11:55:33,2018-02-06 01:33:50,2018-02-22 14:36:58,2018-03-12 00:00:00
db5f60962b917b4dd9d73efd3e121ff6,40803048d3a6898a71048ad33d7166de,delivered,2018-03-17 01:58:13,2018-03-17 02:10:28,2018-03-19 19:28:41,2018-04-28 14:57:57,2018-04-17 00:00:00
db5ffcf21d69f57af9556fedec62a95a,35c5ad270bff076f7b5c235849efe96e,delivered,2018-04-05 16:40:03,2018-04-06 16:35:24,2018-04-10 00:28:40,2018-04-13 20:31:42,2018-04-27 00:00:00
db6c4c19928d9acc355a54ee897bfdbb,932855634dedea1d4afc7a247afea5d7,delivered,2017-10-30 14:08:55,2017-10-30 14:15:18,2017-11-03 22:14:09,2017-11-09 23:08:56,2017-11-27 00:00:00
db88b6343641816263ce1df8c1ad1b2a,bfc3b18138f9f8875f3cb6d9f8202ed0,delivered,2017-10-10 23:13:16,2017-10-12 02:19:35,2017-10-16 22:23:58,2017-10-20 18:18:01,2017-10-30 00:00:00
dbb1353a1b37773612291d7e294ec323,80ad906b5e2e5d97b96c167d244e9e0d,delivered,2018-04-01 23:06:18,2018-04-01 23:47:52,2018-04-02 21:34:53,2018-04-07 00:33:17,2018-04-19 00:00:00
dbb56a8ecf60edb17a584daea927824a,d94b3b454957707eb99be5b96da7b71c,delivered,2018-04-02 11:21:55,2018-04-03 11:15:27,2018-04-07 01:08:35,2018-05-01 10:30:44,2018-04-20 00:00:00
dbbb8658d9a27d2be4cefb9a9a5d9e33,1557244dadd25bbf0b7c24aa8c76cc2c,delivered,2018-05-29 21:59:03,2018-05-29 22:32:46,2018-05-30 14:40:00,2018-06-02 13:41:58,2018-06-21 00:00:00
dbc94ce4ff22c2daba89640dacc43949,6119608bf8b3b9b4883efc15b3ad5b40,delivered,2018-04-20 20:24:56,2018-04-24 18:56:51,2018-04-23 19:38:20,2018-05-02 20:48:28,2018-05-09 00:00:00
dbdf0c5c635838a46d0034dce3dc646e,63b6438d1c730d87d4781b28de7ac834,delivered,2017-12-16 09:48:58,2017-12-16 09:57:24,2017-12-19 23:04:44,2017-12-22 15:35:46,2018-01-12 00:00:00
dbe715996d171c4b2877daa01c0d6aca,cab77812cc7fd13299f17d2c04b88654,delivered,2017-05-14 16:13:18,2017-05-16 03:25:26,2017-05-18 15:06:24,2017-05-23 14:19:27,2017-06-06 00:00:00
dbec6fd4540dcda2662baf24a0bc8f0f,299339e09ea0ddc0b5ec0db726adae00,delivered,2017-09-27 00:10:07,2017-09-27 00:49:49,2017-10-02 20:34:05,2017-10-03 20:32:45,2017-10-13 00:00:00
dbf2c0164b592abca90f6c6817f37a9b,b67442bfea418c7574cb711bf521d040,delivered,2018-04-28 19:08:05,2018-05-01 05:32:19,2018-05-02 11:11:00,2018-06-05 00:03:06,2018-06-01 00:00:00
dc0109bc73a54e5a94b39f557da4916a,218fd136c7a84d4e9830d0fc98ed9f38,delivered,2017-08-12 18:48:33,2017-08-12 19:03:44,2017-08-15 13:13:13,2017-08-18 17:10:16,2017-08-25 00:00:00
dc0e878c900ba40571360f0890a14666,00d97ddbc2cafa83bc2412d11da98d88,delivered,2017-11-25 17:51:37,2017-11-25 17:59:24,2017-11-29 15:41:48,2017-12-06 00:54:44,2017-12-29 00:00:00
dc17c17282032d56b1ca7dfbb291cf07,8feffbf725adf0e97ba87c57d4920bf8,delivered,2017-01-31 20:16:02,2017-01-31 20:25:22,2017-02-20 16:21:36,2017-03-02 16:59:18,2017-02-27 00:00:00
dc30763d1665f5167ab925fbb51202f9,7d498305b94fb1d7f3e26e6fce47e4cd,delivered,2018-06-14 17:08:17,2018-06-14 17:39:33,2018-06-15 14:00:00,2018-06-26 19:03:30,2018-07-18 00:00:00
dc523b270be716d338c2fbc9a4bcdfc3,5223c607aceef2f16e11f8b47ff72b8e,delivered,2017-08-24 01:41:15,2017-08-24 02:05:14,2017-08-29 20:25:37,2017-09-01 18:25:59,2017-09-18 00:00:00
dc53168ed84c77eb9eb18a8026bc393b,6fd1799158e0e89e413a22b93a94d6eb,delivered,2018-03-01 19:41:54,2018-03-02 15:12:18,2018-03-06 15:58:54,2018-04-04 19:28:37,2018-03-21 00:00:00
dc608454ac1f85d42db31f7d558afff6,d0472a32770b2d07b3746ba671268938,delivered,2018-04-02 18:23:58,2018-04-02 18:35:22,2018-04-05 21:45:49,2018-04-13 13:19:35,2018-04-20 00:00:00
dc6ad9979090e9f597d6cd0ea5a3feb6,3890ca07984aeb87f3c7418ee749e0dd,delivered,2018-03-26 10:25:49,2018-03-27 07:06:50,2018-03-29 20:58:58,2018-04-09 21:18:35,2018-04-13 00:00:00
dc86dc4acc1d71e89538c72f78688caa,adbf5fc5322e56f67546e9959ecd360a,delivered,2018-07-15 15:55:21,2018-07-15 16:10:13,2018-07-23 15:05:00,2018-07-26 14:28:30,2018-08-15 00:00:00
dc8e7d66422ec37c6fa1cd4f6d29a85a,d457b3332a59dfd741d7bd9bb57b73c1,shipped,2018-07-15 14:03:37,2018-07-15 14:15:14,2018-07-16 15:52:00,,2018-08-02 00:00:00
dc9470b246bc5c83e5e72f1897971fcb,1c4baaa0618b5e734254a134c5cf8112,delivered,2017-08-03 09:35:17,2017-08-04 09:45:15,2017-08-07 15:27:47,2017-08-07 20:52:02,2017-08-30 00:00:00
dcc07c60d0b67d006e3b736ed1c75e69,27563bf5129789dbb7d729bf7721ff0a,delivered,2017-10-13 20:18:26,2017-10-13 20:28:19,2017-10-16 20:34:05,2017-11-18 15:56:33,2017-11-06 00:00:00
dcd9b00fff62919c208f9e424f8b2c13,7a999a63fd38a91b7c1061ef82ec71f0,delivered,2018-01-18 12:33:34,2018-01-18 12:56:27,2018-01-23 01:03:54,2018-01-29 17:52:09,2018-02-09 00:00:00
dcec2b3be8c3d53056fe63381b2a6cfe,6a561788c45be4acceb377783ad116be,delivered,2018-01-19 12:33:36,2018-01-19 12:56:22,2018-01-24 21:33:08,2018-01-31 02:32:16,2018-02-05 00:00:00
dd082c5f38a7001c40cf57a14f1b3b34,877e706c542a3af30b80f32d160dd874,delivered,2018-03-15 13:20:24,2018-03-17 02:45:45,2018-03-19 21:52:48,2018-03-23 20:24:37,2018-04-03 00:00:00
dd129706fb900252b1e9193815d80970,33c6aa3b05c08606ea259d5adf89f296,delivered,2017-02-22 09:47:07,2017-02-23 02:42:32,2017-02-24 09:52:25,2017-03-06 12:38:58,2017-03-22 00:00:00
dd213d835910436f5fbf274de5f1a5c4,58f34ae78c4146d80a6c5fe5cc66be22,delivered,2018-01-26 00:22:09,2018-01-27 02:40:19,2018-01-29 16:38:04,2018-02-07 18:14:53,2018-02-23 00:00:00
dd25b9c9ad6b58c1431edea24eeca196,3b6ad7611d288f2e059ebe868d7a5948,delivered,2018-06-23 10:31:16,2018-06-26 04:59:00,2018-06-26 15:50:00,2018-06-29 16:44:57,2018-07-23 00:00:00
dd31111df3c5c93d9be367bb8de6d3ed,80262844f63a61c4641efa98338fe8a4,delivered,2018-06-18 17:45:18,2018-06-19 03:36:34,2018-06-19 14:15:00,2018-06-22 17:41:47,2018-07-12 00:00:00
dd5ebf00c3d8b88a41ec9c8450ec59db,d5d929d5e3d3f1388463578a8516104f,delivered,2017-04-12 14:47:15,2017-04-12 14:55:20,2017-04-13 11:54:30,2017-04-18 12:27:13,2017-05-04 00:00:00
dd65ebf209e7f649ebd0db15a8f61b24,014945a1b791b4b3585bc9d2e8a85d82,delivered,2017-07-04 21:39:30,2017-07-06 03:15:36,2017-07-06 14:42:30,2017-07-11 13:03:46,2017-07-24 00:00:00
dd6e5859df4016efe3a4c9979af4ee90,0d9feda3f375cdf2c05353795e024a5e,delivered,2018-07-30 17:58:01,2018-08-01 02:44:20,2018-08-01 16:00:00,2018-08-06 17:12:57,2018-08-16 00:00:00
dd7466999a78895066f04b645789deb3,1caf15e0efd34c070c497ef8c87e8fa2,delivered,2017-10-24 17:06:38,2017-10-24 17:30:02,2017-10-25 19:52:37,2017-10-31 18:38:26,2017-11-14 00:00:00
dd91bcebe3c4f665242db31b800a2b59,f76cd756cb7b70b6f769c529728596ce,shipped,2017-06-25 16:47:48,2017-06-26 16:50:19,2017-06-28 11:32:31,,2017-07-07 00:00:00
dd9da3d7a26689e951d0153988f8fb2c,df89ed6b30c452e7d4959378606ce553,delivered,2018-02-04 19:46:01,2018-02-04 20:24:06,2018-02-05 23:46:34,2018-02-20 00:59:05,2018-03-13 00:00:00
ddb860efe17d6082630b99db1200b1c0,dfe533d0707629488eb4571a6dd315cd,delivered,2018-08-20 09:09:53,2018-08-20 14:35:50,2018-08-21 14:29:00,2018-08-27 22:03:33,2018-09-06 00:00:00
ddb9e8975cd9123fd5336811c747faa2,8deab30c73bc6ffae0e800d727c11c2d,delivered,2018-03-07 14:20:50,2018-03-07 14:35:32,2018-03-08 21:39:26,2018-03-15 13:37:20,2018-03-19 00:00:00
ddc75e18227aa517946c2239d18d1300,74fd1de60f458a07ceaded11a698fbc3,delivered,2018-07-27 21:30:56,2018-07-27 22:15:12,2018-07-30 12:24:00,2018-08-02 18:46:49,2018-08-15 00:00:00
ddc7e0a6253bc5f668507296a8d17c85,98ee0e7037a72a373dde3cb7eb3dff5b,delivered,2017-06-05 15:00:11,2017-06-05 15:10:17,2017-06-08 11:15:30,2017-06-09 23:59:25,2017-06-19 00:00:00
ddce482cc1785da2ee00c010675508d3,b59d54e1dc0ed83815e549c06a66de00,delivered,2018-05-05 17:25:59,2018-05-05 17:35:17,2018-05-07 15:32:00,2018-05-10 20:27:28,2018-05-22 00:00:00
ddcf5361d96d9fccf2ad351bfb96a58f,86f246f821229e7c842956b947dbcf46,delivered,2017-03-17 17:41:58,2017-03-17 17:41:58,2017-03-21 08:08:16,2017-03-30 11:58:29,2017-04-18 00:00:00
dde2fb922a5e542ca84560b67901f351,fa35c2eb47d2ac9cd12506c23024faf1,delivered,2017-02-14 15:42:39,2017-02-14 15:55:34,2017-02-15 14:32:27,2017-03-06 14:06:56,2017-03-27 00:00:00
de02851d6bdb931fe9bc90c4f92648b9,4cb7804e8b8f5b45c45e454bc16ad5a6,delivered,2017-10-25 21:59:09,2017-10-25 22:14:16,2017-10-26 18:03:32,2017-10-30 15:51:48,2017-11-13 00:00:00
de0d5d6bf2003cc68cddbcbb3783b87d,572c55e6ec9e1ccd62db5a04f67499bf,delivered,2018-06-07 12:05:36,2018-06-07 12:19:20,2018-06-14 11:23:00,2018-06-25 21:22:26,2018-07-04 00:00:00
de11626bdec1c2e2c4f907036e55b981,99079841620303aa896941664bd86441,delivered,2017-08-04 22:08:17,2017-08-04 22:23:53,2017-08-08 20:27:54,2017-08-21 21:12:27,2017-09-08 00:00:00
de1404a068c6c8c909897886a314bad7,5116eacd8d620b734c26a0f04e19b60a,delivered,2016-10-04 15:12:18,2016-10-06 16:05:04,2016-10-18 16:13:50,2016-10-24 20:35:44,2016-12-16 00:00:00
de17623947aaed64e2babfa41a212a91,e7898529cfcb20848578459266c3c633,delivered,2018-03-23 22:30:39,2018-03-27 03:48:31,2018-03-29 00:18:51,2018-04-02 16:25:53,2018-04-26 00:00:00
de2884aa8799702e8d242dc4029db3cc,d887148b2d2b9e3d51736103399c3227,delivered,2017-11-27 17:41:30,2017-11-29 02:20:01,2017-12-06 15:43:54,2017-12-08 19:02:50,2017-12-21 00:00:00
de31b55d7cafcd6ebb9bc6aa3c28a55c,d73b6abec0e5dc2e02540bac3bb4d9d1,delivered,2017-08-06 21:00:50,2017-08-06 21:15:18,2017-08-09 20:12:07,2017-08-14 19:18:52,2017-08-22 00:00:00
de38b62136dcb5ff40d44d807c460a8a,dce86563857a5b7113eb74dc94d07fce,delivered,2018-07-18 16:51:01,2018-07-18 17:05:17,2018-07-19 14:56:00,2018-07-27 20:02:30,2018-08-13 00:00:00
de5c0320a3acd9bb7b5acc242d51d54d,81f0cbc57cee6b95ecb895fa1da8ba6e,delivered,2017-11-12 22:19:09,2017-11-14 04:31:05,2017-11-14 22:19:00,2017-11-28 20:33:33,2017-12-05 00:00:00
de6db4f3c511147d4ab0a44149a38960,1b27e7f38dac493a9d3c98d25a346edf,delivered,2018-05-15 17:40:40,2018-05-15 17:55:33,2018-05-17 14:44:00,2018-05-21 13:38:22,2018-05-24 00:00:00
de6ea8b619d37e5f86f1566fb3136a15,de416864fefbc148110c3951c25fe872,delivered,2017-10-30 10:40:22,2017-10-31 10:35:21,2017-10-31 21:29:06,2017-11-09 19:26:47,2017-11-24 00:00:00
de72d70497698d2416dc47712bbc7678,c360961ef98b0d4b28357b7fd0387673,delivered,2018-02-13 09:15:52,2018-02-13 09:27:21,2018-02-14 23:58:44,2018-02-22 01:46:56,2018-03-12 00:00:00
de86d7a1250c84c7845795cdcf16a9ad,4c8d80e17eae5b1140669da0438954e7,delivered,2018-05-17 16:36:30,2018-05-18 16:58:01,2018-05-21 17:42:00,2018-05-24 16:32:16,2018-05-25 00:00:00
de8f4a82099fe4fa6bcb8952ca51420f,13db9c37d449305364a897e44f479406,delivered,2016-10-10 16:00:30,2016-10-10 16:43:18,2016-10-14 16:43:19,2016-10-17 17:43:19,2016-12-14 00:00:00
de96b93d26af6d6a5c3aa622e245b86f,cd0879cb585fcbf74a2cf9417bda2362,delivered,2017-02-02 12:34:47,2017-02-02 13:01:34,2017-02-03 13:50:40,2017-02-06 14:55:28,2017-03-07 00:00:00
dea56b3893564838aa0a8b56394f46a4,fd0c90df7aab8c8b52d93ae6fb48c6d8,delivered,2018-02-05 15:06:08,2018-02-05 15:16:07,2018-02-06 18:04:37,2018-04-03 22:07:24,2018-03-01 00:00:00
deb21a069a630275a86d9f571e371d22,afd9ea67436a624c5430af8d663b6ddb,delivered,2017-06-23 00:24:20,2017-06-23 01:25:21,2017-06-26 09:17:30,2017-07-04 13:49:59,2017-07-19 00:00:00
deb42902805e791b98323850fd5f76d1,a96e90e1d85a06537da3b40cec3df48e,delivered,2018-02-16 15:53:22,2018-02-16 16:07:06,2018-02-21 20:13:41,2018-02-24 00:13:15,2018-03-05 00:00:00
dec187408e75f0e3a10eb475e45e6ab6,8b4792c0e1ca51d3eafe9d434b4ed281,delivered,2018-01-11 10:34:34,2018-01-11 10:48:29,2018-01-12 22:14:10,2018-01-19 21:25:05,2018-02-01 00:00:00
dec5dddbabb890eefc4bf9e0b66ad1bc,f25d8576442f2eb5a76648bea92b1c01,delivered,2018-02-19 13:39:17,2018-02-19 13:51:04,2018-02-21 18:23:19,2018-03-06 20:43:47,2018-03-22 00:00:00
dec9169d4f8c2e229d7421e28ef70781,acffc70df5f0a2ddc0e094eea7f5f069,delivered,2018-08-28 13:29:17,2018-08-28 13:44:22,2018-08-28 15:30:00,2018-08-30 17:51:57,2018-09-13 00:00:00
decd1adc7d738abad2902c966c3ef697,f8065481b7b66b8eda00febe4e98c61e,delivered,2018-04-18 15:40:53,2018-04-19 15:49:01,2018-04-20 23:16:45,2018-05-01 15:04:50,2018-05-16 00:00:00
def43ca6d79899925ea0c19f4fb63200,7fd3d557cf72df79e448740ca65d015e,delivered,2018-08-05 20:36:51,2018-08-05 20:45:10,2018-08-06 08:33:00,2018-08-09 16:51:58,2018-08-14 00:00:00
def6322635f4afb3da8756ad712957c0,d7c6202c81ea8e87b8c1afca9081081d,delivered,2018-05-13 16:45:22,2018-05-15 04:12:10,2018-05-16 08:15:00,2018-05-17 19:31:18,2018-06-14 00:00:00
df19d1b00a1e07ad04c791d1301baacf,9c218516f70c6deb239810bae75c305c,delivered,2017-11-26 19:40:12,2017-11-26 19:53:46,2017-11-28 22:08:24,2017-11-30 23:05:43,2017-12-18 00:00:00
df258d3d30d51b9991fe71bb0e4f126c,e1c409b2499704247a1dbb5b7f96d78f,delivered,2017-06-29 13:25:04,2017-06-29 13:44:01,2017-06-30 07:35:28,2017-07-05 14:27:42,2017-07-19 00:00:00
df2b5e7523f6848076e498618e1a00d6,16228502cd87d64e4d7561b8c62bf657,delivered,2017-11-24 15:29:38,2017-11-28 03:21:13,2017-11-30 01:28:39,2017-12-11 22:07:01,2017-12-08 00:00:00
df2fc7ba1ed5d8b9defb1d67ded57fb5,9ef127d5e1160289c0629d156a39c648,delivered,2017-05-17 16:05:12,2017-05-19 02:35:14,2017-05-19 10:18:50,2017-05-22 11:22:03,2017-05-30 00:00:00
df4b824bd4343d1cb124a2a17a87be00,78f47f58b2b6a086cf8c8fa4656bb3d9,delivered,2017-04-04 14:13:05,2017-04-04 14:25:18,2017-04-05 08:43:08,2017-04-11 13:45:46,2017-05-05 00:00:00
df82ea7ca7f0f799161e0fd92c3ab96a,8f121fde1f03b4865ac871202143016b,delivered,2018-05-14 11:28:58,2018-05-14 11:58:12,2018-05-14 12:02:00,2018-05-19 11:18:41,2018-06-18 00:00:00
df832acdcfc236969ab361d4597e6e0a,773955295ef286f5d3b8fca9caa6bd9e,delivered,2018-07-19 01:00:07,2018-07-20 05:03:25,2018-07-24 06:53:00,2018-07-31 17:13:38,2018-08-10 00:00:00
df9a9799d18fea4a40cc802a44f7c400,b6bc0a0984212a4c64f88c94d0007c07,delivered,2018-06-29 15:31:02,2018-06-29 15:50:51,2018-07-05 13:50:00,2018-07-06 11:22:25,2018-07-13 00:00:00
df9eb91b90f72e0b73a3b71466a9a44f,94bfddd766140150ff3a5f0e09df6d03,delivered,2018-06-11 14:56:41,2018-06-12 09:00:43,2018-06-12 13:59:00,2018-07-14 16:35:36,2018-07-03 00:00:00
dfa133091470b285a434fad21fb4bbd9,ae2424a66e95f739497a3466651874fc,delivered,2018-07-26 16:13:48,2018-07-26 16:25:24,2018-07-30 13:37:00,2018-08-06 21:48:40,2018-08-16 00:00:00
dfaa4ce943a8dba10b754befb76fdb49,dcb6e7bc4e65d815025d0aa14349a4ca,delivered,2017-11-26 15:11:19,2017-11-26 15:17:28,2017-11-27 17:11:17,2017-12-02 16:39:45,2017-12-18 00:00:00
dfe927ca4859176d7377a7543078d4b1,d6880369dd3f36a3f15b849edc8ab8d3,delivered,2018-08-06 21:10:43,2018-08-06 21:25:21,2018-08-08 14:25:00,2018-08-17 20:36:39,2018-08-23 00:00:00
dfee6abeb1d68f04563ff2499a4dccfd,26ad0f0ff22fd1874b664e7cdbf2cecb,delivered,2018-06-20 17:53:07,2018-06-20 18:47:21,2018-06-21 15:27:00,2018-06-26 22:18:49,2018-07-17 00:00:00
dff0494b87d4607872757269757c7bb1,3096efc811862c3afd73dc18e693a1ef,delivered,2018-02-16 15:50:23,2018-02-16 16:07:00,2018-02-19 17:38:52,2018-03-09 20:23:31,2018-03-15 00:00:00
dff351d499a7a16d302eb0c77d6fc100,a31586a3abb2e9ce07180c42029bbc11,delivered,2018-07-31 10:48:20,2018-07-31 11:30:34,2018-07-31 14:30:00,2018-08-10 20:48:43,2018-08-16 00:00:00
e0043b9e113bdc5f84b14893d62e00ac,567e09a51ff57f2f6ef54ef2dcb742e8,delivered,2017-11-24 12:00:57,2017-11-25 04:15:21,2017-11-29 15:12:10,2017-11-30 19:26:44,2017-12-08 00:00:00
e008eec42c3cdeca3e9b47a91fbc848a,30c94c942e84899e8508e065325e382d,delivered,2017-10-03 12:36:36,2017-10-05 03:04:07,2017-10-09 22:12:35,2017-10-25 19:04:48,2017-10-27 00:00:00
e02e125437cc2226be342ae222e83a15,4bf1235ced3c2352ac7862d918f218d9,delivered,2018-07-18 15:57:05,2018-07-19 02:55:28,2018-07-19 15:31:00,2018-07-23 16:18:38,2018-08-06 00:00:00
e032067cbea43b5e3d9a4c1ebec40f3d,3c10e28136c7245b59aacf777a4e1e47,delivered,2017-12-08 21:58:05,2017-12-12 03:58:21,2017-12-14 11:48:38,2018-01-19 00:59:40,2018-01-09 00:00:00
e03802b5209c43fd6ba9d5fefbd664ca,7c26e6e9bb97ca9576d80b206f6d28ad,delivered,2018-02-21 20:49:39,2018-02-23 02:31:02,2018-02-26 23:37:54,2018-03-14 21:12:09,2018-03-15 00:00:00
e03f2a110a3c771d1e0e126f139503d9,9c66d0ea4755e0f35408a0cd71cc68a4,delivered,2018-01-18 10:26:40,2018-01-19 02:37:00,2018-01-22 22:23:17,2018-01-29 23:43:55,2018-02-02 00:00:00
e04d9eacedc0dca9d83c14fcb0d7276c,d87b6988897b12def5709ca4f8142012,delivered,2017-01-19 14:04:48,2017-01-19 14:21:41,2017-01-20 14:18:23,2017-02-07 14:35:10,2017-02-27 00:00:00
e05824bce3b3c69a0632e8e75b1a7e9f,4cc1a18dcb64f24b284b3243995340bf,delivered,2018-03-10 17:01:14,2018-03-10 17:10:29,2018-03-12 23:07:24,2018-03-28 19:38:33,2018-04-12 00:00:00
e05832d71fad97ae7744fc444ce72075,054bd8842309379cd9f34431efde1239,delivered,2018-03-17 08:15:57,2018-03-17 08:49:41,2018-03-20 01:41:45,2018-03-21 19:18:59,2018-04-03 00:00:00
e05c05475cc96f65f8c34274398840d9,fb776c31b53a1f918c012a98ecd1050f,delivered,2017-06-20 22:42:06,2017-06-20 22:55:16,2017-06-20 23:31:03,2017-06-28 09:13:22,2017-07-03 00:00:00
e061fd2fe7ac86187875963e906ecaa8,a892e4a132cf2f2e6a1e4db449856006,delivered,2017-02-25 13:23:33,2017-02-25 13:35:18,2017-03-01 10:11:11,2017-03-03 11:05:42,2017-03-20 00:00:00
e06fdebc12c0419b48541e02526f2292,6d71a473407ed039ee5d203ac45ef151,delivered,2018-05-06 20:12:57,2018-05-08 19:15:24,2018-05-09 14:18:00,2018-05-14 18:58:42,2018-05-30 00:00:00
e0740375ce45558ac111af54a98325e8,70a6c2f433d5e8ea6e042c06e0589a5c,delivered,2018-04-07 20:48:13,2018-04-07 21:08:30,2018-04-09 21:34:33,2018-04-16 20:18:30,2018-05-02 00:00:00
e07458f57b68cbe6f13c8b6161aa48ca,9cd36ef28e6e6a3d1e360cd8a7ac52ed,delivered,2018-06-28 23:17:06,2018-06-28 23:30:39,2018-07-04 09:13:00,2018-07-05 20:41:53,2018-07-16 00:00:00
e077d52f6cbef7bb5e3e3e147e44a189,7569ca3fd4cac49c36300b217d638628,delivered,2017-11-05 19:45:10,2017-11-07 07:30:48,2017-11-16 19:56:52,2017-11-28 17:04:42,2017-11-24 00:00:00
e07a6c5dd28e6b5ec4806a1ca8325e3b,6a616d99ee01ab693de21c57e49ea368,delivered,2018-04-03 09:35:02,2018-04-04 09:48:43,2018-04-04 23:19:02,2018-04-11 22:56:42,2018-04-25 00:00:00
e09eca55c225b904c8579bb1c56b77b2,301d5da00e8c74d0d2c80e2a27089a5a,delivered,2017-12-15 10:14:25,2017-12-15 10:33:38,2017-12-22 19:35:51,2018-01-11 17:39:42,2018-01-16 00:00:00
e0ba11a8f559fa965f2e848bf086d197,796180b64dc72ccf2cf97022e18436a1,delivered,2017-09-22 14:06:22,2017-09-26 04:04:46,2017-09-26 19:53:10,2017-10-05 18:47:49,2017-11-01 00:00:00
e0d4f16621f76377959e79ecd61f69cb,d8a527d4870db60ec4cb46a8dd8f1c69,delivered,2018-06-26 19:49:48,2018-06-26 20:07:42,2018-06-27 15:40:00,2018-06-28 19:12:01,2018-07-11 00:00:00
e0e2dd62e7153d8f3f03e62b4b476392,ea58ba76f07c7e170630ae1ef2c7b66a,delivered,2017-02-21 21:50:47,2017-02-21 22:02:21,2017-02-23 12:09:38,2017-03-07 14:33:27,2017-03-28 00:00:00
e0e83bdc2be394626d0f9177dcde0889,45e6b3e3126887fc3767adefb71c97d3,delivered,2018-04-02 15:11:28,2018-04-02 15:32:27,2018-04-05 20:02:56,2018-04-11 19:50:59,2018-04-18 00:00:00
e0f9722525043b60edddacd46709fea1,a89cadca9c9e913ed236af9991cfd22d,delivered,2017-05-11 22:41:40,2017-05-11 22:50:21,2017-05-12 21:37:56,2017-05-19 08:34:51,2017-05-31 00:00:00
e1017b936851c9cfe214af471fa314ac,54021a19ab55f5700fad6fb14ca8ec17,delivered,2017-12-06 16:58:56,2017-12-08 16:53:56,2017-12-12 22:07:04,2018-01-04 22:22:50,2018-01-02 00:00:00
e102f8dfd6da168838a2d13dfbc3bb10,cc520e111caf2d8356003f5814dfb2f4,delivered,2017-08-09 12:21:33,2017-08-10 03:25:44,2017-08-14 10:43:34,2017-08-17 20:35:06,2017-08-29 00:00:00
e117ced88985de310c55a4f417b2028d,933bab0e42c2ca412e361796ba65cd24,delivered,2017-11-28 14:13:22,2017-11-28 14:30:41,2017-12-02 00:09:10,2017-12-04 15:52:06,2017-12-12 00:00:00
e11b41677b48150784cf28b5c87055e0,beba15df134f002d757137f7ec16eafa,delivered,2017-09-30 12:52:33,2017-10-03 04:14:26,2017-10-04 11:51:25,2017-10-06 17:03:39,2017-10-18 00:00:00
e11e0f810b87b5bcbc4ce90273881f6c,bcbbc6cf8364e1cf1a6e0fa5570372f0,delivered,2018-07-20 10:14:10,2018-07-20 10:25:16,2018-07-23 08:50:00,2018-07-30 20:28:42,2018-08-07 00:00:00
e11e78a150492da775d6acead338315c,57cdc2c3d1a4f933be8b559960cb7f2a,delivered,2018-01-17 20:13:15,2018-01-17 20:30:49,2018-01-18 20:46:52,2018-01-19 18:52:17,2018-02-01 00:00:00
e12019a9afee02a4355f3629cc804f9e,64065d6a8dff88e59b688faf3c35997b,delivered,2018-05-16 22:43:52,2018-05-16 22:56:08,2018-05-18 08:23:00,2018-06-01 17:34:34,2018-06-04 00:00:00
e128a277a345197ba9155d63c2666f99,7d8b23fa4fbd0c8c95d7e8da1c5e84ba,delivered,2018-06-19 09:04:16,2018-06-20 02:55:13,2018-06-21 13:12:00,2018-06-26 18:58:32,2018-07-12 00:00:00
e147eb86ed23b0e106ce62cec5c6df6a,9c701fa0ca8a580d86ec245af013d65b,delivered,2018-06-03 11:28:20,2018-06-04 15:55:24,2018-06-06 12:01:00,2018-06-19 17:48:43,2018-07-20 00:00:00
e148d34dad8db4dc18a911c2a74413d7,5ddcd01413e76d53e9ee604f43d65430,delivered,2018-05-24 11:28:18,2018-05-24 11:53:22,2018-05-25 13:16:00,2018-06-07 23:52:45,2018-07-03 00:00:00
e14ca33656133486b155bc46e5b742c1,b5662c2ed415c039d62566365f368635,delivered,2017-06-12 16:31:45,2017-06-12 16:50:10,2017-06-13 09:33:46,2017-06-16 11:39:40,2017-06-26 00:00:00
e15f1e584322c33341bb95913477ae2a,5585e81d18619898a7ee6517d67cce6b,delivered,2018-04-02 15:53:14,2018-04-02 16:13:29,2018-04-05 22:08:52,2018-04-07 12:41:51,2018-04-18 00:00:00
e169b880e5f68fbd4500941ac7107168,d003364cdc8beb1c87e73780d7fc9d13,delivered,2017-09-11 13:19:46,2017-09-11 13:37:57,2017-09-12 18:13:58,2017-09-26 20:38:09,2017-09-27 00:00:00
e16e5b4572640ddc3de053a9b0f6432b,5fe9534ea2fcc99fcd42e7d1d8ab9910,delivered,2018-03-05 15:34:40,2018-03-05 16:40:25,2018-03-09 15:38:36,2018-03-17 00:05:56,2018-04-02 00:00:00
e16fb24453a306d5d6ba1fb3156df7a4,fe382f8a2ee546cdd8a2db08bc63f347,delivered,2018-08-06 23:05:24,2018-08-08 03:24:54,2018-08-09 12:31:00,2018-08-20 18:38:44,2018-08-31 00:00:00
e1860ce96baa10d7f08d86aaf5927459,f774bf697b9b702ff9169e23ffb8b3fe,delivered,2018-05-01 18:10:20,2018-05-02 18:32:52,2018-05-07 14:30:00,2018-05-11 16:52:14,2018-05-23 00:00:00
e19d4bc5b01581909777e6e48cec1e96,74748a33b4214cb9d8fa8919641e76b3,delivered,2018-01-27 10:38:07,2018-01-30 05:31:44,2018-01-30 19:51:56,2018-02-03 02:52:38,2018-02-23 00:00:00
e1a8489fda3f7a66e003134d7b4e6a59,ca691979fbbfdef74e179bf46526cf9c,delivered,2017-06-06 10:36:52,2017-06-06 10:50:16,2017-06-06 15:12:19,2017-06-22 15:19:46,2017-07-11 00:00:00
e1a8e28c43be15a1b32b5fce8c126594,b1d110ec158377a6ec3d2e5280525d7e,delivered,2017-08-08 23:13:48,2017-08-08 23:25:06,2017-08-09 13:40:48,2017-08-14 22:10:55,2017-08-30 00:00:00
e1bcc5095d07604629d0bce9477d77a9,b9ed68da40fa3b4f5df462ef5b3438a6,delivered,2018-03-27 10:24:28,2018-03-27 10:35:27,2018-03-28 22:34:32,2018-04-02 13:36:43,2018-04-12 00:00:00
e1d476e141862d870436d761b312032d,8eaef9eca5f384f13d08bdd90c07434f,delivered,2017-09-09 14:03:48,2017-09-09 14:15:13,2017-09-11 22:42:27,2017-09-25 22:08:43,2017-09-28 00:00:00
e1d6acaba6d1e84b8514575b9ef6fd71,5a0367f1c6acdbf73e18d97acc43df80,delivered,2018-04-18 20:54:45,2018-04-18 21:11:26,2018-04-19 19:21:46,2018-05-02 17:52:07,2018-05-11 00:00:00
e1df35a4d8a73d8ad53be0f5993e6af4,f3a4644c8ed85a663dcfcea1e815e83a,delivered,2018-04-04 17:23:21,2018-04-05 02:30:25,2018-04-05 22:46:42,2018-04-19 22:33:31,2018-04-30 00:00:00
e1e5a84a3748808d3ff0dcb4b58ac5dd,070571ebd72c8abf80e793aa0faa32f8,delivered,2018-05-19 20:40:42,2018-05-20 00:23:31,2018-05-21 13:57:00,2018-05-22 13:58:45,2018-06-13 00:00:00
e1ecfe26de4293cc0e26bac6c0359f09,4ef218a12818dd5526da5dd679987396,delivered,2017-09-22 19:38:21,2017-09-22 19:50:20,2017-09-28 20:13:03,2017-10-11 18:21:46,2017-10-18 00:00:00
e1f07bd016a804b8e38ba7dcbe65d663,5418152785b11509ddd4e441060702a9,delivered,2018-06-24 23:01:22,2018-06-24 23:17:59,2018-06-25 13:07:00,2018-06-28 19:31:40,2018-07-20 00:00:00
e1f693a7777b9f6ff730a9d2b45a56cb,c2e64d930487075593367a1ea29645aa,delivered,2017-05-12 10:28:31,2017-05-12 10:42:46,2017-05-16 08:53:34,2017-05-26 14:04:40,2017-06-06 00:00:00
e2047aaabab2869c1080a51c3e6b64ce,87d8a79b1f818010f6bff9a06a526905,delivered,2018-06-09 14:49:17,2018-06-09 15:10:33,2018-06-11 16:17:00,2018-06-19 18:05:26,2018-07-11 00:00:00
e218234621ce56589ca6157a7cf827ac,5d5d1ea621e982d29cf41b788ba83f64,delivered,2017-09-14 09:41:36,2017-09-14 09:55:24,2017-09-18 21:49:49,2017-09-20 19:02:27,2017-09-29 00:00:00
e21fd08d7e36f975120cb6392ee71ad7,c45bf3cd714e56d9b6604c76ff05547a,delivered,2017-06-28 16:22:42,2017-06-29 16:30:23,2017-06-30 14:33:57,2017-07-11 13:04:53,2017-07-26 00:00:00
e22127be7a5664250637f87a4d12410c,8618c996b56dfe9588b3a555af9c4ead,delivered,2017-08-24 20:43:50,2017-08-24 20:55:41,2017-08-25 16:27:31,2017-08-26 15:49:03,2017-09-06 00:00:00
e227bbccb113df7570b250faab62f29b,536dee228fa42ae8340c648ee43fd685,delivered,2017-07-10 12:19:44,2017-07-10 12:30:20,2017-07-13 21:47:49,2017-07-20 20:16:56,2017-08-01 00:00:00
e235f2f2440fa2abd4c0777a2fda1026,a521b24543a0798c2e47274b14267f40,delivered,2017-10-09 18:47:07,2017-10-09 19:49:23,2017-10-10 18:53:02,2017-10-16 21:03:50,2017-11-01 00:00:00
e2456fa3a339b1e8aa3ea8045a1ead4e,12884df92231ffd06d822698027ce61a,delivered,2017-11-04 10:11:43,2017-11-04 10:25:45,2017-11-06 19:32:20,2017-11-16 18:49:49,2017-11-28 00:00:00
e247a0570d308da27cd7f349902e66f8,79c1ae1c3d1a81c10781ecf7d7ef1720,shipped,2018-03-13 11:53:42,2018-03-13 12:10:28,2018-03-14 16:04:59,,2018-04-02 00:00:00
e26e9f6ac81aba6e29fb44def001d695,254b177b6a8e7c54a3216c70c77453d4,delivered,2017-06-23 04:46:53,2017-06-23 05:03:06,2017-06-23 12:46:15,2017-07-04 15:33:27,2017-07-27 00:00:00
e26f55a50645c4ffe8f2278b9c7e05b6,bf048168b14f8356e05d04dc16e9c9c1,delivered,2018-04-18 09:51:57,2018-04-18 10:10:56,2018-04-19 20:26:36,2018-04-20 21:22:40,2018-05-04 00:00:00
e271f030943591ad904d1c1ffdfe2a1f,db78f6bbd64027a4147d3f8e050c1dc7,delivered,2018-01-16 15:12:37,2018-01-16 15:31:17,2018-01-17 20:27:10,2018-01-23 23:07:05,2018-02-07 00:00:00
e27b496ee62de9d46e3f1ed56c2c49c3,fd4333e53f43e1531b94d8d3f020c27f,delivered,2018-08-13 11:29:07,2018-08-13 11:45:11,2018-08-14 11:23:00,2018-08-20 13:42:36,2018-08-31 00:00:00
e288fa5f1799464f8ec22b005044bf8a,a3a24cb81ef6ea2381fd68794f394176,delivered,2017-10-02 00:28:14,2017-10-02 00:49:25,2017-10-02 19:32:59,2017-10-05 19:38:39,2017-11-01 00:00:00
e29da678b1634c56e518d57a3354fbaf,359ad3b4fc253aaf69e36cc2bb4a6077,delivered,2018-06-10 19:12:54,2018-06-10 19:38:00,2018-06-11 13:31:00,2018-06-18 12:18:46,2018-06-28 00:00:00
e2a875ab76ae9c68c532baa517d90363,07e9c547c9d2b7d8ac9a35e81dbd1d89,delivered,2018-03-16 10:07:41,2018-03-16 10:24:54,2018-03-20 13:29:32,2018-03-29 00:24:18,2018-04-04 00:00:00
e2ae500f28aab47adcb9f215fac99b5b,82d90cc533f921fd3b90ff87d197eeed,delivered,2018-06-13 23:05:29,2018-06-13 23:18:59,2018-06-14 10:17:00,2018-06-20 21:28:39,2018-07-11 00:00:00
e2b7031b8151dd5de69d77a161b19c44,08ad03bbb59f24c6f7842e991d1c6324,delivered,2018-02-13 13:18:09,2018-02-13 15:00:32,2018-02-14 19:08:33,2018-02-27 20:39:02,2018-03-06 00:00:00
e2b81f0134f91f1be92e48ef39ee0d99,c891f94087a1bcda077d185cb4edfff5,delivered,2017-06-18 18:40:41,2017-06-18 18:55:06,2017-06-26 14:55:48,2017-07-07 16:49:33,2017-07-27 00:00:00
e2d728d25671b9cc26c08107fad09654,d02c08e99d8a8f8c8b2671a71149d683,delivered,2018-05-01 16:43:37,2018-05-01 17:12:41,2018-05-14 08:35:00,2018-05-19 17:41:18,2018-05-29 00:00:00
e2e85885a15f712ba00eb35cf5be7cfd,bffec816107aa26f6836f6fa687c9039,delivered,2017-02-18 12:36:08,2017-02-18 13:10:16,2017-02-20 16:22:47,2017-02-24 16:12:15,2017-03-30 00:00:00
e2e8773d11f4499f15349b8f613350a0,b12b0e2d548eb838e2ff04eb9358c293,delivered,2017-02-24 15:13:02,2017-02-24 15:22:14,2017-03-03 08:15:50,2017-03-07 10:27:52,2017-03-17 00:00:00
e2ea04401857fff26dea0694a4d1bb99,64932044c77e072f5a6d118f05f254eb,delivered,2017-12-21 12:05:52,2017-12-21 12:16:24,2017-12-22 20:08:06,2018-01-03 23:48:33,2018-01-24 00:00:00
e2ec0a81f014ff5006648b818c33219c,9920c66af298e7dc6997930aae31f1cd,delivered,2018-05-27 13:34:45,2018-05-27 13:49:49,2018-05-28 13:34:00,2018-06-14 17:32:47,2018-07-18 00:00:00
e2fa3a143afcfe0dc65730a780af43e1,7332c320bdb473f6e765fee364de7da2,delivered,2018-05-07 13:45:44,2018-05-08 13:50:24,2018-05-09 14:19:00,2018-05-15 21:08:43,2018-05-25 00:00:00
e2fbe37c6717808ef07b8f2b1cc63c40,dd898ada47b8dee6bdafc7e687cd6cd1,delivered,2017-11-09 11:52:53,2017-11-09 12:06:42,2017-11-10 21:21:36,2017-11-23 18:02:22,2017-12-07 00:00:00
e2fca022373f1b683cf49d41e76ec1e8,e6428b88ea8513d718bb4199f280cd77,delivered,2018-04-01 21:29:34,2018-04-02 21:28:58,2018-04-03 20:58:26,2018-04-05 23:18:46,2018-04-26 00:00:00
e31fbb2860d15276b1e38f43e9423924,eea812b0e14641c47ba205796bf8ff31,delivered,2018-05-18 15:58:03,2018-05-19 19:12:55,2018-05-21 14:46:00,2018-06-04 20:24:42,2018-06-21 00:00:00
e339dedb65f3cb8513ffe6dfa54addae,ba6085df70c57fc78776a938b55bea2f,delivered,2017-07-02 14:52:06,2017-07-02 15:05:14,2017-07-03 13:36:37,2017-07-11 19:12:21,2017-07-25 00:00:00
e34b841641aa07f65aedb6b71194a2e2,6f7135b7c84d9b96feb393ee3052000e,delivered,2018-04-12 15:49:40,2018-04-12 16:09:28,2018-04-14 01:12:38,2018-04-19 14:28:54,2018-05-04 00:00:00
e35fda43bb9963155d19ccc348e92845,afae2e90dfd0d2e98b0a3c5727682725,delivered,2018-06-21 17:53:24,2018-06-21 18:21:28,2018-06-25 09:15:00,2018-07-04 17:49:31,2018-07-27 00:00:00
e3650ea29ce4ca131ce317a0f291fd56,45e93cba18418238127f585180e2b0e4,delivered,2018-07-12 15:16:10,2018-07-13 13:30:13,2018-07-13 14:50:00,2018-07-23 13:18:39,2018-08-01 00:00:00
e36c63ea06394d310e4b4ce9334c0392,9be0b5613b936b25b6a08a55ef737919,delivered,2018-03-31 16:15:43,2018-03-31 16:27:28,2018-04-03 17:34:40,2018-04-16 19:58:46,2018-04-19 00:00:00
e38515b101676663b3f2cff2a323bbb5,46cdcbc49598ce3c33aa3af15acadbbd,delivered,2017-06-27 21:07:00,2017-06-27 21:23:47,2017-06-28 13:32:01,2017-07-06 13:13:09,2017-07-19 00:00:00
e393cee11ecbbcc2a9b3dd06a660957c,eb6e94584bcfe4d41ad77bdf5b343ee5,delivered,2018-05-31 14:23:17,2018-05-31 14:35:09,2018-06-01 14:42:00,2018-06-16 12:38:31,2018-07-12 00:00:00
e3956b68479689ff22eaf1f931ddaa29,79cfcbd00dfce1c4e9208032ab7aab15,delivered,2018-04-12 00:10:10,2018-04-13 02:11:31,2018-04-17 00:12:04,2018-04-18 17:12:59,2018-04-24 00:00:00
e3986fbe94481f46e166546a83cf8bf0,daa0e2cadf821900932ab0bcb99009ec,delivered,2018-02-01 15:11:22,2018-02-01 15:34:49,2018-02-07 16:42:54,2018-02-17 11:11:47,2018-03-02 00:00:00
e399cbb0337c90fe1809b307fcbe5b36,733ec8547bf0e1fca5ff8c6ab2a7a5c3,delivered,2018-06-13 10:43:10,2018-06-14 02:39:34,2018-06-14 13:35:00,2018-06-21 17:26:14,2018-07-11 00:00:00
e3a641fa10d7f975e743158d69c10ddd,6d71caed01ef04dc1f137440a60c1a47,delivered,2018-03-20 23:13:00,2018-03-20 23:30:53,2018-03-21 21:46:30,2018-04-11 19:48:40,2018-04-19 00:00:00
e3b5fc6a21524bb02af5c5ae8934c216,a05e5d67bec8b16eb0a745e78554c71f,delivered,2018-03-26 00:25:17,2018-03-26 00:48:31,2018-03-26 19:34:55,2018-04-09 18:19:08,2018-04-17 00:00:00
e3bcb51f9cf80e278397c1c56d827285,9e9c658318294b4563a62a0b6b30a0bc,delivered,2017-12-08 22:59:56,2017-12-08 23:12:20,2017-12-14 01:07:27,2017-12-20 15:07:40,2018-01-08 00:00:00
e3bdef3908e4c6a22a657b3786f89d4d,3003e2cad13e2943dcfadd1cf73e418f,delivered,2017-11-29 23:41:08,2017-11-29 23:56:36,2017-12-08 19:41:52,2017-12-27 23:04:45,2018-01-05 00:00:00
e3c2135c38233042e0bfa35a97882582,90bfdc2f88cc435b7a16812d26984214,delivered,2018-01-17 22:10:43,2018-01-17 22:19:35,2018-01-23 10:38:45,2018-02-19 13:09:16,2018-02-19 00:00:00
e3c4e25333597368379529a91b6970a1,df9f496fcdb19beb6351d619c29b875c,delivered,2018-08-01 13:42:49,2018-08-01 13:55:13,2018-08-01 19:40:00,2018-08-02 19:18:29,2018-08-08 00:00:00
e3c57d0ebff7edcd11f4f15e59ccc852,f31ce21e49feba9e205222603768ffd8,delivered,2018-06-01 13:42:14,2018-06-01 13:55:21,2018-06-04 12:03:00,2018-06-11 17:42:14,2018-07-16 00:00:00
e3c93a72c954974ce7fb82a5f97d8b89,7b9c3a194ea44dca8cbf2148b8185ed5,delivered,2017-02-17 22:34:14,2017-02-17 22:45:08,2017-02-20 13:40:49,2017-02-23 14:54:51,2017-03-16 00:00:00
e3d86ff081e92dedbd7b2a87838f0159,baf2116c28c10f4732a0a9494b5e72a6,delivered,2017-12-22 14:39:24,2017-12-22 14:57:29,2018-01-11 23:09:35,2018-01-19 22:32:56,2018-01-26 00:00:00
e3f2faf5604308ede614257aeb86ccf8,ca8493599537f0eaea865bf482491b9d,delivered,2018-05-16 15:35:52,2018-05-16 15:59:46,2018-05-17 12:48:00,2018-06-01 16:58:19,2018-06-01 00:00:00
e3fdb4acd9e17c8b90cb9632990ee786,f55e489fa5e3fa5cdab0588fb2cf9f0b,delivered,2018-01-02 07:50:34,2018-01-02 08:17:09,2018-01-03 21:07:04,2018-01-08 14:47:54,2018-01-29 00:00:00
e40432477b0a9de5823fb1c0fd293a5b,5e50b2b1a4f6a2a5d4bccbf44f2f6406,delivered,2018-07-24 16:03:03,2018-07-26 03:24:23,2018-07-26 12:52:00,2018-07-30 18:40:47,2018-08-09 00:00:00
e405bc96c83c1abef95a51cc9e8ca865,f6cd5629d58e708bba4bedb09a67d8a7,delivered,2018-02-15 13:44:49,2018-02-16 07:56:22,2018-02-16 21:18:47,2018-02-24 18:13:18,2018-03-08 00:00:00
e41e7842fa15d821ce598a8b80915cd8,22263f5c5d6ca2fe997157c56fdf05e8,delivered,2018-08-27 22:34:17,2018-08-27 22:45:14,2018-08-28 14:15:00,2018-08-29 20:02:13,2018-08-30 00:00:00
e4309eeca1cfe3c6df5a187c38817a5c,165b192629cbe02272e51f15c51408ae,delivered,2018-06-08 09:11:49,2018-06-08 09:35:35,2018-06-08 15:17:00,2018-07-20 18:51:20,2018-07-03 00:00:00
e433edc92cb5e3ae5515301b3309e303,bb6a81fae449a2e3e9e681597076c571,delivered,2018-02-25 13:06:17,2018-02-27 03:31:02,2018-03-12 21:34:32,2018-03-19 22:36:35,2018-03-20 00:00:00
e434f79ea884de16e5a8bf32afee5333,267f68f411fa32169472fa9b169a7238,delivered,2018-08-02 12:06:40,2018-08-02 13:05:17,2018-08-09 14:21:00,2018-08-16 16:37:47,2018-08-23 00:00:00
e43a94e0ef58ee8b2507c9176c7581d1,531c41b42011d927b9633c2453916289,delivered,2017-08-18 13:12:10,2017-08-19 02:15:59,2017-08-21 21:29:58,2017-09-01 16:26:33,2017-09-14 00:00:00
e441fe4a9a90a9174dcecd88671cd3c3,c5c7d5c47827b765408483c47ab485fc,delivered,2018-06-16 15:20:44,2018-06-16 15:37:59,2018-06-18 13:57:00,2018-06-26 23:44:58,2018-07-16 00:00:00
e444d35248c6b1c8b408719cf0cdae3d,46ae2660e72fed9fdc61da708bf031ae,delivered,2017-06-28 16:18:53,2017-06-28 16:30:13,2017-07-03 14:44:40,2017-07-04 13:03:36,2017-07-20 00:00:00
e494c29003c61332fdf1340bba650cd3,785f931e1fbc5a6c01782f59d9a2fe42,delivered,2017-11-06 11:29:00,2017-11-06 13:31:20,2017-11-07 14:45:25,2017-11-23 16:46:57,2017-12-15 00:00:00
e49d2358f7bb8587895c7cb6cd635396,4f219dce05e4878040dbfaa3308573d1,delivered,2018-02-24 02:03:17,2018-02-25 02:49:36,2018-02-26 23:38:06,2018-04-06 20:47:37,2018-04-13 00:00:00
e4a0627e35b5bb50621fc55c9ccc7ea2,7c1280fec3db2b7f7a48f4f82f543857,delivered,2018-04-09 15:27:06,2018-04-09 15:51:07,2018-04-12 12:33:25,2018-04-17 18:51:44,2018-05-03 00:00:00
e4b08027ba9629dd5aee79bff0dcf804,059c2f7d60ef651891a4eadb829bb4f4,delivered,2018-07-12 14:36:24,2018-07-14 02:50:15,2018-07-16 15:27:00,2018-07-23 22:03:00,2018-08-01 00:00:00
e4b6df3eb118302bd304c9d02ca19afd,b91429d5af5d399493d72675dd0f157f,delivered,2017-10-09 19:32:28,2017-10-10 19:49:16,2017-10-11 16:35:49,2017-10-20 15:52:57,2017-10-20 00:00:00
e4b774f7fa2c4ce8052731dfeb5cc3f2,2947d4dbc02c7525870063dffc24b79d,delivered,2018-06-26 19:26:13,2018-06-26 19:35:26,2018-06-27 10:17:00,2018-07-06 12:38:57,2018-07-26 00:00:00
e4c35e0087c99d3416b1d90566f28e3f,c059dcef92920c07d144df67f548e128,shipped,2018-05-02 13:25:06,2018-05-02 17:31:53,2018-05-03 13:36:00,,2018-05-22 00:00:00
e4c5944219ba806a2c6bc1596facb602,8c82a15c73abff1c442ecd4a9e44071b,delivered,2018-02-09 18:15:24,2018-02-09 18:30:26,2018-02-14 19:46:38,2018-03-02 01:41:52,2018-03-05 00:00:00
e4cf3be0bfaec7868f5c8ac4f977f997,c0b85a1f2e552f8f4777d3256c3cd3d8,delivered,2017-09-13 07:46:02,2017-09-14 02:45:20,2017-09-15 17:57:55,2017-09-25 23:37:00,2017-10-09 00:00:00
e4d23e4aa01e7ed940ad8a6c2e94934e,3444b6df29161fdf7e00469f6f79693d,delivered,2017-11-25 19:58:38,2017-11-25 20:11:24,2017-11-28 13:19:09,2017-12-01 18:58:53,2017-12-11 00:00:00
e4d61351ce186ccc134b684f991a3abd,d7a062140afd5082a93efc3115b6bb53,delivered,2017-11-30 13:52:30,2017-11-30 14:17:12,2017-12-05 01:16:37,2017-12-13 20:58:32,2018-01-03 00:00:00
e4dbab8bc2ed64c1bfeb63cf0765c0c1,3a62a8f729ab13f742c0d4f797e61278,delivered,2018-03-02 12:08:34,2018-03-02 12:28:57,2018-03-06 22:42:27,2018-03-16 19:04:22,2018-03-20 00:00:00
e4e28f77bd50442ca9e5d0b0fd55c7bc,c7dec618e4985d345609d98e43240ce6,delivered,2018-08-19 12:33:05,2018-08-20 11:35:17,2018-08-20 12:34:00,2018-08-23 18:58:55,2018-08-31 00:00:00
e4f5793a41c3b7fc06fc62b75a8ecb47,18a8fbd579db6b2163bc26aff51b61b0,delivered,2018-03-08 10:19:00,2018-03-09 02:31:27,2018-03-15 17:32:54,2018-04-02 20:38:49,2018-04-24 00:00:00
e517f71dc88296f054e8c386ddce3069,1b4c1968c83e9819f1c2fd4ae1cf089d,delivered,2017-10-16 09:49:38,2017-10-16 10:06:04,2017-10-17 19:25:33,2017-10-23 21:51:45,2017-11-03 00:00:00
e531f04ac27aac6bf0cba03986415776,0028ff36263a86bf679df7c863a0a0ba,delivered,2018-04-12 17:16:49,2018-04-13 02:15:26,2018-04-18 21:56:39,2018-05-08 23:08:59,2018-05-10 00:00:00
e546da8f5a68e30c67e5cdbb75a3447f,607e4ac7c659ddc86466344b63f73413,delivered,2017-08-04 16:11:22,2017-08-04 16:25:16,2017-08-07 20:21:54,2017-08-15 18:09:36,2017-08-28 00:00:00
e54ac9a4438ed19f1367717699a2863e,d9f26e1768abce63ca633e2f3a5b8896,delivered,2017-09-22 15:39:38,2017-09-22 15:50:13,2017-09-22 21:34:54,2017-10-02 21:16:16,2017-10-19 00:00:00
e55d5c08b9e26113f2f0b5b9ee191b65,d42b940e327caf15f20892bbf1c2258b,delivered,2017-08-25 11:35:57,2017-08-25 11:45:39,2017-08-28 21:04:28,2017-09-05 17:12:25,2017-09-29 00:00:00
e560cc6069dbeeb38995174a47c13674,b31b732721552a38f5e8c1a10ea02399,delivered,2017-11-28 11:42:49,2017-11-29 02:16:41,2017-11-29 14:37:27,2017-12-26 14:37:08,2017-12-29 00:00:00
e56f72c9203fe285a42e1c21888e44d1,216360d7df0e08d493f369b39a5fb69a,delivered,2018-06-20 20:51:47,2018-06-21 15:59:52,2018-06-22 12:32:00,2018-07-10 17:48:19,2018-07-18 00:00:00
e5858127da61f07285827883e605254b,bcd15e6f5399f2899de4482cf6783dae,delivered,2018-06-21 15:42:55,2018-06-21 16:00:04,2018-06-22 15:23:00,2018-06-25 14:28:27,2018-07-13 00:00:00
e587da74353d520a30d8a30587229f22,20e75fcaff9e015835e787e7884d6bf4,delivered,2018-05-09 12:44:36,2018-05-09 12:55:57,2018-05-15 14:30:00,2018-05-18 21:11:57,2018-06-12 00:00:00
e58b8168894c93cf61d36c90775acd85,65a227fbf7d798cdeadee8c0bea74993,unavailable,2017-02-26 16:13:36,2017-02-26 16:25:15,,,2017-03-22 00:00:00
e5989171218c1c7948bcca1c93ec2a6b,3949edfef86218762911d9a16c513011,delivered,2018-03-15 19:35:42,2018-03-15 19:50:33,2018-03-20 21:07:18,2018-04-04 19:22:14,2018-04-11 00:00:00
e5b2ed06cede059b5085e68c5225d993,e6882e9b4d8cac7125a6d98947ae0bf3,delivered,2018-01-05 12:59:02,2018-01-05 13:10:28,2018-01-10 18:49:38,2018-01-26 00:26:56,2018-02-02 00:00:00
e5c83b9d7049d45d07109c42cb808281,7cbbdf2a9fc0a4e31714983133e90dc7,delivered,2018-07-11 16:45:59,2018-07-11 16:55:30,2018-07-13 13:50:00,2018-07-14 17:14:37,2018-07-23 00:00:00
e5ccd8b1ea09c33c4fc4f38dd671cd15,53853c7961bb58825edcc1c9d3e890b7,delivered,2017-06-15 12:09:58,2017-06-15 12:23:40,2017-06-16 12:11:59,2017-06-23 12:03:54,2017-07-06 00:00:00
e5d5cc62d5d1e1a4e31d7e581247de3d,c7f43a392f5fe1f7d34dfa8a57cd4e92,delivered,2018-02-27 22:33:03,2018-02-28 22:30:23,2018-03-02 00:03:42,2018-03-23 18:14:44,2018-03-19 00:00:00
e5d8cfa5be1c79663c3c10804a02a372,63de55d73d31e831e9652a0d7a70df94,delivered,2018-01-17 08:04:05,2018-01-17 08:15:24,2018-01-19 01:42:40,2018-01-31 19:58:55,2018-02-19 00:00:00
e5da8f29d47b6f0f3ef8ab33a013a0b3,c6d90ccb4260e1d4ec587ab1463752c2,delivered,2017-11-21 22:54:55,2017-11-21 23:06:22,2017-11-22 23:09:00,2017-11-28 22:27:35,2017-12-11 00:00:00
e5e002b62cfa5c3917cd18d862778916,83d55f159d479719eae036a2093ef4be,delivered,2017-11-10 16:28:51,2017-11-10 16:51:24,2017-11-13 19:02:40,2017-11-25 00:28:56,2017-12-01 00:00:00
e5f3aa7d16fea584333063fee66666b5,2c945d100d97a528af1ad94613a8018e,delivered,2017-11-30 15:47:28,2017-12-02 02:38:05,2017-12-05 00:03:20,2017-12-12 14:52:16,2017-12-26 00:00:00
e5f642cd02cde85e17b08c8c1534801e,0f24a3bab61713ae6326c93112b0b368,delivered,2017-11-06 17:33:18,2017-11-07 17:48:07,2017-11-08 12:48:36,2017-11-16 21:47:36,2017-11-30 00:00:00
e6152cd6ca627fc4f0f5deddea24f7c2,fc474e00b3af88a2abe3ca25204b59ea,unavailable,2017-11-29 13:23:16,2017-11-29 13:37:20,,,2017-12-13 00:00:00
e61a7dc1fe0c1e1372543d0de05f809d,79fb28ad325a5e9f1d462bf813c5b2b6,delivered,2018-05-31 12:13:49,2018-06-01 12:11:47,2018-06-04 14:27:00,2018-06-12 14:52:23,2018-07-11 00:00:00
e63535549952058863a162a6c807e0d6,040e8bf7215dd067e3be59eebc2dd6b4,delivered,2017-12-19 17:14:05,2017-12-21 02:12:39,2017-12-21 22:19:09,2018-01-05 21:27:05,2018-01-24 00:00:00
e662e53aebe0a6c5d95652938e2f66d9,2959844df7ee76304ee5657652e32b83,delivered,2018-05-19 10:26:57,2018-05-22 08:56:47,2018-05-23 15:06:00,2018-06-01 18:29:50,2018-06-06 00:00:00
e677b67c28dfc75969bbf0ff515c0983,758f0c7c33755ee08645b2c472640d2e,delivered,2018-05-19 12:26:59,2018-05-21 08:31:03,2018-06-07 14:02:00,2018-07-03 21:15:01,2018-06-26 00:00:00
e67c5e18a6f322301db55af5c4541aff,f25adc5155fc751113575f08abdb181c,delivered,2017-11-16 19:11:57,2017-11-16 19:35:02,2017-11-24 23:32:41,2017-12-26 15:45:45,2017-12-12 00:00:00
e6ab8245f96b5c84ade5edfb8e0c2753,edf066c026b6d8fd9afb633fbd4ae0e5,delivered,2018-05-07 14:00:49,2018-05-08 04:54:35,2018-05-09 08:25:00,2018-05-16 01:05:46,2018-05-23 00:00:00
e6b2afa6b02c9f066002cfdab6d53080,2ad11417e4acb043f847ec065ded3e26,delivered,2017-09-21 21:34:48,2017-09-21 22:48:01,2017-09-22 18:52:35,2017-10-23 15:38:54,2017-10-26 00:00:00
e6ba7ef3fa398a176291132b06cd519e,b7a4690ba0bc91f249bb7fd25b3be748,delivered,2017-01-27 16:21:48,2017-01-27 17:32:11,2017-01-31 17:18:02,2017-02-10 09:34:01,2017-03-17 00:00:00
e6baf197cf97695698df42588f7c0d05,6de6afd678709a0576958f186be099a6,delivered,2018-04-28 21:31:06,2018-05-01 05:55:20,2018-05-02 12:18:00,2018-05-03 15:56:35,2018-05-16 00:00:00
e6e4672e14ca0ff3cbdf2e23e1d6cc30,e4c41bebed7244008560be0c59fbe6ff,delivered,2018-06-01 19:28:15,2018-06-05 04:12:41,2018-06-05 12:44:00,2018-06-13 14:16:54,2018-07-11 00:00:00
e6f9a5b68fb526cd3212c1bb62436c83,2bed5aac2f46c272a55b05a033ff7516,delivered,2018-04-23 22:15:40,2018-04-24 19:06:51,2018-04-24 20:42:40,2018-04-25 21:24:47,2018-05-07 00:00:00
e70079a333e4ddca8787daf05873a6dc,a901af1f4feafd5dc0c514b87d320d21,delivered,2017-08-10 11:04:56,2017-08-10 11:23:56,2017-08-14 20:17:56,2017-08-15 18:27:51,2017-08-24 00:00:00
e703f9ab67e765670d62eeec75af5d62,644ae863876b9e39b3a43d8672980962,delivered,2018-02-07 14:39:58,2018-02-07 14:55:39,2018-02-08 19:57:17,2018-02-20 19:17:07,2018-03-05 00:00:00
e71783fc8cd92f708d13542f6d17ff7f,1b85ef7130ec3eedf81c37b98cfd9b40,delivered,2018-08-01 21:40:53,2018-08-03 03:30:28,2018-08-10 16:01:00,2018-08-17 14:32:42,2018-08-23 00:00:00
e7336e1648bf13ca6664c8568363dbb3,e7936bc511477310739929f93589b2f7,delivered,2018-02-17 15:24:03,2018-02-17 15:35:34,2018-02-19 16:30:15,2018-03-05 22:08:18,2018-03-13 00:00:00
e7374ec864786dbea6a5478d93332e1b,ba3e8c7215f0c4648bf0811d2cc50472,delivered,2017-08-19 22:11:32,2017-08-19 22:30:06,2017-08-21 19:03:55,2017-08-28 23:49:53,2017-09-12 00:00:00
e74cddc9bc11794b017044166896d69f,e50df94b9dad7dd2c97692f3b4b00d96,delivered,2017-11-12 15:57:43,2017-11-12 16:10:32,2017-11-16 20:37:02,2017-11-22 20:31:30,2017-12-01 00:00:00
e7535e2fc78c71f46b16b5331afae90f,5be46d4219b0b664ade208fb06506521,delivered,2017-03-28 14:32:18,2017-03-30 02:10:21,2017-03-30 11:25:52,2017-04-12 13:28:08,2017-04-25 00:00:00
e75b1f78d337cb36abc23dfd50d649de,9497c977e59506e4cc2e0f3094a3ca3d,delivered,2018-05-13 20:10:38,2018-05-13 20:32:25,2018-05-14 14:10:00,2018-05-21 15:21:12,2018-06-08 00:00:00
e7645f2073cac65748cf53c69d5abea9,4578a3079ec21d3e411223cb5e3a8258,delivered,2018-01-17 08:42:16,2018-01-17 08:51:29,2018-01-23 02:15:04,2018-01-29 20:37:11,2018-02-08 00:00:00
e77667e4e913dd81cbd1eb473c01fee0,62811f652afa91300cb15c6d2c35fb1f,delivered,2018-07-04 21:54:13,2018-07-05 21:51:41,2018-07-10 15:43:00,2018-07-11 19:38:43,2018-07-17 00:00:00
e77b736410809924bdd6ceea09559cfb,7ecea05fb45e5208fd13ae378cedc623,delivered,2018-01-26 21:07:20,2018-01-30 04:31:25,2018-01-31 13:17:00,2018-02-15 22:09:24,2018-02-22 00:00:00
e78a6ebf08a820b5ce4a82208d912130,3155d972f9e19ec1a465e5d8dda5c8d0,delivered,2017-07-28 23:38:46,2017-07-30 01:35:15,2017-08-01 18:42:13,2017-08-16 16:07:08,2017-08-30 00:00:00
e78ce48c9cd4e84041cfe6bed8be2000,e0e9dc4b7b935bde461d2154e56a6d8e,delivered,2018-04-02 17:45:46,2018-04-03 08:09:03,2018-04-04 02:19:15,2018-04-12 20:24:48,2018-04-25 00:00:00
e78e6c2d9d913cda60562cd825c90374,8da7d8627305e140749fd5d239d0e05e,delivered,2018-01-23 07:29:20,2018-01-23 07:38:23,2018-01-24 18:14:38,2018-02-02 17:17:11,2018-02-19 00:00:00
e7933ced79cabb10566bfaecb47dd4e3,e338256559cac84fbc89404394ac43bc,delivered,2017-06-28 14:34:16,2017-06-29 08:03:34,2017-07-03 11:27:50,2017-07-10 17:33:26,2017-07-24 00:00:00
e79e5fa889ba35a56c0155d5a447857c,fb4a17cce3735ae695019b8ec47c9ab8,delivered,2018-07-07 16:45:56,2018-07-07 16:55:23,2018-07-09 07:09:00,2018-07-12 15:44:33,2018-07-31 00:00:00
e7ae5aa5c6aee358cae7da910d48fe36,f612c18e7425b557b4137950a546bd13,delivered,2017-06-13 09:46:55,2017-06-14 02:22:57,2017-06-16 10:07:52,2017-06-27 15:46:38,2017-07-18 00:00:00
e7ce9b9f4c61af74340791cc36964dd8,7ff4ad86cf14706b8cbb5d62e345048a,delivered,2018-02-21 12:09:08,2018-02-21 12:30:17,2018-02-23 19:33:40,2018-03-09 00:57:22,2018-03-28 00:00:00
e7d88c2bc8575dcebb7cc0c72c2d22c2,92715e9c90e1d9542bd5a8a8b2959af4,delivered,2017-10-31 14:31:17,2017-11-02 02:46:30,2017-11-07 20:41:48,2017-11-17 18:15:55,2017-11-21 00:00:00
e7df3fcd195fafd25a46f580fc96c9f3,38b9cf892706e93eddf8ec8265869722,delivered,2017-12-01 00:05:35,2017-12-01 10:31:12,2017-12-01 19:27:01,2017-12-12 20:15:17,2018-01-04 00:00:00
e7f861ca5d9143d8e586bd85b1aa5bdf,e7a63b4918f846a8352704fb37e77763,delivered,2018-07-16 21:48:37,2018-07-16 22:05:11,2018-07-17 16:36:00,2018-07-23 20:16:55,2018-08-06 00:00:00
e7fc47a9bd5fd8c1d1b566d1553be0f4,de933a935e7c75c60cf44b12e0972268,delivered,2017-05-25 09:59:33,2017-05-25 10:10:14,2017-05-30 15:01:07,2017-09-19 13:38:16,2017-06-07 00:00:00
e80e2d3130b41e2f2771f7b558432ac9,9ada9369c351ab0b41d93b98d5a963dc,delivered,2018-02-08 18:36:58,2018-02-10 02:36:10,2018-02-14 18:52:56,2018-03-13 16:42:54,2018-03-09 00:00:00
e8114ebb6eae4aff63282fef68ad6a4c,238dfa907df715b7d899027fb5e01316,delivered,2017-12-22 22:13:26,2017-12-22 22:30:32,2017-12-27 18:35:12,2018-01-05 20:10:24,2018-01-19 00:00:00
e81515594e8f430f4a7ee18f26777091,5c249c721eea202f6130a24ede66ebe7,delivered,2018-05-24 16:22:20,2018-05-24 18:23:15,2018-05-25 15:35:00,2018-06-09 10:58:50,2018-06-18 00:00:00
e8157cf4fcea528ade55ec61d5cb074e,539d5557507d7f7b22243ed088f4c391,delivered,2018-03-24 18:27:13,2018-03-25 18:27:56,2018-03-26 22:08:09,2018-04-03 20:19:35,2018-04-13 00:00:00
e81a8cb665767198e8d2e17dcd39af87,5f0099134079adfe14d1df3d8ecc57ae,delivered,2017-11-10 15:24:09,2017-11-14 03:47:39,2017-11-16 21:18:47,2017-11-28 19:43:09,2017-12-06 00:00:00
e82323311535cbac6219860ae75532d3,3cabb118fc8b876a16ae0b50bc277959,delivered,2017-11-27 16:08:04,2017-11-28 03:43:08,2017-11-28 23:06:03,2017-12-01 22:06:59,2017-12-13 00:00:00
e8250a89f967d49af320330c8660a9a2,d48576ca60e60c16d78400f3ac8ad9ed,delivered,2017-04-09 23:26:56,2017-04-11 04:02:13,2017-04-18 15:56:18,2017-05-02 09:59:51,2017-05-09 00:00:00
e82aad8d522b370541586c367c19a1e3,98f8d4023b866b445fd7583b48d3c7f5,delivered,2018-05-17 14:12:24,2018-05-18 00:14:50,2018-05-23 14:26:00,2018-05-25 18:58:38,2018-06-05 00:00:00
e82d53d269948c3c4b7bdd5f15a5db0f,2ff7c4672a0be98588ba196d51894223,delivered,2017-12-10 19:07:16,2017-12-10 19:16:18,2017-12-11 18:07:06,2017-12-14 19:52:10,2018-01-04 00:00:00
e831082804ec0bbebbef04e8b2d8a525,fa52af619a9b52a9b499ae425aeac7c4,delivered,2018-02-26 10:33:45,2018-02-27 04:31:04,2018-02-27 22:28:58,2018-03-07 20:42:48,2018-03-19 00:00:00
e834b1811f1b453f8c3c5823249b852d,5843084e12fefe6859e53ba131c5abd7,delivered,2018-01-31 10:52:23,2018-02-01 10:52:09,2018-02-06 20:04:48,2018-02-14 22:09:18,2018-03-01 00:00:00
e8470f7ea8b4ca604cef2a97b725c27b,c3282cab6115ffcead8bc6557ff4861b,delivered,2018-02-15 11:25:42,2018-02-15 11:35:35,2018-02-16 19:25:08,2018-02-27 23:19:04,2018-03-08 00:00:00
e8474158736fcaca4c7f83b6f610aba1,4729a8816e36c44ad313045dbeca9562,delivered,2017-03-22 19:41:48,2017-03-22 19:41:48,2017-03-23 10:08:50,2017-03-31 14:52:27,2017-04-10 00:00:00
e849e2829de302019ae8bd9924055171,de4c2b462c44197b26b6e596865da44c,delivered,2018-05-16 12:43:12,2018-05-17 03:16:20,2018-05-17 13:55:00,2018-06-06 22:33:07,2018-06-12 00:00:00
e8570cab2c50d7a922f29d959fa57a2b,ff7c2f095c37954b032ddc50f6b83448,delivered,2017-11-25 20:17:40,2017-11-27 20:18:43,2017-12-01 21:23:53,2017-12-08 13:28:48,2017-12-18 00:00:00
e86076594f76aaab01e5c99b1863fb50,6c4dbf4c2c9cfb6a9d7d8afd6b72072f,delivered,2017-11-12 18:30:43,2017-11-12 18:46:19,2017-11-16 17:55:58,2017-11-17 22:26:47,2017-12-04 00:00:00
e86b1b2dd48839d7351406434afb578d,935993f47af1ed7d0715c26b686341c5,delivered,2017-11-25 00:31:20,2017-11-25 02:33:11,2017-11-27 18:24:54,2017-12-04 21:13:10,2017-12-20 00:00:00
e871719502deacb16343832ef4623a07,80a56c8941df38a1adeaf9183c112609,delivered,2017-06-27 22:45:09,2017-06-27 23:04:32,2017-06-28 10:21:32,2017-07-12 20:04:35,2017-07-19 00:00:00
e8735e0751e0e33b80ae0bac98f65381,dd73932cf2c9016f4441115ab70f506f,delivered,2018-04-30 16:50:16,2018-05-01 02:52:54,2018-05-03 13:54:00,2018-05-09 19:44:51,2018-05-30 00:00:00
e8a6076acc910f75cb8b149ecc89441e,4cf5be43eb5569afdfe16e158ae940c2,delivered,2017-07-04 12:34:28,2017-07-04 12:45:19,2017-07-11 15:17:00,2017-07-19 19:43:11,2017-07-26 00:00:00
e8a7971efe578b8e5a140c59f190c52b,70b6f7d1c71cb3a1449da5a4fe5a8d02,delivered,2018-08-01 20:07:43,2018-08-02 14:55:13,2018-08-06 07:16:00,2018-08-09 17:27:37,2018-08-24 00:00:00
e8a8221d81dec1257a582b21f3db43fd,365ed08446356b37760003aabd1c8166,delivered,2018-07-30 13:01:12,2018-08-01 16:31:32,2018-08-01 11:34:00,2018-08-06 15:26:57,2018-08-06 00:00:00
e8ab4523e5661e8945b938ccc4d89553,cd6c124956591100b92fe3f3f55450a6,delivered,2018-06-27 11:21:36,2018-06-27 11:35:15,2018-06-28 14:00:00,2018-07-06 18:03:34,2018-07-27 00:00:00
e8b21d9ed9cdf4a4edd7f24e82f65afe,cc5fe3b10431c4cbb202722dcd78818a,delivered,2018-04-09 15:52:20,2018-04-09 16:10:13,2018-04-11 18:28:30,2018-04-16 15:58:43,2018-04-30 00:00:00
e8b64378ad79a0463f32ec53ecc00881,a598cec1f7490dc47a42850cd5aac87c,delivered,2017-09-17 22:05:13,2017-09-17 23:07:05,2017-09-19 13:42:21,2017-09-28 19:05:55,2017-10-03 00:00:00
e8c12bea30d2a23cd334b456cf469112,0613b148440366189657a47f27dd5c5f,delivered,2017-09-11 15:20:28,2017-09-11 15:45:38,2017-09-12 19:49:41,2017-09-19 16:04:17,2017-09-29 00:00:00
e8c7196e322086d2f22890afc5f7e750,334fa9ca22bbc6345adc605f2abd1cde,delivered,2018-03-07 11:31:16,2018-03-07 11:50:45,2018-03-12 20:48:29,2018-04-10 21:42:45,2018-03-27 00:00:00
e8df0b08b2d6162f2a109f931d0774b6,9d0d0f4397e1a7210fd1d0bca983843a,unavailable,2017-10-08 11:02:21,2017-10-09 22:35:26,,,2017-11-03 00:00:00
e8f9c3d144b4f81b7250b660737b1256,9945b9b12c55447613e1cb11e21eb4e6,delivered,2018-05-18 19:40:27,2018-05-18 19:55:33,2018-05-22 13:10:00,2018-05-23 13:42:11,2018-05-30 00:00:00
e905fcbedf011d18698d529c885b7802,eb89e120efb5e33a086de740a4781360,delivered,2018-07-04 22:07:48,2018-07-05 16:31:08,2018-07-05 12:23:00,2018-07-06 14:58:41,2018-07-18 00:00:00
e90ec4b6b234181833371ada5474c96b,cee87c1ba63da17e6d9aded0ec8c6627,delivered,2017-04-19 22:50:00,2017-04-19 23:02:15,2017-04-20 09:49:57,2017-05-03 14:47:34,2017-05-12 00:00:00
e9171e375d76592a7c88e9f155664869,d4bf0acae941d5b7be1d1991bd380a52,delivered,2017-07-13 15:01:47,2017-07-14 02:24:30,2017-07-14 19:17:36,2017-08-11 12:47:48,2017-07-26 00:00:00
e917a7cb4d175976dd50e47989af2077,beba57483041cfae26ab1d42f0d36a37,delivered,2017-12-30 00:34:57,2017-12-30 01:07:57,2018-01-02 21:06:40,2018-01-18 01:28:56,2018-01-30 00:00:00
e918a18483ed36b716b6fbc8cf570e83,b8db736a2750311bce7d053e6d7263c3,delivered,2018-07-17 12:15:55,2018-07-18 02:55:21,2018-07-20 18:52:00,2018-07-25 19:14:54,2018-08-10 00:00:00
e932edaa6417ab9aba25187f8e6433dd,dc93c2d3500469cda3d96ca2e50f5142,delivered,2018-08-03 13:23:00,2018-08-04 04:24:02,2018-08-06 12:43:00,2018-08-10 22:55:28,2018-08-20 00:00:00
e94463ec887705d951724d52248d7855,0a014efd7c067b6527b82c28abef318d,delivered,2018-05-29 16:28:45,2018-05-29 16:51:30,2018-05-30 14:09:00,2018-06-19 18:24:45,2018-07-04 00:00:00
e979ae327ab74afbaf6f54421c6e4d74,67672ce6d9f5650e7b59142d7e15ee62,delivered,2018-05-21 13:14:36,2018-05-23 02:38:13,2018-05-23 14:17:00,2018-06-04 23:02:11,2018-06-14 00:00:00
e97b95303d6054c4c492d83dcd06ac20,1fc28d45b159958144877c04810a106d,delivered,2018-01-20 12:44:23,2018-01-23 03:37:26,2018-01-23 18:32:01,2018-01-24 16:53:03,2018-02-06 00:00:00
e97f2ab00999396915482eda86838b33,f8a8fc369ae59e8efc677731d2feda95,delivered,2018-02-25 10:54:43,2018-02-27 04:31:10,2018-02-27 19:33:51,2018-03-14 21:22:44,2018-03-22 00:00:00
e98ca3f29aa70a0cb19f76d286905f03,d0522dd7246e11b31213cce1c3215a24,delivered,2018-04-08 19:49:04,2018-04-08 20:09:37,2018-04-11 23:32:02,2018-04-18 21:42:27,2018-04-25 00:00:00
e9a18a01a641ece17c11a804a3651208,f6a410defc688664c9817dbfa4017e8c,delivered,2018-07-23 09:33:10,2018-07-23 14:30:56,2018-07-26 15:03:00,2018-08-02 15:21:38,2018-08-02 00:00:00
e9a85222994b1065ed4e23c6426b64a9,2093d27c791c109d890d8ee08bfeb997,delivered,2018-07-29 18:18:15,2018-07-31 04:10:13,2018-07-31 15:06:00,2018-08-07 22:41:48,2018-08-14 00:00:00
e9a87f539448764e674a6b96122c3ef3,c3c705bc2da08d28ea0c6a1350747fc8,delivered,2018-01-19 08:49:47,2018-01-20 09:16:13,2018-01-24 12:58:04,2018-01-26 15:37:31,2018-02-05 00:00:00
e9afde34823f289edc4598cfc1280a46,90b53c4322089e4d917669f55cd544f2,delivered,2017-10-18 23:23:35,2017-10-19 00:35:26,2017-10-19 23:05:06,2017-10-24 18:03:46,2017-11-07 00:00:00
e9bc7c86be84f95e01a59c247ddf6208,d62db763ef217a63fb356a1b08f55f30,delivered,2018-06-14 10:40:24,2018-06-14 11:01:53,2018-06-20 15:04:00,2018-06-21 19:18:36,2018-06-29 00:00:00
e9c9ec206dfea33f9613e1cac82f575b,d24d71f630561a1fae69125e435ad612,delivered,2017-06-17 23:04:21,2017-06-17 23:15:07,2017-06-20 00:15:24,2017-06-26 15:08:02,2017-07-07 00:00:00
e9ccb8277ecd5374b5a0532b5ee47f7c,8b9c46cb78faa340ba59effb94b5c672,delivered,2017-03-01 23:09:01,2017-03-01 23:22:39,2017-03-02 16:23:00,2017-03-04 08:21:51,2017-03-20 00:00:00
e9ef734824864148c2c98d40fa9dcc7f,0bd601a41ab5cd6262b57cbb2bcf0f2e,delivered,2018-05-01 10:57:57,2018-05-01 11:17:41,2018-05-03 14:41:00,2018-05-09 19:12:43,2018-05-28 00:00:00
ea1746bab086c3edea7d06f8cc510bb2,8ec8872f874afb9cc81560b9c70d07bc,delivered,2017-10-27 13:28:35,2017-10-27 13:35:15,2017-10-27 19:47:09,2017-10-31 16:23:45,2017-11-06 00:00:00
ea2a094b786d1184a3b3cf0e5f549d04,67bc584f10fed53edd399d3c4cec5736,delivered,2018-06-29 02:03:03,2018-06-29 02:15:07,2018-07-03 06:23:00,2018-07-05 16:28:51,2018-07-27 00:00:00
ea70e5a90428412625a4e4167b83a370,fe19be377c1df017aa462f3d54970253,delivered,2017-09-26 14:00:06,2017-09-26 14:14:16,2017-10-02 17:42:53,2017-10-10 19:53:42,2017-10-19 00:00:00
ea8a923ae9fcd23e6fa17eea177c3cc1,067fc5b946c13af561c35e8c6aaa1dd0,delivered,2017-05-11 17:10:38,2017-05-11 17:22:14,2017-05-16 08:08:41,2017-05-18 16:08:05,2017-05-19 00:00:00
ea921667f0ab37edbe094d0e67c9d454,327d7f521d79dedd1ec483d0ba129414,delivered,2017-04-06 08:52:35,2017-04-06 10:02:22,2017-04-07 10:25:15,2017-04-17 15:04:49,2017-05-02 00:00:00
eaa96511c925f79170baaff57cd261ec,08cc63a3c19e9e887d0d4c9d74b58acf,delivered,2017-10-31 07:15:11,2017-11-01 03:10:17,2017-11-03 20:51:50,2017-11-17 12:28:23,2017-11-21 00:00:00
eaab44d4e74c7fffbef5ea53e34068a1,f12c3ed51e54cde5e656b7521495af82,delivered,2018-05-16 23:35:50,2018-05-17 00:56:16,2018-05-21 08:52:00,2018-05-30 17:49:52,2018-06-04 00:00:00
eab0944c40c304c769e5c24309caa8cc,9b4f6cff492df6f19b4cd348fd0d0853,delivered,2017-09-26 23:20:17,2017-09-26 23:35:17,2017-09-30 13:55:01,2017-10-10 19:03:55,2017-10-11 00:00:00
eabb26aeb1ce1147b26952c40f719f0f,65d7321f062eb5569225c13c721fc8cc,delivered,2017-11-30 18:37:18,2017-11-30 18:50:51,2017-12-04 20:19:33,2017-12-06 17:41:35,2017-12-18 00:00:00
eac4ffbe456464bdc3ce5f001b6439c5,237098a64674ae89babdc426746260fc,delivered,2017-04-14 11:24:56,2017-04-14 11:35:23,2017-04-17 10:43:50,2017-04-20 17:04:51,2017-05-10 00:00:00
eacbe7948aadfac0292211f2f352fdeb,d7f3c5688f1d04e1af261ce65b5540c6,delivered,2017-10-29 17:10:13,2017-10-29 17:24:56,2017-10-30 20:12:15,2017-11-11 18:29:43,2017-11-28 00:00:00
eae87b24ee716eaeed2b3b67eab5e244,9b49060b66b604036f1caf445a7e67c7,delivered,2018-03-21 19:51:13,2018-03-21 20:05:32,2018-03-22 19:36:45,2018-04-02 20:22:23,2018-04-13 00:00:00
eaf073079dbf6ebac22213d250816e2b,5e29e0b952356ea899ee11dcd5548af4,delivered,2017-08-14 12:10:22,2017-08-14 12:24:08,2017-08-15 12:17:56,2017-08-16 15:59:36,2017-08-25 00:00:00
eb1c390413604079df388d4093910e74,5f0f9d089923434ed36bfd4e2bf8a213,delivered,2018-02-28 19:22:52,2018-02-28 19:37:08,2018-03-01 14:43:54,2018-03-02 16:22:22,2018-03-13 00:00:00
eb2e026bae01f340ff4c0cc9aad6aecd,c69ae1f41ba74509e754afb5b49fb29d,delivered,2017-07-06 14:49:01,2017-07-08 03:25:50,2017-07-11 11:56:40,2017-07-18 16:14:59,2017-08-01 00:00:00
eb3fabeabbe68b3abea891b6751aa77f,81b305536a2f14bebe526bec02449c97,delivered,2018-06-14 15:47:45,2018-06-15 02:37:00,2018-06-18 13:07:00,2018-06-27 01:09:44,2018-07-05 00:00:00
eb529b6aa88196cef958e24a0a8f4086,334cf9305f5115f1c21a78347ddb8008,delivered,2018-08-05 10:43:04,2018-08-05 10:55:13,2018-08-09 14:10:00,2018-08-14 22:24:35,2018-08-30 00:00:00
eb56ddfc112b49241ad368f44da00dc3,5fd6dead0d9541b66439ca774ae0d73a,delivered,2017-11-17 19:55:36,2017-11-18 02:29:13,2017-11-20 15:36:23,2017-11-25 13:51:25,2017-12-18 00:00:00
eb648c502f9756a959be78b19b069bc3,dcf29d92b5428a9fbcdff7b35442e1c2,delivered,2017-11-26 23:03:38,2017-11-28 03:31:16,2017-12-04 15:22:18,2017-12-12 16:22:50,2017-12-27 00:00:00
eb808f17e12419314395e5309b23258b,f797b305ff4fc7689400509ea249468a,delivered,2017-11-23 09:30:42,2017-11-24 03:10:53,2017-11-24 18:38:45,2017-12-01 17:13:45,2017-12-22 00:00:00
eb89fab6743f52417dec1e885261e10a,7bff96d37d8c7bf818e55b9d72a1b204,delivered,2017-12-12 13:26:09,2017-12-14 02:12:06,2017-12-15 21:21:42,2017-12-27 22:29:15,2018-01-12 00:00:00
eb8f24cf4aa474bfe99c062aff65c4c9,c93425583027046f9893dcd578aa6e22,delivered,2018-03-15 15:11:08,2018-03-16 03:25:09,2018-03-20 01:18:45,2018-03-20 17:43:38,2018-03-27 00:00:00
eb8f4a89b1e0d647cd917487b06bed58,81b6a3e77aa8c0c17f242e828e241822,delivered,2017-08-11 19:14:23,2017-08-12 07:05:14,2017-08-23 20:15:48,2017-08-25 19:16:52,2017-09-11 00:00:00
ebb615f4359b27e961316b3959532f6c,14fd3eba514b49c33317f567ae94a1d7,delivered,2018-07-25 07:55:42,2018-07-25 08:05:11,2018-07-26 14:53:00,2018-07-31 16:38:44,2018-08-09 00:00:00
ebc45391c3d191ea75a52f6e2201d311,97be631d09715d48d5fdc90d8bdc8d9f,delivered,2018-07-04 13:51:48,2018-07-05 16:25:43,2018-07-05 14:11:00,2018-07-10 17:58:45,2018-07-24 00:00:00
ebc7576de7c411cd4196d81d312d191e,9b9cac11df60b6a2ca95f4045dcde787,delivered,2018-05-10 18:04:00,2018-05-10 18:18:24,2018-05-11 14:14:00,2018-05-14 20:53:45,2018-05-18 00:00:00
ebe0a2b49f09387ce9e38a8353ae7f27,02fa7cd4dbbaf1b6794f6f78b0918985,delivered,2018-08-10 21:08:47,2018-08-13 14:50:12,2018-08-14 16:16:00,2018-08-15 18:38:44,2018-08-17 00:00:00
ebe6eddebae955b95268b2c70cdc019e,dba5cf7fbe92b362245b9b3d684471bc,delivered,2018-02-06 12:46:45,2018-02-06 12:56:18,2018-02-07 14:34:59,2018-02-16 16:52:32,2018-03-07 00:00:00
ebea454f1c906682ce99e01f407a77b4,8dbe09013a08fbc2ae19dea00cd7d183,delivered,2018-06-01 17:31:17,2018-06-01 17:53:16,2018-06-04 13:17:00,2018-06-20 15:27:36,2018-07-16 00:00:00
ec00b687490dbcd07e98596ae801b8cb,48c3645c3cb96f63683293693a6df1ce,delivered,2017-12-12 19:08:00,2017-12-12 19:18:28,2017-12-13 23:19:28,2018-01-04 22:16:23,2018-01-17 00:00:00
ec073f2bd759729986c0da65f688ddc8,35b1b59124f9309cc311d0e040cb90a4,delivered,2018-02-19 19:16:21,2018-02-19 20:15:31,2018-02-20 21:13:55,2018-03-02 18:07:19,2018-03-14 00:00:00
ec082d3ffd103096f9274b6247217ff9,73588b1cddca4f8bd453b8588f400d90,delivered,2018-08-15 18:26:53,2018-08-16 03:24:09,2018-08-16 11:04:00,2018-08-18 02:44:37,2018-08-30 00:00:00
ec0a4a160c4311f1a8c9d4d79872de75,4b1827ec0c64d72de57b69f7213aa307,delivered,2017-07-29 02:26:54,2017-07-29 02:44:14,2017-07-31 21:51:53,2017-08-11 16:56:08,2017-08-24 00:00:00
ec13417c22246237142725ec35601c99,dfac9d10624695e08c8f22fa589fc2ca,delivered,2017-09-27 13:30:21,2017-09-27 13:49:15,2017-09-29 18:58:31,2017-10-04 13:41:50,2017-10-16 00:00:00
ec1bf6be538a31d3b13bfa67d87010ce,8468e974307cf0404f6e3d5af0ad1b9d,delivered,2018-07-24 00:10:28,2018-07-24 10:31:12,2018-07-24 13:34:00,2018-07-26 18:54:49,2018-08-01 00:00:00
ec1ca92aa0c364b34658f56d01e48691,916c443f0834b02f061752c40f4b1666,delivered,2017-12-13 15:36:43,2017-12-13 15:50:39,2017-12-15 03:23:20,2017-12-22 20:49:26,2018-01-08 00:00:00
ec38e40a750810e337a528576f0090e7,1612f32963e9825da1018976d1c9e8fc,delivered,2017-09-10 17:36:43,2017-09-10 17:50:36,2017-09-11 21:25:38,2017-10-11 14:17:03,2017-10-05 00:00:00
ec56d96c2ee83fd3641863f6e7b66d41,185f76c3d9af9317c7ef1bab149a37cb,delivered,2018-01-28 16:33:35,2018-01-28 16:50:04,2018-01-29 19:53:11,2018-02-02 01:58:39,2018-02-20 00:00:00
ec6d1b017b14b90d5c60fcfdc2b7216e,7680688f55ee8206975809c9ff59b046,delivered,2018-07-27 10:09:36,2018-07-27 10:44:08,2018-07-27 13:52:00,2018-07-31 21:38:45,2018-08-10 00:00:00
ec74f95e952a1019fb566fe39c383dfe,8937aecdb50038467ddbb4d8cf5289cf,delivered,2018-02-15 08:13:38,2018-02-15 08:27:37,2018-02-22 20:34:33,2018-03-20 22:18:49,2018-03-16 00:00:00
ec7b08d39b75ac7d28c6fda42d3847b1,a6428eedd97ea9606d58e6baf716223e,delivered,2017-11-24 13:30:31,2017-11-25 04:54:03,2017-11-27 16:54:00,2017-12-05 01:06:38,2017-12-18 00:00:00
ec9a51782b5483ba996ab13bc3bbc30d,3a2b4695ef4d00cd124b3e6f2bbcd212,delivered,2017-11-25 23:57:30,2017-11-26 00:20:36,2017-11-27 18:22:28,2017-12-11 15:03:38,2017-12-18 00:00:00
eca3ad869826b027ef93cf88ec6c0e44,20f99ce26ab1dcd6954644b2d76102de,delivered,2017-03-13 17:02:01,2017-03-13 17:02:01,2017-03-15 05:04:05,2017-03-20 11:51:26,2017-03-30 00:00:00
ecb7b1b5d15cf872f986f88e7344d9ed,26a79255059d6bc824df6e1e97def249,delivered,2018-08-06 22:25:21,2018-08-06 22:35:18,2018-08-08 14:04:00,2018-08-14 00:37:51,2018-08-28 00:00:00
ecbdd603d8aaf9ee128285c94a390caa,3ae866c08dcb731c9b16ae503bfc8c66,delivered,2018-08-24 17:52:21,2018-08-25 02:50:09,2018-08-29 11:07:00,2018-08-30 13:52:13,2018-09-03 00:00:00
ecdfdb87979ffaab7c1133bf18fdef83,37346b142cf550a61beade652896f249,delivered,2018-02-04 17:11:07,2018-02-04 17:49:08,2018-02-05 16:08:27,2018-02-21 20:23:21,2018-03-01 00:00:00
ed130013de4053d7678825d4d8e7deb1,fcae9bab891c06e469b167898af43631,delivered,2017-11-01 00:43:33,2017-11-01 00:55:21,2017-11-01 18:13:00,2017-11-03 15:53:07,2017-11-13 00:00:00
ed159f7220fe49164a43fbf4fe3a15d1,425793dac84f3a20dede5cd61cb46d4f,delivered,2018-08-07 21:14:53,2018-08-09 04:05:17,2018-08-09 13:32:00,2018-08-10 13:54:50,2018-08-29 00:00:00
ed1f83ea460fccaadaccff780127db45,c8f48d57ea33b178d8b6f07c15fd414e,delivered,2018-03-12 21:44:55,2018-03-12 21:55:30,2018-03-14 22:08:49,2018-03-26 23:51:44,2018-04-12 00:00:00
ed35f59756edecbfcefb866146f00905,3a1e5902bb274b86dd980f371e207651,delivered,2017-12-16 19:41:46,2017-12-16 19:50:57,2017-12-22 21:58:42,2018-01-03 19:43:35,2018-01-16 00:00:00
ed510933339bd7b6d8e16d6c83026998,7d359bcf9aef31f6554888f41559848c,delivered,2017-09-01 08:03:41,2017-09-01 08:15:21,2017-09-01 18:53:25,2017-09-05 21:03:24,2017-09-20 00:00:00
ed547e006a962def50f36ec5cedbe46b,5faa97d81dd17e0a1d02cf6bc4186dc4,delivered,2017-11-09 19:46:59,2017-11-09 20:08:26,2017-11-16 18:09:13,2017-11-22 00:16:46,2017-11-29 00:00:00
ed5d4a748b19272af146935199dc6329,13365c4939099a4a1de84f9cfe06b168,delivered,2018-02-16 10:45:46,2018-02-16 10:55:23,2018-02-16 23:17:59,2018-02-23 22:35:45,2018-03-07 00:00:00
ed94f5031833364ef7942a2b0328756f,e47a5eaa9f946c91bec2fceecf088ae3,delivered,2018-02-14 21:32:54,2018-02-14 21:48:10,2018-02-15 17:23:27,2018-02-20 19:20:04,2018-03-12 00:00:00
ed98c37d860890f940e2acd83629fdd1,71f8cd490677ee95362201588c0eaff4,delivered,2017-12-15 12:57:19,2017-12-15 13:13:05,2017-12-19 22:57:44,2017-12-22 01:28:07,2018-01-05 00:00:00
edb858219a0b7155ce5b977c044ef9f9,cea73672ed36824ffda53dada3a1c8ae,delivered,2018-05-21 16:04:16,2018-05-22 08:16:15,2018-05-23 13:01:00,2018-06-05 23:34:22,2018-06-04 00:00:00
edc13c926d0553c5c63666905a3adb6b,68de3e57ae340fc9a1c7cdcd6bc69d2d,delivered,2018-01-13 19:23:28,2018-01-13 19:30:51,2018-01-18 16:24:37,2018-01-29 18:58:34,2018-02-05 00:00:00
edc852e0d271566f7923b10c089c30ec,d9997dbfa04861886b1cc4187d51e370,delivered,2018-08-06 09:22:25,2018-08-07 16:05:22,2018-08-08 13:55:00,2018-08-13 17:41:49,2018-09-03 00:00:00
edd5efc0d9d7294fe4bf1636c26cf9d9,fd538011351c8b3d5634fa84917d6f5b,delivered,2017-06-07 14:14:25,2017-06-07 14:42:14,2017-06-09 11:48:42,2017-06-21 16:22:43,2017-06-30 00:00:00
edddb585a5c894ef488568334c567e2e,80b86a02fc5a84c2fe32d9884a5f02f1,delivered,2018-08-13 14:34:31,2018-08-13 14:50:16,2018-08-14 13:31:00,2018-08-21 14:32:45,2018-08-27 00:00:00
ee044ff2777c49a97d4be749aa8e24bb,fa14529dcc5928dcc9a4a3776b2863a1,delivered,2018-04-04 14:57:59,2018-04-06 03:10:24,2018-04-10 00:28:47,2018-04-12 18:24:52,2018-04-23 00:00:00
ee24e7d976a47cc46be7304fe5654ae9,135ba949ad95f6ece6b72f07587a7aa5,delivered,2018-07-31 09:51:10,2018-07-31 10:30:52,2018-07-31 15:07:00,2018-08-02 15:34:52,2018-08-07 00:00:00
ee3a699807c80432481120cf1deb06c7,1c819e6bdfc3e228001205a4251f49f4,delivered,2018-04-19 10:03:08,2018-04-19 10:15:17,2018-04-19 20:03:19,2018-04-25 18:51:52,2018-05-10 00:00:00
ee49aa5583df0eaab10299357d126386,fe10de536606eabb822d6f46f125cf68,delivered,2018-06-28 17:09:52,2018-06-29 02:53:18,2018-07-03 09:26:00,2018-07-09 20:33:39,2018-07-25 00:00:00
ee590d1b6e4571a2c03e30571fef072f,47b21efdba7a0c0a025edb6a9cf7fcd1,delivered,2018-06-17 13:17:40,2018-06-17 13:40:00,2018-06-18 11:36:00,2018-06-21 14:44:37,2018-07-24 00:00:00
ee817f9b5a460a02a218d34e1b6ac26d,dd775419344695651f23cdb9be218cd1,delivered,2018-06-18 15:05:58,2018-06-19 03:57:08,2018-06-19 13:17:00,2018-06-22 19:32:31,2018-07-11 00:00:00
ee86b68eb9222b0cad7da50f4f758a35,14acb30bbc064408dcb8cdd3c92b0c97,delivered,2017-05-17 17:44:34,2017-05-17 17:55:12,2017-05-18 16:28:06,2017-05-20 08:44:01,2017-06-09 00:00:00
ee8c69ed1b1fe27af62030f079d647c2,693b01063f115cc2caa2b0f4c8e1550c,delivered,2018-01-24 13:42:19,2018-01-26 15:58:14,2018-01-29 18:14:41,2018-02-06 19:45:49,2018-02-19 00:00:00
eea3254200d621b24b7741950693e956,717745a08d23a23e66d92be837d3719a,delivered,2018-07-26 07:16:24,2018-07-28 02:45:09,2018-07-30 14:26:00,2018-07-31 16:16:34,2018-08-03 00:00:00
eea58982d534991bfd7f844e9ff0e28f,a62a5baefbc81700a250ec92a072809e,delivered,2017-03-25 22:15:25,2017-03-25 22:15:25,2017-03-29 15:55:51,2017-04-13 13:52:30,2017-04-20 00:00:00
eec1e7170bc88c845bee8ab6ef36721c,16296a0a954c3f9560636880d4e72c09,delivered,2018-01-31 22:53:05,2018-01-31 23:10:07,2018-02-02 02:10:03,2018-02-15 15:51:56,2018-03-09 00:00:00
eec7f369423b033e549c02f3c5381205,32cef4bdd6bfa50612d81dc77a93b131,delivered,2018-02-06 20:44:56,2018-02-08 10:10:31,2018-02-15 20:42:12,2018-02-27 16:35:43,2018-07-12 00:00:00
eecc1b7c0a139c574d4f9f7e707bf083,a0715f79257e6f0e7db3d7ddec8c418c,delivered,2017-07-02 14:38:35,2017-07-04 03:45:10,2017-07-05 16:08:40,2017-07-12 18:36:02,2017-07-21 00:00:00
eecc2228a558c977d240693c7adf6dc2,3bc958811e961837de533256453f1f61,delivered,2018-03-21 20:25:40,2018-03-21 20:35:37,2018-03-22 21:33:29,2018-03-23 15:57:35,2018-04-03 00:00:00
eed169e888ef45d577ec9d8972a597c6,01813ee9f6884594643a63fc9eaf76a1,delivered,2017-08-03 08:54:25,2017-08-03 09:05:24,2017-08-07 21:38:06,2017-08-12 12:49:38,2017-08-25 00:00:00
eeed16ea7d99f4531ac2aefa8dd79368,cc389f4eaa50512f8de37f3109aebaa9,delivered,2017-11-20 12:48:31,2017-11-21 03:56:29,2017-11-22 23:48:53,2017-11-29 19:45:45,2017-12-18 00:00:00
ef13a698cf88c9e17ccca0261e0b9e7a,a6949eb2d9805fbab7e6d40f90368095,shipped,2018-08-13 15:53:04,2018-08-13 16:05:25,2018-08-16 15:18:00,,2018-08-30 00:00:00
ef2d4e1e249df529bd9607d86aac1422,3ef8b5021ce1e54df184202310c4fcb8,delivered,2018-03-10 10:19:05,2018-03-10 11:00:25,2018-03-13 16:05:49,2018-04-02 20:25:51,2018-04-05 00:00:00
ef30a80a52425b419de68e25624a8a9e,50a6803d938c39638b6f79224598833f,delivered,2017-12-05 19:10:38,2017-12-07 17:10:43,2017-12-08 22:51:49,2017-12-13 19:26:06,2017-12-28 00:00:00
ef39e8a01edeec8664b6fa8ebc5f3b9f,79a4b9f824dbec2f1a4a832b48b9ba24,delivered,2018-03-10 16:43:11,2018-03-10 16:50:29,2018-03-12 22:56:41,2018-03-20 00:24:43,2018-04-03 00:00:00
ef45721e5184380ab98c58de39230c42,63fc3cc680cfe86e7325de3069d53cbb,delivered,2017-11-30 13:30:03,2017-12-02 13:52:22,2017-12-05 00:39:35,2017-12-07 19:47:57,2017-12-18 00:00:00
ef690426d84aff4f5560cb63d1092557,fcf4489206e85420f841813c98df6e33,delivered,2018-01-07 16:31:00,2018-01-08 16:28:17,2018-01-09 23:33:13,2018-01-13 16:58:55,2018-02-01 00:00:00
ef8ab3e652b44dfe541199dc0b9f5d09,d1978f0fa5260fa6f2cac38d784785ab,delivered,2018-02-26 21:30:16,2018-02-26 21:48:15,2018-02-27 20:18:37,2018-04-04 03:00:31,2018-03-22 00:00:00
ef94e1ff9bb30d81e5e8c9bf9527bc16,a4ea03c203b0467d7018e9ac8226245a,delivered,2018-05-15 16:37:25,2018-05-17 07:15:41,2018-05-17 13:58:00,2018-05-22 11:33:48,2018-05-30 00:00:00
efa247c04ccbd33d0ddfdcd3817466a9,2c0d19a3ca20bb61b938eacf22b6b6dd,delivered,2017-11-15 16:26:01,2017-11-17 10:50:54,2017-11-17 20:56:42,2017-12-01 18:38:57,2017-12-11 00:00:00
efa2e42246bfe580af1b33ae96edc78b,3b6dc76e9598654bd9fc7a898ed4813c,delivered,2018-08-06 12:42:34,2018-08-06 12:50:27,2018-08-06 14:06:00,2018-08-08 20:40:31,2018-08-09 00:00:00
efacca5eaae8bd32666ea169089f3e59,35cc12371670f472b711f691ed7f6edf,delivered,2017-04-11 15:06:33,2017-04-13 20:05:16,2017-04-20 09:07:39,2017-05-09 15:17:30,2017-05-18 00:00:00
efbc31f25e73773a418a59dcd5ee7fee,7f7ed2ef1ed98f6618c59d546f24459c,delivered,2017-12-14 14:21:08,2017-12-14 14:33:02,2017-12-18 14:22:48,2017-12-27 18:09:53,2018-01-18 00:00:00
efcd8852328a37fca811747c09c6fb69,1471498aaeb8618816b95071d851da29,delivered,2017-05-21 08:01:40,2017-05-22 10:39:14,2017-05-22 12:48:50,2017-05-24 15:05:49,2017-06-02 00:00:00
efd8d1b981913fbc82d5cb85e7e0373f,85dca883efd5ad7d71213fefa8528d7e,delivered,2017-08-18 15:30:49,2017-08-18 16:04:28,2017-08-21 19:57:33,2017-08-22 19:55:58,2017-08-31 00:00:00
efdaf1dc3d38b68061394b681ca45ff8,ef7853389475cd296ce1a01dda4babd8,delivered,2017-07-23 18:33:21,2017-07-23 18:45:15,2017-07-24 19:56:41,2017-08-04 18:22:23,2017-08-29 00:00:00
efe2bd0e4d25b933231492f36a6e1847,0edc831063e713610ad25d10ffb74848,delivered,2018-02-21 14:12:18,2018-02-21 14:31:03,2018-02-28 18:17:01,2018-03-24 14:32:07,2018-03-22 00:00:00
f01221bdbf37c9c792b4cc3e78dc5dc8,589dfc0372826753089617cbd63265e2,delivered,2018-08-21 16:12:34,2018-08-21 16:30:46,2018-08-22 12:07:00,2018-08-27 18:54:49,2018-08-31 00:00:00
f013cb01232922e713ffadcfa3b52368,3a3caef69b01f16c9eb102c28168564f,delivered,2017-06-07 15:04:13,2017-06-07 15:15:16,2017-06-08 14:33:14,2017-06-21 15:33:28,2017-07-04 00:00:00
f014aa85d8f495d824d120e9035faacb,045b31c2888ad0ee254e1387e410ee89,delivered,2018-04-07 12:07:04,2018-04-07 12:28:17,2018-04-09 23:08:47,2018-04-11 16:26:31,2018-04-19 00:00:00
f024323e3c3e4f505cd695bc87a9bee9,84c816645752a1ded611ae7ca018ae39,delivered,2018-01-03 11:52:20,2018-01-03 12:07:13,2018-01-05 18:09:47,2018-01-14 19:22:40,2018-01-29 00:00:00
f03c93c7441f0edaa7987c4313467110,ffa5a1a8c092d41b746947a1ad4d4b84,delivered,2017-07-29 18:12:41,2017-07-30 06:43:52,2017-07-31 16:42:53,2017-08-11 19:59:58,2017-08-31 00:00:00
f03ff8d4dd01b31194926029790475f4,f6e534985847fa0d4885a5990a4d0504,delivered,2017-08-17 10:55:50,2017-08-19 02:25:26,2017-08-23 15:33:43,2017-08-30 21:22:50,2017-09-13 00:00:00
f05e28dab420413c46a8eb509b5767cf,5f6705d9c72fa68afdf8b23b94bfeb63,delivered,2017-12-06 22:32:50,2017-12-08 22:30:21,2017-12-12 01:08:46,2017-12-27 10:58:41,2017-12-29 00:00:00
f05e32e2cc67748c34a77da2ff68841c,fab1a643ad6f3da348860df58bf39a24,delivered,2017-12-21 16:11:33,2017-12-21 16:30:09,2017-12-26 19:08:54,2018-01-09 13:35:07,2018-01-29 00:00:00
f068cf7680252cb38a48b6c831c03342,ee94754cc685fccc80e5f9ced9ca9a8a,delivered,2018-03-11 13:02:38,2018-03-13 04:20:28,2018-03-13 17:21:52,2018-03-21 20:50:46,2018-04-03 00:00:00
f07ad60eb1e9d4b3be1029f373321408,cd865de179ad020a8cdaf0d6ec45c08f,delivered,2017-11-28 17:04:25,2017-11-29 02:21:47,2017-12-06 22:19:18,2017-12-11 18:39:15,2017-12-19 00:00:00
f07ffa8133ca1dcbc015a9c0ee98c872,a4eba83fdbc203894a86afba0bc15269,delivered,2018-02-13 10:15:52,2018-02-13 11:00:21,2018-02-19 19:08:36,2018-03-23 18:28:53,2018-03-15 00:00:00
f090de1b2ed9f4e251662cb31e3c7127,ab2b94cec822788e131f15e0033544cf,shipped,2017-02-22 10:10:52,2017-02-22 10:22:31,2017-02-23 18:47:51,,2017-03-23 00:00:00
f098ba607d20654e7e6edc6be7c742d5,31038e2eab5d5bf9c42e0f56d7251b81,delivered,2017-04-12 19:29:56,2017-04-14 02:45:29,2017-04-17 07:48:18,2017-05-09 11:43:00,2017-05-11 00:00:00
f0a795dac0e5cf6a6f98cdcab173ffb8,0b31586b5082359faf1b2861230a17b7,delivered,2018-03-26 19:05:56,2018-03-26 19:15:19,2018-03-27 20:44:25,2018-04-02 22:02:59,2018-04-12 00:00:00
f0ad6b89b7bb4a740b8121a4a69511fc,23267a340cb0e9928fca29f239429b11,delivered,2018-05-03 14:00:59,2018-05-04 03:51:50,2018-05-08 11:55:00,2018-05-16 18:48:15,2018-05-30 00:00:00
f0b47dadd5f372c41ae2cab6c72877da,30bd2b14e08f78a92bce73780e871241,delivered,2018-05-07 08:42:33,2018-05-08 04:55:27,2018-05-08 15:20:00,2018-05-09 20:06:48,2018-05-21 00:00:00
f0c00b0c02ed4f14f20fad7c26002b9c,67ada02dc1c10400e1bd19e1d84541ff,delivered,2018-03-06 09:06:58,2018-03-06 09:49:38,2018-03-15 23:35:37,2018-03-16 15:41:57,2018-03-27 00:00:00
f0c8f501afe22bb7a23e3721bcc6221c,aca18b64dfc4ffb2db3fe697768b37b2,delivered,2018-01-23 12:22:00,2018-01-23 12:33:26,2018-01-24 22:24:49,2018-02-16 22:12:34,2018-02-16 00:00:00
f0dd29734578caa3db607e173070e2a9,0361232bf2b929e19323dfc2843ee554,delivered,2017-09-21 15:10:47,2017-09-21 15:25:36,2017-09-22 20:43:54,2017-09-27 20:43:47,2017-10-16 00:00:00
f11844e5101079fad91a7d31842b9ca5,7c16089b205d76e0e6c1b60525521316,delivered,2017-08-14 20:09:26,2017-08-14 21:15:12,2017-08-17 16:57:56,2017-08-28 18:58:41,2017-09-13 00:00:00
f11a42c865e929c2b7709f3390d1bc7f,02b7163ebab30c1560be4d0ead691b00,delivered,2017-03-21 16:47:39,2017-03-21 16:47:39,2017-03-22 09:54:03,2017-04-12 14:34:25,2017-04-11 00:00:00
f11d5bb456a331aa3df2a83c1bd4af85,d81cbd61dc93c873068a3f9c456716d9,delivered,2018-05-09 08:29:03,2018-05-11 03:10:45,2018-05-11 14:41:00,2018-05-21 17:28:40,2018-06-04 00:00:00
f1282227fa785dd8dfdcdb22f99be533,cddd3a48c87f57e5e8a07295e48cb714,delivered,2017-05-17 15:08:18,2017-05-19 02:30:33,2017-05-19 10:10:02,2017-05-26 10:08:02,2017-06-06 00:00:00
f1331ba967671bd1a0cc183d806c57c7,01d443a484536e8a8c520f79dd9f6ad4,delivered,2018-01-10 13:04:50,2018-01-10 13:12:24,2018-01-10 21:35:04,2018-01-24 20:45:09,2018-02-09 00:00:00
f1383f0e3f1a27d300b52df20a252be3,d3d1b1727c49bff536d426a28b6ca096,delivered,2018-01-07 16:03:14,2018-01-09 07:21:22,2018-01-13 01:07:11,2018-01-25 13:21:30,2018-02-05 00:00:00
f14111b697a9152a18836775aa24ddad,deb4fed7c4cda80c3624ed839502b047,delivered,2018-08-03 18:35:52,2018-08-04 18:30:10,2018-08-08 14:08:00,2018-08-13 18:14:19,2018-08-16 00:00:00
f14cabd169ba0d0ecb7433e55c72aca2,8ef7c689216e12ab959d9003a6c4b3b9,delivered,2018-06-01 14:22:02,2018-06-01 14:35:15,2018-06-04 15:15:00,2018-07-05 17:33:01,2018-07-18 00:00:00
f16010e0add047ba483e2b3eefa7c60e,19792d55f9db2e2fb3864dc90966eb86,delivered,2018-01-19 08:02:55,2018-01-19 08:15:43,2018-01-19 19:22:56,2018-03-12 18:48:26,2018-02-15 00:00:00
f18209d8f562e6e43f73013f3e9aa40c,34497fb7afde431c36bfe5d62cb39716,delivered,2018-04-27 16:10:14,2018-04-27 16:32:32,2018-04-30 14:44:00,2018-05-02 14:58:40,2018-05-25 00:00:00
f1849c4f06c0360ebf0862e55c31fa8a,be8192f200acabe8beb25da7611fcd3a,delivered,2018-04-15 20:24:52,2018-04-15 20:35:15,2018-04-17 23:22:02,2018-04-21 00:19:11,2018-05-09 00:00:00
f18f5dcedf8a6caf530bf0cad9937b4f,d48b4e169e5bbf1d2a8a8e74bf4c1f87,delivered,2018-02-26 15:18:18,2018-02-27 15:15:43,2018-02-28 22:22:07,2018-03-19 20:46:42,2018-04-05 00:00:00
f1a96431843abf74cfdda6b6307971fa,6a670a778bea4407bae72f8e5c4e7ffd,delivered,2017-04-03 22:37:55,2017-04-03 22:50:17,2017-04-04 13:52:56,2017-04-06 15:33:07,2017-04-24 00:00:00
f1adecdec113c6c915849913c65ddd59,ade43932f24ae5f957351bd585c72b0e,delivered,2017-12-11 20:52:35,2017-12-11 21:12:16,2017-12-26 17:59:18,2018-02-02 22:18:55,2018-01-19 00:00:00
f1b69a785e2f47e44415f46f270f1545,ac689b1fabb72a1bb917134bbf6f0d23,delivered,2018-01-22 12:30:16,2018-01-24 02:35:31,2018-01-25 17:33:14,2018-02-15 13:48:50,2018-02-26 00:00:00
f1c5f3e9df9be5699de80cb4eec88c04,9f8b2ccda5f9f90478038be84bb1ce22,delivered,2018-02-22 13:30:06,2018-02-22 13:55:28,2018-02-23 21:32:56,2018-03-01 21:29:51,2018-03-20 00:00:00
f1e21bf02dd5a9f69c64397ef7bd0433,298c879e4fc0844be75e87e613246470,delivered,2018-03-19 11:20:11,2018-03-19 11:31:39,2018-03-19 21:08:51,2018-03-20 21:48:41,2018-03-29 00:00:00
f1e26a3e572b95d4a002309cc2ae18d7,2818329e7e6a36bf743c1ff39728cce7,delivered,2018-01-31 21:21:14,2018-01-31 21:35:28,2018-02-02 18:46:52,2018-02-21 20:43:11,2018-03-01 00:00:00
f1f77c2644fb432824a8e7183f325b11,6d18a9e76b7b95ff185b3ac7849f81e6,delivered,2018-03-04 10:33:55,2018-03-04 10:48:57,2018-03-07 21:10:08,2018-03-22 15:54:46,2018-03-28 00:00:00
f1f812f73ca332c8951443e6dc2f8d54,138e4116bf4fa0d77b5fd7fbb4900a7d,invoiced,2017-08-28 14:39:34,2017-08-28 14:50:51,,,2017-09-11 00:00:00
f2194f10572bc6bfabc99465a6d3f55d,f0aaffb5023be7a38e84280893892514,delivered,2018-04-05 09:08:47,2018-04-06 03:10:30,2018-04-10 00:58:43,2018-04-13 19:32:30,2018-05-02 00:00:00
f223b1d420663a0ee1fe062836f32289,9b5c94127a26a8523359c15f487306e8,delivered,2018-03-26 16:18:42,2018-03-28 02:47:47,2018-03-29 20:22:27,2018-04-05 15:19:35,2018-04-12 00:00:00
f22698a00370679c0784aae7c060f87d,9095ea27e45e0d5a152a23d0b923a0df,delivered,2017-04-16 21:09:09,2017-04-16 21:21:50,2017-04-17 11:57:05,2017-04-20 09:56:04,2017-05-08 00:00:00
f22ef2baecb171381117e0ce752cf282,c8c1f0597230ba044bb8cfb67fd31dd0,delivered,2017-07-28 12:32:59,2017-08-02 08:34:24,2017-08-01 17:47:58,2017-08-28 20:09:04,2017-08-31 00:00:00
f24afd66659f204e2fe3866ae39f4e20,1ab9d0f2d5eae3b34ad9e1184930e1c5,delivered,2018-07-21 17:41:13,2018-07-21 17:50:20,2018-07-23 14:04:00,2018-07-25 18:07:07,2018-08-06 00:00:00
f24cd74db6ccacf156b3f8061a765a38,37c1966d2e9025108649bddf9522f3f8,delivered,2018-06-08 17:39:28,2018-06-08 20:31:53,2018-06-11 06:59:00,2018-06-25 21:04:31,2018-07-17 00:00:00
f24e66cdbbf1d7e24f946efbc3b47bb3,11e6a06de4b661603476106fa2903210,delivered,2018-01-29 21:34:59,2018-01-29 21:51:36,2018-02-05 19:22:25,2018-02-17 15:48:24,2018-03-12 00:00:00
f269a04043c3f398ee0ab759b7af3678,a8aceff84201bd5628939e8ce54b6abb,delivered,2018-07-26 23:04:47,2018-07-26 23:24:23,2018-07-27 11:14:00,2018-08-02 01:04:49,2018-08-27 00:00:00
f280cc89e43c0261d95d1ee72a78cb8b,96146cf7e9a4b8e25cab09715434bbb1,delivered,2018-02-14 22:28:15,2018-02-16 14:29:58,2018-02-20 11:43:48,2018-03-09 14:19:26,2018-03-09 00:00:00
f282ce44705a84bdcd2784a5c18ffefa,450820a56bfb633a586ec2d5d080a88c,delivered,2017-10-23 09:02:56,2017-10-24 03:15:02,2017-10-27 19:42:30,2017-11-03 19:22:06,2017-11-09 00:00:00
f2aa68d062b1d37e398f705a9cfbdb51,3a6092e4b060b3742ba23b9826064953,shipped,2018-03-28 17:58:52,2018-03-28 18:10:23,2018-03-29 18:53:03,,2018-04-23 00:00:00
f2be3946c5ae27518a65c37a05b914f9,c794b43a21994c0b726f1803d2773f19,delivered,2018-02-15 21:23:20,2018-02-17 03:50:35,2018-02-19 20:22:45,2018-02-28 22:52:17,2018-03-05 00:00:00
f2d16f462937b4496beecdb680e7e199,e6dc2d10891fc75c1336840c699d1d88,delivered,2017-04-02 20:17:31,2017-04-02 20:30:09,2017-04-04 15:03:57,2017-04-10 15:44:10,2017-04-26 00:00:00
f2dd5f15184c73c0d45c02941c7c23d1,4b60b3ade055c6ad88a00758c8e8a162,delivered,2017-01-05 22:52:33,2017-01-05 23:05:27,2017-01-06 16:08:45,2017-01-13 17:06:48,2017-02-23 00:00:00
f2e97c3464ad5fb53d6be7afcd0e3eaa,23a892e7d6549061e95045636c1c338e,delivered,2017-07-29 12:18:53,2017-07-29 12:35:14,2017-08-02 19:46:14,2017-08-07 20:45:46,2017-08-18 00:00:00
f2ef8ad9ee61aaa6334cf0967193a602,d9753ea64ed62e8042ae6d5ee5a43d7f,delivered,2017-03-11 20:08:52,2017-03-11 20:08:52,2017-03-14 09:58:34,2017-03-17 10:37:43,2017-04-03 00:00:00
f2f6707b2576619925ea0e63103975c0,84f02549f018546d35266595560f789c,delivered,2017-04-14 21:01:15,2017-04-15 21:05:11,2017-04-17 13:41:54,2017-05-02 16:05:52,2017-05-11 00:00:00
f2f949c0ccde761a4485b5535eae0467,7955dc8ce73a68fe390f4e5c54e855ba,delivered,2017-11-13 21:54:11,2017-11-13 22:10:41,2017-11-16 13:21:55,2017-11-24 20:32:03,2017-12-06 00:00:00
f31e4f9ef9c06d4ec8fe2cb66c65e384,5bfcaca2b18e3c038b1f2b33a0d1801e,delivered,2017-10-01 15:17:41,2017-10-01 15:28:15,2017-10-04 19:36:10,2017-10-12 17:36:50,2017-10-24 00:00:00
f320fe2d0f359c67595c70baaf9ffdef,95d6c004d9e124fbca0876e72ca0b411,delivered,2018-02-26 19:05:37,2018-02-26 19:15:41,2018-02-28 00:44:34,2018-03-23 02:48:38,2018-03-26 00:00:00
f32297601abbfbf31af1384e85636bac,b08451e46f8d80e6559b22b9e0d32f41,delivered,2018-07-23 14:43:10,2018-07-23 16:00:41,2018-07-24 11:32:00,2018-07-31 14:12:02,2018-08-13 00:00:00
f325a745f44598592ea78a6e64b589b4,59077d5c620a379906c1130b4cb666ae,delivered,2017-11-09 15:24:14,2017-11-09 15:35:33,2017-11-10 20:28:27,2017-11-21 21:07:57,2017-12-08 00:00:00
f32b1e3320d65b3c94140ffe559dda4f,22bb67c88f37434dbea7e1b88a3f736c,delivered,2018-07-18 14:07:03,2018-07-18 14:22:13,2018-07-18 14:08:00,2018-07-27 22:53:41,2018-08-07 00:00:00
f349e78f52cb2d25cffd4cc44f168413,eec3d506a23070bb0ffad2fea91d9976,shipped,2017-02-02 08:58:27,2017-02-03 03:55:43,2017-02-10 12:51:55,,2017-03-13 00:00:00
f34f5fc0699f22c0ff25056c89074d28,ed5489d5d03cfe3a1748946164d02d79,delivered,2017-08-02 20:05:51,2017-08-02 20:23:40,2017-08-08 16:22:18,2017-08-11 14:49:31,2017-08-22 00:00:00
f35013d66cfcbe79e1bcedd6fb914278,9d8e0ad64a95c80b2816d44431f913bd,delivered,2018-08-04 10:38:17,2018-08-04 10:50:09,2018-08-07 15:14:00,2018-08-10 23:33:35,2018-08-14 00:00:00
f3534c412bf7774091285cb7c57ca373,bf91cf44af4339383b10549c105681e4,delivered,2018-02-04 17:40:46,2018-02-06 04:32:25,2018-02-06 21:03:36,2018-02-20 16:29:07,2018-03-12 00:00:00
f36968a6fff53a64b407f705a0566478,1062d9c6d405aeb42ec6fa9b937238a7,delivered,2017-12-16 12:40:05,2017-12-16 12:55:49,2017-12-18 21:03:20,2017-12-28 18:29:12,2018-01-11 00:00:00
f398a143c0fe171d965db2096cf064cf,46bb3c0b1a65c8399d0363cefbcc4f37,delivered,2017-12-17 09:15:37,2017-12-17 09:30:27,2017-12-20 22:28:45,2017-12-23 12:50:01,2018-01-08 00:00:00
f3aa2dd753099c0b69934615c49540c2,e0e21892a75d9de82362845630f91efb,shipped,2017-11-04 18:26:00,2017-11-04 18:35:25,2017-11-06 21:22:06,,2017-11-17 00:00:00
f3b96845efd71daecf6b331fb3a9f537,6f92779347724b67e44e3224f3b4cffd,delivered,2017-11-26 20:59:24,2017-11-27 09:16:13,2017-11-30 16:38:43,2017-12-09 11:56:34,2017-12-18 00:00:00
f3c2158661b32530c0482c598745fc61,c963b585a17fb368b83163af2e792adf,delivered,2017-11-28 17:37:19,2017-11-28 17:55:32,2017-11-29 20:09:03,2017-12-12 22:10:32,2017-12-14 00:00:00
f3cb950f0d57842dbbd55317ceaeaa71,80bbbe390ca6d4bbd1d21f50093e2a34,delivered,2017-07-25 15:02:02,2017-07-25 15:40:12,2017-07-27 18:11:34,2017-08-03 18:26:02,2017-08-23 00:00:00
f3f19665e7205700de2a40ff56bf2d28,5cabe5b79e91df0b1cc680c581de5b8a,delivered,2018-08-22 13:59:28,2018-08-22 14:15:13,2018-08-23 14:35:00,2018-08-25 14:18:06,2018-08-27 00:00:00
f3fdee8d27166359de2abe05ec16b351,c93e142e933bb44b34c4a1523308e4e4,delivered,2017-11-24 17:09:16,2017-11-24 20:52:18,2017-11-28 22:03:50,2017-12-23 14:58:45,2017-12-20 00:00:00
f40af969fcf3d71db248ca5459f0b7ca,c18b0f796ac8806c72e1596f5c7ff05a,delivered,2018-06-27 08:43:53,2018-06-27 11:03:45,2018-06-27 09:54:00,2018-06-28 17:55:43,2018-07-16 00:00:00
f40d3749a6d621bb95be74a8ce79e06f,3689abfed7e332a5cf585915310c0056,delivered,2017-02-08 12:53:38,2017-02-08 13:15:10,2017-02-13 08:17:32,2017-02-21 12:34:16,2017-03-16 00:00:00
f41b9d67732ba2f147a193ec9d38fd69,9c04d2b53c321f9cdcc997ac84a7f7d9,delivered,2018-03-09 14:53:56,2018-03-09 15:10:49,2018-03-12 14:45:22,2018-03-14 17:21:03,2018-03-21 00:00:00
f41f4f0667b69592fa5bef59e5ef7fad,d7c5773821f77c5341e5f00dbfff4115,delivered,2018-06-04 11:25:50,2018-06-04 11:51:12,2018-06-05 10:20:00,2018-06-13 19:12:11,2018-07-24 00:00:00
f423569a17449da1163fa5de4414338c,db93eae3053808be50d383411b5998cf,delivered,2018-08-16 14:27:39,2018-08-17 03:31:11,2018-08-22 13:47:00,2018-08-28 16:18:32,2018-09-10 00:00:00
f43dce59f4547d6918c7b2360f27698f,ade3f0faef221a3b741b2e56face5c3c,delivered,2018-03-05 22:46:21,2018-03-05 22:55:35,2018-03-06 22:09:48,2018-03-09 01:46:21,2018-03-21 00:00:00
f44845a8eeec9bf829093ad92c846c09,507928d99b23819eb6e79e0772dbbadf,delivered,2018-07-11 13:32:28,2018-07-11 13:50:22,2018-07-12 15:33:00,2018-07-25 01:21:59,2018-08-08 00:00:00
f458316312c3e16919d3eb5f56c95930,7225c68afeaf2d5b575bd6d1aac6ba0c,delivered,2018-05-18 15:23:48,2018-05-18 15:37:41,2018-05-21 14:11:00,2018-06-07 21:38:35,2018-06-19 00:00:00
f45a9d097cad72a13df7a423d893dab6,684741e5c388d9fe3d7ea5c8c1b48182,delivered,2018-05-01 20:55:55,2018-05-01 21:12:26,2018-05-02 15:06:00,2018-05-05 09:52:27,2018-05-22 00:00:00
f4788173ecaa859073b6d2c4a35da40f,ed7c59a481afb7a4c4b75530ca7ccc49,delivered,2018-07-18 05:44:52,2018-07-18 05:55:08,2018-07-18 09:34:00,2018-07-26 18:22:43,2018-08-06 00:00:00
f4828ff963f97cbba213b56e3154ef2f,9c58d0e1a56386c34bf6fbfb2a2b9128,delivered,2017-11-26 10:04:26,2017-11-28 03:40:16,2017-11-28 14:16:52,2017-12-08 20:22:39,2017-12-21 00:00:00
f494e4f6b6de7aeefe3af00acc8b3426,cef7f153f7fb65e2076d6f15e7f58f55,delivered,2017-06-09 19:13:10,2017-06-09 19:22:11,2017-06-16 19:59:43,2017-06-23 09:45:45,2017-06-30 00:00:00
f49c0fbc31a71d739df8b7c13dd6ffd8,8c3bb1ec148b8d1c603c47a15c41faa9,delivered,2018-02-15 16:26:48,2018-02-15 16:46:42,2018-02-16 18:07:12,2018-02-23 20:48:57,2018-03-07 00:00:00
f4b75a851727133860699dd7a8acda5f,2b02d032edb6e61872c6a7869e7e52c2,delivered,2017-12-01 14:18:33,2017-12-02 10:18:39,2017-12-13 15:19:22,2017-12-26 17:48:53,2018-01-09 00:00:00
f4ce5abb3bd4aac9e9c5f5685604cbcb,ddd8286004af97e1509997c76d83e106,delivered,2018-06-30 15:10:49,2018-06-30 15:30:12,2018-07-03 09:26:00,2018-07-10 15:44:53,2018-07-25 00:00:00
f4cfe242b2a63f75c59446a0f5a8ee94,8e9bba8e9800a9bdf85291c468b3607f,delivered,2018-03-06 11:18:32,2018-03-07 11:15:55,2018-03-08 17:27:19,2018-03-17 19:22:08,2018-04-02 00:00:00
f509a7040093f6d9092290c14fb8cdb2,9fd502a41b84277f49be75af6fbc2738,delivered,2017-12-10 09:09:56,2017-12-10 09:19:24,2017-12-11 22:57:53,2017-12-17 14:51:37,2018-01-04 00:00:00
f50a129ed971ecf763627e2b2a94be73,fa171236769262c2d8b9c6a9bb1eceb3,delivered,2018-02-21 12:22:01,2018-02-21 12:30:41,2018-02-21 22:22:34,2018-02-23 17:09:09,2018-03-21 00:00:00
f50e54b63f3aef3514497d67977256f5,c6806b56d02b81f94a7579c5a8ed9363,delivered,2018-08-05 12:28:36,2018-08-05 12:44:15,2018-08-06 11:47:00,2018-08-07 17:35:18,2018-08-10 00:00:00
f50e6fe960b68d2b8510cc0cef8ed8dc,e34ce820dbfce68d02a20686e4c9949b,delivered,2018-03-04 14:29:41,2018-03-04 15:08:48,2018-03-06 18:38:29,2018-04-07 13:58:23,2018-03-27 00:00:00
f5147f84d290b6615104539af53179fd,132a9facc3e81d474c4c24d5ce82e284,delivered,2017-02-01 13:21:52,2017-02-01 13:31:04,2017-02-06 08:37:52,2017-02-13 09:05:15,2017-03-08 00:00:00
f521316c3f7b3dca86fee711afb2ab40,33a80b6e336aef84a793ecfb1b6361e3,delivered,2018-05-18 11:30:17,2018-05-18 13:26:06,2018-05-21 13:45:00,2018-05-24 11:26:53,2018-06-04 00:00:00
f522ddf23e3ce51e2ad669c0c55f75af,5adb76c2c749cc4021ffeb2d5a088c51,delivered,2018-03-08 09:46:24,2018-03-08 09:55:31,2018-03-08 19:36:23,2018-03-16 21:21:13,2018-04-04 00:00:00
f52ca6450bdbd97aace8dc2d9d711000,90458193c77963a2f26e73bd02bb266a,delivered,2018-03-15 16:14:32,2018-03-17 02:50:50,2018-03-20 19:28:34,2018-05-01 17:52:11,2018-04-10 00:00:00
f536792a13716fb94028f1c59984763c,e1e145e1a407187a0057f9008aad829f,delivered,2018-03-20 20:41:40,2018-03-20 20:50:43,2018-03-23 19:57:40,2018-04-09 21:04:27,2018-04-16 00:00:00
f53c55d69ec100514da4915a8a3d72b2,0dd1098b87c24451307ef832e71db6e8,delivered,2017-10-31 04:16:46,2017-11-01 03:31:21,2017-11-03 17:28:01,2017-11-06 21:58:34,2017-11-08 00:00:00
f5508c24aa4418c7069ad5a43b06bdee,73c5b90f781d271fe81aad2a4f3fdb09,delivered,2018-05-14 20:38:09,2018-05-15 04:52:36,2018-05-15 14:21:00,2018-05-18 19:16:45,2018-05-30 00:00:00
f5534d6b1d3258a7ffec513deeeade95,2ab6108e1d12014a4acb8983df9f4edb,delivered,2017-08-25 17:43:52,2017-08-25 17:55:12,2017-08-28 21:40:11,2017-08-29 21:58:02,2017-09-08 00:00:00
f55846241ee01e6a5d8401e58d5b6c77,96ef8fb77cc2818a55b9f63961183f4a,delivered,2018-07-05 10:50:14,2018-07-06 03:11:22,2018-07-06 11:53:00,2018-07-13 19:41:59,2018-08-02 00:00:00
f565be42bf5390f6cd98934cc4c17091,d5bb85d2c9324fc7a298992e501ca509,delivered,2018-05-09 15:22:58,2018-05-09 15:51:38,2018-05-16 05:29:00,2018-05-25 23:51:46,2018-05-28 00:00:00
f5662da1743a5f7589fe85510a24e197,d4a2823e14df7fb54dc7316631a5a117,delivered,2017-10-19 00:01:10,2017-10-21 03:07:31,2017-10-21 14:43:30,2017-11-06 19:33:11,2017-11-09 00:00:00
f584750a7d396178965d61cce2bf2c9a,0d9042bd800016a09f39508f92f969a1,delivered,2018-01-16 18:53:22,2018-01-16 19:10:51,2018-01-18 18:04:23,2018-01-20 13:18:57,2018-01-31 00:00:00
f586f078b428a8fa67820e1606760010,8aefefb66cb5293d6193a83ee009ee1e,delivered,2018-02-23 17:04:14,2018-02-23 17:15:39,2018-02-27 20:42:46,2018-03-08 11:56:30,2018-03-20 00:00:00
f5ab5341b520987fc899c69ec795dc1d,d234da1ce7c522e9248815bee7a0181f,delivered,2017-11-06 16:36:07,2017-11-06 23:32:44,2017-11-09 22:41:09,2017-11-10 14:42:45,2017-11-27 00:00:00
f5b364f870f2417bb837200eac7677d6,76190209cd924a1054418c59c03c16c8,delivered,2017-04-12 12:53:23,2017-04-13 02:42:25,2017-04-13 15:48:01,2017-04-19 11:14:07,2017-05-04 00:00:00
f5c1445b3732010dc5ad14eff121f7d0,c1b2a792a8f36955b3dcb27c2485aabb,delivered,2017-11-27 11:26:40,2017-11-28 03:32:13,2017-11-28 16:57:10,2017-12-04 22:58:47,2018-01-10 00:00:00
f5eda0ded77c1293b04c953138c8331d,68f2b37558e27791155db34bcded5ac0,delivered,2017-12-12 19:20:28,2017-12-12 19:32:19,2017-12-20 20:12:42,2017-12-23 17:11:51,2018-01-05 00:00:00
f5f15b58af5d98ee482e59fa194a9112,a53edd5b86dea9f6151d2eb0d98e06a0,delivered,2018-07-08 23:17:32,2018-07-08 23:30:10,2018-07-27 14:01:00,2018-08-01 19:38:25,2018-08-08 00:00:00
f605124d27f2e57fff4d4555277d0dbd,01a672f8689f3c466770ff1883deabe5,delivered,2018-08-16 09:08:23,2018-08-17 03:29:46,2018-08-17 12:49:00,2018-08-22 23:38:40,2018-08-30 00:00:00
f614b00ec28e93d421101c1a27369277,37b1a6ea6445f0a22764e0f929913917,delivered,2017-08-10 13:20:56,2017-08-10 13:35:14,2017-08-14 11:13:57,2017-08-21 20:57:31,2017-09-01 00:00:00
f61f547d212a8e108eb2a928aaa5fb03,15f2c50b98a1de718c34e7d888f40a68,delivered,2018-01-12 20:19:49,2018-01-16 03:51:09,2018-01-19 23:04:46,2018-01-30 19:23:26,2018-02-15 00:00:00
f637d76c398963bc6fd99947a23806f6,d3280ade77adc50bab8f303d92eebb17,delivered,2017-10-15 20:45:47,2017-10-16 20:49:59,2017-10-17 19:10:21,2017-10-25 20:22:26,2017-11-07 00:00:00
f637db9f107a517712822ef3c44024aa,301636c99160f8491897102bc9314600,delivered,2018-03-16 16:24:35,2018-03-17 16:31:08,2018-03-19 23:58:34,2018-04-24 20:02:56,2018-04-09 00:00:00
f64acc0cecd62080222884dac91d7e81,5509c22c5bbfd431c377cb58b9bc8da2,delivered,2018-03-18 21:44:18,2018-03-18 22:07:41,2018-03-19 19:28:32,2018-03-28 23:04:19,2018-04-05 00:00:00
f64c7fd99793f1416dea0acbf3d9892f,cb1134effa844529035effe06a2ae01d,delivered,2018-01-23 20:22:31,2018-01-23 20:39:24,2018-02-07 16:51:55,2018-02-14 21:35:48,2018-03-20 00:00:00
f655ae6fff7b523b34ac845cd918b87f,ec0710f70b0a66de2e21b51a29b9850f,delivered,2018-06-27 11:54:37,2018-06-28 02:15:40,2018-06-28 14:12:00,2018-07-02 19:07:36,2018-07-18 00:00:00
f65ca26881ac6c0ef00ce00baf3d157b,f6fb5f14fdbebba18783eb0e9be41669,delivered,2018-01-06 08:13:47,2018-01-06 08:27:39,2018-02-09 12:56:00,2018-02-14 19:41:34,2018-03-07 00:00:00
f6661fe3177a741fbfd91547b86a00e9,5c8ad45158ccd55a42cc132c584409e7,delivered,2017-11-24 23:21:49,2017-11-25 02:16:36,2017-11-29 20:42:00,2017-12-01 15:46:37,2017-12-08 00:00:00
f69425cdf960af0610de624359fd6a04,310d31ae6e46c6bc708865caf0649709,delivered,2018-02-02 10:18:03,2018-02-02 11:30:46,2018-02-02 23:12:35,2018-02-15 20:47:01,2018-03-05 00:00:00
f6a40045364c9ef1f9405ef1d094c389,73522d9ec5b4e4b71550fc64f77cfa27,delivered,2018-01-06 09:45:08,2018-01-09 07:21:05,2018-01-10 18:09:36,2018-01-13 02:22:39,2018-01-31 00:00:00
f6a88b9bb4c26463d70208b8ad03eb28,f91e7738124ea7b25b9a32d3cc695381,delivered,2017-03-29 10:38:29,2017-03-29 22:42:34,2017-03-30 16:47:48,2017-04-06 11:07:26,2017-04-20 00:00:00
f6ab013773ba1820dc3239e7388ab5f1,ba502bf0939a37587917bb56a38081cc,delivered,2018-01-25 15:58:23,2018-01-27 02:42:26,2018-01-29 18:09:04,2018-02-28 16:22:45,2018-03-06 00:00:00
f6bf3b24291e3adaf0840193cedbf844,6f299b8ed3366569b07fdff803f6f691,delivered,2018-04-17 16:36:25,2018-04-17 16:52:05,2018-04-18 23:04:22,2018-05-25 16:26:45,2018-05-18 00:00:00
f6c83f331fa7998140a4cbe44f87b38d,e8e2944931965887ba4dde6cbc76b598,delivered,2017-09-03 10:27:37,2017-09-05 04:35:55,2017-09-06 16:58:05,2017-09-09 13:08:51,2017-09-25 00:00:00
f6e3e88cce05228735d1d123916961a8,40512822fff2718801d8ecdd063dfa9b,delivered,2018-01-31 23:58:22,2018-02-01 02:55:47,2018-02-02 00:11:31,2018-02-09 16:51:31,2018-03-02 00:00:00
f6f20338750875ffa91d23d6d6ff4fb2,738071368b2af5dbdf5c7b487426cf02,delivered,2017-11-26 20:58:46,2017-11-26 21:14:13,2017-12-05 00:12:31,2017-12-14 19:41:42,2017-12-15 00:00:00
f6f4658567da4b739eacf70531b041df,9585a6e7aee2694d60fc9a1b6370f3ba,delivered,2018-01-04 22:55:56,2018-01-06 02:08:20,2018-01-11 20:57:36,2018-01-16 15:38:36,2018-01-29 00:00:00
f6f4791d4e9af576b54789af41c06f23,d555b8d70c02be78fe7f6f59377a8ada,delivered,2017-12-14 10:55:35,2017-12-14 11:17:53,2017-12-18 21:21:57,2018-01-03 17:37:51,2018-01-12 00:00:00
f70dff3502fa3fe88532b170cf4f126a,03c75f8dfffde486ab30360f6e689a4f,delivered,2018-08-15 17:49:43,2018-08-15 18:05:20,2018-08-16 14:05:00,2018-08-20 16:58:40,2018-08-23 00:00:00
f71db65486473af693cb9575b5b77acb,01d581c1d75cd6e7a5315b20589b9944,delivered,2018-08-23 16:23:02,2018-08-24 03:15:21,2018-08-27 14:53:00,2018-08-28 19:27:28,2018-08-28 00:00:00
f72467d6531722969a365e9bad203276,8a3e99fa5a51279609ea8a0aa20bd801,delivered,2017-12-09 20:08:15,2017-12-09 20:14:20,2017-12-11 23:58:36,2018-01-06 15:32:48,2018-01-08 00:00:00
f738ff751aa9c2388f4009d04ada528b,9ba9a573af39c332b4844fee4e2cffc5,delivered,2017-02-21 21:47:14,2017-02-22 03:22:38,2017-02-23 08:28:55,2017-03-07 11:34:33,2017-03-22 00:00:00
f75517cfb973c21eab8559a870263794,cabb8af06c1bc856f52368fd7772e41f,delivered,2017-07-04 19:48:21,2017-07-05 17:42:57,2017-07-07 13:11:21,2017-07-11 20:27:58,2017-07-27 00:00:00
f76722e1f5bbed6240fe01d579139c3f,75fd774bdd2f8bec27d4bfe8fc305b32,delivered,2017-11-29 08:40:43,2017-11-30 02:25:53,2017-11-30 19:25:12,2017-12-18 23:22:26,2017-12-20 00:00:00
f769d5778736c059f21be80b520c0b86,9b6103f5f1d4589d533383cd48675eee,delivered,2018-01-30 12:08:40,2018-01-30 13:00:26,2018-02-01 20:33:56,2018-02-15 21:14:22,2018-02-23 00:00:00
f78c8c3b43d996a8ff2d7be6a2eb5e8a,2c2e3a0b219594cbfaa91ce4d83fed81,delivered,2017-06-02 22:01:45,2017-06-06 13:35:24,2017-06-07 10:31:29,2017-06-19 14:45:40,2017-06-28 00:00:00
f7b7cd620fccb9f2041e9f3b569d49e0,54eb89ff2fe76545bc7f3f61ed18af52,delivered,2017-10-16 01:17:13,2017-10-16 01:28:21,2017-10-16 20:58:49,2017-10-23 22:52:21,2017-11-06 00:00:00
f7b820ea870eadff426970af299e9384,82c13b27571f530d4e03109dc6605536,delivered,2017-10-09 16:17:48,2017-10-09 16:49:25,2017-10-11 15:29:19,2017-10-16 20:34:41,2017-10-27 00:00:00
f7b919c0d2c64a38f645de0bb6f20e4e,8b2aa07f0b53487be833fb71a06df0ed,delivered,2017-11-17 13:10:16,2017-11-17 13:46:35,2017-11-17 21:56:42,2017-11-27 13:05:59,2017-12-11 00:00:00
f7c60481e9597efaf926c7fd126b2483,592931cc5a4663678da3cc8673662ed8,delivered,2017-05-22 22:58:03,2017-05-22 23:05:17,2017-05-24 09:12:25,2017-05-25 09:34:54,2017-06-02 00:00:00
f7c983ea77108633138dd0ff5e2fbd3a,2625038eb968f0a5103f65539b3744f4,invoiced,2017-10-03 17:29:50,2017-10-04 02:43:39,,,2017-11-01 00:00:00
f7d960d092a081a1124e6f27cdeb2130,41f91ce48b296660bfe6c74c0eb433bd,delivered,2017-04-08 22:07:33,2017-04-11 03:45:19,2017-04-11 09:26:29,2017-04-18 15:46:50,2017-05-12 00:00:00
f7f3b76959c6fadfb61d9c5474b885e7,294e9a8a67c78698557687b3dfa137e0,delivered,2018-08-10 22:28:27,2018-08-10 22:44:36,2018-08-13 09:27:00,2018-08-21 00:14:50,2018-08-22 00:00:00
f7f84dc96924f895eeee8f89515012c3,b1df9917cf97e94889c9d6ab92062c9e,delivered,2017-09-05 17:46:18,2017-09-07 02:51:10,2017-09-11 14:58:06,2017-09-25 19:45:45,2017-09-26 00:00:00
f80ad99e797d6ae86865bed1ff9483dc,56f782fa47a9dd4a8afbd385ac3a8061,delivered,2017-12-31 16:52:58,2017-12-31 17:07:34,2018-01-02 16:49:03,2018-01-11 19:48:47,2018-01-18 00:00:00
f80e68b525d4ea7025db2f4648d4007d,46e8cc38dc8f69d926b477f403832417,delivered,2018-05-23 00:01:15,2018-05-23 00:56:19,2018-05-23 12:43:00,2018-05-24 14:58:53,2018-06-05 00:00:00
f8269b176544d1f16f51e785046d1785,a04c1a8fb4d90f1acc305482daeba5c5,delivered,2018-06-19 21:08:40,2018-06-21 03:17:29,2018-06-21 15:40:00,2018-06-28 21:54:49,2018-07-20 00:00:00
f832a90e0e5f392aa29255b5716b012d,f63cb8460e0b173006fa7e7bf9cc71be,delivered,2018-04-26 16:22:34,2018-04-27 08:15:19,2018-04-30 07:02:00,2018-05-02 19:23:34,2018-05-10 00:00:00
f8337e09908840a3536231a3a198b43a,d12ca97166081cdbaf085814549aa109,delivered,2017-10-09 15:06:05,2017-10-09 15:15:32,2017-10-13 23:12:05,2017-10-20 20:15:13,2017-11-07 00:00:00
f83c8acd504b93200d7313d293a35f31,b78865983d067a2d249b151a74ce1b80,delivered,2018-06-25 16:11:14,2018-06-25 16:37:56,2018-06-26 14:20:00,2018-07-04 19:11:53,2018-07-24 00:00:00
f8433ba8190dc8137e3409d466cf90ef,e25c5deefe6b7e4740265442544e59f5,delivered,2018-06-06 21:41:54,2018-06-06 21:55:15,2018-06-07 12:52:00,2018-06-14 17:17:36,2018-07-16 00:00:00
f849a31dd0dcf26a9af068f40ab197a8,1bcc6431fd96901eaa998ac18b687ef2,delivered,2017-04-26 14:48:36,2017-04-26 15:03:09,2017-04-27 09:39:08,2017-05-05 13:07:44,2017-05-17 00:00:00
f84df8c0d5dd2861dd4b0939c1a9fc27,35e7e54f7840d659ec8d270cf00a66dc,delivered,2018-07-18 11:08:28,2018-07-18 11:30:16,2018-07-19 12:15:00,2018-07-31 10:16:40,2018-08-13 00:00:00
f860c7860a105bb2aba6dbdfbc7f17ef,4a468858eca50f59f59f95ec8faf84c2,delivered,2018-05-01 22:21:53,2018-05-01 22:35:16,2018-05-04 09:07:00,2018-05-14 19:48:39,2018-05-25 00:00:00
f86be73e2deb7e4d522ee8922cc02bd7,034ec80100c45d578f08af297f2b84c9,delivered,2017-12-10 11:02:56,2017-12-10 11:15:22,2017-12-14 21:52:30,2017-12-19 22:58:37,2018-01-04 00:00:00
f86f6472fa9f395d8d9a6751ca118afb,ce6d32fa00bbae809e07c14126e5fa6e,delivered,2018-04-19 09:55:30,2018-04-19 10:11:59,2018-04-20 22:49:03,2018-05-09 23:38:42,2018-05-18 00:00:00
f8813be969dfa2d97ee44b025c9bcaf3,69c332bdd81e457614a7674cfd817a4b,delivered,2018-01-13 22:50:18,2018-01-13 23:09:02,2018-01-16 19:03:17,2018-01-25 18:43:19,2018-02-05 00:00:00
f8815360ba396d9d7cfa13aa2048041e,b73e048b0caca826fe525c304b9f2c8d,delivered,2017-11-11 13:11:57,2017-11-11 13:31:00,2017-11-13 20:34:36,2017-11-22 19:28:28,2017-12-12 00:00:00
f8898796f33b7a0741dc0cf4f54c0001,f04bc3f68cb2a1fff4fb642b10c6ecdb,delivered,2017-10-03 07:57:54,2017-10-03 08:07:19,2017-10-03 16:32:58,2017-10-06 17:50:26,2017-10-26 00:00:00
f89a86148310b5d6a02fbab8f1c9fb77,cecb0cabf6394829a7de181e95a08ad6,delivered,2017-09-08 17:21:34,2017-09-12 04:25:52,2017-09-12 19:51:45,2017-10-16 21:18:15,2017-09-27 00:00:00
f8a7ddc8ce9090a2647d48daecae3a24,341661549b66eb2b11c398b0fd0e0e85,delivered,2017-06-02 18:54:54,2017-06-03 13:05:17,2017-06-09 15:27:30,2017-06-19 18:18:48,2017-07-03 00:00:00
f8b187febb8635055dee874a1d99aa0c,983db67f67cc7707f18e292d74f2b0eb,delivered,2017-05-07 12:48:48,2017-05-07 13:10:28,2017-05-10 10:04:37,2017-05-11 08:06:43,2017-05-24 00:00:00
f8b8a77937cd83cba18622b9e1e2681f,e651d841ae3705fa132b3fbeefcbd0ab,delivered,2017-10-03 17:05:02,2017-10-03 17:14:21,2017-10-05 15:02:51,2017-10-17 22:24:08,2017-10-27 00:00:00
f8bbf6bc03d0fb7a5a78e3dadea9f278,0bba7338d5cd321c76f2b47afca91c9b,delivered,2018-03-16 16:04:30,2018-03-16 16:15:29,2018-03-20 22:38:47,2018-04-03 20:52:23,2018-04-09 00:00:00
f8cbe869cc12ad59a53e2efa569d7e34,67fce71cc00b76f5078ceecad54dda52,delivered,2017-12-28 23:10:43,2017-12-28 23:16:31,2018-01-02 23:03:21,2018-01-05 14:49:17,2018-01-23 00:00:00
f8cc09140951893d329b6f1bb9106ab3,9414fbaeb018e9d39ecb77ff898aedf0,delivered,2018-08-21 11:15:35,2018-08-21 11:32:10,2018-08-21 16:12:00,2018-08-23 23:45:30,2018-08-30 00:00:00
f8d682487207f7eab4caa4ab2f2968f7,10d49d1a3883a734feeae150d371a7f5,delivered,2018-08-21 12:31:00,2018-08-21 12:50:22,2018-08-21 17:55:00,2018-08-22 23:56:40,2018-08-28 00:00:00
f8fa646064b580d92a30a5db627a817a,6396a21463860af048e158dd5aefef7a,delivered,2017-03-10 11:30:03,2017-03-10 11:30:03,2017-03-17 14:27:20,2017-03-23 15:42:11,2017-04-18 00:00:00
f8fb39acd1750678fd3d2be1d4166cf8,cccc31230cccb4de694f9cbf1cb6e133,delivered,2017-10-11 10:41:14,2017-10-11 11:46:44,2017-10-13 22:57:36,2017-10-23 20:23:57,2017-10-31 00:00:00
f8fe8d24cb8a4064a82cd795715643a4,9d2f95cf28f64788972d2cc5c5a15272,delivered,2018-08-17 01:06:00,2018-08-17 01:15:12,2018-08-17 14:47:00,2018-08-18 20:02:57,2018-08-31 00:00:00
f90185ee34b0b34c876b408aa6a5686b,fbd6146cc7936a7f362fb09d4526f445,delivered,2018-06-10 12:11:41,2018-06-10 12:31:46,2018-06-11 15:23:00,2018-06-12 18:42:25,2018-06-20 00:00:00
f9114a9615fd4c8a09fa0768afb4a8f6,5656c0f19d8894f19e73e8a285136a1c,delivered,2018-02-26 17:51:06,2018-02-28 09:51:12,2018-02-28 19:23:52,2018-03-21 19:07:40,2018-04-02 00:00:00
f9144beb4a52ad3ca5337e1f9409a3f4,1422bd723a806e194cfb273eaa75e60b,delivered,2018-07-17 22:33:54,2018-07-17 22:45:11,2018-07-19 11:27:00,2018-07-23 20:26:45,2018-08-07 00:00:00
f91eb2806b28dec82d98c3973af406c5,f5610a33e73e71de93a930d78aa9084d,delivered,2018-06-21 16:29:41,2018-06-21 17:58:17,2018-06-22 15:20:00,2018-06-28 13:47:43,2018-07-17 00:00:00
f92658c234d93f1b5e25da234dd2968c,a8bcd37f8dd5ad261b9580c6fa2cff74,delivered,2018-03-04 11:30:27,2018-03-06 03:48:58,2018-03-07 00:21:44,2018-03-23 18:14:37,2018-03-29 00:00:00
f93bdede82a36c75fddda9a509f2298b,c49045560f1f4c67e46520a8098e7492,delivered,2018-02-25 19:36:59,2018-02-25 21:00:20,2018-02-27 09:39:03,2018-04-29 21:48:58,2018-03-22 00:00:00
f94344586ac6663aabd08cbb1381e347,8ff02d450ba93882e5d0277f2fdc8727,delivered,2018-04-20 20:14:26,2018-04-24 18:37:31,2018-04-25 14:47:00,2018-05-02 20:52:14,2018-05-21 00:00:00
f95bc347226e75c87d4c329d25f64970,ac4799a8aa8f7ec9213b489cf941cc2a,delivered,2018-02-05 22:43:46,2018-02-05 22:55:31,2018-02-19 14:06:29,2018-02-20 23:38:11,2018-03-12 00:00:00
f95e68e0a929684e9e406ad28d6604a3,0cfe7792c4a6d243bbd920c0d71a9c46,delivered,2018-02-23 19:53:43,2018-02-23 20:10:25,2018-02-27 00:27:10,2018-03-13 21:07:05,2018-03-19 00:00:00
f96b5c312ad850920b6aed06ee8881ad,87f02a067e858106e8bc1ee503540c83,delivered,2017-12-13 21:28:07,2017-12-13 21:35:32,2017-12-14 23:13:22,2018-01-12 22:21:46,2018-01-11 00:00:00
f96c24233b2160cbda61f76e59f81412,a6cf8f5e39c94c61c9fb0e869f481fc3,delivered,2017-02-22 15:57:47,2017-02-22 16:10:13,2017-02-23 08:17:44,2017-03-07 11:42:44,2017-03-27 00:00:00
f97038209977e4fcbbbb7ca58e55bc1b,b6fb8befdae4a1e9bfc7eed84dd852a5,delivered,2018-03-21 08:43:59,2018-03-21 09:08:16,2018-03-23 00:28:27,2018-03-31 15:36:48,2018-04-09 00:00:00
f97b22f43ebe3a849c11dec2d26ad2d9,9556f574fcc285171e4f59f2b38ba3af,delivered,2018-04-25 21:23:20,2018-04-25 21:35:09,2018-04-26 08:52:00,2018-05-15 18:22:33,2018-05-22 00:00:00
f9847bf9cc7336c6ba07fe2bdbb6cae1,c5a8686eefdcb86e4216dc46cec8b81f,delivered,2018-05-10 18:18:52,2018-05-10 18:30:50,2018-05-11 16:28:00,2018-05-22 23:24:32,2018-06-04 00:00:00
f98a633c73840753516ca92e24128574,d30f1d7a3fa4dbd466d76ae3c8082599,delivered,2017-08-30 21:34:51,2017-08-30 21:45:38,2017-09-01 18:43:50,2017-09-13 21:36:53,2017-09-21 00:00:00
f9987d1807253fd86a6152d06bcc46a3,8534c8da1681eadb3523f889c78faa7d,delivered,2018-02-13 11:14:11,2018-02-13 12:26:57,2018-02-16 01:37:06,2018-02-26 21:04:46,2018-03-12 00:00:00
f99f378d18912c456349267972a22691,8c0ebc83c2e972b8353e62317145867b,delivered,2018-05-09 23:58:28,2018-05-10 00:14:21,2018-05-10 11:25:00,2018-05-16 14:29:01,2018-06-01 00:00:00
f9b70a12018e8fc54ff01781ea794a6b,e54754d2e9742ee1060d207bd1e0b070,delivered,2018-01-14 17:48:42,2018-01-14 18:08:58,2018-01-16 11:48:40,2018-01-25 20:09:13,2018-02-08 00:00:00
f9b7d4be1a26d7a0017957e6a6f26e01,fef5bebfcd96024d880aa6a0b9b16cd6,delivered,2018-04-07 19:30:06,2018-04-10 03:35:27,2018-04-10 19:08:52,2018-04-27 17:26:45,2018-05-02 00:00:00
f9c3b3bf31139769a9952d2228555efd,511d7f5921a8a64e099b90c651decc2e,delivered,2018-02-20 15:50:52,2018-02-21 17:30:26,2018-02-22 20:04:08,2018-03-17 19:28:41,2018-04-05 00:00:00
f9c78e6e58306dc81efbbada1ac11f24,4740044a9390cc45b2c213e8714129e7,delivered,2017-09-01 22:26:18,2017-09-02 22:23:53,2017-09-05 12:08:46,2017-09-13 19:07:33,2017-09-21 00:00:00
f9cda286ca417062ff15bf5d63fbc70c,7b2a178190dfc4efadeccb75fc833074,delivered,2018-05-21 17:25:11,2018-05-21 17:56:47,2018-05-22 10:49:00,2018-06-06 20:37:37,2018-06-11 00:00:00
f9d852b1cf2bd8c89bc635849359cb4e,4476f06eb0d6308ab0f681b6f07297c9,delivered,2018-06-07 16:13:24,2018-06-07 16:41:18,2018-06-08 16:32:00,2018-07-12 12:58:18,2018-07-20 00:00:00
f9e254c56ad8dc27d6fd34b26f94711f,7a60c49de204bb732d997d4382b7a0ec,delivered,2018-08-28 14:11:30,2018-08-28 14:24:20,2018-08-28 17:10:00,2018-08-30 02:05:03,2018-09-05 00:00:00
f9eb516475260ab01f33937aac3cfd40,4ead8c602805bd9623211328f97ca745,delivered,2017-11-27 12:41:22,2017-11-27 14:19:34,2017-12-01 19:42:10,2017-12-04 19:16:45,2017-12-11 00:00:00
f9f19aa140c738c064cb3cb17040a30d,6d945e9e51360c1302f74078612a5baf,shipped,2018-03-08 16:11:08,2018-03-08 16:56:13,2018-03-13 19:29:33,,2018-04-12 00:00:00
fa0f0d1f0217a8e31b498715069cf94f,bc0030a83d0030a9030331ae69ba97ff,delivered,2017-04-25 16:31:43,2017-04-26 17:05:13,2017-05-09 10:23:20,2017-05-12 14:46:59,2017-05-25 00:00:00
fa1e2a95826b093d8c6bdee094c13c2b,a88b2f5e512cfab3a9eb443a1436553e,delivered,2018-01-10 19:02:16,2018-01-10 19:13:28,2018-01-15 18:54:05,2018-01-22 23:28:34,2018-02-02 00:00:00
fa200e49cb5e3ae19cde414d9d9161d4,8c249a8270e7388f730eba7a657c2318,delivered,2018-08-18 15:35:12,2018-08-18 15:50:08,2018-08-20 15:29:00,2018-08-23 16:35:34,2018-09-11 00:00:00
fa2299624a4957d95dd526fc552d1ff1,6c4db8956588a32f2e15cd587c31c12f,delivered,2018-05-30 19:32:45,2018-05-30 19:51:03,2018-06-01 13:23:00,2018-06-05 00:08:47,2018-07-03 00:00:00
fa2c90cc79e4e69f0083fa936998174e,2cf11b6b0d123c72731303fe0b5d0490,delivered,2018-03-29 21:44:05,2018-03-29 21:55:12,2018-04-03 01:58:48,2018-04-23 17:18:00,2018-05-03 00:00:00
fa2d13f8e78f4d76a375ddac6b2d4337,aec65bc941b0a6e412d0ba1738ab0bf4,delivered,2018-04-29 19:57:19,2018-04-29 20:15:27,2018-04-30 08:32:00,2018-05-02 17:19:27,2018-05-16 00:00:00
fa2fd666118d799e8d1872a146839d77,49370a22da342102b4d388e16a30f5bc,delivered,2018-03-21 13:01:05,2018-03-21 13:10:34,2018-03-22 20:28:56,2018-03-24 14:36:25,2018-04-13 00:00:00
fa42ca789329fe838b380b2dce4c0307,87ac0933b7f0201a64c8f04e34bdcfc3,delivered,2018-05-02 23:25:02,2018-05-03 00:50:16,2018-05-03 13:05:00,2018-05-16 18:56:57,2018-05-25 00:00:00
fa4ab8250c20f75f121f9ebbfd0a915a,a1d87ae5a106ad3b35345b50f226cc8c,delivered,2017-05-24 18:20:47,2017-05-24 18:30:12,2017-05-25 09:44:39,2017-05-30 11:34:38,2017-06-16 00:00:00
fa6e00b909d5805dc02b5456fa40778b,0926ef97ab333a4afea77827d3cbe32c,delivered,2018-05-16 02:24:49,2018-05-16 03:35:24,2018-05-16 13:03:00,2018-05-29 18:47:47,2018-06-04 00:00:00
fa82edaf6d788f4a8a80e2f8fc4cb9b7,0c5be6b354afcc24ff40642e4538268a,delivered,2018-08-26 19:04:05,2018-08-26 19:15:16,2018-08-27 14:43:00,2018-08-28 19:52:42,2018-08-30 00:00:00
fa8af66ee11f929d58f95e9a0522d792,a7361cef18d3fa0382cf9b7179c7de30,delivered,2018-04-22 12:03:21,2018-04-24 17:16:32,2018-04-23 18:32:27,2018-04-26 19:12:10,2018-05-10 00:00:00
faae3d4acaaab21062794c932248e58b,bcf9cd830b56f139f4af1258ce8978be,delivered,2017-10-23 00:13:46,2017-10-23 00:28:20,2017-10-24 17:14:44,2017-11-06 20:36:20,2017-11-14 00:00:00
fad45938bae3bd8a63fbae03cc8ae040,d4a9ae0280546de3e139880622aecfdb,delivered,2017-08-17 15:11:20,2017-08-17 15:45:16,2017-09-06 19:38:08,2017-09-19 11:10:51,2017-09-25 00:00:00
fae78da81b7ad4a5389732f61e0264ef,90b17430567733d3e005cc92466c213a,delivered,2017-06-06 18:10:19,2017-06-06 19:15:15,2017-06-08 07:49:57,2017-06-19 21:22:25,2017-07-17 00:00:00
faeeb4eb4150e4e1246627ee36ae6f60,166cca2d65c48d84cfe64329ed713c71,delivered,2018-03-14 11:58:07,2018-03-15 03:15:53,2018-03-15 20:04:02,2018-03-29 15:08:38,2018-04-09 00:00:00
fafd2c21c936debfbe975488ded4667a,3f9eeec8455219ec26b9fa6a2c8e9014,delivered,2018-01-08 14:24:20,2018-01-08 14:36:24,2018-01-12 22:30:07,2018-01-22 19:08:45,2018-02-06 00:00:00
fb12ff6f5be15ffae684b3cc37abdf24,72f24bfed37917f0582eef35300edfce,delivered,2018-01-11 22:24:15,2018-01-11 22:34:24,2018-01-12 14:54:53,2018-01-23 19:19:13,2018-02-09 00:00:00
fb14d0b924669f4fedd4109bbbfbb736,a6fb7a48402f0b53260a6b518b2119ee,delivered,2017-04-24 17:08:07,2017-04-24 17:22:39,2017-04-26 09:21:57,2017-05-03 12:58:57,2017-05-12 00:00:00
fb3d9a7dc344c0c035d8c5c808d428d3,48016e0bf6e4209554ce69185c1bd90f,delivered,2018-01-24 22:07:05,2018-01-24 22:14:28,2018-01-26 15:18:26,2018-02-05 23:18:33,2018-02-21 00:00:00
fb4717856a1a4e0a10b9230a1f4b7e51,1636332b9a64a599200ece387bfb69ad,delivered,2018-08-10 16:28:54,2018-08-10 16:44:29,2018-08-14 12:24:00,2018-08-16 18:51:00,2018-08-23 00:00:00
fb520e46696d1669a96549c252ed177d,438bad05055d60b6e82e9f244a8a1024,invoiced,2017-02-08 23:17:29,2017-02-08 23:30:14,,,2017-03-22 00:00:00
fb7d6ea70e823cfb1afca3524282cbf9,715d3b0fa859b738afff1463a14395bc,delivered,2018-04-01 22:30:00,2018-04-03 05:28:15,2018-04-04 18:53:36,2018-04-11 19:42:01,2018-05-04 00:00:00
fb7f2bd158ff5c98d1c6f296100b89ee,9f700cd78cf84ddaab40881aa1352029,delivered,2018-01-02 07:58:29,2018-01-03 04:32:32,2018-01-03 21:33:15,2018-01-05 11:37:28,2018-01-18 00:00:00
fb8d3c9c828695a80f48d03b0675ea08,f16dd3f2fdd8e832bfbf92a3fc29380e,delivered,2017-11-24 15:02:09,2017-11-24 17:31:51,2017-11-27 22:39:00,2017-12-06 14:39:03,2017-12-27 00:00:00
fbaee591810d3fe0adba011d245616e2,3101541ce748b5b519502b237d72b5d5,delivered,2018-04-23 16:01:06,2018-04-24 17:24:00,2018-04-25 12:24:00,2018-05-07 22:26:39,2018-05-21 00:00:00
fbaf27e77414fafd620939df6eeb37f0,26c135a79b1c5728d80a4336b2a8d85a,delivered,2018-07-12 22:57:39,2018-07-13 22:55:18,2018-07-18 12:40:00,2018-07-23 18:21:44,2018-08-09 00:00:00
fbbc0a864330509c41ca4b4f0ff9b780,fb05a028450ab57468eb98f003a45b05,delivered,2017-07-13 16:20:44,2017-07-13 16:30:19,2017-07-14 18:48:00,2017-07-25 14:21:20,2017-08-08 00:00:00
fbc0e39ffd844ed939344840824834d5,5d40e40a115412d6648b11a43456a255,delivered,2017-12-04 10:51:02,2017-12-04 16:31:11,2017-12-07 01:09:41,2017-12-11 20:57:49,2018-01-03 00:00:00
fbdda663869065b1521bf7be56191f6f,42b343409a90819f39c38275dc06bed0,delivered,2018-01-31 12:20:13,2018-01-31 13:50:05,2018-02-02 22:05:50,2018-02-14 20:33:25,2018-02-26 00:00:00
fbdf13b5cfcd66dc81e7fc629df1877e,cd299b4957202f88287b1ede2991cf5b,delivered,2018-02-27 11:45:25,2018-02-27 11:55:34,2018-02-27 22:49:01,2018-03-20 13:56:46,2018-03-27 00:00:00
fbe61ad65fab58d509a6785653636a57,e640eb5ba79e2f38f8cf36c6efac0edf,delivered,2017-06-30 13:47:22,2017-06-30 13:55:11,2017-07-04 09:22:39,2017-07-14 15:49:58,2017-08-01 00:00:00
fbff49f23160970478cfc548cf7acde6,bf595ac1199b8f88990ff5389e648b00,delivered,2018-04-30 23:40:41,2018-05-01 03:53:44,2018-05-03 13:19:00,2018-05-12 13:48:50,2018-05-24 00:00:00
fc0933f59ece039ad7fd014c0464b77e,5e0f4ae7f2f6850f4a30b16c0a24a732,delivered,2017-06-01 13:40:17,2017-06-02 04:32:30,2017-06-05 11:46:43,2017-06-13 11:48:34,2017-06-28 00:00:00
fc22b5be95b78b75981e0941fde2d34c,5ea2072bf6d8282cf452c471506c54a3,delivered,2017-07-15 11:56:44,2017-07-16 12:02:50,2017-07-24 17:51:58,2017-08-02 19:52:06,2017-08-14 00:00:00
fc3aa05d6850a6420531377b15473f98,6ba6cff11767c3af78bebf58fe6e6cba,delivered,2017-08-28 19:47:20,2017-08-28 19:55:25,2017-08-29 16:58:14,2017-08-30 22:16:50,2017-09-08 00:00:00
fc447b97d47426eaf8ec60d936f96ca9,792a25de8cf6773efd37ddced5f8dbc9,delivered,2018-02-15 20:03:40,2018-02-15 20:15:24,2018-02-16 22:18:49,2018-02-23 21:24:21,2018-03-01 00:00:00
fc44a585a233aa97fd6b95f25e97cc7b,3a25d5fa6ed987c3db36dfd46d303e0f,delivered,2018-08-19 17:06:05,2018-08-20 12:50:07,2018-08-21 14:45:00,2018-08-23 01:32:04,2018-08-24 00:00:00
fc4bcada7517f413ad3d38e7404c9b3f,1334da127df70d32ddf5a1a27c675e65,delivered,2018-07-05 14:23:20,2018-07-05 16:32:07,2018-07-06 11:22:00,2018-07-11 13:54:30,2018-07-20 00:00:00
fc52f0b6b2799aab381d22c1500ec63e,b3f63321d868c01dfd7a025899954ec5,delivered,2018-07-06 14:49:06,2018-07-06 15:11:15,2018-07-10 14:16:00,2018-07-25 15:11:11,2018-07-31 00:00:00
fc566a7948095d23a16e8e2fb3c8ffc0,6ec28820c95f4830ffd681df551a2531,delivered,2018-03-16 09:32:52,2018-03-17 02:50:44,2018-03-20 19:32:45,2018-04-02 15:41:32,2018-04-23 00:00:00
fc7638aa60943d049d9b5811c587226e,f1de875ecaa02a0bde555a897ac83c78,delivered,2018-03-28 18:21:32,2018-03-30 03:15:43,2018-04-03 03:14:25,2018-04-09 20:12:42,2018-04-16 00:00:00
fc7e0e70546cba116020b8c07f87da04,c2d0ef04518550c0cffff11d19b9acde,delivered,2018-01-22 20:41:33,2018-01-24 02:38:28,2018-01-24 21:52:25,2018-02-20 16:24:48,2018-02-06 00:00:00
fc84e4c7eef7e91a7cd081a2f273f5b8,56dfe923d7bf928d0e70a9f696e3fae7,delivered,2017-10-12 20:00:51,2017-10-14 18:36:15,2017-10-17 20:18:37,2017-10-23 21:03:59,2017-11-01 00:00:00
fca7b989b55ec495fc04ef8344bdb7d9,a3d11dbcd9f16d462fc5835c36880940,delivered,2017-04-09 11:23:37,2017-04-11 03:55:34,2017-04-11 13:13:23,2017-04-20 12:08:24,2017-05-17 00:00:00
fcaa22948cf53b9b3ff7de0c67b6391c,bdac7cb780e6f6c2be2b42c24c03f04f,delivered,2018-02-08 19:39:39,2018-02-08 19:55:28,2018-02-10 00:26:22,2018-02-16 14:33:01,2018-03-02 00:00:00
fcaae2ec3667a30a9164785ba78306b9,c336a1d0139a6fc12cea3220508e2e23,delivered,2017-09-25 11:13:43,2017-09-25 11:30:24,2017-09-29 19:27:38,2017-10-14 17:12:16,2017-10-18 00:00:00
fcab81c753507a9453c01a1b9e136d2f,5165000b455801f536ef90813b9a4499,delivered,2018-01-29 22:13:07,2018-01-31 13:32:19,2018-02-05 14:05:49,2018-02-08 15:34:16,2018-02-20 00:00:00
fcc0c3371e0af4947b6b4c013ecc6e35,fc3cadc0c1328b099cba58d281368351,delivered,2018-01-13 00:27:45,2018-01-13 00:58:33,2018-01-16 21:10:15,2018-02-02 20:06:43,2018-02-09 00:00:00
fcc13f1fc01aacaf59da3b5bbc2e1b9e,1286872c3c0be0909184f3a1056a7471,delivered,2018-05-10 12:11:39,2018-05-10 12:31:45,2018-05-11 15:03:00,2018-05-16 16:12:09,2018-06-06 00:00:00
fcc92ad75bbb8728d4d4488325ffc907,0980d72e94bede8b0f7d8a4cd32511c8,delivered,2018-03-24 09:22:32,2018-03-24 11:41:30,2018-03-27 22:54:24,2018-03-31 15:48:36,2018-04-17 00:00:00
fcd173d025d9960fde973eb391a98e0b,7a6ab733eec189ed393786b92d3e563a,delivered,2018-02-07 11:36:05,2018-02-07 11:55:31,2018-02-07 22:12:49,2018-02-21 20:28:46,2018-03-07 00:00:00
fcdc3e0003ba241c9a56bcdc32590c38,8b6af4aa3d7e95622bb718a5fdc72019,delivered,2017-12-02 21:43:51,2017-12-05 10:31:01,2017-12-06 18:33:04,2017-12-11 22:51:23,2017-12-20 00:00:00
fd038d8e957d1407c9928ef57603146e,87e802b8e48b28d75c1ace4856bec0cc,delivered,2018-01-13 13:48:26,2018-01-13 13:57:29,2018-01-15 20:22:42,2018-01-24 20:53:24,2018-02-20 00:00:00
fd16cef57164811712478da2f5bf81a3,bfb9558ab5dbb375ff3248a7adebbda6,delivered,2018-01-28 19:53:16,2018-01-28 20:10:55,2018-01-29 19:16:57,2018-01-31 23:40:44,2018-02-14 00:00:00
fd192fd37b66b1d22bfe7b82ace0a064,069f68677638153043f70401d8c08d2d,delivered,2018-05-13 17:08:19,2018-05-13 17:33:24,2018-05-14 14:04:00,2018-05-21 19:22:04,2018-06-06 00:00:00
fd22d0466cd7c6203111661f9efc93a1,6a203c8a8113cab225817117e15aa9cb,delivered,2017-08-07 18:52:22,2017-08-07 19:23:28,2017-08-10 19:34:24,2017-08-16 20:33:18,2017-08-29 00:00:00
fd3b391929c4fc835fb015acdf8049e2,9cb5cb63842b6b3b9843f6803eda167e,delivered,2018-05-11 12:38:02,2018-05-11 12:57:06,2018-05-15 12:00:00,2018-05-16 15:06:34,2018-05-29 00:00:00
fd4bcae925b879102eb780d2bfc495a8,4f75899b8f7b903d7295eb12dcedb330,delivered,2017-10-09 11:34:21,2017-10-11 03:35:38,2017-10-16 21:34:53,2017-10-19 17:31:44,2017-10-30 00:00:00
fd6822aef9479a47f192820b4a22dd96,c1d8293d24b7d25f4013a6f416e02850,delivered,2018-04-27 10:08:55,2018-04-27 10:29:53,2018-04-30 13:43:00,2018-05-08 22:30:58,2018-05-28 00:00:00
fd700d48d34b0b4f75767e4502c3fce2,54fbfd8234200d91cf277f159fdeae7f,delivered,2017-09-16 22:43:48,2017-09-17 01:10:11,2017-09-20 17:27:38,2017-10-09 22:33:46,2017-10-10 00:00:00
fd8acdf929a762e10cb02698d2116fdd,d784edc44b66b9f9473bc9be729e32b4,delivered,2018-05-06 19:03:22,2018-05-07 18:15:39,2018-05-11 06:35:00,2018-05-17 18:52:06,2018-06-01 00:00:00
fd8ae066cb36d75d6a3679bb30370c39,5a7c460ee5e0b6156ebbe1e50c74cb2d,delivered,2018-08-07 21:54:25,2018-08-07 22:05:20,2018-08-10 12:02:00,2018-08-16 16:18:45,2018-08-22 00:00:00
fd95ae805c63c534f1a64589e102225e,e37441c531a1f8693c41af79875a123f,delivered,2018-02-22 23:33:59,2018-02-22 23:47:53,2018-02-26 22:06:58,2018-03-03 00:32:41,2018-03-13 00:00:00
fda5c50c453838651054465df87d595b,891127420859c1e1adc8991655549054,delivered,2017-12-04 20:45:39,2017-12-04 20:58:31,2017-12-06 02:32:52,2017-12-14 01:13:02,2018-01-04 00:00:00
fdb3ef83ea6f7bef7d13bdd9b38da661,fbc1bec47970c387d5f4962d518dd268,delivered,2017-01-17 21:09:40,2017-01-17 21:21:39,2017-01-24 14:49:32,2017-01-26 16:25:11,2017-03-13 00:00:00
fdb3f8e441b4613d2687df310f3dd318,d87ffb0cd756a3428af8b3a78b1cdcf1,delivered,2017-11-07 20:03:20,2017-11-07 20:15:30,2017-11-09 20:51:46,2017-11-17 00:47:05,2017-11-28 00:00:00
fdd0f5240ca014963e5ae66b99423908,6fda5c34bf092616b341cde52d2884f8,delivered,2017-11-24 22:33:21,2017-11-25 01:15:04,2017-11-27 20:06:31,2017-12-05 20:09:59,2017-12-14 00:00:00
fdd5c1089ba5eeffbe95fd36269b6d5e,a3857fb1a0c5b32bc51f7011fafaff8c,delivered,2018-02-20 15:50:21,2018-02-20 16:08:49,2018-02-27 13:27:29,2018-03-16 23:10:04,2018-03-16 00:00:00
fdf3aed22ef0ab57a54765773154b8bd,7316ca0328f81d20642460af9f1a1670,delivered,2018-01-03 18:28:29,2018-01-03 18:46:33,2018-01-11 21:07:02,2018-01-12 21:03:00,2018-01-19 00:00:00
fdfb66d87e905833548d15ef7f08ee60,e8b2e467012c68957ae92925b156e5b2,delivered,2017-11-04 22:23:51,2017-11-04 22:35:47,2017-11-08 16:08:52,2017-11-15 00:58:40,2017-12-12 00:00:00
fdfe6a493395db719f0dbe0ff0c40400,f49428e00cd3aa74376828ef1d135cfa,delivered,2018-03-08 10:01:50,2018-03-10 03:50:31,2018-03-12 20:32:31,2018-03-22 15:28:02,2018-04-24 00:00:00
fe03e808df6c069fbc70b82be411d07e,32aedef591873c0fdf1312880c2f2bd3,delivered,2017-08-21 22:16:13,2017-08-21 22:26:01,2017-08-22 13:12:41,2017-08-25 22:16:25,2017-09-13 00:00:00
fe168a6c6b0558d8b3767bdb616f87a4,9f9c074b8bd8cdd4c51eacdb9c8c00e9,delivered,2018-05-13 21:20:26,2018-05-13 21:33:07,2018-05-15 15:00:00,2018-05-23 21:08:50,2018-06-04 00:00:00
fe185068c0d733ffb18fe6636ac8e498,465fb57f1267c03fca458f571bc5fed2,shipped,2017-07-16 12:39:50,2017-07-16 12:50:13,2017-07-17 14:56:54,,2017-07-28 00:00:00
fe206005e41f89f9759ece7fe7acc9c3,00447b6bd39c4a0f6366b05948f9e2e3,delivered,2018-06-25 15:05:27,2018-06-25 15:18:59,2018-06-25 14:08:00,2018-07-03 20:10:15,2018-07-23 00:00:00
fe2eaa51ed9131df5be8b566f10f3772,3cef4697e20e318d151c7e2b8566e704,delivered,2018-04-15 16:45:08,2018-04-15 16:55:38,2018-04-20 15:36:23,2018-04-25 14:19:20,2018-05-09 00:00:00
fe5934ce67c87c337cf9c8575d7772a0,a271cc85337445daaac5f4c73fa27f5c,delivered,2018-05-01 20:58:47,2018-05-01 21:12:31,2018-05-02 15:04:00,2018-05-04 17:21:23,2018-05-15 00:00:00
fe650e72e3f39d6c3a0e3d87da7971cd,ee3a81b2771fec5f9e982cdb1b3a4804,delivered,2018-03-26 23:43:27,2018-03-27 00:07:11,2018-03-27 18:08:39,2018-04-12 00:44:25,2018-04-13 00:00:00
fe755232f249d0844951831268c55593,5eaea72cbd8dda40b6b7ac932be5c393,delivered,2017-07-17 09:46:31,2017-07-18 09:45:18,2017-07-19 18:34:38,2017-07-27 16:07:43,2017-08-23 00:00:00
fe8557bac7755475950823aa9b15ebb3,e3f74d4cbb4beec5b8b77095cd256b99,delivered,2018-05-12 22:43:27,2018-05-12 22:55:09,2018-05-15 07:55:00,2018-05-16 18:05:29,2018-05-25 00:00:00
fe95adc34996ff34a9e162373c058584,a67df0616e414ef54fbae12a7f2a1c86,delivered,2018-05-02 22:26:16,2018-05-02 23:30:27,2018-05-09 15:06:00,2018-05-21 22:41:56,2018-05-21 00:00:00
feafc8e3422f6e1f4c00bd29dd9c2921,e5ac0347cb35830f7d7a5df7fe08fa7e,delivered,2018-08-22 16:31:45,2018-08-22 16:45:17,2018-08-24 09:07:00,2018-08-30 13:28:51,2018-09-12 00:00:00
feb1bffbc0aa19c5d82a2d326737877d,667f26ced69e2ac1b07d7baabf2378c8,delivered,2017-10-04 23:42:41,2017-10-04 23:56:15,2017-10-05 20:39:56,2017-10-16 12:13:55,2017-10-27 00:00:00
fed6ef6fb04042a3b895df051c11225f,0843fd3baa42b70bf995bb83753bfe90,delivered,2018-08-04 14:19:59,2018-08-05 14:15:12,2018-08-10 14:13:00,2018-08-14 19:38:42,2018-08-23 00:00:00
fee65893d04eea449ea85e69ddef8e1a,27a3e266eaf8507e23957d7b5ea35d6f,delivered,2018-06-26 12:39:48,2018-06-26 12:56:55,2018-06-26 13:19:00,2018-07-04 16:12:06,2018-07-30 00:00:00
feeaaeb6a99fc794212a29c84e6d527e,8abd8440d6a20d04de36f9030a6f7d44,delivered,2018-08-27 09:29:33,2018-08-28 07:05:19,2018-08-29 13:53:00,2018-08-30 19:16:42,2018-08-31 00:00:00
ff07ff058c25c993a564127557043c5a,26691fd4b554daeab6e92626ac575689,delivered,2018-03-22 23:18:56,2018-03-22 23:30:30,2018-03-27 20:46:38,2018-04-04 17:19:20,2018-04-10 00:00:00
ff098b9342213641be5da8163f0fcf2c,96247f13c0086e9d96b945227b7f8f25,delivered,2017-11-01 14:42:57,2017-11-04 05:05:35,2017-11-16 21:29:22,2017-11-22 20:18:31,2017-11-27 00:00:00
ff18b518679a92dcb00e16fae93c6d59,74bff367924485ad26b79d31e5623874,delivered,2017-10-29 16:15:04,2017-10-29 16:31:44,2017-11-03 18:36:52,2017-11-28 18:55:15,2017-12-01 00:00:00
ff20ee702706d9e407a34de9fe2ff768,0499e8d702425ef8b10da2172f9fec96,delivered,2018-03-28 12:11:45,2018-03-28 12:27:54,2018-03-29 20:28:58,2018-04-05 23:31:56,2018-04-17 00:00:00
ff25dab86f7fc3fab00de25bf1489a30,2af6628d5d0a4b80b3ffbb3c5e250fc5,delivered,2018-01-26 11:55:18,2018-01-26 12:21:32,2018-01-29 16:58:12,2018-01-31 21:46:14,2018-02-09 00:00:00
ff2b99df83d1c413829f65efca33da17,0af90dc6248673cdc112c7ce66a7372c,delivered,2018-08-24 20:20:06,2018-08-24 20:30:18,2018-08-27 19:03:00,2018-08-28 17:32:20,2018-08-31 00:00:00
ff3cf519c35d0a3c371c62b507838a45,9f6c0972750903c3faaa17aa77b9b328,delivered,2018-05-11 21:32:26,2018-05-14 08:13:57,2018-05-16 08:54:00,2018-05-25 20:34:30,2018-06-07 00:00:00
ff73e2e57b5c7d3a1aa7c3ccaacafaa6,863b241a70ad9b999ecbaba0ebcb4a16,delivered,2017-06-19 23:07:13,2017-06-21 02:15:51,2017-06-26 17:34:41,2017-06-29 15:03:36,2017-07-10 00:00:00
ff7cbd73d6ce84294d3d40ec1a7e12f3,8c52d6913768a05524e8eacbe70a2808,delivered,2017-05-19 20:35:45,2017-05-19 20:45:20,2017-05-26 11:44:42,2017-06-07 13:39:19,2017-06-29 00:00:00
ff810096eb7a808fce380a6eccf0b746,9f774ad7ddb074c3c761bd8e125f1824,delivered,2018-01-09 21:44:34,2018-01-10 10:31:44,2018-01-10 18:19:39,2018-01-11 20:10:36,2018-01-24 00:00:00
ff8d0c8b5c1e8bdd6f8e3170f6fd62fd,1aee0c71b6dc4f257027beeadecb892e,delivered,2017-11-03 20:02:58,2017-11-03 20:30:54,2017-11-06 20:12:53,2017-11-10 15:22:57,2017-11-29 00:00:00
ff92b9f4c3333e0e977c4530a2e8d9cb,19256cec9e847b0c1a2922e56fec42a4,delivered,2018-06-17 10:45:05,2018-06-17 11:01:05,2018-06-18 15:53:00,2018-06-25 18:08:31,2018-07-13 00:00:00
ff9fa3c222a580f6b52c81a08bd4f7dd,28292de0b6d5b83bd51f29fd3456cf45,delivered,2018-03-05 16:03:31,2018-03-05 16:40:26,2018-03-06 21:58:56,2018-03-16 18:08:44,2018-03-27 00:00:00
ffc29f864fd689fab9ae81be82baf8ef,77d2c30e1dff5d4440ec316f8a2ef2a2,delivered,2017-07-30 20:33:10,2017-07-31 20:43:11,2017-08-04 17:45:04,2017-08-09 19:56:29,2017-08-24 00:00:00
fffbee3b5462987e66fb49b1c5411df2,11a0e041ea6e7e21856d2689b64e7f3a,delivered,2018-06-19 09:27:48,2018-06-19 09:58:03,2018-06-29 13:46:00,2018-07-05 17:51:08,2018-07-23 00:00:00
fffc94f6ce00a00581880bf54a75a037,b51593916b4b8e0d6f66f2ae24f2673d,delivered,2018-04-23 13:57:06,2018-04-25 04:11:01,2018-04-25 12:09:00,2018-05-10 22:56:40,2018-05-18 00:00:00
