order_id,order_item_id,product_id,seller_id,shipping_limit_date,price,freight_value
00310b0c75bb13015ec4d82d341865a4,1,c8e7c2ef329fcda4a233e7e2f8bb8b7d,a2deecd5398f5df4987110c80a1972a3,2018-08-17 15:04:25,39.90,15.38
0055b77cca3186676c147f532dd2547b,1,d1c427060a0f73f6b889a5c7c61f2ac4,a1043bafd471dff536d0c462352beb48,2018-02-25 22:47:21,149.00,40.37
00584d79015452d19fd3d044ba3abdc0,1,d9c01b484ada6a360c2715a08fdf1568,7202e2ba20579a9bd1acb29e61fe71f6,2017-07-27 19:27:31,109.90,12.27
006cba07f62f921fe4f58365bde2b2eb,1,83d199d296c44101c8c3b5c9c0cce9ea,850f4f8af5ea87287ac68de36e29107f,2017-08-20 21:05:07,69.99,11.99
008eaf9004164883520d0bd32b107261,1,fa28f114992077c601cdb9810c5108a4,8e6cc767478edae941d9bd9eb778d77a,2017-07-18 02:10:13,135.90,21.44
0097aafe2a01dd54e39888976160c377,1,dfbbf137ccb6af48e66d186a33118579,56e361f411e38dcef17cdc2a3d99628b,2018-08-28 02:35:10,62.00,8.59
00b12f4674177ef40c4bdb034138c843,1,eb883e95b710f252cb15d0fb41d8bbe9,1025f0e2d44d7041d6cf58b6550e0bfa,2018-07-20 20:04:06,105.00,17.87
00b402e8a76d3da83714c52d3977cc2d,1,72d6074ef5c81ec3102b3f2a052c5f49,edb1ef5e36e0c8cd84eb3c9b003e486d,2018-01-05 18:11:33,139.65,26.26
00b676b01c289cc661c6f7732492771a,1,121b9686b9929855d823981fc655a6fe,c4fb51fb1c5b7c07bc5e67be6e7e8f6e,2017-08-08 15:45:15,50.00,21.19
00bd50cdd31bd22e9081e6e2d5b3577b,1,e70f7c188cd2c0f01a1f6b35411cc481,6560211a19b47992c3666cc44a7e94c0,2018-01-19 09:56:33,78.00,7.80
00c405bd71187154a7846862f585a9d4,1,c4cf7c2e1f190d51517eba7e8211c8e6,f3295428338a40977a03f555246a70f4,2017-10-27 15:14:13,29.90,16.79
00c62d05602c1ca8164b98746d127fa8,1,8e7a3ee016b12c87b5e3e7e717620758,955fee9216a65b617aa5c0531780ce60,2018-06-13 04:52:02,110.00,18.35
00e7aeced1d61792368ec7bf8b967a90,1,65e3848513c9ab70bf542e5d694cf072,a416b6a846a11724393025641d4edd5e,2017-04-20 02:50:12,36.85,21.85
0101aea69a09e1aa32caa6dbaba98503,1,35afc973633aaeb6b877ff57b2793310,4a3ca9315b744ce9f8e9374361493884,2018-06-04 13:10:20,84.00,10.90
0115f8bb1dc16d3fac863ce1deb037b6,1,ca815d1a82897d9d4503e2e367931d03,d1c281d3ae149232351cd8c8cc885f0d,2017-07-07 19:25:18,119.99,16.47
011abf147a69ba486bae3a74b6cd1814,1,3cc842aabeddd8ef0d633a10ef8a51aa,46dc3b2cc0980fb8ec44634e21d2718e,2017-05-18 11:30:24,279.99,16.72
0128412231f9fe9d7e944eea5392fc6b,1,09fbb9fc5bffc1ce6dc2f66289dfcb05,218d46b86c1881d022bce9c68a7d4b15,2018-08-28 03:15:10,76.00,18.83
013aa6ba5077072401773f83f1ee6408,1,9ab817d90bc61ed772ffea01b4cdcdb6,db2956745b3a8e9f3785c99f34b5d25e,2018-08-03 11:45:10,159.00,19.21
014fc889637133d9075190ba873dfc03,1,6e77b89d36e50217e6793780a8ce5c82,ea8482cd71df3c1969d7b9473ff13abc,2018-01-24 14:55:57,37.99,7.78
016495aaab3fb481dc9decab2b4fdbfb,1,9a060643636bd1e41788cb32262ac9ef,6e864f5c4669eff3d98140a07cc50202,2017-11-27 03:48:25,15.00,7.78
0168a7f186c1f066748d15d8c51f489a,1,521a361808bedd9fffb32181e501e09b,5b179e9e8cc7ab6fd113a46ca584da81,2017-05-22 03:25:21,149.90,8.30
01786fff06f2f7e8a83950c4b3b424ea,1,382132cf96c88a277a65226833af5f61,b2ba3715d723d245138f291a6fe42594,2017-12-21 12:14:46,59.90,9.34
0191b6a5a70bcbc6cdd39427f216602e,1,9c98b59719a74f32903537bc5c9262ce,acce39e832338debb07b02385cde5967,2018-08-24 09:55:20,139.90,27.96
0197416059c0e56b5344bf2188066317,1,6592908f0a4f6e2de91310126cd1b08d,87e24fc7052259b1f7f607d61c10d8be,2018-08-07 17:30:19,399.90,21.71
01978b8bae8292ffb4cee6abdf9b9089,1,7bcf2266b78ccc737b8f26f925d3c5d4,1464afc72f696af775557a821c2e253f,2017-12-18 03:57:24,42.90,15.10
01b1a7fdae9ad1837d6ab861705a1fa5,1,3fae92f8d0ebb3317991934a6d717c47,1900267e848ceeba8fa32d80c1a5f5a8,2017-06-02 16:02:58,49.99,16.17
01b1a7fdae9ad1837d6ab861705a1fa5,2,9b02b650be0a39d8590be7d35be443f9,ad273c9eb54ecb4532de4bf75bae9e4e,2017-06-02 16:02:58,59.00,10.68
01b703d8365608f2b01ed9c076d0b3dc,1,81efaa22f3868f00c8ef1879cccc3c03,897060da8b9a21f655304d50fd935913,2018-01-15 17:08:23,46.55,12.69
01ba72e24cf883d74c5479c0a626c740,1,fb060ad9a8625b626189641799bccf89,b1204cfda1d4948679db3cfc0d3cb95c,2017-01-21 19:55:40,44.60,14.52
01bb5b3cb7df4da98ea2214d083784c4,1,476f613bc92f3a20cf80a586fa45a232,da8622b14eb17ae2831f4ac5b9dab84a,2017-06-05 04:50:24,39.90,12.69
01be2f7ca246adb9112cb75096af2ee0,1,ad88641611c35ebd59ecda07a9f17099,c826c40d7b19f62a09e2d7c5e7295ee2,2018-02-16 18:08:13,157.77,14.85
01be661b8196707ef60f062632d6d1bd,1,99a4788cb24856965c36a24e339b6058,4a3ca9315b744ce9f8e9374361493884,2017-05-24 10:42:27,89.90,12.13
01be661b8196707ef60f062632d6d1bd,2,99a4788cb24856965c36a24e339b6058,4a3ca9315b744ce9f8e9374361493884,2017-05-24 10:42:27,89.90,12.13
01c1644529b18608f086d2ff0f3b8181,1,8b41f2becf919f6177cca1ff15dfd311,ba143b05f0110f0dc71ad71b4466ce92,2018-07-02 05:12:58,103.99,31.60
01c391e962558d0793e8dd8f6bad0999,1,e95fb3a80ca294f39de925b6428f3a32,d2374cbcbb3ca4ab1086534108cc3ab7,2018-03-02 11:31:11,78.90,17.80
01c7b08f0c05952ce15edb928bb63d2d,1,edd087ed331c3ce178ec3489b9ecf117,1bb2bdb95f4841f1bba2c0d2cd83d3c9,2018-04-06 17:10:25,274.95,26.04
01c886b4b865797097ab2d051ae30cfd,1,7d50930301709838d8e90dcac5cfaa84,9616352088dcf83a7c06637f4ebf1c80,2017-08-18 03:30:12,59.90,16.86
01d72d42aaedb3736840132071d51100,1,8d39a63db6a98e40571f486e0c711cf7,c826c40d7b19f62a09e2d7c5e7295ee2,2018-03-26 12:56:36,147.20,18.91
02332b54c758506809fd87d9c2748086,1,4100a608bd0aa524b06ffefba973707b,2a61c271b1ac763450d846849783e922,2017-11-10 13:07:08,32.99,21.15
023faf5fac58639f7cf53cb7dd219859,1,169e1fedd1319ca92e90e057e7123005,e9779976487b77c6d4ac45f75ec7afe9,2018-01-18 20:31:04,69.49,16.25
024a74550cdbd36c0fe3955fc9e2bcf0,1,5348b1bdd951b67a4d2a58992e2233ed,ea8482cd71df3c1969d7b9473ff13abc,2018-08-13 08:50:19,27.99,7.46
02557013eeaffd86a6cc5ffd80a4b54e,1,4ce8f190d8026353d3d91d907ad68f23,157c3e4b42f81ac4a44e8b1ca2fe9876,2018-02-21 22:06:52,90.00,9.44
02557013eeaffd86a6cc5ffd80a4b54e,2,4ce8f190d8026353d3d91d907ad68f23,157c3e4b42f81ac4a44e8b1ca2fe9876,2018-02-21 22:06:52,90.00,9.44
02605c218285d02df75a255f13396f1e,1,05c693a8085dad009cebdcf2830ab738,ef506c96320abeedfb894c34db06f478,2017-02-05 17:43:09,34.99,24.84
02610d88ac343ed64988d2706ce3ebfd,1,ce169d5f9421a6f21e41a7bf54d0b98e,8b321bb669392f5163d04c59e235e066,2018-02-12 04:31:55,28.00,15.11
029863af4b968de1e5d6a82782e662f5,1,49ebaaba28aca545f9a5ff9fc17ae988,784ba75dd9d20200c4caed3d7a77141a,2017-07-13 09:15:11,25.99,15.10
029f37989dcd7c9b928028086d68034b,1,0f5d0170c03b333aa1a44fa11e040e75,d2374cbcbb3ca4ab1086534108cc3ab7,2017-11-08 08:15:19,69.90,16.25
02a3c3a1c72dbff557b2f56fc0caa847,1,964093075b6885bfcc6520dd216e4d8f,4830e40640734fc1c52cd21127c341d4,2018-08-10 08:50:17,25.00,15.28
02b9a87c19eb57b9ebaebb3a6850de9f,1,aa74ebe862c9061d4272681810675a01,c3867b4666c7d76867627c2f7fb22e21,2017-10-31 15:46:00,97.00,17.93
02bcd06d9bfda1c2a4037560bed7b90f,1,be764855458cd43b36c334faa773f7d5,af7cdac9d9897cddead9c6b08976c642,2018-04-20 19:11:35,126.79,33.75
02bd584dedf7373cb07b6540cadf9a76,1,9ea1152d6d52dc57ab2ea49aa626adc1,e9779976487b77c6d4ac45f75ec7afe9,2018-08-07 21:50:14,54.00,23.18
02e7b3980e9984556bb3a764306f3e31,1,6fd3f7378cd65325e10cb21733778416,870d0118f7a9d85960f29ad89d5d989a,2018-03-22 11:27:57,89.90,23.56
02ebcb8b63b7e61be9514866e432d1d8,1,3dd2a17168ec895c781a9191c1e95ad7,de722cd6dad950a92b7d4f82673f8833,2018-01-31 12:19:11,149.90,23.37
030475e22d114f70be1a265fee326192,1,1d373b3e02a3212aff33054cbf30abf1,dee656f0f566ed1aa85bd137c943f08f,2018-04-27 16:31:38,44.90,12.79
0311da9b3ac095a57a2662813e179bcb,1,0030e635639c898b323826589761cf23,acadd4d36859671cb635527c6c977533,2018-02-26 21:47:16,153.00,21.56
031f488d7e8549b5d8af94f5a3e9300e,1,6413f7a28e149a324c4a914000399fb2,7a67c85e85bb2ce8582c35f2203ad736,2018-03-08 11:30:45,144.99,17.26
033bac5f45a9d0cf7be5e47f03ed1e44,1,8ce0b48cdcc4b753ae4de64497998338,75d34ebb1bd0bd7dde40dd507b8169c3,2017-02-13 17:01:06,131.99,11.66
035518626172ac1884aa3825eb7d1379,1,bbaef2eadf31fe3ea6702077398be06c,cc419e0650a3c5ba77189a1882b7556a,2017-06-12 15:25:19,56.99,15.15
0371bb519b3c4b04bed0460608ce6c59,1,9275e1f75faf1d3d1f54e4cb63d12a36,70a12e78e608ac31179aea7f8422044b,2017-08-14 17:03:02,19.95,11.85
0372d2e3d0ac2600aa8e08e6c46cb7dc,1,7c1bd920dbdf22470b68bde975dd3ccf,cc419e0650a3c5ba77189a1882b7556a,2017-10-09 13:04:41,58.99,17.66
038297c93a230b204ceeca7e2720b464,1,202d6bc7af7609f371b94e032925d314,1835b56ce799e6a4dc4eddc053f04066,2018-02-21 03:07:47,28.99,15.10
038862523957395d9316afa8b8b70976,1,6fd98945d378fd5d76031095b1ba6523,b16d3dadc47d4eb18be3d88bad0775ce,2018-06-06 03:30:57,189.00,8.51
03a54d3b0f15ac01bad656997420d3bb,1,264afa6d3b31bde30f0f2693c84795d9,516e7738bd8f735ac19a010ee5450d8d,2018-06-05 02:31:53,65.00,16.42
03aba68b07658f28f29612641f08d4ba,1,e7cc48a9daff5436f63d3aad9426f28b,53243585a1d6dc2643021fd1853d8905,2018-08-15 08:50:17,170.00,30.44
03aba68b07658f28f29612641f08d4ba,2,e7cc48a9daff5436f63d3aad9426f28b,53243585a1d6dc2643021fd1853d8905,2018-08-15 08:50:17,170.00,30.44
03aba68b07658f28f29612641f08d4ba,3,e7cc48a9daff5436f63d3aad9426f28b,53243585a1d6dc2643021fd1853d8905,2018-08-15 08:50:17,170.00,30.44
03aba68b07658f28f29612641f08d4ba,4,e7cc48a9daff5436f63d3aad9426f28b,53243585a1d6dc2643021fd1853d8905,2018-08-15 08:50:17,170.00,30.44
03aba68b07658f28f29612641f08d4ba,5,e7cc48a9daff5436f63d3aad9426f28b,53243585a1d6dc2643021fd1853d8905,2018-08-15 08:50:17,170.00,30.44
03aba68b07658f28f29612641f08d4ba,6,e7cc48a9daff5436f63d3aad9426f28b,53243585a1d6dc2643021fd1853d8905,2018-08-15 08:50:17,170.00,30.44
03b89e8b0ef3ba18cc903dbaa7aff107,1,10be5827cbcb06a81f220d46dafd0af0,1464afc72f696af775557a821c2e253f,2018-07-10 20:45:12,28.90,18.30
03dbf3a42789c67ed5e2198f08d997dc,1,d3a8b40808854363a045f0f4131b0894,218d46b86c1881d022bce9c68a7d4b15,2018-03-08 13:35:38,113.00,13.81
03dbf3a42789c67ed5e2198f08d997dc,2,d3a8b40808854363a045f0f4131b0894,218d46b86c1881d022bce9c68a7d4b15,2018-03-08 13:35:38,113.00,13.81
03dde7ab63940fbffd10162a74347e95,1,7e0dc102074f8285580c9777f79c90cf,e26901d5ab434ce92fd9b5c256820a4e,2017-06-20 18:10:23,34.90,9.34
03ebfa9712b7dbc7031291856263b314,1,aa6746e94490239d3d9ee6ab89779aba,9674754b5a0cb32b638cec001178f799,2018-03-29 18:48:53,46.90,8.88
03f2f876bfee9ea9a502ec0d8a664e4c,1,a04f52ded97b5530e8783e3c002b90f0,da8622b14eb17ae2831f4ac5b9dab84a,2017-12-05 19:57:15,79.90,9.77
03f2f876bfee9ea9a502ec0d8a664e4c,2,430f4c8e02bd4e1fe6330c38689b54f3,da8622b14eb17ae2831f4ac5b9dab84a,2017-12-05 19:57:15,79.90,9.77
0412356b9ae3ad8db617e892afb02204,1,d339b523c298009f15d242a3a99392c7,3d8fa2f5b647373c8620330c4e077a9f,2018-06-26 02:55:01,69.99,19.68
0412356b9ae3ad8db617e892afb02204,2,d339b523c298009f15d242a3a99392c7,3d8fa2f5b647373c8620330c4e077a9f,2018-06-26 02:55:01,69.99,19.68
043671e7714932580dc35789804ffbcc,1,a62e25e09e05e6faf31d90c6ec1aa3d1,634964b17796e64304cadf1ad3050fb7,2018-01-24 17:16:23,108.00,9.77
0446b999e57cddf002396ed4baa07074,1,7736ea239e147291f6adb766c992beb1,d2374cbcbb3ca4ab1086534108cc3ab7,2017-09-29 07:15:14,15.90,11.85
0446b999e57cddf002396ed4baa07074,2,642a40d4d73b4b2604968937de13634a,d2374cbcbb3ca4ab1086534108cc3ab7,2017-09-29 07:15:14,12.90,11.85
044b08f176981f660b98a85c559ad57d,1,7340a3839a1de1e99d149b8cf052a2ec,4a3ca9315b744ce9f8e9374361493884,2018-07-20 18:55:20,68.50,14.06
044d94a4ac73b24fe28ff5293ac35bd8,1,06c6e01186af8b98ee1fc9e01f9471e9,fc906263ca5083d09dce42fe02247800,2017-06-26 14:50:17,39.90,25.63
045acee11e62afca7764429c5710dac9,1,394b16cd32e9f883365dd7ebac4edbe0,8b321bb669392f5163d04c59e235e066,2018-03-22 14:28:35,14.40,12.79
045e9ebd4d41affc66333d58c3d107c1,1,143bc7fcaf6929ef5979e58abf39d4ed,a7f13822ceb966b076af67121f87b063,2017-03-10 19:42:17,176.96,33.52
04814d2760b610101075888832621881,1,99c97d191bcc87e072acc4521bce44d4,e882b2a25a10b9c057cc49695f222c19,2018-05-07 12:15:23,443.00,18.99
0487b772aa23074a39079a6967041b72,1,c681df24c54f79b5eab51e15b603abf8,1127b7f2594683f2510f1c2c834a486b,2018-07-30 13:24:34,28.28,13.78
048cc31326007f07b576b46beddecc12,1,b596e2d70dd2f5fb5ff9ee2a1c803e5b,46dc3b2cc0980fb8ec44634e21d2718e,2017-12-14 02:54:34,249.99,22.59
0492eead55cd90ba9690387cca2baa20,1,b6b76b074ed0d77d0f3443b12d8adb5e,6560211a19b47992c3666cc44a7e94c0,2018-07-26 03:45:09,99.00,7.95
0494d7ef89583fcaf33a1cea4bcfeec2,1,f2ee381460f893efb6f459e95cd57695,272f092de69afedd4d2969440b37f18f,2017-08-29 02:47:48,29.90,34.15
049db9aade07d0056ead438e182f2b52,1,7f72a8900b3d2fc8fa2635b7836d6e6e,7299e27ed73d2ad986de7f7c77d919fa,2018-07-13 03:10:17,64.99,18.56
04a18000a647d0f0f842ca489dd4a464,1,095fc85516c1210e6dbed95ed8041ee0,903037660cf848a717166eb7a06d616e,2018-03-28 14:48:45,60.00,13.78
04a18000a647d0f0f842ca489dd4a464,2,b7f9e962dba31973edd059ada998d699,903037660cf848a717166eb7a06d616e,2018-03-28 14:48:45,60.00,13.78
04a28263e085d399c97ae49e0b477efa,1,3f14d740544f37ece8a9e7bc8349797e,6973a06f484aacf400ece213dbf3d946,2018-02-09 18:15:37,84.89,15.34
04a772c0620384a8776c4fbcf4af5c01,1,769083fbf5eb9f3f132a633cc9809388,1b938a7ec6ac5061a66a3766e0e75f90,2017-12-07 13:37:16,64.90,25.29
04b16351c3a70c83b9f8f1fe295cb450,1,3718e428a53d75dc322c79a49bdbe3aa,2dd1fb6f0e42a2243b8a01e40cd41216,2017-05-02 08:02:54,98.90,15.90
04bef466ed85bb9eca9a6165d765574c,1,0a07b2c989441aaec80191da39c79c99,fa1c13f2614d7b5c4749cbc52fecda94,2018-01-28 22:33:19,138.90,14.72
04c28d1572e04b2b3e5b80ca7559e750,1,c072e7b87c8413341505d50d8234fbc2,3d871de0142ce09b7081e2b9d1733cb1,2018-06-08 00:15:36,79.00,19.52
04eb8bac62618bbc56c582cd49493669,1,b8d157185e5abaabd9244275aca22a7f,0ebd97a106433a45a4aebe57c1799778,2017-05-22 09:25:16,69.90,14.24
05086b5a715c97d1971784b6ae899a6d,1,3258acb04d37e2f91f76c9250f3b80a0,c70c1b0d8ca86052f45a432a38b73958,2018-06-28 13:16:17,110.32,8.03
05086b5a715c97d1971784b6ae899a6d,2,5f42d57952b7815098979a5c4fa6f82a,c70c1b0d8ca86052f45a432a38b73958,2018-06-28 13:16:17,110.32,8.03
05104976125ea1e5cc04bc1f506a436a,1,63bfa27a0cee21fd896dc27f58b6d656,612170e34b97004b3ba37eae81836b4c,2018-08-19 22:44:03,198.90,18.32
05452881e2846549b81d39249bb66ad7,1,283dc451ad3918badb976d56ff887289,da8622b14eb17ae2831f4ac5b9dab84a,2018-02-11 22:35:33,99.90,12.40
05452881e2846549b81d39249bb66ad7,2,283dc451ad3918badb976d56ff887289,da8622b14eb17ae2831f4ac5b9dab84a,2018-02-11 22:35:33,99.90,12.40
05535f67cf6802000ad3107136cff4bf,1,3ae28b124972bb81eddcb644cd284be9,46dc3b2cc0980fb8ec44634e21d2718e,2017-09-20 15:05:57,99.99,16.46
0556fe7a6dbdc95276ba0513ee5f0471,1,5eefc29e3d0cf6cbb58c63fd7e3f815f,0c8380b62e38e8a1e6adbeba7eb9688c,2017-11-30 11:15:21,59.90,17.67
0573b5e23cbd798006520e1d5b4c6714,1,5299e0a0336b5839e2a0ccb0d3d589d1,1caf283236cd69af44cbc09a0a1e7d32,2017-07-12 03:15:36,36.85,15.10
057e8245e6408a7f5db33b517c481617,1,a12c9204f6f9e90ad1d8ba5571fbfed2,f262cbc1c910c83959f849465454ddd3,2018-03-08 19:15:33,29.99,11.85
0583457e98d0d734222af5237cd8fa94,1,e4e5cbc0077aa2c7aacbe435166df909,6560211a19b47992c3666cc44a7e94c0,2018-04-16 15:50:24,49.00,19.04
058ff573aef21e528adcab8b8717c43a,1,b0c89945c034268074f5f80b362bda34,1835b56ce799e6a4dc4eddc053f04066,2017-09-22 15:45:28,29.99,7.50
058ff573aef21e528adcab8b8717c43a,2,b0c89945c034268074f5f80b362bda34,1835b56ce799e6a4dc4eddc053f04066,2017-09-22 15:45:28,29.99,7.50
058ff573aef21e528adcab8b8717c43a,3,b0c89945c034268074f5f80b362bda34,1835b56ce799e6a4dc4eddc053f04066,2017-09-22 15:45:28,29.99,7.50
058ff573aef21e528adcab8b8717c43a,4,b0c89945c034268074f5f80b362bda34,1835b56ce799e6a4dc4eddc053f04066,2017-09-22 15:45:28,29.99,7.50
05981a7bf1a18eb991af55a8a8dbdf83,1,e282624d8c82e04983f125e167eb4521,ea8482cd71df3c1969d7b9473ff13abc,2017-11-30 19:52:38,17.99,11.85
05a82511dd29bef74d8003b015912fd6,1,0d16d327b79bf9a0ccc7a4fa02ff7a83,dd2bdf855a9172734fbc3744021ae9b9,2017-10-04 22:10:33,39.90,14.10
05bef443b850685058070c9e781988e8,1,44e086c4a977f37a888627b43880586c,f5a590cf36251cf1162ea35bef76fe84,2018-06-11 10:52:26,55.00,24.52
05ce7829fca9c640cd884ba446956158,1,f35692adbe05fa7ed058875df5ea9f99,3f0e48d209018b466fcd3bb4ccfeb520,2018-01-11 20:37:35,599.90,22.74
05d46826bd0fb605d6b00e30e9141882,1,e84d1a4a08db13e8dea6d400a1c6a3f0,7f40d06aa0b5f1aa4f41af8c0480e2ef,2018-08-29 19:35:20,49.99,11.37
05e19ab996b114339f316bf41b359d52,1,2a61ae7c276ed675a0289aee54e2c9b0,d650b663c3b5f6fb392b6326366efa9a,2018-05-22 21:31:56,829.00,23.68
05eb212cd5b01c76bdb5215a49df19b6,1,8d9468efb665050bd137607b0c8ce680,c85d7b477a709c85a1e8b8f25aa1b270,2017-07-04 21:45:14,37.50,16.11
05eb212cd5b01c76bdb5215a49df19b6,2,8d9468efb665050bd137607b0c8ce680,c85d7b477a709c85a1e8b8f25aa1b270,2017-07-04 21:45:14,37.50,16.11
05f8021cf7217f1990addecad0e24b7a,1,d670c0f6be30a062ebd8f8612ea82d71,612170e34b97004b3ba37eae81836b4c,2018-08-23 21:04:25,178.90,19.35
061a6c0d2222c7c9f49a21e108579b49,1,8e14e42d480e0c520d2f8ee0e7d3249d,b98b715fe9e276204e2a3464f48cd796,2017-02-19 17:28:10,79.90,14.73
061b74bca735bb2c1953e40bc098101d,1,f8ea5fcf9c628485e01b9c3cf52728c2,8a32e327fe2c1b3511609d81aaf9f042,2017-12-01 20:48:26,12.99,11.73
061b74bca735bb2c1953e40bc098101d,2,f8ea5fcf9c628485e01b9c3cf52728c2,8a32e327fe2c1b3511609d81aaf9f042,2017-12-01 20:48:26,12.99,11.73
061b74bca735bb2c1953e40bc098101d,3,f8ea5fcf9c628485e01b9c3cf52728c2,8a32e327fe2c1b3511609d81aaf9f042,2017-12-01 20:48:26,12.99,11.73
061b74bca735bb2c1953e40bc098101d,4,f8ea5fcf9c628485e01b9c3cf52728c2,8a32e327fe2c1b3511609d81aaf9f042,2017-12-01 20:48:26,12.99,11.73
061cc2095125b495f7221ed85a706c07,1,aa8d88eb4b9cb38894e33fa624c4287f,6560211a19b47992c3666cc44a7e94c0,2018-04-19 19:55:14,55.00,15.27
0635e2196d30b3003d5381ca15cb3d87,1,d017a2151d543a9885604dc62a3d9dcc,6560211a19b47992c3666cc44a7e94c0,2018-05-10 03:30:44,49.00,10.66
063b573b88fc80e516aba87df524f809,1,3d37da85f5e66558333fb5daee494736,ecccfa2bb93b34a3bf033cc5d1dcdc69,2016-10-21 16:23:11,69.90,17.63
0650ef96422834cca0cc7799efbf6307,1,6b42b1f7dfb74bb23a01605fbedd5b85,bf100ecb7997df312b285358fb32f92c,2017-02-09 12:46:02,99.90,18.98
0659ee4a8b8b8da8337c94d35e423c74,1,4fb3e6ce442ce9c621ea9509e47ac951,c3cfdc648177fdbbbb35635a37472c53,2017-12-04 16:31:12,105.00,17.98
0659ee4a8b8b8da8337c94d35e423c74,2,4fb3e6ce442ce9c621ea9509e47ac951,c3cfdc648177fdbbbb35635a37472c53,2017-12-04 16:31:12,105.00,17.98
0659ee4a8b8b8da8337c94d35e423c74,3,4fb3e6ce442ce9c621ea9509e47ac951,c3cfdc648177fdbbbb35635a37472c53,2017-12-04 16:31:12,105.00,17.98
065c05543ebdfd79fb629b2b4a6ab904,1,2eb384017334e47db9ccf364216799df,98dac6635aee4995d501a3972e047414,2018-03-26 18:15:27,88.50,12.52
065d95bb9e6d5bbc0a5a2c40579b16e5,1,33e535ce5a73b54b75937cd85478b9ae,c70c1b0d8ca86052f45a432a38b73958,2018-05-14 09:55:32,95.00,7.53
066783a7a5bfa25f21a22e17c7ec9137,1,8c5876b1c7768217964f353bc7e64393,0db783cfcd3b73998abc6e10e59a102f,2017-04-27 14:10:19,49.00,16.05
067c946a70abc2e1e8d9185ae309b48a,1,f1c7f353075ce59d8a6f3cf58f419c9c,37be5a7c751166fbc5f8ccba4119e043,2017-07-17 09:30:11,205.00,26.27
068c0507e1af74b156beee1db2deed7a,1,31639956e7fac87ecfd9d608040638bd,aac29b1b99776be73c3049939652091d,2017-06-30 13:33:31,64.90,39.44
0691811195a83594b0377267a8050e6f,1,2d063994ae4667cff3d6841e9d441d1d,13d058e4eeac2ce8217660b2f8a05812,2017-07-10 04:44:36,89.99,15.38
069370014d6465fb28770cd9449402c5,1,4ebab6a2135a2477b657bda38646b64b,7aa4334be125fcdd2ba64b3180029f14,2017-11-27 20:39:33,25.27,16.11
06b491ece3a9bd260341c1ad36870e8b,1,5176d8670222d50ebbe4d4c5dfba2b49,128639473a139ac0f3e5f5ade55873a5,2017-06-08 06:42:52,14.90,16.79
06d8cb692ed19b092adaaf5337d01a39,1,e61c78a7343d82c0539d27df0f7dfc31,da8622b14eb17ae2831f4ac5b9dab84a,2018-08-07 11:04:11,199.90,27.70
06da8e499e3e6c47151b945f8c9eaab3,1,83ca77d87b187321faaee535adbce26c,7901646fdd36a55f564ffaf2dbccaaf7,2017-07-05 18:23:46,799.95,20.67
06db57a9e774a7fbdb7c8ee188baef65,1,75d6b6963340c6063f7f4cfcccfe6a30,cc419e0650a3c5ba77189a1882b7556a,2017-10-24 14:14:37,56.99,15.15
06f4be78b76ba6a42605efa4ce7544d7,1,ba4a91633739ceceb2b73b627e2cfbc3,7c67e1448b00f6e969d365cea6b010ab,2017-02-16 16:34:29,136.97,31.70
070a62ae87136bfbe6ef6d0e2883cda5,1,53ae5df71df97b2b9abee97ce1e1b8f1,8444e55c1f13cd5c179851e5ca5ebd00,2018-07-13 05:31:23,299.00,44.37
070d0196420dc138bcfaa72cb10eea02,1,ee406bf28024d97771c4b1e8b7e8e219,7a67c85e85bb2ce8582c35f2203ad736,2017-11-30 13:31:28,144.99,12.22
07159640598ab46b708279254ec3be0f,1,c23b47bacd44b878e3345d06ab5664dc,08633c14ef2db992c11f840f04fad4cd,2018-06-28 08:18:47,23.90,7.43
07242eb6740fc0feb5044eda405a4782,1,aa70ae9ee9a798d44ae6e00ce6d82cb1,c70c1b0d8ca86052f45a432a38b73958,2018-06-18 02:57:48,110.32,7.96
074d6aba62abd52ad27529d3fb746260,1,82b73150f90f4fef92913e35b9984bb7,91f848e9f4be368f4318775aac733370,2017-06-14 19:03:26,94.90,16.91
0756c3213eb9155bc1209caced66eb82,1,c4baedd846ed09b85f78a781b522f126,a1043bafd471dff536d0c462352beb48,2017-12-29 15:36:25,89.99,45.09
0759ac0ac1a0c11ab13fc66564f4e112,1,26e253f334cf93847fcbf6e9faf51eb4,955fee9216a65b617aa5c0531780ce60,2018-04-11 11:30:20,169.00,25.31
0759ac0ac1a0c11ab13fc66564f4e112,2,26e253f334cf93847fcbf6e9faf51eb4,955fee9216a65b617aa5c0531780ce60,2018-04-11 11:30:20,169.00,25.31
0759ac0ac1a0c11ab13fc66564f4e112,3,26e253f334cf93847fcbf6e9faf51eb4,955fee9216a65b617aa5c0531780ce60,2018-04-11 11:30:20,169.00,25.31
0759ac0ac1a0c11ab13fc66564f4e112,4,26e253f334cf93847fcbf6e9faf51eb4,955fee9216a65b617aa5c0531780ce60,2018-04-11 11:30:20,169.00,25.31
0759c200a1d9ec728ba380676bccb583,1,c76eef5f50220461d23cfc786e6e82b2,5a8e7d5003a1f221f9e1d6e411de7c23,2018-08-06 05:25:14,59.90,16.61
0762fe35b71987563f8771eb6d14938f,1,70825a84db489dd1ab3f3cd35bb67604,70a12e78e608ac31179aea7f8422044b,2018-01-30 18:19:29,75.00,12.03
076c344fa6fb7b7284fe98fbcb257ab1,1,246d85d18978e56d249ebaf657bb44bc,7a67c85e85bb2ce8582c35f2203ad736,2017-06-08 15:10:13,129.99,18.16
0771233ce445ab49cb2542af0243618e,1,462a59e8ce95b0cb4df207fce782648c,57fe6232e67823593374a2281d7a8af8,2017-09-13 02:50:36,27.92,12.69
077743f9ba8964fff85ace5b958e5284,1,e878662b68e175a58b5951e44574d5c8,14ee35374a7876217954b5fa08e50463,2017-12-18 21:52:46,124.00,13.89
0791c9a8e89bfcc422ab718dd43f2dca,1,001b72dfd63e9833e8c02742adf472e3,8a32e327fe2c1b3511609d81aaf9f042,2017-07-10 03:43:26,34.99,15.10
079b79bacc6e0a0c7ed93cd6e3624f6e,1,80fb011fd54fa5e1911a2f80c0fc878d,25e6ffe976bd75618accfe16cefcbd0d,2017-08-03 19:50:10,51.40,25.64
07d395244b58ce72bbecdafbb1b60ace,1,2ae94d219369eb83f204effd82cb9f31,9f505651f4a6abe901a56cdc21508025,2018-07-05 04:30:58,119.00,18.93
07da7d9fe6a7a8388af1f996b3bb0472,1,3f3695c50cf443bfc1058ce0c8ab6a46,8b321bb669392f5163d04c59e235e066,2017-12-25 22:14:29,13.30,15.10
07f6b1ad9ba4f7a4d2326adf7b8f517f,1,c9dbe2eec19a8093cb5ac57486531c18,cca3071e3e9bb7d12640c9fbe2301306,2017-08-29 16:30:53,93.24,13.67
082da800c206687336a039aa7269d303,1,e187f69b85487c86a0da79e18ee51982,d921b68bf747894be13a97ae52b0f386,2018-05-08 14:32:15,159.90,19.00
083c3a567b005b0f7261c9c0c76fe151,1,7868a64aa111bbb4f41f8e1146c0becb,cca3071e3e9bb7d12640c9fbe2301306,2017-02-22 14:45:27,59.90,17.16
084080266521db39cd371403f8534271,1,ebf19d90623587fde1eff2a222d8b177,bfd27a966d91cfaafdb25d076585f0da,2018-03-29 02:47:34,89.00,19.59
084ac56b13107e32ab92934f70638bc9,1,c9d067f785507045799795719e6e6131,52f976b17ea7f2f087f56dcc419328f6,2017-11-30 13:54:29,1141.00,130.98
0858bbf6d922af574797281c8df8de5c,1,37f582e625d4301ab2d6b200238405d1,643214e62b870443ccbe55ab29a4dccf,2018-08-14 02:44:37,39.90,7.54
08636a3fcd5c2b3e957b9b8c6ac8ecd9,1,35afc973633aaeb6b877ff57b2793310,4a3ca9315b744ce9f8e9374361493884,2017-08-21 03:50:11,89.90,17.88
087b902fe8df6660b295f28f1d8f7c30,1,cf5407ad3a5c603fa46d5c2613661a09,dd7ddc04e1b6c2c614352b383efe2d36,2018-03-16 19:28:36,29.90,11.15
088217fa841fd3da3004a1a7e1d525f8,1,f1c7f353075ce59d8a6f3cf58f419c9c,37be5a7c751166fbc5f8ccba4119e043,2017-09-29 15:44:20,148.00,38.83
0893ae2dd572c400965d60fa77f45076,1,42ec84ace63b58b8c5a7ba7be01d5fb8,2a84855fd20af891be03bc5924d2b453,2018-07-23 04:35:16,99.90,27.00
0896eccb8187d6b1738ce4a3a1add1b3,1,735b17533036ee19f4c943704271660a,01fdefa7697d26ad920e9e0346d4bd1b,2018-08-15 12:30:22,89.99,15.70
08ac0336730e831f16eeadf576564ff3,1,af69caef8804ace46d262381e80dd523,d91fb3b7d041e83b64a00a3edfb37e4f,2018-08-06 12:20:13,26.00,18.28
08c6860a0281fefc591da60249d5fa76,1,66f4a4e7df716d7d67d81496ccc1ccf6,0c7f30ae9b147eca07affbef92832a6a,2017-04-24 20:22:32,129.90,17.75
08d862895d238cb8405dffe9b981df25,1,2f13d1dc8b4e1d9d8027be50339546a9,1025f0e2d44d7041d6cf58b6550e0bfa,2018-06-11 20:11:26,105.00,23.31
08e5962f7b156426e52078f8504e9b9e,1,c155f6ba0dae0f11299f1e33fafdea65,c3cfdc648177fdbbbb35635a37472c53,2017-06-13 17:25:07,300.00,26.94
08f09d9ef3e4f3cdfa18431097f40682,1,1b8ee158f59c098470fad33f39660964,1554a68530182680ad5c8b042c3ab563,2017-09-14 04:45:46,139.90,20.89
0909121693cdb66d170b212e65c2bf59,1,8317b177579dd27ff068b83205e2169b,4869f7a5dfa277a7dca6462dcf3b52b2,2018-06-29 17:18:20,164.90,23.08
090df55d4945ec96f88731875465407d,1,b0961721fd839e9982420e807758a2a6,1f50f920176fa81dab994f9023523100,2017-07-24 21:43:30,59.90,13.44
0914478fdcadbaa5c8c8b3442b4f28d2,1,d017a2151d543a9885604dc62a3d9dcc,6560211a19b47992c3666cc44a7e94c0,2017-08-15 21:45:25,49.00,7.78
09356cee7d8fee33dcb3ee80c1ccb14f,1,0aabfb375647d9738ad0f7b4ea3653b1,37515688008a7a40ac93e3b2e4ab203f,2017-10-18 17:35:44,19.90,15.10
09545768adc993877dfa9a4024b360c2,1,46d6fa3170df63d5372aa59928ba33dd,8f2ce03f928b567e3d56181ae20ae952,2018-01-18 12:13:29,99.90,13.25
0957ed870116e596b800540427c61497,1,5b8423dc7f23089c9c59c5d140eb5a1c,a3a38f4affed601eb87a97788c949667,2017-02-02 22:14:49,129.99,28.00
095e9e0811476409362d72fa70d73a6c,1,83b92639fffd1d55c9e04c77c86d8d2c,00fc707aaaad2d31347cf883cd2dfe10,2018-02-20 17:50:43,82.00,17.01
095f058cc1daeb1e7ba1c133473090a3,1,13db47eae724e2848e12b71a617a3a41,7d13fca15225358621be4086e1eb0964,2018-04-19 18:10:47,499.99,6.72
095f058cc1daeb1e7ba1c133473090a3,2,bebd360fe73dc670fd6439e9b943ceb7,966cb4760537b1404caedd472cc610a5,2018-04-19 18:10:47,959.00,40.34
097452f101cb19b0ccc80d3a980d9755,1,3dd2a17168ec895c781a9191c1e95ad7,de722cd6dad950a92b7d4f82673f8833,2018-03-21 16:50:38,149.90,23.98
09777f429af8cc60d951cad68db15b6f,1,830345ab5d2e365c7c6b91459119ea2d,05ff92fedb5be47920fea08e501238b9,2018-04-12 08:50:34,399.20,25.37
0989d111cfe79cf0bbdea443f1caf9b7,1,25f86162fee18735fffdb762dcb10d7c,1a3df491d1c4f1589fc2b934ada68bf2,2018-06-14 04:12:38,169.90,39.48
098a8457920d6c63f0cb10ccfbcd369d,1,3488d2ce36e718097c1509444289ef7f,fe2032dab1a61af8794248c8196565c9,2018-06-18 02:57:45,199.90,10.13
09944d214dbe0d92666178941a674632,1,f1c7f353075ce59d8a6f3cf58f419c9c,37be5a7c751166fbc5f8ccba4119e043,2017-08-28 20:24:28,200.00,26.24
09956a4d0066f2ef4e70f7ae51e2c9f3,1,cf262d646b27e22488de0494b5d08da0,f7496d659ca9fdaf323c0aae84176632,2017-11-10 08:56:24,129.90,17.16
099a55045696dde09f58f62e8e82a542,1,ea2999d120b8644995f93e02aa9660c3,cc63f0dd2acba93ffed4fe9f8e0321fa,2018-06-04 18:55:04,169.00,22.89
099be5827a2f9692b1c1ad111affc9d1,1,2d27434c710806b971a721da337a112a,6560211a19b47992c3666cc44a7e94c0,2017-09-13 02:45:32,39.00,7.78
09a12008dce38051d0f39f922b380e05,1,d2f682fdb39628d58f64ca02d3cb580f,d20b021d3efdf267a402c402a48ea64b,2017-05-18 01:03:30,79.99,17.81
09ae00385becd9090c7e85eb465605e0,1,3dd2a17168ec895c781a9191c1e95ad7,de722cd6dad950a92b7d4f82673f8833,2018-03-29 02:07:52,149.90,39.10
09ae30c3aa82707a515bda0df370f7d2,1,7340a3839a1de1e99d149b8cf052a2ec,4a3ca9315b744ce9f8e9374361493884,2018-04-19 21:50:03,69.90,13.85
09af242285bcc7d2f8b12ce33dcfcb7f,1,1629b469d01aadb4f92644039ad17d5c,ea8482cd71df3c1969d7b9473ff13abc,2018-01-17 22:28:24,29.99,16.79
09d6c2dd8c08336a2cbd1c449a2ef158,1,781afe929e3016a667f5f439afd55fce,08633c14ef2db992c11f840f04fad4cd,2018-02-12 04:15:56,111.90,15.53
09da806d72011e816e9242e6d24164eb,1,308a7360ee2e0ecfb6aa7708428692af,128639473a139ac0f3e5f5ade55873a5,2018-03-01 11:10:39,25.90,12.48
09de1c09553be98d80e730e53641c515,1,3777da5a4d01cc856906b449ddb7ffd3,59b22a78efb79a4797979612b885db36,2018-08-22 16:15:21,289.00,21.21
0a0185b8b72cbf2290c3e4218300a61c,1,9b1c7bc7cad0519369a5ea04afe303f7,8a32e327fe2c1b3511609d81aaf9f042,2017-03-20 22:08:50,44.99,21.85
0a01aa0d779fc923be4cc5505b0c6dd4,1,2c925b58c178637d60168ac80cf7f836,46dc3b2cc0980fb8ec44634e21d2718e,2018-06-20 12:31:10,99.99,16.89
0a05e512c3e656802c930be4c1766c2a,1,2028bf1b01cafb2d2b1901fca4083222,cc419e0650a3c5ba77189a1882b7556a,2018-08-07 12:05:37,49.99,7.61
0a154ed7ce417e33453d705b167a3d8c,1,55782ee5db5083e1e3bb2dbb054fdf49,ceaec5548eefc6e23e6607c5435102e7,2018-05-24 11:31:31,209.99,13.37
0a2c9c3fedb974fcf5a8a569e9ba9da9,1,82c51c3938503a4ddc096fbed86428d6,cfe94489ddd337d1e29e12f2a7205d10,2018-08-03 19:23:58,99.00,15.79
0a31cb63d4483ffbef1d5503752a0b5d,1,4ac50dbde931c0a5ed8c33d3dc047351,2e1c9f22be269ef4643f826c9e650a52,2017-07-24 13:55:18,30.99,15.10
0a3d9f14b1781670b56b1832ba291095,1,6cdd53843498f92890544667809f1595,ccc4bbb5f32a6ab2b7066a4130f114e3,2018-07-31 05:35:13,364.00,31.80
0a45b0373a9b1178357bb9d93243ed18,1,cce679660c66e6fbd5c8091dfd29e9cd,d2374cbcbb3ca4ab1086534108cc3ab7,2017-11-30 03:07:27,17.90,11.85
0a54256bfd2401d553f81d8e37e5305d,1,37470d84427730445b3b251bb796d528,d91fb3b7d041e83b64a00a3edfb37e4f,2018-08-20 20:50:23,86.00,22.53
0a6003474a7471ca13dbdb23b2c04ec6,1,764292b2b0f73f77a0272be03fdd45f3,bd23da7354813347129d751591d1a6e2,2018-02-12 04:15:59,99.90,18.94
0a79d1506c2e0249c9aff8723bcf51e9,1,4fe644d766c7566dbc46fb851363cb3b,c31eff8334d6b3047ed34bebd4d62c36,2018-05-25 12:57:55,99.99,12.03
0a87de586a94b42f2294c207845674ab,1,c73628b1c3144b2e0c9c88072f21a213,3f995f07c49d0d55a99d5c54957f7d81,2017-05-30 09:10:11,99.00,14.44
0a8c76aaf89178fd0f7655214a6b5223,1,51ff363ff8346f0fb99858f2c0954231,4371b634e0efc0e22b09b52907d9d469,2017-11-28 09:11:20,60.00,14.17
0a8d9ed968d08daf5ef8a5cbf0bbe833,1,cd6efbd49aaf6ab8c3eb9605aae7e942,1da3aeb70d7989d1e6d9b0e887f97c23,2018-04-05 03:15:46,19.99,15.23
0a8f1a36db93c2d10a0ff456e5550ae8,1,4b96786612ebe7463132fce2c4dca136,d94a40fd42351c259927028d163af842,2018-05-09 10:57:13,129.00,26.98
0a979eab29ef830d6363887a00907fb3,1,dbb67791e405873b259e4656bf971246,00fc707aaaad2d31347cf883cd2dfe10,2018-02-21 08:31:46,80.90,12.70
0a998b0552bd0e04c7b38f0f58737c54,1,53b36df67ebb7c41585e8d54d6772e08,7d13fca15225358621be4086e1eb0964,2018-08-08 19:15:21,112.00,13.44
0aa3718b7db60c5ebec88b485cb975db,1,f9812ff329fb8141750f67a3e6551907,7e3f87d16fb353f408d467e74fbd8014,2018-07-17 02:35:20,28.50,12.86
0ab72bab67e4b9af0dfc369356d70202,1,dd61e943598eec72351633dd6a72d5dc,cc419e0650a3c5ba77189a1882b7556a,2017-06-13 13:35:47,79.99,7.81
0abb65aa29ab57e5f52f657d22b47648,1,609092e5b5c4a202878eb9ba03b47793,e88c9b79e592e370d6bd852eeefbf057,2017-07-07 16:03:25,8.49,16.11
0abf7f13c92f93e708a28f32316b13d3,1,f1fe595ee7ef768b41bd9b246d13432d,81a1104df0f08b59c68aa5b03cfe398e,2018-03-28 22:10:26,99.90,21.65
0ad01dd05d74bc7891d57312627ec33b,1,23bcd6822a33df5534f9b290216eec1f,ac3508719a1d8f5b7614b798f70af136,2017-11-21 10:47:57,129.80,28.29
0ad82b0c5d9f039a29814e465165a0da,1,dc404a1496a08f9f5540c8b5d4b92925,46dc3b2cc0980fb8ec44634e21d2718e,2017-11-23 20:26:50,299.99,18.41
0aeb20ab92028bf31d5d8b2314b03092,1,acc78c9d340dbe682491c9d31ea7e187,7ea5bfa6c340f58f8e71fc1f0412b0d6,2018-02-13 16:49:36,149.99,9.61
0af96849112c968e7764ac7f17e4f9f7,1,ca349c4d87c594b4995fcc4fa9c0b77b,b499c00f28f4b7069ff6550af8c1348a,2017-02-27 16:55:51,39.99,10.96
0b01066982af6f2681ea9b0169f0d987,1,0bb7d5c406dd6affef3cd4f5d6744844,e5a3438891c0bfdb9394643f95273d8e,2018-03-23 16:27:19,20.30,18.23
0b01066982af6f2681ea9b0169f0d987,2,28d7da9ebe96bfda54aed060b68b23a1,e5a3438891c0bfdb9394643f95273d8e,2018-03-23 16:27:19,27.30,18.23
0b01066982af6f2681ea9b0169f0d987,3,9a442e31dcb07042eca00d73c1933880,e5a3438891c0bfdb9394643f95273d8e,2018-03-23 16:27:19,27.30,18.23
0b36b5725c37564b933ec5845f63b635,1,3a05a947f28cf46d789adedc107d7595,87142160b41353c4e5fca2360caf6f92,2017-10-19 15:35:22,119.90,25.68
0b7faa591b1acf3fa59f5297017b3058,1,95ed6e881d471156e430b8546ea76ba5,f457c46070d02cadd8a68551231220dd,2018-03-01 02:50:44,83.90,12.72
0b82a32f3caec8e9157049e294486ade,1,43423cdffde7fda63d0414ed38c11a73,b1fc4f64df5a0e8b6913ab38803c57a9,2018-02-23 16:35:26,54.99,16.82
0b82a32f3caec8e9157049e294486ade,2,43423cdffde7fda63d0414ed38c11a73,b1fc4f64df5a0e8b6913ab38803c57a9,2018-02-23 16:35:26,54.99,16.82
0b83b48cff92afd5eb4360860cad0ff1,1,f109f04ad95889f2f041a91afe3d894e,620c87c171fb2a6dd6e8bb4dec959fc6,2017-02-19 14:27:15,69.90,20.94
0b8c594f80a7db56ea4927af84e45203,1,30a47cc354b9607076272300c899dce9,855668e0971d4dfd7bef1b6a4133b41b,2018-04-11 02:50:21,55.00,8.64
0b8dbb26699a171be239666299d2174f,1,0ba59273939ff2679f761fcdb05cd74c,0adac9fbd9a2b63cccaac4f8756c1ca8,2017-03-15 20:48:23,47.90,20.80
0b8e4fe7f85610340424b314dc68c366,1,7c1bd920dbdf22470b68bde975dd3ccf,cc419e0650a3c5ba77189a1882b7556a,2018-08-22 03:09:31,58.99,15.51
0bb0dd89956cc5f44ff556c2189e7160,1,85337022853da10b8f5fd7d1ef180421,fc906263ca5083d09dce42fe02247800,2017-06-27 02:26:00,39.90,14.10
0bba959fbb649221ae07d0c128ba1809,1,c0c4cfd8255da22de900ac9e613e2a73,79ed755314cfe6df0daef2c6cd3022cd,2017-09-21 01:45:10,119.90,16.60
0bc9cc637f074aa7df9fb7f206125066,1,ebee6703e867082f455a058a8bd04092,fc906263ca5083d09dce42fe02247800,2017-05-31 13:33:53,39.00,14.10
0bdb173bda4bf7e4109fe707c309252a,1,2fe0cccc00239f01484b97ba65408800,a3a38f4affed601eb87a97788c949667,2017-12-07 02:31:33,114.90,18.05
0be2a2a52adfb0963b9bb86b3b668b90,1,596e3ace8e8329beb05bb40700a659f7,e9511df20ccd82658a30c37b7fb343af,2018-05-13 21:15:28,16.50,23.28
0be2a2a52adfb0963b9bb86b3b668b90,2,596e3ace8e8329beb05bb40700a659f7,e9511df20ccd82658a30c37b7fb343af,2018-05-13 21:15:28,16.50,23.28
0be2a2a52adfb0963b9bb86b3b668b90,3,596e3ace8e8329beb05bb40700a659f7,e9511df20ccd82658a30c37b7fb343af,2018-05-13 21:15:28,16.50,23.28
0bfef24c6be372da610fb6c17ca1dafc,1,e294d8786e16a7a67e98e5fd412e2e2e,14d7985702e72162bbf13b6beb74ab2b,2017-12-14 00:31:15,55.00,15.14
0c2766159bd610cb7f38a657ebb28e39,1,93b67da06834e15a3594134d43ee4ebe,dbd66278cbfe1aa1000f90a217ca4695,2018-05-11 08:30:41,27.20,19.32
0c311ce5790eb3a82cfaf0ab40840730,1,f422d0d9f8b5f7c27289382b14b61248,1554a68530182680ad5c8b042c3ab563,2017-08-28 09:25:09,66.99,12.48
0c40dfe4127461031cfea37fb4c63856,1,fc1d8637c0268af3db482c14b7ef8e75,da8622b14eb17ae2831f4ac5b9dab84a,2018-05-17 09:14:07,149.90,19.61
0c51cc0743219907058b0a266949d0a9,1,2a21592fa9b5f82a36ec4e151bb31d10,827f8f69dfa529c561901c4f2e0f332f,2017-06-27 15:10:11,35.90,37.85
0c54f2a2eeb0c42bd55937babb4669eb,1,b4be8f8fe79a6219017a8de82c24a4ef,542917da124346b47ea1ac79a93ce454,2017-07-13 02:45:06,10.80,15.10
0c5a7b3c5703837ef40113972224a978,1,59f09deeea7c839a9212a19f3416b892,729f06993dac8e860d4f02d7088ca48a,2018-04-05 20:27:19,379.90,68.61
0c5f4de2e1c08a6da891feaafcf35d1e,1,4180a49d4b879e727ad2c8e82a9f4d87,9906e7aa42a3c067b7c9a564d01c4320,2018-05-15 20:55:37,170.30,51.69
0c7ac4325ae837f28df12a94a51cf375,1,24bc2932a12c983f8e76d828b65cf39b,5a413ade68e8f8d93071a7f52a64cb9e,2018-08-17 10:10:22,55.00,15.49
0c922ae7c3b6cb7d848150c80121bc1b,1,e4176515d2055eb7771645c597f8b40c,8b28d096634035667e8263d57ba3368c,2017-04-12 02:42:39,34.90,16.05
0c9b9834c09d4fbf6bbadf2b3fba9828,1,53759a2ecddad2bb87a079a1f1519f73,1f50f920176fa81dab994f9023523100,2017-12-04 03:19:09,49.00,13.44
0cb398989a2bafd3944803b5427a622d,1,f6fa93875f4a7dac03e0a22143f4d815,391fc6631aebcf3004804e51b40bcf1e,2018-04-04 21:15:25,49.95,19.32
0ccb5b7bf95c5b642f3717b08c633361,1,25a2985f8f3f93ddf1c1d26847658dad,8d956fec2e4337affcb520f56fd8cbfd,2018-07-10 18:30:13,22.49,18.26
0ccb884361ec00003176dab0ea647f59,1,a4f46aac5fc5e88c9701aa860c2a957c,0be8ff43f22e456b4e0371b2245e4d01,2017-06-01 11:25:11,119.90,13.18
0cce1e1470bc8d35d6a2bebb6991bc1b,1,6b5170a2d3ae93a38e63f17b356da239,3be634553519fb6536a03e1358e9fdc7,2018-08-08 13:50:20,33.99,20.19
0cd93455c51655ebb590c07a06d584a1,1,6cdd53843498f92890544667809f1595,ccc4bbb5f32a6ab2b7066a4130f114e3,2017-03-22 22:55:26,349.90,28.71
0cde8327c49577c3c0fed91e084daef5,1,94f584e1a1158e97314c59b190dfb899,2528513dd95219a6013d4d05176e391a,2018-04-02 19:15:17,329.00,17.21
0ce0997380b2110e5d35697ce4ddabd7,1,532d7f19b8005e415f5b98a1cf4a8690,6d988d6174a2c27441597174f8905515,2018-05-09 14:30:41,18.95,13.47
0ced306b608e9bc80ef960368a3414a4,1,86032b927304e96f4d4a9aa72104d70f,7a67c85e85bb2ce8582c35f2203ad736,2017-07-13 20:10:14,9.99,11.73
0cef0a9c1d74d5ec485fb3195191caa1,1,bd7cab8de4d7943286634023cc06f8ff,855668e0971d4dfd7bef1b6a4133b41b,2018-07-03 08:17:34,250.00,87.42
0cfabecb909812856ae6d21400104334,1,49eeae59754cbcf1abeeffb8f51184ee,972d0f9cf61b499a4812cf0bfa3ad3c4,2018-05-25 16:57:57,70.25,23.07
0d084d7d6f5d7b6a97582e1dc74dda2a,1,20c3404e9bea9621d876e152794ba2d1,35fb511489d9ee3ee27a76debce9df06,2017-10-31 16:49:56,24.00,16.11
0d0aa4989e49d1acbc9d973bf923b77c,1,cc30e5a54e83c955899121be1223104e,7299e27ed73d2ad986de7f7c77d919fa,2017-04-13 12:33:41,59.99,16.12
0d29f866f714402153c7a02ca8bf6134,1,c2b89f69031e68bf1a02822eea9c155b,9b013e03b2ab786505a1d3b5c0756754,2017-11-06 21:31:38,76.49,4.14
0d29f866f714402153c7a02ca8bf6134,2,c2b89f69031e68bf1a02822eea9c155b,9b013e03b2ab786505a1d3b5c0756754,2017-11-06 21:31:38,76.49,4.14
0d2d1445891e7aba669fa2069d695601,1,72d3bf1d3a790f8874096fcf860e3eff,0bae85eb84b9fb3bd773911e89288d54,2017-10-18 04:49:33,38.25,13.50
0d3361c2f225ac28b02f7a5492ed73fb,1,bb5d4ec6e4443ba8589bb940d5b2945f,c3ee2331a724e6fc02c4b698b57a73f3,2017-12-07 09:52:33,449.00,54.68
0d387b5d8e636190398548a221d4185d,1,3cfbc83ded5aa170816cc18cdb5d4188,c66dccfb3f109511246da627dd5a2498,2018-06-11 21:31:49,185.00,19.17
0d5d3777270af3ab88e1ad0e74c57e52,1,3e12358032a6a599d25d9fd630cec2e1,c679fb69a36e1d8349e8c50a217b4d58,2018-08-14 13:15:22,126.98,31.76
0d702aba7840fe6e6942e419648d9e0e,1,56f096959d0abfbb601eaf570323d766,56642bcb79900e777d68e91915cb4267,2017-04-06 14:50:20,69.00,16.91
0d922ec2be9bd5e75e225b6bacfdc4d6,1,77e1d1347bf761294a7158e1b0b536d5,643214e62b870443ccbe55ab29a4dccf,2018-07-10 20:10:12,27.50,7.45
0d9e86e02c1a823b20c03ea29d616607,1,f93213a23c50edc16c27b96333f734dc,46dc3b2cc0980fb8ec44634e21d2718e,2017-10-19 11:49:48,269.99,19.46
0da26371f58ab8e89157a901ef0cf390,1,3458b4c1fcbe46e2eedb48e00960a60e,cfb1a033743668a192316f3c6d1d2671,2017-08-25 19:15:12,157.00,14.49
0daa8301819941dd352fe651f9fa70d5,1,50d77758742285ff49f340ebdf0df5a7,d91fb3b7d041e83b64a00a3edfb37e4f,2018-04-10 09:31:05,26.00,9.44
0dc2734aeb43fcd6b5c4a6d6296f50c5,1,33202a8e7a645388c41ed714203d7131,8d79c8a04e42d722a75097ce5cbcf2ef,2017-03-09 02:25:17,149.90,27.48
0dc561ba424a8d639e1d4d7840c530c0,1,6413f7a28e149a324c4a914000399fb2,7a67c85e85bb2ce8582c35f2203ad736,2017-11-13 04:30:40,144.99,18.26
0dd40e8c8c363027df66efe4fea48bdf,1,dd6a505f83dd3c6326aa9856519e0978,fa40cc5b934574b62717c68f3d678b6d,2017-12-07 11:58:24,45.99,15.10
0de5dbc9f3226761687d84b54057efba,1,d2f2c2b94c6ac44ece0bd0dd202c7939,710e3548e02bc1d2831dfc4f1b5b14d4,2017-08-15 21:25:14,35.99,37.90
0df047ac4fa1b5eed06cc188e54fd23e,1,89427567da9c9b075c9dca131535104d,3d871de0142ce09b7081e2b9d1733cb1,2018-08-10 09:45:15,39.00,12.93
0df047ac4fa1b5eed06cc188e54fd23e,2,89427567da9c9b075c9dca131535104d,3d871de0142ce09b7081e2b9d1733cb1,2018-08-10 09:45:15,39.00,12.93
0e0fa429a12bc8105554270a3a52ce97,1,8d165e4e114bdd886972a3061c44ebba,4830e40640734fc1c52cd21127c341d4,2018-07-17 12:10:16,69.99,15.59
0e19122f9fa8f2ac31d7ee9742b7d98b,1,7f601afbca26d221fc2d957b6e211e72,fd312b6bf05efac6c3772d5b52205d8a,2017-06-30 16:15:21,29.90,11.85
0e19122f9fa8f2ac31d7ee9742b7d98b,2,7f601afbca26d221fc2d957b6e211e72,fd312b6bf05efac6c3772d5b52205d8a,2017-06-30 16:15:21,29.90,11.85
0e1c841770446e9becaf95190493901f,1,9e0e152552a1323f7e5dcf63d50cdae3,cc419e0650a3c5ba77189a1882b7556a,2017-12-06 19:31:09,56.99,8.72
0e3669da7effc0dce5fe5e8a52bb5805,1,fb6d1c0e458a83fe774bbdf52d704287,57fe6232e67823593374a2281d7a8af8,2017-09-14 04:55:14,16.72,12.69
0e3743eb1b447eb4747eaafc9221fb41,1,1468c44dd6c3ecaa8e9b12a8a2a7ed0c,7e93a43ef30c4f03f38b393420bc753a,2017-12-21 14:31:19,155.99,17.53
0e3ee99a343d05fc3fa4256f7c675c63,1,80cbd9107719ba49c3a02fbd942b4717,43f8c9950d11ecd03a0304a49e010da6,2017-10-04 21:50:34,113.99,15.55
0e5d6a7f18b77c72f681911eaf6c011a,1,368c6c730842d78016ad823897a372db,1f50f920176fa81dab994f9023523100,2017-07-26 02:15:39,59.90,17.67
0e5dcadb0c33c96bd4c6573929a80d9f,1,6bd248f93425ceeb625a8a97e2404112,dbc22125167c298ef99da25668e1011f,2017-06-29 13:43:20,58.90,17.98
0e622d371212819a199d533eafd7e4c3,1,c73d6ef7bae692425ef183569ae8f96e,3078096983cf766a32a06257648502d1,2017-11-30 15:30:51,359.99,95.82
0e622d371212819a199d533eafd7e4c3,2,c73d6ef7bae692425ef183569ae8f96e,3078096983cf766a32a06257648502d1,2017-11-30 15:30:51,359.99,95.82
0e62b7f0d74e42edd997cf3dfaac54c2,1,09481a6dfe9eb590dc8b265b54dc4c97,165fc07beebdcb6190fba8a06db2a449,2018-01-15 07:24:51,949.90,104.73
0e696093d25ba307ef78cf0d208bf500,1,91e6a181c1ebe734ab459822cee89763,715bbd5ba4e6b74cb0d2f29eb45058b0,2017-12-08 16:04:48,50.00,16.11
0e74f4c5e40226e7f0aa460ce139ee37,1,f5badee8a0e679f057ec0ca4f0f32dcb,e0a366315b1b726b6c7832d664c0f530,2017-11-30 09:31:03,109.90,15.52
0e8488c62611eb99cdf174e019bf9d8a,1,7efbc2ce01bc5ac5d5390c330f90376e,0241d4d5d36f10f80c644447315af0bd,2018-08-07 16:50:26,269.00,44.55
0e8a50eedd19fc32a3537ab8ea559f33,1,71040c7f50609abf6865f4429f8b1035,ebd2d60905fb58271facef5596b620d3,2017-04-13 02:43:41,169.90,22.66
0e8b6c11a73010fcf68119448a6182cb,1,1697727d6c82c23c7149c6c773683d2c,e89c4adbe7b1d0819dbb636e16461cf1,2018-03-22 11:15:45,159.00,13.55
0ead7996f8952fba09e18bed9872414e,1,777d2e438a1b645f3aec9bd57e92672c,4a3ca9315b744ce9f8e9374361493884,2017-04-27 02:50:33,69.90,17.33
0eb292344b2b6367acf848e125a32538,1,40c7fdb4c192c7df52431d1b079f9026,6560211a19b47992c3666cc44a7e94c0,2017-07-03 21:05:14,39.00,15.10
0ec20feeac30045e916578f17c2085e2,1,fa814ebf85f1640b2acea3c4378d40f9,fb3cfbc8a86f5d7fbb4d36b8df63f60d,2018-08-20 13:30:08,68.50,3.25
0ec20feeac30045e916578f17c2085e2,2,d40ab3a40d37ebabeaf061efefb4a40d,fb3cfbc8a86f5d7fbb4d36b8df63f60d,2018-08-20 13:30:08,68.50,3.25
0ec20feeac30045e916578f17c2085e2,3,e5897f494af72d083f3899808f341659,fb3cfbc8a86f5d7fbb4d36b8df63f60d,2018-08-20 13:30:08,68.50,9.75
0ec20feeac30045e916578f17c2085e2,4,e5897f494af72d083f3899808f341659,fb3cfbc8a86f5d7fbb4d36b8df63f60d,2018-08-20 13:30:08,68.50,9.75
0ec20feeac30045e916578f17c2085e2,5,e5897f494af72d083f3899808f341659,fb3cfbc8a86f5d7fbb4d36b8df63f60d,2018-08-20 13:30:08,68.50,9.75
0ec20feeac30045e916578f17c2085e2,6,4ed8030b452688a37d26044e966eff12,fb3cfbc8a86f5d7fbb4d36b8df63f60d,2018-08-20 13:30:08,68.50,3.25
0ec73995908cf00519d1da725119d114,1,cf69d780077ed6cd5369b53aa63cd0d3,5882820ef11c4c068eea0677a7a879b4,2018-03-25 22:30:43,790.00,52.80
0eccc15fe0cf8638062ecf10382350f1,1,2776dfdf555739816e6987a1f00e9224,8f2ce03f928b567e3d56181ae20ae952,2018-06-08 03:30:43,149.90,27.49
0ed85071f4330f23eb0a71d4c26ded6a,1,a7ae89769bab33a607946e0fb4a9c7c9,edd066cd02126d7800f9b66e980e9931,2018-06-19 07:53:27,99.00,14.56
0ed9d4d7e66c6fdb514053430cfde54a,1,2028bf1b01cafb2d2b1901fca4083222,cc419e0650a3c5ba77189a1882b7556a,2018-04-06 02:47:35,49.99,18.23
0ee83875134e649fc7cc3b867c337bee,1,c915ddfdd3e9d773e0939691e85f1d38,6d803cb79cc31c41c4c789a75933b3c7,2018-03-16 03:35:39,59.90,19.39
0ef716d86b77c7bf750b25ef9249d193,1,13600956946060355717f613fc076a67,cda598c48d7c614bc1cad7d8ff6f0010,2018-08-06 13:25:13,79.90,19.75
0efa0c45020bf70a48af010afcf0a3cc,1,bb97ffd9ad088f593995b5b26dc9c24e,70a12e78e608ac31179aea7f8422044b,2018-03-06 00:31:13,550.00,13.26
0f1297fc73dfe8ec236409616c39eba7,1,43b069f855679eb3d3589e55dcfe968e,79ebd9a61bac3eaf882805ed4ecfa12a,2018-02-07 02:55:56,14.90,12.48
0f14db1abb2772e95d78a72c30d69678,1,812f428f6757ab16c46cffc68f2e90c5,eed78ac17f7f795a19a709745f00cd4e,2018-04-19 10:11:04,59.80,12.74
0f14db1abb2772e95d78a72c30d69678,2,812f428f6757ab16c46cffc68f2e90c5,eed78ac17f7f795a19a709745f00cd4e,2018-04-19 10:11:04,59.80,12.74
0f14db1abb2772e95d78a72c30d69678,3,cc3e0004237b0c02f8fd95f943e1cebf,157c3e4b42f81ac4a44e8b1ca2fe9876,2018-04-19 10:11:04,6.50,25.48
0f14db1abb2772e95d78a72c30d69678,4,cc3e0004237b0c02f8fd95f943e1cebf,157c3e4b42f81ac4a44e8b1ca2fe9876,2018-04-19 10:11:04,6.50,25.48
0f1dea9ac2c2be3ef6885442dab7ef0e,1,f48eb5c2fde13ca63664f0bb05f55346,f7ba60f8c3f99e7ee4042fdef03b70c4,2018-02-22 12:30:26,60.00,14.17
0f2bbeda958833e5a67ceb4368f282fe,1,bcf8ab16f538b2f7bd63ebf67faef909,d93844a9c55ba7ce353388bcf849ea56,2018-05-04 10:09:28,399.80,36.34
0f2f8cfaa707ef6df9c6363b3d70ed23,1,9d0bb30eed80184666c8acad23921283,1bb2bdb95f4841f1bba2c0d2cd83d3c9,2018-02-08 22:09:54,19.95,8.72
0f3a5047f59b6a2df32f4471eedb41c5,1,1ca99da10c4b800de39096631ed2e773,fdaaf5bfda82b7b80535610c831b8d09,2017-11-08 12:30:22,379.90,15.56
0f463923e58ae2578bc70e3083b98e93,1,eba7488e1c67729f045ab43fac426f2e,620c87c171fb2a6dd6e8bb4dec959fc6,2017-03-28 11:05:06,198.90,18.82
0f4ac89389a25eb2b1d923e4ed43c0a6,1,10070e29929f7c7d609ee3201f236b8e,8a130737016f838139d31878787a39c9,2018-07-06 12:30:44,95.20,20.62
0f4ace47be2863cb7e7e547f32afbe2a,1,b98546b83abd474d9517e36a1eddbc22,bba74270a87732727b5a3b4fd9ac1c39,2017-12-12 09:22:02,36.99,15.11
0f4e0cf683934cf2cc6b45a24b386a14,1,907539b8216ca1250e5e974b4047699d,6560211a19b47992c3666cc44a7e94c0,2018-05-25 14:14:27,55.00,17.97
0f503b220e9d1fd78562e41a427a0c6a,1,0e621085968d9a9585ed3c2c204825e2,94144541854e298c2d976cb893b81343,2017-09-14 12:25:21,459.90,20.50
0f57f8c8546ce0d3837910801250d944,1,9b9d1c4bd979b93c138044e032f99780,7a67c85e85bb2ce8582c35f2203ad736,2017-08-23 21:10:18,99.99,11.90
0f62234641212cb7b178923f7820d1e1,1,73f1f4a973ffb99bb0157e38ab33f989,b839e41795b7f3ad94cc2014a52f6796,2018-06-20 12:18:35,450.00,20.95
0f740a04b4f5fce0611344905b62332c,1,06edb72f1e0c64b14c5b79353f7abea3,391fc6631aebcf3004804e51b40bcf1e,2017-12-11 19:57:37,39.99,11.85
0fa97c6a14424f633800d5cb622a6bb4,1,a91c1a94d83d36316c44e00e738607b1,634964b17796e64304cadf1ad3050fb7,2018-05-04 13:31:08,90.00,19.32
0fb130991a0a1c824371ba3df52881f3,1,31a2f42a87890f87d77daebdfabc182e,4c03b9dd4c11ee2cb35c96c49efc9420,2017-05-18 14:45:15,129.90,13.25
0fd408210166f23fe823070a2f690048,1,9f7fa43dfe21e43d37d65a6f2369c6ed,7ea5bfa6c340f58f8e71fc1f0412b0d6,2018-03-09 18:30:46,29.99,15.23
0fd408210166f23fe823070a2f690048,2,9f7fa43dfe21e43d37d65a6f2369c6ed,7ea5bfa6c340f58f8e71fc1f0412b0d6,2018-03-09 18:30:46,29.99,15.23
0fd408210166f23fe823070a2f690048,3,9f7fa43dfe21e43d37d65a6f2369c6ed,7ea5bfa6c340f58f8e71fc1f0412b0d6,2018-03-09 18:30:46,29.99,15.23
0fdcadc1ea2d7ca9f59b5085aad894ad,1,54d9ac713e253fa1fae9c8003b011c2a,955fee9216a65b617aa5c0531780ce60,2018-01-22 18:51:09,29.50,15.98
0ff4f1ed797bbfac9a16714dfa5162aa,1,9ef8eabf54b45bc606e85fcb4d97e968,c3cfdc648177fdbbbb35635a37472c53,2018-03-08 12:55:37,329.90,24.18
0ffc72fbf456655a67de48c1bd094594,1,1b28df0b54809d40f2bd2f2218c601a2,e9779976487b77c6d4ac45f75ec7afe9,2018-01-03 21:14:24,60.00,12.76
0ffdb6473bc02f6e0b767083d21457d0,1,d1c427060a0f73f6b889a5c7c61f2ac4,a1043bafd471dff536d0c462352beb48,2017-10-16 16:15:26,149.99,23.85
100e8cf23e7518027376ac07ca0ec96b,1,aca2eb7d00ea1a7b8ebd4e68314663af,955fee9216a65b617aa5c0531780ce60,2018-03-02 02:50:46,69.90,16.12
102b790156f60813474ed025355a59d5,1,35488a9242f4aa7f9f5c3580f1243512,2493dc3f20131696a0ecdb9948051a8d,2017-01-30 15:37:38,81.80,14.74
105a17b015064cf48113e9593c2ad700,1,d5b0a56754200d402145e8527baed7d1,ffdd9f82b9a447f6f8d4b91554cc7dd3,2017-12-01 15:26:27,99.00,16.94
1069874467b6a425853288c450f68fc9,1,d0b92134fa97a1ead038775a821847ea,8a32e327fe2c1b3511609d81aaf9f042,2016-10-11 23:13:46,29.99,10.96
106d8484bb6bb4ff239daff27fc4feb6,1,35ebf08a93899d44e756809e11b14754,128639473a139ac0f3e5f5ade55873a5,2017-06-18 23:10:20,12.90,15.10
106dccd8cf01a9d15921ba6b3028a09d,1,4af81c9413dcb40e03e2a1bc15a6448b,525e75a6fb1454a2325ab1734bcec221,2017-10-06 13:04:35,49.90,7.78
106ff3ba3e84e22713bf2a10c582fd94,1,a04087ab6a96ffa041f8a2701a72b616,53243585a1d6dc2643021fd1853d8905,2018-04-12 01:35:20,790.00,37.32
108e1d5b7a25ff07b49e500b1c7ae4b0,1,cb6c1c21ebc9c153a7baf319c515657a,85d9eb9ddc5d00ca9336a2219c97bb13,2017-06-13 11:10:13,31.90,34.15
1097d35f1e7f8972fb78c8a135090ca8,1,422879e10f46682990de24d770e7f83d,1f50f920176fa81dab994f9023523100,2017-09-12 04:35:58,59.90,21.20
1097d35f1e7f8972fb78c8a135090ca8,2,389d119b48cf3043d311335e499d9c6b,1f50f920176fa81dab994f9023523100,2017-09-12 04:35:58,59.90,10.60
1097d35f1e7f8972fb78c8a135090ca8,3,422879e10f46682990de24d770e7f83d,1f50f920176fa81dab994f9023523100,2017-09-12 04:35:58,59.90,21.20
10a44d7bc8f54ea814e6020e0f3e5fbe,1,53759a2ecddad2bb87a079a1f1519f73,1f50f920176fa81dab994f9023523100,2018-07-26 19:45:16,49.90,41.33
10b5d5c95177be116333e9a65a6fdea4,1,b0c8da302d49498d2ce6be8c631e4e20,0b90b6df587eb83608a64ea8b390cf07,2018-03-14 11:10:54,70.00,15.24
10baace34a8f00b9b8a872d49d897fc9,1,431dc11c26a67c6a49e81cee84f35b28,66e0557ecc2b4dbea057e93f215f68d8,2017-08-25 11:35:13,454.00,25.50
10c12ecab799c32c29b4df3a203ecaa8,1,eb7172d8a3c64298d2d767f6603c231e,725c32fa80c2faacc4fc88450d27314e,2017-02-12 08:34:04,44.95,14.52
10c651c81fd0bec26524dab0e94090a5,1,6e59a5107a6102148b438cb33d5a2529,6cd68b3ed6d59aaa9fece558ad360c0a,2017-05-31 01:25:25,109.90,16.21
10cd85520165aa0f64d484b8f9bf60c4,1,48f9072e368f7d7a924a4290c84121a5,d650b663c3b5f6fb392b6326366efa9a,2018-05-04 17:31:35,189.00,8.19
10d1e90a86d2be981a52b6a927c97dc5,1,d38b73f9519632415b56acb83abc77fa,575df70bde3f9f2b30bf8d2e9910d725,2016-10-11 10:11:31,199.90,33.70
10d1e90a86d2be981a52b6a927c97dc5,2,d38b73f9519632415b56acb83abc77fa,575df70bde3f9f2b30bf8d2e9910d725,2016-10-11 10:11:31,199.90,33.70
10fdf269eed6d4c024dc5eeb5c7f6c37,1,743c14ed5f01c78944d28320cb2cb8e2,da6a60cc8cc724fe51be021ff8be779c,2018-08-06 18:04:35,55.90,19.58
1103c4be46dcfaefc2a3b79d3ef6c866,1,4b7ddf18ef3c5205f6ec288dffcd7c55,c0563dd588b775f2e37747ef6ad6c92c,2018-08-24 06:09:57,139.90,19.08
110e1980401cf18f27590b4023ff5e32,1,43e09fcb6175856e87a4d9b91321addb,9d4db00d65d7760644ac0c14edb5fd86,2018-06-08 18:12:51,226.99,19.50
112e22ce5f700d2155befd89a15b4a5b,1,02ca198b1084a6d8ed9e152d84243bfb,062c325cd6a2b87845fab56b4ec2eeae,2018-05-11 18:10:52,37.88,8.88
11302d4542ca6da5b505416f9e04f0a8,1,9fb7b543084835bfe56b0094501dee9d,3078096983cf766a32a06257648502d1,2017-11-30 20:53:40,39.99,17.60
113cda086060a05db0ef4fef6c8fe1d8,1,ac23312b29784c30304f2ec719891690,066a6914e1ebf3ea95a216c73a986b91,2017-04-19 14:02:29,119.99,32.44
114483c2698c3681197da8cbb87204b8,1,53b36df67ebb7c41585e8d54d6772e08,7d13fca15225358621be4086e1eb0964,2018-04-04 14:15:18,115.00,18.69
114c9407eb2b873d07c1b3bf91e35a9c,1,08d76e49b8206d0cfb7456fe3aa7d3b4,a3a38f4affed601eb87a97788c949667,2017-09-18 14:50:27,109.00,36.08
11609008a7e4bb0256bcfd643ebc6a7f,1,aa5d6a9bd4be367ae1a3a29c323c7c11,e9779976487b77c6d4ac45f75ec7afe9,2017-11-17 00:06:34,130.00,15.66
11609008a7e4bb0256bcfd643ebc6a7f,2,aa5d6a9bd4be367ae1a3a29c323c7c11,e9779976487b77c6d4ac45f75ec7afe9,2017-11-17 00:06:34,130.00,15.66
117c08edcd4cf5c43118fefa4e0dab79,1,e59dd207c69d86e890febadc796d1078,e9bc59e7b60fc3063eb2290deda4cced,2018-08-17 10:45:38,125.00,14.22
1184c1bbcfb488132ee2bca2c07cd743,1,7564c1759c04fc0a38f2aa84f7a370ee,6860153b69cc696d5dcfe1cdaaafcf62,2018-08-20 11:45:09,45.97,13.90
118b09c1cf1b29c8401cb7833d29c10a,1,e8ac111f2d0b0e9a43d2980d387d0e7c,6d22a1fcebb6dd08c9cd90b92a93e8d0,2018-01-16 10:08:27,196.90,26.22
119d2d80c921d5b4806a1b19b4e8c531,1,a07f07c939807b4c970452eb30a130e6,7dc8c42cc750eeafea6c85712ffee9bf,2016-10-11 19:29:13,249.00,16.95
11a6156f787eb963fb211db50db44d99,1,0433830caca22b01a0f477d31307b043,ba90964cff9b9e0e6f32b23b82465f7b,2018-05-17 20:57:13,1799.00,44.85
11a712e608d2c5d35b89246489db966d,1,bb7181410b4e02f93f3697f765db53c7,855668e0971d4dfd7bef1b6a4133b41b,2018-01-19 02:09:55,129.99,57.58
11a9088002b4fdb9c21827b2b585dcf7,1,6e9e036c6017814b391e3059fdc9d315,edb1ef5e36e0c8cd84eb3c9b003e486d,2018-05-17 09:31:06,669.65,23.03
11a9088002b4fdb9c21827b2b585dcf7,2,a9b36aaa68ebd315701524c822800f29,1ce3ae5a399804d1a87e706f8a813c3e,2018-05-17 09:31:06,79.90,23.03
11ac4935b48d92b0e8d9b2176da04d80,1,fa7be99321f2dbb1e518d2139ccb1d39,54a1852d1b8f10312c55e906355666ee,2018-03-28 21:47:29,59.99,8.88
11afac295480894b1dcdf9cf95815731,1,ec65faa314338306f45b04be616eed53,83e197e95a1bbabc8c75e883ed016c47,2017-02-13 09:18:46,109.90,13.35
11b4e9ae5ca811613824353594fa6044,1,c07d367dd7b78b0558e7a3e1e1a975c8,4a3ca9315b744ce9f8e9374361493884,2017-09-05 22:04:40,422.00,18.71
11b92cb31ef70accdf3705f879a0a891,1,e70bc14a36a0d1a0394cc724be815a1b,e9779976487b77c6d4ac45f75ec7afe9,2018-01-10 17:13:30,39.49,8.27
11bc6fba055abbdc961925690db38135,1,99008b78e9206243c95a95cf02a71905,40d54b51e962dbe09cabbcfd33298dee,2018-04-20 02:15:08,269.90,12.51
11dd41a0dbb00ead97fe3c687ce9857e,1,e4d325bd1eea550509bdbbc5c3301fc1,7178f9f4dd81dcef02f62acdf8151e01,2017-10-03 08:03:57,349.90,18.21
11ea58a620fd9de597a9f914ee52d9c9,1,be15b247cf0071eb495d6aa6d35e6e22,080102cd0a76b09e0dcf55fcacc60e05,2018-06-12 13:11:38,77.00,23.04
11f61eaa0c763460148326fd83749fd0,1,069a004edf898d16c9331bafd6ac7f46,7722b1df1b0e383e000397b2c11e3e19,2018-06-12 11:30:41,60.00,8.88
11f97a9967bb081adb9883460c71e845,1,b0364648b1c062169015d9234d97d306,28d162ab86bb49d719c32f0ee6186eaa,2017-09-25 10:35:27,109.99,17.21
11fd51275a43d1590816139eaca0bf94,1,1f5f0f003ce8595ad88fb215ec1409e6,8d956fec2e4337affcb520f56fd8cbfd,2018-02-22 06:47:01,97.99,17.94
1219c95f809e6f43a8a0f552664bdab6,1,f264c1d9b20b5e4a340254d0405e613b,7a67c85e85bb2ce8582c35f2203ad736,2017-12-07 04:39:23,72.99,11.73
1221112b1c9563dc03d5a32b6078a962,1,953439fbf9090e2362532905d89b991f,7040e82f899a04d1b434b795a43b4617,2018-08-15 09:10:16,169.90,19.36
122a6d89b8a3ee8fe039b6990c1dc226,1,2a15783d3cb601f8d9a6a86806b037b3,855668e0971d4dfd7bef1b6a4133b41b,2017-11-13 04:26:20,60.00,34.22
1239c47cd51a11ce6c5b16e84517626f,1,f908df99196805b5bc4ada9ef510b11b,8f2ce03f928b567e3d56181ae20ae952,2018-05-22 02:35:11,209.90,13.37
1239e8b4884c746e8d1ea651d4ff74f1,1,4a69baa66a13d1adeb41cfe3bc0c27be,bbad7e518d7af88a0897397ffdca1979,2017-12-04 14:30:55,99.90,15.46
123f71cca05589d95c28c582ccb1d864,1,2501eb540473502ef149a3a848b2f8f0,a4b6b9b992b46e9ef863637af96e04bc,2017-07-06 13:32:40,129.00,16.66
128e2bcc764e1cf5e4952af2267acef2,1,363218ba55c610b750224f90bdd34be1,33a6f4b1e7cdc205511e76ba1b6e0186,2018-08-16 05:44:08,74.99,11.55
12958a97a4e26a4e7dd8bce7de8955b9,1,7dfaf5d5673b7663f59e93262a2e393b,2138ccb85b11a4ec1e37afbd1c8eda1f,2018-01-18 13:32:29,39.99,14.10
129832042bc2898155b5ebf3b2058585,1,0152f69b6cf919bcdaf117aa8c43e5a2,d2374cbcbb3ca4ab1086534108cc3ab7,2018-08-22 10:25:17,17.90,12.79
129832042bc2898155b5ebf3b2058585,2,cce679660c66e6fbd5c8091dfd29e9cd,d2374cbcbb3ca4ab1086534108cc3ab7,2018-08-22 10:25:17,17.90,12.79
12a545f53715575246beec2da90d6de4,1,8681797ff43c49b49ee1690deee3f95f,e067ad2c1c0b48758eb1b5228bcf7a68,2017-12-28 17:55:22,56.00,15.14
12b66545947857f58986d526e908c0a0,1,cc971e0365873137b8bef2ebad633e6f,7a67c85e85bb2ce8582c35f2203ad736,2018-02-27 03:31:32,239.99,14.23
12bab4379a646f08ae89ed0561f5481e,1,4a300735bc293723103db0d0c1bc1585,6f892e20a171e98efe17fdb971ff319b,2017-10-30 02:49:34,70.90,14.25
12bd377dd79de8d6c43f67d1a0358743,1,ec3a3abf1c577856f4dafa59c126dccd,79ebd9a61bac3eaf882805ed4ecfa12a,2018-08-07 16:45:17,129.90,40.10
12c52aeb1dba3fcbef2e36accacca1e4,1,616042729c11849827291496b18e9ec5,6b243f80ed07b10f0e8aa0f21a205f3c,2018-02-19 14:30:25,54.90,14.13
12cebf41d5735b3a901bc60d2a26566e,1,50fd2b788dc166edd20512370dac54df,8b321bb669392f5163d04c59e235e066,2018-05-17 12:57:14,21.90,15.23
12dc316f04369335263005a3f304d101,1,edfad7f99606f1d6beb6de0cf0ce60fa,85d9eb9ddc5d00ca9336a2219c97bb13,2018-08-13 20:15:21,38.90,18.37
12e8c054bdee17bfc0fd3d92d8cbda10,1,a8fe47ad6f852f93cc92c7b408687de3,aaed1309374718fdd995ee4c58c9dfcd,2017-10-20 01:35:10,72.90,16.27
12fb02386ecbcdda77e5e882d0c9dd95,1,cd594cc360d11f5d9cb49954a618d9bd,70eea00b476a314817cefde4aad4f89a,2018-04-16 03:35:27,520.00,47.22
12fcd7e7ba3b8dbe376fe73f27aa0a94,1,ba9943916136c9959e24f71bdae28faa,8c16d1f32a54d92897cc437244442e1b,2018-04-05 09:15:15,59.49,22.13
12fd4ba303cb9951f45b3ce9b6ba764b,1,7c24503a64637f3ab756ed1b44826747,0432ead42b6c8a0bdf68154add917fdf,2018-03-22 21:30:28,35.90,22.85
131497483f8457541cf92c467b847c39,1,7f9fb61955b696d843259a8cbdb2261d,70a12e78e608ac31179aea7f8422044b,2017-11-09 22:10:50,88.00,15.37
1326c2f23bda822e4ffdd5764e04311e,1,ef92defde845ab8450f9d70c526ef70f,6426d21aca402a131fc0a5d0960a3c90,2017-06-14 18:20:20,21.90,12.69
132947cc0a6620350693052f3548070f,1,e5e4c79bce72fc7476860916c1a9dd18,e5f9e61ceb5f523cc966e0f34095032f,2018-03-07 02:49:14,449.00,26.01
1336838d0eba0be4e38d6f917665d23e,1,b6475dae3a2796ed87cabc7b8e8debcf,eb5b6204dde3a6e03b5f1bb8479f055b,2018-02-26 07:11:13,19.90,7.78
133757e6140cdaff98c4f396772497e3,1,5ac4f7986643a944501c66a2257bdd73,3df020b72d3d44b3af9d110fa3940b65,2017-11-30 13:11:50,49.90,12.69
135118d8d6f93cb3d6839435e5b6658a,1,7151659c0516da0bb3d9f27312efb652,b56906f7fd1696e043f1bcce164c487b,2018-01-10 09:03:42,37.50,17.60
13651aa318d6af9df5257a5dfdc20f3c,1,f30bede207296a97f28cebe71037e67a,5cbbd5a299cab112b7bf23862255e43e,2017-12-11 14:10:43,33.33,27.20
1370fae9b19ee5e01a2d609eb18b7c8a,1,a50acd33ba7a8da8e9db65094fa990a4,8581055ce74af1daba164fdbd55a40de,2017-11-21 13:55:31,117.30,28.20
1373f8a3742861c26892cc2aab7c41e1,1,6adab229374835b551f6402e0dc53267,f8db351d8c4c4c22c6835c19a46f01b0,2018-05-25 14:54:47,49.90,15.36
13832510afc6f94103aec19663dd52cf,1,5a848e4ab52fd5445cdc07aab1c40e48,c826c40d7b19f62a09e2d7c5e7295ee2,2018-02-02 16:53:21,122.99,15.61
1384f5f2f4532f5b9fa0f6cadafc93cf,1,1937b3e587fc766c8d1cef0c11c6aa53,670c26e0f1bf8d0576271d5cfaec6d2b,2018-08-03 10:31:38,49.90,22.28
13ba5c26aeaa1d857d413ac4b93f0924,1,f83c9874b5b5044ea58fef1be68c1ea8,2e90cb1677d35cfe24eef47d441b7c87,2018-04-19 11:30:27,139.40,83.68
13bd28c9fb3f72368af23530f1231cb2,1,d5140e1d258c83a340419c6522c7da22,1554a68530182680ad5c8b042c3ab563,2018-06-21 13:13:41,75.90,15.60
13bd28c9fb3f72368af23530f1231cb2,2,d5140e1d258c83a340419c6522c7da22,1554a68530182680ad5c8b042c3ab563,2018-06-21 13:13:41,75.90,15.60
13bdf405f961a6deec817d817f5c6624,1,96ea060e41bdecc64e2de00b97068975,7a241947449cc45dbfda4f9d0798d9d0,2020-02-05 03:30:51,69.99,14.66
140c901be097e36e0ee9e2249e97dfdd,1,a35a9f46dcee0a67c8c7ad8493eb4135,85d9eb9ddc5d00ca9336a2219c97bb13,2018-06-07 13:13:21,25.52,13.47
14276b4f803d028dd9b569f6c22a27ca,1,ce5a07feea47b22089fc735f70ae4931,0d83f8e03188682112cc0d93523705cc,2017-11-21 02:35:48,89.98,14.38
14276b4f803d028dd9b569f6c22a27ca,2,ce5a07feea47b22089fc735f70ae4931,0d83f8e03188682112cc0d93523705cc,2017-11-21 02:35:48,89.98,14.38
1446ae966d68c3abad1ca3a3ce58033e,1,8ed094bfe076c568f6bb10feada3f75d,7c67e1448b00f6e969d365cea6b010ab,2018-05-14 15:51:30,175.90,58.14
1446ae966d68c3abad1ca3a3ce58033e,2,8ed094bfe076c568f6bb10feada3f75d,7c67e1448b00f6e969d365cea6b010ab,2018-05-14 15:51:30,175.90,58.14
1446ae966d68c3abad1ca3a3ce58033e,3,8ed094bfe076c568f6bb10feada3f75d,7c67e1448b00f6e969d365cea6b010ab,2018-05-14 15:51:30,175.90,58.14
1446ae966d68c3abad1ca3a3ce58033e,4,8ed094bfe076c568f6bb10feada3f75d,7c67e1448b00f6e969d365cea6b010ab,2018-05-14 15:51:30,175.90,58.14
1446ae966d68c3abad1ca3a3ce58033e,5,8ed094bfe076c568f6bb10feada3f75d,7c67e1448b00f6e969d365cea6b010ab,2018-05-14 15:51:30,175.90,58.14
1446ae966d68c3abad1ca3a3ce58033e,6,8ed094bfe076c568f6bb10feada3f75d,7c67e1448b00f6e969d365cea6b010ab,2018-05-14 15:51:30,175.90,58.14
145737447654951f4cf49cae1faf921a,1,503a2b62d0d1faa8d1950c483231aeaa,d91fb3b7d041e83b64a00a3edfb37e4f,2018-02-20 17:25:32,25.90,15.10
145e208aa1770c67fd155eb6b4084372,1,492bcf01a7a40c8fe5c720574dc786b3,ea566164622c6b439516ab18062c42cd,2018-07-19 00:45:35,219.00,10.28
146bde81f92815f59ed9c7d44d8335cd,1,437c05a395e9e47f9762e677a7068ce7,bf84056e679dbe9c69929847a40e338f,2018-04-23 12:30:17,53.69,15.26
146f79f564602aa6bf9ecbd760651c7f,1,d65fd7eff38689490b9831828dac8866,2138ccb85b11a4ec1e37afbd1c8eda1f,2017-05-02 15:50:21,34.90,14.52
147074da5c33b8ae783b73d181b9f141,1,d0fec025748a38a25d8f8adc72e874de,32fdd5d44ecb43dfd6a24b9369eca144,2017-04-27 16:41:28,59.90,17.26
14b0bbcd9df43c7c4f332b485e84faaa,1,82e4ad16521ca131d95e198d507db370,128639473a139ac0f3e5f5ade55873a5,2017-12-14 20:14:31,18.90,12.48
14b3ab242ab978f908ac651dcae21b8f,1,50fd2b788dc166edd20512370dac54df,8b321bb669392f5163d04c59e235e066,2018-01-08 10:31:30,21.90,14.10
14bbe584b52d7f29efcd5d8b5553af3b,1,d06466afa11453b6450b70992c90ece7,db2956745b3a8e9f3785c99f34b5d25e,2018-07-31 05:05:10,209.00,20.65
14cb3b3caf8abdd2361971932a664cf5,1,c92f0e7b9d49a9543558d6532772441b,5dceca129747e92ff8ef7a997dc4f8ca,2017-11-09 13:55:23,147.90,78.06
14d45fea1c20e4fd5c31dde983344115,1,937d4dbe97dc4cda39683025976f91ae,8a32e327fe2c1b3511609d81aaf9f042,2017-04-27 15:50:12,29.99,10.96
14dc76b28665ce468e6f5ce4fd661127,1,381169576b9f3c083a1c3261da161a3b,8c16d1f32a54d92897cc437244442e1b,2017-12-14 15:10:17,46.86,23.22
14def5e6b6021ae117c181c039258033,1,bd8c0934082247e8c53c9b8fe35a4dad,c60b801f2d52c7f7f91de00870882a75,2018-08-06 01:35:12,172.00,8.46
14e1335948fa1aacabaedacaf51d545c,1,30715b45872148dd5322eb2989228a43,4a3ca9315b744ce9f8e9374361493884,2017-10-05 14:24:40,61.80,16.19
14f70953c10e4a130a66e0fb1f039c67,1,fe75529a267b76ac6e96f0c322a899a4,620c87c171fb2a6dd6e8bb4dec959fc6,2018-06-15 16:21:13,119.90,18.72
151c27c128aed0a8f60f8ed31c5d62f2,1,115e606ac8059e4cfa1c6c3310fb365c,1838dd9b8977065acf51d95e0053ea7a,2018-03-07 11:14:35,39.90,16.11
152575943eb3ac19455e0e1a13e3d1cb,1,1afba77281863ff27193802145134d47,213b25e6f54661939f11710a6fddb871,2018-08-22 18:30:16,119.85,23.64
1528738cc47c58535712cd56c0f4ad9b,1,99a4788cb24856965c36a24e339b6058,4a3ca9315b744ce9f8e9374361493884,2017-11-30 05:15:26,89.90,16.26
152c2472d13abe1c989b66d0a8c2dac9,1,44907e5763ed2255fff21e4fb12a635a,b45d7ebfb7378630f1bcd74b6ff86ff7,2017-11-20 15:14:09,59.90,18.96
1535ffdb181e70ff560cfced342c4f40,1,d249623077b8906276b8d77ced95f8c4,6560211a19b47992c3666cc44a7e94c0,2017-03-20 17:50:37,49.00,14.52
153b30f1bd286fb374792b9121ba0218,1,f2399cabe080029634d12cec4f60dbf0,b8555308bfdb4ca1ed54325a58da9a97,2018-03-22 16:31:38,94.90,26.74
154296963babe7e6f491818cb07b17ba,1,f3c5707e7c539ab6533e3611da02b648,d1c281d3ae149232351cd8c8cc885f0d,2018-03-29 02:15:25,144.99,31.66
154f07e395b8990c8aa5a60b0f38fc3e,1,70d01ae15a5d5ee38388b90c0470d9b0,a3a38f4affed601eb87a97788c949667,2017-06-06 06:55:24,89.99,27.17
15564b81a39383f08dc90fa1fac055bf,1,58727e154e8e85d84052cd22b0136c84,c3cfdc648177fdbbbb35635a37472c53,2018-04-05 14:35:12,179.99,16.11
155ff86a37e4becb60f238b3ee90775b,1,3846c262ddb08db0ea2cc1a1685590ff,7bcd7c5f8631701474db233ccf1c094b,2017-06-15 19:22:20,35.00,7.78
1560a63a0c01388598eac8e14a503f2d,1,f42b6d7b1de09b0216895a6dd9621c79,800214c63934acd05d47e84214db8ba8,2017-04-06 13:05:18,59.90,19.12
159844b19db2d2dc59a55ee69a971226,1,7a10781637204d8d10485c71a6108a2e,4869f7a5dfa277a7dca6462dcf3b52b2,2017-12-19 11:38:30,219.90,14.56
15b1aceab346b46189a6eea3b6f4b951,1,4da918a160c19da9bfdf9945d18006ec,45213867cefbf2cd4c6177e10216a951,2017-01-31 18:16:50,339.74,18.00
15bc19aabe8d08cb8e00f86c31f85682,1,6a1c65dbbecc1ece8c22856122a774ac,1025f0e2d44d7041d6cf58b6550e0bfa,2018-03-14 10:28:40,250.00,37.61
15be0c9cf56bcf3cfe7c453ca50f7c38,1,84b5585dfc98bbd06e91c408c91bf226,bd697db56ff8e7c9cd1abeb7f72029b2,2018-06-27 04:36:14,99.99,18.80
15c1a0aa2e32bd15bfe9302af6280f97,1,133f594a246e5c52489304a4b5a39830,039b29ff3b3473435d0cd59040575de9,2018-05-10 21:30:33,8.90,15.23
15c31c519540921d720cca6129389633,1,b3f477c2a1fa5dd064834826a5829be2,1025f0e2d44d7041d6cf58b6550e0bfa,2018-08-03 19:27:20,25.90,8.93
15c31c519540921d720cca6129389633,2,b3f477c2a1fa5dd064834826a5829be2,1025f0e2d44d7041d6cf58b6550e0bfa,2018-08-03 19:27:20,25.90,8.93
15c31c519540921d720cca6129389633,3,b3f477c2a1fa5dd064834826a5829be2,1025f0e2d44d7041d6cf58b6550e0bfa,2018-08-03 19:27:20,25.90,8.93
15c31c519540921d720cca6129389633,4,b3f477c2a1fa5dd064834826a5829be2,1025f0e2d44d7041d6cf58b6550e0bfa,2018-08-03 19:27:20,25.90,8.93
15e59b8fd2802ac2c5e6d7571775b661,1,82e58c3610465c0741a584561e7199f3,1bb3812d5f0747a3ab7348f199001a10,2018-01-16 10:06:27,62.90,28.84
15e6974ce19cb7d0b8483c30c071dbb5,1,6c321ed0f47858a8650f4104771224b5,6560211a19b47992c3666cc44a7e94c0,2017-12-04 15:18:39,49.00,14.10
15f67529b3d91fd3da058270c9a68855,1,e2b02dadb01104e3f9f588311b3f2612,3bb548e3cb7f70f28e3f11ee9dce0e59,2017-08-23 21:45:11,109.90,12.90
15f8a954a337218a8196bae2dc3d801d,1,5c221d7a454aa9da974e1685157d8216,0df3984f9dfb3d49ac6366acbd3bbb85,2017-06-07 20:23:10,132.90,14.68
1601df22ba2f78168443e6f729e74868,1,eaa26a34984cbfedc19b1e45f09f3c9a,18a349e75d307f4b4cc646a691ed4216,2017-08-30 18:50:19,86.80,7.86
16039d1d033653b9caeed8198b3142da,1,0c79aab7a6a2449f932887fb3c8d0127,70b52a4cfc823994561b00bad161b4ed,2018-04-04 16:54:56,58.50,12.85
162475e808583e34c8306484480badb8,1,1dec4c88c685d5a07bf01dcb0f8bf9f8,712e6ed8aa4aa1fa65dab41fed5737e4,2018-05-09 16:35:23,569.00,103.37
16288edc7382ecd4230909d0907fb939,1,78018501054dd80dc909eee2f22ddbd4,7a67c85e85bb2ce8582c35f2203ad736,2018-03-07 11:29:15,139.99,17.23
162e915bc5d7c6b2de7eca743a65b033,1,455819d0d2ccab9c6041aa8de3ae6b16,f18112da765e0971ca5d510dec322bdd,2018-01-07 22:26:56,158.90,58.90
162f8986e2cc7a5fca25fd4be685b98d,1,f32415d23c358ef1e387a7d329d9ce9f,3586b8580d9c917874e053a1bb37b5ff,2018-07-25 14:22:57,36.90,50.98
16378369550d1c3b2b2d3c817db399c9,1,5f7403b0168eeb77bd69d462d1150222,dbb9b48c841a0e39e21f98e1a6b2ec3e,2017-06-01 02:42:43,199.99,8.65
1639cec93b4df0f2fec8601299c7f4c8,1,96ed3b4b62790bd962aac0b317109be4,cac4c8e7b1ca6252d8f20b2fc1a2e4af,2017-12-07 20:56:22,34.99,17.60
1639cec93b4df0f2fec8601299c7f4c8,2,96ed3b4b62790bd962aac0b317109be4,cac4c8e7b1ca6252d8f20b2fc1a2e4af,2017-12-07 20:56:22,34.99,17.60
1648b503676883c70854279700e3cfc3,1,437c05a395e9e47f9762e677a7068ce7,bf84056e679dbe9c69929847a40e338f,2018-05-04 02:51:43,52.98,12.81
164e1bd75353e367ce8141ccd61d1ff5,1,e2f1ccf86759df28dd1e9f2e0e3242d4,df0f42bc4c2142eacf0eaf2cffd0cfbb,2018-02-21 14:15:37,104.00,26.01
16656bc6faba3fd5740dd2305e5a9a94,1,be837f2e0152a208d4386f4126d5bd7c,f8db351d8c4c4c22c6835c19a46f01b0,2017-07-20 03:34:09,32.90,17.60
16693a75a341d20873b58f312464e250,1,3a7d90845985f39048815a6939c56be4,e9779976487b77c6d4ac45f75ec7afe9,2018-08-07 22:25:12,36.49,8.00
166a835dcb0ffdb5d917db2a93358502,1,1c5b28beb34835f960261f45ba22a136,0c7533c71df861ec58ad7ff999ed0e8d,2017-07-17 23:25:18,69.90,9.45
166a835dcb0ffdb5d917db2a93358502,2,4299cf45bc9aa8ef5bd9337035c286e5,0c7533c71df861ec58ad7ff999ed0e8d,2017-07-17 23:25:18,42.90,18.89
1671068b64a9cdbffb5bdba38a07382f,1,2b4609f8948be18874494203496bc318,cc419e0650a3c5ba77189a1882b7556a,2017-07-25 22:30:21,89.99,7.88
1676fa2516c38753e7a0ee7fa8e41009,1,cca8e09ba6f2d35e44f05b3c936d644e,43f8c9950d11ecd03a0304a49e010da6,2017-09-12 22:35:23,102.99,7.98
167a89d17687b40764e54424ec1f9afd,1,90aa2ab699cd0e459be93124aa91c82f,8160255418d5aaa7dbdc9f4c64ebda44,2018-06-04 11:50:59,114.90,4.27
167a89d17687b40764e54424ec1f9afd,2,7650dd3b2dc10798a8cbccc78d9e6e3b,9e6229250fedbe05838fef417b74e7fb,2018-06-04 11:50:59,149.90,42.73
167d05678f810589a854d30460ae62f0,1,8a2fde854a6f41aae89ce99303a847e8,d05ae8f7a5bd1d2a690a44cd079e4e27,2018-02-07 23:10:27,192.00,17.78
16a0100758e7dc53d0b3f271c63f4906,1,b321301cb912a05624a28cb29c6566a7,8f2ce03f928b567e3d56181ae20ae952,2017-05-18 18:25:18,99.90,20.19
16a10c94dc005b8e19195327eb853b21,1,261dc97192b478e60fd1318cd0650618,8a432f4e5b471f8da497d7dc517666e2,2018-04-26 20:31:22,39.00,18.23
16b7de5d7e5c3c000744a76ea1861471,1,4fe644d766c7566dbc46fb851363cb3b,c31eff8334d6b3047ed34bebd4d62c36,2018-05-25 18:19:30,99.99,12.03
16bcafd500d4d2303b76bb9d95a1c5d0,1,2cc6b9c8353f08189f70b928d2185a9d,1835b56ce799e6a4dc4eddc053f04066,2018-03-26 21:28:31,55.99,12.83
16bcafd500d4d2303b76bb9d95a1c5d0,2,2cc6b9c8353f08189f70b928d2185a9d,1835b56ce799e6a4dc4eddc053f04066,2018-03-26 21:28:31,55.99,12.83
16c4141aba032aee4127e9c20e5df44f,1,2028bf1b01cafb2d2b1901fca4083222,cc419e0650a3c5ba77189a1882b7556a,2017-12-19 03:30:39,56.99,15.15
16c9dc0ba34547f2eb228bcb2971815f,1,24fffbd0188d2b7ceb351214c514b28c,620c87c171fb2a6dd6e8bb4dec959fc6,2017-04-13 13:32:26,279.90,16.13
16cb3a72f04e248a1244b076ce0d9bb7,1,39774ab6b55af4ca99782e23935a97a4,7c67e1448b00f6e969d365cea6b010ab,2018-06-08 14:37:15,149.99,74.78
16cdedbb1542ddfe411a0b979b43aa64,1,d73a7e3009d1b8f498a0ffd3e8ae6565,da8622b14eb17ae2831f4ac5b9dab84a,2017-07-11 17:24:33,39.90,16.11
16cdedbb1542ddfe411a0b979b43aa64,2,d73a7e3009d1b8f498a0ffd3e8ae6565,da8622b14eb17ae2831f4ac5b9dab84a,2017-07-11 17:24:33,39.90,16.11
16dc31df327657954186535144a72e95,1,f49e985b4cb2d0543890d6dd00077663,f62d7bb4a613ec758a03342d46b580b2,2018-06-21 15:37:58,750.00,63.33
16e6abd6364ba99a3513c39f0e27145e,1,777d2e438a1b645f3aec9bd57e92672c,4a3ca9315b744ce9f8e9374361493884,2018-01-18 23:12:20,69.90,17.74
16e6eb900110dfb1f423bfc65820ff87,1,e2c3ed9aaddfd2312a6a5fe9b3ddadd3,46dc3b2cc0980fb8ec44634e21d2718e,2017-11-30 17:13:16,99.99,16.95
171a8dc67900a97eead478783172b440,1,8317b177579dd27ff068b83205e2169b,4869f7a5dfa277a7dca6462dcf3b52b2,2018-05-10 11:31:06,156.00,18.97
171f303505168e746c3ba9dc70a1c1f3,1,05019bc35fc2ed878c0c0f55346b91c6,e99e927c81e3f51739c94fcdfca9f10f,2017-05-23 18:02:30,104.98,21.22
17229fc3b255deaf774bd892c1673951,1,50571d0f0f8ffbeec1c64cefeec01135,d57e18d5f73c7ccb7f7339b61166898d,2018-06-14 02:54:27,83.90,13.95
172482155d13fc27c9ee15df2cc7913b,1,9ecadb84c81da840dbf3564378b586e9,1025f0e2d44d7041d6cf58b6550e0bfa,2018-01-23 14:57:23,38.40,15.11
17341621682ba3c2b7bc79fd48d22a34,1,a668879a637b097eb47536fdb31d3ce1,955fee9216a65b617aa5c0531780ce60,2018-05-07 05:31:07,110.00,14.13
173e03e3afede01446cd36851e3173dc,1,cd98dfe8c9e4a7e14da489ba34f3a845,e63e8bfa530fb16910dd6956e592bb81,2018-06-11 03:31:05,28.90,7.39
174fb39de9de15c80ea4076ba0cb6c83,1,b06abefe5a65500e5a93851ad2fc8900,fcb5ace8bcc92f75707dc0f01a27d269,2018-05-14 04:14:40,74.70,19.21
17763f2297211e949e3925cfb2d30cdb,1,5da831182fe9ba6ab33ab17bbc5d16c7,4d6d651bd7684af3fffabd5f08d12e5a,2018-03-16 17:35:55,169.00,19.06
17763f2297211e949e3925cfb2d30cdb,2,2ed52188df2df50745b4f6a9b0fa1c06,4d6d651bd7684af3fffabd5f08d12e5a,2018-03-16 17:35:55,169.00,19.06
1778680c0dd08f2bcd27642d236a91f0,1,c04ad94639d284d69b5ca0642a44f445,05d2173d43ea568aa0540eba70d2ca76,2018-08-14 08:24:57,101.62,41.69
1782119bc21f8f920e4557c56091a68a,1,1e7d94ec384eb160b91eb277f13ba1ff,8f2ce03f928b567e3d56181ae20ae952,2018-06-27 14:00:00,199.90,24.16
1782119bc21f8f920e4557c56091a68a,2,1e7d94ec384eb160b91eb277f13ba1ff,8f2ce03f928b567e3d56181ae20ae952,2018-06-27 14:00:00,199.90,24.16
1782119bc21f8f920e4557c56091a68a,3,1e7d94ec384eb160b91eb277f13ba1ff,8f2ce03f928b567e3d56181ae20ae952,2018-06-27 14:00:00,199.90,24.16
1782119bc21f8f920e4557c56091a68a,4,1e7d94ec384eb160b91eb277f13ba1ff,8f2ce03f928b567e3d56181ae20ae952,2018-06-27 14:00:00,199.90,24.16
17836bd884d9f15719248827c625e977,1,54151de8a5ccf2dc3058b447e1f582f3,002100f778ceb8431b7a1020ff7ab48f,2018-01-19 17:18:23,39.90,22.01
17836bd884d9f15719248827c625e977,2,7c9a2f11f8700d221c0482c045f7c98a,e59e489e2ea74bd409b798b5daf49de3,2018-01-19 17:18:23,99.00,22.01
178ca782e5105b917275138274960c52,1,0bcc3eeca39e1064258aa1e932269894,1f50f920176fa81dab994f9023523100,2017-10-18 10:20:16,59.90,17.67
17b296b73ebefd6213299342b09f097f,1,f7f59e6186e10983a061ac7bdb3494d6,729f06993dac8e860d4f02d7088ca48a,2017-08-03 15:05:20,34.90,12.48
17b296b73ebefd6213299342b09f097f,2,f7f59e6186e10983a061ac7bdb3494d6,729f06993dac8e860d4f02d7088ca48a,2017-08-03 15:05:20,34.90,12.48
17b6e0171d3c86549c28e1630bff91c8,1,5dee2c14e1989141e15d341d4c62d72a,670c26e0f1bf8d0576271d5cfaec6d2b,2018-03-30 20:06:55,89.50,13.75
17b8e90e60f4d19615b77562e40de425,1,b8eb8663142255eb7ab4526b3ee1c7fd,080102cd0a76b09e0dcf55fcacc60e05,2018-08-01 14:10:15,139.00,16.07
17bc0acf9f5ac57fc41fb222543c3c46,1,b59fb744c6f3cd1dc23b10f760848d98,916748bc99315c2d202898ae58b1617e,2017-03-23 11:55:04,9.90,10.96
17bc0acf9f5ac57fc41fb222543c3c46,2,b59fb744c6f3cd1dc23b10f760848d98,916748bc99315c2d202898ae58b1617e,2017-03-23 11:55:04,9.90,10.96
17bc0acf9f5ac57fc41fb222543c3c46,3,b59fb744c6f3cd1dc23b10f760848d98,916748bc99315c2d202898ae58b1617e,2017-03-23 11:55:04,9.90,10.96
17c27a26080bebdb67c4807b9b51b8ff,1,79d7da51bcd8d7722a6db7b3c285e218,751bdc4d83a466c7206cd42e8f426b03,2017-10-17 23:34:03,69.99,34.29
17c6ede699b320b43f35ab1311af0bf2,1,11e02f2cd150fa54525a1109f61ea2de,289cdb325fb7e7f891c38608bf9e0962,2018-06-21 03:36:53,114.00,14.14
17e22ae34edbd170fcd2efe9e44f95bd,1,b9e88d457e276521ccb0b226f2f8f18f,3c487ae8f8d7542beff5788e2e0aea83,2018-05-07 12:15:03,385.90,19.41
17f70d10c2acd50864b5dae4885894b5,1,2636a9812d151c718b53387171ce08be,b17b679f4f5ce2e03ce6968c62648246,2017-01-29 09:12:10,30.97,14.52
1800e46c3912d9882187335b9768b6a9,1,6ab6d9589ae19abcee458918d4779fae,6039e27294dc75811c0d8a39069f52c0,2018-08-13 05:15:17,199.90,16.70
1827ee8015c4edd94bbfef221a3a27f5,1,d3c044bd42d84a79e3b0c42662806a48,4c2b230173bb36f9b240f2b8ac11786e,2017-09-28 10:50:13,25.90,7.78
183e1cca7e6e1aa97b65598a1b2fe6ea,1,ce582a7aa032280b20a5f169195202e7,d98eec89afa3380e14463da2aabaea72,2018-03-22 03:25:08,39.99,17.06
1844430a4130a112771839a244829457,1,42a2c92a0979a949ca4ea89ec5c7b934,813348c996469b40f2e028d5429d3495,2017-10-15 22:56:20,59.90,14.13
185e7ea81e4cf0fc1d2f4e8e38e8e7e3,1,6767719f80aabbbf16ab2491899c32d9,c4d51195486dc781531876a7d00453d8,2018-06-11 02:31:58,839.99,65.94
186748dbc47f9d6cf119fe3ce8be3ea7,1,2239cf6b4421c4bd57f8a87127800929,7c67e1448b00f6e969d365cea6b010ab,2018-02-19 10:30:05,146.99,37.12
186a454110404a0ad7994b2853592901,1,e7a1555b071186b8184e2fe0e647181a,cd06602b43d8800bd0afad514919d35c,2017-03-04 14:44:21,19.90,14.52
189711984919a2bdda375153d796d096,1,50d77758742285ff49f340ebdf0df5a7,d91fb3b7d041e83b64a00a3edfb37e4f,2017-07-06 20:25:11,26.00,17.92
18b9bf2dbee620dc2f5b9d4a747c2819,1,a184d57c818939252af3b5400f55429a,520b493b57809f446cb0a233bb3e25c7,2017-11-24 11:27:19,15.00,16.11
18bbbbaeb60911be63bdad20b92fa69d,1,55552e80f046fafe13e130e6a07745e2,c864036feaab8c1659f65ea4faebe1da,2018-02-20 17:08:21,219.90,46.00
18c0e47466dfe911dac270d92d6f55b5,1,549356446db225e7f67b22ceaf66d159,6a51fc556dab5f766ced6fbc860bc613,2017-06-19 04:25:30,205.60,18.15
18c0e47466dfe911dac270d92d6f55b5,2,549356446db225e7f67b22ceaf66d159,6a51fc556dab5f766ced6fbc860bc613,2017-06-19 04:25:30,205.60,18.15
18c0e47466dfe911dac270d92d6f55b5,3,549356446db225e7f67b22ceaf66d159,6a51fc556dab5f766ced6fbc860bc613,2017-06-19 04:25:30,205.60,18.15
18c89078cd21364b7ad7f4d652e0cb84,1,500870614ddcf5bd84f7d26861026c8a,ef506c96320abeedfb894c34db06f478,2017-10-23 17:46:06,25.99,7.78
18dfe50d6b2dbbbe6508b1b5eea3eae8,1,386486367c1f9d4f587a8864ccb6902b,cca3071e3e9bb7d12640c9fbe2301306,2017-07-18 01:05:07,105.90,17.99
18e31cb8bc58dab57503adbfcf9426df,1,7f999994d36cd33919418f07aecb7e93,461ff5303b6c9c1a4a07f40c5aece516,2018-07-19 19:50:18,32.90,22.16
18edb9e5b61f525f0da899c852534893,1,0b7fb806fe0194cc7eb473329c680e34,a37c340b91cb0169e8b029db6440fba2,2017-09-08 02:16:14,69.00,11.73
18fa032cf65a1c5c2820d16276b4741a,1,854dea7019a248cec54711ded4744e30,fa1c13f2614d7b5c4749cbc52fecda94,2017-11-07 19:30:13,349.90,16.20
18feb354fd368bc9d6cd27c5359e2243,1,779559842fc122d55edbd03153f35e81,f8db351d8c4c4c22c6835c19a46f01b0,2018-03-07 10:35:43,27.90,15.10
18ffbbb8c91cb6fbacf944eea0d51552,1,c316d99c0a8d01fc59bde7e88edf27bd,fa1c13f2614d7b5c4749cbc52fecda94,2017-12-18 19:10:03,168.90,26.46
190ae960b78afbbf3f0cd1dd3d2240fe,1,2481a472d98c582b46bc2dfeae6f539f,391fc6631aebcf3004804e51b40bcf1e,2017-08-17 13:05:14,59.55,13.44
191019adbccb0d2a1f8bf25e117c9252,1,3f98320412a131f7346baa2aa2de7540,e2aee0892199b1d92530e371abd825bf,2017-07-24 05:55:17,119.90,155.82
19179eded4e54ba2c63655b3708f4fc0,1,cdc67f292e1e8ca492ec7b16ab5bf299,dc4a0fc896dc34b0d5bfec8438291c80,2017-06-13 23:30:16,120.70,16.60
1917dc45b0bd8e45ef7e5919e9c35c15,1,bb463a67fa5f529fed44b2a697346c4e,beadbee30901a7f61d031b6b686095ad,2018-06-01 18:55:26,145.00,7.88
19196153dd04a2d8685e3928185e498b,1,c1ad8ac66c91ad301cefc322ba2adf31,2eb70248d66e0e3ef83659f71b244378,2018-05-28 23:30:56,532.99,10.60
192a0f41d4f1af20d8ef537a12a2076e,1,221682b067ae8e8460ae2517e7e25e11,ad420dd0c4f92f8af951ac24b86d0cf5,2017-11-27 14:08:30,49.99,15.10
192e8093aeeb86d202c1035db3a5bd48,1,c1afa44a5a60e2e7cf7280e57eba0597,5882820ef11c4c068eea0677a7a879b4,2018-08-02 10:25:13,1450.00,120.79
19475e4f70007f7a726004e6c6f87cb7,1,3606696d19bbcad6cb6c0e985749862f,d624126b9206f595fb3fbb6ba03b28a8,2018-08-20 19:49:31,36.90,15.36
1954fde9d62c76532499182aa37e268d,1,fe06d596708c590bf178cdb82aa7d48d,6d66611d7c44cc30ce351abc49a68421,2017-08-28 05:10:08,39.90,15.11
195f299b40b4d78afa81a4109b618c02,1,293ee8ac0a45f559cdeba37b938fdb66,4a3ca9315b744ce9f8e9374361493884,2017-11-14 20:15:26,55.60,12.73
197979ae89666596c6a65ba20fb220ce,1,835956a0722151405b61a58661a6e5e1,41b39e28db005d9731d9d485a83b4c38,2017-09-20 21:04:58,9.90,7.78
197c1d7e2df41beeb978ee6859d6dacc,1,a39cc58c1b5926b6f9f378daa89f1315,1025f0e2d44d7041d6cf58b6550e0bfa,2018-06-10 22:51:20,150.00,33.31
197fdb2270597913a3ba471f251d01c5,1,9a98180ffbd0765e89f11cc8dd2385f4,0c8380b62e38e8a1e6adbeba7eb9688c,2017-03-30 08:30:16,69.90,14.26
19a24ba386e8363a6dd9973d015e5410,1,58f036d3b8f12d9378518f902fb4e226,b9a03475e6447e631b6799ec8274800f,2017-12-08 17:07:36,49.90,26.89
19cafdf7469104c432959892a04920a2,1,e791e580a2421e4471aebb0629c705c1,9f505651f4a6abe901a56cdc21508025,2017-10-31 21:07:15,13.99,25.63
19d468d1424d2a259a1f3d3fa073f41a,1,9a78fb9862b10749a117f7fc3c31f051,a7f13822ceb966b076af67121f87b063,2017-05-16 15:55:11,169.96,40.07
19d8b9d9a60cda90fc402ad5580a0faf,1,4298b7e67dc399c200662b569563a2b2,4b5f66b7adcf57f1ecc0d3c07dd6b177,2017-06-14 23:05:10,169.99,17.63
19ef6de262591218648e1765adedad1b,1,a35a9f46dcee0a67c8c7ad8493eb4135,85d9eb9ddc5d00ca9336a2219c97bb13,2018-01-24 10:49:34,31.90,14.10
1a03dc5bbc2707562b5874fa0253154f,1,0c159d7ce798ebc726ad977f9ade848a,1127b7f2594683f2510f1c2c834a486b,2017-11-01 17:31:53,79.95,14.31
1a0698c23712555ab9567f13d04fd704,1,aca2eb7d00ea1a7b8ebd4e68314663af,955fee9216a65b617aa5c0531780ce60,2018-05-07 06:13:26,69.90,0.00
1a08b06cb8b9b557453b70b83fdc69cb,1,db6796aa712a2626572bb3d0b9a039cf,4a3ca9315b744ce9f8e9374361493884,2018-01-26 13:53:51,69.90,13.51
1a122ca21948df08789d7d88094ff11f,1,34dc9ba20762290886d4d94d07a102e3,5b925e1d006e9476d738aa200751b73b,2018-01-12 13:29:30,119.00,17.37
1a2056a1d6e8db71b7d777ec36f9b1b5,1,5ab535a49436f1b34f5b83ca7375c4ef,d66c11a9572221d92fbb8c4897db5f9b,2018-07-02 10:17:55,24.12,26.94
1a2a468a88fbd60a59aae3fc94bcf40d,1,93c902b021a9e594f658ab1b0351602a,2e90cb1677d35cfe24eef47d441b7c87,2018-05-17 11:14:35,103.90,11.35
1a3232d9cd3dd8dee9115e3c9a4668d1,1,baf7a75881d1a6704d6341161009a0cd,66e0557ecc2b4dbea057e93f215f68d8,2017-12-21 01:55:40,359.00,20.08
1a4f26ea67b1c9f4013809ba466e84e7,1,b1f32fc9713cf8c0813fff7c9c8262b2,8c16d1f32a54d92897cc437244442e1b,2018-01-18 20:49:10,45.60,15.10
1a62fd2d470da1ce51e2d26cea9a44ff,1,fa64259a73edf6f724b7ddf23aac1bb0,9674754b5a0cb32b638cec001178f799,2018-04-26 18:30:50,129.90,9.26
1a68123d36b3a96ebeb710db015da2e3,1,5a419dbf24a8c9718fe522b81c69f61a,e26901d5ab434ce92fd9b5c256820a4e,2017-09-05 13:35:08,44.90,13.08
1a6c3832fcc2947c38b41bd24fe0201e,1,c43ab4269cbf91b373263db4c2973cad,48436dade18ac8b2bce089ec2a041202,2017-07-06 15:50:15,45.90,35.67
1a7e970c994a82401235495241e66a14,1,86ace59cc2c5fc5aba374641f4090e54,6edacfd9f9074789dad6d62ba7950b9c,2017-11-23 11:30:21,44.90,8.72
1a8c6cac549a7eb5b432c5617fe21ff3,1,d47591e510ca45b6546c65973f772643,6560211a19b47992c3666cc44a7e94c0,2017-11-08 18:34:06,49.00,11.85
1a96dbd0041decf9c11c051b4f13d676,1,2c01eb4d04c415d2ddef3a769b61a426,91f5779a8731baca4809fdeade81803f,2017-11-28 21:31:05,74.75,34.38
1a993d55960f4e94f4ab432458e08e39,1,a1ead9010030ade9a219495543cd5c48,9f505651f4a6abe901a56cdc21508025,2018-01-03 04:12:31,39.99,11.73
1aa720b6963ff9b4b5bff9bc48b49a89,1,9bb8ca338e5588c361e34eae02e8fad6,620c87c171fb2a6dd6e8bb4dec959fc6,2018-02-14 01:35:21,59.90,12.48
1aa9e8f35ac38d8a10b41441e1faa0a2,1,99a4788cb24856965c36a24e339b6058,4a3ca9315b744ce9f8e9374361493884,2018-06-13 19:01:16,79.90,23.36
1aa9e8f35ac38d8a10b41441e1faa0a2,2,99a4788cb24856965c36a24e339b6058,4a3ca9315b744ce9f8e9374361493884,2018-06-13 19:01:16,79.90,23.36
1aa9e8f35ac38d8a10b41441e1faa0a2,3,99a4788cb24856965c36a24e339b6058,4a3ca9315b744ce9f8e9374361493884,2018-06-13 19:01:16,79.90,23.36
1ac0eff2487c84f0181b8204a9bf6124,1,15cf6e60f6f3fc09598470e5d9a6d13c,827f8f69dfa529c561901c4f2e0f332f,2017-06-20 13:42:28,29.90,14.10
1ac4ac576a3e3ef61ffbb64937ed1f62,1,af91083bde899b201798b52ae89babea,06a2c3af7b3aee5d69171b0e14f0ee87,2018-06-14 14:02:53,64.99,29.48
1acb85231edcc2f8c1904837bb11a3be,1,3fbc0ef745950c7932d5f2a446189725,06a2c3af7b3aee5d69171b0e14f0ee87,2018-06-28 04:17:07,66.99,18.57
1ae12b6aeac8467444bd1b07ab3c793a,1,cb92637d91f8267856d2143b6fc7bd9e,376a891762bbdecbc02b4b6adec3fdda,2017-11-09 15:30:41,55.00,17.67
1afb4a9edd39860a661d82a4e510bdc7,1,7028a44b0270870c714820467bfd941f,c84592044b180dec206770c38603814b,2018-04-03 13:10:43,22.99,8.88
1b0c7ed83d9a4480ab15d766b446efd9,1,db338cc243c685a907b392a864bebe41,4aba391bc3b88717ce08eb11e44937b2,2017-12-29 17:54:36,139.00,43.00
1b37c11d1b330f2f5a3ad3676bb9c07d,1,0414ce6ba3643b59fd1e5c8e146c1d8d,238fac594e170b59c6d228f5a4f4f1d9,2017-10-13 10:56:15,65.00,17.70
1b5c359c2188ceeab2777c0d27e7c343,1,cd48f265a63e13b762601f5f794c5fca,e9779976487b77c6d4ac45f75ec7afe9,2017-12-29 06:54:18,57.49,9.94
1b6c5ab6683a19bca12106679e94fe4e,1,5dee2c14e1989141e15d341d4c62d72a,670c26e0f1bf8d0576271d5cfaec6d2b,2018-04-05 03:15:44,89.50,13.75
1b70309f9d8c8068c52cab917fb26379,1,2ea8ec61f4c1078cdf7b1df620135059,048c2757535328e0d7dac690ad3c0aae,2018-07-26 03:45:10,239.90,43.96
1b737f58cb00f95d1513899b6e637eba,1,6b3c88110203820df52c762cd2d2e80f,25e6ffe976bd75618accfe16cefcbd0d,2017-10-18 16:35:12,55.50,9.34
1b8d897de53143a7b639d4870e6e3cdf,1,d39421ec4cc2bf52e35f8bf00f1ec314,cc419e0650a3c5ba77189a1882b7556a,2017-07-24 14:55:25,49.99,8.72
1b8d897de53143a7b639d4870e6e3cdf,2,d39421ec4cc2bf52e35f8bf00f1ec314,cc419e0650a3c5ba77189a1882b7556a,2017-07-24 14:55:25,49.99,8.72
1b900d4d10e97580eee435e3474110c8,1,9ead3847aad283a0842bde7ad9a9e7b3,fac1a9017ade7bdc94058fc1c969f355,2018-05-29 18:57:02,99.90,22.41
1bac6c5afd46ee5f279f46bfc081871d,1,8435e69e8ca35cc17d3471e240ea0d44,855668e0971d4dfd7bef1b6a4133b41b,2017-08-13 21:44:54,250.00,26.59
1bc159c29e3f54a9f2d4d2bdaa45b5df,1,03aad9707028422f38b0563410912177,1e8b33f18b4f7598d87f5cbee2282cc2,2018-07-08 22:31:12,74.80,23.32
1bcee4703d916a7dead99492b946773e,1,ca4fe13c336a5399a892b4afabb17abb,26bad72add1f86e08a776ce4ffdaf1ca,2018-03-12 15:30:28,165.00,29.55
1bd6a77bf698ca2116db6f4731046425,1,363218ba55c610b750224f90bdd34be1,33a6f4b1e7cdc205511e76ba1b6e0186,2018-04-17 03:55:37,79.99,8.91
1bde1f1942be558c1527a73da61695d2,1,154e7e31ebfa092203795c972e5804a6,cc419e0650a3c5ba77189a1882b7556a,2018-02-23 09:50:30,23.99,15.10
1bf3cf4f3a842f629a7a52e336d96263,1,6f33a4a09ae1180a0ee1ff4682b2d21f,725c32fa80c2faacc4fc88450d27314e,2017-07-07 09:55:16,139.99,27.52
1bf5ad2a94cb784f7e27820ab656c398,1,3b2c3b5eca3b8bd45a556828662ac340,51e0557bc7b86de13e946c60ee91ce39,2017-05-18 01:30:19,45.80,17.60
1bfc798ddb9dadbccfa5ae581d9919ec,1,6be1edd09e2decfd7bb76220355bc693,002100f778ceb8431b7a1020ff7ab48f,2018-04-02 20:55:27,19.90,18.23
1c0eb7262ceb60db69b3825f1fb1deb8,1,3c4fa3a3881df35a8f19bec369491d50,bccf933e006e9b94a6184af782963e77,2018-01-12 14:28:02,54.39,12.72
1c0fd29e6a54b2331357d1cdc6ccc375,1,1bfb290d7273a442c874dbe74b4abae6,7c67e1448b00f6e969d365cea6b010ab,2018-05-07 13:31:24,69.99,48.62
1c1975ccdbd34c48a241f30cc2258dbb,1,1eba879220bd0981a0e2fbab499ed4e1,5058e8c1e82653974541e83690655b4a,2018-01-26 16:13:10,89.99,33.22
1c1d7c04efff33ea9ebb71907b576f50,1,11dcc970f7a5581e1bf777b6da3f7096,06579cb253ecd5a3a12a9e6eb6bf8f47,2018-07-27 16:45:14,68.90,18.28
1c2b9188a3ec985a80fe268c3d0af21b,1,154e7e31ebfa092203795c972e5804a6,cc419e0650a3c5ba77189a1882b7556a,2017-05-10 15:30:13,19.99,10.96
1c2f3eb4c18b1e3ca9439f2824205429,1,ed6e17c5f34a20c7569b6ac2597ee223,3a1a1fec38dd360f15fc912e821e169d,2018-03-08 11:10:28,391.87,36.91
1c300b10263fefc0edc45c99921586a7,1,20a2613eb3b1c3819e733de3e91644de,1025f0e2d44d7041d6cf58b6550e0bfa,2018-04-02 21:15:25,35.00,8.29
1c34405a26acbdbce1a7702fdcca5c31,1,9b2db9ec16a8a51549f32462bf973523,c8b3445d737de6befde0c88ede534a5e,2017-12-13 15:01:38,119.99,20.33
1c36473b9a0db63449081c0408a96dc8,1,35ebf08a93899d44e756809e11b14754,128639473a139ac0f3e5f5ade55873a5,2018-03-22 18:48:35,15.12,16.95
1c6380dc10ebea9bad618eb25fedcdfa,1,35310457211638bcf0670da2cd8ba8be,da6a60cc8cc724fe51be021ff8be779c,2018-08-02 01:10:08,44.90,19.50
1c6fa4d79455e9a037cc62611a4b4f6a,1,73a1c27772beb35c2b0caf9a809570f8,b4ffb71f0cb1b1c3d63fad021ecf93e1,2018-04-03 12:31:33,20.40,18.23
1c749ca7e27a6aaa93180b80e326d7f8,1,5a848e4ab52fd5445cdc07aab1c40e48,c826c40d7b19f62a09e2d7c5e7295ee2,2018-04-09 17:50:16,122.99,8.63
1c74ffde86fb781136c43931617a5958,1,fb18a1cb28af3e0832439bde416a3407,822166ed1e47908f7cfb49946d03c726,2017-12-06 19:57:39,16.24,15.10
1c939324bacd87c65d030c7974e38338,1,661bbdcbe54d141b50aeaf9d33384d34,42bde9fef835393bb8a8849cb6b7f245,2018-02-20 17:20:48,109.00,16.20
1ca2f6afe6ba0ec0172d795f09cd06c2,1,060890b1af8cc031e9dde49cf544f884,8581055ce74af1daba164fdbd55a40de,2017-06-28 22:05:14,94.30,17.37
1cbd71feda5da8baea7160be1168fbc5,1,acb4b5ecf253ffb4b641801c37d33899,cca3071e3e9bb7d12640c9fbe2301306,2017-03-13 15:35:12,59.90,15.63
1cc2afbca351a1423aeb95bd67821271,1,39af958c865cffb372490d50c207d776,da8622b14eb17ae2831f4ac5b9dab84a,2018-04-19 21:49:57,199.90,14.87
1cc47b4855c5d2cf01a73dc8ae838079,1,72f50924c42f32d9a236b7602686a49f,da8622b14eb17ae2831f4ac5b9dab84a,2017-12-13 03:16:28,219.90,26.38
1cc788ba1c0fa91ed3d7bf5a45a203a4,1,11bbef4e2a44601d9dd471aa1fb433e6,5c243662ce92d84573bfaff24c3e3700,2017-05-30 10:02:38,329.99,10.50
1cd27ea64a7708735cd38f4eae93a8d9,1,036734b5a58d5d4f46b0616ddc047ced,ea8482cd71df3c1969d7b9473ff13abc,2017-11-27 11:31:20,29.99,14.10
1ce0acf125f1bcd636276dd213363196,1,cc9e875c2df286dbed83efe01191162c,c731d18cea9bf687ffee82a241c25b11,2017-08-04 18:25:20,129.00,26.18
1ce796ffd3b96e287899e429b44c0e3a,1,84f5c4f480ad6c9998d6a6860f1a2e41,282f23a9769b2690c5dda22e316f9941,2018-08-20 21:09:55,44.06,18.11
1cf471f71a04b68d1cda071b51d7e391,1,a92930c327948861c015c919a0bcb4a8,6560211a19b47992c3666cc44a7e94c0,2018-07-25 08:25:22,78.00,37.46
1cf93eead4feac27cca0e9f08bc489a9,1,a5f6ba3fe91a2e73f10b612131cb2404,4e922959ae960d389249c378d1c939f5,2017-11-17 02:46:33,49.00,8.27
1cf95378918960ac4f215e2a436dc18c,1,a72d9b5dc60e2abd5063eba3b18d1e86,218f991754f360af9c2daa5e0b8e990c,2018-07-24 14:23:00,189.90,13.99
1cfee098c50b9fe736b638203f7077df,1,e44f675b60b3a3a2453ec36421e06f0f,730937bf88cb151eb2eb849f642fc213,2018-04-19 02:15:27,106.50,7.93
1d01166814be7e95f72a3c85357fca45,1,5ec665da4518623a3a2d7731d56bfd68,01c97ebb5cdac52891c0ed1c37ba0012,2018-03-09 09:08:55,119.00,12.33
1d01166814be7e95f72a3c85357fca45,2,5ec665da4518623a3a2d7731d56bfd68,01c97ebb5cdac52891c0ed1c37ba0012,2018-03-09 09:08:55,119.00,12.33
1d14bb358f43b14725c70bdc035ce24e,1,c59f580bd1844c1f634ce410bda0a6ea,79ebd9a61bac3eaf882805ed4ecfa12a,2018-03-08 00:09:29,14.90,25.63
1d35be28af536ed23f7e3ae4daa91aaf,1,c71a9c53596bf311acd9e298a0b3dc42,128639473a139ac0f3e5f5ade55873a5,2017-08-01 21:50:26,10.90,12.48
1d3e89c83af0905d749a8d07aac56855,1,5a670fea12f6946f0dcb3fbb9728645d,0c8380b62e38e8a1e6adbeba7eb9688c,2018-08-20 12:10:11,37.60,13.60
1d432ff6ecb6a501752815ce48038a89,1,b07c988c725ddd67d0c7572a8099712d,cca3071e3e9bb7d12640c9fbe2301306,2017-06-28 16:05:12,34.90,15.10
1d432ff6ecb6a501752815ce48038a89,2,ee7de8d5e813bc4c5f9f1c38ba41e7e5,cca3071e3e9bb7d12640c9fbe2301306,2017-06-28 16:05:12,24.90,15.10
1d4fef737d9b6c214e13e92ae014018f,1,8370300e444c4394d3c3f878606a9601,4869f7a5dfa277a7dca6462dcf3b52b2,2018-08-21 19:09:40,299.90,14.76
1d525c1f58c75e74697f3993a3fc80a7,1,033c52084417b98d716d863d8bd11fba,25cf099de44674fde97473224f9d59ab,2018-01-14 22:32:15,50.00,8.72
1d67293aa79feef7aac612621d710869,1,5e3b4b17383b90a3129e552bd71bf2b8,516e7738bd8f735ac19a010ee5450d8d,2018-06-25 22:16:03,82.00,18.37
1d6bda6e5595652f956770a32ae4ba0d,1,6e135c0c17d87c489e2f89efe42b948a,7681ef142fd2c19048da7430856b5588,2018-05-28 02:18:34,730.00,27.42
1d96a7c14a9528634756937849d8467d,1,d34efb58e1930773fcde9b951892b1b1,febab0275244b9a49a623f0bd613ca2f,2018-01-29 03:37:43,37.40,17.60
1daf08cbd75c8c42c6febf36b63e4bb2,1,cd3f4942e46362adc32589ff1a90e3dc,53e4c6e0f4312d4d2107a8c9cddf45cd,2018-01-11 15:11:30,29.98,16.60
1db142fdab73b764609d8a15e7dd5a38,1,2820a0ee65a765e5dbb7ef1da30d2f4f,b1b3948701c5c72445495bd161b83a4c,2017-06-14 18:05:17,379.90,13.86
1dbaa81e10d320cf7b6278931481e284,1,0cd64dc65679876c896236bea326589b,41b39e28db005d9731d9d485a83b4c38,2017-07-06 11:03:33,129.90,14.66
1dbd19609384c9e5b21e382e560a85fa,1,c3ba4e8d3cb30049213b682e751e9d00,6560211a19b47992c3666cc44a7e94c0,2018-08-07 02:35:18,95.00,15.77
1dbed8d8827e4f91dfbb03ce97b38109,1,c3ee182803f3eddeda33f9b821bf9e21,e067ad2c1c0b48758eb1b5228bcf7a68,2018-03-27 02:50:33,92.50,13.09
1dd7e8d1a469f3ce26f8c5c93ce9e636,1,db51982bc43b26164c29605b8ed140d6,2138ccb85b11a4ec1e37afbd1c8eda1f,2017-05-11 02:25:26,32.99,10.96
1dde4ac4444355c43b97d058a89e45bf,1,bd6e6fce9ada76ea2db0f1912e8e478f,1835b56ce799e6a4dc4eddc053f04066,2018-08-07 05:05:20,56.99,13.98
1decf741e38f6bb92236968ffff3b2dc,1,1718ba9459e147186a7475f116526c99,ff4ea69c2a729e83e63c7579e4ef8170,2017-07-27 13:05:19,649.00,11.80
1def5208ea4cb393260ab333be753296,1,90d11936871062d5cb6d23175734ea91,7299e27ed73d2ad986de7f7c77d919fa,2018-06-27 11:31:09,40.00,22.21
1df599f6c4bc10fe5cbfd2ae1ade43fc,1,4c2394abfbac7ff59ec7a420918562fa,cc419e0650a3c5ba77189a1882b7556a,2017-12-03 23:31:20,84.99,9.41
1df7ded3518147b95eababb6620f007c,1,0432203d03868bfe5fdbb86fb2148474,855668e0971d4dfd7bef1b6a4133b41b,2017-08-23 12:03:44,185.00,27.84
1dfdbd592873be9e467a641589b7595e,1,bc0246e1fa0a21cfceaed952d3e9cd38,c8b0e2b0a7095e5d8219575d5e7e1181,2018-03-08 02:51:26,119.99,15.60
1e0d311945858b3394e3b6860838c9f7,1,e57549e5119d3af0cef6f900464dc99c,eeb6de78f79159600292e314a77cbd18,2017-05-12 19:21:54,689.00,20.03
1e1f2f647008bb63f8fb6cfe18d64467,1,266bc9a69487d12f125e4af1b5da3d32,e333046ce6517bd8bb510291d44f0130,2017-12-29 02:51:16,119.00,25.67
1e1f2f647008bb63f8fb6cfe18d64467,2,266bc9a69487d12f125e4af1b5da3d32,e333046ce6517bd8bb510291d44f0130,2017-12-29 02:51:16,119.00,25.67
1e2335cf4dd533488459494190011751,1,10575a1b638283f7cc928d01f29416b2,8f2ce03f928b567e3d56181ae20ae952,2018-02-27 03:31:17,109.90,27.09
1e2566907e0655a3549bdcb88b0291f1,1,0bdd9a52d192d64770e33ae559512478,6560211a19b47992c3666cc44a7e94c0,2017-09-18 16:10:29,55.00,7.78
1e359230c99e4510d4ce63375b5c7f72,1,cfbd417c9c7f510b60243124a6489883,ea8482cd71df3c1969d7b9473ff13abc,2018-08-22 16:50:09,39.90,8.44
1e3b30b2e066ae1200400ef9d72963c3,1,eaee6d611cea1d76f3fe3a49d567b59c,b335c59ab742f751a85db9c411a86739,2017-08-07 19:23:06,27.16,17.92
1e3dad2b395168bf9948b5bd80c7258c,1,aa5a88580b8e6e569915aa42f1526dfc,8931a84a914b3fe9b1ddaa4d704947ca,2017-06-13 21:45:11,69.90,15.25
1e48944f586b8b17f307ac4f5319b0c2,1,53759a2ecddad2bb87a079a1f1519f73,1f50f920176fa81dab994f9023523100,2018-04-19 13:29:55,53.90,13.46
1e50bb2b1fd2e009684c3b7bd8eb73ce,1,0a790f2710eab03be4f7793583779874,66e0557ecc2b4dbea057e93f215f68d8,2017-12-27 12:52:22,339.00,11.19
1e569d6eaaa4dee08f4b054b65f97134,1,0a74b9407eaec9d6c760a1e92c10d96c,f41ce2e25237f9092cd8e6e7516c7a2f,2017-12-07 02:23:23,88.90,9.44
1e5b9ba96bdd2f8c7836f6fb5c7f9712,1,7825a7c4f9edb6b219eb94c29e86e7b9,de23c3b98a88888289c6f5cc1209054a,2017-12-22 14:11:27,169.90,16.95
1e693ac6b55dd939e50702b971446d71,1,c3097e07a0a5de0d4b4c836d90c5a284,5656537e588803a555b8eb41f07a944b,2018-06-14 12:01:15,13.69,7.71
1e73093ee708ed2b782f359056925208,1,d2bea3c01e172037caa99b2d138f39d0,9674754b5a0cb32b638cec001178f799,2017-08-18 19:30:12,18.90,16.92
1e738ef9fa41ecf83ae9f37a89591620,1,d22f287512fb5bda6efc5c8e6216c6db,f84a00e60c73a49e7e851c9bdca3a5bb,2017-09-10 22:30:18,134.20,12.39
1e7bc4fa92ad71dd2603c7582ebeabf8,1,373c022e7383e108569b38098f3ed975,891071be6ba827b591264c90c2ae8a63,2018-05-17 23:11:59,34.99,18.23
1e80bd664bc120ddf4d789b7b9455e14,1,e4ef515e041ce5062868aacf106df8b3,ca3bd7cd9f149df75950150d010fe4a2,2017-05-25 04:02:44,98.30,42.89
1e80bd664bc120ddf4d789b7b9455e14,2,e4ef515e041ce5062868aacf106df8b3,ca3bd7cd9f149df75950150d010fe4a2,2017-05-25 04:02:44,98.30,42.89
1e8bd56a8a79c55409341b1c83b1e8b0,1,23384f296aa1bf6461d22912093a9847,891071be6ba827b591264c90c2ae8a63,2017-11-30 04:59:24,19.99,17.63
1e8c4aa0871777d9ee5169d3a6522575,1,1e662f768907b55013557beb5ccfbeaa,ea566164622c6b439516ab18062c42cd,2018-03-05 03:32:38,33.90,15.10
1e90f6912f47b660fa57730f3885af08,1,d9bdf643d95cb89844c0da1a0df1d16e,058fd0aa2bfdb2274e05e1ae971dabb6,2018-03-29 13:33:53,120.00,7.71
1e9c5ca232e1cdb290cb11b20d668c50,1,34dcc2f0a890f961ee6252a1cd6ae3f2,729f06993dac8e860d4f02d7088ca48a,2018-03-13 08:55:48,470.00,67.99
1ea7acde8dacf11a098d0b85b13cdc0e,1,588531f8ec37e7d5ff5b7b22ea0488f8,53243585a1d6dc2643021fd1853d8905,2017-11-03 16:35:40,1437.00,42.51
1ea8fa159bf5ec460bf24d669396a421,1,b2a11c072dedfc137aa2393bb4a2c8ea,6edacfd9f9074789dad6d62ba7950b9c,2018-06-13 23:58:34,44.90,9.06
1ec5ab4a5ab1b60a84603c6a06da028f,1,6a2909ac21d16b721e4795e7e8ff3e68,0509040ea3fe50071181bbc359eb7738,2017-12-05 07:35:20,23.80,8.11
1ecb44533ccf6974a67e7d36d913b027,1,18796df281656da4036dd926561a6030,cca3071e3e9bb7d12640c9fbe2301306,2017-08-11 10:05:26,75.78,15.28
1ed8d07471dcc2832eb42d1507847102,1,faec279ddbbce3de75d2adf10f612a5e,e26901d5ab434ce92fd9b5c256820a4e,2017-05-29 04:22:41,119.90,12.34
1ee34237b5f6da17a68b98f9f27e4a4c,1,4298b7e67dc399c200662b569563a2b2,88460e8ebdecbfecb5f9601833981930,2018-08-06 11:30:18,119.50,22.77
1ee4d0544d11c277367d2df9c25ae406,1,d9bba71d1d1ad35925593d365a2ab43e,3afc536624bc2e65bddfb5db33cc01f3,2018-05-17 11:30:42,52.00,17.94
1ef3f20960d2c64d49f7154f3fd63a43,1,29427de7f8a9ee983d9dbc51cec569b4,7a67c85e85bb2ce8582c35f2203ad736,2017-07-14 14:10:13,99.99,17.95
1f42f4d540bb667dcd3bde1a50c9e442,1,592cc6634d2c783d297effc0b828bc37,85044848b1b767db2a4a58526adef4b4,2018-07-19 15:04:07,95.90,19.58
1f6588173be9bf635ac895276a116522,1,cae4c48440297651e8ff3c2d58d314d2,17a053fcb14bd219540cbde0df490be0,2018-03-01 16:10:23,349.90,67.26
1f71efbfaebd22c0da59bae196d291de,1,42a2c92a0979a949ca4ea89ec5c7b934,813348c996469b40f2e028d5429d3495,2018-01-10 19:51:14,58.90,14.13
1f8d7d0c0affce811c7d6f2abf71a7b5,1,2e1b5445dd65296e510e3e8c65ea7071,dbc22125167c298ef99da25668e1011f,2017-08-17 09:25:08,48.90,13.37
1f96abbd2bfd92185040f1e5b6ef7c41,1,36ab622c8cb4f831132849c587ba600a,59cea8e446d3834393058e7e0666b6fb,2018-08-22 14:47:04,44.50,13.65
1fad09d0fdfb8f4f8cdfc1d5be566893,1,1d9ec694c5ecfc2d472cf83b1c4891c6,f92d8c817434bd2d84d4e9c61322b7fa,2018-02-22 20:55:51,37.90,9.27
1fb3e3b50c0686e0c491b0c17249d2d8,1,f2d649f157cebee085ed738f23d5d6b7,d673a59aac7a70d8b01e6902bf090a11,2018-03-15 01:29:17,27.90,18.23
1fb66111a1c0bdc6fdaab7101429f9df,1,fe01b643060a6446e59f58e3021e66b3,2dee2ce60de9709b1a24083217181a1f,2017-10-13 16:42:16,143.00,38.55
1fbf8f4fb186a87e85db3cf5ad3a0354,1,3732271dbc064b3c2c372c5675c914ce,de23c3b98a88888289c6f5cc1209054a,2017-07-27 18:30:17,227.99,19.84
1fc71eb4a30dced088d988c57e751078,1,c395a11dd90b985496c100861b7c4710,537eb890efff034a88679788b647c564,2018-07-19 12:50:19,19.90,18.24
1fe07512d05f79bf44e02f7052cca2df,1,d5ccbdb97bdcd82d309e35f10adea197,f84a00e60c73a49e7e851c9bdca3a5bb,2018-03-15 17:28:53,146.30,16.99
1feae53afbeb20695102145770b6037a,1,3e6d2bde9274ac275013aa90d7e2bf16,fa1c13f2614d7b5c4749cbc52fecda94,2017-12-27 17:12:27,99.99,14.30
1feae53afbeb20695102145770b6037a,2,186fe07c8b8005ec6a498587ffbc1352,6560211a19b47992c3666cc44a7e94c0,2017-12-27 17:12:27,29.00,1.43
20082947b2fb23b28d05f616b985cdab,1,32267de030005084d4b6af64f22143b8,9dda5bbacd45e18d6485fee649205d09,2017-04-13 01:01:21,110.00,15.88
20082947b2fb23b28d05f616b985cdab,2,3fd04b238d42b022434a07519d30a354,9dda5bbacd45e18d6485fee649205d09,2017-04-13 01:01:21,110.00,15.88
202c632ebb14ebfabad48f43c9a9f166,1,7e5fd19172dd777a98503a8fbb66fa04,b1a81260566c1bac3114a6d124413f27,2018-05-16 13:17:09,189.90,15.41
20368ff725d0f3b5adf1ab319ccecb62,1,56bebf1fde63ae23809cc2fae7f9574c,080199a181c46c657dc5aa235411be3b,2018-01-18 13:09:41,179.49,9.45
203a651bc28694f332b40c3e61bf8e04,1,11250b0d4b709fee92441c5f34122aed,e59aa562b9f8076dd550fcddf0e73491,2018-01-04 21:11:24,412.00,30.26
2045198a6e7202ea847fd4816f7dde74,1,668e8ee8f69c3545109fc40f72336e8f,dee656f0f566ed1aa85bd137c943f08f,2018-06-24 21:31:45,89.90,38.90
20469319e0bed934658208f7bf3015ee,1,fe01b643060a6446e59f58e3021e66b3,2dee2ce60de9709b1a24083217181a1f,2017-12-20 17:13:51,129.90,38.46
20488170c0793bc73f2b06d5b5457729,1,e0d64dcfaa3b6db5c54ca298ae101d05,4869f7a5dfa277a7dca6462dcf3b52b2,2018-05-23 01:56:59,127.00,17.80
2060cb090f613a2c6e389e351afc8031,1,72213b0a540435cfdaf469c415de0082,9e7c5f4d7770eab65738cca38f9efccf,2018-08-13 01:44:31,84.90,13.25
20887fa4e0df7ed8c8d252ec5e9d4551,1,86573a992f10e1ad49a669fd151b7abf,95f83f51203c626648c875dd41874c7f,2018-06-29 16:55:28,89.90,35.48
20887fa4e0df7ed8c8d252ec5e9d4551,2,86573a992f10e1ad49a669fd151b7abf,95f83f51203c626648c875dd41874c7f,2018-06-29 16:55:28,89.90,35.48
20a0f3d89273ba4b9525ba497e2821e8,1,78efe838c04bbc568be034082200ac20,0241d4d5d36f10f80c644447315af0bd,2018-08-12 23:05:09,99.90,27.00
20bc33ea85750fd7d20d7b72c5c4b36d,1,99a7f15d914ad5f7432f6ccb18f95292,7c67e1448b00f6e969d365cea6b010ab,2017-07-26 20:05:22,199.94,86.56
20bc33ea85750fd7d20d7b72c5c4b36d,2,99a7f15d914ad5f7432f6ccb18f95292,7c67e1448b00f6e969d365cea6b010ab,2017-07-26 20:05:22,199.94,86.56
20da65274d671907282e06147c655ae4,1,1d6d7be70107889e3193819aca4dc1dc,4a3ca9315b744ce9f8e9374361493884,2017-12-07 11:50:35,48.90,12.69
20e9f3d5d268869b86ccb6c13fec2dd0,1,7c467bb2783193fce00e68a53bf05fbd,3ade81dab5a172b88e1871c28ae05260,2018-03-23 12:30:29,185.00,45.75
20f00734b9cedbed78661618c0deb7fd,1,f1e0c91e748d3ddfb2728c51078c2b08,4a3ca9315b744ce9f8e9374361493884,2018-04-05 18:50:21,69.90,12.93
20f00734b9cedbed78661618c0deb7fd,2,f1e0c91e748d3ddfb2728c51078c2b08,4a3ca9315b744ce9f8e9374361493884,2018-04-05 18:50:21,69.90,12.93
210bc4b9c2323ee8e4e138be5ba0a9ef,1,d2ba9fb97c0a861f8a62383c434e3e1d,a3a38f4affed601eb87a97788c949667,2017-12-11 08:30:59,69.90,15.24
212399bb2189b8096965b199645d7d3d,1,87aff1d9a5e94db6840c5b963a5cef90,530ec6109d11eaaf87999465c6afee01,2018-03-19 12:35:35,149.90,27.78
2130eb96d3ca108910e9afd32f4c7656,1,c7b3b8509e06ae21abdd78b541215cda,620c87c171fb2a6dd6e8bb4dec959fc6,2018-08-14 17:45:04,118.90,18.93
215f3324d1e0ac9abd788d1ac6d65b9d,1,4cac1a12a6fe9ffba4a9556dbe582e28,7ddcbb64b5bc1ef36ca8c151f6ec77df,2017-11-07 10:07:14,25.99,15.10
217ec7b7a29a68b086c07bda53f3f6b5,1,78f29023586e374cdc3773ce0af6bd2c,960945e1a9535cbc0cd6ddd35fbe7ae8,2018-06-26 20:30:40,127.26,15.28
2195712688ef03e20c8053de61c82493,1,eb6b6f708fb1a57720d0734f30c3b31e,440dd6ab244315c632130ecfb63827b1,2017-01-21 15:30:34,159.90,27.59
21a550eeac28a30d4b59a0fd91c9cc8d,1,2d75cb4f23924fff112f06ef3520c120,5160d23075764e18e07c1f4a87fad743,2017-11-17 20:46:36,85.00,16.03
21a5a6a3ba44669b781dde94b19a361a,1,dfb97c88e066dc22165f31648efe1312,8581055ce74af1daba164fdbd55a40de,2018-01-23 04:31:13,139.00,32.06
21a5a6a3ba44669b781dde94b19a361a,2,7439223069be0c67de28ae02a2a13810,9c068d10aca38e85c50202e17b4a7e88,2018-01-23 04:31:13,120.00,7.37
21a724726546c32790ded320f982a506,1,12760bcacfaaf1457bc36e601e26dc79,aced59e9b31ef866a94f9e7f29d8d418,2017-11-30 02:15:11,19.90,0.40
21a724726546c32790ded320f982a506,2,83fb98f2457985e6333f2e307adc5864,d5c530f4884a75ae0dba9c148718d278,2017-11-30 02:15:11,33.02,15.90
21a724726546c32790ded320f982a506,3,83fb98f2457985e6333f2e307adc5864,d5c530f4884a75ae0dba9c148718d278,2017-11-30 02:15:11,33.02,15.90
21a724726546c32790ded320f982a506,4,83fb98f2457985e6333f2e307adc5864,d5c530f4884a75ae0dba9c148718d278,2017-11-30 02:15:11,33.02,15.90
21a724726546c32790ded320f982a506,5,83fb98f2457985e6333f2e307adc5864,d5c530f4884a75ae0dba9c148718d278,2017-11-30 02:15:11,33.02,15.90
21b966a378471db65c18fa4ca20d6800,1,595fac2a385ac33a80bd5114aec74eb8,289cdb325fb7e7f891c38608bf9e0962,2018-08-23 20:50:15,116.90,15.92
21babe33a62ea8ca20539175f5f77dd2,1,641a45900528e8324c4848dda4e0a3fa,4830e40640734fc1c52cd21127c341d4,2018-05-15 23:16:33,25.99,8.88
21bdc97768bc2e7a3e428d0ede7deb85,1,220bc6afbb138c2e99fffc0f9838afd4,85d9eb9ddc5d00ca9336a2219c97bb13,2018-03-16 02:35:44,27.90,16.79
21d601597d3c4723d5e5f81dc1d2c01e,1,facd7264a689baabdce2373c4feb2dca,c84592044b180dec206770c38603814b,2018-03-08 15:12:03,20.00,16.79
21e66217f32d0775592d587a9cee5860,1,eebbed5ed3b134eceb717496c47652ba,d1c281d3ae149232351cd8c8cc885f0d,2017-04-17 03:55:24,99.99,15.81
22085bab9022ec0c41db7a6698de93ae,1,f96ff9b997681965689f78bef092fdd9,2a5b78b41cd05baeac8df54c6606b92c,2018-05-23 16:59:20,765.00,23.23
22186f12324a0f795921a6bbc8e7ad01,1,3dd2a17168ec895c781a9191c1e95ad7,de722cd6dad950a92b7d4f82673f8833,2018-05-15 22:57:29,149.90,20.72
222c6bc1698aec767223c052bf66327d,1,a5e66fadbb9b49dffdbf63675436a332,e9779976487b77c6d4ac45f75ec7afe9,2017-05-28 22:03:01,79.99,8.30
2232bf34060433dc7ae5f0c76a2e6cab,1,24c66f106f642621e524291a895c9032,620c87c171fb2a6dd6e8bb4dec959fc6,2018-06-15 20:31:36,209.90,24.05
224bd0a94ce4f3eeebe2ef447e596863,1,cc2232dbef2c9fca23f4c7f6a19a42e3,198c7ea11960a9844b544d9bcdca860c,2017-07-18 02:10:47,16.99,12.48
22543080a0066963931832c0df11b2be,1,a37d9bc434c151e3a32418b241a13bf0,f8db351d8c4c4c22c6835c19a46f01b0,2018-08-14 09:55:17,35.90,18.35
22557cb9c7229669e351a8460240119b,1,d83ccbce75276ea1da5ca97cc4d800d9,6750d71153f00fc58829af2a8ef1bcf1,2017-08-14 23:30:09,159.00,18.68
22561cc73693742c65f9e31bd0e8df08,1,b200c3a6dbe2a96c1e2f1904361763db,2089a6d640999f9b9141ac719b2af596,2017-06-02 09:10:17,387.49,17.46
225993f2e15bfdde9746613cc9a3a4b0,1,751d70675dda2bae203db325227b8a3c,5011f0d93373a4c5753adf58ca77af8d,2018-05-14 09:50:54,169.99,13.89
2279e81e4cfd1c590ccbc2e0b9c1b90b,1,8c92109888e8cdf9d66dc7e463025574,0432ead42b6c8a0bdf68154add917fdf,2017-09-28 04:10:11,82.90,21.38
22b1eef278d4416c1e867a55d1c39fea,1,53b36df67ebb7c41585e8d54d6772e08,7d13fca15225358621be4086e1eb0964,2018-05-14 23:30:34,99.90,0.00
22b29d286c0de8b013b0db61ddcb3754,1,165f86fe8b799a708a20ee4ba125c289,7ddcbb64b5bc1ef36ca8c151f6ec77df,2017-11-17 11:27:04,146.99,13.58
22b6314011ec44222f024670a2c91929,1,ccadfeab525a9eb1569983b66e5075c4,33576ec5412fb5905d876f12f33bfde6,2017-09-29 08:43:55,79.00,14.30
22d03f81f36cfd05e90af56d5dc63e74,1,ff55834c0b3272853dfe62340f2bb91b,6560211a19b47992c3666cc44a7e94c0,2018-08-02 13:35:19,45.00,18.42
22d0b79a88fe360e41471c8477379673,1,7f72a8900b3d2fc8fa2635b7836d6e6e,7299e27ed73d2ad986de7f7c77d919fa,2018-07-10 14:55:18,64.99,13.80
22d58ab98a59a304fd61d116c625ec4a,1,805bf2490cf3dfc00aa1ce921ffde7ef,2addf05f476d0637864454e93ba673d5,2017-11-06 13:07:27,945.00,108.74
22d9f175d75a69bcfa445d7e1bc82ed3,1,d465fef4e52e46bc9e04996b37789bbd,f266295f49a28eee21f413e0cbb0521d,2017-11-17 03:27:02,59.90,9.94
22f1399a4c5b23e40453c44942c04100,1,0becf258ac9a4ab1b6b3da6f0ad205fd,1900267e848ceeba8fa32d80c1a5f5a8,2017-08-16 19:43:53,61.49,11.93
22f7d2adca9b9787cd01ba3f09f8aa03,1,fc2edee55f4118969f4dc49f7a717605,080199a181c46c657dc5aa235411be3b,2018-03-22 14:50:26,179.49,9.61
22fe4109ea0b3227fa3a2f5370ec9691,1,02475368dfb38934fe55f574024fe1d7,6560211a19b47992c3666cc44a7e94c0,2018-05-17 15:42:22,29.00,15.23
231f5faa326e8643dc979ef4dcc9cd31,1,a92930c327948861c015c919a0bcb4a8,6560211a19b47992c3666cc44a7e94c0,2018-08-07 13:45:14,78.00,15.65
232ac1c81c6a84fd76f9653b248b5d92,1,6bca83dbf6e081bccb2b23188577ad36,4869f7a5dfa277a7dca6462dcf3b52b2,2018-07-31 17:55:16,288.00,20.12
2343d4a98379202b11d3ec66c322ab57,1,a9410f6e58948e056b9eae0653aa0c75,729b2d09b2a0bdab221076327f13d050,2018-03-29 02:15:43,33.40,12.79
234d54f2c7e5f1b3fa99a853ee8a6211,1,f5ea43ddacb6538655583a8f51a12799,f8db351d8c4c4c22c6835c19a46f01b0,2018-06-26 13:15:11,99.90,23.50
2356e9b211b952c07f32b7addb1250fa,1,b99e4f4fa3f421e0ffbd512d9f152dec,128639473a139ac0f3e5f5ade55873a5,2017-11-08 03:26:30,19.90,15.10
236000cc7c90d723a7db9afa31f73e72,1,ec5b5cce0b8464a1c618325f35c779dc,77530e9772f57a62c906e1c21538ab82,2018-01-29 18:55:40,119.00,18.08
2362f0e9afcae197310501d93b070bb6,1,fb8e60e1a3c247d3a2e17f6986e71a40,9e6229250fedbe05838fef417b74e7fb,2018-05-22 22:13:28,189.90,13.77
2369ff1232ff0d10bb9d924732757881,1,774bf54401ea79ee6962d25b605716dc,06e5eefc71ec47ae763c5c6f8db7064f,2018-04-29 22:30:46,499.99,25.66
23799ee0d85541263f0637d4b86d5e5b,1,88c09dd121ebe0b119a759773d405cc4,79565f7d5603b24ddf07ade262547f2f,2017-05-05 10:35:20,39.00,10.96
23879ed885740016a16a4cfc5420c80d,1,b238cefbf65da115fde8271ad681b640,751bdc4d83a466c7206cd42e8f426b03,2018-06-15 20:31:39,89.99,8.98
239f80de3a90292c837e69ec8ff3c4f3,1,cad2db5e318d7283a234c517b2f28a42,8160255418d5aaa7dbdc9f4c64ebda44,2017-11-30 13:14:45,99.90,13.04
239f80de3a90292c837e69ec8ff3c4f3,2,cad2db5e318d7283a234c517b2f28a42,8160255418d5aaa7dbdc9f4c64ebda44,2017-11-30 13:14:45,99.90,13.04
23a868333bc15837fc68d57a8287bf06,1,16048247166ec654c76c845f308c85f5,17e34d8224d27a541263c4c64b11a56b,2018-08-09 20:23:59,114.08,13.46
23af56e201b15091e86aebe6bde84b2b,1,fd15dec337d57a332d25ec667eb5e859,86ccac0b835037332a596a33b6949ee1,2018-02-27 18:50:31,127.49,20.13
23afc00db0b1c005196306f02e1c1178,1,0eda670810c42c5fcf92ca8be2a615a9,d12c926d74ceff0a90a21184466ce161,2018-03-22 08:32:12,38.48,7.39
23bd4c7d83fd48f908879d5a1aa32bf8,1,3dd2a17168ec895c781a9191c1e95ad7,de722cd6dad950a92b7d4f82673f8833,2018-04-04 19:08:17,149.90,36.60
23c7702588b2b08f1bf4fbdd15f19343,1,0c03a930e654a5f1ea08f95a5c67d076,b17b679f4f5ce2e03ce6968c62648246,2017-04-05 19:10:20,49.97,15.56
23d0ca011ea2e7273f99c4875a80854f,1,49770e2e1a22b61e15a13c2cbfbfcbbd,ac3508719a1d8f5b7614b798f70af136,2017-12-15 10:53:25,139.90,20.47
23e117ca8f65562000f29a26f19f1a3b,1,19421075ae0b585f2dc13ff149e2119d,4c2b230173bb36f9b240f2b8ac11786e,2018-05-15 21:14:01,49.90,12.76
23e7bb857c480aa4791ff2f7f2a5e151,1,35afc973633aaeb6b877ff57b2793310,4a3ca9315b744ce9f8e9374361493884,2017-09-24 21:04:21,89.90,13.65
23eaa9100d479846141e3105e949df27,1,a38b238734207eeb0388676235cf56ec,86ccac0b835037332a596a33b6949ee1,2017-09-25 03:33:36,128.90,38.04
23f563c1e12c5d6d279ecc446b5f933b,1,fbce4c4cb307679d89a3bf3d3bb353b9,c33847515fa6305ce6feb1e818569f13,2018-06-28 10:56:22,149.00,36.39
23fe7e1e5139248d8e9e379e1a910860,1,5c973b4202aac5c372a483e712306f4f,391fc6631aebcf3004804e51b40bcf1e,2018-06-26 19:18:06,49.95,13.41
23fe7e1e5139248d8e9e379e1a910860,2,b627df9914b9bf141437c51b8a749d35,1900267e848ceeba8fa32d80c1a5f5a8,2018-06-20 19:18:06,33.99,13.41
24157de329cfc5610de79f904534eab4,1,20531b0644a0719b8d506c4db3c56609,ce7d1888639e6fb06b2749cbfdac1ff7,2018-03-01 22:08:07,138.00,25.81
241b1a5ff1d152dc47bf2093ea154edf,1,63bff8e34e5c639696856394be9a9ac1,dbc22125167c298ef99da25668e1011f,2017-08-02 12:05:52,46.90,13.37
242c9821e1036401ddc1d061ffcb034c,1,70b9fad17d9a6e0fc5cb1f056f9c871d,5343d0649eca2a983820bfe93fc4d17e,2018-04-25 21:30:55,181.62,18.85
24341ac85c8c726efbf9b78eb47982aa,1,867dda95bbba37fe56fa288449fa122f,d2374cbcbb3ca4ab1086534108cc3ab7,2018-05-03 16:15:41,49.90,18.23
243fd4d4dbddf371c229a0122ac3e661,1,283dc451ad3918badb976d56ff887289,da8622b14eb17ae2831f4ac5b9dab84a,2018-08-22 03:09:47,109.90,23.57
2456821eb4bf8fe5ac094da15037a2f3,1,89411fc3098e56bb679697117c2055af,d6b1ce66b035a475f00c017792ff9769,2018-08-09 10:55:12,169.99,15.50
2458de231bb0e4286a97ab335afb78c9,1,052413504e5295cd66ec4ced0b310062,4869f7a5dfa277a7dca6462dcf3b52b2,2018-07-25 00:05:10,154.90,19.18
2459807af0cad1161d053ae93c170398,1,036734b5a58d5d4f46b0616ddc047ced,ea8482cd71df3c1969d7b9473ff13abc,2017-11-14 13:50:33,29.99,25.63
2463eaec66167230ee0c637e3598e2cd,1,32d16d374657488a491cf67b33d5fac5,fa1c13f2614d7b5c4749cbc52fecda94,2017-09-11 02:32:24,199.90,15.15
246ed527fc17d711f0b578e0bd407257,1,2d07cb5238b8e2ba12a4b2ac8b6f100a,5058e8c1e82653974541e83690655b4a,2018-06-28 19:54:48,199.98,62.69
24750706d247c4d573cae75ee4372c59,1,9a21c7ce9df5c19b94d2ea715a23a90c,b2ba3715d723d245138f291a6fe42594,2017-06-12 16:25:37,24.90,9.34
2477eccf092b3407c1442bf98cde9729,1,2b4609f8948be18874494203496bc318,cc419e0650a3c5ba77189a1882b7556a,2017-12-14 22:09:52,89.99,15.39
24812bb88ca7c88144814233a1d6f78e,1,a1f7dace2a9af48dd48428c12001dc09,52f9db5cfb423382a2fa5c9e39303202,2018-01-19 21:51:27,47.59,15.10
24950e3fcd92f8ec85a91644c7252eb9,1,777d2e438a1b645f3aec9bd57e92672c,4a3ca9315b744ce9f8e9374361493884,2018-04-30 20:10:28,69.90,16.15
24ae0d766df69840feedaece7acfc653,1,e8bf29c4bfb2d46faeba76ed3db7f44f,f9244d45189d3a3605499abddeade7d5,2017-04-14 07:54:19,1309.99,45.74
24b1c4d88fdb7a2dc87f8ecc7d8f47f1,1,0d009643171aee696f4733340bc2fdd0,fe2032dab1a61af8794248c8196565c9,2017-08-03 09:50:14,339.00,17.13
24b5077ff1a5cfb489ffaf2a6ae71f43,1,17c9711cb08dc4757841afc6d4a239d4,17e34d8224d27a541263c4c64b11a56b,2017-06-09 18:50:08,516.59,15.96
24c88e563ba8b5ed9b8b9ca7b72f3016,1,d69e906470f99256b16bee14a0268fd1,7178f9f4dd81dcef02f62acdf8151e01,2018-04-17 10:10:12,79.90,18.44
24ceed9729a86f5e36fd61ae94183817,1,1d94d1e0c7fb2dcf2811e093d2ca303b,004c9cd9d87a3c30c522c48c4fc07416,2018-05-10 10:15:17,179.50,133.73
24cf826a7c6a7038c6ec3a5173a4c78b,1,e7342d120adbd81168c43c95f8bd642a,ebd2d60905fb58271facef5596b620d3,2018-08-21 18:50:28,44.91,23.11
24ee049b7819170224ee7e5eca0494e9,1,b8762d562d810c2f8d7ad7e9c12957be,dbb9b48c841a0e39e21f98e1a6b2ec3e,2017-03-30 13:15:15,24.90,10.96
24f17834d1edff2ec50e2fb099896d80,1,f1c7f353075ce59d8a6f3cf58f419c9c,37be5a7c751166fbc5f8ccba4119e043,2017-09-04 18:44:28,195.00,26.21
24f209c23bc564a88e7cbb7f46e17505,1,d5e448e00fb7c59b31e0f3e43c2de0d7,850f4f8af5ea87287ac68de36e29107f,2018-01-22 14:31:33,199.00,12.60
24f9d59b5717fed5431455ac71a4a371,1,2a9e3d335bbb23ffee8c9da6cecb7bb8,79ebd9a61bac3eaf882805ed4ecfa12a,2018-02-21 02:56:00,129.90,18.16
24fe896f12fc80ca8e107a56258b67d6,1,586328f570ac0b651d452f1227db4d1c,522620dcb18a6b31cd7bdf73665113a9,2018-01-25 02:13:19,79.00,25.83
25002fcfee05773be1d9bfe045b95fec,1,652cee66eaed09b444b43463eee56cc7,048c2757535328e0d7dac690ad3c0aae,2018-08-24 16:50:33,220.70,68.69
2502fdbda37b0748046e3b6c9d33e7ea,1,fb0f28746a21895329509c8b45f9382e,ef506c96320abeedfb894c34db06f478,2018-04-19 10:50:18,45.99,18.23
251f7157d5e425718ae0767439991dec,1,ce169d5f9421a6f21e41a7bf54d0b98e,8b321bb669392f5163d04c59e235e066,2018-01-17 22:37:27,28.00,9.34
251fe947dc87c3ac12965b12bd34f160,1,27a7e832bcfcd69ff687d611c3e79cbd,d57e18d5f73c7ccb7f7339b61166898d,2018-05-11 16:30:31,37.90,24.48
252e3d8642591a131552842adb8230f7,1,6a97716560716501532a300ceec3c24f,f0b47fbbc6dee9aafe415a6e33051b3f,2018-08-14 15:05:00,44.99,8.48
253fce0796924cfa83e730b7c7da4e66,1,64315bd8c0c47303179dd2e25b579d00,7aa4334be125fcdd2ba64b3180029f14,2017-06-08 18:30:07,86.99,19.85
2567b61de29297da09bb8da381d2b37e,1,42eb5329dd0ee3d76d135ce04c84451b,282f23a9769b2690c5dda22e316f9941,2017-09-05 15:15:29,26.70,15.11
256d7c10e54af14e81340da966349b3f,1,dc52f0f5d3ec37a93eaf956cde4e5d2c,6560211a19b47992c3666cc44a7e94c0,2018-05-17 22:13:35,49.00,15.23
2581504c87d229321f70e6850d332196,1,3cb35b42508b97cb50eb1f1090c9d719,093805f8f2aeb63881444571e1f48f30,2017-09-25 03:33:25,38.90,14.10
2581fb50a626be9c524173007c799147,1,866294ab885455ed4543a8be0ddb0b99,c7fdb77fdbff3c41981bc52f787e959e,2018-05-16 15:31:12,37.84,19.32
2583b27eb8957bea688a9cd41b7c0f47,1,914997fa7aef743334b7c0da8580fd5e,3b15288545f8928d3e65a8f949a28291,2017-07-31 09:10:21,249.99,28.07
25850021261764efbccacf5e29ed13f7,1,bb5270be574487250ba3c3b742caa6e0,54a1852d1b8f10312c55e906355666ee,2018-05-22 16:58:00,279.99,10.55
258b933113e8f7411e255b6fbbf16dc2,1,60495adb1f1a49c8aea75e5e56a47a48,0df3984f9dfb3d49ac6366acbd3bbb85,2017-06-22 20:22:57,89.90,15.38
258fdca015115622abad4d8ac1a13ae4,1,5b7c8200bab71ae7cc1a0a7073b6afa1,dbc22125167c298ef99da25668e1011f,2018-01-15 20:37:24,40.90,17.92
2591661e8952477c49e9efd03a319cfc,1,d37c472122b18add1612235b8d907eb8,d8d9567d0bfb0bc7eb845a205ba42657,2018-05-08 22:16:54,14.90,22.85
25a328788a40be038f54f6b2d3c54b78,1,c6e3c9a59b663e36a8b95b2dde81fa33,5b925e1d006e9476d738aa200751b73b,2018-07-30 07:55:15,129.00,18.70
25c22896dca583d857448141d99ef3ff,1,d04857e7b4b708ee8b8b9921163edba3,9f505651f4a6abe901a56cdc21508025,2018-05-04 03:30:37,67.99,14.52
25cdbf36318188d83d96f32a9236d1e7,1,99a5870492a7bc363e2098a4bca9d49d,82e0a475a88cc9595229d8029273f045,2017-10-03 10:07:10,207.33,17.70
25db8af390f9984ee0af317b5239af35,1,82b73150f90f4fef92913e35b9984bb7,91f848e9f4be368f4318775aac733370,2017-06-12 12:46:27,89.50,25.18
25f3c6052aa7604ff162e5a12b77298d,1,f0228b7d0afd1deb81112d8e39023bdf,8f2ce03f928b567e3d56181ae20ae952,2018-03-01 02:30:50,99.90,13.25
25fbf27ebf14d822b62827aeb77d9d10,1,189863ada55d223aa579c28edd1e2353,54065e9aef7e9e9c2dc23b7594db021a,2017-03-23 12:50:27,69.00,20.53
2629f390add3248cc2cb53b3795fbe9b,1,48cf041a87beac458328d395d035515a,ef506c96320abeedfb894c34db06f478,2017-11-17 11:55:31,28.99,11.85
262a22b18b8c7773c9ce2e3665db8c44,1,9d374944ce89ce9afd8c8f79fb7f3bc9,9646c3513289980f17226a2fc4720dbd,2017-04-20 07:02:07,29.90,10.96
26468ef199f961b657bd9411810b80ea,1,9766505cde62429c3629bb6411cd9dc4,9c690ceacd5c66731bf443ea810195cb,2018-07-31 14:15:18,47.90,14.64
264c045399fb02e9f309f715c2e5f3d5,1,3871b7939245ed35ab97c7d3924c6862,66fd84ee7528c0c0de85d0f44a73d5ab,2017-03-30 01:30:53,17.99,16.05
264c045399fb02e9f309f715c2e5f3d5,2,3871b7939245ed35ab97c7d3924c6862,66fd84ee7528c0c0de85d0f44a73d5ab,2017-03-30 01:30:53,17.99,16.05
264c045399fb02e9f309f715c2e5f3d5,3,3871b7939245ed35ab97c7d3924c6862,66fd84ee7528c0c0de85d0f44a73d5ab,2017-03-30 01:30:53,17.99,16.05
2663f91a68c89174d7550cdcdb1d5df3,1,ed5f0d58e27cf65a07283c251747936f,3985a3c45be355a4c57fde108bfabd1c,2017-06-06 21:30:17,54.90,16.82
266a1f6959fbb6cd5b50201b10a0d46f,1,e4ca5b20cfe1a020e15e36fe14e880ee,128639473a139ac0f3e5f5ade55873a5,2018-04-19 11:50:27,19.90,13.47
266b0e02c5f1de0a40f86f63180419ad,1,c2a1ff8408a1c857c8730e4d12da714e,95e03ca3d4146e4011985981aeb959b9,2017-08-11 03:10:24,69.90,11.98
267f42757da398f66b0cc956f501f29d,1,86a7362af6fc1b61f0e613146b8c4cca,483ca627d131e18f988349b1655c0acd,2018-04-04 14:50:10,264.00,19.73
2690c84e60cbc597c732d126472db7cc,1,284264387dc92cbf305e75ece3852958,6fd52c528dcb38be2eea044946b811f8,2018-02-14 15:31:15,58.67,14.16
2699d27682691fa4f6be5cfde364a833,1,7c1bd920dbdf22470b68bde975dd3ccf,cc419e0650a3c5ba77189a1882b7556a,2017-05-30 09:31:47,64.99,15.20
269fb3a37e10ad284ed9ca4a34c32d09,1,5dbf50af9485478b933f1028e108640d,582d4f8675b945722eda7c0cb61ba4c7,2017-10-02 22:56:15,5.99,16.11
26b47634ae036af085a067dddf95bd77,1,53b36df67ebb7c41585e8d54d6772e08,4869f7a5dfa277a7dca6462dcf3b52b2,2018-04-27 16:33:03,106.90,0.00
26d821f4e6c14dc9a3b4cf118c806fbd,1,e98e429fc8f0c5a7bec057cca4f3b6ca,7e1fb0a3ebfb01ffb3a7dae98bf3238d,2017-11-29 22:31:22,364.00,14.05
26e2db0bd73689ff814692e3dc232671,1,a7216be504e1ff211b67479ab193a552,a2e874074c877c5a05abae80ad6e488f,2018-08-29 08:10:08,69.90,21.13
26e2db0bd73689ff814692e3dc232671,2,a7216be504e1ff211b67479ab193a552,a2e874074c877c5a05abae80ad6e488f,2018-08-29 08:10:08,69.90,21.13
26ef05ca1105e34d67dfaccab65e1100,1,52b3af7304d611855714d9b3d1724ea7,4a3ca9315b744ce9f8e9374361493884,2017-03-27 20:55:05,48.90,11.74
26f078c600b86ed6c916be331d3dc1b0,1,cebff45f1d1558430be0e07ac0df6a68,c003204e1ab016dfa150abc119207b24,2018-08-16 20:45:21,95.90,11.69
26f9b65f14088371f7c082c607f04d8c,1,e5841e5f87a255ec40d170b4177d03ce,b33e7c55446eabf8fe1a42d037ac7d6d,2018-01-29 21:32:37,679.00,19.50
270c25da086ad763f34a2cd66c6aae7a,1,141125957e8b78c5cf939c18077fa2f7,e9d99831abad74458942f21e16f33f92,2018-01-08 16:09:11,34.99,15.11
2720322b26b3ddc8467925c74b7d7c9d,1,effd1d6e0c3a3b8e3e164a2ec33ff523,218d46b86c1881d022bce9c68a7d4b15,2018-03-22 12:09:18,278.00,28.03
2728685c083a4749558ea7e44578a0c3,1,389d119b48cf3043d311335e499d9c6b,1f50f920176fa81dab994f9023523100,2017-09-06 02:35:24,59.90,28.82
274cd784482aeed5533082fd271be663,1,52faaea7e7d55dfe5aa81f0b5f79d7b9,b92e3c8f9738272ff7c59e111e108d7c,2018-05-10 10:15:18,49.90,15.20
275705caa614c75dffeaf1844c1f6db9,1,7f4e034245e45549110139d1de248f83,4b9750c8ad28220fe6702d4ecb7c898f,2018-03-14 17:24:31,48.90,10.52
2759e33a8d084b097aaf4d4b8393e38c,1,368c6c730842d78016ad823897a372db,1f50f920176fa81dab994f9023523100,2017-10-11 02:56:21,59.90,13.44
276c36d0f0218b24c09343edf53cb98f,1,68076570f98ff29f0b1a09085bd85037,cd06602b43d8800bd0afad514919d35c,2017-05-02 21:42:19,7.29,10.96
2771d3ac1d43785ed9c2fdcb077a87b0,1,06c950c36d589b39b34f5dc1d4a75e29,edb1ef5e36e0c8cd84eb3c9b003e486d,2018-02-21 18:46:28,599.65,20.64
27a14f1949c308b236684c6b7732eb03,1,04e90f954f5fde312ce378b26ddfad13,f76a3b1349b6df1ee875d1f3fa4340f0,2018-03-06 13:15:38,174.00,25.73
27b286dd0016893043cae6da2f07a2a5,1,ab1f9387c0627dd24000bfbc54fdeee0,8b321bb669392f5163d04c59e235e066,2018-02-21 02:47:56,12.25,14.10
27b974fdb1343121e2a97ab9bfe080e2,1,0640a217fe729c5b8f61fd475f1fc22c,ea8482cd71df3c1969d7b9473ff13abc,2018-05-28 02:15:33,44.99,7.39
27cc371fc21005cb23584884e8364a35,1,e67307ff0f15ade43fcb6e670be7a74c,f4aba7c0bca51484c30ab7bdc34bcdd1,2017-05-07 23:30:09,18.99,10.96
27db1a079a22bec1453d0f24f630005f,1,982cc4c1cdb785c9cb1f2e48c1e4f903,2bf6a2c1e71bbd29a4ad64e6d3c3629f,2017-11-30 01:48:30,2400.00,29.68
27dfe580597e36bfdb283184aa96a201,1,4a96de21ccfb22ebe1c56992acbbd7fc,7a241947449cc45dbfda4f9d0798d9d0,2017-06-26 10:25:14,99.00,17.94
27f9fff9f14236589804b62bce39f526,1,ed6d2fe9a24cfdfd0f4c40094db5145b,83e197e95a1bbabc8c75e883ed016c47,2017-07-11 17:36:57,122.50,18.11
27feef8b6702f1d6ccdffd697e7f4334,1,b80921007ed3f68cf6e536e6daf08610,ea8482cd71df3c1969d7b9473ff13abc,2017-10-10 13:03:35,27.99,7.78
2816b0ec050fb4a136c32a6bda007a91,1,32267de030005084d4b6af64f22143b8,9dda5bbacd45e18d6485fee649205d09,2017-04-03 16:35:19,110.00,20.85
282565c3d7b0439d7adfa7ad1df6ac93,1,4fb3e6ce442ce9c621ea9509e47ac951,3c03b12bab54d8b37d79d914bfdb1aa0,2018-04-02 09:06:50,104.90,16.70
282565c3d7b0439d7adfa7ad1df6ac93,2,4fb3e6ce442ce9c621ea9509e47ac951,3c03b12bab54d8b37d79d914bfdb1aa0,2018-04-02 09:06:50,104.90,16.70
284b3707cd4351c728d8d59db0ce2c45,1,37e4c14527273be66b84b8836bba463b,a154d7316f158bb42e6fa18bbe3afd3a,2017-03-21 19:32:26,69.90,18.24
28572ca6264628bbdcd513eb363d6b3a,1,53b36df67ebb7c41585e8d54d6772e08,7d13fca15225358621be4086e1eb0964,2018-05-09 21:10:37,110.00,0.00
2869ddcbc4b0d9b659598ff9b1e68e14,1,e635e8a5d128d27888d6bf5aace09298,ea8482cd71df3c1969d7b9473ff13abc,2017-11-17 10:26:45,24.99,7.78
2873470e494bfa664423c256505962e1,1,e4acef9f829635351de593a05d2406da,45d33f715e24d15a6ccf5c17b3a23e3c,2017-02-21 07:54:33,34.87,11.74
28763f36038db84d7ab6ff7b3ef9774d,1,62744bf012b60074e5fa0fcd657cbd34,30a2f535bb48308f991d0b9ad4a8c4bb,2017-02-08 15:05:16,69.90,11.10
2881b13af2b1dee73ff94bad8d235e16,1,e71f3cd0a0ef69b7fd173b32322dc6da,520b493b57809f446cb0a233bb3e25c7,2017-10-26 14:14:17,28.00,9.94
2882e815bbb59314e58194adf2fe61e3,1,0cf573090c66bb30ac5e53c82bdb0403,7202e2ba20579a9bd1acb29e61fe71f6,2018-05-02 00:11:09,45.90,12.79
289a45b09606de7a3d7003baa2b650d0,1,df5032e775a51867fcd72f5b742f2f33,f5a590cf36251cf1162ea35bef76fe84,2017-10-18 22:06:17,1260.00,110.26
289cbae847c6623b3a488df45f472c66,1,35afc973633aaeb6b877ff57b2793310,4a3ca9315b744ce9f8e9374361493884,2017-09-27 22:48:18,89.90,17.88
28b219f462742fe93f57a52d18b67612,1,793ee3bd01e3ecec7ab94aed9aeee415,9c0e69c7bf2619675bbadf47b43f655a,2017-10-05 02:28:31,179.50,18.83
28bc8f33c194dd4f636717ef490d0921,1,b5e13c9a353102f79c6206ff5cb61a50,a49928bcdf77c55c6d6e05e09a9b4ca5,2018-03-05 10:48:37,89.90,11.83
28ccc6df03d720b1c01c91ce78025016,1,c0704b7b41d23540e8576c5e84484dcb,aac51c486b672a9850d59f3e84b1cf88,2018-08-23 12:50:14,37.00,15.36
28ccc6df03d720b1c01c91ce78025016,2,c0704b7b41d23540e8576c5e84484dcb,aac51c486b672a9850d59f3e84b1cf88,2018-08-23 12:50:14,37.00,15.36
28ce9f21d700f4d00c2d53fe829911f3,1,010c38887e6a41a5acfea2687515b254,cca3071e3e9bb7d12640c9fbe2301306,2017-09-14 18:10:58,59.90,17.67
28cf6655a339bec298464ed6ac5b4550,1,47cd48073d67f91f09cb5ef9496c920b,33a6f4b1e7cdc205511e76ba1b6e0186,2018-03-14 14:50:36,78.99,15.31
28cf6655a339bec298464ed6ac5b4550,2,47cd48073d67f91f09cb5ef9496c920b,33a6f4b1e7cdc205511e76ba1b6e0186,2018-03-14 14:50:36,78.99,15.31
28d0d98e542f0409627c3717348339c4,1,25f86162fee18735fffdb762dcb10d7c,1a3df491d1c4f1589fc2b934ada68bf2,2018-03-14 16:29:44,149.90,15.55
28deb75c8cd00d9b37fc3376aca1cc09,1,7ac0d3f8ac5b60c13d74b02b8cbb4623,f27e33c6d29b5138fa9967bcd445b6d5,2018-02-08 14:30:21,94.90,17.91
28deb75c8cd00d9b37fc3376aca1cc09,2,7ac0d3f8ac5b60c13d74b02b8cbb4623,f27e33c6d29b5138fa9967bcd445b6d5,2018-02-08 14:30:21,94.90,17.91
28f4aecc81f76b7e6055d4c9e6b7e9e4,1,6490b9f63b0b595e1c1402b46b0f50ad,99eaacc9e6046db1c82b163c5f84869f,2017-12-06 22:36:50,279.90,13.46
28fbe65f18578f91f026300af5e6bdbc,1,62d8daeee0db3a60c234c2d1bfd10651,d2374cbcbb3ca4ab1086534108cc3ab7,2017-09-04 18:35:19,24.90,11.85
28fbe65f18578f91f026300af5e6bdbc,2,62d8daeee0db3a60c234c2d1bfd10651,d2374cbcbb3ca4ab1086534108cc3ab7,2017-09-04 18:35:19,24.90,11.85
28fbe65f18578f91f026300af5e6bdbc,3,62d8daeee0db3a60c234c2d1bfd10651,d2374cbcbb3ca4ab1086534108cc3ab7,2017-09-04 18:35:19,24.90,11.85
29062384ce4975f78aeba6a496510386,1,f6129fe69e08f8a94a3ab1e72d9394b6,11bfa66332777660bd0640ee84d47006,2018-02-22 17:10:27,220.99,28.09
29069b15adeec52fc98e512ac98acba2,1,c4baedd846ed09b85f78a781b522f126,a1043bafd471dff536d0c462352beb48,2017-12-19 10:31:48,89.99,26.25
29152a6bbb878d0f03d10e9ee8f59093,1,0dadef6ed70b861b14eddb3a3ca6b73e,955fee9216a65b617aa5c0531780ce60,2018-05-22 11:10:56,48.00,22.06
2921ebd304831878ac888644314d424d,1,282dcadbd8c61f52f06a8ae802b54ee6,c9aafcd0621b2207c10e32c649cada4d,2018-08-13 04:55:24,98.00,15.08
292d3c40e87d260ea28e83b76b5e352c,1,10a96b8c9e62f372aaf40bf8ec897a75,5b2e94f2c22b39ccc24d34ad0f669672,2018-05-23 14:10:00,123.80,36.84
292fa4655c8e30747b2b465a8f4d14f7,1,19421075ae0b585f2dc13ff149e2119d,4c2b230173bb36f9b240f2b8ac11786e,2018-03-05 13:48:42,45.90,7.78
293195bcdbd978c21b548c48185374a7,1,f205a345ee16cad441a50241e820286b,7142540dd4c91e2237acb7e911c4eba2,2017-09-25 16:10:18,59.90,13.44
293f1f31a342e210ff008a393e2955bd,1,fc5dd987f12a7b823a76a44aa1ba88f6,49067458c68f7701fd334ce326accbe0,2018-05-04 16:11:01,28.45,18.23
293f1f31a342e210ff008a393e2955bd,2,7eaf66aca1ed54df09b3c864b7416110,49067458c68f7701fd334ce326accbe0,2018-05-04 16:11:01,28.45,18.23
293f1f31a342e210ff008a393e2955bd,3,9f9a7e97e09d403a01120dc5f4ebf36b,49067458c68f7701fd334ce326accbe0,2018-05-04 16:11:01,28.45,18.23
293f88e33dd760720e689b394b3fadcb,1,dea837d4f3f30b541725d258c15e4ff1,c3867b4666c7d76867627c2f7fb22e21,2017-11-28 16:06:46,60.00,11.92
294d70a37f9e32ceb08958fd03ee49fc,1,4af81c9413dcb40e03e2a1bc15a6448b,525e75a6fb1454a2325ab1734bcec221,2017-07-23 22:10:18,49.90,7.78
294f94df7d2ec239123fdca1a458e0ff,1,3dd2a17168ec895c781a9191c1e95ad7,de722cd6dad950a92b7d4f82673f8833,2018-05-25 14:14:22,149.90,12.71
296354937d156bb322d68e56f8e2729d,1,2a34e0af5f72ca6cdeb148377a247c86,955fee9216a65b617aa5c0531780ce60,2018-06-20 16:41:21,600.00,142.65
2964eb001b521cc23017f1c007a6712b,1,adb1f1939b613f3078806b6afcca0e51,4d6d651bd7684af3fffabd5f08d12e5a,2018-03-28 18:05:23,119.80,35.97
298ee6136c29ce0b78bb3cc68591404a,1,f1d3e7a4605f6cd5f2a3cf9bde5c7845,062ce95fa2ad4dfaedfc79260130565f,2017-05-08 05:33:00,189.90,16.54
29921b6b001ba493f381f3f1d396af16,1,6f3b5b605d91b7439c5e3f5a8dffeea7,7d13fca15225358621be4086e1eb0964,2018-05-13 23:12:26,145.00,13.45
299c93716e44a3cc7521ffd9b2db1fc3,1,67bd616e1ba0d3d3e8545f3113b0140d,e9779976487b77c6d4ac45f75ec7afe9,2018-05-16 03:11:46,14.49,12.79
29a2291d6d805fb5ed5585585715b98f,1,7b35be468d9795a7529f65c50ec87668,7e93a43ef30c4f03f38b393420bc753a,2017-04-06 11:05:18,726.36,20.29
29aefbcf33949b65e5303167977e0362,1,a4ec3aca85c0421e2cd607dc03162791,a2e874074c877c5a05abae80ad6e488f,2018-01-16 14:18:25,67.70,17.18
29c20a338ac69db0ccfe9702b4f94a54,1,e236a6527b89f3e6dacab326f7a33fd9,c3867b4666c7d76867627c2f7fb22e21,2017-08-16 02:50:27,150.00,18.30
29e88d870b2322863f45602dc1a8bd89,1,3da76d120922f2c5c94b3ec02db563c9,dfa0c4c6229ab200a4a1336b4d7128ff,2018-05-09 10:56:50,139.00,23.51
2a08278777d9f1a73321180ce445b630,1,97b1f3f9eeee9126dc8109846aa63ca0,272f092de69afedd4d2969440b37f18f,2017-08-10 12:30:13,49.90,14.10
2a152286cc2026c2332455f5b2ba2980,1,c3798d484fb730f0b5c23af0d5361595,6b90f847357d8981edd79a1eb1bf0acb,2018-06-28 20:18:02,11.90,7.39
2a1ca5e0a47b3b8fdbb8da5b34ed45e8,1,f1d4ce8c6dd66c47bbaa8c6781c2a923,1f9ab4708f3056ede07124aad39a2554,2018-04-16 16:35:19,169.90,21.61
2a4408332d5a4d37e075056a8b46d59e,1,71da6d6632902431cdca2b3a8e681b80,3078096983cf766a32a06257648502d1,2017-10-24 08:28:11,184.60,18.54
2a5c7850b48cf4e26405577d4d2e78e6,1,61d01171a3784bab50137290350e5332,4992e76a42cb3aad7a7047e0d3d7e729,2018-08-15 23:10:10,29.90,12.87
2a5fd2bee90721df67729d2e85221278,1,39084b68d30ae3ce2bdaf467ed4f3dbc,5f1dc28029d2c244352a68107ec2b542,2018-06-04 21:57:58,45.75,7.39
2a65dd524a3b3160b9f67476c8ec40c3,1,db5efde3ad0cc579b130d71c4b2db522,7e93a43ef30c4f03f38b393420bc753a,2017-05-11 14:55:11,249.00,16.95
2a70ce8b5ade3f0195fee5b3afc3bf71,1,bee2e070c39f3dd2f6883a17a5f0da45,4e922959ae960d389249c378d1c939f5,2017-11-22 10:55:28,140.00,15.73
2a77610e00a6f4db47364ddb4871de68,1,aca2eb7d00ea1a7b8ebd4e68314663af,955fee9216a65b617aa5c0531780ce60,2018-01-16 21:13:14,69.90,16.12
2a7c1794496ea317e6f88363616ad9e2,1,9cf46f1d4af935182cc2fa4690a77a00,fa1c13f2614d7b5c4749cbc52fecda94,2018-01-08 17:50:29,152.15,15.82
2a8c23fee101d4d5662fa670396eb8da,1,4fb209073dc2ab6a6d3c259a7c285501,5343d0649eca2a983820bfe93fc4d17e,2018-07-02 17:30:37,226.77,61.20
2a93ea3d6dc877b7e20d51aa102aae6a,1,d65fd7eff38689490b9831828dac8866,2138ccb85b11a4ec1e37afbd1c8eda1f,2017-05-09 16:35:18,34.90,14.11
2a9cb99ef87c3d128dc9ad43a7369854,1,59b51733f8b660874abf04e987218962,53e4c6e0f4312d4d2107a8c9cddf45cd,2017-06-16 16:25:19,47.99,22.67
2a9cb99ef87c3d128dc9ad43a7369854,2,59b51733f8b660874abf04e987218962,53e4c6e0f4312d4d2107a8c9cddf45cd,2017-06-16 16:25:19,47.99,22.67
2a9cb99ef87c3d128dc9ad43a7369854,3,59b51733f8b660874abf04e987218962,53e4c6e0f4312d4d2107a8c9cddf45cd,2017-06-16 16:25:19,47.99,22.67
2aa83d9dae401c1373417afddd15fc5c,1,073ed404e3aec5b0a486334c05ee2fe9,7e93a43ef30c4f03f38b393420bc753a,2017-06-29 09:50:13,419.00,17.69
2aa91108853cecb43c84a5dc5b277475,1,44c2baf621113fa7ac95fa06b4afbc68,3f2af2670e104d1bcb54022274daeac5,2017-10-18 10:07:16,179.00,14.98
2ab10ab526351fd3b05219e9eb4f7d9f,1,d6c69817b519edddbf1b289631b7160e,5670f4db5b62c43d542e1b2d56b0cf7c,2018-06-17 22:31:19,349.97,16.76
2abe97fe40841c06d48dbde9d9df1279,1,516a7c0b152777ac153b6ff568582222,a1544b9ea0b2390e020537d4daa89049,2018-04-18 16:10:20,49.90,7.39
2ac520de90670f0cb695af6630a00c4a,1,9fab8bd1f9c69cf2301b8ad3bec47480,dfa0c4c6229ab200a4a1336b4d7128ff,2018-06-05 15:55:22,39.00,15.23
2ac520de90670f0cb695af6630a00c4a,2,9fab8bd1f9c69cf2301b8ad3bec47480,dfa0c4c6229ab200a4a1336b4d7128ff,2018-06-05 15:55:22,39.00,15.23
2aca6ae53d657c0a06f585816ca6781d,1,353356a910b2a42aa75a888a5d348997,d921b68bf747894be13a97ae52b0f386,2018-05-10 09:30:27,320.00,20.12
2ace7e1ba19304db3cc21291effaa7fc,1,f4f67ccaece962d013a4e1d7dc3a61f7,8581055ce74af1daba164fdbd55a40de,2017-12-05 12:18:36,229.04,22.61
2ade26ce6c23d8df75d4e7444128fc84,1,a4aa7c1427c31344e5f7cc3d839fe562,66922902710d126a0e7d26b0e3805106,2017-10-10 02:56:27,95.00,20.16
2ae00ff32b724a74e37b8264ac4fb85e,1,515848373adcbd9d2fae893d43fb772e,7b98de631987e26dd6d803490c43a13c,2018-07-30 11:31:44,93.90,22.59
2aea39f518e5af3c58b9047d5f0e5e0e,1,4906d62973cf8df98e77484df13685ac,6b243f80ed07b10f0e8aa0f21a205f3c,2018-02-06 14:13:36,29.90,15.10
2aed991f5c4a0db2a7aa9bbaf9f4044f,1,6ed222ae1a69000a035843cc85964446,d1ef48b38baca7e831711c4a0aeb398f,2018-05-10 11:51:33,22.99,22.06
2af07ef80eaeea49803f4f6a3dd99280,1,4e191b1e429b88c6eae1a014f823cb7c,11305281b50fff20ae8bb473f8e11876,2018-02-07 19:14:47,159.99,21.61
2affd5996127141118380e30fdd8964a,1,ae52eeb8383b94455f0a08b1f88ad002,1c68394e931a64f90ea236c5ea590300,2017-12-27 02:10:56,97.52,17.12
2b091bda8d69a64119fa4ec34147f946,1,e53e557d5a159f5aa2c5e995dfdf244b,0b90b6df587eb83608a64ea8b390cf07,2018-03-23 13:31:26,95.00,13.79
2b0d020da35221c291bb03a55f70794a,1,99e6f14f74a00605ad9cfe8c4bb29385,850913d59ce317156b00f3705f1c3edb,2018-04-06 20:49:57,155.00,8.43
2b15043612beef9240f3a17d949c09c9,1,90f97298579cd20412fdcc9b7a2d4b6b,a3dd39f583bc80bd8c5901c95878921e,2017-12-07 04:39:13,119.90,36.16
2b1d482e9b00a6f20d0e5688065cbf2b,1,22f5b63060a1185e5ec7721efd622321,4c8b8048e33af2bf94f2eb547746a916,2017-11-23 01:10:35,14.82,16.79
2b2354a7ca69d0b7f006aeab04524c12,1,52b61d8fa6874704f2c8e96ea62d5535,094ced053e257ae8cae57205592d6712,2018-07-12 10:05:26,58.90,18.51
2b36fe8c73edb9af80b2d3e73b46122a,1,c3debb9f3fb28192343a8f757fd3dc0c,cd68562d3f44870c08922d380acae552,2018-03-01 16:08:13,99.00,12.19
2b36fe8c73edb9af80b2d3e73b46122a,2,c3debb9f3fb28192343a8f757fd3dc0c,cd68562d3f44870c08922d380acae552,2018-03-01 16:08:13,99.00,12.19
2b629b6b09597b429808b20156ec6998,1,acc444eb5ad26f79d5a11baa6a03c439,1025f0e2d44d7041d6cf58b6550e0bfa,2018-03-21 03:30:57,140.00,74.71
2b72e9015af390303d5d89ae0fd64673,1,53759a2ecddad2bb87a079a1f1519f73,1f50f920176fa81dab994f9023523100,2017-11-29 19:36:23,49.00,13.44
2b7a74de7a07d7c71956b675cd98116b,1,a2a91fe6d8762e0371abd964cef88ec6,4992e76a42cb3aad7a7047e0d3d7e729,2017-09-24 22:25:37,25.00,15.10
2b9aa198d33cfb44834120efe900c103,1,23bcd6822a33df5534f9b290216eec1f,ac3508719a1d8f5b7614b798f70af136,2017-06-27 14:45:13,129.90,20.15
2b9fcc0b86e42aaa05818596c7d9299a,1,a6b8385d1008214b2b70342c04e8aafb,abcd2cb37d46c2c8fb1bf071c859fc5b,2017-11-23 02:49:04,146.90,33.48
2ba6f4043547bc847cc055c975cb57cf,1,3f3bb9a9009cafb307bc91e3d8a507b9,d93844a9c55ba7ce353388bcf849ea56,2017-06-29 10:45:10,249.90,26.59
2bc2d6094a9d3a086277687c589123af,1,0d3ae9775bb6537884a4cf722b258d83,de23c3b98a88888289c6f5cc1209054a,2018-04-05 16:10:18,159.90,17.09
2be34c2ba4b5bbab97cc1ab70c699168,1,4886ee6eaf4ab72e0e91ed0c42815f49,0c8380b62e38e8a1e6adbeba7eb9688c,2018-08-24 17:10:55,69.90,19.68
2bfb7f8b84037952c9081f80964396b5,1,6516d379bfcdbdc245518a279cee2a7c,0d85bbda9889ce1f7e63778d24f346eb,2017-11-30 20:52:22,124.90,38.01
2c0032906c603dcc21cd954828fa77d0,1,d359ac1975cd09111b28c63352a88e18,c1ed9e3daf6154542826a6996af0fb8c,2018-02-12 15:55:40,213.75,36.82
2c0b15f658bd85594b7943de2c9719fa,1,d1c427060a0f73f6b889a5c7c61f2ac4,a1043bafd471dff536d0c462352beb48,2017-09-18 14:35:38,149.99,72.18
2c293bd3c9f41735731112a36cbcaf81,1,bd0c8fe7ca76c396baeb6968121eb825,d2e753bb80b7d4faa77483ed00edc8ca,2017-10-19 14:49:26,87.90,12.62
2c293bd3c9f41735731112a36cbcaf81,2,5373e18844eec682770d139ba29cd32c,efcd8d2104f1a05d028af7bad20d974b,2017-10-19 14:49:26,50.00,33.65
2c32c97550e1aef2feba6d0bfa3e2c37,1,775bca2cd0c1c8165c893062195f9429,575df70bde3f9f2b30bf8d2e9910d725,2018-02-23 16:27:26,325.00,15.29
2c4194cb7130f5749ed2f4e8d7328b0d,1,d49ab5dbfc9329699c524e4f513c5e7f,5343d0649eca2a983820bfe93fc4d17e,2018-05-03 13:51:08,237.00,17.63
2c5948305d5a014ba38e3bae99c2fa36,1,5dee2c14e1989141e15d341d4c62d72a,670c26e0f1bf8d0576271d5cfaec6d2b,2018-01-24 02:11:47,95.50,12.80
2c7b41b2acb40e97acfe3dc543de718e,1,6c3fc3c928cf7d57418923ffea326d9a,7a67c85e85bb2ce8582c35f2203ad736,2018-03-14 23:31:26,64.99,19.42
2c7e5cbdab3bc1cc70b61425a7648ff1,1,c6e513054b982283c1cbbb2a45d02d83,f8db351d8c4c4c22c6835c19a46f01b0,2017-12-21 15:12:43,31.90,11.85
2c8ade83a1d38262000ff586fe9b0f8e,1,7fb04722aba7a2b632bac8f9819796f3,f3b80352b986ab4d1057a4b724be19d0,2018-05-24 07:54:14,90.00,14.05
2caa92df77593ebdf24a65d26e9001e2,1,d46fdf0e0cf02b09e384924d6ba77e57,ff4e2d38692ce827b1a4f4b8196e680d,2018-02-21 03:11:16,68.00,15.23
2cb14cadfd564d88f59990e80cd4e81b,1,2604055d4992311bc72b115b6d5adda9,440dd6ab244315c632130ecfb63827b1,2018-03-16 10:20:31,227.00,15.68
2cc24fbadbb75e8e8922ca2671262b0a,1,72b95452ea4355dd9f749878759c92d0,0241d4d5d36f10f80c644447315af0bd,2018-06-12 20:31:05,297.00,34.34
2cc93fd6f68e6cfcb968814de8a14296,1,eed5cbd74fac3bd79b7c7ec95fa7507d,5d378b73ab7dd6f0418d743e5dcb0bd1,2017-10-20 20:00:08,1989.00,34.58
2ccb6bec4f3730c45dafaa8beb92f482,1,6cdd53843498f92890544667809f1595,ccc4bbb5f32a6ab2b7066a4130f114e3,2018-03-07 13:55:26,349.90,20.69
2cdcc5a4a3365e4e73abd4d0774f8636,1,44fc450365728c413fefc547592626be,b839e41795b7f3ad94cc2014a52f6796,2018-06-19 15:03:59,849.00,23.74
2d021148258852ee21ec94ddeb0dbe3a,1,4a0c2a56e65c941a0bb9874c47dd66d8,a673821011d0cec28146ea42f5ab767f,2017-04-17 13:10:16,64.99,11.84
2d14badae001e6b55cd0c31238e284d9,1,d1133fab4bf2da55f3ebdd4de51d8587,86ccac0b835037332a596a33b6949ee1,2017-06-26 14:43:10,56.99,16.16
2d17c499d9ed8dbdfb97368c0f322dc0,1,fb32a0ce23fd67b9db45a4fbd9dde211,7008613ea464bad5cb9b83456e1e6a8f,2018-02-22 11:15:25,57.50,25.24
2d26f440845a3b31ac584864e2d1a82e,1,8a1e1c6e48f0d275628e3c626d57257f,bf100ecb7997df312b285358fb32f92c,2017-07-11 02:55:20,54.90,14.13
2d2af0a625555b1d0ca95f6feed922a9,1,0c90ffc8c44fe5d3e020002cc4da9496,139157dd4daa45c25b0807ffff348363,2017-09-08 11:25:12,29.90,7.78
2d33f101d4220c7eff9e64679870dd44,1,e5bd04e8e3cb77f1a49404d588d3e528,f7ccf836d21b2fb1de37564105216cc1,2018-03-27 12:47:38,31.90,13.71
2d3518f1b535de87ccf593d3892022af,1,c319f453652bff80bc8f9f71d87e56c1,f680f85bee2d253556ac91be391d2c82,2018-03-07 10:30:43,39.99,16.11
2d3b53a594f674cb7c476510f364c430,1,89321f94e35fc6d7903d36f74e351d40,16090f2ca825584b5a147ab24aa30c86,2018-07-31 02:10:33,27.90,18.30
2d3b53a594f674cb7c476510f364c430,2,89321f94e35fc6d7903d36f74e351d40,16090f2ca825584b5a147ab24aa30c86,2018-07-31 02:10:33,27.90,18.30
2d3bc1f6ed458a137c51adc3cab7a488,1,c7a3f1a7f9eef146cc499368b578b884,ba90964cff9b9e0e6f32b23b82465f7b,2018-08-08 09:35:13,1099.00,40.17
2d5ace7adfe7a22628453f05952b4ebd,1,5804729aafca1ebee7b26895d830586e,d94a40fd42351c259927028d163af842,2017-10-19 15:14:09,139.00,25.81
2d6e7665b6e34b4c1531c9e06517b1f9,1,422879e10f46682990de24d770e7f83d,1f50f920176fa81dab994f9023523100,2017-12-08 17:32:13,59.00,13.43
2d6e7665b6e34b4c1531c9e06517b1f9,2,422879e10f46682990de24d770e7f83d,1f50f920176fa81dab994f9023523100,2017-12-08 17:32:13,59.00,13.43
2d6e7665b6e34b4c1531c9e06517b1f9,3,422879e10f46682990de24d770e7f83d,1f50f920176fa81dab994f9023523100,2017-12-08 17:32:13,59.00,13.43
2d825a962a725110b2647050cc636b3f,1,5115d8cd6438c0c4d8abdf38d5d41ebd,6560211a19b47992c3666cc44a7e94c0,2017-11-30 12:31:26,69.00,15.23
2d8589819360cb6c6603825b50230ba4,1,b0961721fd839e9982420e807758a2a6,1f50f920176fa81dab994f9023523100,2017-10-10 03:07:22,59.90,17.67
2d88faf08d61205e21df03548b98d88b,1,9c422a519119dcad7575db5af1ba540e,2b3e4a2a3ea8e01938cabda2a3e5cc79,2018-02-07 02:55:54,53.99,16.82
2da3f67af1db377e56dc9a07b969c9aa,1,50b671fa06a05828948cd518088eba27,855668e0971d4dfd7bef1b6a4133b41b,2017-09-20 02:55:30,20.00,9.34
2da6ebf3d4e564ca7ed21893aa78d820,1,2d0bbec441acd48f8b643a07dd326281,7202e2ba20579a9bd1acb29e61fe71f6,2017-10-05 09:28:16,174.90,15.97
2db55bc45408ca33aa8ff88bbe7fc720,1,67af4652c2b8667182c0071f68af84bb,128639473a139ac0f3e5f5ade55873a5,2017-07-20 02:15:48,11.90,16.79
2dc3a1303e348a49718ef4a190d14eb8,1,b57635031fff59d59857f6e0a18616c1,dd533b429f380718b70ad9922c294bae,2017-09-20 08:15:20,42.00,47.79
2dc8ae13ff86f4dcefb60ddfbaf43df8,1,90f83991bae254d0fd02bdddaa20b340,cca3071e3e9bb7d12640c9fbe2301306,2017-05-03 22:22:20,139.90,19.57
2dd08b72f1dfc49c74883302437e6f6d,1,6d43aa08ee344527fc3e86b90cfd2379,3d871de0142ce09b7081e2b9d1733cb1,2017-10-03 20:14:18,99.00,13.71
2dd6d2ec74e7e4413fd8a04bf7ac124f,1,1b1654fea0a8269f9ba9a1e1258edb61,e5a3438891c0bfdb9394643f95273d8e,2018-03-15 02:15:45,13.30,8.76
2dd6d2ec74e7e4413fd8a04bf7ac124f,2,1b1654fea0a8269f9ba9a1e1258edb61,e5a3438891c0bfdb9394643f95273d8e,2018-03-15 02:15:45,13.30,8.76
2dd6d2ec74e7e4413fd8a04bf7ac124f,3,1b1654fea0a8269f9ba9a1e1258edb61,e5a3438891c0bfdb9394643f95273d8e,2018-03-15 02:15:45,13.30,8.76
2de931311a1cb3001070a6c567124301,1,f7bb503725fb4d7bb55301d5bceba728,55a5b51f93f2b70ea513f5a047b0262a,2017-09-21 13:35:09,99.70,17.14
2df5aaf1eb7caf39dad85e2ce5de84c5,1,b8a0d73b2a06e7910d9864dccdb0cda2,620c87c171fb2a6dd6e8bb4dec959fc6,2018-05-17 11:35:14,69.90,26.03
2e241dd7ebbf1f048d5e0783826066c0,1,514261bb564657b9c123325f5af6bf4f,fa1c13f2614d7b5c4749cbc52fecda94,2018-03-22 22:07:44,759.90,13.67
2e2cbb3249517eed43f1192508daa71a,1,cc3361c59c7af3bd862f41df044549e0,f9244d45189d3a3605499abddeade7d5,2017-09-18 23:25:42,999.90,52.59
2e3889d3a9c61df9a9e1c64f566c6aea,1,4a69bf67fa5c94b8e301ef9c94950755,c0563dd588b775f2e37747ef6ad6c92c,2017-03-06 19:17:59,139.90,12.37
2e39e94b6b5f7944f872ba6bf39b758b,1,fc931a514a3e080c336911cccd59145b,116ccb1a1604bc88e4d234a8c23f33de,2017-11-22 17:15:55,53.00,7.78
2e40f4ca6760b2209d72989c1533fe0c,1,e44f675b60b3a3a2453ec36421e06f0f,218d46b86c1881d022bce9c68a7d4b15,2018-03-13 22:55:31,106.00,13.18
2e4e2813ad5d8dd8582c22307207f800,1,bc0246e1fa0a21cfceaed952d3e9cd38,c8b0e2b0a7095e5d8219575d5e7e1181,2018-01-25 10:34:04,119.99,15.60
2e5dc86c8c4aa663549caf5e31de840d,1,02f8dd9b448d3ec2c73e65a22da1121c,7e93a43ef30c4f03f38b393420bc753a,2017-04-13 10:56:48,124.96,25.00
2e5dc86c8c4aa663549caf5e31de840d,2,02f8dd9b448d3ec2c73e65a22da1121c,7e93a43ef30c4f03f38b393420bc753a,2017-04-13 10:56:48,124.96,25.00
2e76a5ef63f6a5a14ad1de12b201dbd2,1,b60c241f66e031959b70e1c60725f0bc,1835b56ce799e6a4dc4eddc053f04066,2018-06-25 15:31:41,60.00,19.61
2e7e996efcdd5363fe2dc812bf804e58,1,cfb79bfbdaf59cfe2e9ae0a071451f32,f7ccf836d21b2fb1de37564105216cc1,2018-06-19 16:19:28,39.00,13.85
2e99a8c55fe4b528eb671351410cd81d,1,5c692818d313aa12864b48ac0c2472c2,6560211a19b47992c3666cc44a7e94c0,2017-08-03 21:50:10,29.00,15.10
2e9d5ee7d598619b69bba815527c91ed,1,4ae9bdff117a3fa23f6f9d146a65f698,7b07b3c7487f0ea825fc6df75abd658b,2018-07-27 14:45:26,179.90,15.57
2eb25d32344f7fc22c7d52e33110bd51,1,b2572a992f6ea1d1a7eb518d54e64620,6edacfd9f9074789dad6d62ba7950b9c,2017-12-26 11:54:51,113.90,12.00
2eb6d51ef9ae3ae319b31ce4e4ec0097,1,228f57b1acb5bdce9401c58653c8cc14,7e93a43ef30c4f03f38b393420bc753a,2017-06-08 13:30:19,205.81,17.20
2ebb1fd53e7b4bd81b7b1e9242b91262,1,c20a3f598c16d77249da67e81caa8317,955fee9216a65b617aa5c0531780ce60,2018-05-11 09:56:12,33.00,16.32
2ebb1fd53e7b4bd81b7b1e9242b91262,2,c20a3f598c16d77249da67e81caa8317,955fee9216a65b617aa5c0531780ce60,2018-05-11 09:56:12,33.00,16.32
2ec398158cb686267b1f4b102129098e,1,15151e8a937f6a4d1a4f0c03c765c6f2,1444c08e64d55fb3c25f0f09c07ffcf2,2018-05-11 12:15:17,2749.00,69.74
2ec795cf2d2eb7925def2e207f6f648c,1,8527a4190bad5e8443739b3cdb19920b,5c6d4016c2a288f074fa0848a2b653d2,2018-02-08 18:49:00,89.00,15.38
2ed4a7943bbe7f0641a9b23dde2241ec,1,1529199a7d88ac40cef5b4a508f18f2c,9a84ba99f5367fdbd4598363496f1ea2,2017-08-28 18:06:22,59.90,16.86
2ee7854c6d1ee4b64e27764b46dc99ca,1,47cd48073d67f91f09cb5ef9496c920b,fdb9095204a334cd8872252ffec6f2db,2017-09-20 12:50:15,90.00,11.83
2f1a1f6835e7ea0d360901c632fc0cbf,1,ee0c1cf2fbeae95205b4aa506f1469f0,cc419e0650a3c5ba77189a1882b7556a,2018-01-16 07:20:00,53.99,15.13
2f1a5157e323f52d58fca608db06ac82,1,e57eb018e37376580079825eb29a3419,b1fc4f64df5a0e8b6913ab38803c57a9,2017-12-14 14:10:30,80.00,14.31
2f4011790ff902584d5b011f0e35ff1d,1,7329db39e452f3fa1b4f8285055a8e36,968268a686aa05d1f529fb07dff08130,2018-05-10 11:31:19,166.60,13.61
2f48ebdc1794aeb862ea825214ef13b4,1,22d371a03788bba3e56df85011a9e392,4e922959ae960d389249c378d1c939f5,2017-05-18 13:10:28,59.95,15.17
2f4b6bf22d858c8b142942bf133b5b05,1,537ac9105a4aeb58599b4e4581fe8f04,259f7b5e6e482c230e5bfaa670b6bb8f,2017-11-30 21:31:22,35.99,17.92
2f4b6bf22d858c8b142942bf133b5b05,2,537ac9105a4aeb58599b4e4581fe8f04,259f7b5e6e482c230e5bfaa670b6bb8f,2017-11-30 21:31:22,35.99,17.92
2f5474b96da64f62dd8d495a3ab13861,1,33caaf7b2444ac27388cc2908a0413b4,0509040ea3fe50071181bbc359eb7738,2017-07-05 18:05:18,52.90,16.13
2f5474b96da64f62dd8d495a3ab13861,2,33caaf7b2444ac27388cc2908a0413b4,0509040ea3fe50071181bbc359eb7738,2017-07-05 18:05:18,52.90,16.13
2f54db7250b3463f57049dc32ce4ff93,1,f521813909e310116b6b2f0b11f3dd44,09f952a5f58d2285b0372551ae8f9b01,2018-06-27 22:30:57,101.00,16.90
2f62dbff060e1fc79791d3f079b62769,1,aede48631330269f65a8d680de491657,dbc22125167c298ef99da25668e1011f,2017-10-10 00:04:10,83.90,14.32
2f655d9169f2159a439e96af86d28c12,1,ca3d7d7b66676d1731e2fe13b5243c43,850f4f8af5ea87287ac68de36e29107f,2017-07-14 19:05:13,499.90,20.75
2f6ce0fc6861201ce7e46d0b67ca0dc6,1,ffaf0af7eebb57c7f262b51ebb05dfd6,2a61c271b1ac763450d846849783e922,2018-01-30 20:55:20,93.99,38.21
2f6ce0fc6861201ce7e46d0b67ca0dc6,2,ffaf0af7eebb57c7f262b51ebb05dfd6,2a61c271b1ac763450d846849783e922,2018-01-30 20:55:20,93.99,38.21
2f6ce0fc6861201ce7e46d0b67ca0dc6,3,ffaf0af7eebb57c7f262b51ebb05dfd6,2a61c271b1ac763450d846849783e922,2018-01-30 20:55:20,93.99,38.21
2f6ce0fc6861201ce7e46d0b67ca0dc6,4,ffaf0af7eebb57c7f262b51ebb05dfd6,2a61c271b1ac763450d846849783e922,2018-01-30 20:55:20,93.99,38.21
2f803c32f469729b9a81a120bcf74567,1,38ef617a023fc4398829dd8c2b9e8be6,1900267e848ceeba8fa32d80c1a5f5a8,2018-06-04 20:35:20,53.00,18.25
2f913d8514e1297d2b7543d5e7a6f90d,1,d04bbac48960ecb7ea311b00ca6e1cb7,0dd184061fb0eaa7ca37932c68ab91c5,2018-01-25 09:07:53,104.00,15.48
2fb20060c4293790e86d35ac3943e141,1,937c825572d26b9e5a723527c6d625c6,391fc6631aebcf3004804e51b40bcf1e,2017-12-05 11:58:34,45.95,15.10
2fb37826cdb8f506242e4dabb544e516,1,0eef510ccdaf8a53cefc1a8f035f681a,fedf2c1386e137f296b3bbf3b635e69d,2018-05-30 16:21:07,35.28,16.32
2fb37826cdb8f506242e4dabb544e516,2,0eef510ccdaf8a53cefc1a8f035f681a,fedf2c1386e137f296b3bbf3b635e69d,2018-05-30 16:21:07,35.28,16.32
2fb37826cdb8f506242e4dabb544e516,3,0eef510ccdaf8a53cefc1a8f035f681a,fedf2c1386e137f296b3bbf3b635e69d,2018-05-30 16:21:07,35.28,16.32
2fd12ee976f68370d5397cffb377b4b5,1,56ced674bc270d0b2795c254cee81530,f262cbc1c910c83959f849465454ddd3,2018-04-16 18:55:14,49.99,7.39
2ff0dab60f75a10e4f296641d88b5fb0,1,2ac7c9339ff85fff3e1aee3eaf7bb315,8a2d12a90e92f012ce5226fc6592b653,2018-03-07 02:48:23,29.90,15.11
300e2dfe7d37393693973f78426a0807,1,dde21a870db774b452a7286b5e3035c5,1da3aeb70d7989d1e6d9b0e887f97c23,2017-08-17 13:23:43,34.99,8.72
300f22cf9178ce8ef0db12b477f29e8f,1,d4d1de9db08cae166ea1a506ea87769b,70a12e78e608ac31179aea7f8422044b,2017-05-03 02:22:48,21.00,10.96
30192988070ccc8d5f5d40aad62b8ed4,1,141807ad4a13efebac9bbd9609137182,968268a686aa05d1f529fb07dff08130,2018-06-28 18:39:26,149.99,14.63
3025217f257165e00d2312dfe35a9b60,1,c4761af5e6a2183cc23c77a8d16f9d09,31ae0774c17fabd06ff707cc5bde005f,2018-05-02 04:11:11,449.99,99.48
302e35ab075da160f3f02ba14e56d918,1,0c9ff9d8ed9b9bdd825487b3a66e05f5,8581055ce74af1daba164fdbd55a40de,2018-03-06 09:31:15,226.95,34.95
30302e4257bbc6a219101fa79c37c1f1,1,632ba0c3ace598871c24c49380796d57,ec8879960bd2221d5c32f8e12f7da711,2018-04-19 22:10:58,129.90,14.90
303537b4b88abe56ea3a5c0801709c36,1,19c91ef95d509ea33eda93495c4d3481,06a2c3af7b3aee5d69171b0e14f0ee87,2018-06-14 03:11:10,122.99,62.89
303cefa0f5b9ed6af793756df252eff5,1,02ee0862685e90b57cc241b7c9885f95,fe2032dab1a61af8794248c8196565c9,2018-04-17 11:10:53,209.00,16.21
303ee5296914e7240620a31df874be35,1,434487f82b5c35646bd8155cf1946179,3a3e46d10f74d8a6ca76e2b538f106a0,2018-06-03 22:17:36,65.00,12.89
303ee5296914e7240620a31df874be35,2,434487f82b5c35646bd8155cf1946179,3a3e46d10f74d8a6ca76e2b538f106a0,2018-06-03 22:17:36,65.00,12.89
303ee5296914e7240620a31df874be35,3,434487f82b5c35646bd8155cf1946179,3a3e46d10f74d8a6ca76e2b538f106a0,2018-06-03 22:17:36,65.00,12.89
303ee5296914e7240620a31df874be35,4,434487f82b5c35646bd8155cf1946179,3a3e46d10f74d8a6ca76e2b538f106a0,2018-06-03 22:17:36,65.00,12.89
304bf410920449182fb3294bc7405597,1,53ea9da485f6aed8a6f03a85831fe021,fa1c13f2614d7b5c4749cbc52fecda94,2017-12-19 10:52:07,319.00,9.49
305c60efcc38cee62ca817de65418a13,1,f8f93700c26007f74716eca57d217cfd,d57e18d5f73c7ccb7f7339b61166898d,2018-05-07 06:12:48,66.90,8.88
305daa1af560f81a4225d0d70f636a51,1,e834949329e7a91948b7c8a01f508b6d,aba1721a889e04decc910aa13b768ef4,2018-08-15 09:35:19,53.00,7.63
305daa1af560f81a4225d0d70f636a51,2,e834949329e7a91948b7c8a01f508b6d,aba1721a889e04decc910aa13b768ef4,2018-08-15 09:35:19,53.00,7.63
3061eeeda2ce6bbe56d21c705f5d083c,1,9477e72598d2f21dc53f809bd42cf7a2,5dceca129747e92ff8ef7a997dc4f8ca,2017-07-20 02:24:25,139.99,56.37
3061eeeda2ce6bbe56d21c705f5d083c,2,9477e72598d2f21dc53f809bd42cf7a2,5dceca129747e92ff8ef7a997dc4f8ca,2017-07-20 02:24:25,139.99,56.37
3061eeeda2ce6bbe56d21c705f5d083c,3,9477e72598d2f21dc53f809bd42cf7a2,5dceca129747e92ff8ef7a997dc4f8ca,2017-07-20 02:24:25,139.99,56.37
3087dfec43100fd80fab47b128aeaea9,1,99a4788cb24856965c36a24e339b6058,4a3ca9315b744ce9f8e9374361493884,2018-03-12 13:29:58,86.90,17.52
309a6726656b1ace9925bb760fc46b81,1,a3e4a417e7dab3de222f227781c2c291,5dceca129747e92ff8ef7a997dc4f8ca,2017-09-10 22:25:09,887.00,26.70
309c3acdc3ee0846604b0db436a91e94,1,99a4788cb24856965c36a24e339b6058,4a3ca9315b744ce9f8e9374361493884,2017-07-26 20:10:12,89.90,15.38
309de5faf9baa8961fd068f3f4e44dcd,1,a12c9204f6f9e90ad1d8ba5571fbfed2,f262cbc1c910c83959f849465454ddd3,2018-02-06 00:50:40,29.99,14.10
30a1f7a69f9dc03ac7bfd48df243ccef,1,5ad067c2cc9aa18ee03b9ccb5dbd8f8b,dee656f0f566ed1aa85bd137c943f08f,2018-02-07 02:52:56,16.90,15.10
30e5f6d1724b24b1d19d90ec48d9c7d6,1,f33bfcc8610360bf8b4d2831c7f4488e,851773c885feb5e2da3b4f82bc2b17ce,2018-07-12 11:45:39,19.90,14.45
310665e6326967af1b7df9e9ce885ff6,1,fecf6223a3494f35362f670e571d2a04,3db66a856d18a9cba7c9241fc5221c50,2017-11-27 02:26:47,69.90,8.12
310665e6326967af1b7df9e9ce885ff6,2,fecf6223a3494f35362f670e571d2a04,3db66a856d18a9cba7c9241fc5221c50,2017-11-27 02:26:47,69.90,8.12
310abfc7bfd9ed2e2a2ffd77256c284f,1,e9edbdef7d4c22a8507cf7e05d93d96e,522620dcb18a6b31cd7bdf73665113a9,2017-12-01 03:11:41,69.90,15.24
310d1dbc8ae8050a39e80f2a8367047b,1,5b388e2d3e6204d8a3a6698e122bdc4a,e8a85b5f3df47be0984c55fd4064dbb4,2018-03-22 03:31:19,18.00,18.23
311155a0f4009bd8e4936e0ce45324ae,1,653b6b1217fba117599afcc015ffd50a,4a3ccda38b2129705f3fb522db62ca31,2017-11-27 03:46:21,164.90,16.01
311155a0f4009bd8e4936e0ce45324ae,2,653b6b1217fba117599afcc015ffd50a,4a3ccda38b2129705f3fb522db62ca31,2017-11-27 03:46:21,164.90,16.01
311155a0f4009bd8e4936e0ce45324ae,3,4901f0f8eba79934ba3cdfa1fbc02893,4a3ccda38b2129705f3fb522db62ca31,2017-11-27 03:46:21,461.90,8.00
31157b4bc58dc4cb53fb5b390b4a0934,1,8fe3fb275f0151a5bc2e1580d05e0f8f,a1474fd46fd3430168f7ec202da39408,2017-06-26 14:30:21,169.00,18.43
31491a6bf618385b8b23b9924a119e4c,1,22bd45d50bed841763d6f7f58cb7b6ac,3c7c4a49ec3c6550809089c6a2ca9370,2017-10-13 08:56:27,13.99,7.78
315012d9bfdbacc2e9bf37cb91a6d338,1,1846ec5a92ed15d0dbf9e0e86c29085c,d91fb3b7d041e83b64a00a3edfb37e4f,2018-03-16 18:15:34,192.00,19.95
3158067c30c82428202611ba4ee5d977,1,8498a9b0c20fa9075241141de7f756fb,8f2ce03f928b567e3d56181ae20ae952,2017-11-28 08:28:00,99.90,13.25
315ee1669de8cbcaca403bb9c0f2e228,1,b7e5e565cf760233e922ed01e122ca8b,fa1c13f2614d7b5c4749cbc52fecda94,2018-06-13 20:34:33,199.00,16.27
316c859aa0c2b794a3db879c5eb09153,1,a38e6346616a8f362c328b9537b1ca4d,e7df4cd29ab5abab70fb0783ddb53987,2017-12-18 03:39:28,59.90,16.86
316de33d2305716d16f6fba75d609f9e,1,2b7aa376a6e728560bddb5558cc48e89,7c67e1448b00f6e969d365cea6b010ab,2018-03-22 02:29:28,116.99,8.69
316de33d2305716d16f6fba75d609f9e,2,2b7aa376a6e728560bddb5558cc48e89,7c67e1448b00f6e969d365cea6b010ab,2018-03-22 02:29:28,116.99,8.69
316f3f2ab44e5ee70b0d45afcc087e81,1,68c923fddf7f83316b53252eaf830724,7a67c85e85bb2ce8582c35f2203ad736,2017-11-27 06:39:23,72.99,28.91
316f68b737bb9d1e24ca9a1d4de6f352,1,eb0e8515502d5d125d0d9c6ad4b49a60,7722b1df1b0e383e000397b2c11e3e19,2017-07-24 16:45:12,76.90,15.30
317bfcd79627d89d54a917da6e066beb,1,2e511b5741ab14e7f5294df6f1310b03,00fc707aaaad2d31347cf883cd2dfe10,2018-03-22 10:15:50,110.00,13.89
317c1b8ef01e3a3f2cf00c255bf96d5a,1,2948658cb6abc82847412be7201bfc4c,955fee9216a65b617aa5c0531780ce60,2018-06-14 05:16:28,110.00,34.31
317f677073cd35ced91d8e59ce483b0e,1,063d853b6d570a9a5d06e8e044658c21,0cbcee27c791afa0cdcb08587a2013a8,2018-05-07 01:50:09,139.00,19.94
3189959300e5acc4558e39ee4026e122,1,3e442d09f9dfef002aadf31960869f65,85d9eb9ddc5d00ca9336a2219c97bb13,2018-01-09 02:50:44,31.90,14.10
31944c223e12e51000bbca2b8705ebf7,1,e0d64dcfaa3b6db5c54ca298ae101d05,4869f7a5dfa277a7dca6462dcf3b52b2,2017-07-26 02:25:39,189.99,16.08
3198a007090c3a630beb0fe82d14a0c6,1,cd0c6e2f80f5a0ea7e366b01bcb66154,db4350fd57ae30082dec7acbaacc17f9,2017-05-31 02:50:19,16.99,15.10
319bc82f24defe9aea4274a6bded23ab,1,0f398da178a64533d9576940656d23cb,41b39e28db005d9731d9d485a83b4c38,2017-11-23 16:46:01,119.90,13.39
31a8766241a787028fc15329259dd644,1,53ea9da485f6aed8a6f03a85831fe021,fa1c13f2614d7b5c4749cbc52fecda94,2018-02-07 10:15:32,348.80,16.19
31bc09fdbd701a7a4f9b55b5955b8687,1,e5ff2945f13a69162a72acc5170ba684,a3e9a2c700480d9bb01fba070ba80a0e,2017-10-19 01:14:32,166.00,98.53
31bfcb30bb17876d402e178810ac042f,1,9e104e498448eaafc576278446e9bdd5,b1aaae6b66ad3c40f54b389d7ea4bee0,2017-03-10 15:43:00,86.25,8.97
31c5b1c46eed53925a1f2feb3493ba31,1,5f504b3a1c75b73d6151be81eb05bdc9,834f3294fba9f932f56edc879193f925,2017-09-22 17:15:19,610.00,65.01
31c728d11563b29a76dc77a51634588c,1,614c372933e8129d83b410afdbbb5305,44073f8b7e41514de3b7815dd0237f4f,2017-09-28 21:25:16,288.00,70.44
31c8528678f80f4491b0e2634ae8940e,1,89b121bee266dcd25688a1ba72eefb61,2eb70248d66e0e3ef83659f71b244378,2018-04-25 08:30:07,79.90,15.44
31ffe8189e41e4bbad1c872b804c6bfd,1,c413fa08b405af6edb9d49e85e241c08,b76dba6c951ab00dc4edf0a1aa88037e,2017-04-20 20:05:09,12.97,10.96
3200257acc9dd36d1fa819e72fca7e59,1,167b4b8c4bd0c401bea62f5e050d70a4,25c5c91f63607446a97b143d2d535d31,2017-12-11 15:13:44,149.87,16.81
3200257acc9dd36d1fa819e72fca7e59,2,167b4b8c4bd0c401bea62f5e050d70a4,25c5c91f63607446a97b143d2d535d31,2017-12-11 15:13:44,149.87,16.81
320647e42dac370c80184c0f74433cac,1,a4aa7c1427c31344e5f7cc3d839fe562,66922902710d126a0e7d26b0e3805106,2017-09-20 02:55:15,110.00,22.64
320f8045f186a371da49b2360c152bff,1,d285360f29ac7fd97640bf0baef03de0,fa1c13f2614d7b5c4749cbc52fecda94,2017-11-17 16:50:33,348.80,9.70
321449a02a8bb4029e39f54fe306be0b,1,6cf22bb1523c34ad8da500d1084155a5,fa1c13f2614d7b5c4749cbc52fecda94,2018-07-09 23:50:10,144.90,19.11
321b1257cfaf6c0ca8a709d230158920,1,f1c7f353075ce59d8a6f3cf58f419c9c,37be5a7c751166fbc5f8ccba4119e043,2017-08-02 13:45:13,205.00,15.04
321b1257cfaf6c0ca8a709d230158920,2,f1c7f353075ce59d8a6f3cf58f419c9c,37be5a7c751166fbc5f8ccba4119e043,2017-08-02 13:45:13,205.00,15.04
321d9d09f4d1ffa67dd4ca76b9914da0,1,283dc451ad3918badb976d56ff887289,da8622b14eb17ae2831f4ac5b9dab84a,2017-11-14 20:35:35,89.90,17.88
322cf8d33165964665e1529f6cbf4f28,1,686476adb39d272e27b0dd7c111d3762,ba143b05f0110f0dc71ad71b4466ce92,2018-05-16 02:57:14,51.49,8.88
323a708130dd958865650c8917116819,1,d04857e7b4b708ee8b8b9921163edba3,9f505651f4a6abe901a56cdc21508025,2018-03-22 03:31:04,67.99,35.61
323edcfa718f1be4d393578d24d3072a,1,5b226d7c52f86ac72457617f78cff95d,1835b56ce799e6a4dc4eddc053f04066,2018-08-01 19:55:15,80.00,14.14
3249acacf413f55e488c452cf8b84651,1,ff5d87897ed26d564711df324b98ebee,d921b68bf747894be13a97ae52b0f386,2018-05-11 18:09:59,249.90,23.46
326c29ec5b89834b17aea7d85302fd70,1,99a4788cb24856965c36a24e339b6058,4a3ca9315b744ce9f8e9374361493884,2017-06-01 02:50:25,89.90,12.13
329033bcfc8c56c7d06fb88f2e60f320,1,7486c1fa8968fae4af4c32882f72dbe6,9f505651f4a6abe901a56cdc21508025,2018-03-13 23:10:34,29.99,8.40
32934ee250c2eb4a72f61dd37e4f5a81,1,ddcb7473fdc5368c019e3ef6fbde816b,5d0363b33554b373851fc1622e4d5f3c,2018-06-15 15:20:35,62.00,16.71
329818399e3d2636cd3618c0f52954eb,1,93c902b021a9e594f658ab1b0351602a,2e90cb1677d35cfe24eef47d441b7c87,2018-06-26 23:31:45,103.90,11.75
32a5dab70d12a1ed24b1f79bbf17bdc7,1,431d674f9a4fbd0957ecf6ba3fcb6899,53243585a1d6dc2643021fd1853d8905,2017-09-19 19:55:12,299.99,22.90
32a854aa037f2b66f8172754fccfddbc,1,be3b8f91ced393f1ce60aacfb6a04c1d,46dc3b2cc0980fb8ec44634e21d2718e,2017-12-13 21:10:43,269.99,42.96
32a9c2b7a764ba82d9f45c94152f4679,1,50fd2b788dc166edd20512370dac54df,8b321bb669392f5163d04c59e235e066,2018-01-02 21:09:26,21.90,15.10
32e4ab670ff4b606ef9ef7efdea0a284,1,36c63c85321bed52c0f9b359278398e6,6edacfd9f9074789dad6d62ba7950b9c,2018-04-11 10:08:52,84.90,8.95
32e4ab670ff4b606ef9ef7efdea0a284,2,36c63c85321bed52c0f9b359278398e6,6edacfd9f9074789dad6d62ba7950b9c,2018-04-11 10:08:52,84.90,8.95
32f0d08563a05bd541da24218934fdab,1,5c3aca5c078a343b3b873362e7ac2fcc,056b4ada5bbc2c50cc7842547dda6b51,2018-05-15 11:51:47,159.99,14.56
32f0d08563a05bd541da24218934fdab,2,5c3aca5c078a343b3b873362e7ac2fcc,056b4ada5bbc2c50cc7842547dda6b51,2018-05-15 11:51:47,159.99,14.56
32fb9842a1e575a59a048b0f5b471d94,1,5e98b7fecc62c3ebeaa8252269b2d6fe,b1ac6ea7895bc3dd6f0f6f4abbdd2821,2017-06-15 09:10:20,59.00,18.65
33053ee45764f34778295ba8a0a4131d,1,d696750e550fd0f733979dd7e5dff921,9de4643a8dbde634fe55621059d92273,2017-11-27 12:09:59,177.99,17.01
3305840d006ff4ecbf347e2c1a38d698,1,2ff17002562478fb03cd44f09e7ca51a,fa1c13f2614d7b5c4749cbc52fecda94,2017-12-19 02:36:34,227.80,15.34
3313dc446abbe2a29ae4ae064320b334,1,f102842fbe436027eeeb7fc76d3063aa,87142160b41353c4e5fca2360caf6f92,2017-12-14 13:12:21,34.90,17.92
3316b67b63d43c414af962eb7452d56a,1,5a848e4ab52fd5445cdc07aab1c40e48,c826c40d7b19f62a09e2d7c5e7295ee2,2018-03-28 00:28:19,122.99,8.63
331ec8fd37b237cfe255176db487a755,1,35557c68a22ecebcf066e25ca2ddc144,f8db351d8c4c4c22c6835c19a46f01b0,2017-11-07 19:15:19,16.90,8.27
332a6f392ac92a529c0b2a059b959913,1,e9a69340883a438c3f91739d14d3a56d,1b4c3a6f53068f0b6944d2d005c9fc89,2017-03-20 20:28:58,169.90,27.62
3331dbfe6f55503bd3b962d95445ac7f,1,719d571299707561c34ba04ab867b32a,0ef83d7d83ed97cd2a0049ac8be5f88a,2018-04-03 14:35:19,56.89,16.37
333977327b5c548879a21a3b1fc87c48,1,817e1c2d22418c36386406ccacfa53e8,624f4ece8da4aafb77699233d480f8ef,2018-03-15 12:30:52,159.00,44.81
333fd556e66dcdb07b2081f258f42ece,1,4e0afd86a9a0dc22b20d920808613b19,3078096983cf766a32a06257648502d1,2017-11-30 12:12:33,204.90,18.68
33461765475580d8fa316d298bfdf86d,1,437c05a395e9e47f9762e677a7068ce7,7f7b8245c336066a1f9933c359f11d77,2018-04-30 13:31:22,53.50,12.81
3348fa7940562350a8d19cf788f0187b,1,1191e61a83c807323c6c1cb5eac9ff3c,ea8482cd71df3c1969d7b9473ff13abc,2018-02-22 19:26:35,24.99,14.10
334decd7ef04da2ca241d7d049383f5c,1,447540e8fcd91fc4f9b1587aed39882c,0c8380b62e38e8a1e6adbeba7eb9688c,2017-05-29 04:22:35,44.90,16.11
334ea0d577d6491e3b5ea4b5fdc76a75,1,54d9ac713e253fa1fae9c8003b011c2a,955fee9216a65b617aa5c0531780ce60,2018-03-30 13:15:28,35.00,12.43
3363e330c754a732795f39079bb76d55,1,08574b074924071f4e201e151b152b4e,001cca7ae9ae17fb1caed9dfb1094831,2018-01-16 12:17:33,99.00,45.99
33688e8b749940b759d6824ddf7f437e,1,68f6a731b70b2042da9f202d75f7ab2f,17e34d8224d27a541263c4c64b11a56b,2017-12-07 21:39:40,415.37,15.25
336b23be3e03293e27330af8c716f0da,1,8ed094bfe076c568f6bb10feada3f75d,7c67e1448b00f6e969d365cea6b010ab,2018-03-30 14:10:54,169.90,30.31
33701411446fda95a2c013c5e38596ba,1,a8fe47ad6f852f93cc92c7b408687de3,aaed1309374718fdd995ee4c58c9dfcd,2017-12-21 22:11:30,72.90,18.08
33701411446fda95a2c013c5e38596ba,2,a8fe47ad6f852f93cc92c7b408687de3,aaed1309374718fdd995ee4c58c9dfcd,2017-12-21 22:11:30,72.90,18.08
3393e0117eefaf7abdee7c0ec9582632,1,f0cdabacd05bdca526b43e72376521ee,fa40cc5b934574b62717c68f3d678b6d,2017-07-13 11:25:16,48.50,9.34
33a07fed56477fe605818442871aa9bd,1,e7cc48a9daff5436f63d3aad9426f28b,53243585a1d6dc2643021fd1853d8905,2018-08-15 01:05:21,170.00,15.64
33b7a15ce8edde0ee1be98069f2f5fc7,1,391a014a66920fa0ce468319264e0232,ce27a3cc3c8cc1ea79d11e561e9bebb6,2017-09-10 23:30:11,129.90,9.72
33c2430c9d2f05d9d244895aa53b4a82,1,d68e8addce6282d07c77214c6acc8885,a080fc8a850289b27500f6b49cca2553,2018-05-10 16:53:38,130.00,18.79
33cb48a8f9d0e5bf683cda9881aae15e,1,07b90e3c7e287977b2e8cd54a98ddb89,48162d548f5b1b11b9d29d1e01f75a61,2017-03-20 08:43:09,21.90,20.80
33cb48a8f9d0e5bf683cda9881aae15e,2,07b90e3c7e287977b2e8cd54a98ddb89,48162d548f5b1b11b9d29d1e01f75a61,2017-03-20 08:43:09,21.90,20.80
33cb922ef5a6167e70184dafbf013670,1,e53efdeb68fadf8c0cfcd1734bc62d13,93dc87703c046b603023e75222018b45,2018-04-06 13:07:27,199.00,19.27
343289ff41523c04e591262e4af6a288,1,7b44e5ea770ef06810f5df89006cc8b2,c003204e1ab016dfa150abc119207b24,2018-06-29 12:54:24,89.90,23.39
343c609ca3ddf3294e1e2d54ce6d9a76,1,e7bbc0d43d1f5cb09bab95b664236633,897060da8b9a21f655304d50fd935913,2018-01-28 23:42:25,49.00,12.69
3449aa90c200ac98335249ce9f0e3151,1,2eb2543712366c95191841792a725a23,5a05a16bb50629ee31afab8a6d4c2674,2018-04-10 03:10:22,49.90,13.47
3464de846f6595e07bdee9f5a234743c,1,2a2d22ae30e026f1893083c8405ca522,1a3df491d1c4f1589fc2b934ada68bf2,2018-01-19 13:28:53,148.90,17.69
346c0a181df97b0776f3d7d4a2cec70f,1,e708a48b26e6681db248ca125459d365,411f3b52d857390502ee4e4d5ceabc2d,2018-07-10 20:25:19,23.50,7.43
3474c37ad7067402582a2852a08015f7,1,c924e005748982a0f58ec549a7b5e353,7e93a43ef30c4f03f38b393420bc753a,2017-09-14 11:50:15,649.99,19.31
3482fd5db03ecb3857123956a9eeb1a0,1,1dec4c88c685d5a07bf01dcb0f8bf9f8,712e6ed8aa4aa1fa65dab41fed5737e4,2018-05-17 03:50:31,559.00,127.41
34984c4e45c628649f0e6c60a8f626f9,1,f8c2617f62d3371e14acbe60d9483482,f3da5b2ff499efb8d4a6d371d175d7dd,2018-06-06 23:51:54,11.04,7.39
34a989b4dcc21e3151e957dfe67df824,1,173e9fe34bfe97f3a5e6dc57fe897b74,ba143b05f0110f0dc71ad71b4466ce92,2018-05-07 12:59:27,57.49,11.15
34a9f5d9dc692eef97911d47564b1af1,1,d952c09021388fd5b1e5f914f559fb10,2138ccb85b11a4ec1e37afbd1c8eda1f,2017-06-14 09:45:15,18.99,17.63
34b16c8bd1f6af05432cd98e66341f4b,1,d1c427060a0f73f6b889a5c7c61f2ac4,a1043bafd471dff536d0c462352beb48,2018-03-27 19:30:33,139.00,54.72
34ce0ca85ae4e7d8cad0c61a10236321,1,f73e87b204f0a4bcfa8edda38d11b334,817245bcc3badd82bbd222e0366951a6,2018-07-19 14:30:21,149.90,13.71
34d8085664591b6233e939572becebb9,1,89f59eee27a6a49b9f0d887136c71cd4,edb1ef5e36e0c8cd84eb3c9b003e486d,2018-06-12 10:50:43,1299.65,28.07
34d91b022de394cf98320a2109457501,1,df371be2e5f40ffec4285926ae7ebcd1,013900e863eace745d3ec7614cab5b1a,2018-04-19 16:52:52,98.50,23.62
34de5f7952fbd04a9a1e5d7001b014b5,1,323aa447dc953b5592e25c37ce6f36e2,0c7533c71df861ec58ad7ff999ed0e8d,2018-03-01 12:56:09,53.90,14.13
34e356294ae93c00aa77347b2f84ea1b,1,4d78abeaa9c097b5d6ee602bd5986128,f8db351d8c4c4c22c6835c19a46f01b0,2017-09-19 23:05:42,42.90,9.27
34fb24b31d9f7c52c22cc20e8c81449f,1,583f158587cdecda3e8bdea694021e39,955fee9216a65b617aa5c0531780ce60,2018-04-17 09:12:04,45.00,16.32
350038b23604468ee252b66f20af1443,1,dad78ca3a5464684968e4242039b647f,516e7738bd8f735ac19a010ee5450d8d,2018-06-15 09:12:03,94.00,19.63
35029df95fa6e0af9bdba562f4fc8fb5,1,dc6137fdd9c6f341c65966c89c746bd4,1b8356dabde1d35e17cef975c3f82730,2017-04-24 23:01:41,32.99,15.65
350885c9ea4a1a48519246d7ea5518ea,1,3a362c0e7f9a69276e2d95869a3e143b,c70c1b0d8ca86052f45a432a38b73958,2018-05-07 02:38:56,110.32,7.64
351c4682748b3e66dd18732d650baff2,1,2b0ee2d07306f7c9ac55a43166e9bb4b,1900267e848ceeba8fa32d80c1a5f5a8,2018-03-01 16:10:29,59.99,16.18
35219838fa57f17493790b796f51a77e,1,e59dd207c69d86e890febadc796d1078,e9bc59e7b60fc3063eb2290deda4cced,2018-02-28 21:07:30,148.00,17.48
35431beb6e4dc0ce4426a0c9ecac0640,1,39d5577b413907bf3a1d2f9ab9510863,cca3071e3e9bb7d12640c9fbe2301306,2018-01-18 13:28:27,84.26,17.84
354a5b90cf468691c4b06debfd2c8115,1,45f176c0bd310b5d35594fc78a8ed5e5,a3a38f4affed601eb87a97788c949667,2017-02-01 20:01:21,68.99,19.00
354ca0db56ff74ee830a15fcc1416642,1,a9008450835cd38eabdf07eb6dd04bdd,620c87c171fb2a6dd6e8bb4dec959fc6,2017-11-23 20:31:01,109.90,9.51
354ca44327bb555017ef42fd921ada11,1,0de1e69dff6f40f9f71be7034a8bb8d2,620c87c171fb2a6dd6e8bb4dec959fc6,2017-02-03 16:33:23,349.90,18.00
354fa109f2f8c98606b21722fc02433f,1,34c8873cadb5465f46b7a20b6eb0215b,f214d28e8d8e3ef068748498ccc2f813,2018-06-27 02:37:03,24.99,15.28
354fa109f2f8c98606b21722fc02433f,2,34c8873cadb5465f46b7a20b6eb0215b,f214d28e8d8e3ef068748498ccc2f813,2018-06-27 02:37:03,24.99,15.28
35575d651196f286d8d73c2b92653aa1,1,5a848e4ab52fd5445cdc07aab1c40e48,c826c40d7b19f62a09e2d7c5e7295ee2,2017-11-20 10:06:35,122.99,14.36
35575d651196f286d8d73c2b92653aa1,2,f6af9afab66b4968cf9c27dcdfc42047,b2a6d334e2833acea353624840e25a0e,2017-11-20 10:06:35,24.90,14.35
355c14cca8fef764ee4faa28db69342f,1,a025e125dc2c294425e91e9cb1a01789,31561f325664a8a7aba4c8d0c3a9b3db,2018-08-21 10:23:55,55.00,11.42
35660aec0cc42b6257e24281ee0e6255,1,aba86c093ccdbac75b09111d57e50004,7c67e1448b00f6e969d365cea6b010ab,2017-04-12 14:55:17,129.60,25.40
357699224271146ddda4a57375993805,1,98615693c104cb69e8746bdbad198317,f08c008c8a8d31417763738a1788a2a8,2018-01-26 18:33:56,39.90,16.79
357f073c68543005a0065892f53ae4f4,1,0e2d52789a024cfd6f9204778320a8e5,f181738b150df1f37cb0bd72e705b193,2018-07-25 17:31:14,219.00,41.97
357fd478aabae20e8548661577688175,1,587d1beacdb18e5c1f36147edcec3053,8e8a7ce9f2f970dc00e2acf6f6e199f6,2018-05-23 00:15:28,289.00,12.00
3591b137120676965cee41e9cdb29cd0,1,461f43be3bdf8844e65b62d9ac2c7a5a,b33e7c55446eabf8fe1a42d037ac7d6d,2017-11-24 12:15:23,146.00,15.77
3594e05a005ac4d06a72673270ef9ec9,1,5099f7000472b634fea8304448d20825,138dbe45fc62f1e244378131a6801526,2018-05-11 17:56:33,18.90,8.29
35a43762d907c68ab2a6a697fe52a336,1,35afc973633aaeb6b877ff57b2793310,4a3ca9315b744ce9f8e9374361493884,2018-04-04 09:47:55,86.90,21.56
35bc592a16d6706d14d29f07ed1d13c1,1,c87a617241993d71f043ed39858daa43,8476243f92442881ddd5b578975cf115,2018-08-17 15:55:15,639.00,21.40
361454f6abef97fcf00c67ec27a32e6f,1,839d890a7312912b071c1d864b8faf0a,66dc1b1632bd6a3e508510c5b3492107,2018-01-18 11:56:20,39.90,15.10
361454f6abef97fcf00c67ec27a32e6f,2,839d890a7312912b071c1d864b8faf0a,66dc1b1632bd6a3e508510c5b3492107,2018-01-18 11:56:20,39.90,15.10
364f451ee38a4268d7c15d317021eb35,1,18796df281656da4036dd926561a6030,cca3071e3e9bb7d12640c9fbe2301306,2017-12-07 11:50:36,75.78,13.66
364f451ee38a4268d7c15d317021eb35,2,ebf7d9b8166c02eb72e573eebd630458,cca3071e3e9bb7d12640c9fbe2301306,2017-12-07 11:50:36,54.55,10.25
366ad1dd93fb7f77b686017bc779447b,1,06c6e01186af8b98ee1fc9e01f9471e9,fc906263ca5083d09dce42fe02247800,2017-09-08 10:44:26,29.90,15.10
367733070da9a9f5f70e9a9cceb99ea3,1,7932fcce65e2aee84d6feb4a288f9cb9,1e483cc5c76fef08d3ca05f9a8af7d01,2017-05-23 02:15:16,5.90,7.78
3683a05264a0926a8c06607f4623a0a3,1,8805dd9f1994bee68f2e1351c5e64f26,8ae520247981aa06bc94abddf5f46d34,2017-11-23 00:10:47,199.00,16.14
36869aecba8d52a09823c891345e0e32,1,9c6c775832b5204b41694fcf8ca60aae,bd0389da23d89b726abf911cccc54596,2018-03-07 02:48:20,177.90,16.69
3689526fafad22de181f6e9230bb4d49,1,72d2aa9f75bba9d406d4c7170d226c6d,537eb890efff034a88679788b647c564,2017-12-04 15:30:49,14.90,17.63
3689526fafad22de181f6e9230bb4d49,2,71a5f1c2a5fd9889ef26b5ac22aec9c6,537eb890efff034a88679788b647c564,2017-12-04 15:30:49,19.90,17.63
36a37af508b09e391728ea24f49f656c,1,9ad75bd7267e5c724cb42c71ac56ca72,8160255418d5aaa7dbdc9f4c64ebda44,2017-11-21 15:50:36,105.90,13.08
36acd0e7abb8ba0ac7fba360e09c5451,1,f25b4b41194b370120c42e1b19bd2a8a,41b39e28db005d9731d9d485a83b4c38,2017-06-16 17:35:09,144.90,8.27
36b8ca63eb9822b5f68630749ff70e32,1,0e482d9064073154832a2311c821c668,c5f7feb04a6a1fb3596322bfc3cf1917,2018-08-22 09:15:19,34.90,19.43
36cfe0289488f169d3269cea0496d66c,1,f264c1d9b20b5e4a340254d0405e613b,7a67c85e85bb2ce8582c35f2203ad736,2017-09-08 02:45:31,69.99,17.74
36ea72943a97d3bf36050be233ae1151,1,38f3677364ecf032090b33915b155161,ce7d1888639e6fb06b2749cbfdac1ff7,2017-08-31 10:25:10,138.00,25.81
36eb3c711e799624b2138786f704d202,1,b97f763397091be9d344874e6cd31028,ea566164622c6b439516ab18062c42cd,2018-05-17 20:10:20,129.00,8.67
36ebb4199031e72a1fa964549b88c377,1,e7db7c40ea6647c808d48581f1308d88,1d8dbc4f32378d715c717c1c1fc57bae,2018-04-10 08:50:15,109.90,23.35
36ec96a65d616f11a0b1e3863478ac4f,1,b2572a992f6ea1d1a7eb518d54e64620,6edacfd9f9074789dad6d62ba7950b9c,2018-01-17 17:08:26,113.90,13.82
36f264b6ab0169bf0db37101cf2df98f,1,d017a2151d543a9885604dc62a3d9dcc,6560211a19b47992c3666cc44a7e94c0,2018-02-13 14:15:32,49.00,14.10
370098d35ccd8a2af86b57c81ac7d24f,1,2527d5ced6628c0e47d84293794bc208,55dedd83e501d8248880557d9073cbfd,2018-08-22 13:49:40,89.90,15.84
370098d35ccd8a2af86b57c81ac7d24f,2,02a0c276d5a252215b48269dea73a6e7,b90e891671cffd9557f33a97dc523645,2018-08-22 13:49:40,120.00,15.83
37032037a9594be86de78211bab2e548,1,10717ff440b2320081989126e858b220,fdb9095204a334cd8872252ffec6f2db,2018-03-15 23:30:25,138.00,18.55
37032037a9594be86de78211bab2e548,2,10717ff440b2320081989126e858b220,fdb9095204a334cd8872252ffec6f2db,2018-03-15 23:30:25,138.00,18.55
37113d4a4b32eb2a62556a3688dc0277,1,5a848e4ab52fd5445cdc07aab1c40e48,c826c40d7b19f62a09e2d7c5e7295ee2,2017-12-14 12:31:12,122.99,12.36
371dbb83f599fc061ccd8558b577499d,1,d1c427060a0f73f6b889a5c7c61f2ac4,a1043bafd471dff536d0c462352beb48,2017-11-23 19:06:25,149.99,40.38
371f13dd168ce30a881e0db8cf3929fb,1,15ae68f4be12b1e7037da33a1ef9753a,2528513dd95219a6013d4d05176e391a,2017-08-31 10:35:17,599.00,66.87
3724d3f2c0cf415269a35992df297fac,1,83ee94d59dffaab56d55b5766c6d1211,cee48807215b30a12ca2ca10ffb5f250,2017-10-04 23:35:22,45.90,15.10
372f7d827bed42ed537ec39866756e71,1,53759a2ecddad2bb87a079a1f1519f73,1f50f920176fa81dab994f9023523100,2017-09-20 03:04:56,59.90,19.66
372f7d827bed42ed537ec39866756e71,2,53759a2ecddad2bb87a079a1f1519f73,1f50f920176fa81dab994f9023523100,2017-09-20 03:04:56,59.90,19.66
37404c7e8f026ab1b81aef92a59939b5,1,24c002cf6aa7f3c184a964064e2a2e5c,df91910b6a03bb2e3358fa6a35e32f6f,2018-08-07 15:24:25,188.90,19.12
37439c69cc9254ad393066b4061ae5f2,1,bda14a918da6a4fa9168277a57d59578,6a0cbc8af2e8abd1bdfb777943d174c6,2018-01-09 04:29:31,115.00,43.22
3745b3f4f984381ce40a6804a2be23ea,1,29b85c2f1ec5f4d02b03737a8fd3698b,44073f8b7e41514de3b7815dd0237f4f,2017-04-06 10:10:13,183.00,16.98
374d4811c6f3657ec62ffec582801ccd,1,3a4113a7009a9fda9cc0021c98b74332,89de2d6f23e9746ff309705b23581faa,2018-08-09 18:24:00,50.00,19.54
374fcc5350e3372ce0d7cab981d7de90,1,c72edc98e7d77f0c4c04ec80730c05f5,5b925e1d006e9476d738aa200751b73b,2018-04-27 11:31:19,65.00,20.18
3756637ed2fc243af380469a2aa5384c,1,608b018a4443a457a5cd1e58de213cb2,93b9a99027bd8bd6af682aff18dd19bf,2018-02-14 11:12:58,27.00,8.72
375bb4357db0f08e163905aa4bbd5d7d,1,776ef0ee36e20757c513e64903f1fa8a,70a12e78e608ac31179aea7f8422044b,2018-01-05 20:29:22,98.00,21.18
3765a79496712d9bb7eea316cc9ff2c9,1,caf540627b7914ab734c86495fdc95ee,1025f0e2d44d7041d6cf58b6550e0bfa,2017-08-21 15:50:20,360.00,56.96
376ae7556f341edea2995422a5fa74a6,1,f8a9ed2d85e69c00f817d88ee3de7333,e89c4adbe7b1d0819dbb636e16461cf1,2018-07-09 02:53:19,159.00,22.41
3772bd82db6b988f9a7008bdb3a4b729,1,9e4a852f41aff52bafff133d9deb5eee,3d871de0142ce09b7081e2b9d1733cb1,2017-09-08 06:24:30,99.00,17.94
37732eb932f8b2b2b3d7cef77833eec1,1,655110abedc57d73d3b2150d8ba2092a,8160255418d5aaa7dbdc9f4c64ebda44,2017-10-26 22:26:16,103.90,13.07
377761f188a20507117a18c35bc33bde,1,a93582af341a9c4d7e8f150f68cfa595,b2ba3715d723d245138f291a6fe42594,2017-12-06 11:30:31,79.90,12.06
3784bc92c8ff0ca207ed55629e5df7e9,1,2fea0f2cec6b6324a277d4a61c2ed2c6,beadbee30901a7f61d031b6b686095ad,2018-07-16 10:31:51,70.00,7.75
3788e0af9e212034588d6d24fa1b7fd1,1,ef61eac41af4d480bf8e6c728136397d,f8db351d8c4c4c22c6835c19a46f01b0,2018-08-01 23:04:44,39.90,23.08
37921782093cc3bbeec6354572683718,1,a4aa7c1427c31344e5f7cc3d839fe562,66922902710d126a0e7d26b0e3805106,2017-11-21 10:06:39,110.00,58.94
37a5204a049f51a78d2a3b22a808a779,1,4b96786612ebe7463132fce2c4dca136,d94a40fd42351c259927028d163af842,2018-05-10 11:50:40,129.00,26.98
37ac92a80fc763601ead868bb23af05a,1,318026bb905cd235b62c2f2f4eace780,994f04b3718c2bab35c2adfa8afecd2a,2017-12-15 13:50:28,44.90,15.11
37b8c558c5edf11ec6b82f288bcdcf8c,1,b9c742d2c1b06bc064c7aee11440e5ad,ef506c96320abeedfb894c34db06f478,2017-10-13 01:24:58,22.99,7.78
37ccf51b0d53c5e3916005261aa8f75e,1,07a5b461cd248343de7826334c5a03aa,9d681c7e12db302cb261e721040dde65,2018-06-21 02:17:18,59.90,9.55
37e0f821c1cec37404754d4aef37091c,1,55b71bf300a2765a382eaec566df531f,54a1852d1b8f10312c55e906355666ee,2018-05-22 13:51:36,74.99,22.58
37ebc8f9d2308911382c1fd433ba3b7a,1,f9a09e5ecddf77ede4cade6a11624ac9,17a053fcb14bd219540cbde0df490be0,2018-02-06 14:31:39,419.90,67.96
37fef9185066b091254533c2192edd72,1,cf8587a915960e2a8b57c5db574239ad,7e93a43ef30c4f03f38b393420bc753a,2017-05-18 20:05:16,961.60,33.58
3802047602d091427dee04863e71fe21,1,2b4609f8948be18874494203496bc318,cc419e0650a3c5ba77189a1882b7556a,2018-04-10 15:50:19,79.99,8.91
3810ddb734405f64afc7638fd96c9cb5,1,12bc892d6fff0dc42c8177f3665ef00e,e9779976487b77c6d4ac45f75ec7afe9,2017-04-06 02:15:19,29.00,10.96
3810ddb734405f64afc7638fd96c9cb5,2,12bc892d6fff0dc42c8177f3665ef00e,e9779976487b77c6d4ac45f75ec7afe9,2017-04-06 02:15:19,29.00,10.96
381c217ee7fe965c547e4af4c8a70b75,1,82e4ad16521ca131d95e198d507db370,128639473a139ac0f3e5f5ade55873a5,2017-11-10 15:28:26,18.90,12.48
382fe4c08d9dc3aec94cd1aeca20b992,1,9b37a918bcf2c8e1064e867cf1df4637,f27e33c6d29b5138fa9967bcd445b6d5,2017-12-05 02:16:50,34.90,9.34
3841b9f0b88c1f4776e948e96261a099,1,ab4d60f2cff5544a9e5a3d9c7a88373b,bfd27a966d91cfaafdb25d076585f0da,2017-08-15 20:43:27,289.00,18.73
384552460d294e72bca84e0412609b8d,1,5101eb75c72eba49b6ab5e3cb721c99b,c3cfdc648177fdbbbb35635a37472c53,2017-12-28 22:37:35,89.90,25.47
38648b71bc657c2d7c0f96930cee401c,1,f71f42e2381752836563b70beb542f80,85d9eb9ddc5d00ca9336a2219c97bb13,2017-12-12 02:16:05,31.90,16.79
3869937e33c68a5ec38cde1f19a6968c,1,b3132d56d4953f40e977e0534603e148,46dc3b2cc0980fb8ec44634e21d2718e,2017-11-23 08:26:45,259.99,21.31
387620ec766797a584b7e92a41daad5f,1,7a9cf133da2a6494259ffeeab11b6276,db4350fd57ae30082dec7acbaacc17f9,2017-08-29 19:15:19,21.99,17.63
388a9117213936e0290e6e7d50f9fee0,1,4fcb3d9a5f4871e8362dfedbdb02b064,8581055ce74af1daba164fdbd55a40de,2017-05-10 21:15:15,143.80,17.64
38907d62f0ad31245147a7a2378ff1db,1,75d6b6963340c6063f7f4cfcccfe6a30,cc419e0650a3c5ba77189a1882b7556a,2017-06-15 12:32:53,56.99,15.15
389ac865e327bd982cf1101e0a77ff34,1,a92930c327948861c015c919a0bcb4a8,6560211a19b47992c3666cc44a7e94c0,2018-07-09 21:30:54,78.00,18.65
38ac0cc1879cabf9cb23a2e8f217acfe,1,679d1a26cc192f14e7e30ae397f8b089,2a5b78b41cd05baeac8df54c6606b92c,2018-02-21 02:51:47,857.77,18.13
38beac7cca7c937da89f8aedee76f944,1,0a7a5763f6ee3b862ca27208f8fbbdb7,f0e103c63864d5405b958d984b6e94c9,2017-07-24 22:50:12,79.90,8.75
38bf8e12131a605a38265416150b4888,1,66bea887d912474498434fcb72df5a8b,cfb1a033743668a192316f3c6d1d2671,2017-02-18 19:23:50,29.60,15.56
38bf8e12131a605a38265416150b4888,2,66bea887d912474498434fcb72df5a8b,cfb1a033743668a192316f3c6d1d2671,2017-02-18 19:23:50,29.60,15.56
38bff8bbf4905806b94884c0124dff22,1,7d23cee1130604fd310cd483d918540f,e82de6494d91d3c4c54450f59b227a94,2017-10-17 04:28:48,38.00,11.85
38c5c2886f2aab75bb1ae3f79a3f300d,1,5a6b04657a4c5ee34285d1e4619a96b4,ecccfa2bb93b34a3bf033cc5d1dcdc69,2016-10-12 09:10:47,54.99,9.49
38c61d1bbf5143a8c347ebaa490e234b,1,aede48631330269f65a8d680de491657,dbc22125167c298ef99da25668e1011f,2018-01-15 21:12:52,82.90,14.31
38c69a1ea85be350abf04516e9527573,1,6cf22bb1523c34ad8da500d1084155a5,fa1c13f2614d7b5c4749cbc52fecda94,2018-06-12 18:30:20,144.90,7.88
38d1232695dcc849092e1747534fe225,1,58f1f70c378b16f78eff44c7104aa772,3f3486b61f45078d4f31ee5e43d8c5bb,2018-03-27 18:16:06,139.99,23.91
38dcb5499d8854b4b2c6dbaaf983f21e,1,a7c87b1bbdd51e0d68b0307cffd03d47,7e93a43ef30c4f03f38b393420bc753a,2017-06-07 15:42:49,1500.00,37.04
38ec15a8c5ee8b06e98a7db4f56f066a,1,99a4788cb24856965c36a24e339b6058,4a3ca9315b744ce9f8e9374361493884,2017-06-29 11:08:35,89.90,15.38
38fa147f3463d7751cb8a2b2455d628c,1,f908d3bf313a1308bfb2a46ea2685347,25e6ffe976bd75618accfe16cefcbd0d,2017-04-28 20:45:13,35.00,7.72
38fa147f3463d7751cb8a2b2455d628c,2,205cf43d203186d5eb440a791a5b7404,d98eec89afa3380e14463da2aabaea72,2017-04-28 20:45:13,25.00,19.30
38fa147f3463d7751cb8a2b2455d628c,3,205cf43d203186d5eb440a791a5b7404,d98eec89afa3380e14463da2aabaea72,2017-04-28 20:45:13,25.00,19.30
38fa147f3463d7751cb8a2b2455d628c,4,f908d3bf313a1308bfb2a46ea2685347,25e6ffe976bd75618accfe16cefcbd0d,2017-04-28 20:45:13,35.00,7.72
390056468c27192af8354d708051054e,1,cdafffbe81c76e4cb8b1270523215c82,11bfa66332777660bd0640ee84d47006,2018-08-28 03:05:16,4.99,13.71
3900b88a922f66bc0aecfeb3807bec9d,1,36945ab7b40f69883323c9be517b640d,3d871de0142ce09b7081e2b9d1733cb1,2017-06-08 13:02:02,109.90,18.02
390e5f12e01c2af04027580e4cdde515,1,31e3a259123f3ba71c572f0bc08d9e5b,6560211a19b47992c3666cc44a7e94c0,2018-04-05 10:15:11,189.00,20.01
3935314843d69e339825d1b0d7f6ebc0,1,7fb04722aba7a2b632bac8f9819796f3,f3b80352b986ab4d1057a4b724be19d0,2018-05-15 17:15:16,90.00,18.88
393654d81daf611630ac2068a7c9b12b,1,a237de12bdf0bfe4fe220bae65a89731,6c7d50c24b3ccd2fd83b44d8bb34e073,2017-11-06 18:10:20,37.50,17.60
39627a21dc26dd7c2810548c6b6e1e90,1,194d0a84a60aad8916173c4d611f6450,44073f8b7e41514de3b7815dd0237f4f,2017-06-07 10:25:13,230.00,35.41
3967044b1f033a8b079e050cf79b2586,1,ef66e63137bdd1b2e44aa968646fc1e3,1025f0e2d44d7041d6cf58b6550e0bfa,2017-12-01 03:38:32,32.99,9.34
397512738329930b9bf6d624b7db4969,1,5b2b72f58d212a6e4733884ef0ece564,dc4a0fc896dc34b0d5bfec8438291c80,2017-09-22 17:55:44,233.35,18.34
398545ae905dad286c70f01c7e7311e1,1,d63c1011f49d98b976c352955b1c4bea,cc419e0650a3c5ba77189a1882b7556a,2018-04-12 03:28:44,59.99,19.39
398545ae905dad286c70f01c7e7311e1,2,d63c1011f49d98b976c352955b1c4bea,cc419e0650a3c5ba77189a1882b7556a,2018-04-12 03:28:44,59.99,19.39
39863c5c4361d19d8c48522f77fb3bed,1,c2f2d10f8b047f5cffef731479a34432,d91fb3b7d041e83b64a00a3edfb37e4f,2017-07-31 14:03:21,19.20,15.10
398d714b55535c832a8bd66bf83defd9,1,9223a3da528213e384a176a70d92130a,54a1852d1b8f10312c55e906355666ee,2017-09-04 15:32:55,109.99,18.02
39959ff1a251b948e61c0fc006e74d85,1,7b024909c999cdbddc27bcd2a1eaf889,95e03ca3d4146e4011985981aeb959b9,2017-11-07 06:49:15,120.00,17.09
399fecaa30efa4d1624e7314b2eeaead,1,f77dd338d9f75229a09cbb9a18fd0c9a,1c129092bf23f28a5930387c980c0dfc,2018-02-20 16:47:27,25.00,8.72
39a484e6a644f8edeb11c2c8ed218069,1,9bfc55df037ce3ac01bfd84781adf7e5,7d13fca15225358621be4086e1eb0964,2018-03-25 23:09:02,590.00,16.57
39a70e9e9b729b11dee34ac12478597f,1,1d3ecbda18167c766a3381fd16108e4a,dbc22125167c298ef99da25668e1011f,2017-08-22 21:44:13,108.90,20.00
39d92c90ecacf0e6411af62b7bcabe17,1,777d2e438a1b645f3aec9bd57e92672c,4a3ca9315b744ce9f8e9374361493884,2017-09-12 18:24:06,69.90,16.25
39ebbbb18aec8b7d8de948019c3298ab,1,29d6d16a90eb88618b243dc8cf30822a,a3f0b55de503387383c7b1de3ad7f678,2018-05-21 14:51:28,198.90,40.78
39ed55131dcacf19b9dcf0739eefb591,1,ea44caac707f7f1325182a538007f838,855668e0971d4dfd7bef1b6a4133b41b,2017-08-30 13:25:09,50.00,16.60
39f43f2f3fd37877826085cd7e657b14,1,7bd36ed8202ac87cd47e1f0128f137a3,bd0389da23d89b726abf911cccc54596,2018-03-27 17:08:52,69.90,17.20
39f948e000e2da7329061c875b6d35a1,1,a62e25e09e05e6faf31d90c6ec1aa3d1,634964b17796e64304cadf1ad3050fb7,2018-04-16 03:49:43,105.00,9.27
39f9559c0533f3ea56143c01bfdd7d9c,1,ed1d57799b8b974641a1acb3fd994016,acf974e4d5950ad143a247471b831eb9,2017-03-15 02:55:26,40.10,34.97
39f9559c0533f3ea56143c01bfdd7d9c,2,ed1d57799b8b974641a1acb3fd994016,acf974e4d5950ad143a247471b831eb9,2017-03-15 02:55:26,40.10,34.97
39f9559c0533f3ea56143c01bfdd7d9c,3,ed1d57799b8b974641a1acb3fd994016,acf974e4d5950ad143a247471b831eb9,2017-03-15 02:55:26,40.10,34.97
39f9559c0533f3ea56143c01bfdd7d9c,4,ed1d57799b8b974641a1acb3fd994016,acf974e4d5950ad143a247471b831eb9,2017-03-15 02:55:26,40.10,34.97
39f9559c0533f3ea56143c01bfdd7d9c,5,ed1d57799b8b974641a1acb3fd994016,acf974e4d5950ad143a247471b831eb9,2017-03-15 02:55:26,40.10,34.97
39f9559c0533f3ea56143c01bfdd7d9c,6,ed1d57799b8b974641a1acb3fd994016,acf974e4d5950ad143a247471b831eb9,2017-03-15 02:55:26,40.10,34.97
39ff1e358efa92ceae42de6d5f9d37cf,1,b363ba4802d9eca552da85a1125747eb,b92e3c8f9738272ff7c59e111e108d7c,2018-01-02 19:37:21,149.99,20.96
3a04af7ae8cc442a2dad55dec73fb2e6,1,07821918ef487fd64eb20b3c8aeb897f,e9bc59e7b60fc3063eb2290deda4cced,2017-10-03 08:49:19,173.90,15.97
3a04af7ae8cc442a2dad55dec73fb2e6,2,07821918ef487fd64eb20b3c8aeb897f,e9bc59e7b60fc3063eb2290deda4cced,2017-10-03 08:49:19,173.90,15.97
3a04af7ae8cc442a2dad55dec73fb2e6,3,07821918ef487fd64eb20b3c8aeb897f,e9bc59e7b60fc3063eb2290deda4cced,2017-10-03 08:49:19,173.90,15.97
3a0855d32f10ac8041aaa2e84ba0bbc0,1,ce235414ec08d34580ffdc4fdb4825b0,3fd1e727ba94cfe122d165e176ce7967,2018-03-16 10:16:18,16.90,12.79
3a0b207c999d48a7385a3ec9ceb251fe,1,5477e4aa56c945c4c90faca63a98cb7a,066a6914e1ebf3ea95a216c73a986b91,2017-03-02 18:35:11,39.99,15.56
3a0ef207d0d68b9409177eb5829032f6,1,192406641723dcce37e6181abf9aba18,d91fb3b7d041e83b64a00a3edfb37e4f,2018-07-26 19:04:28,64.60,8.19
3a18feefe5d21fab0d8b3af7813510af,1,47061c529d086395e595208595507aa4,1835b56ce799e6a4dc4eddc053f04066,2018-03-27 20:50:29,41.99,19.32
3a340d73b238bb50736793ddb808d21b,1,a0fe1efb855f3e786f0650268cd77f44,ef506c96320abeedfb894c34db06f478,2017-06-01 23:10:16,59.99,21.22
3a3946583c464f57913a9df9c134ba0f,1,ffc9caf33e2d1e9f44e3e06da19085f7,d06d019f72a04e5497a0b64190af170c,2018-06-15 17:15:54,224.00,16.45
3a3abd8e28e6facbad63e5ee376b5cb2,1,cf8316c961640d38321241895b7811c2,da8622b14eb17ae2831f4ac5b9dab84a,2017-12-21 00:12:40,119.90,13.86
3a46125908fdacca936ce28a0b4835ea,1,3fddda7e92c16fa45033a4373a116e00,11bfa66332777660bd0640ee84d47006,2018-01-30 21:37:52,40.99,11.85
3a5c53b7345f82b31c0d656d63f3b8fb,1,6fd08d44046ab994b96ff38ad6fcfba1,768a86e36ad6aae3d03ee3c6433d61df,2018-08-14 03:15:21,28.00,8.36
3a6b05ecacce688f20fecd1824db1c58,1,1ceb0f188c42888c33459e15c22b2c8e,9dd459b29a14bf89d47183cf2cd0e4c7,2018-01-18 18:28:31,150.00,9.86
3a9ddae8c6c9ec787ccf981dbbf34499,1,ab3d3ea8ca19c82c390aef30a8ac4ff1,855668e0971d4dfd7bef1b6a4133b41b,2018-04-04 10:27:59,50.00,8.88
3aa0bcd95f24f4a91c0ca3f0a160ec9f,1,154e7e31ebfa092203795c972e5804a6,cc419e0650a3c5ba77189a1882b7556a,2017-07-18 06:42:58,19.99,11.85
3ab3084e2fd91af8e021237e7bf08cac,1,0c71252f37443403376d2008034a7240,70c27847eca8195c983ed7e798c56743,2018-07-30 04:45:17,107.99,15.86
3ac4f30b6ba23f340792aeebba73158b,1,7b35be468d9795a7529f65c50ec87668,4869f7a5dfa277a7dca6462dcf3b52b2,2018-02-01 20:32:16,579.00,15.55
3ad2072a2c9169681a3bb6138e0f8ef3,1,67bd6a1598204895a42b0b3071a398e0,45ba18c210d42734ec52c0c1c574e9ee,2018-07-13 03:26:09,13.99,7.87
3adcce2e211993b4e696031bf97409dc,1,24dbd57bf68a29e64c462b88087b93ed,ce248b21cb2adc36282ede306b7660e5,2018-05-04 03:51:01,1165.97,78.15
3ae4d97402b1cec4506cad07762d0adc,1,42155695adbe665066ad812855fe523a,e9d99831abad74458942f21e16f33f92,2017-04-24 10:22:22,48.99,14.52
3ae5cb75e3aaf3d9e99637e6c07032e0,1,cd935d283d47f1050c505e1c39c48b67,a3a38f4affed601eb87a97788c949667,2018-03-09 04:15:34,69.90,17.00
3aeb3d4e53be38746876f1f83d3726c2,1,41db6d8062fcd38410c699743ccc0265,92eb0f42c21942b6552362b9b114707d,2018-05-25 13:27:10,13.77,22.06
3af2a81272fcd0c650bd44f53f7e61ef,1,fb7a100ec8c7b34f60cec22b1a9a10e0,d98eec89afa3380e14463da2aabaea72,2017-12-06 15:53:19,49.99,15.10
3b1bf20520476dc7b150dd52f521e525,1,095cb863f2b04911455ad33f5177062e,2059c39f76271d4ca3f15b5ffaccc8b8,2017-06-01 02:25:18,53.90,16.14
3b28722276b5d42721d0122d688f518a,1,5f0bdec2fb222061ed8fe52586a5957d,92eb0f42c21942b6552362b9b114707d,2018-03-08 02:51:09,13.99,11.85
3b28f0058ea921e275c87efadc8f7c32,1,134957eeec87be2414ac629ee0b947a4,87142160b41353c4e5fca2360caf6f92,2017-08-08 03:03:48,19.90,17.63
3b2cfa22d9226264ad6c05510c4a3ef3,1,aa8bc5595ba5d066c744e14995402cdd,fe2032dab1a61af8794248c8196565c9,2017-07-26 10:23:23,279.00,15.70
3b35dfd8bf0ca772d83708ba283e1143,1,99a4788cb24856965c36a24e339b6058,4a3ca9315b744ce9f8e9374361493884,2017-03-09 22:50:19,89.90,11.24
3b43a1faa9745dfcd8ef87937f4cab08,1,3fbc0ef745950c7932d5f2a446189725,06a2c3af7b3aee5d69171b0e14f0ee87,2018-07-18 21:45:58,66.99,27.75
3b4495ee12b140977975b7ef18c904aa,1,8458f51c49c1af4c4b388dab8810215f,955fee9216a65b617aa5c0531780ce60,2017-09-19 12:05:15,39.99,20.75
3b694fa216b9963c2df0ad993a355551,1,06edb72f1e0c64b14c5b79353f7abea3,391fc6631aebcf3004804e51b40bcf1e,2018-04-13 20:08:46,39.99,16.95
3b6bf8d07e34c52b0f65c58afb3df15b,1,b3bcd6f54c943fecf8f51e0b988e5cc9,04308b1ee57b6625f47df1d56f00eedf,2017-11-30 00:30:06,1299.90,34.38
3b714b1a7fdd3fa6787c2e5ecce9977a,1,e482ad963bfb9a9abc51b9850aca97b7,c2d70ce2c5d0a2eb75e78668236e6dc8,2018-06-26 15:31:48,49.00,19.25
3b81643b1ae987887152ef3e6ce0d989,1,93c902b021a9e594f658ab1b0351602a,2e90cb1677d35cfe24eef47d441b7c87,2018-04-11 02:15:30,97.90,16.99
3b8571d1b976c25db4b555a5f04b1968,1,3f4269f81421aadbfc643a23d5dbf3ff,b4ffb71f0cb1b1c3d63fad021ecf93e1,2018-08-13 21:50:20,19.55,18.24
3ba501474fa8bf57cb48c5721307bdef,1,7a585ae6a8f9d910486651811c79f6b8,05d2173d43ea568aa0540eba70d2ca76,2017-12-27 12:10:31,134.57,45.40
3bbf8f927f288e4a1854c7c12d0dc1b7,1,87cb507e0daa37bbf34956fd59eba832,6560211a19b47992c3666cc44a7e94c0,2017-11-09 14:25:38,29.00,14.10
3bbf8f927f288e4a1854c7c12d0dc1b7,2,02475368dfb38934fe55f574024fe1d7,6560211a19b47992c3666cc44a7e94c0,2017-11-09 14:25:38,29.00,14.10
3be9765eafd8ecf60d00e05f4cb35ad1,1,c0874e1265b2428abc4d213e9fa6beb3,06a2c3af7b3aee5d69171b0e14f0ee87,2018-01-31 02:57:41,35.99,25.38
3c0a214a5ba7ab90427502f4d578b659,1,4380015e3e75bf62b57e306d2f4c2827,d91fb3b7d041e83b64a00a3edfb37e4f,2018-04-09 05:50:23,39.00,22.93
3c21823fb08a6a2ff770877efffb1c1a,1,5db096acdea1d87bfa4d07c1cc70c492,3ade81dab5a172b88e1871c28ae05260,2018-02-14 22:10:34,179.00,36.76
3c2988b42a58560a3f8f467ddef9eebb,1,617186c3d97ea56c9c683a8a3974e8c1,cc419e0650a3c5ba77189a1882b7556a,2018-04-12 19:29:06,79.99,12.95
3c2a7cc75899d6a06e8735da9b7fa302,1,c4aa0ceec0529a29290c24f2bb490b3d,92eb0f42c21942b6552362b9b114707d,2017-02-15 22:12:39,12.98,8.72
3c34298915dda196e053873162f24bf4,1,094db48c531e5ce423c4b908ea96535c,86ccac0b835037332a596a33b6949ee1,2017-10-02 08:14:19,258.90,16.56
3c3e5bec9a05202ab008c05c55f951fc,1,e3f7b3cbb0ccf1f1e361e6974b22e346,1835b56ce799e6a4dc4eddc053f04066,2018-08-09 04:24:45,41.00,19.50
3c3e5bec9a05202ab008c05c55f951fc,2,a511bdae1b7671858cdc3398cd601ab1,1835b56ce799e6a4dc4eddc053f04066,2018-08-09 04:24:45,48.99,19.50
3c63f38b18f9c813e6a2947f12708660,1,5dee2c14e1989141e15d341d4c62d72a,670c26e0f1bf8d0576271d5cfaec6d2b,2018-02-22 09:26:30,87.90,12.75
3c75044db750a89606612ed286713eb8,1,a9516a079e37a9c9c36b9b78b10169e8,7c67e1448b00f6e969d365cea6b010ab,2018-03-27 20:31:01,116.99,57.08
3c75e106ed38695c5bbf7fe5ab77a851,1,89321f94e35fc6d7903d36f74e351d40,16090f2ca825584b5a147ab24aa30c86,2018-07-10 20:10:16,27.90,7.94
3c75e106ed38695c5bbf7fe5ab77a851,2,89321f94e35fc6d7903d36f74e351d40,16090f2ca825584b5a147ab24aa30c86,2018-07-10 20:10:16,27.90,7.94
3c8194a8d47f5852dcd52ccbf364596e,1,5ad486e80218c20810521ec57ae5475e,994f04b3718c2bab35c2adfa8afecd2a,2017-12-01 12:56:18,49.90,9.34
3c8876b8e5a484c81a1aa6c8bc4e65d6,1,77cc62dc80ebe12a0452d1ce0565acdc,218d46b86c1881d022bce9c68a7d4b15,2017-09-21 16:44:24,113.00,33.24
3c8ac84fe0d090d76cb65e2db3bdefbf,1,3793f9a5cee3d440b31c209500f28743,14d7985702e72162bbf13b6beb74ab2b,2017-11-21 12:50:29,99.00,14.44
3c91e3497ee8a38751b01e5d549a9bf3,1,d2bea3c01e172037caa99b2d138f39d0,9674754b5a0cb32b638cec001178f799,2017-07-13 21:43:20,16.90,9.34
3cb615977522175b4a3af08f44b44dce,1,2c6aed9079a451ea112d03a78ccc9235,5160d23075764e18e07c1f4a87fad743,2017-10-19 15:14:11,35.00,34.15
3ccb8870c169b9a65a6ce1b3736c49a5,1,24f9bc76d458867944921094745b5473,7ecd59e5e20407131822c1a68ac59c1f,2017-12-28 18:19:36,59.99,16.99
3cda6f52ca254406b2c0ce1ae433a481,1,d5eaad1134bfeff3b2e4a051f652801d,b499c00f28f4b7069ff6550af8c1348a,2018-02-21 02:55:56,71.99,9.09
3cda6f52ca254406b2c0ce1ae433a481,2,d5eaad1134bfeff3b2e4a051f652801d,b499c00f28f4b7069ff6550af8c1348a,2018-02-21 02:55:56,71.99,9.09
3ceec142bbeb4de9939d371d6182d5d6,1,5c3aca5c078a343b3b873362e7ac2fcc,056b4ada5bbc2c50cc7842547dda6b51,2018-05-16 15:11:42,159.99,8.14
3cfb6e2f13d190a67c451cb4a359faee,1,8e8be416148735cd89189a866eaa5925,7142540dd4c91e2237acb7e911c4eba2,2017-12-12 15:19:34,389.90,15.75
3d00fba40b3bbf3283c4f21e9129d855,1,50565731f3aeea3f334d15ab5bb98546,382229d1e840115ffe3dbf5ff460e417,2018-05-24 18:31:41,49.90,15.23
3d07a476264a25476f6a5aa642696bd4,1,f8f93700c26007f74716eca57d217cfd,d57e18d5f73c7ccb7f7339b61166898d,2017-11-22 16:35:34,61.90,9.34
3d0c0f6ab268b67176fd58927a08b69b,1,0a783d7ce18a37749c3a059cf829564b,7e1fb0a3ebfb01ffb3a7dae98bf3238d,2017-05-11 11:42:23,212.00,10.96
3d1a23961fdfd767d8596bd2851bdb5a,1,7bd043584ab4b147b9b19d9e97b299a9,79ebd9a61bac3eaf882805ed4ecfa12a,2018-04-03 09:35:16,129.90,23.49
3d2538dbdbc283f9cb3e187912cf770a,1,6782d593f63105318f46bbf7633279bf,325f3178fb58e2a9778334621eecdbf9,2017-10-30 03:14:09,27.90,7.78
3d3742a96f24a8fe4e2e57628807e476,1,b1e099942b15d8851265f7fb2de457cf,2dd1fb6f0e42a2243b8a01e40cd41216,2017-04-20 06:41:44,159.00,16.41
3d4369dcce579868d4629c19b96260c9,1,af51d485dc5255ba2e18b21b550156e6,5dceca129747e92ff8ef7a997dc4f8ca,2017-07-20 20:05:21,258.90,43.47
3d4bfa3de7e617f61d1ee3c87e95b204,1,87aff1d9a5e94db6840c5b963a5cef90,530ec6109d11eaaf87999465c6afee01,2018-06-05 09:52:14,135.00,27.68
3d4c0bee5a287df3c005b08aebb13911,1,b4436da747c3a53ab07ac0e71de17dcd,cf8ab1616079e2793aa29d524df01bb1,2018-02-01 19:29:43,1599.00,69.74
3d5297364b0d752cbbb48a11a58eef00,1,62224b433a431310bf27129938ad9f64,7b07b3c7487f0ea825fc6df75abd658b,2018-02-07 15:10:32,116.90,16.58
3d6298d6f28bd5a6ce39be4faef068c8,1,d07c0177e489e871713b83a518446ac7,53e4c6e0f4312d4d2107a8c9cddf45cd,2018-05-11 16:12:38,81.99,22.63
3d7b0b699c4690a1cda8c8cef8c5b95c,1,389d119b48cf3043d311335e499d9c6b,1f50f920176fa81dab994f9023523100,2018-01-29 10:20:30,49.90,13.37
3d7b9f89c8227047efa43e1c557e0966,1,adfcb7a9c5e268522c67ea3ab09c1fc4,715bbd5ba4e6b74cb0d2f29eb45058b0,2018-08-16 12:45:18,89.90,19.82
3d894f368ae702ec71a9db9d4d21291d,1,00de7f393d962717eeeb2d7131a40dba,6f892e20a171e98efe17fdb971ff319b,2017-10-20 04:35:14,97.90,34.49
3d966a23ca6c6a3e5dca4053ee2c654a,1,935f558c04547a5f298f32c65d665c23,6fd52c528dcb38be2eea044946b811f8,2018-06-01 02:53:47,129.89,9.26
3da8b1bbe6650411cf568285bb956f90,1,89321f94e35fc6d7903d36f74e351d40,16090f2ca825584b5a147ab24aa30c86,2018-04-25 02:10:45,27.90,7.87
3da8b1bbe6650411cf568285bb956f90,2,89321f94e35fc6d7903d36f74e351d40,16090f2ca825584b5a147ab24aa30c86,2018-04-25 02:10:45,27.90,7.87
3dc3b1441a6356bd23b21ac507bd38d6,1,2e6f3959fac9a271f1d1610c30d4b95c,6560211a19b47992c3666cc44a7e94c0,2018-04-03 12:47:38,59.00,7.39
3dc3b3d8c073e795040be5836fdd8691,1,1641c200f3f8a804770370f3be6eb727,5c243662ce92d84573bfaff24c3e3700,2018-01-23 18:29:58,109.90,21.26
3dd5cc10816f5a16ed7d1c54e7d7549b,1,7fb04722aba7a2b632bac8f9819796f3,f3b80352b986ab4d1057a4b724be19d0,2017-11-30 04:54:39,80.00,28.96
3de642b372ed772362b5a3df6f583046,1,d0a672bae47ae7c26b8e1e2ec152edcf,94e93ce877be27a515118dbfd2c2be41,2017-05-24 02:30:51,152.90,53.67
3dfb708634f7341447767f4ee59fce95,1,b4431ed501beba1c20c06656260d30d5,1127b7f2594683f2510f1c2c834a486b,2017-09-05 21:35:11,39.49,12.69
3e01e667dc4b025af8c5eb4f606cc7a1,1,ed9d81a5043f74cbe0e3db315770af45,522620dcb18a6b31cd7bdf73665113a9,2017-02-07 21:22:15,398.00,18.49
3e1088f1c96e2b55ef9a070866bd1f1e,1,b114bf337c0626166abe574eee9e3f32,7c67e1448b00f6e969d365cea6b010ab,2018-07-18 08:32:02,159.98,45.11
3e153abd068ad6638364a06df17cdc5d,1,0b6a32b32a7dc68b12e8a0e0805c44d5,fa1c13f2614d7b5c4749cbc52fecda94,2018-05-23 09:31:12,195.90,8.56
3e5851bac5137487999e438e2986af8e,1,38da2dd3fddf4b5eda6d46d781fde41b,609e1a9a6c2539919b8205cf7c4e6ff0,2018-08-14 07:10:11,61.90,27.38
3e61448e4e84529ceb5c325efe9f078b,1,339dfa68c25548e53903cd44e090f28f,6560211a19b47992c3666cc44a7e94c0,2017-10-31 02:26:37,29.00,7.78
3e9fee97691551e4a1444f095899d5f9,1,0efe972876d70927f5099b77f387c6c7,4a3ca9315b744ce9f8e9374361493884,2017-09-08 12:04:33,83.90,17.84
3eabaa998b43c58b0d27b9afa79060ad,1,7b44e5ea770ef06810f5df89006cc8b2,c003204e1ab016dfa150abc119207b24,2018-07-02 05:15:17,89.90,13.93
3ec05d74c91669694d41dcf4d7cdc764,1,e15cee02291017f6f12b4115ffb417e6,391fc6631aebcf3004804e51b40bcf1e,2017-06-06 21:10:15,24.75,16.11
3ecb666eda6d2ebb9348dfc65c32252c,1,dfb97c88e066dc22165f31648efe1312,8581055ce74af1daba164fdbd55a40de,2018-01-11 20:09:29,139.00,27.29
3ed46d0aeda8a091370db112656e55cc,1,94a6c010ef78e62cab34c6caf0a69b5f,080102cd0a76b09e0dcf55fcacc60e05,2018-08-21 03:29:48,17.90,7.71
3edb50273f0fec7a7e340030467076bc,1,634256dbcd184b3757ffd7632c9fe52a,42b729f859728f5079499127a9c2ef37,2018-01-23 14:51:26,24.90,7.78
3edb50273f0fec7a7e340030467076bc,2,634256dbcd184b3757ffd7632c9fe52a,42b729f859728f5079499127a9c2ef37,2018-01-23 14:51:26,24.90,7.78
3edb50273f0fec7a7e340030467076bc,3,634256dbcd184b3757ffd7632c9fe52a,42b729f859728f5079499127a9c2ef37,2018-01-23 14:51:26,24.90,7.78
3edb50273f0fec7a7e340030467076bc,4,634256dbcd184b3757ffd7632c9fe52a,42b729f859728f5079499127a9c2ef37,2018-01-23 14:51:26,24.90,7.78
3edb50273f0fec7a7e340030467076bc,5,634256dbcd184b3757ffd7632c9fe52a,42b729f859728f5079499127a9c2ef37,2018-01-23 14:51:26,24.90,7.78
3edb50273f0fec7a7e340030467076bc,6,634256dbcd184b3757ffd7632c9fe52a,42b729f859728f5079499127a9c2ef37,2018-01-23 14:51:26,24.90,7.78
3edfecc4a611653ebb70ad242db1aa56,1,fdd06e4d9669d1f11992a3973a0fdd7b,a5cba26a62b8b4d0145b68b841e62e7f,2018-08-20 19:23:52,239.90,68.82
3ee6a5145ccf8837184fe98c491e232c,1,68b7fda28d528d3fc87e60fcafc5830f,63b464dbf392c7b80d12d932fa7cafed,2017-12-14 17:29:41,179.00,17.99
3ee9bd56fcb90ab8b29de6387760b666,1,9e8762176dba8eada7ed0259e69c3423,66dc1b1632bd6a3e508510c5b3492107,2018-02-22 17:46:46,29.90,11.85
3ef5b20302c49fc70c926348301d065c,1,924a205abfeafade92cf663f19265e94,4ba52dfeba874da5b9ee7b17c7494f04,2017-09-21 19:10:16,79.00,18.12
3ef9cbaa0a848de9dd30b1953d31a730,1,03566b85189259c49476f004ad2afd08,cc419e0650a3c5ba77189a1882b7556a,2017-10-18 01:14:20,44.99,52.13
3ef9cbaa0a848de9dd30b1953d31a730,2,7c1bd920dbdf22470b68bde975dd3ccf,cc419e0650a3c5ba77189a1882b7556a,2017-10-18 01:14:20,58.99,62.55
3f041e89d354fb02648077875c4ad67b,1,3db75f31b76375c502f64d550dcd1166,85d9eb9ddc5d00ca9336a2219c97bb13,2017-07-28 15:05:24,31.90,8.11
3f35e6f6080a0f108570a0f177f8c2bd,1,5a848e4ab52fd5445cdc07aab1c40e48,c826c40d7b19f62a09e2d7c5e7295ee2,2018-03-15 15:28:03,122.99,15.74
3f3f8127c7e0537f9f74550f3504f93d,1,bdcf6a834e8faa30dac3886c7a58e92e,2a84855fd20af891be03bc5924d2b453,2018-07-05 05:31:26,35.90,15.32
3f4d686018624f3b9275acdb244b0fa4,1,6cdd53843498f92890544667809f1595,ccc4bbb5f32a6ab2b7066a4130f114e3,2018-03-20 15:31:39,349.90,69.37
3f6da1442aba80bcf61179602dfab9ca,1,bdef7736f61a507f68b31bd86ddaf69d,3db66a856d18a9cba7c9241fc5221c50,2018-05-21 20:17:06,69.90,27.22
3f74987a2030cff1cd1829b3c4b8149a,1,b1d1dedf9404cb40c2cb575270828994,1025f0e2d44d7041d6cf58b6550e0bfa,2018-02-22 23:31:23,504.00,49.00
3f75bd7be63d165465c46b981942582a,1,d6fe3b4ddecd4a8393c6a1385de3bfb6,7c67e1448b00f6e969d365cea6b010ab,2018-01-25 02:48:45,194.97,39.11
3f7aea4e3cecef996bd62713fbf8712b,1,d4a3b5aa064bf44e74f1e71862bea22a,57c764b4a836300be881e2ff86e449f9,2018-02-08 13:49:41,9.90,15.10
3f7fd60d67674509240c45196f94cf0f,1,b92c9497350a21aafcfe30f2265068d1,575df70bde3f9f2b30bf8d2e9910d725,2017-07-20 16:03:55,8.25,9.34
3f80947ce4ab2d28cede3db5c92e44d7,1,8e7a3ee016b12c87b5e3e7e717620758,955fee9216a65b617aa5c0531780ce60,2018-05-10 07:09:54,110.00,9.12
3f925ae7ffff56f13e03e8bd5711ca70,1,40f9d700a4bf5e0d84c70d704147971f,d354c38a7182125a748cb10474fe963b,2018-03-06 19:50:02,239.99,15.27
3f927a0036358d9522078e7e3007cfe4,1,c72edc98e7d77f0c4c04ec80730c05f5,5b925e1d006e9476d738aa200751b73b,2018-03-23 14:55:42,65.00,11.15
3f9e8fecf02f21c1a57dc20c0e7f95ab,1,7d854ab97c64ef9df2bbfaf332765786,aac29b1b99776be73c3049939652091d,2017-04-20 20:05:09,59.90,13.00
3faacd4730227be7088bc1bfe4878627,1,ed559580d7be0449d8211dc4addc4108,e9779976487b77c6d4ac45f75ec7afe9,2018-02-21 02:47:06,97.49,15.43
3fb4d82a992d06f85994158787a76ff0,1,89321f94e35fc6d7903d36f74e351d40,16090f2ca825584b5a147ab24aa30c86,2018-03-14 02:29:15,27.90,12.79
3fcc23281e8679bfb293a37d2fd3eeb8,1,43d7d26e2969491a49f0f1a376feb6c5,729b2d09b2a0bdab221076327f13d050,2018-03-07 02:35:39,23.90,15.10
3fcf477d8f1cc1e4b5cf7594e9a7090e,1,e44f675b60b3a3a2453ec36421e06f0f,218d46b86c1881d022bce9c68a7d4b15,2018-02-01 11:31:20,107.00,12.25
3fd458f81a4ab505469540d26bcdb598,1,4c2065301aac51ff9004422acc07765d,cb6c9f5888a7a090c75beaf615925792,2018-07-06 10:50:08,92.89,27.42
3fdebcfe1a2cdcd4ee2770a2e28b2af4,1,9b2a0b97c2471793b067f77f2252defa,8f2ce03f928b567e3d56181ae20ae952,2018-01-05 11:06:48,89.90,13.18
3fe3d1ba41519dd81c6d6ebde0c8801b,1,a961143b53bf771400f1bc6bdf396e8d,5011f0d93373a4c5753adf58ca77af8d,2017-08-24 03:24:14,19.90,15.10
3ff7c1060eb0e7df8516ff9025461875,1,968811b51a38b97a73d9fdf59face469,f266295f49a28eee21f413e0cbb0521d,2017-11-16 22:35:28,89.90,18.20
401fb6dadb664eaebc2a116c4672147f,1,964dd0fcba2ca4eff8e31ec74a77d41d,259f7b5e6e482c230e5bfaa670b6bb8f,2017-09-21 02:15:24,35.99,16.60
402094e1d8f8b5f681f962bc2554345a,1,d678178aa4291cd25a755a90188375c8,1025f0e2d44d7041d6cf58b6550e0bfa,2017-11-30 23:14:53,32.99,21.50
402094e1d8f8b5f681f962bc2554345a,2,d678178aa4291cd25a755a90188375c8,1025f0e2d44d7041d6cf58b6550e0bfa,2017-11-30 23:14:53,32.99,21.50
402094e1d8f8b5f681f962bc2554345a,3,7b5d8be0e04080e4c8ee6a7ec2f1f597,1025f0e2d44d7041d6cf58b6550e0bfa,2017-11-30 23:14:53,32.99,10.75
402aa244b88b67e5cc97b78f03488534,1,ac44def10e24998cdee20a208d691127,8160255418d5aaa7dbdc9f4c64ebda44,2018-06-17 22:01:07,89.90,14.94
4030d047c111d2d8a990c6ccfd9e4081,1,d0efdc4a1cc12f88f6a290fda8861fa7,a3e9a2c700480d9bb01fba070ba80a0e,2017-06-21 03:10:15,40.00,17.60
4030d047c111d2d8a990c6ccfd9e4081,2,1aa2ed670a95e9f475723707a7c3f386,a3e9a2c700480d9bb01fba070ba80a0e,2017-06-21 03:10:15,40.00,17.60
403ee67b92b2fc4c2c2ece77d61b168c,1,7aa6e062307255430c735f98b847578e,0adac9fbd9a2b63cccaac4f8756c1ca8,2018-05-10 11:30:24,6.90,18.23
40480952d51c22285abc3b9a16595822,1,c2ece64199af7a53793ed9612a89a8cd,6c7d50c24b3ccd2fd83b44d8bb34e073,2017-09-04 12:45:50,75.00,21.38
40480952d51c22285abc3b9a16595822,2,d3e112316bd3ae29280cec26bd3059fd,5a8e7d5003a1f221f9e1d6e411de7c23,2017-09-04 12:45:50,39.90,6.10
40480952d51c22285abc3b9a16595822,3,d3e112316bd3ae29280cec26bd3059fd,5a8e7d5003a1f221f9e1d6e411de7c23,2017-09-04 12:45:50,39.90,6.10
404e2c2a9c8b32e2c57597440e356f2f,1,aece157b74fa793277ecc4e94bedf9a0,3d871de0142ce09b7081e2b9d1733cb1,2017-12-11 09:07:31,169.90,57.86
40516474d4dead1446fa9e9ae60d233a,1,668c66401c7341a09fbde2bcf15c1d55,6481e96574816ead57975da2c0f6d80d,2018-02-15 09:31:43,60.00,32.78
4055525efb230dfd940236b7888f2012,1,39c4b45f85d57630198b4da1688c13a0,87d3c3aeb3ead335511b3ce315eb341e,2018-07-25 11:30:24,19.99,8.89
407650da5ce96e8de0290f05086d3b49,1,8fc31e1c7f966b5262cfcc89e159d9a7,fd386aa7bed2af3c7035c65506c9b4a3,2018-04-05 14:07:58,40.00,7.39
407fe646704ea7828e324c8ef7e7e616,1,6ee1607bacba780139e7f7fcd316c1d0,5cbbd5a299cab112b7bf23862255e43e,2018-07-31 02:55:20,117.33,8.63
407fe646704ea7828e324c8ef7e7e616,2,3a05a947f28cf46d789adedc107d7595,87142160b41353c4e5fca2360caf6f92,2018-07-27 02:55:20,119.90,39.72
407fe646704ea7828e324c8ef7e7e616,3,3a05a947f28cf46d789adedc107d7595,87142160b41353c4e5fca2360caf6f92,2018-07-27 02:55:20,119.90,39.72
408b675f9e40be5250625c8c70472409,1,6c7e28016af5eda3ec8765073e907d3e,d921b68bf747894be13a97ae52b0f386,2018-07-25 12:55:22,139.90,19.08
408e91bfedadd9e3a02ea46af7e6cb4e,1,07691def223b4568e8ecb5a5b30574b1,b76dba6c951ab00dc4edf0a1aa88037e,2017-08-09 02:50:47,12.97,7.78
40a1c5c49a15e72aac742ee4ff8308b5,1,ebe731afbcf530cfaa1e5260be512e9b,80e6699fe29150b372a0c8a1ebf7dcc8,2017-09-21 12:05:08,169.00,19.42
40a59440b8edfb3c3b493a7df101a0ac,1,48e146e09757f4c6bc13be2f96dd0ec5,1da3aeb70d7989d1e6d9b0e887f97c23,2018-02-28 02:10:43,9.99,7.78
40bb654f08a089c46353cea13d590ac9,1,b09790edda54333116f9cf1decc580a1,d2374cbcbb3ca4ab1086534108cc3ab7,2017-03-27 09:45:17,24.90,14.52
40bdd1ba5a9602677ba0603dfb0a659a,1,17ad6786808ab3fedfb261a70a5932d6,b2ba3715d723d245138f291a6fe42594,2017-10-18 17:49:23,124.90,9.07
40e0f6a96881e259b2be8697beab436c,1,c230b471b7e21ff9060e68ee154afd70,1ca7077d890b907f89be8c954a02686a,2018-01-09 10:26:56,69.99,7.78
40ea2ea8a722cafe20d875802ea20dd7,1,42a2c92a0979a949ca4ea89ec5c7b934,813348c996469b40f2e028d5429d3495,2017-10-26 15:56:21,59.90,21.26
40ea731f6fa10cf721b503b64f3b178e,1,8e312c483d79e02dbc1d68cce77e26c8,cfb1a033743668a192316f3c6d1d2671,2017-07-26 07:10:14,28.90,11.85
40ec2cf5cb1eb0bf1ea2b117552fecb5,1,4e42337065d8ce68661c6df8b2be58a6,70a12e78e608ac31179aea7f8422044b,2017-11-16 09:06:35,75.00,15.28
40fdebf7099c66b23f5856729f82a68a,1,2d4086091519b04cd687a38e33dc276c,87142160b41353c4e5fca2360caf6f92,2017-07-19 02:50:32,128.00,13.92
41490608ca43942cf4ac60d48275a230,1,3dd2a17168ec895c781a9191c1e95ad7,de722cd6dad950a92b7d4f82673f8833,2018-05-22 17:55:41,149.90,10.61
414fe5cf5ccc8afed3c265aede6cc37d,1,3f26ccc2d547ea9b11e5ef9673fb40dc,2138ccb85b11a4ec1e37afbd1c8eda1f,2018-01-16 19:50:26,48.99,17.00
4155cce59e4c6284e17f9143818b2906,1,1d52c0fd7c289b6b7e0dc022067d33e8,70c27847eca8195c983ed7e798c56743,2018-08-23 21:23:53,105.99,18.84
418aaa61ff9515614340e03422fed9c9,1,5bfc7506459ae2a7b4b573fe557a58e1,4a3ca9315b744ce9f8e9374361493884,2017-03-16 14:02:57,69.90,15.70
418e52c121e971463d3804676a3042a2,1,05e75e2ebb007f6cadbc9925311b014b,d20b021d3efdf267a402c402a48ea64b,2018-05-04 13:30:45,46.99,13.71
4198d0f2bb36652e0d18c1f7bbf3b6af,1,234495ab7809d4517bc1330c439da1bb,834f8533b2ecb6598dd004ff3de7203a,2018-04-20 11:31:29,138.94,12.88
41ad2ae32ee66c07ef3b0301ba02ad27,1,4dfbe01419f983d397ed0439f090541d,54965bbe3e4f07ae045b90b0b8541f52,2017-11-30 19:31:45,119.90,21.33
41db0ab7c0c615a697ca63860cd13a33,1,130482add9fd75ccb6c57ba007694a2d,87142160b41353c4e5fca2360caf6f92,2017-11-22 17:15:24,105.00,25.57
41f1c1e22e7befb68bd39a783477ffb2,1,880be32f4db1d9f6e2bec38fb6ac23ab,fa40cc5b934574b62717c68f3d678b6d,2017-09-21 01:10:08,44.90,7.78
42061993a7f760c55ad0f98cb2b7bfea,1,41ad56651f07e2f6f66f9372c0e89071,f84fa566034f5e8e880a07ec624c56af,2018-05-15 18:50:09,29.59,7.39
4207ad8e0e4e4070f271c930d25f72d7,1,368c6c730842d78016ad823897a372db,1f50f920176fa81dab994f9023523100,2017-10-18 00:09:13,59.90,17.67
4207ad8e0e4e4070f271c930d25f72d7,2,368c6c730842d78016ad823897a372db,1f50f920176fa81dab994f9023523100,2017-10-18 00:09:13,59.90,17.67
4208d8402138f772f9c189a1859e1f55,1,1528d0673079ce2d79d29753b800d76e,01fdefa7697d26ad920e9e0346d4bd1b,2017-09-28 17:10:26,59.90,13.44
4212c4acae39b267aabc4696d873cbcf,1,a0fe1efb855f3e786f0650268cd77f44,ef506c96320abeedfb894c34db06f478,2017-02-25 14:25:22,21.99,14.11
421e787a5dec780e5db14facee9bdab5,1,ad2037645597db38527fe3afbe226af2,e9779976487b77c6d4ac45f75ec7afe9,2018-01-15 19:34:19,55.49,16.15
4224f44695338cfa528e9a57d8cbd1e5,1,1c42962612d557f85753b24c2b97070f,6ee85be3693ed79a8e80718743d80655,2017-05-30 20:33:25,34.50,14.10
4225edaa7ed111e8f866bb6e60e2152b,1,af2f3030914ae3eaf70ebc74ecdb8c1c,955fee9216a65b617aa5c0531780ce60,2018-04-23 05:55:46,39.00,13.71
4240d84451ff02c5a7f3f34926699cd9,1,77d58496dfa2a355c62351dd1d3982bd,a513150f33f99a06569e9cd5c4bb889b,2017-12-11 04:13:27,548.35,19.60
4266cc59dbee85121deb59ebfcf36eae,1,9359cb8632f702a16b12ff5464d82d03,cca3071e3e9bb7d12640c9fbe2301306,2017-10-11 13:28:15,119.90,13.18
4293c08add04a8db68205c16fcb0554f,1,58ebe34ff100ca78de11d954b6bede1d,612170e34b97004b3ba37eae81836b4c,2018-08-09 09:55:14,269.90,83.27
42a06602c542e66dd5a4377a0270320a,1,39eef1b4d9ab7a5a121d3436b03ce7d3,f1ed6bd0a9b11b581f16c851c6a5a527,2017-03-14 21:23:13,79.90,17.30
42a1ac4cb7d28070b0c76e92bac2e087,1,6413f7a28e149a324c4a914000399fb2,7a67c85e85bb2ce8582c35f2203ad736,2018-04-10 17:50:26,131.99,21.85
42ba06ad0483c398c580ede8b5bf35a1,1,d285360f29ac7fd97640bf0baef03de0,fa1c13f2614d7b5c4749cbc52fecda94,2017-12-07 02:52:02,348.80,19.72
42c37b18445759836227d8f05e252d10,1,c3f6113d5b61bc95468432072b27e23d,897060da8b9a21f655304d50fd935913,2017-10-16 22:14:14,18.90,15.10
42ffa304e7e734f00e981f377dd18640,1,9262b60f16a326c81c74275472fbe0ce,a3a38f4affed601eb87a97788c949667,2017-05-11 14:42:02,73.90,16.96
43150008aa4569cfef4be756bd7dbdd3,1,583f158587cdecda3e8bdea694021e39,955fee9216a65b617aa5c0531780ce60,2018-01-11 20:55:55,45.00,16.11
43150008aa4569cfef4be756bd7dbdd3,2,583f158587cdecda3e8bdea694021e39,955fee9216a65b617aa5c0531780ce60,2018-01-11 20:55:55,45.00,16.11
4320677b3638816c46bb7ecdf9533fd0,1,53d71d8d9d6878f6f0b9fe0ed79445d5,c60b801f2d52c7f7f91de00870882a75,2018-06-24 23:21:42,210.00,16.57
434455c454a49013064dfa54585892fc,1,e68a5a5626c4b1bfc5ca78202f898300,7a67c85e85bb2ce8582c35f2203ad736,2018-04-03 08:15:19,209.99,25.62
43581787775b8fbac5c4d6dfb76ee984,1,4e1cccfdb088e7e5b74d7a5b1d299364,276677b5d08786d5dce7c2149dcce48b,2018-04-25 02:32:01,329.90,20.19
436a28a029a7c89474beca1de4f02a29,1,f1fe595ee7ef768b41bd9b246d13432d,81a1104df0f08b59c68aa5b03cfe398e,2018-04-04 03:28:52,99.90,17.00
436a9aef30267664e39faf27982b0921,1,3a4776f99a3e55bb2489252ab56253b9,c9c7905cffc4ef9ff9f113554423e671,2018-06-27 21:31:47,229.99,9.77
4381fa4ba1b423dcee980233d6b29d76,1,027cdd14a677a5834bc67a9789db5021,620c87c171fb2a6dd6e8bb4dec959fc6,2017-02-08 19:01:27,99.90,14.87
4399f0c95ac804e27baf82ea7799b102,1,84b6ea77a72c80fa8f23287a4e6c1dc8,7142540dd4c91e2237acb7e911c4eba2,2017-08-09 16:03:22,71.82,13.52
439f6d37b8ba10b7ba975f29ed951beb,1,c323aa503973c298f05ba6787af50384,f97e2b0650c2068227e1d366140eb62f,2018-09-05 11:10:21,387.00,60.62
43a95930524a9c5388fa5e417dc23241,1,f819f0c84a64f02d3a5606ca95edd272,4869f7a5dfa277a7dca6462dcf3b52b2,2017-11-13 09:30:29,689.00,22.07
43cdace79982e3365d435048c203cde9,1,591822285d4ea5a75c3afd6f075771dd,b74d1c09cb380e1d03a6f859c6f4224b,2018-03-15 12:20:32,49.99,15.05
43ceb3a1cbff88e05eab7e0bea014063,1,437c05a395e9e47f9762e677a7068ce7,f84fa566034f5e8e880a07ec624c56af,2018-05-31 02:31:35,53.69,7.39
43d0e984f7e7256bce2b8f15fdfef0dc,1,00b4155166f994ba9da3cf001eb80505,cc63f0dd2acba93ffed4fe9f8e0321fa,2018-06-28 22:13:46,94.00,23.46
43d1fe9178de269c073056a519bac11f,1,8b52d90d2e8716dad633486c6cc94ecf,d71d863e5ef30d94e440c11be17dcd8f,2018-04-03 14:49:37,989.00,21.80
43df7d0ebdaa1d4df7b8f25e2fc50fd8,1,d8cabd83757ecf48a7d2628dee9135c1,fe2032dab1a61af8794248c8196565c9,2018-06-13 17:40:12,189.00,39.59
43e6d698fe37c6ba287d6b20d552a8aa,1,ace5d86cf1ac63cdb76f49e5cd23d2f8,cca3071e3e9bb7d12640c9fbe2301306,2017-07-21 08:06:29,50.90,16.12
43e9d6cfdcf9eaad45b8fb0a3ebcd521,1,3210c94e2542d988d724b0dd72234cdd,e7df4cd29ab5abab70fb0783ddb53987,2018-03-22 20:30:26,89.90,7.49
43eb55273f90173602132799e81d95e2,1,3b09eb8e2d6bb856f77327ebf539e959,53e4c6e0f4312d4d2107a8c9cddf45cd,2018-08-23 12:35:43,120.00,21.28
43f637f4ddf1f51c9a9ab9a34856d259,1,aa280035c50ba62c746480a59045eec4,fa40cc5b934574b62717c68f3d678b6d,2018-02-15 23:50:36,30.50,7.78
43f8e020752c67130ddf027e0297291a,1,8dacc114d37ff4b78075db0d2464022e,6cd68b3ed6d59aaa9fece558ad360c0a,2017-01-30 17:40:03,87.90,14.79
442a9587ce4b40a5d801427b6c0a5383,1,a9e1f2fff48f21f5e6fc9dce739e1160,b9ca8e8baa5d4aa038394a700f63e69f,2018-08-27 12:09:37,64.99,14.77
442c20f1686da98436dda5a6c7c52e16,1,fe01b643060a6446e59f58e3021e66b3,2dee2ce60de9709b1a24083217181a1f,2017-11-30 01:38:29,129.90,38.46
4431ef82561b8626af05cf6e4c30f8a6,1,173c08b531cec70292992396ced22e7d,157c3e4b42f81ac4a44e8b1ca2fe9876,2018-04-19 17:30:53,104.00,23.31
444526825b5ea49c9405bd0d08fb8548,1,db05ec86bc6eba7fe32b9c739d31b10d,0bf0150d5b9d60d9cd2906003332f085,2018-04-12 01:28:13,99.90,40.09
4460d444aff619a6e34f6080d64a3e73,1,77922dd87928c2cf9225946dac2a27a7,5343d0649eca2a983820bfe93fc4d17e,2018-03-21 16:49:07,56.00,16.36
44676f5946200b6318a3a13b081396bc,1,aca2eb7d00ea1a7b8ebd4e68314663af,955fee9216a65b617aa5c0531780ce60,2017-12-08 04:39:19,75.00,21.02
4474caba80193ac70c8175e131162240,1,e4bc26706c5391433592fc23fecce0c7,79ebd9a61bac3eaf882805ed4ecfa12a,2018-02-09 08:50:23,124.90,18.12
448e3433c1fdb3dc2678294be291a7ec,1,1cab19d5be9a1286428e85aaebf82906,dfa0c4c6229ab200a4a1336b4d7128ff,2018-07-05 09:49:42,79.00,16.74
4493e45e7ca1084efcd38ddebf174dda,1,b811b7a802d2bc88a918a9b785a6c18a,9c0e69c7bf2619675bbadf47b43f655a,2017-07-19 02:55:24,217.90,36.85
449a5c83325ac51d98c821405c503183,1,3dd2a17168ec895c781a9191c1e95ad7,de722cd6dad950a92b7d4f82673f8833,2018-01-28 23:18:29,149.90,19.59
449fd66fb16ef36b8f48f9f1f6dfdd3d,1,20518c6950587eb5e8f02dad2fa0d685,aae3bfea055532c57fb453ed3ec80b30,2017-02-25 14:29:03,77.08,25.03
449fd66fb16ef36b8f48f9f1f6dfdd3d,2,20518c6950587eb5e8f02dad2fa0d685,aae3bfea055532c57fb453ed3ec80b30,2017-02-25 14:29:03,77.08,25.03
44a7a7517b62c54dff21797684d6425d,1,8580e348f827bc4699d12de9afc2305f,54a1852d1b8f10312c55e906355666ee,2017-09-21 10:10:18,29.99,34.15
44b24f94400635cc1f692121bc4ef110,1,ec2d43cc59763ec91694573b31f1c29a,1c129092bf23f28a5930387c980c0dfc,2018-02-07 23:10:55,45.90,16.11
44c29a73f92d2ec846b75feec8e70e81,1,900d210e9ea6ee40dd0290df76bde9fc,6a8a889bde935bafa76d7848782dfaf9,2018-06-11 08:30:33,25.49,15.23
44ce6def1c74186615c88a02d09abcb2,1,2b4609f8948be18874494203496bc318,cc419e0650a3c5ba77189a1882b7556a,2018-02-22 09:27:11,89.99,19.17
44cf3a952d8e1d64780add94ffd74dfe,1,461f43be3bdf8844e65b62d9ac2c7a5a,7d13fca15225358621be4086e1eb0964,2018-05-02 01:30:53,123.00,13.30
44e39cef43dc4c715a13ab687ba2c081,1,8eae309a711208a0e5e41e110cddb1ee,d8cf3b6a2151949f930d0252b180ec42,2018-05-11 17:56:57,23.90,15.20
44ed504dda677f0c2509cf533ceffba9,1,59391e840980a4bb6df5f44d3d734df7,bba74270a87732727b5a3b4fd9ac1c39,2017-12-01 15:14:28,49.99,15.10
44ee389142c744e5c8e7b6c8343dbdc7,1,9766ad53f42ee034fbc0e29c85fe626c,41b39e28db005d9731d9d485a83b4c38,2017-05-17 11:05:15,124.90,21.36
4505b87dc4843da73734e3e1a6537999,1,9d3df566a74fbf502fb8badaa5044e74,52a52b9f656520e99716f5bc40f661c8,2018-07-11 16:51:16,78.00,12.28
452df40bad490f0cf38ce75e50211a1b,1,6e77b89d36e50217e6793780a8ce5c82,ea8482cd71df3c1969d7b9473ff13abc,2018-01-05 13:19:17,44.99,11.85
453b1d86b22e9fdb0d1da9c446dd2828,1,389d119b48cf3043d311335e499d9c6b,1f50f920176fa81dab994f9023523100,2017-12-04 16:17:30,59.00,13.43
45445c1dfdf9122c4399129db31fba89,1,19600534553df3c5578890657d824296,8b8cfc8305aa441e4239358c9f6f2485,2017-08-11 19:43:21,449.00,52.36
455bef37f8ae2d5a8d99c72a6ffdbb6e,1,3eb2d78dda82bc83c9b047fbba954dbe,4371b634e0efc0e22b09b52907d9d469,2017-12-14 12:55:54,76.00,15.28
455f52f12a5c5e4dbb291823daafc2ab,1,771a6b6fc2cc294592e31f3c675a091a,5d0363b33554b373851fc1622e4d5f3c,2018-04-16 08:29:25,50.90,13.43
456115679f3b40b36e79c9d0713bcc9e,1,a1a97164f38cfb98511eb68e6b40ad94,1c68394e931a64f90ea236c5ea590300,2018-04-04 15:55:33,67.91,34.57
457ade8093de88b42998c569334a7864,1,1231bc5d1cab6d3f64357eba69240f63,039e6ad9dae79614493083e241147386,2018-05-14 17:31:42,2550.00,66.00
45973912e490866800c0aea8f63099c8,1,46d66b9ad911a2cea5e3c9127aa7fac5,ed859002ad59dbf8cf3602696a6c3000,2016-10-11 22:58:38,178.90,21.75
45973912e490866800c0aea8f63099c8,2,46d66b9ad911a2cea5e3c9127aa7fac5,ed859002ad59dbf8cf3602696a6c3000,2016-10-11 22:58:38,178.90,21.75
45a0a5dc315fa233270e5c4778e54e87,1,f63729cf4441fe64282cd1b82281792d,70eea00b476a314817cefde4aad4f89a,2017-09-25 11:34:20,200.00,14.52
45af143724bdd26ce96b34fbb2d98f0c,1,e0ce26ae52c9ab0b8c8e42129d6c1996,391fc6631aebcf3004804e51b40bcf1e,2017-10-27 11:32:28,24.90,13.37
45b8bb0bfeacbf5aebe4c3f5cbcd2b06,1,c0c5899d3df29722ba3f12be79dfeb10,4e17c65a516f69d023a2ae78b84f28d6,2017-03-19 23:46:04,59.00,14.58
45d40c41efa3e7f0603b753465305bab,1,c9c455f9fd8ca66d3ff7f90a249753b4,96804ea39d96eb908e7c3afdb671bb9e,2017-07-28 16:05:52,109.95,17.21
45d529cd3cced900c59bb90bd0a19ea1,1,4e12e2e91e984c0410e9bfe6ce28ba30,4ce8b55b4bfa4659184e7becc1fba3f2,2018-05-04 19:35:30,80.00,32.31
45d529cd3cced900c59bb90bd0a19ea1,2,dc68f155e986fb3c7550ae1c6800149a,b4ffb71f0cb1b1c3d63fad021ecf93e1,2018-05-04 19:35:30,91.77,9.69
45d9d23c62d17d0c6aadb813d38831b3,1,978859c6048ded0fa8bf3b9ea8236387,813348c996469b40f2e028d5429d3495,2018-03-11 22:10:47,15.30,11.85
45e646cf27d13009d98af6e85560a499,1,f9cce3e19235fa7d11942f69caaa22c7,7202e2ba20579a9bd1acb29e61fe71f6,2017-08-22 11:05:21,239.90,26.96
45e64bfe511bd5e24d56e200e29631b7,1,22a8168cf1f1c6347da8d29863b7f75e,612170e34b97004b3ba37eae81836b4c,2018-07-26 06:41:02,293.90,15.40
460673777918e7a42a262293341ae7d5,1,b7605b5b483063d12bd90a772bff9d21,4a3ca9315b744ce9f8e9374361493884,2018-02-14 22:30:24,48.00,11.85
46081612169925ef8882b3bbf1c5011d,1,8681c71d24e694aaa4c582760736dd00,0ea22c1cfbdc755f86b9b54b39c16043,2017-01-27 08:35:27,44.90,11.06
46081612169925ef8882b3bbf1c5011d,2,d1b8f5983d9573c8e523b8c56a59497d,0ea22c1cfbdc755f86b9b54b39c16043,2017-01-27 08:35:27,79.90,11.07
4615129c8ec596bf8b287b95934c7b78,1,9b0ad21bbd4384f9ebc28a688e1e81cd,128639473a139ac0f3e5f5ade55873a5,2018-05-10 02:35:11,18.90,13.47
462972b78b68d10c722c8ba3f5ba4cfd,1,422879e10f46682990de24d770e7f83d,1f50f920176fa81dab994f9023523100,2018-01-18 16:12:24,49.90,28.75
462ec2e1d2a6a3ae425fdb77837d326d,1,2fd91ba79b5f4f8342b67bd79cb54b3f,a673821011d0cec28146ea42f5ab767f,2018-05-17 17:30:53,49.90,19.32
4638df545f7ab35cb2e4ed4bcb490e17,1,b2b7d701c1f12d5a0f52ec90b0a8f819,17f51e7198701186712e53a39c564617,2017-09-22 19:50:24,760.00,142.35
463cefaa4147d39621500e986396b5cf,1,4583e308182e4e78d5b71b5af1804def,cd68562d3f44870c08922d380acae552,2017-12-14 17:53:37,169.00,27.72
463f34a9bee899d2d1f5f08af0c86d06,1,ee5329ffbe604bebcf84b2fd7792024e,916c9de0b5ad957346eeeb12f332687e,2018-01-18 10:38:29,233.00,18.07
4645204bfe0435a74ce5ada0eb4458ae,1,a2ea7c89ef0c55d5c0a4f7e26752a6a0,9dd59e43f0c9f0553244e8f9c2fb247e,2018-01-10 22:29:21,12.50,15.10
46502a9584712989d3872f32e0e2176c,1,809ed6a364a44fcde2a4d20532e6ac70,ef506c96320abeedfb894c34db06f478,2017-07-06 18:05:25,19.99,15.10
4660bb9edc05ee0d35c8aeaa896f3300,1,165f86fe8b799a708a20ee4ba125c289,7ddcbb64b5bc1ef36ca8c151f6ec77df,2017-11-20 12:15:46,166.99,13.72
4688d8a3d2db532497201af1f0f69376,1,802d4aa654f6b24ca4d5bd2c61c0b079,6288c69c4ce638e59925e59193f98b16,2017-04-11 01:15:10,415.99,17.08
46ab3e1c2c3eed0ed5bd72930759d25e,1,6c3effec7c8ddba466d4f03f982c7aa3,37515688008a7a40ac93e3b2e4ab203f,2017-10-06 13:49:48,19.90,11.85
46bdbe48b6f5daa3dcc38e41599d0403,1,85fe203e9890d4e0f8075977b90241ed,4a3ca9315b744ce9f8e9374361493884,2018-02-21 20:06:40,48.90,15.10
46c123d65d1a90feca91b6c4cf104633,1,67e927f7378303fc91ee4c3fc301bf5a,0951a6e282947e09cd47969f4ed0b47f,2018-08-30 14:50:20,79.80,7.82
46cfd37753bbd00f768165cf4cb7ace1,1,ed38e11473775cde0d65f698aa0a4d27,3d871de0142ce09b7081e2b9d1733cb1,2017-11-01 01:49:09,89.00,10.05
46cfd37753bbd00f768165cf4cb7ace1,2,7b83c11ac78f11bde67542beb12e8163,431af27f296bc6519d890aa5a05fdb11,2017-11-01 01:49:09,54.90,15.07
46cfd37753bbd00f768165cf4cb7ace1,3,7b83c11ac78f11bde67542beb12e8163,431af27f296bc6519d890aa5a05fdb11,2017-11-01 01:49:09,54.90,15.07
46cfd37753bbd00f768165cf4cb7ace1,4,7b83c11ac78f11bde67542beb12e8163,431af27f296bc6519d890aa5a05fdb11,2017-11-01 01:49:09,54.90,15.07
46cfd37753bbd00f768165cf4cb7ace1,5,786733d317255508bd4d648585977611,3d871de0142ce09b7081e2b9d1733cb1,2017-11-01 01:49:09,69.00,10.04
46d0f76081021815e170035bdef4c828,1,e247b2897e35481b4fd5c1bf7ace0f4e,8c16d1f32a54d92897cc437244442e1b,2018-03-02 09:55:32,42.00,15.10
46f25e7d703d3c2141818cd05b8819d8,1,ed39023ccad37336e78bdacb2e20fa69,ef0ace09169ac090589d85746e3e036f,2018-06-25 17:26:33,119.90,27.14
46f8ad0d98c5c3731e1e7988e45f4a4c,1,dc52f0f5d3ec37a93eaf956cde4e5d2c,6560211a19b47992c3666cc44a7e94c0,2018-01-02 13:28:43,49.00,16.79
4719ca093902a5a5aa18812a9750247e,1,4af84afb6aeb941678e2c3c56ee66343,5f1dc28029d2c244352a68107ec2b542,2018-01-24 20:33:35,20.90,9.34
471a6da1b73e8e40114d97f64ad384b7,1,75b433ca888fe027b18dfac89a284667,8b321bb669392f5163d04c59e235e066,2018-05-04 15:31:37,12.90,7.39
4728d981da8b9d9e9fb4c7c069e46509,1,ccf965dc2dedc243ce245610ffcc1e6b,23613d49c3ac2bd302259e55c06c050c,2018-07-12 18:35:24,15.90,12.79
4735d69a263ba04fa00533b8f3d317b1,1,8366b2d52a690d2d4665824069db5d9e,594f9aaa48e5bf431f011ddc5669b0d5,2018-05-10 20:15:17,99.90,15.58
474a5a5d176b5d84afe62cdfa7d69dd9,1,c46340bc7e4d674d73196dfc202fb2cc,5bffbafbb22daf6d3bfc216a46db8708,2017-05-30 07:42:38,999.00,36.03
475daaf912c5d6077ae695875f9e02dd,1,3db75f31b76375c502f64d550dcd1166,85d9eb9ddc5d00ca9336a2219c97bb13,2017-09-22 04:44:23,31.90,16.79
47718199d2ca56a38ae8cfccc158c692,1,566a4f2c4385f36d15c00dfcaae132d1,8b321bb669392f5163d04c59e235e066,2018-02-05 16:31:19,21.90,11.85
47999a7490ff2905f7ca3da2edcc9c52,1,2948658cb6abc82847412be7201bfc4c,955fee9216a65b617aa5c0531780ce60,2018-04-19 13:30:32,120.00,13.75
479b6ef981f240df12226a5ba0abffef,1,78f29023586e374cdc3773ce0af6bd2c,960945e1a9535cbc0cd6ddd35fbe7ae8,2018-07-26 11:03:32,127.26,13.19
47bc2fbe3e9b64a723dd530a4f1612b8,1,b24af8bca8813bcde4140ff8562f5e47,ea8482cd71df3c1969d7b9473ff13abc,2018-02-01 15:58:28,49.99,15.79
47c1158d35b8d9f0453d5f2ddbbcb3b0,1,6fa8b8abbb489a0abba6ad7b79c7ecd9,89de2d6f23e9746ff309705b23581faa,2018-07-30 06:10:18,50.00,23.50
47cb6230e12948960e82a4924f9ca0b1,1,7f4e034245e45549110139d1de248f83,4b9750c8ad28220fe6702d4ecb7c898f,2018-04-13 20:30:05,48.90,9.44
47e488415ce9fda6fee06ab849f35ec0,1,a346944c1cd1e118e4ecc398e51f03a0,f8db351d8c4c4c22c6835c19a46f01b0,2018-02-16 12:05:33,15.90,15.10
47e8ba7c05a52927e500dfc927b74031,1,9f1c3e71d56894398a42b050b07f1baa,92eb0f42c21942b6552362b9b114707d,2018-02-06 02:55:33,12.77,7.78
47ee6fec7ba2a39c23a7c84127e1fac9,1,826f5b971a308b08c7596b03ae80246f,6b243f80ed07b10f0e8aa0f21a205f3c,2018-03-08 11:29:21,49.90,14.10
47f545499e9ca5a70d3ec65e4e70adfd,1,8562e2c780a345b609e1b802d7e3e4ae,8160255418d5aaa7dbdc9f4c64ebda44,2018-04-16 03:55:37,79.90,13.92
47ff8d381edb0deb837f57d7805f0a56,1,bad9d1329b763d5a67f2d5d6b0a5f94d,79a679c36c08d606b3fd47ead9de109b,2018-03-08 12:30:54,85.00,11.80
481010fdaf8e172cda436faedf27159d,1,f392159099324f7f068dbc69e456562b,1da3aeb70d7989d1e6d9b0e887f97c23,2017-10-19 17:35:20,12.99,10.37
481010fdaf8e172cda436faedf27159d,2,af8033e2e2919480bf64674af8dc453a,1da3aeb70d7989d1e6d9b0e887f97c23,2017-10-19 17:35:20,12.99,5.18
481075dd01a45aee93425cfdf090a8ca,1,38201aa4f47d255ccc9f259c913854a4,9d681c7e12db302cb261e721040dde65,2018-08-02 03:35:15,139.90,27.93
4817db123f2751c4c12805d5715a51c5,1,6adab229374835b551f6402e0dc53267,f8db351d8c4c4c22c6835c19a46f01b0,2018-04-24 07:11:31,48.90,7.87
48182f93c2c0bc28cb145431fa5bcc16,1,6a767a963418d92134920e184e918517,66922902710d126a0e7d26b0e3805106,2018-07-30 10:25:25,64.00,18.25
48275cf565f4ea4f291da07bbbc7d330,1,c8f7df520102efbaf9927f5acf21b928,a3a38f4affed601eb87a97788c949667,2017-02-16 17:28:07,84.99,16.29
484ab8a13180429b94330c723289a4f2,1,6adab229374835b551f6402e0dc53267,f8db351d8c4c4c22c6835c19a46f01b0,2018-07-23 11:42:55,49.90,11.37
484f11db440188250fec53abd4283294,1,d2347fba1e60ea51f533960fc555baff,b499c00f28f4b7069ff6550af8c1348a,2018-07-05 13:30:12,44.99,18.42
4850125b26ca8977d47c83f60df48401,1,53b36df67ebb7c41585e8d54d6772e08,7d13fca15225358621be4086e1eb0964,2018-05-10 20:15:21,99.90,0.00
4850125b26ca8977d47c83f60df48401,2,53b36df67ebb7c41585e8d54d6772e08,7d13fca15225358621be4086e1eb0964,2018-05-10 20:15:21,99.90,0.00
487102a0e698d9e4d4c20a484739489b,1,44774af511346f08083720dbba61ade0,4dab98ca6cd6d3df586203cefd28a042,2018-03-09 15:55:37,154.90,18.33
4888eb67727162d62e275521e8d6bf41,1,d59349a33fcba18707a61aa852c02c5b,7d456afc660226829370f3173d14520c,2018-06-18 00:56:36,68.00,16.45
488d5fc485f4624acb8132918763416c,1,aca2eb7d00ea1a7b8ebd4e68314663af,955fee9216a65b617aa5c0531780ce60,2018-05-25 12:00:05,69.90,12.43
488e14d5f98e30e2e5aa3fa2e58d058e,1,7c1bd920dbdf22470b68bde975dd3ccf,cc419e0650a3c5ba77189a1882b7556a,2017-11-24 21:15:47,58.99,17.66
48b3645f62cbacd4396279c43e8fb4b2,1,57aae7271c7c24614b0d663c6df83f35,d05ae8f7a5bd1d2a690a44cd079e4e27,2017-11-24 16:09:18,252.00,9.18
48ddd457f76f31a99e60ac8007bc8b28,1,ab330e1b64fde92d3b4d4d6980a38576,e0878efa0e0b7e5313ac0b43bc04c081,2018-02-07 02:53:28,39.90,16.79
48e57df5132333c7c43df89d2c531ff1,1,07bcd890d449e493b4ec23d05a9e40ee,bd15ee794d5e640d9dd71b665b2ab15b,2018-06-11 16:55:20,28.90,12.79
48e7f3b7aa6ee2bbdd92ab84674fe4e4,1,38fa750a3a3b3204f169c86a3284d387,218d46b86c1881d022bce9c68a7d4b15,2017-12-22 16:35:38,41.00,11.85
48f8621793a7f3a199cad88137acbb86,1,d19e5d8dfe80f249d215c3e5f9a4b6d2,4a3ca9315b744ce9f8e9374361493884,2018-06-28 16:58:14,294.00,25.67
48fbeebc9d59b8f5b8c06d87af9626f2,1,b84520a57891e7a8ae2c68741dcc7146,6560211a19b47992c3666cc44a7e94c0,2018-06-18 17:58:02,45.00,7.58
490f9c9fc86a9e753c5729f7119e84d7,1,625d78433e8cc9aadb5a88b4e45e4a30,5f3ae9136c875522250f8184f253413a,2018-05-10 03:50:28,24.95,18.23
4912377c02eb84d181d53e98e010124e,1,4db615df108f98bcf521b9ec6c27ba24,02ecc2a19303f05e59ce133fd923fff7,2018-04-04 19:30:27,269.70,15.98
491a1961ff53513a57fa193570a11311,1,a1ca62481619b02ad09535f2b418bb75,4e922959ae960d389249c378d1c939f5,2017-08-08 12:05:30,75.00,15.28
4921567919029aa0950f3ebec0f91169,1,bb6f30a0d7b5ea35ae9e052d52324002,bec568278124768c474ee90971ca94d1,2018-06-21 22:58:57,20.90,16.75
4921567919029aa0950f3ebec0f91169,2,15de022edf1005363381e66bed514528,537eb890efff034a88679788b647c564,2018-06-19 22:58:57,18.90,16.76
4921567919029aa0950f3ebec0f91169,3,abb9de7600a7ae9a81564692f77fc9f3,537eb890efff034a88679788b647c564,2018-06-19 22:58:57,29.90,16.76
4930f37130adb20a3c7d0b02b07050ca,1,3a166c25c4271d3b28fdb6aeadc0897c,b2479f944e1b90cf8a5de1bbfde284d6,2018-02-02 20:52:01,42.99,17.60
4932255e68f63e3a5f809bd4b96fc9a1,1,55b71bf300a2765a382eaec566df531f,54a1852d1b8f10312c55e906355666ee,2018-04-24 09:11:25,74.99,16.83
493d1ad7e1ae4e8a6733d84bc34c6b0c,1,4fe644d766c7566dbc46fb851363cb3b,c31eff8334d6b3047ed34bebd4d62c36,2018-05-07 00:25:27,99.99,12.03
4943203d80c901c56abaabd36a61e76e,1,56b8c5868253d83d15e717ad0e027365,6a8b085f816a1f75f92dbac6eb545f8f,2017-08-08 19:35:15,39.90,15.10
4948f06b894477c108c871a15fd4f1d6,1,9ea1152d6d52dc57ab2ea49aa626adc1,90b36c5aeb728d5504a39f435bef0c5f,2018-07-25 21:15:14,53.00,19.56
494c2e94dcd29167f5fe359a45aa879d,1,ef9ae4fb9a9005e8e463cc2616084276,38e679b9e0064cd94c6f035707344dae,2017-01-27 11:43:58,203.37,33.72
495df6b807cb718b99cf24a4609fd323,1,b55d740a9c9a5e4b9d681828a82d28bc,34056b8b55c1775a22af2331670a799c,2018-08-09 08:35:16,64.80,14.03
49646cc607d966ad032b9657f07aacfd,1,11c3ff6555092bf425ea842a023a7809,bfd27a966d91cfaafdb25d076585f0da,2017-12-13 11:50:52,99.00,16.32
4969de35fd774f0dc8cdb13b069135df,1,9a29b754b7fc0aa8eeb990103fcea4fc,0bf0150d5b9d60d9cd2906003332f085,2017-11-30 14:57:37,106.00,21.23
4969de35fd774f0dc8cdb13b069135df,2,9a29b754b7fc0aa8eeb990103fcea4fc,0bf0150d5b9d60d9cd2906003332f085,2017-11-30 14:57:37,106.00,21.23
4969de35fd774f0dc8cdb13b069135df,3,9a29b754b7fc0aa8eeb990103fcea4fc,0bf0150d5b9d60d9cd2906003332f085,2017-11-30 14:57:37,106.00,21.23
49822ac9e14074c1575428d613ac3889,1,70f4c097cdc97babddd3f3bd03c43c26,e06f09ec0a4aca210779cf1cfc63cf19,2017-09-21 11:10:21,55.00,98.02
498e4c5508b686018306d8d363bc9d18,1,2d063994ae4667cff3d6841e9d441d1d,13d058e4eeac2ce8217660b2f8a05812,2018-07-31 04:05:24,119.99,62.86
49a4561c8844cc95f2af25a0fdf77156,1,9bfc587761f18460f4b443495f3588b4,0d85bbda9889ce1f7e63778d24f346eb,2017-11-17 11:55:29,88.90,19.86
49aaf52025f80a8470247c3d1b9e3f1f,1,2052b3c5e08893e567c2fb7778476c75,be8e909810184b9b19e886129149d8e5,2018-01-17 21:34:50,44.99,17.92
49af403fd43b8ca8b5f7b74845bf1f66,1,b423d0e69f19a48cd48305328b8e3f02,0db783cfcd3b73998abc6e10e59a102f,2017-07-27 10:30:11,69.90,9.37
49b9d8e434684c2ee92f901ead7f74a6,1,a5cb33fabba1f8cdcd6fdcace71ed02e,b4a476fbd28de64b1e347abf9089366a,2018-04-03 02:47:35,55.00,22.10
49bab3f94ce298f6fde6208f426978b4,1,4fcb3d9a5f4871e8362dfedbdb02b064,8581055ce74af1daba164fdbd55a40de,2018-03-01 08:50:25,143.80,16.71
49d125fe3b5d0a36b001bf900951fe9b,1,7686fe49c98ae1c537b5cc51992f5d20,9d5a9018aee56acb367ba9c3f05d1d6a,2017-05-08 12:36:31,164.33,18.58
49e4b99628268d2b4f089f0662e13195,1,a59fb60fddcc72a9878b7ed5cb69d8e4,7040e82f899a04d1b434b795a43b4617,2018-05-18 16:15:42,14.90,15.23
49e4b99628268d2b4f089f0662e13195,2,a59fb60fddcc72a9878b7ed5cb69d8e4,7040e82f899a04d1b434b795a43b4617,2018-05-18 16:15:42,14.90,15.23
49e809b11c0445fb0229f28378d3d30d,1,47920da896bbd89e851429c78a7a7a8b,7c67e1448b00f6e969d365cea6b010ab,2017-07-31 13:50:21,179.99,45.73
4a089edddf146578d90f7a7632e5a86e,1,f361fccba568fabe00db466f80626d1e,85d9eb9ddc5d00ca9336a2219c97bb13,2017-06-23 18:35:18,15.90,16.79
4a098cad947704b7e739e19a092e24de,1,329ee774172a8dec4ae65b229f2c73fa,e9779976487b77c6d4ac45f75ec7afe9,2017-12-07 01:51:06,179.49,18.51
4a0b592d4d6082de8155698ca49c6345,1,8378dd5a08699f8c95ea6f6c147d4e83,7d456afc660226829370f3173d14520c,2018-07-25 17:31:25,25.00,10.94
4a0b592d4d6082de8155698ca49c6345,2,609c35bf8122d5ab8186ed7a6bfcd843,7d456afc660226829370f3173d14520c,2018-07-25 17:31:25,7.50,4.79
4a0b592d4d6082de8155698ca49c6345,3,609c35bf8122d5ab8186ed7a6bfcd843,7d456afc660226829370f3173d14520c,2018-07-25 17:31:25,7.50,4.79
4a0b592d4d6082de8155698ca49c6345,4,8378dd5a08699f8c95ea6f6c147d4e83,7d456afc660226829370f3173d14520c,2018-07-25 17:31:25,25.00,10.94
4a0c442614599b83a064e2889049712c,1,1cf0c9095608952cb1c65c4789946375,b2ba3715d723d245138f291a6fe42594,2017-10-08 23:00:07,54.90,9.34
4a1ea52e0dfcd2d974464a1cb86cfbf2,1,bb5142bfd51f0ca814eb6d8c78fa9842,45d33f715e24d15a6ccf5c17b3a23e3c,2017-03-22 23:16:57,104.87,18.16
4a202f407d179ddfd8b58bba11a48809,1,42d3ba4dd1a78c5ba05ccc0d3417706c,8160255418d5aaa7dbdc9f4c64ebda44,2018-06-29 11:18:13,99.90,38.97
4a423ddd436e4f40476f60caabd02d13,1,3a806ac1ab98107febb4ffcf38bc1fac,adbc26658d6c7b4b6219f9d934598091,2017-11-16 22:35:26,130.00,20.15
4a484c46ae5f093eca638e3c55d3dbc2,1,1139f00effbb6523b59f6e6ebddc6d44,440dd6ab244315c632130ecfb63827b1,2017-02-10 13:58:01,238.90,16.93
4a4c61548dc56e17085376dffdec5d8b,1,f306d4917efd6c5a46bbb72b640313da,f680f85bee2d253556ac91be391d2c82,2018-01-03 04:09:48,44.79,16.11
4a4ed9ed7922304a569ed850baba99c6,1,3f31ad7df5482b3e8fcaac6ea060574f,d9a84e1403de8da0c3aa531d6d108ba6,2018-03-14 21:50:49,14.90,18.23
4a58a286f3ac0318f970a271f83c0b6c,1,be29276f7c3781b418ca51f707255455,06a2c3af7b3aee5d69171b0e14f0ee87,2018-03-12 17:50:06,60.99,27.49
4a58db81127d824c22ca14ae7724d8d7,1,31dc242ed95b9fdccc80ecbc5cecf132,2e1c9f22be269ef4643f826c9e650a52,2017-10-31 15:56:23,55.49,15.14
4a5a742a2a571604208cc3f88ea253fc,1,3a4db42aea95097b7a616b36f21d143f,b2ba3715d723d245138f291a6fe42594,2018-01-25 19:54:23,234.90,18.89
4a661ab7f8cc33b9cb79df5c0b912a73,1,f46098048d1a0c30ce1495246b8fd752,4ef4c39cf3c24f326434cf0b2e48046a,2018-03-28 14:50:25,99.00,16.66
4a721ffd84fcdf73673c0abbf2035fb3,1,a152e968e6e943c06ca8ad6fbafc72a0,3d871de0142ce09b7081e2b9d1733cb1,2017-11-27 23:46:46,99.00,17.94
4a8fe18e8771bd810821df6dcf3428e2,1,a31e3a35fb5ac942c137446709379100,f45122a9ab94eb4f3f8953578bc0c560,2017-07-05 15:23:50,59.99,13.44
4a908627ddc9e257e5e9123ac4394e41,1,dc9471db933efad7bf0ce685380578bd,25c5c91f63607446a97b143d2d535d31,2018-01-16 15:27:22,276.90,21.18
4a91ab50eb21ac9d39b0a581487fb252,1,fe8b0ea4a95d3a6488d8e23b41720e46,9d4db00d65d7760644ac0c14edb5fd86,2018-07-02 02:15:50,199.99,19.50
4aa3affa1cabce4defa1f592b369baba,1,60b8232efc6b30822171dff08d6c439f,7df1fc11cc5cbc518b39faa60cf5d67c,2018-06-22 15:01:53,185.90,25.17
4ab8819fc4b34e4d6b2710f3121b2400,1,c25174e1e4fd7fe5c3420869d61fe2a6,3d871de0142ce09b7081e2b9d1733cb1,2018-02-13 14:15:27,49.90,12.69
4abace28e7ad35184649078401530a5c,1,10163fabc9375e9bb72a109272730c6b,4a3ca9315b744ce9f8e9374361493884,2017-09-11 17:24:02,119.90,12.34
4ac2b21645a33938ab26a37096fcd16e,1,87ceed33e1f7fe39fa06b69c9fdf9e53,ea566164622c6b439516ab18062c42cd,2018-03-19 09:47:32,41.90,7.39
4ac8967b6c44825655969aa13a7e6213,1,a7961e6620228e0f227361f0668e37ba,4200ddf1967c5e41e48db62bc6d4b5ac,2018-01-16 15:49:18,16.90,7.78
4ad2ebd3c62db5a8509e3f25fb8b81ca,1,22594ba8fd9a72ad95d352929c821560,7c67e1448b00f6e969d365cea6b010ab,2017-03-21 11:15:16,99.99,28.89
4af03386addb99dc44451b81b470a609,1,f12a26f5ddd49ba9e1bf0ec9d0239326,b499c00f28f4b7069ff6550af8c1348a,2018-03-15 11:55:44,29.99,8.64
4af5a8a71daf651bf0a9d449d3d1a27b,1,0da9ffd92214425d880de3f94e74ce39,001cca7ae9ae17fb1caed9dfb1094831,2017-08-08 20:05:31,112.00,40.11
4b06d0583c7ba03f377c15729a3c69dc,1,4d6214838983b6f8ef242a0326712460,aba1721a889e04decc910aa13b768ef4,2017-12-20 17:13:00,64.00,7.78
4b160ae84bf86ca95ce56c7c83c0c5eb,1,b40fe421bacf70aea142a25d3ac7737b,e0a366315b1b726b6c7832d664c0f530,2018-05-22 03:16:20,103.90,14.82
4b160ae84bf86ca95ce56c7c83c0c5eb,2,b40fe421bacf70aea142a25d3ac7737b,e0a366315b1b726b6c7832d664c0f530,2018-05-22 03:16:20,103.90,14.82
4b160ae84bf86ca95ce56c7c83c0c5eb,3,b40fe421bacf70aea142a25d3ac7737b,e0a366315b1b726b6c7832d664c0f530,2018-05-22 03:16:20,103.90,14.82
4b19c2fe3690d7e4aa8cbcf946ea6ce4,1,11acb40fe03811a7bc40babe5d11c752,fa1c13f2614d7b5c4749cbc52fecda94,2018-05-23 10:19:23,198.90,23.10
4b20ac5099cdb7bcec3f8dfa89bdbdbe,1,2b7aa376a6e728560bddb5558cc48e89,7c67e1448b00f6e969d365cea6b010ab,2018-02-13 04:31:05,116.99,15.57
4b20ac5099cdb7bcec3f8dfa89bdbdbe,2,2b7aa376a6e728560bddb5558cc48e89,7c67e1448b00f6e969d365cea6b010ab,2018-02-13 04:31:05,116.99,15.57
4b3176150cda3ef1348ba91dfb6c7b32,1,f71f42e2381752836563b70beb542f80,85d9eb9ddc5d00ca9336a2219c97bb13,2017-12-04 15:07:00,31.90,14.10
4b38f9d30c069b6ec0c1da7d03c0ea21,1,d04e48982547095af81c231c3d581cb6,7e93a43ef30c4f03f38b393420bc753a,2018-04-27 15:31:17,219.00,13.97
4b481f7303c6e3e12e9a4b3a8725f998,1,84d2057bc1f88332d0892eea0e997d28,ea8482cd71df3c1969d7b9473ff13abc,2018-05-02 17:31:48,27.99,7.39
4b56b0f11819efbf57af78ef26982ca5,1,9c5cec867c62c0ec4674b002eb1c3e0c,e882b2a25a10b9c057cc49695f222c19,2018-04-04 21:07:30,1054.00,106.77
4b598c1855fb903ebc2697088200a071,1,9d0bb30eed80184666c8acad23921283,1bb2bdb95f4841f1bba2c0d2cd83d3c9,2018-01-15 23:53:13,19.95,15.10
4b6aa78846ad555241cc92ee58c815c6,1,60a3aec19dc1a866e9cf6a6b4430916d,4a3ca9315b744ce9f8e9374361493884,2017-12-11 04:11:58,84.00,17.84
4b7bf1f7eb492ad33680ba2cb4c4ba56,1,2136c70bbe723d338fab53da3c03e6dc,6560211a19b47992c3666cc44a7e94c0,2017-09-12 04:24:48,29.00,6.31
4b7bf1f7eb492ad33680ba2cb4c4ba56,2,e57eb018e37376580079825eb29a3419,b1fc4f64df5a0e8b6913ab38803c57a9,2017-09-12 04:24:48,80.00,15.76
4b8e7877b3a106b2df0a75470a397339,1,fc9f8ce7c9be6295161b8c8fccb26b6b,4a3ca9315b744ce9f8e9374361493884,2018-04-10 03:29:24,99.90,13.14
4b95fbb9125e0baff8527de2d1d0042b,1,74824accb4f777403366c8e6b4e32d9b,cce6ab8d1682639fe45ab70234f1665f,2017-09-06 07:05:08,40.00,16.60
4b95fbb9125e0baff8527de2d1d0042b,2,74824accb4f777403366c8e6b4e32d9b,cce6ab8d1682639fe45ab70234f1665f,2017-09-06 07:05:08,40.00,16.60
4b9d4dd62814524c9244f8ca0bd377d1,1,c781fcf450227132b560b10bbd2ed26b,827f8f69dfa529c561901c4f2e0f332f,2017-05-25 09:30:14,29.90,15.79
4ba6cf8c58812d65edc6a67cf37c4aeb,1,8feb43a054893da80044ad0f693fd0ad,f3c38ab652836d21de61fb8314b69182,2018-06-26 02:37:00,49.00,15.44
4baa890f39672eca09e8d4cf0ffdd4d5,1,b1a72e4db970375eb23425e55df451f3,25e6ffe976bd75618accfe16cefcbd0d,2017-07-12 15:03:49,47.88,11.85
4bb6e6f5af26e1f5951d934386615406,1,3fbc0ef745950c7932d5f2a446189725,06a2c3af7b3aee5d69171b0e14f0ee87,2018-07-04 11:31:07,66.99,27.75
4bbd33a0def862d1273f79f0fb4d597a,1,c706d50b57c9e83293c2586d01f32445,7ecd59e5e20407131822c1a68ac59c1f,2018-06-18 09:31:51,49.99,24.70
4bd1fc06727e84c83665103e268f1051,1,851e00fe0c1176f5bfc7ddddb3c8021f,b561927807645834b59ef0d16ba55a24,2018-03-27 08:48:00,189.00,16.20
4bd59c9149ad4be79cbc3dc2c2ef76af,1,921d31a1daa51460b7a95ea5f3ab64d5,0df3984f9dfb3d49ac6366acbd3bbb85,2018-03-12 03:48:51,88.90,12.75
4bd99e53cba81bfc30dea95659b864e7,1,a62e25e09e05e6faf31d90c6ec1aa3d1,634964b17796e64304cadf1ad3050fb7,2018-04-20 15:31:02,105.00,16.70
4bd99e53cba81bfc30dea95659b864e7,2,a62e25e09e05e6faf31d90c6ec1aa3d1,634964b17796e64304cadf1ad3050fb7,2018-04-20 15:31:02,105.00,16.70
4becfda49755e3759f3bef6ebb43e88d,1,16679d68bdbed3fb97af806424d7f2b7,9b013e03b2ab786505a1d3b5c0756754,2018-06-11 20:30:45,29.00,7.87
4becfda49755e3759f3bef6ebb43e88d,2,16679d68bdbed3fb97af806424d7f2b7,9b013e03b2ab786505a1d3b5c0756754,2018-06-11 20:30:45,29.00,7.87
4bfa32127f9cbdeb864796d1132b1c0c,1,619d72a5e53d41d7646274a3fa20c2c4,3bb548e3cb7f70f28e3f11ee9dce0e59,2017-03-15 02:51:04,64.90,16.15
4c14d29f32297333491d1cf6895acb68,1,41c24b8ce92d1a2cac62db5edfd088b2,4869f7a5dfa277a7dca6462dcf3b52b2,2018-05-17 15:30:37,103.00,13.16
4c1fd23882ba19dd4163989a484ad75c,1,5b17fc881ead1246f09b897c7027ae83,6a8b085f816a1f75f92dbac6eb545f8f,2017-11-28 16:54:35,51.90,25.64
4c1fd23882ba19dd4163989a484ad75c,2,5b17fc881ead1246f09b897c7027ae83,6a8b085f816a1f75f92dbac6eb545f8f,2017-11-28 16:54:35,51.90,25.64
4c217e3cc24f803307dea7d619377def,1,3fbc0ef745950c7932d5f2a446189725,06a2c3af7b3aee5d69171b0e14f0ee87,2018-08-30 04:45:20,66.99,19.38
4c225b047eda6a8fcff282ce94b8fcc8,1,fcf4c9a897ae906e5a467ebf4589dffd,44073f8b7e41514de3b7815dd0237f4f,2017-08-16 17:10:11,255.00,17.23
4c22be46e1fe5c05c6ced534449f7432,1,165f86fe8b799a708a20ee4ba125c289,7ddcbb64b5bc1ef36ca8c151f6ec77df,2017-10-27 17:49:06,146.99,22.90
4c33f92b62a822db77b38b88bc7ad237,1,1486ffdf6241755c77f5345b01232361,3b15288545f8928d3e65a8f949a28291,2018-02-20 12:30:29,59.99,17.67
4c39d4875d185d6e0e8748fab228a0da,1,05a9ab81472f6bdcd910cb49b636c5b5,83deb69e889cf80f82be1dc6d5f2d486,2018-01-19 17:35:31,169.90,15.94
4c48c455b847c7a5d291a519e1e42d28,1,3ced865c94d3396f990864fa7aef9104,ea8482cd71df3c1969d7b9473ff13abc,2017-12-12 18:51:26,24.99,34.15
4c520618a0cc5957cd116b12a553770d,1,42a2c92a0979a949ca4ea89ec5c7b934,813348c996469b40f2e028d5429d3495,2017-10-25 14:30:24,59.90,14.13
4c5b8b3b4df35733589fd795aa7e0d17,1,1fd3bb291e0dba9d6081eb914303993b,53e4c6e0f4312d4d2107a8c9cddf45cd,2018-01-12 08:07:30,27.00,12.69
4c761041674866c683398d2c3d0d9163,1,753b222871a937957fc477b1810c82f5,3078096983cf766a32a06257648502d1,2017-12-11 11:13:25,106.80,27.29
4c7ef39af59d31fa247f85d10ed414f6,1,91c82ace62e0ca1b69b1a45bcc214b45,4869f7a5dfa277a7dca6462dcf3b52b2,2018-07-19 00:05:11,179.90,51.98
4ca6a87f196ea892c5abc4e84748fbde,1,585d35af545f17795ce05febd7a474d2,81a1104df0f08b59c68aa5b03cfe398e,2017-05-25 13:15:20,119.90,21.33
4cc00a9ac85dee3a197d788b827da7e8,1,d04e48982547095af81c231c3d581cb6,fa1c13f2614d7b5c4749cbc52fecda94,2017-12-07 15:10:41,289.90,15.78
4cc2340048994d76ad8665b2ed98e19e,1,330144665b875c2b4555f88d9f4ed7c1,620c87c171fb2a6dd6e8bb4dec959fc6,2018-07-19 19:30:18,199.90,24.55
4cca40adc01e2bfb94dc9ec45658e661,1,b0ed7fe63babb3e705115f53fa74b20c,dbd66278cbfe1aa1000f90a217ca4695,2018-05-02 19:55:17,29.00,16.32
4ccceb1115420e37ee333461047ee22b,1,553e0e7590d3116a072507a3635d2877,1c129092bf23f28a5930387c980c0dfc,2018-02-21 08:47:38,45.90,9.34
4cda214be361d0c1d78e4beaac96496b,1,6109d0cae3bcb57d579bc0fab6e61814,dbc22125167c298ef99da25668e1011f,2017-10-17 18:49:20,84.90,17.84
4cdf8813fc5f4c3d74041453f606868c,1,ba230fc7bcaa2f503c46d73098caeb66,13d058e4eeac2ce8217660b2f8a05812,2017-10-17 11:26:55,229.99,49.28
4ce0878b1fe7231ce22e503117abc62e,1,fe077ec80df6b4ee60bb4498d5ab1962,87142160b41353c4e5fca2360caf6f92,2018-04-13 09:09:55,135.00,14.72
4ceb6d05f749bbbb67e5606aa2d16647,1,ca1a0f9d5386abb248034b9b18e2c981,056b4ada5bbc2c50cc7842547dda6b51,2018-08-29 02:35:16,149.99,14.26
4ceb9336411700f9568db2ef11bda594,1,9abb00920aae319ef9eba674b7d2e6ff,1771297ac436903d1dd6b0e9279aa505,2017-01-23 22:41:52,40.00,14.52
4ceb9336411700f9568db2ef11bda594,2,9abb00920aae319ef9eba674b7d2e6ff,1771297ac436903d1dd6b0e9279aa505,2017-01-23 22:41:52,40.00,14.52
4ceb9336411700f9568db2ef11bda594,3,9abb00920aae319ef9eba674b7d2e6ff,1771297ac436903d1dd6b0e9279aa505,2017-01-23 22:41:52,40.00,14.52
4ceb9336411700f9568db2ef11bda594,4,9abb00920aae319ef9eba674b7d2e6ff,1771297ac436903d1dd6b0e9279aa505,2017-01-23 22:41:52,40.00,14.52
4cf58ec9c2d5bfdae2390471f7836fca,1,f08d9c15742df022236141f83e0a8a22,3be634553519fb6536a03e1358e9fdc7,2018-02-09 14:48:21,49.99,13.37
4d171855324a9f6bbfceca895af66e6b,1,a50acd33ba7a8da8e9db65094fa990a4,8581055ce74af1daba164fdbd55a40de,2017-09-29 16:25:16,117.30,21.66
4d1d3523aeda82887c2875955783ba2f,1,c8d415e06ebd7a37c7a5b4a18641ca11,cbd996ad3c1b7dc71fd0e5f5df9087e2,2017-07-04 18:10:16,43.48,15.10
4d1d3523aeda82887c2875955783ba2f,2,c8d415e06ebd7a37c7a5b4a18641ca11,cbd996ad3c1b7dc71fd0e5f5df9087e2,2017-07-04 18:10:16,43.48,15.10
4d1d3523aeda82887c2875955783ba2f,3,c8d415e06ebd7a37c7a5b4a18641ca11,cbd996ad3c1b7dc71fd0e5f5df9087e2,2017-07-04 18:10:16,43.48,15.10
4d2338eddcfe008a2d27270cfa679887,1,b141c668aca84c5877a5c66bd94fedc8,da8622b14eb17ae2831f4ac5b9dab84a,2018-08-14 14:26:11,29.90,12.87
4d312c4094736b92bf0f13f99d80ec86,1,867dda95bbba37fe56fa288449fa122f,d2374cbcbb3ca4ab1086534108cc3ab7,2018-06-05 13:31:28,49.90,18.23
4d38bf00b95dbf4dcf2820177584ade9,1,e788814dbb6e72ac15d42d8651324b56,a3e9a2c700480d9bb01fba070ba80a0e,2018-02-27 16:50:30,140.00,18.23
4d3bf07ef40875871c01c931d3755940,1,a2fc36d2592ba9adb49ad73dd039e434,a20d8058c866dbaeca014d2cd20ac62e,2018-05-22 01:31:35,597.00,23.15
4d3bfdf4c7d6578ea445d588371ae10e,1,9d838a7fbaba7fca5f1fad259984063a,897060da8b9a21f655304d50fd935913,2018-03-29 19:30:36,59.00,18.29
4d41aecae7fc035c91789128309fb7b0,1,0354c6a8cb8961e29b70e564b93861fe,a3a38f4affed601eb87a97788c949667,2017-05-05 00:31:40,34.99,14.52
4d513811c3447933c3472defe4992141,1,3cb883c745ef0016bbfc89e032b5a853,a416b6a846a11724393025641d4edd5e,2018-07-09 14:31:36,227.17,10.34
4d5fca22363528ec48be05c22fdbf690,1,05feccd482d35726d6f80e60df25db86,784ba75dd9d20200c4caed3d7a77141a,2017-08-31 18:46:41,59.90,9.34
4d5fca22363528ec48be05c22fdbf690,2,05feccd482d35726d6f80e60df25db86,784ba75dd9d20200c4caed3d7a77141a,2017-08-31 18:46:41,59.90,9.34
4d60e5659a5be3b15be731b5882ecc3e,1,7176644f1859de00c3d63b38ba606aee,d6b1ce66b035a475f00c017792ff9769,2018-06-07 10:30:28,75.00,8.82
4d65b53f48c951380c38eb2aadc99138,1,8473872cbf0ba205b447e8651bd6e03e,14d7985702e72162bbf13b6beb74ab2b,2017-05-05 18:30:20,79.00,14.72
4d6951fdb1a472a77ce1422ca656c2b8,1,f0ea71b6e2ab4cb3bd8f5ba522a25a56,ea6b12bf9ffe2bac34602ec631d97a47,2017-06-06 17:22:46,124.80,29.27
4d6a47078b73c647206be4398bbe29b1,1,2ffdf10e724b958c0f7ea69e97d32f64,4869f7a5dfa277a7dca6462dcf3b52b2,2017-12-04 03:26:28,198.00,16.14
4d9974c8797599512e8216eeb315817d,1,2002fc3ec2d8a30a7588628fe7aff958,e9d99831abad74458942f21e16f33f92,2018-01-16 22:08:34,30.00,11.85
4d9a297fbfa9ba6d8d70c06d4bec9ca9,1,70de339311bbfd116a461e25c9fb79ca,cca3071e3e9bb7d12640c9fbe2301306,2017-02-25 13:36:48,97.90,13.27
4d9d0b428174582a413b99766ffcb53c,1,5bfc7506459ae2a7b4b573fe557a58e1,4a3ca9315b744ce9f8e9374361493884,2017-07-19 18:05:19,69.90,11.99
4da0b6d6c8c1ecb4588a756d5e2d2f54,1,2483416c14aa8d93dad96745a9230bfa,ccc4bbb5f32a6ab2b7066a4130f114e3,2017-12-07 09:58:26,589.00,18.87
4da38cd7084ce9fdeae2412858379255,1,2423252b2432f1803e4f29e0974c6cf7,48436dade18ac8b2bce089ec2a041202,2017-10-18 01:32:21,139.90,38.53
4de273e695a489841193c7a5bd6911cd,1,828c579b949972bdea5cf2203faf4563,520b493b57809f446cb0a233bb3e25c7,2017-10-23 14:49:48,30.00,9.94
4dea0f922f4dd1f6db6379f7ad64ede2,1,93b67da06834e15a3594134d43ee4ebe,dbd66278cbfe1aa1000f90a217ca4695,2018-06-12 20:11:50,27.20,11.15
4dea4753bef29a866f8cc4a9c7ccbf40,1,2f0ea37228e35c052271f5617038986b,530ec6109d11eaaf87999465c6afee01,2018-08-09 19:24:59,134.99,23.75
4deab312e3e7dd7eefaf005f169974f9,1,c21afe62d4629a660593fd9b5e6223bb,ea8482cd71df3c1969d7b9473ff13abc,2018-04-06 16:13:16,29.98,15.23
4e1fb96e2f63c315a9ca0c11d9254ada,1,fc17dfdde3d4bd5a186b417704775d06,65febd49fd28ec955651299159b1f527,2018-08-16 20:24:03,659.99,61.75
4e26917edee71b496c27c12c72640436,1,c8f7df520102efbaf9927f5acf21b928,a3a38f4affed601eb87a97788c949667,2017-04-06 10:15:14,84.99,16.29
4e345c55d847fa86f3500c1abfcbdb8b,1,cc971e0365873137b8bef2ebad633e6f,7a67c85e85bb2ce8582c35f2203ad736,2017-05-11 02:15:27,219.99,19.82
4e4aa299535ead6fe63a779d539c493d,1,cbcf718a3400ee5b15ac8d78559e6bb6,06a2c3af7b3aee5d69171b0e14f0ee87,2018-07-23 18:50:24,64.99,23.18
4e7215ac8ad76bd95a10b8230492c690,1,f961683d82cf9021acfcd05a6c9e38d0,218d46b86c1881d022bce9c68a7d4b15,2018-05-04 03:55:27,163.00,18.05
4e743d407939e965ac0b7bb694e67eed,1,914c9e9af640dd56f48764a225b00f89,7c67e1448b00f6e969d365cea6b010ab,2018-06-19 15:31:47,79.98,35.57
4e790ef1ee5dca2f0de38704d806e45d,1,2c3dfe5b09e660349378f30d628d70bb,3d49bfdd1b43a7fe169b3740067acc61,2018-07-09 04:31:28,80.00,19.75
4e80d0b6c184e0495126f54469869365,1,82d93a866d059bc63b08da7f955a13f7,381c83fdca332ea6afd896da20bf6e4a,2018-05-16 16:14:01,184.00,21.02
4e9b5654a8e87fbf1f0010429835dbcf,1,719d571299707561c34ba04ab867b32a,0ef83d7d83ed97cd2a0049ac8be5f88a,2017-12-07 14:49:34,56.89,15.16
4e9cb71601575577f2208d3aedf933cc,1,3af8628b6057e15cb18b8421d7b82533,a425f92c199eb576938df686728acd20,2018-07-20 20:50:18,69.00,18.63
4ec40a7013b2b2e20429009214c283b4,1,0820af09ddc75b84841b1fab4da4be9b,d91fb3b7d041e83b64a00a3edfb37e4f,2017-12-07 15:55:26,10.80,8.27
4ecb7b84b78466108b99fb193e6898d5,1,e89d73f0944595de1d84663f975ae7b4,fa1c13f2614d7b5c4749cbc52fecda94,2018-06-03 22:17:38,199.90,23.11
4ecdafc07882d357b5607a05e3a1a46f,1,a93cfe142d94a5cd5a24cd5eed21d7eb,2e1c9f22be269ef4643f826c9e650a52,2017-08-03 12:05:31,26.49,15.10
4ed9c32a4e9d45ab8b3b9596e69f7346,1,7ce94ab189134e2d3c05f496d635419c,8b321bb669392f5163d04c59e235e066,2018-05-21 21:55:25,13.65,7.39
4eecbfcab9ec27fad7e24ac94f9a032b,1,8a330ba3cd34d650c45bce0fc21771ac,46dc3b2cc0980fb8ec44634e21d2718e,2017-12-08 16:31:49,179.99,16.82
4f1330720e5aa2d61a474c63620fc42b,1,33fac76e7f17367dedaef7954bbb33b4,56642bcb79900e777d68e91915cb4267,2018-01-18 04:31:00,88.00,16.87
4f2478354c7836ea575c7e2f38dd1d1d,1,88774687a8883c2c512e37de090bc725,ceaec5548eefc6e23e6607c5435102e7,2018-03-05 14:30:37,389.00,27.56
4f4895a14aa8c28dd6c67b1ca830225b,1,4fe43f61e04cd41cadc3bebf606fe77b,4a3ccda38b2129705f3fb522db62ca31,2018-04-23 05:35:25,137.00,18.84
4f4cdcc0b6af1eb7d23872ddc92b5d05,1,a7d06b7704b157e36c45b898fa555dd5,534a01cc6df1e034e05c32028a291fa2,2017-10-20 10:35:16,38.90,7.78
4f586e2756d31db4f5d770d170dd51ae,1,368c6c730842d78016ad823897a372db,1f50f920176fa81dab994f9023523100,2018-05-07 21:12:28,53.90,16.07
4f5dafaf09552e7aa5747ae0cb84ffc6,1,53e2768ef7659279bf2ae3c2526b7b86,1336efc61c316ddf92c899eb817f7cae,2017-11-23 02:50:35,28.00,15.10
4f72abdcedf8185382214a227cdb9e9b,1,7d1a667dbc183583078324f912d42c6b,2089a6d640999f9b9141ac719b2af596,2018-02-28 09:35:31,112.00,15.53
4fa82fd6944531bec3422230e90cffc1,1,2b2d4af07dd8444944230535d91bebd1,750303a20e9c56b2a6bc45cdce0b897d,2017-10-23 15:56:45,42.90,18.89
4fbf9aea9b77fadc915415ac3ffeef1d,1,8f8cb7e4a7f16d339f87f8aa2711a003,850f4f8af5ea87287ac68de36e29107f,2017-12-19 18:10:24,79.90,16.32
4fc7e9c8c1ed5a3c716070a42e80c5eb,1,540a93038cc8b4c42ef0821b2cf067d3,17ca9b9e9b9ef8fdb529001b49ebb50f,2017-07-31 03:30:11,49.97,14.10
4fcf76f4599c2d725c33ed838078c8df,1,6a31191d5ac5852b0478f6e245ac5b02,7357b52d27cbaa90f81a96cbc1279396,2018-06-12 02:54:21,126.63,19.86
4fd59975900e997c6785ec9da06787aa,1,4c88eca6c1faef5911374843849bd577,2bf6a2c1e71bbd29a4ad64e6d3c3629f,2018-06-29 19:54:11,744.00,13.90
4fde26fa2510c48a5de5fd2fd876745d,1,7d854ab97c64ef9df2bbfaf332765786,aac29b1b99776be73c3049939652091d,2017-05-10 07:42:27,59.90,19.01
4fe73718f01ee4a8a5edb8f5c72d1994,1,fa9d34c32a70b4e50a4c2c8c2c42051f,e9d99831abad74458942f21e16f33f92,2017-08-27 23:05:30,29.99,17.63
4fec92299349d37362908a6a5685a0d6,1,71fc2a7d96a222b04e4131cfc006f265,a13580f0e8f782b7a543885a0ef99f08,2017-12-21 16:17:31,99.99,14.57
4ff17917a5050a11678d9af3fb12ef57,1,8919fe2519b9ec1fb828896ac4f52959,7178f9f4dd81dcef02f62acdf8151e01,2017-06-12 04:23:13,149.00,15.79
4ff21c3d42e746cac31c00b864aa71aa,1,a92930c327948861c015c919a0bcb4a8,6560211a19b47992c3666cc44a7e94c0,2018-01-05 12:27:06,78.00,34.35
5008f69eb2ec85becc94d3a1c1918af5,1,b5e13c9a353102f79c6206ff5cb61a50,a49928bcdf77c55c6d6e05e09a9b4ca5,2017-11-30 15:14:23,89.90,29.03
5008f69eb2ec85becc94d3a1c1918af5,2,b5e13c9a353102f79c6206ff5cb61a50,a49928bcdf77c55c6d6e05e09a9b4ca5,2017-11-30 15:14:23,89.90,29.03
500cfc698f743e9b498d6c12bbf65eb5,1,0e9923b15d37f33cac70de6648429148,cca3071e3e9bb7d12640c9fbe2301306,2017-05-02 10:25:21,149.90,14.82
500ec09d88a6867f4a2eb557319cfe46,1,35afc973633aaeb6b877ff57b2793310,4a3ca9315b744ce9f8e9374361493884,2017-12-01 00:31:36,89.90,17.88
50109a6c720b998320449ebdf2c0798b,1,fb55982be901439613a95940feefd9ee,3d871de0142ce09b7081e2b9d1733cb1,2018-02-19 21:55:35,89.00,17.87
5038599d301a92796c7e52408dd0aea3,1,ddc81cd8c7351f13c000bd8294c3201b,3361277dc30b7cccdb0c286b24219756,2017-05-11 02:15:25,69.99,16.19
503e9f9cbf09cc23e3323b165d9ddafb,1,5c087f345e870429ec3ea20a49a79735,7c67e1448b00f6e969d365cea6b010ab,2018-02-02 00:33:03,192.99,132.76
50459e4bff96bdc46566472362da2e0d,1,b039629191cbc785dd3ebb5def03dd7c,1900267e848ceeba8fa32d80c1a5f5a8,2017-08-10 20:03:27,45.00,16.11
50620e639f6ed3116494d51bd888f449,1,2feb83b6c3b3380b8822146538c70f7c,0ffa40d54288e4f3499b8780dd0f144f,2018-03-05 13:10:25,52.00,9.00
50620e639f6ed3116494d51bd888f449,2,2feb83b6c3b3380b8822146538c70f7c,0ffa40d54288e4f3499b8780dd0f144f,2018-03-05 13:10:25,52.00,9.00
506537a590a8f111389ca1f2a4963847,1,1a7cffdce32ea72085aa94c27b19d01a,17e34d8224d27a541263c4c64b11a56b,2017-03-21 15:42:23,188.99,11.93
507a4eb733d930ed7dfc37c2dbe4e264,1,4633dfeb3a2588bdb52af32d504b44eb,b76dba6c951ab00dc4edf0a1aa88037e,2017-04-06 09:33:07,19.99,10.96
507f10036261cb4c3ab736a68441d6a1,1,475e8a9ddbebf13af503d1c7eccadb1a,f8db351d8c4c4c22c6835c19a46f01b0,2018-06-06 03:31:02,119.90,14.60
509952a95c250007c345b4b929663dc6,1,08c1754fd6455e4c70a6521f4ed66819,8e6cc767478edae941d9bd9eb778d77a,2017-06-19 13:15:15,107.76,29.15
509be166b4a9400819808bea4ba08ec5,1,ceb9200bc33732558224476d75815c32,cbf09e831b0c11f6f23ffb51004db972,2018-06-21 10:31:38,53.90,20.33
50aa3e58985353eac3370fc8bba877ad,1,77b1cb0e43513cea3c9f7546cbc78cba,e067ad2c1c0b48758eb1b5228bcf7a68,2018-06-11 17:10:51,110.00,14.13
50aac4af5f330951d508c0c255fde322,1,81de659bfde3389fc8614bfba92e585a,1025f0e2d44d7041d6cf58b6550e0bfa,2018-08-20 00:35:17,230.00,59.41
50c2a6b25b1df03eff6f7249da47f931,1,223d34a3d9334039f5ff9511dc044bbb,53243585a1d6dc2643021fd1853d8905,2017-10-20 12:28:32,246.62,24.05
50efee8af80ee7bee6e41e0e70d58c6c,1,15348d4e550d520b418c581a2012c0d9,213b25e6f54661939f11710a6fddb871,2017-11-30 19:19:22,37.50,17.60
50efee8af80ee7bee6e41e0e70d58c6c,2,15348d4e550d520b418c581a2012c0d9,213b25e6f54661939f11710a6fddb871,2017-11-30 19:19:22,37.50,17.60
50efee8af80ee7bee6e41e0e70d58c6c,3,15348d4e550d520b418c581a2012c0d9,213b25e6f54661939f11710a6fddb871,2017-11-30 19:19:22,37.50,17.60
50f6dc29061cc84a0517e8c487314855,1,601a360bd2a916ecef0e88de72a6531a,7a67c85e85bb2ce8582c35f2203ad736,2017-07-03 03:55:20,129.99,17.16
5103d6b3761ac2e1155b08e4c6a5c225,1,378bb6601c068c842ca65be6c5e45ccd,8d79c8a04e42d722a75097ce5cbcf2ef,2017-02-21 16:56:07,27.50,26.61
5108acfe22756c07a696f4ff210790a8,1,0b0c04563408d8d1187cdbd6292a89fa,891071be6ba827b591264c90c2ae8a63,2018-05-24 22:18:26,29.99,7.39
510bff1cf06be1143d3b6698df2fd486,1,f8cc518b0812bb0ee889350296f284e4,b18dc380845b24038cfc48006478f099,2018-02-28 19:30:57,389.90,16.48
510c6acb378271d88724c354faf156e1,1,c4baedd846ed09b85f78a781b522f126,a1043bafd471dff536d0c462352beb48,2017-10-16 09:17:51,99.00,38.53
510e8baa207d989f72b11146c37f3411,1,437c05a395e9e47f9762e677a7068ce7,f84fa566034f5e8e880a07ec624c56af,2018-05-22 20:56:15,53.79,10.83
5137f8c3662122707504625d55882d56,1,e0ad25bc5c1a836e8ce38526c92491a7,ea8482cd71df3c1969d7b9473ff13abc,2017-12-07 19:31:07,27.99,14.10
514ed457190c903720b7fd33660c486d,1,d285360f29ac7fd97640bf0baef03de0,b33e7c55446eabf8fe1a42d037ac7d6d,2018-02-26 22:27:28,349.00,17.19
51520d3bdef580c2ffd3b8fea209172a,1,d017a2151d543a9885604dc62a3d9dcc,6560211a19b47992c3666cc44a7e94c0,2018-08-09 14:05:16,49.00,7.60
515c58930f7c49f1a0d9756e12491e63,1,b813c88d024da60c2cbdf7a531e4fa77,fe2032dab1a61af8794248c8196565c9,2018-08-23 02:50:13,159.90,13.78
51673e0d82449e7f4ccd8fcd64fe0c15,1,73c0537a6f1d148275c69a114b2d8bf3,16090f2ca825584b5a147ab24aa30c86,2018-04-30 03:31:39,159.49,19.00
517bd49d869100558362e70c45f13dd5,1,8435e69e8ca35cc17d3471e240ea0d44,855668e0971d4dfd7bef1b6a4133b41b,2017-11-08 18:05:18,250.00,15.35
517edafccdb3fbe4164342a0f5ada0ca,1,65f7d28684bc62da5693c88fbda94ef9,620c87c171fb2a6dd6e8bb4dec959fc6,2017-11-28 21:07:31,119.90,15.59
5186d475bd6d5839473d5a6b8669638b,1,be92bd4ffb2aeb2776beaf42860ce0ce,96493fab2fbb13a14d0c0e8772eef5c3,2018-01-23 00:15:28,369.00,11.40
5187d6e3efdec859c111d889c9ad7d9a,1,c19d5ba108c34b8255cf9a524da92bc4,4e922959ae960d389249c378d1c939f5,2017-06-12 11:55:14,75.00,15.28
51b808ed0e75c3a1106b08d3afe4f655,1,4724ffa427f315c485e39b02e21859b2,955fee9216a65b617aa5c0531780ce60,2018-04-17 18:10:59,12.00,7.39
51c064ec2d79d398b30db3f8e1de8ec8,1,b6d96e7683a87fc151ea589ce97a330d,2709af9587499e95e803a6498a5a56e9,2017-05-11 02:25:24,20.00,18.63
51d435906a0487f17df29d38429e931b,1,1c33c71830d320620439a3236a1c4ae1,527801b552d0077ffd170872eb49683b,2017-11-24 20:08:53,108.90,16.39
51e0963a3562ca3d9929bf37f3f07b2d,1,c4fde94eab39fba350fee41d60ffd8f9,34056b8b55c1775a22af2331670a799c,2018-03-23 13:29:23,69.80,23.07
52076105d0ca4133091c2c1db1d4bb9c,1,437c05a395e9e47f9762e677a7068ce7,7f7b8245c336066a1f9933c359f11d77,2018-05-14 04:13:02,49.99,12.79
52128ec39ceae0d14af6c5779c4173cd,1,7a10781637204d8d10485c71a6108a2e,4869f7a5dfa277a7dca6462dcf3b52b2,2017-12-05 13:14:26,219.90,14.56
521758adf4fa0c8f76b1488d0aebb48e,1,4f288e27579d68e616d2712ad669f99e,c60b801f2d52c7f7f91de00870882a75,2018-07-18 15:30:26,179.90,16.36
523b7abdcc8e629f4bc493a9824341f5,1,422879e10f46682990de24d770e7f83d,1f50f920176fa81dab994f9023523100,2018-01-22 03:36:36,49.90,13.37
52463ab7b28436f48c3ae2a48bc87ef5,1,5ba095a19bde52d6c87219061639522f,aa17b35ce4de7b565be3249ba838944f,2017-09-08 19:55:15,39.90,17.60
52597890ec6f46d79c0cc61f35b1cbc7,1,42fd6f72ca3e6f53b25d7a19b0536630,4a3ccda38b2129705f3fb522db62ca31,2017-10-09 13:07:46,122.90,15.61
525c4dbcaecd35a5fac2e4053589df08,1,16d928f7b23b3d30bd5a9ff281eed9b8,8476243f92442881ddd5b578975cf115,2018-03-22 12:15:40,829.00,32.86
527a4abbfe2ffe1727341dfdf63ae447,1,4d9e8a6d8d07e4f47e093b8c2999ae01,e9d99831abad74458942f21e16f33f92,2018-01-11 02:35:44,38.99,11.85
5284adfbbb8324bb8cc6ce42f0ea43e5,1,4f0abfbee7569e43b80f9aaa256a9bf8,c70c1b0d8ca86052f45a432a38b73958,2018-06-18 09:15:16,110.32,7.64
5296a60e3eef35a29bfacb328de58d94,1,5d686bbd116b2de2ea1a4e1056501240,e63e8bfa530fb16910dd6956e592bb81,2017-12-06 23:31:26,32.90,17.40
5296a60e3eef35a29bfacb328de58d94,2,b2fbf8beb178c391c49d80fa8c4435b6,aced59e9b31ef866a94f9e7f29d8d418,2017-12-06 23:31:26,74.00,9.57
52a5a288dcbb4561e2c2354115357b5c,1,f67d6f74c4699f7ccf3bd1c0786901c8,1127b7f2594683f2510f1c2c834a486b,2018-04-03 23:26:41,77.42,8.90
52ade67b3fbf4821fbb52e5c8e3a463e,1,ba2b57d0310d7cf65e8538089a9e72f4,0adac9fbd9a2b63cccaac4f8756c1ca8,2018-04-11 16:31:56,46.90,18.23
52de3d5a01b5243a279fa5a6b64ebafe,1,d5991653e037ccb7af6ed7d94246b249,25c5c91f63607446a97b143d2d535d31,2017-10-19 04:27:55,137.90,55.24
52f3d979cd31211d1a3ef16a187def92,1,60567eaf5cdf794639e94508ec387a82,f4db9b37944bcb8873e6b456ee190bbf,2017-09-18 11:36:11,169.99,27.33
52f3d979cd31211d1a3ef16a187def92,2,60567eaf5cdf794639e94508ec387a82,f4db9b37944bcb8873e6b456ee190bbf,2017-09-18 11:36:11,169.99,27.33
52f795c33d266ff75e0f1b1738caf2f0,1,afeeea6271148ee1bb15173b8187c431,53243585a1d6dc2643021fd1853d8905,2017-09-08 14:50:22,174.00,18.50
531b7ebd1fe920da63f51af4667a7962,1,ba63a82a6a467d4d29dfba52bfeb064a,c66dccfb3f109511246da627dd5a2498,2018-08-06 17:31:01,325.00,20.38
531e17477ae1ecd4809a2732f4a7c331,1,99f265229d46f700208ad7cb1ff48aae,ea8482cd71df3c1969d7b9473ff13abc,2018-01-21 23:29:57,39.99,7.78
5320fb6f684caacf933c7f9597454391,1,58f1f70c378b16f78eff44c7104aa772,3f3486b61f45078d4f31ee5e43d8c5bb,2018-03-08 02:35:28,139.99,16.74
53239db74c7835641f106ef90b3d0100,1,a01df785213c3ea6d2a918f9095af482,41b39e28db005d9731d9d485a83b4c38,2017-07-17 17:55:20,119.90,35.00
5340b130e66f95396ce83ee3f6d36ee4,1,b98992ea80b467987a7fbb88e7f2076a,25be943a321c8938947bdaabca979a90,2018-08-01 23:25:16,145.00,21.46
534a285e4e770b1bfbb710c8d45ea5b7,1,53d8ee87caa1a2320c66074ff9c99e61,966cb4760537b1404caedd472cc610a5,2018-06-21 09:30:59,599.99,27.59
534c285356eb06898b7ea7edbb14476b,1,bd6eb9532e448ca538cec41d0b9dc228,f5a590cf36251cf1162ea35bef76fe84,2018-03-29 09:08:35,255.00,24.10
536b55df90b1eadec8cd2151d8d54536,1,21fd3b391a97c2fedab9d0efdd183a93,9de4643a8dbde634fe55621059d92273,2017-11-09 14:30:24,487.99,26.29
5370a96022220f889db213211b32740d,1,b192be433004cc1f10b467c0e9ea309b,de722cd6dad950a92b7d4f82673f8833,2018-08-29 04:05:16,179.90,15.71
5377440d8cd95a8640466b534a83f87d,1,07675856c4bfe13a38ddb23da5c3b176,715bbd5ba4e6b74cb0d2f29eb45058b0,2017-12-13 22:11:20,34.90,12.69
538917e9e6d39e4e2f6d7480f7c2479e,1,0eb5d1d033dcdd7b9b11658ce84ee8e9,7a2d2949aea47fab95fd98d6c9f618b1,2017-02-08 23:28:25,110.00,24.77
53ad0f90be4c36080d70c96aa70eafe9,1,ac44def10e24998cdee20a208d691127,8160255418d5aaa7dbdc9f4c64ebda44,2018-03-08 20:31:43,85.90,17.85
53bd622a8d20922d658c830bd18c22c4,1,8aa6223e400af9c97b07c75993142721,1f9ab4708f3056ede07124aad39a2554,2018-05-14 04:54:07,169.90,29.37
53e503de6a65006651097e013bda72e4,1,cb52e6775d816cbdadade36948e81fc8,9b00ed88b7fdb95d6ff76e27c1b52d16,2018-03-29 10:27:31,46.00,18.23
53fa1584e9fc3d9b50f19da601874fd5,1,3c242072afadf856cb9471ea7ead620d,46dc3b2cc0980fb8ec44634e21d2718e,2017-09-19 08:24:41,99.99,8.11
5419ec6ed07e2abf375fd4dc0121db0f,1,8bab563be2e3316280e3990af91da7b7,128639473a139ac0f3e5f5ade55873a5,2018-01-15 16:52:58,18.90,12.48
541d399cde50e380f01d8646e4851d1b,1,c9c6fde711572c1ad99ca12728c6af00,562fc2f2c2863ab7e79a9e4388a58a14,2018-02-09 17:31:37,29.99,15.10
542a2c666cc61a67907e200c8cce4a78,1,08574b074924071f4e201e151b152b4e,001cca7ae9ae17fb1caed9dfb1094831,2017-08-02 10:22:46,89.00,37.92
543698050075bdc4dccb5009076c552a,1,7ac0d3f8ac5b60c13d74b02b8cbb4623,f27e33c6d29b5138fa9967bcd445b6d5,2018-02-20 09:55:34,94.90,17.91
54369f1e37831273ce26f463ca306881,1,cad2db5e318d7283a234c517b2f28a42,8160255418d5aaa7dbdc9f4c64ebda44,2017-12-06 14:38:21,99.90,13.04
54369f1e37831273ce26f463ca306881,2,4d0ec1e9b95fb62f9a1fbe21808bf3b1,8160255418d5aaa7dbdc9f4c64ebda44,2017-12-06 14:38:21,99.90,13.04
543cca75b036b547b2b025a1d896895f,1,70eb8ec63fd4f2a0bf8607712407727c,903037660cf848a717166eb7a06d616e,2018-07-31 17:20:37,45.99,16.51
5441503215c03f85218efd398d2bb270,1,78119fbfa709d07b86f5ccf15043c6d6,b33e7c55446eabf8fe1a42d037ac7d6d,2017-12-29 15:09:38,199.98,16.15
546bb10cd086a577f9bbb4027d79c0f2,1,bbdb487c5f9a780a6a574fe48ed37796,aaed1309374718fdd995ee4c58c9dfcd,2017-08-24 02:26:16,99.90,36.02
546cd63915b3ef4ab92bfb85277bee75,1,ee232674616de808d98d869168d6217f,218d46b86c1881d022bce9c68a7d4b15,2017-05-05 14:50:17,176.00,15.40
546f64a5981ba2d29b0a43a6ab6da440,1,f5f1ce81676b7ce780092a7b8d9135b4,b33e7c55446eabf8fe1a42d037ac7d6d,2018-04-05 11:27:48,239.00,14.11
5471d26176ed00eac0441e43fe12ce01,1,2345a354a6f2033609bbf62bf5be9ef6,ef506c96320abeedfb894c34db06f478,2017-04-06 11:42:47,31.99,14.11
54766753b06221dcdc0b0d27db25cc10,1,485aa17cb179a6624fb0c9e12cc639d1,f8201cab383e484733266d1906e2fdfa,2018-08-09 04:05:20,79.90,23.71
5486a5d84a1d6dcc94887f6f2821a4be,1,5bdfe8e8b816fda68f9f8eb7c0c08e62,7ad32824caee82087b3e2e5f33b1bf32,2018-07-02 13:50:42,37.00,13.84
5486a5d84a1d6dcc94887f6f2821a4be,2,5bdfe8e8b816fda68f9f8eb7c0c08e62,7ad32824caee82087b3e2e5f33b1bf32,2018-07-02 13:50:42,37.00,13.84
548cef769a379d873b5a602a8bf39af6,1,716229078d03301a1341876469a09752,bd0389da23d89b726abf911cccc54596,2018-02-19 22:55:33,69.90,17.77
54a6430e873dab60295a0a83b82464d2,1,9f2d380101b20c5fb31454776800c445,440dd6ab244315c632130ecfb63827b1,2017-02-22 10:48:26,174.90,18.06
54a6545f89aadb5724b75a5a6a1f7837,1,fa9cf28beaafe4f4bec59550f6c76481,1554a68530182680ad5c8b042c3ab563,2017-11-30 13:14:08,36.99,15.10
54afcb850639d95181bf3ee674f97c25,1,aad6f87ee5ffce657b9b3729187be36b,6a8b085f816a1f75f92dbac6eb545f8f,2017-11-17 09:55:30,14.90,15.10
54b73f808b0ff25da4276773c30ac269,1,99a4788cb24856965c36a24e339b6058,4a3ca9315b744ce9f8e9374361493884,2017-06-02 16:45:17,89.90,15.38
54ba74414bed49a8b13864b3e8666f57,1,c784a651cf319526cc7cf854f83cb941,3d871de0142ce09b7081e2b9d1733cb1,2018-08-06 08:44:22,49.00,23.14
54c4c0c7e9a1d272defcf15ea985bef7,1,2eb72d11643aaae8f92fafc9296674c8,c3867b4666c7d76867627c2f7fb22e21,2017-11-27 12:30:43,65.00,15.20
54c4c0c7e9a1d272defcf15ea985bef7,2,2eb72d11643aaae8f92fafc9296674c8,c3867b4666c7d76867627c2f7fb22e21,2017-11-27 12:30:43,65.00,15.20
54c60b5e55b7cfa229a34e7ef63ddb96,1,b99e4f4fa3f421e0ffbd512d9f152dec,128639473a139ac0f3e5f5ade55873a5,2018-01-16 18:51:31,19.90,42.38
550f7653632f43410dcc64a9aff55f45,1,1d38e85c3c89665e3c1d5cc5e6a829d6,7aa4334be125fcdd2ba64b3180029f14,2017-09-12 22:55:18,39.70,17.60
551881f4a46fb5aafca0e72765c499a9,1,a7742a00e1d286b7f7d4d81e90d8acc9,7fdb0720c8d7c9075538b365dc8c3a22,2018-05-24 13:06:35,75.00,34.07
551c21a415e6d07ce3dfc85e627f8aaf,1,7935ddc510afb7d08989660b382b7f26,3d871de0142ce09b7081e2b9d1733cb1,2018-01-31 15:12:50,79.00,13.57
55463000ff2ec17f2fc06a0b6a1c846c,1,71fa3ded050dac9c89b71383bbe4df76,827f8f69dfa529c561901c4f2e0f332f,2017-04-10 01:05:29,35.90,14.11
554798f223b7f6268362b7489f7514e1,1,5d5288d3096b9becaa3566f64fe88110,c3cfdc648177fdbbbb35635a37472c53,2018-03-20 23:08:28,46.90,18.23
55529dc7cb99d0befad66b19ad9adc8d,1,31a70a048673639e07f9c3848b590d8d,820cc752a266cdc6c1a1e61dd4583330,2018-05-07 05:31:25,35.00,22.06
55531bd6b11adf2791aeca35f0305e65,1,71191d3e8768745afc1c290c63f6241e,562fc2f2c2863ab7e79a9e4388a58a14,2018-06-18 14:23:09,24.99,18.28
555bdeeec0ae00faeb547748b9e58ec6,1,3a5d57db958f4fec143599e2c7113f17,4d6d651bd7684af3fffabd5f08d12e5a,2017-11-30 07:14:32,113.90,27.34
5564c14d026bf6c92241f070bb98fb5b,1,b84c4c7f1845f068f40e350865b803fa,01fdefa7697d26ad920e9e0346d4bd1b,2017-07-20 02:25:07,118.90,14.56
557c1116cc609730b617567dec5790b3,1,dcebc51f6a02993ffaa4167c339a3d79,542917da124346b47ea1ac79a93ce454,2017-06-15 16:10:32,18.90,16.92
55a4f9b50beced29f599c03bf4df76e0,1,c075b8e131353552218860f1c421e4ef,f80edd2c5aaa505cc4b0a3b219abf4b8,2018-08-06 21:44:06,63.90,23.25
55a77a7dd079d592581f4cba1659ad33,1,49f906609418f32ad932aa7a24396268,d2374cbcbb3ca4ab1086534108cc3ab7,2017-06-26 11:35:11,17.50,15.10
55c424970c57390065af9e2bf5461f11,1,78540167bc14d4024b1aae7adfa2f7c9,06a2c3af7b3aee5d69171b0e14f0ee87,2018-07-16 18:05:19,59.99,19.33
55cf955cfd4e236d76710709a400f845,1,389d119b48cf3043d311335e499d9c6b,1f50f920176fa81dab994f9023523100,2018-04-05 16:31:46,53.90,21.35
55d314f638b1b911d957c44db2ccafce,1,e8ad45ffa4260bf3a9cb60de28341924,4a3ca9315b744ce9f8e9374361493884,2017-12-19 11:11:34,119.90,16.47
55d80e98635154dd309f2cb107f5e205,1,389d119b48cf3043d311335e499d9c6b,1f50f920176fa81dab994f9023523100,2017-12-07 12:12:42,59.00,13.43
55f3c870c1e40785268450603096ec90,1,3dd2a17168ec895c781a9191c1e95ad7,de722cd6dad950a92b7d4f82673f8833,2018-03-15 14:27:58,149.90,39.10
56030114e560e8093abc06e38626e871,1,da9278e44c4ae00f02a965792a392ea3,054694fa03fe82cec4b7551487331d74,2017-10-27 20:56:36,497.00,28.32
560c623fdd94c3bbcdb7e9f7b130cdf5,1,26b2a480ced2900a62bb9431133e95aa,d6b1ce66b035a475f00c017792ff9769,2018-08-23 09:10:52,119.00,11.85
5617a131d53f18d61b0b90a2d279e820,1,40e834fa1961d072be482a772dbba0e1,a44fb5a447105f8469bdf16bf9159f25,2018-02-26 18:46:48,79.90,15.31
5619f8b4b37f9ee0474d22b309272c62,1,e9def91e99c8ecb7c5cef5e31506a056,850f4f8af5ea87287ac68de36e29107f,2017-12-14 11:10:34,69.99,9.34
561a3b9c8e282502bd86b6504b17544b,1,efefc6ae386eed5b7286cdae6168d55b,89ad3263c0931c47f976d7c5778e60f6,2018-07-30 09:17:53,18.15,15.88
561a3b9c8e282502bd86b6504b17544b,2,8cdb9ebdf8dcdd09f8495eec1851b0ae,688756f717c462a206ad854c5027a64a,2018-07-30 09:17:53,49.00,15.88
563cc94852488599d7c665e7f9fb7ab1,1,3733ab31371499cdb860660de819a97f,eeb6de78f79159600292e314a77cbd18,2018-06-14 07:31:19,609.00,30.34
5642f00882c2ab59e001778dc483135f,1,5c973b4202aac5c372a483e712306f4f,391fc6631aebcf3004804e51b40bcf1e,2018-02-20 20:50:28,49.95,15.10
565073e67c654be3a7e7fe0e10e36629,1,46ded74d8d8e187dabe94a64dd15a7cd,fc906263ca5083d09dce42fe02247800,2017-05-29 23:10:13,39.90,14.10
565db683020d918f5bf0a745784b44fb,1,30c9836b54b1f5702a078b5b6c63db07,c66dccfb3f109511246da627dd5a2498,2018-03-01 09:07:52,335.00,17.10
569e8d50e3105686d32f81ad1e012b23,1,49e70ba5085cd95e69fb041635304a0c,aaed1309374718fdd995ee4c58c9dfcd,2017-05-03 02:22:50,23.20,29.55
56beb5fd73b90e8bc46a9d551c30340f,1,9190ce23001d7618017faae67788ea09,cfb1a033743668a192316f3c6d1d2671,2017-10-25 10:46:03,79.90,36.91
56cbdf3f7e3f535682a007e0e3370e18,1,ffade53cc6541c89321fff351e04751a,7aa4334be125fcdd2ba64b3180029f14,2017-06-14 23:05:20,118.80,18.08
56f1d06ce4c0cf8a60c9d1af768f39de,1,2fea0f2cec6b6324a277d4a61c2ed2c6,beadbee30901a7f61d031b6b686095ad,2018-08-02 03:01:44,86.00,15.70
56f251ca89f74d06076966d5d49b9dc6,1,388a6943ef1d99b81f642a0137bfa5da,cc419e0650a3c5ba77189a1882b7556a,2018-03-08 18:15:44,94.99,15.41
570a2d92be76532681e5a09ac38c8e78,1,327018136fd4a966408df8243383a233,6560211a19b47992c3666cc44a7e94c0,2017-11-30 03:49:20,149.00,14.79
570a37e6dd991a6c2c6b032f41487e04,1,b8ce63487e1d8881dac505b123c8e9b6,adbc26658d6c7b4b6219f9d934598091,2018-02-01 20:11:30,130.00,17.16
570b8c11496979f54bf5bb027e86fcd2,1,62ad9a8972411e333e16347051a98e2a,128639473a139ac0f3e5f5ade55873a5,2017-10-24 02:57:44,28.90,25.63
5714245e554b639710146cab5708287a,1,d48bacc1dcd9c86bf1ed4ed2a303336c,9d4db00d65d7760644ac0c14edb5fd86,2018-05-08 22:30:37,43.80,19.32
571ae93d1696ee933348dd3de7a44efb,1,368c6c730842d78016ad823897a372db,1f50f920176fa81dab994f9023523100,2017-08-24 00:45:15,59.90,17.67
571ceb25e5db8f2493bdc932ae31e994,1,84d2057bc1f88332d0892eea0e997d28,ea8482cd71df3c1969d7b9473ff13abc,2018-01-12 09:07:58,27.99,15.10
5730dad6ecb4f73d55da69d127c2bb6b,1,983b5668afc4aa8777599206fcc8964f,3d871de0142ce09b7081e2b9d1733cb1,2017-12-18 03:50:04,79.00,13.57
573c6238eeff0fc6caaed8b752bbebf4,1,474bb6b54fc608ca71059a6c4f7ecda3,8b321bb669392f5163d04c59e235e066,2017-11-23 22:26:28,21.90,15.10
575cf745e50a19f7d43cb7831c5c76ed,1,98fa920be965878f7c44da75d4cb6ddc,d57e18d5f73c7ccb7f7339b61166898d,2018-04-12 18:50:13,42.90,8.88
57638520434d4c12b81d532ad9bf2f1f,1,635041fb8431d6de8a42741bab6caa9f,2528513dd95219a6013d4d05176e391a,2018-02-22 14:50:22,59.00,32.29
57638520434d4c12b81d532ad9bf2f1f,2,35afc973633aaeb6b877ff57b2793310,4a3ca9315b744ce9f8e9374361493884,2018-02-22 14:50:22,86.90,3.23
576560b37e7f23e3dfc9d154b23bc614,1,a298a105818dce6878b787e4af6cff7d,e26901d5ab434ce92fd9b5c256820a4e,2017-06-09 15:42:20,79.90,7.81
576a4c1c23fdba52cef2228ad0232cc6,1,c857b96593773e940454e76efa8eabb3,cca3071e3e9bb7d12640c9fbe2301306,2017-08-27 22:25:58,51.92,12.70
578403214d22590a9874c89eaf3c09b9,1,cac9e5692471a0700418aa3400b9b2b1,7ea5bfa6c340f58f8e71fc1f0412b0d6,2018-04-19 17:52:22,99.49,15.58
57877cee20b0b56f383bcec5069c48c8,1,9283d9a045e8cc8a2a7956c5d243362a,4aba391bc3b88717ce08eb11e44937b2,2018-06-29 17:31:34,289.00,70.17
578daeebdebcc19bd2dcba1f6b06b3ce,1,cac9e5692471a0700418aa3400b9b2b1,7ea5bfa6c340f58f8e71fc1f0412b0d6,2018-06-06 19:17:23,99.49,8.81
57a382ec5b2ec69093d3bdc7de3ec927,1,cca44f5c2c4c50a416b7ee155a58b2ba,7e93a43ef30c4f03f38b393420bc753a,2017-06-08 15:15:17,492.04,12.26
57c2914d78f0d7f4b76089b7844e77ea,1,617186c3d97ea56c9c683a8a3974e8c1,cc419e0650a3c5ba77189a1882b7556a,2017-07-19 21:35:10,84.99,8.79
57d153da23520b86eca3cf063cc3838a,1,9d641daeb448e6a915e1f81234d4cd33,c66dccfb3f109511246da627dd5a2498,2018-05-09 21:30:38,247.00,19.61
57d86c396c1d48482e96e9e4a0e14ffb,1,72172e982e8b92155069e4201c92c0bb,9b013e03b2ab786505a1d3b5c0756754,2018-02-22 09:50:26,35.49,15.10
57db811a1db1b622111203c37e6f98f1,1,154e7e31ebfa092203795c972e5804a6,cc419e0650a3c5ba77189a1882b7556a,2017-05-15 22:05:15,19.99,14.52
57f3dce57b231e9b80186f99ded08cf8,1,642a40d4d73b4b2604968937de13634a,d2374cbcbb3ca4ab1086534108cc3ab7,2018-02-05 22:52:12,12.90,15.10
57f67475fb7b09eedaba20d1a7cc6097,1,53b36df67ebb7c41585e8d54d6772e08,4869f7a5dfa277a7dca6462dcf3b52b2,2017-08-14 15:43:32,159.90,15.87
5810962e1a48530a03bc82a2e63c9f85,1,eb54d6afabdf1f96c248b81dec8f180f,7299e27ed73d2ad986de7f7c77d919fa,2018-06-18 00:18:20,149.99,19.15
581e402f36b377643fce426a28dc17e4,1,348209d205939d7ee8112be3ef9a2002,bfd27a966d91cfaafdb25d076585f0da,2018-06-19 11:13:56,125.00,23.45
5820261a4aacfd67c653d120a4acdc46,1,0d90fced28b749fa0468818d98cb8212,dbd66278cbfe1aa1000f90a217ca4695,2018-01-17 11:08:44,50.90,17.61
58207f7c0efe1d999163cf9f30042830,1,b770fdfeb3598c315c74c881afdeacd7,116ccb1a1604bc88e4d234a8c23f33de,2018-08-23 22:04:27,22.00,7.41
58279d6e5966be96c8768b58f9a6f983,1,12109f7ebba06bbaeb6448c770cb716e,54965bbe3e4f07ae045b90b0b8541f52,2017-11-21 19:55:23,89.90,17.88
5828df384b9044ee90d7ac11a042274d,1,3bf95cf337a8c87435a2949c48350fc7,e9779976487b77c6d4ac45f75ec7afe9,2017-12-14 16:30:33,91.49,17.89
58385f20ce70cfb92449b879d4d0d08f,1,29e95a1298e19d0e48f89702c09c6ab5,36a968b544695394e4e9d7572688598f,2017-03-05 17:12:07,16.90,10.96
583daa63abcdc20ed6eab2e6a99e44a2,1,04a67e69edfb208f784da30294f69c5b,218d46b86c1881d022bce9c68a7d4b15,2017-10-31 19:28:17,182.00,18.52
58435d6ff97216c2ca1eab87aba77dff,1,d99526b1e4fa5f57b8bde34a7337b5ee,9b013e03b2ab786505a1d3b5c0756754,2018-07-19 10:30:13,58.00,18.51
58683439e5d8a39e9b0a7c4b2f1ff8c2,1,8cefe1c6f2304e7e6825150218ffc58c,ea8482cd71df3c1969d7b9473ff13abc,2018-03-15 16:10:30,27.99,22.06
58683439e5d8a39e9b0a7c4b2f1ff8c2,2,8cefe1c6f2304e7e6825150218ffc58c,ea8482cd71df3c1969d7b9473ff13abc,2018-03-15 16:10:30,27.99,22.06
58683439e5d8a39e9b0a7c4b2f1ff8c2,3,8cefe1c6f2304e7e6825150218ffc58c,ea8482cd71df3c1969d7b9473ff13abc,2018-03-15 16:10:30,27.99,22.06
588085f388f3dd80c9c56681b47bf588,1,704ef63ad0ac345842ea734060a83db2,da8622b14eb17ae2831f4ac5b9dab84a,2018-05-09 04:12:57,74.90,36.86
588319a0ed0db7baaa43a314a333434c,1,bc74f63361c15c1a5baa5b97ac432e62,4869f7a5dfa277a7dca6462dcf3b52b2,2018-02-05 15:35:40,199.00,16.14
58a0927d5f0c99b74be566b3d5ed7c59,1,52c80cedd4e90108bf4fa6a206ef6b03,a1043bafd471dff536d0c462352beb48,2017-12-29 21:47:17,179.99,45.72
58a18ff759db7b6e8f84744c86b9b461,1,8e312c483d79e02dbc1d68cce77e26c8,cfb1a033743668a192316f3c6d1d2671,2017-12-07 02:37:21,28.90,9.27
58a18ff759db7b6e8f84744c86b9b461,2,8e312c483d79e02dbc1d68cce77e26c8,cfb1a033743668a192316f3c6d1d2671,2017-12-07 02:37:21,28.90,9.27
58a4c696515fef3e9c865e1a70b950d1,1,461f43be3bdf8844e65b62d9ac2c7a5a,4869f7a5dfa277a7dca6462dcf3b52b2,2018-02-08 13:55:36,148.00,15.79
58ac1947c1a9067b9f416cba6d844a3f,1,9820e04e332fc450d6fd975befc1bc28,520b493b57809f446cb0a233bb3e25c7,2017-09-19 13:45:43,110.00,14.16
58b99a93ab6127501faa09a1c8878dc4,1,b369e02eda28d74a9bd658415b08d7fb,77a515caa36327151d1cc6c32a9f00e1,2018-05-24 16:31:51,79.90,16.53
58c6e33bc7b4ebacdc2171cd9e2c6f96,1,165f86fe8b799a708a20ee4ba125c289,7ddcbb64b5bc1ef36ca8c151f6ec77df,2017-11-09 14:25:36,146.99,20.52
58cf4bf760edf8c8fd391eb871b0eaa4,1,216ac797639b7734f0b125861ea845ae,b561927807645834b59ef0d16ba55a24,2018-07-18 23:10:15,44.00,18.36
58cf4bf760edf8c8fd391eb871b0eaa4,2,3731a08877914ac1dbf9b7c995854f84,b561927807645834b59ef0d16ba55a24,2018-07-18 23:10:15,29.30,18.36
58ecdd5dee96d19e30c67a29cae63e4d,1,99a4788cb24856965c36a24e339b6058,4a3ca9315b744ce9f8e9374361493884,2017-08-16 03:16:09,89.90,15.38
58f999d3fc97ccaa6ce17d0488658cb5,1,bcee6fd62c36b571fc4522eb3aa7138b,cc5a78bbad32776dc4e3af205218368c,2018-06-21 11:59:39,68.65,25.35
58fa3cd471625c6384fc92e41508b3a6,1,08713ad044290890b1373e1bedc8464c,daeb5653dd96c1b11860f72209795012,2018-01-18 17:09:19,9.90,34.15
5908173cac04f7b1861e21b7f4f639da,1,537795846d3155fd59b4eb12545b1b2f,3c7c4a49ec3c6550809089c6a2ca9370,2018-02-01 18:00:04,13.99,7.78
590df66dc01ee360ffc28411a5b15f0d,1,03e931f387c2dd5b006aecdb12515b2e,1900267e848ceeba8fa32d80c1a5f5a8,2018-04-04 10:27:50,53.00,19.34
5922f7c7645fe4c84b8074f7574dcacf,1,7f47a83b83456eab8ebe7dc273b2107e,f63d8f293af3a6454377546bd9dd19ff,2017-07-10 09:55:23,35.99,12.69
592399454ab1293dd375db727ddb5947,1,ff7fccf8513f360157f0660fe51d1d88,440dd6ab244315c632130ecfb63827b1,2017-10-04 21:07:18,159.90,29.52
5930304c1503cbf5928b7e38bc52e248,1,acf64dbad65e99f5bb490d85c59b2636,9d4db00d65d7760644ac0c14edb5fd86,2018-05-09 14:55:15,67.90,19.45
5939a276152174ff719ee375114e0775,1,21dd96fd31df21001d8e5b7a3fac9335,3771c85bac139d2344864ede5d9341e3,2017-08-10 17:25:06,84.90,16.35
593f849c29daaeee17ee32baa44795d6,1,44c015f31e165a805a0c68a2124e2e90,270297ead4c65a6cd2593960d2af6b21,2018-03-28 01:08:41,569.95,39.22
593f849c29daaeee17ee32baa44795d6,2,44c015f31e165a805a0c68a2124e2e90,270297ead4c65a6cd2593960d2af6b21,2018-03-28 01:08:41,569.95,39.22
594f77c01c63636e30fb32025939df9d,1,9ea1152d6d52dc57ab2ea49aa626adc1,e9779976487b77c6d4ac45f75ec7afe9,2018-05-11 15:54:10,54.00,22.09
595c28bec1ce2ed873ef32f4c6f2f624,1,43f88c8353708451babf9bcdd1fda92a,cab85505710c7cb9b720bceb52b01cee,2017-04-28 20:02:37,49.90,14.52
59682ddba24feb11071cee1f0ed1ecd9,1,154e7e31ebfa092203795c972e5804a6,cc419e0650a3c5ba77189a1882b7556a,2017-12-19 02:54:25,23.99,17.63
596ebedbd7635ed05a529154e354de90,1,e672fbe634ad07cce9d85f412becb2c0,7a67c85e85bb2ce8582c35f2203ad736,2018-03-02 17:15:35,129.99,13.93
597310d5c3dc11229fe9221f13489cab,1,8b5227e28272123eefd613a10ffd7704,966cb4760537b1404caedd472cc610a5,2018-08-08 02:55:15,478.00,19.54
5985ffeab1ed2339fe93d713e2c48db8,1,7a9cf133da2a6494259ffeeab11b6276,db4350fd57ae30082dec7acbaacc17f9,2017-10-05 03:21:56,21.99,7.78
5986af0c84c245048bb86d39d66fe3c1,1,53b36df67ebb7c41585e8d54d6772e08,7d13fca15225358621be4086e1eb0964,2018-05-03 14:11:59,99.90,0.00
599cc8757abf10de056680e4b66187cc,1,8e2e2894b4362d92a3682124ca8124e2,dbb9b48c841a0e39e21f98e1a6b2ec3e,2017-05-04 22:32:23,59.90,14.59
59a5648d91a60574c541152e2fe1c66c,1,d52d7fb0d4ea10cd52baa3255c5c0a34,e1b12447a7563944843191754aeb5562,2017-09-20 03:05:47,139.99,15.73
59c0d4b067270f98e28b82c5ce59db9c,1,3d13d2c1176a1a94d48df83ac45204bb,17ca9b9e9b9ef8fdb529001b49ebb50f,2018-08-22 13:15:09,69.97,27.47
59c89c6f877fc8863ea3527950e3ae68,1,bc0bfbb69aec0f46d1058bfeb5b973b3,3078096983cf766a32a06257648502d1,2017-05-25 08:25:07,78.90,12.05
59d30d600974ba0320ff55e66d6bc67f,1,f32415d23c358ef1e387a7d329d9ce9f,3586b8580d9c917874e053a1bb37b5ff,2017-10-06 03:28:19,36.90,16.11
59d926a10c7bbe3763d2ed1fe40afdd1,1,2ff995aead9c63a1f37a07b3664ead37,8b9d6eec4a7eb7d0f9d579ce0b38324d,2018-07-13 03:45:36,69.99,88.00
59da3bd70f1d9278c6ae1577cd16de12,1,3c883b9d3fd2d0ce448d4136349dc0a4,1835b56ce799e6a4dc4eddc053f04066,2018-01-18 08:29:36,59.99,29.79
59da3bd70f1d9278c6ae1577cd16de12,2,446cf7e594fa3103f5d26069356b55e2,1900267e848ceeba8fa32d80c1a5f5a8,2018-01-18 08:29:36,47.90,2.98
59e44a5b3531b9de0e55335ef6cfce2d,1,5bde14b0ba42a788655c3ebf4ba54597,972d0f9cf61b499a4812cf0bfa3ad3c4,2018-06-11 20:15:25,75.61,27.26
59e53c261681312bd398bcac254262e8,1,90aa2ab699cd0e459be93124aa91c82f,8160255418d5aaa7dbdc9f4c64ebda44,2018-07-04 11:30:06,114.90,23.60
59e7ca596664da0a459a145eb95cc9c5,1,bf128b5dced56e2ec0391179eb70443d,46dc3b2cc0980fb8ec44634e21d2718e,2016-10-21 16:20:49,329.99,12.70
59e94c656aec3cee1b4a97e8324b47d2,1,a54244559e62c8ef2939e52189d65d4c,282f23a9769b2690c5dda22e316f9941,2018-02-15 02:36:05,54.00,16.63
59e965eb9a8f7f341a003466fbe14229,1,5d52927f3cf2e3266c5dd6e4d2dd566a,a066df7361163e7ddc5d7452dd17448b,2018-01-04 20:29:25,59.90,11.92
59ee2fecea61fffb6f6da1adf48df362,1,f811e4e8228504bcdd34f2fe9f502c92,538caafddff204241cecbf3a02e6b3cf,2017-06-08 02:15:20,15.90,14.10
59f0c755f151fc512bfc8a38e3b192ba,1,d285360f29ac7fd97640bf0baef03de0,7e93a43ef30c4f03f38b393420bc753a,2017-10-13 12:14:22,349.99,16.20
5a07e91ff0df440fc9e39922aa973b9d,1,2e8eb076261eb842a7e1bdf64e1facda,7142540dd4c91e2237acb7e911c4eba2,2017-11-06 22:14:19,84.90,17.84
5a07e91ff0df440fc9e39922aa973b9d,2,a07713fa6def350398642fcb700db2f9,7142540dd4c91e2237acb7e911c4eba2,2017-11-06 22:14:19,84.90,17.84
5a082b558a3798d3e36d93bfa8ca1eae,1,a76d6212f99d1253fb7bcfe02ce87d8a,8b321bb669392f5163d04c59e235e066,2018-05-25 01:31:52,9.00,15.23
5a254755df1e90c1e7bff386319a9cc7,1,88c676304d4d4f0eaafc6ca88308f83b,f5a590cf36251cf1162ea35bef76fe84,2018-05-10 08:53:45,110.00,23.27
5a29fd07d4a1b1523a932159e4648b28,1,29f5540c79dd4bb8f156df4e1166b9f4,af4a0e4cfe1d9c26b6712b1be25a72e5,2017-12-04 03:46:47,195.91,17.13
5a29fd07d4a1b1523a932159e4648b28,2,8d2acb5eb701be18bccec69a070fd23d,af4a0e4cfe1d9c26b6712b1be25a72e5,2017-12-04 03:46:47,195.91,17.13
5a4f11a9be03037cc84e5b77f4cf9d82,1,0d5837a2580f92e18e2d1b5f7fa70c2d,729f06993dac8e860d4f02d7088ca48a,2017-12-26 23:53:18,399.90,86.66
5a610ef4a49d9be48df16a1026f225f4,1,5d66715cc928aadd0074f61332698593,128639473a139ac0f3e5f5ade55873a5,2017-09-12 04:44:30,18.90,15.10
5a8f3e078b9a03b9bb16baa101e1c0ae,1,a62e25e09e05e6faf31d90c6ec1aa3d1,634964b17796e64304cadf1ad3050fb7,2018-02-13 18:50:24,108.00,15.52
5a97cb85d8737c11775451e5bcf67286,1,8de065ea288024906fe52d09d8021df4,aae5e7b457a3c72ee230a47d98fceda5,2018-08-14 02:44:09,29.90,17.14
5aa709ad0b286644ffbb7c9aa6a1db27,1,ebc76392dcafcf451f626382c71680cf,da8622b14eb17ae2831f4ac5b9dab84a,2018-04-17 20:30:17,259.90,35.36
5ac0d2c1229ba07ea5cd990360b21e34,1,67c6521bb9e469276f84cbb19baff9e3,b2ba3715d723d245138f291a6fe42594,2017-02-27 20:22:33,39.90,8.72
5ac2db22c3a1a5c7d59208f225e41fef,1,52c80cedd4e90108bf4fa6a206ef6b03,a1043bafd471dff536d0c462352beb48,2018-05-15 16:59:55,179.00,43.95
5acf78c509b083a69d8dd05a63a17185,1,e8b0fa506cda44528a15318cef8a27a0,c990d6cf976a5718aaedc539f383ab88,2018-01-18 14:48:23,8.90,17.63
5ad5a009431bd3f53d623de6ca712cb4,1,5ea13888505d00f6a33b996f70a06e13,17e34d8224d27a541263c4c64b11a56b,2017-04-27 15:30:17,127.99,12.29
5af3995b6e2291d7ce8086db20960dd8,1,cb3fe5272f5eb5d9c10f4274866bfc0c,1838dd9b8977065acf51d95e0053ea7a,2018-02-04 22:13:24,69.90,14.24
5b023700ca22594b76150412fb31d733,1,f4a38926843e01497a3f63a5d5740c72,8b321bb669392f5163d04c59e235e066,2018-04-23 05:55:42,13.65,7.39
5b10d29307d564e7cba05fe2ecf7334b,1,10be3a54fb1b2a42ee3ed8c9ee32010d,17a053fcb14bd219540cbde0df490be0,2017-08-03 08:43:39,153.90,49.61
5b1b26d3f1b67defc956d8ae1d95d407,1,51d646c5c93e0f1de543528d0e24eadc,c35672b10ad50968f567ea3f4b91e877,2018-05-14 22:14:22,69.99,22.55
5b1c6bad461d722c0e428b2ad4e5cafe,1,03aad9707028422f38b0563410912177,5dceca129747e92ff8ef7a997dc4f8ca,2017-04-03 03:51:19,79.90,11.95
5b4101f533b7c66611b649809ff634b1,1,fb8ec7f3124032e812713f60633e6167,8a432f4e5b471f8da497d7dc517666e2,2018-08-09 15:04:53,49.00,19.24
5b4101f533b7c66611b649809ff634b1,2,9e47ae55f9327141d2dc2cbca3317e49,18a349e75d307f4b4cc646a691ed4216,2018-08-14 15:04:53,35.00,19.25
5b46b8a8da766ab67735748a7d1542dd,1,a5b40bfd9d0d065c0e89d203f90fca25,fa1c13f2614d7b5c4749cbc52fecda94,2018-08-15 17:05:17,259.00,19.91
5b5270acff888d4eaf14966f98eabd54,1,665adf6cc6e09e6a770ba182ea6a50f1,406740ee611378a662d274c7d8c43c4a,2018-04-19 13:31:42,256.00,20.76
5b649740381032adc79831802d8d221a,1,a60613d36f37a7b27d3344f40f6a7945,ad420dd0c4f92f8af951ac24b86d0cf5,2017-11-13 04:31:45,200.00,31.20
5b649740381032adc79831802d8d221a,2,9091499533100191c6b89d09e43445e8,ad420dd0c4f92f8af951ac24b86d0cf5,2017-11-13 04:31:45,19.99,0.05
5b8d793745f3ac9e033f77ff0f8ea88c,1,af5606ac1cb97d0519a67bd7d9af79b6,48b6c3f4c6a93171da04b75313f2130f,2018-05-02 13:15:08,155.13,18.97
5bab7c4dc62f5bae4f349ceb09639444,1,ccd686475dbff77b93871eae4754526b,9d4db00d65d7760644ac0c14edb5fd86,2018-04-04 23:15:11,139.99,27.06
5bb67bb01ea5cb177b047ffe340c5c3e,1,2a209ce7ce3ea3a21cc0b4c36495e9df,d91fb3b7d041e83b64a00a3edfb37e4f,2018-07-16 07:45:58,26.19,18.28
5bb6be5ac31d6ab742083dec19b729c8,1,1f75be631e988bb0ad750e60e18d043b,fd386aa7bed2af3c7035c65506c9b4a3,2018-07-27 02:50:19,13.99,15.23
5be7a00f3302bbc55973ecf0d9322ba8,1,c8d415e06ebd7a37c7a5b4a18641ca11,cbd996ad3c1b7dc71fd0e5f5df9087e2,2017-08-14 03:03:23,43.48,11.85
5be9af49f40fc3bbb1c3c8aa5b7d8ee9,1,8d39a63db6a98e40571f486e0c711cf7,c826c40d7b19f62a09e2d7c5e7295ee2,2018-08-21 09:15:20,127.20,20.08
5bec9dad5626dc4e86bf625a3a6d0523,1,d87815e398ce1204e5981c427c03291f,10076e5788b8ee532724bcd460baf762,2017-07-28 18:25:22,51.20,11.86
5bf4b0c6624c03f4a531a60082fab3b5,1,f35927953ed82e19d06ad3aac2f06353,669ae81880e08f269a64487cfb287169,2017-03-17 14:31:07,115.00,16.51
5bf9c5ac7dfc2d9cc6911038a0864fbf,1,0cb386dab759a2f5e6dc75314cdc68a5,2ff6b7bff164ef05590a52734e1296da,2018-04-19 18:30:59,120.00,34.38
5c084318cff126cf38e30fe940ea2fbe,1,ee406bf28024d97771c4b1e8b7e8e219,7a67c85e85bb2ce8582c35f2203ad736,2017-12-11 04:12:01,144.99,18.26
5c092582307d1169e1a475648c90003f,1,e5d6523f4cd63e1347ca8407deda4ba3,77530e9772f57a62c906e1c21538ab82,2017-12-01 00:31:36,49.00,25.38
5c16fa790786ce85165190a91ebc6f85,1,a54244559e62c8ef2939e52189d65d4c,282f23a9769b2690c5dda22e316f9941,2018-08-01 22:25:07,58.32,27.18
5c1d89aac6e3b4a8f69d548ea030179a,1,154e7e31ebfa092203795c972e5804a6,cc419e0650a3c5ba77189a1882b7556a,2018-02-16 15:52:20,23.99,7.78
5c26d05602b6bf6463faf31fe5031c1c,1,6803077179d24889430188e03fafd31a,128639473a139ac0f3e5f5ade55873a5,2018-02-15 11:28:13,19.90,12.48
5c3ed80bbf87273549529ebc6a45650d,1,99a4788cb24856965c36a24e339b6058,4a3ca9315b744ce9f8e9374361493884,2018-03-22 14:31:37,86.90,24.82
5c458a0a24c83bb972feb57ab32e38a6,1,5e3b4b17383b90a3129e552bd71bf2b8,516e7738bd8f735ac19a010ee5450d8d,2018-06-11 03:49:57,84.90,20.64
5c59a70dbcb923876763ecb18ff3fad4,1,e8c389b93037dc27ba9eb2b1270ad55c,688756f717c462a206ad854c5027a64a,2018-05-03 17:12:30,55.00,17.97
5c72a1e93e4f43b00cde64df569c2155,1,cd935d283d47f1050c505e1c39c48b67,a3a38f4affed601eb87a97788c949667,2018-01-10 15:15:21,69.90,15.24
5c8016724722d7906a7e8cfa22d7727d,1,54f8f27ac6543c074ae5c4e7759b054a,e067ad2c1c0b48758eb1b5228bcf7a68,2018-08-13 03:45:10,42.00,7.55
5c87f97c103f08f9cd977b07384a3fd3,1,66e9fb73e349cba44b29951e558a6780,98dac6635aee4995d501a3972e047414,2017-06-02 20:30:27,9.60,16.11
5c970ae2d7acc353fb8a086fa101ba95,1,19c91ef95d509ea33eda93495c4d3481,06a2c3af7b3aee5d69171b0e14f0ee87,2018-08-23 23:15:09,122.99,25.21
5c9ef82c5db4b1a72d24609ec6779955,1,7a10781637204d8d10485c71a6108a2e,4869f7a5dfa277a7dca6462dcf3b52b2,2017-12-26 22:10:46,219.90,18.79
5cc475c7c03290048eb2e742cd64cb5e,1,3410cbd7df2130ec3cb9300ef0fe3df1,897060da8b9a21f655304d50fd935913,2016-10-09 03:10:31,71.00,11.69
5cc63affb50754b86ebcc046f957c65b,1,f6584475ef4b8710cec93be723766326,620c87c171fb2a6dd6e8bb4dec959fc6,2018-04-10 21:28:40,119.90,57.39
5cca24359ca7443aa609e17be46a0990,1,1f9a992e9e20d544dead76bd2a0560f9,8444e55c1f13cd5c179851e5ca5ebd00,2017-09-04 02:50:07,99.00,15.44
5cd95f0cc60ce2902bb618921d212463,1,adbcfc3bef885f1c3f1e1335fe32e45f,0432ead42b6c8a0bdf68154add917fdf,2017-08-17 16:45:12,89.90,7.88
5cd9658ba9e8ad15b491928fd7ec370d,1,605050407239c811cf987c99fbabaf4d,3504c0cb71d7fa48d967e0e4c94d59d9,2017-09-05 19:55:20,24.90,11.85
5cf62f9c757b9bc80a12ffe293efa0ac,1,87cc2aef12eddf0b170234138b0946e0,34d1ca11b242c0fee2c834ae8d788566,2017-05-17 04:22:39,185.81,17.06
5d04adb20b546fc5628d3f926b5fe37c,1,e03102efbc2229024c89be731f0aedcb,2c9e548be18521d1c43cde1c582c6de8,2018-04-11 23:15:16,34.90,19.32
5d05c998a38706f49de186001b342faf,1,48401d4a555fd20aa93a202a4ed3b598,52d76513f0c4d97f3b99570e2c94ee31,2017-11-17 08:26:02,109.99,15.52
5d0db9d992f9f02d3bdca8a7e64c2c27,1,4fa33915031a8cde03dd0d3e8fb27f01,8931a84a914b3fe9b1ddaa4d704947ca,2018-06-14 17:30:42,154.00,9.43
5d1c0dcecd1bdd50fb9edd53d2680184,1,19783777e6d4d97635348cf8d7caedc5,e9c6969d40e6a3d2d0f90013165c2b98,2017-11-13 04:10:36,849.00,39.74
5d2331c2b9c856b5b42d3c9f0c9b97cc,1,dbf1bc6f925f7fc97db3fda5c4cbdec8,7299e27ed73d2ad986de7f7c77d919fa,2018-08-23 04:50:08,29.99,18.31
5d2ff43aa9d044bfeee7a47f21b05f8e,1,5c77339ada5044e33450d5c2660692e0,4c2b230173bb36f9b240f2b8ac11786e,2018-06-14 00:21:47,49.90,7.39
5d356daa43b595e4132a76f217230476,1,d121a42e2416f999dc353f81efcdd5f4,7a425d299613df3e613bcf9d2eaf5c49,2017-12-01 18:11:49,49.90,14.10
5d4904af2abec966288d8236c091bbda,1,0f0c4960b05d6145bbb4b348423503ef,edf96ef93ed595084bbcbd9224bd2894,2017-05-18 18:30:12,42.00,16.60
5d6e04a5abfffe286806a9e6b296eb1b,1,c92a761aaccfb831d4220d44648f260a,f8db351d8c4c4c22c6835c19a46f01b0,2018-07-25 17:25:16,24.90,7.43
5d80f1568478295e280e48e5d766bb28,1,f83c9874b5b5044ea58fef1be68c1ea8,2e90cb1677d35cfe24eef47d441b7c87,2017-05-26 08:42:41,132.70,31.68
5d813e90f3a2dcc17b05e3f7fb2d4ce6,1,53b36df67ebb7c41585e8d54d6772e08,7d13fca15225358621be4086e1eb0964,2018-05-11 16:52:25,99.90,0.00
5d897972f7c8ca3878faa6d297a0173e,1,be8aef10cd8c8a52fa98f5f7f71bb373,4a3ca9315b744ce9f8e9374361493884,2017-05-19 15:50:15,139.90,17.42
5d897972f7c8ca3878faa6d297a0173e,2,be8aef10cd8c8a52fa98f5f7f71bb373,4a3ca9315b744ce9f8e9374361493884,2017-05-19 15:50:15,139.90,17.42
5dbbced030c8556f919a3b392a589b7e,1,d1ca56960d19af6d4eccf7fa11ec6fca,8a207b6080964f3c1fc9d35bd6096ba4,2017-11-09 11:15:27,83.90,18.48
5dd074a5f6674685cfe723e7854c0b73,1,71540d636652fc682032d3b3c0a180c1,213b25e6f54661939f11710a6fddb871,2018-08-06 08:15:15,119.85,23.64
5dd64c69f0f1a0f2cb3a5272837fb904,1,e611a297d7a9df83f906aab5c746fd06,81f89e42267213cb94da7ddc301651da,2018-08-24 19:10:23,93.00,13.31
5ddffd82198ca5fd512883316c2c865b,1,aa8bc5595ba5d066c744e14995402cdd,fe2032dab1a61af8794248c8196565c9,2018-03-01 11:08:36,179.10,9.45
5de6387107c3165295d2f19ab2db7be5,1,bb1378aaa2d6f539069001a8dfda9a58,de23c3b98a88888289c6f5cc1209054a,2017-12-11 11:03:33,150.00,9.86
5dedb012dc056caca4184c7fe7ec5613,1,79c0ace2ccf0da036e787875a49151a4,b32be1695eb7ec5f10f72d9610a12527,2018-02-02 16:37:54,379.00,71.53
5dee4f20dad15577d54e207b68b96be7,1,57e1815b050566a793e010162f765cdb,edb1ef5e36e0c8cd84eb3c9b003e486d,2018-06-12 10:17:30,149.65,51.55
5df3e4bdf3b11255c6c73bd401826bae,1,9a2659459e90b81f2894abe1c615597e,0c7533c71df861ec58ad7ff999ed0e8d,2017-10-09 13:07:24,5.90,15.10
5df3e4bdf3b11255c6c73bd401826bae,2,9a2659459e90b81f2894abe1c615597e,0c7533c71df861ec58ad7ff999ed0e8d,2017-10-09 13:07:24,5.90,15.10
5df489bf628aa872653bc4791319921f,1,0a27862bbf658a5b8cf655761bc5c72d,d17f467e4bf608a510c20d82f4ba3b6b,2018-08-06 21:00:13,51.73,66.89
5e2150868494c26407f39ac03c5de246,1,6bf1cd252d73626ab181be470f56e07b,8bd0f31cf0a614c658f6763bd02dea69,2017-12-26 10:31:59,37.99,11.73
5e479fe6d021c55b96aa4799e9046634,1,ff26009ac6b838dc6cffa2d589cdbefb,157c3e4b42f81ac4a44e8b1ca2fe9876,2018-03-27 10:30:22,90.00,8.98
5e5235e11bea2c86b1255beb1b7e247a,1,b27ff4b438c93e0dbc08bf543dbe31ed,5cf13accae3222c70a9cac40818ae839,2017-06-20 09:10:16,89.50,16.39
5e524bb81ff2ff0d50ebd32cb30c04e4,1,563bbe0d8473acb99ec159079a8352f1,4a3ca9315b744ce9f8e9374361493884,2017-12-11 01:16:03,155.50,16.72
5e73c84a4d8bfcb7f5f1aca946e843c7,1,2a5806f10d0f00e5ad032dd2e3c8806e,7c67e1448b00f6e969d365cea6b010ab,2017-07-18 06:43:48,169.99,49.80
5e799230fac44bd261f49b46edad3213,1,5ccdfc35d9cff8db4fa46b83d5712899,238fac594e170b59c6d228f5a4f4f1d9,2018-03-05 04:11:31,119.00,38.58
5e7b379aa81e0e21c5894e1f71cb45d6,1,e06f99e79036d681effa3de75989bf22,6560211a19b47992c3666cc44a7e94c0,2018-08-20 16:49:14,59.00,19.32
5e81df12374f3a0e3c11e392a252fdcf,1,4a52073965ad17f345f579bdbdbabd74,0c7533c71df861ec58ad7ff999ed0e8d,2018-04-13 13:15:11,35.40,26.90
5eb1569b3a9e174aebf991bfa0fef897,1,e251ebd2858be1aa7d9b2087a6992580,001cca7ae9ae17fb1caed9dfb1094831,2017-04-18 16:55:19,112.00,16.48
5eb1569b3a9e174aebf991bfa0fef897,2,e251ebd2858be1aa7d9b2087a6992580,001cca7ae9ae17fb1caed9dfb1094831,2017-04-18 16:55:19,112.00,16.48
5ec8127f0e7abadc5ee625f266ee0742,1,0152f69b6cf919bcdaf117aa8c43e5a2,d2374cbcbb3ca4ab1086534108cc3ab7,2018-06-13 11:30:38,17.90,18.23
5ee9f6eb126b4f5f10e3176c461848f9,1,de5dafaae0182647bb67d4b81b37f36f,dbb9b48c841a0e39e21f98e1a6b2ec3e,2018-03-22 10:49:02,159.99,13.56
5f00e80d3b9ae5d8410469f9f0ffd1bb,1,604b7e43b1486fa582ff64b375a5ff4b,4d6d651bd7684af3fffabd5f08d12e5a,2017-09-06 13:24:15,119.90,13.86
5f0204c837c9b96a76c8da513f40ab17,1,3bdc103ff400f1e4c1136dfe4ebadbd1,1354d51653f645349064725ed204e85e,2018-08-03 03:50:09,95.00,10.00
5f0204c837c9b96a76c8da513f40ab17,2,3bdc103ff400f1e4c1136dfe4ebadbd1,1354d51653f645349064725ed204e85e,2018-08-03 03:50:09,95.00,10.00
5f156d65bf7998fce0ebdb3a046e78a3,1,a1d17216996bf0cbba886f91bfd31c77,1b4c3a6f53068f0b6944d2d005c9fc89,2018-02-07 22:49:43,29.90,15.10
5f2afe447ecc492da57db318b381a3ab,1,72076d150be0b5c03bbff0c07cedeec2,17e34d8224d27a541263c4c64b11a56b,2017-06-21 08:35:13,329.50,14.65
5f5009f6c5e45b305e8cab76a5df6a18,1,73db26ba1eb13dd2d0e1991a3ac6943b,5c243662ce92d84573bfaff24c3e3700,2017-06-07 20:45:13,239.90,15.28
5f69f6bf68dce110479aa0bb515b47c8,1,8e5e831d742acedb1758e90e18974231,25cf099de44674fde97473224f9d59ab,2017-12-01 11:31:10,30.00,8.72
5f7811f83d3d9d0aa1f4c9bcd1cc1a12,1,2f9c2888168b8c2d8e625905f3737057,6c177e38df6d3f34182b1f1d427231bf,2018-08-17 20:04:02,139.00,16.07
5f7d84d0a7cea1633979f2b458c740b6,1,8a07df3b4a96005496043e667f667beb,0cbcee27c791afa0cdcb08587a2013a8,2018-04-26 07:11:00,42.15,18.23
5f7e868dd546fc8e9e0bd8515efababc,1,cec09725da5ed01471d9a505e7389d37,4d6d651bd7684af3fffabd5f08d12e5a,2017-06-01 16:05:09,69.90,15.24
5f8772295e1adb4e4832c988d6b631b6,1,1e618d311a1b7f88a9d96ec50aa85582,d94a40fd42351c259927028d163af842,2018-03-22 10:28:37,129.00,70.89
5f9023a84ef9e64c87bc7c1970da5680,1,db25a58a5da5dfe2fd19f2604491bd27,4e7c18b98d84e05cbae3ff0ff03846c2,2017-09-18 15:55:47,54.00,46.91
5f9c46986c8990debd941ac4f936e95d,1,4ba4b0ac2133ce048ceedc2355bec253,8b9d6eec4a7eb7d0f9d579ce0b38324d,2018-07-27 02:50:19,99.90,46.98
5fa31572cddd9405f1eda482f8106353,1,2a5806f10d0f00e5ad032dd2e3c8806e,7c67e1448b00f6e969d365cea6b010ab,2017-07-19 15:15:17,169.99,25.70
5fa86014b9702f8c488d3ca356d24dd9,1,08a58dc963320d6073623382b9ceb920,8e8a7ce9f2f970dc00e2acf6f6e199f6,2018-02-23 02:46:56,129.00,14.65
5fb669725665771911c8ecc187870553,1,b363ba4802d9eca552da85a1125747eb,b92e3c8f9738272ff7c59e111e108d7c,2017-05-12 17:45:15,179.90,32.01
5fb801bbd0a3376799e6d3a508f845db,1,f1d3e7a4605f6cd5f2a3cf9bde5c7845,062ce95fa2ad4dfaedfc79260130565f,2017-03-31 15:42:24,189.90,16.54
5fc0077c7ba092d24743a55d05cad3fa,1,6beae1a9c914c4e2ca45868d6317a27e,7142540dd4c91e2237acb7e911c4eba2,2017-11-17 21:06:46,84.90,13.61
5fe18112061d552a439bf8a33e638468,1,f1d52f5898b4fa4f26ffd82aa0147044,16090f2ca825584b5a147ab24aa30c86,2018-03-05 11:49:49,54.90,15.13
5fe8c7141808af2ac47d98ff8a006ac5,1,24776376f3b02d27ac141a1bdc46d628,897060da8b9a21f655304d50fd935913,2018-02-12 02:52:46,109.38,15.52
5fed29bc3234f8a50dcdafe6754b62ce,1,4bd3f968f30558ee2b17168cd3930fff,f45122a9ab94eb4f3f8953578bc0c560,2017-06-05 17:50:25,159.90,12.62
5ff6b1218c59006ad453dc0f33c70ec2,1,4ac50dbde931c0a5ed8c33d3dc047351,e5a38146df062edaf55c38afa99e42dc,2017-06-22 00:47:03,61.80,16.68
5ffd6a2fc18f65496eca65629db6eba6,1,fcaab5d7f656094e49fbe4ee3a506658,3d871de0142ce09b7081e2b9d1733cb1,2017-12-22 01:12:54,125.00,13.89
5ffef190f82ef1609e36ce56abdde5e9,1,f71f42e2381752836563b70beb542f80,85d9eb9ddc5d00ca9336a2219c97bb13,2017-10-18 03:34:20,31.90,16.79
5ffef190f82ef1609e36ce56abdde5e9,2,f71f42e2381752836563b70beb542f80,85d9eb9ddc5d00ca9336a2219c97bb13,2017-10-18 03:34:20,31.90,16.79
601e15e212cb33919e0444d6f0d776e0,1,0b0172eb0fd18479d29c3bc122c058c2,1838dd9b8977065acf51d95e0053ea7a,2017-09-18 14:26:44,28.90,16.11
6026ab778a91a44d6099fd3734dfb44a,1,9c48f48fd32ee1915d62d3670e2d1ba9,e8b3a3a38279a82f0e5d006d5e5b7d2c,2017-11-29 20:16:33,89.90,12.76
604e352bcd3bb9d8932aebf18bc2891d,1,2b0ee2d07306f7c9ac55a43166e9bb4b,1900267e848ceeba8fa32d80c1a5f5a8,2017-11-29 22:59:37,59.99,12.76
606135eee1f82ed9f028183c267aa8d8,1,81288df52439985f610be64465e53f57,54a1852d1b8f10312c55e906355666ee,2017-05-24 22:15:18,109.99,17.02
60721992ef4cec39824837f08c79afec,1,d1c427060a0f73f6b889a5c7c61f2ac4,a1043bafd471dff536d0c462352beb48,2017-09-27 09:30:16,149.99,45.98
60721992ef4cec39824837f08c79afec,2,c4baedd846ed09b85f78a781b522f126,a1043bafd471dff536d0c462352beb48,2017-09-27 09:30:16,99.00,37.36
60864257be0835f1fc4225706a92cc00,1,3d75a35ffe2d78d994c7caa66db1c232,4e17c65a516f69d023a2ae78b84f28d6,2018-07-31 13:35:17,689.90,40.18
609054aa2204f8dccb3f474165d1d411,1,fd1eb7fd67e76cf3283618735a57cbcd,7040e82f899a04d1b434b795a43b4617,2017-10-26 03:05:38,149.90,18.30
60c6ad4cefc764d607e14ca66de81444,1,4298b7e67dc399c200662b569563a2b2,8e6d7754bc7e0f22c96d255ebda59eba,2018-02-27 18:48:39,170.90,15.95
60e04ef7b695b4d6bae420059a317028,1,0603179793e4bf68b9dbdb4ba238a3b7,8a432f4e5b471f8da497d7dc517666e2,2018-08-12 21:55:11,59.00,14.72
60e67382f21910dba1cafc875da0c1ee,1,a0eef953cb25bc9ae40457e1c3c82946,5a8e7d5003a1f221f9e1d6e411de7c23,2018-04-25 09:15:10,69.90,8.88
60eeb6cfb0da0d3db8ccd8a0ca15f272,1,57e089e3103f5cda6a4ce23b77399bdb,aafe36600ce604f205b86b5084d3d767,2017-11-23 10:50:45,59.90,18.96
610883752a98dcefa38fa9715c6b1e84,1,5da831182fe9ba6ab33ab17bbc5d16c7,4d6d651bd7684af3fffabd5f08d12e5a,2018-04-13 18:49:57,179.00,19.13
612d5630822f4796875619b3a6a7b481,1,2b27cb23faa03f71607fcdd1539387f3,d4ffeb15b67e81ff9af2b4252d99fb7e,2018-05-09 12:19:51,97.00,27.41
613642e8ff12626da63befddef26efa4,1,42130cd7a981706499a4d337f2f7f621,2138ccb85b11a4ec1e37afbd1c8eda1f,2017-03-09 02:15:47,29.99,8.72
613c63ad0aab038e86c572a39cd06979,1,389d119b48cf3043d311335e499d9c6b,1f50f920176fa81dab994f9023523100,2017-07-25 08:10:08,59.90,17.67
614c0b4b5169af9eb895bc8aefe5a418,1,145978af3e89b318be0b717a0953649a,18e694e0e48ed6f7aa3f24aade5fd697,2018-08-22 18:49:24,20.90,12.81
615881190acfd290a2122e6e4d6055c8,1,2028bf1b01cafb2d2b1901fca4083222,cc419e0650a3c5ba77189a1882b7556a,2018-01-23 17:31:07,56.99,15.15
615ca9b2afeaf5644ae8cef64797132e,1,1dceebcc5f23c02ea23e16d5bedca000,4e922959ae960d389249c378d1c939f5,2017-08-17 04:25:31,45.00,16.11
615ca9b2afeaf5644ae8cef64797132e,2,1dceebcc5f23c02ea23e16d5bedca000,4e922959ae960d389249c378d1c939f5,2017-08-17 04:25:31,45.00,16.11
618ac45ad42a3bd6d81db7fce1320a15,1,d017a2151d543a9885604dc62a3d9dcc,6560211a19b47992c3666cc44a7e94c0,2017-06-19 15:45:19,49.00,7.78
618f64df06c611bd4ea802bafba3e20c,1,d537e54e990d95194a5733e79f1af1aa,4305fe92735c8a43d154ff6dd2b8d927,2018-08-07 10:45:11,139.90,51.70
6191c14b9afcc6173831a7275f92c55b,1,ac7e981115ad47f0e051f1b8b97e73b1,53e4c6e0f4312d4d2107a8c9cddf45cd,2018-03-01 18:10:28,28.14,9.34
61a9adbc73db5e5c33e5d6d528f8846e,1,cfb763496d9fc48751a27db4fd02aa2d,391fc6631aebcf3004804e51b40bcf1e,2017-07-28 12:10:25,49.95,11.85
61d54e16685b5da6db2e220e6588c376,1,79161ecc0839d5d58374918d289ee6c7,5795aebfe331fbcd02a2c4b679fb7952,2018-07-24 11:55:16,185.00,18.23
61e3bd0de079bba22ce8062d0ef4d393,1,3f14d740544f37ece8a9e7bc8349797e,f457c46070d02cadd8a68551231220dd,2018-01-17 17:16:26,84.90,12.72
61e5a319032ea9f5d404dd3f2cbe2a8f,1,d5fe61375316d1998d0aac7adbb8b9ab,dbb9b48c841a0e39e21f98e1a6b2ec3e,2018-03-07 06:30:20,99.99,9.51
61e9a85f2e6a0706d34fc63145418160,1,cf36ff4eff95a0e88ade26f685c1f8a1,c37b2059d4f90d4feead554e5246565e,2018-05-02 17:12:00,54.00,8.29
61eedf8710394769412bccced6288fff,1,5a848e4ab52fd5445cdc07aab1c40e48,c826c40d7b19f62a09e2d7c5e7295ee2,2018-08-22 14:52:58,122.99,15.96
61fa6d238ae5d2e7063f2df458609c91,1,2e513e110e3f95926fa3d1ac44444ff4,8b321bb669392f5163d04c59e235e066,2018-06-19 08:19:29,17.99,15.23
61fca91868781e2844bebf0ba3129950,1,955d159d5f3a5d16c3808fcb7705224f,066a6914e1ebf3ea95a216c73a986b91,2018-03-08 14:08:46,14.00,15.10
62005c92ae50253cbafc90c07cf33d2e,1,945657481c47ca039e25c6b061eb9744,db4350fd57ae30082dec7acbaacc17f9,2018-08-27 17:08:59,22.99,7.42
620133b0b32ccf5727e6c53ba3b0fb75,1,a2105c8c0d5d99dbc5a2a9ad94321e5c,0dd184061fb0eaa7ca37932c68ab91c5,2018-07-24 20:45:16,99.00,41.67
6215b65b1a79cc034605e477320e37c3,1,921a192e87274fd48d2e395b0a4facea,128639473a139ac0f3e5f5ade55873a5,2017-12-05 11:30:24,18.90,34.15
6215b65b1a79cc034605e477320e37c3,2,921a192e87274fd48d2e395b0a4facea,128639473a139ac0f3e5f5ade55873a5,2017-12-05 11:30:24,18.90,34.15
621e872311397c42f0b553c82785d56e,1,5ae2f57d379f89f995f9444cdb6d5c60,d594982fd877af63ace38ea1fca27c76,2018-08-07 13:04:21,27.19,15.29
622db91c93396e938ca004d8303dba6c,1,7bb755757b4b21a1abc9cc6e9991a8ad,138dbe45fc62f1e244378131a6801526,2018-07-12 16:30:16,12.90,8.29
623125bebed45c5fb349862e0913dcf7,1,94f3e056fe4489bd919679e1bb343edb,33a6f4b1e7cdc205511e76ba1b6e0186,2018-03-12 09:09:52,62.00,7.78
62505127063f51deaf665f237ee748c2,1,bef6177f54efb9a6218e124b629fc152,620c87c171fb2a6dd6e8bb4dec959fc6,2017-12-12 13:10:17,339.90,18.14
6257920a3e9d55dde77fe023d8a24979,1,3006b8f5b476750a03137c1b2755cea1,06e5eefc71ec47ae763c5c6f8db7064f,2018-03-19 04:08:19,126.12,18.76
6259deeab2f6daedf07d0574adda7fff,1,9ffab56dff7071396d82c4b372e7f033,94e93ce877be27a515118dbfd2c2be41,2017-07-20 13:05:14,24.90,16.11
625f2a06b46e5cbf695ba96293f76721,1,95380c355d1a589a9f3e7bfe9e5920d3,004c9cd9d87a3c30c522c48c4fc07416,2017-03-08 18:10:20,175.99,16.23
62628ad72362122adab99bbe834e0d25,1,4c2394abfbac7ff59ec7a420918562fa,cc419e0650a3c5ba77189a1882b7556a,2017-12-12 04:11:57,84.99,16.35
626ac0ce1580c1c2053b90b0d317f56e,1,45f7c48e7ead07eb1afd9aebfe6de326,33a17d60c64393351ebf1ef860f4e0f2,2018-08-01 09:17:44,319.97,21.52
628111ec0fcace16f3112336b1138aef,1,3fbc0ef745950c7932d5f2a446189725,06a2c3af7b3aee5d69171b0e14f0ee87,2018-07-18 21:50:13,66.99,27.75
628869b4f8a615bc270791a2def79f7c,1,ace5d86cf1ac63cdb76f49e5cd23d2f8,cca3071e3e9bb7d12640c9fbe2301306,2017-06-06 09:55:26,50.90,12.70
6299bb8e855289b411394e216495f96f,1,0ec96e6d31a1493b0475805c9ae1a0a2,09f952a5f58d2285b0372551ae8f9b01,2018-07-10 21:15:19,167.00,18.97
6299bb8e855289b411394e216495f96f,2,0ec96e6d31a1493b0475805c9ae1a0a2,09f952a5f58d2285b0372551ae8f9b01,2018-07-10 21:15:19,167.00,18.97
62a4fdf762d5c41efd4bb2418f236e9f,1,73bcea88583002fe12b7399af4ae60da,4869f7a5dfa277a7dca6462dcf3b52b2,2018-06-27 17:16:03,119.90,18.94
62ba4fa6bee7a583369ff4aa2dc3131e,1,5a0c21ad6b82a1b61856e48ec959764d,681fce914360217db47784ae28905a96,2018-02-27 03:31:26,108.00,12.89
62c01156265aaaec691a0634593dd678,1,9f404f5737d7df22b5dc718b6d73a7fb,238fac594e170b59c6d228f5a4f4f1d9,2018-08-23 11:30:19,105.00,53.82
62c4fd481d60fc62e465737c7f09ee92,1,89321f94e35fc6d7903d36f74e351d40,16090f2ca825584b5a147ab24aa30c86,2018-03-06 14:50:15,27.90,7.78
62c66f80f422c25636cc243baaba2568,1,9453bde60c4ee52155c963641736cfc5,5c243662ce92d84573bfaff24c3e3700,2017-05-28 22:42:42,467.00,12.74
62cebc207886dce8b9f4460a1266bfdb,1,ff26b56ca9aba312af54ea3f368af943,05d2173d43ea568aa0540eba70d2ca76,2018-01-29 03:36:55,83.99,15.34
62db325bc32b729554e4fd9c793ab850,1,422f04883e19f7b9508857ca6bcaeb6a,31eec405c9bb71dec8e2629a92e764fa,2018-07-03 12:49:46,56.90,18.50
62ec63f37c8ed14ce3dba43a02721f5e,1,3f14d740544f37ece8a9e7bc8349797e,6973a06f484aacf400ece213dbf3d946,2018-03-26 21:08:39,84.89,7.94
6301066e2dac8d64b49ee0cafd9c727e,1,c6336fa91fbd87c359e44f5dca5a90ed,4c2b230173bb36f9b240f2b8ac11786e,2018-04-02 14:55:35,45.90,7.39
63089c5f142cc1148a1d7799a8359e8a,1,43d6624c213f21168ead351def0ad36a,40db9e9aa57f7bb151bcda6b0f9bdbb7,2018-06-19 19:32:39,2090.00,61.29
6319539d7990a9ba049730057b2612de,1,f1c7f353075ce59d8a6f3cf58f419c9c,37be5a7c751166fbc5f8ccba4119e043,2017-07-31 18:25:16,205.00,22.27
6319539d7990a9ba049730057b2612de,2,f1c7f353075ce59d8a6f3cf58f419c9c,37be5a7c751166fbc5f8ccba4119e043,2017-07-31 18:25:16,205.00,22.27
63197f17fd0ed6f37890886192ccdece,1,16ed6a6e3fce23b741650437fe58d65b,e5a38146df062edaf55c38afa99e42dc,2018-06-26 10:22:57,99.18,19.88
633a7a968ccf6b62a1ee53461794613a,1,5a2a1ef8eda93793f1a4569bcdabd123,f3c38ab652836d21de61fb8314b69182,2018-06-22 02:55:39,115.00,8.97
636f0241ddc83a3b9e37a8088167bd45,1,deecc62b2db3d87ff4d9fe364fead01f,403aa86912527d730337ffcb0fb096ab,2017-10-26 18:33:27,274.99,15.67
637c727b1b59f7bfc89233e573d05715,1,94774f52c71a3e4ce084c21c873507cc,bd697db56ff8e7c9cd1abeb7f72029b2,2018-05-15 11:11:08,159.99,19.81
63902aae1ab37f12ba6aa2b6d21a0634,1,add32d15ff7c76396b982686227d9553,7e93a43ef30c4f03f38b393420bc753a,2017-02-14 16:34:23,1349.00,18.23
63a1e75d65a3dcb40d5f452a248e9680,1,84f456958365164420cfc80fbe4c7fab,4a3ca9315b744ce9f8e9374361493884,2018-07-18 17:30:22,84.90,14.90
63a737026bbe83be3d56d70c83923ebd,1,2a2d22ae30e026f1893083c8405ca522,1a3df491d1c4f1589fc2b934ada68bf2,2017-05-31 22:45:11,134.90,14.81
63c6b78c7aceade884a5f08177c04e57,1,57cc92900f861f0c72fa1df2cfe85577,014c0679dd340a0e338872e7ec85666a,2017-04-27 13:50:21,594.00,25.07
63d44f6f75e4ac6761afb732931751c0,1,66d92b0c49af34728904a73c26e9e59a,fa1c13f2614d7b5c4749cbc52fecda94,2018-08-20 16:31:27,355.90,20.59
63f040d4a7b09c928627e309f6c17552,1,a8115d34a4b7b74388da609692162c37,85d9eb9ddc5d00ca9336a2219c97bb13,2018-06-25 13:31:56,35.90,18.28
63f33355005859ddb3eee5b1a2c48747,1,aca2eb7d00ea1a7b8ebd4e68314663af,955fee9216a65b617aa5c0531780ce60,2017-08-08 13:25:13,75.00,13.08
63f33355005859ddb3eee5b1a2c48747,2,aca2eb7d00ea1a7b8ebd4e68314663af,955fee9216a65b617aa5c0531780ce60,2017-08-08 13:25:13,75.00,13.08
63f33355005859ddb3eee5b1a2c48747,3,aca2eb7d00ea1a7b8ebd4e68314663af,955fee9216a65b617aa5c0531780ce60,2017-08-08 13:25:13,75.00,13.08
640f82f9967dcab29b95d5a62abf911b,1,880be32f4db1d9f6e2bec38fb6ac23ab,fa40cc5b934574b62717c68f3d678b6d,2017-06-20 07:02:22,42.99,17.63
641b2871fe2ce7418e69b4c4fa21bd40,1,a1b3a75aaaee5c9a683f2266c088f720,fa1c13f2614d7b5c4749cbc52fecda94,2018-02-21 10:55:34,399.90,10.05
6439653c88076433f580f0ea995949ba,1,a8bb7885faf316d9a5062d42d2b2fba4,02f623a8eb246f3c5f7c2f96462654e6,2018-07-12 02:51:02,109.00,19.95
643fa404d2dac7349a17416c2d2abf42,1,99a4788cb24856965c36a24e339b6058,4a3ca9315b744ce9f8e9374361493884,2017-03-31 02:43:51,89.90,11.24
643fa404d2dac7349a17416c2d2abf42,2,99a4788cb24856965c36a24e339b6058,4a3ca9315b744ce9f8e9374361493884,2017-03-31 02:43:51,89.90,11.24
6455e8459efbeeda59bb360229b889ea,1,dd0dcee76f9c12fff4bc0eb641d57c7f,8b321bb669392f5163d04c59e235e066,2017-12-18 12:26:38,23.70,8.72
6462b86adeb33354833daece8787cb69,1,df7dd741f55a686edccf22700954e1d5,6d66611d7c44cc30ce351abc49a68421,2017-06-22 10:50:17,109.90,18.02
6471b260244ab316f8331321d689aff8,1,f1c7f353075ce59d8a6f3cf58f419c9c,37be5a7c751166fbc5f8ccba4119e043,2017-09-25 16:10:11,158.00,28.49
6480dffdb7765afb3bbb91cfdd9c569f,1,a4fa3b8fa5953b0bd18bf4e0b4de499d,da8622b14eb17ae2831f4ac5b9dab84a,2018-01-25 20:29:52,109.90,12.47
6489b3baf98eaf50ca1b39f9178a1510,1,db8d62bf1bf1d2dd880c99b88ebff3fb,116ccb1a1604bc88e4d234a8c23f33de,2018-03-05 03:36:10,19.00,14.10
64958ed60e12bac04474ff739271a3b3,1,0ebe8f2e60fadb8f9ebf63a5841f34f1,33a6f4b1e7cdc205511e76ba1b6e0186,2018-08-02 20:20:16,118.00,13.05
64958ed60e12bac04474ff739271a3b3,2,d692d19cee022f7acab76373f297ad6a,00ee68308b45bc5e2660cd833c3f81cc,2018-08-01 20:20:16,119.00,20.08
649c4145bbf6cdb7b096afa02bf5e299,1,06c6e01186af8b98ee1fc9e01f9471e9,fc906263ca5083d09dce42fe02247800,2017-09-21 16:45:37,29.90,17.63
64c8d713a96944349d954eb4bd62e6d5,1,8974fd022d2eca68246a2f754bd7de23,7040e82f899a04d1b434b795a43b4617,2018-08-15 11:30:06,24.90,17.10
64cf90af2972e752091fa4a0344c47b7,1,a41d9e51c365f6e2f5eb1f98fa4097eb,0ac4201fda2c68ebc0e47cb9423cf3c9,2018-06-15 02:55:10,39.99,18.23
64d6282bba1a1c015acbdcacca391253,1,bf8df11db5850b8590e3cb397f18a916,1771297ac436903d1dd6b0e9279aa505,2017-05-23 04:10:24,28.18,12.69
64e31c69d5a163acc2d5c0632001e4eb,1,431d674f9a4fbd0957ecf6ba3fcb6899,53243585a1d6dc2643021fd1853d8905,2017-12-04 03:31:55,235.90,26.93
64e8072af36708bc51f7aa18eed8ea34,1,013cc658e88b36989b48b2bd5f7add59,e9779976487b77c6d4ac45f75ec7afe9,2018-07-23 10:55:20,119.49,57.61
64efffeec4731f7a196d327531aa95a3,1,42130cd7a981706499a4d337f2f7f621,2138ccb85b11a4ec1e37afbd1c8eda1f,2017-05-11 16:25:14,29.99,15.10
65015387b5d5888e9b5a412340634d26,1,3ef8d885129ad51b20838faba23825a3,b080809eaacb49e5ca07290981472431,2018-05-22 03:30:26,40.00,22.06
65035f2d005e9af22156150a3bde53b2,1,fcf8767deaa2d325a3150d5bcb8acbea,06a2c3af7b3aee5d69171b0e14f0ee87,2018-06-07 17:58:07,64.99,27.51
650ca3873d0a09fb4604deef7817ef60,1,07691def223b4568e8ecb5a5b30574b1,b76dba6c951ab00dc4edf0a1aa88037e,2017-11-17 19:10:39,16.97,15.10
650cf4a3760375c8eab33cdfda4aceff,1,c0b2635b5a3c7c81327cbf13d8b39860,e8a85b5f3df47be0984c55fd4064dbb4,2018-08-24 03:44:20,399.00,25.94
650df820145c92501d76b8a8501b1f9b,1,50b0e47f8219992ae98677122c483fde,bfd27a966d91cfaafdb25d076585f0da,2017-05-11 12:33:35,239.00,64.02
65292b5890e7f0ef333b4a4904db838d,1,2b4609f8948be18874494203496bc318,cc419e0650a3c5ba77189a1882b7556a,2017-07-16 22:10:11,89.99,7.88
652ae40b48d62a6682c9f4a674f83621,1,89b121bee266dcd25688a1ba72eefb61,2eb70248d66e0e3ef83659f71b244378,2018-05-27 23:55:14,79.90,7.42
6533a0d9c1703a1ebf0115fb55e01834,1,de92134fd940e9302d27c31af4581fbd,4be6b962d83299498bae2190f95d6566,2018-08-14 16:35:14,34.90,23.39
6536870177386f1b5e859b2a5ccc557e,1,4d272fe20c57c64dc74b3db191fc31ef,d2374cbcbb3ca4ab1086534108cc3ab7,2017-06-09 08:30:14,24.90,11.85
65377f2460bd19606a6279134627ca05,1,813329d52f377306fa1614ca9a962cd5,2138ccb85b11a4ec1e37afbd1c8eda1f,2017-05-02 07:42:10,29.99,16.05
6551aa5197870cea53e483f92d3a75df,1,99dc7241bbddb1c9da9ee00ed8070f56,b2ba3715d723d245138f291a6fe42594,2018-01-31 02:38:36,64.90,15.20
6552ae78f1de31bcde1fc2cfcab0d25d,1,595fac2a385ac33a80bd5114aec74eb8,ef0ace09169ac090589d85746e3e036f,2018-05-23 02:14:44,119.90,18.72
6559f8884c6331e0364d9306262c779b,1,4ee931ba1980085a969d498d63e69f72,d1c281d3ae149232351cd8c8cc885f0d,2018-03-13 19:30:39,59.99,13.78
655cd199cc9b3c52c523833837c1921b,1,c64ff741cd910a276a6c328f95124a4f,3dfd3dc96f7f8598eca74e9ac8a2fa31,2017-11-20 12:15:45,15.00,7.78
655e65fc77c14d8f715cf7f9684182b2,1,5411e9269501a870cabf632f05655131,3d871de0142ce09b7081e2b9d1733cb1,2018-01-23 02:35:33,129.00,18.15
657467884d9a109179d820f67575db18,1,fbecfbe44e34c5291e5499870cd5db2e,9add47bf45ce8e8c7db6b9cf670b1e09,2017-02-20 10:29:08,90.00,50.00
657938f6cc6b388ef70d756aeeda75a9,1,81e171883f20e3585db28d4ee81bd75c,14a08204d03bb6b6bde8029f801ae0eb,2018-08-03 17:30:17,52.00,18.46
657938f6cc6b388ef70d756aeeda75a9,2,81e171883f20e3585db28d4ee81bd75c,14a08204d03bb6b6bde8029f801ae0eb,2018-08-03 17:30:17,52.00,18.46
6593a7ca55b089cc240f79d582e3300a,1,422879e10f46682990de24d770e7f83d,1f50f920176fa81dab994f9023523100,2018-04-30 04:30:56,53.90,0.00
65b214a5e85949a6fcab64ff7e244426,1,7c1bd920dbdf22470b68bde975dd3ccf,cc419e0650a3c5ba77189a1882b7556a,2017-06-08 21:22:34,59.99,17.73
65b7f928b236039112ed2441d2237a11,1,ebf19d90623587fde1eff2a222d8b177,bfd27a966d91cfaafdb25d076585f0da,2017-06-26 21:05:43,89.00,16.38
65b9fc7c003b0fa663d00ae47abbf012,1,8f4e5f5e6323576768b835363a3fb0f1,835f0f7810c76831d6c7d24c7a646d4d,2017-10-19 17:08:37,69.90,14.24
65c28faddc1bdb2d3d5de4f713de3f9a,1,a56fbff66c12c1ef311cac69e7f2d5fb,1025f0e2d44d7041d6cf58b6550e0bfa,2018-04-16 04:10:47,45.00,17.06
65d1d79da8ac06fa5c6a8af4387d2079,1,6af5a2183cea4408f4292dd86be5f667,e88c9b79e592e370d6bd852eeefbf057,2017-06-23 03:23:13,32.90,15.10
65dfa8121b10dd8bbb055a2afeafc9ee,1,e28fdc5f658be194523b68dfbeb186cb,7e26c750b4cb9f6766f58265ff9ebe95,2017-03-24 08:32:54,50.00,14.52
65fe49f6306ac1ba00c59d9e65c78827,1,389711d6c8aa737f6f70e948946de005,d91fb3b7d041e83b64a00a3edfb37e4f,2018-03-29 13:10:39,37.80,22.93
660ad30c11df22cad81d8a3b30af6cee,1,dca9904850a1b13faa65450fbd000a3d,1da3aeb70d7989d1e6d9b0e887f97c23,2017-10-17 13:56:38,24.99,7.78
660ad30c11df22cad81d8a3b30af6cee,2,dca9904850a1b13faa65450fbd000a3d,1da3aeb70d7989d1e6d9b0e887f97c23,2017-10-17 13:56:38,24.99,7.78
66144189f7b5fbb4eb76eb513ac33a17,1,be958064244f19bf11ee270b2feca7a2,6fc26fe110feebd80a433e1f012a84f9,2017-02-07 00:53:39,59.99,10.00
66144189f7b5fbb4eb76eb513ac33a17,2,be958064244f19bf11ee270b2feca7a2,6fc26fe110feebd80a433e1f012a84f9,2017-02-07 00:53:39,59.99,10.00
66144189f7b5fbb4eb76eb513ac33a17,3,be958064244f19bf11ee270b2feca7a2,6fc26fe110feebd80a433e1f012a84f9,2017-02-07 00:53:39,59.99,10.00
66144189f7b5fbb4eb76eb513ac33a17,4,be958064244f19bf11ee270b2feca7a2,6fc26fe110feebd80a433e1f012a84f9,2017-02-07 00:53:39,59.99,10.00
66144189f7b5fbb4eb76eb513ac33a17,5,be958064244f19bf11ee270b2feca7a2,6fc26fe110feebd80a433e1f012a84f9,2017-02-07 00:53:39,59.99,10.00
66270801492d7434e9f5fe3a6ff89c37,1,97593959fc8ee0c67ac6c5a33fe61f4b,744dac408745240a2c2528fb1b6028f3,2018-07-04 16:10:56,598.00,22.29
6660a709a26684b66ea12d604ddf0579,1,8817f0cda3d5b42e5f949ee3be9dc80c,3c7c4a49ec3c6550809089c6a2ca9370,2017-09-28 12:30:16,13.99,7.78
666e488ce51569ca13755283bce0e7f0,1,c060e10a2d12cc32962f598397156c20,d4e12e7884759a14fa0f5f896c791cae,2018-04-30 07:31:28,26.90,8.88
669833f6af7254475316c8960bf742fc,1,3f994ee4a0b20760d1b173aa65037c95,ceaec5548eefc6e23e6607c5435102e7,2018-06-25 03:17:33,209.99,28.45
669a663f230d97aa7f73a763ce435bcb,1,d883ab699ca4e0634bb63174ec2cfdea,33cbbec1e7e1044aaf11d152172c776f,2018-05-15 20:30:45,21.45,18.23
669c7981751faedef6f92bc287c34205,1,7ea0b63dc9b8264702f2d2c1533fb4ae,634964b17796e64304cadf1ad3050fb7,2018-01-18 02:31:22,69.90,15.24
66a488ea7c0b8cea6ee72116130ec501,1,817e1c2d22418c36386406ccacfa53e8,624f4ece8da4aafb77699233d480f8ef,2018-04-19 02:11:09,159.00,31.94
66a5d2a60170025d375d4540efed4e62,1,9ad9c8e392ba2c6930a3dd1db3c09ea9,3c03b12bab54d8b37d79d914bfdb1aa0,2018-01-18 13:29:27,84.00,14.34
66b073eb59202fd98ae224db60ccb476,1,0cbeda603059c985268afd35128be303,3d871de0142ce09b7081e2b9d1733cb1,2018-01-24 17:13:02,89.00,13.64
66b090d3b031a3fc0d1e296a209b0de1,1,af940e731a7251787895cdd64cfc3f21,fa1c13f2614d7b5c4749cbc52fecda94,2017-10-16 19:56:54,369.90,16.34
66b83d9733e90962483e931e9c6fb3df,1,b1cbf530dc2a793ced8e0768ffcce501,1ca7077d890b907f89be8c954a02686a,2017-11-29 23:31:53,45.00,7.78
66cf92fc3ec94fbafc4edd77e0814818,1,de6702c748c719cbd13bb814f006ba22,0ea22c1cfbdc755f86b9b54b39c16043,2017-05-08 14:30:17,29.90,14.52
66f7aaabc647b43d94e8a841bb99612b,1,f63623e4b513b69f115a2b34b9667938,128639473a139ac0f3e5f5ade55873a5,2017-11-30 17:53:09,17.90,12.48
6703c0ecdc099b3260a56cb020f09ef5,1,159dc4423e5092c3baa443379a458fa9,5c243662ce92d84573bfaff24c3e3700,2017-06-09 13:25:16,458.00,12.02
672240472a9a48838f902ff436aab4bd,1,59ae536b07c3621a400369e60805398b,fb3cfbc8a86f5d7fbb4d36b8df63f60d,2018-08-15 00:26:34,69.90,34.28
672240472a9a48838f902ff436aab4bd,2,00d2fa6f2a87633084c8e0400d41a65a,4a3ca9315b744ce9f8e9374361493884,2018-08-15 00:26:34,113.90,34.28
6726b6ce39bdad195755f019dd9bd4fb,1,a35a9f46dcee0a67c8c7ad8493eb4135,85d9eb9ddc5d00ca9336a2219c97bb13,2018-07-17 16:31:27,28.90,23.35
6728a6a592a63817d0ac211044efa702,1,5e702ce174d6c9fe3eaea9a5bde40a14,f7496d659ca9fdaf323c0aae84176632,2018-08-14 09:04:01,99.99,56.16
67396d4e8e815db60a202db276db16a5,1,fe01b643060a6446e59f58e3021e66b3,2dee2ce60de9709b1a24083217181a1f,2017-11-09 18:50:34,143.00,18.00
674f118582ce68f137f8a355527a1edc,1,157ee978f4fcdf8984b0bb33a6687fde,e9779976487b77c6d4ac45f75ec7afe9,2018-06-28 15:55:58,35.00,19.44
675d6533ed09bea158fd932431474b82,1,bffdb7d6bdb994823039ac983d6d30ec,70c27847eca8195c983ed7e798c56743,2018-08-05 21:24:19,238.99,16.77
676932c5bc4092decfc9c84b4cb34055,1,4c2394abfbac7ff59ec7a420918562fa,cc419e0650a3c5ba77189a1882b7556a,2018-01-08 15:59:31,84.99,16.35
67773c483666d5120da1ff6188d8a00a,1,aaf821b2000c1b2e28a531d97c405c58,827f8f69dfa529c561901c4f2e0f332f,2017-11-09 10:35:25,29.90,14.10
677829eb9901f0a1e2fc70b129937cc7,1,3cb39171fd36c50097f2dedbbe0dfe6e,16090f2ca825584b5a147ab24aa30c86,2018-02-28 02:10:47,28.49,15.10
67796eabcf10419c4abd84d49a3ecd59,1,70de339311bbfd116a461e25c9fb79ca,cca3071e3e9bb7d12640c9fbe2301306,2017-03-07 13:25:11,97.90,17.43
677baf2124c367847775baafbd4d609b,1,2948658cb6abc82847412be7201bfc4c,955fee9216a65b617aa5c0531780ce60,2018-05-04 17:11:41,110.00,13.67
6782d250639c09c7c4e49e3cf17828a2,1,92f02eda1a2e9693260a62c8af2f73be,7b07b3c7487f0ea825fc6df75abd658b,2017-05-30 03:10:28,59.90,17.70
678c60c6679ddcf17629ba109f4d1249,1,e53e557d5a159f5aa2c5e995dfdf244b,0b90b6df587eb83608a64ea8b390cf07,2018-01-23 22:33:21,99.56,15.45
679bfcdc0a607b524c44ed093e318346,1,2b89194a2977f53d2d61aeeda4165417,ea8482cd71df3c1969d7b9473ff13abc,2017-11-21 16:46:12,24.99,7.78
67b0499c2ebfc14f8d5f507ac029a683,1,27fdfad2c6a8f91606eb41ea396785c6,8b321bb669392f5163d04c59e235e066,2018-06-20 16:23:16,13.20,12.79
67b161a02da45b7148b386cd8e8a668f,1,9b447644d291396340ea3641fc70d132,fdaaf5bfda82b7b80535610c831b8d09,2017-12-26 19:34:20,119.90,18.09
67b161a02da45b7148b386cd8e8a668f,2,9b447644d291396340ea3641fc70d132,fdaaf5bfda82b7b80535610c831b8d09,2017-12-26 19:34:20,119.90,18.09
67b161a02da45b7148b386cd8e8a668f,3,9b447644d291396340ea3641fc70d132,fdaaf5bfda82b7b80535610c831b8d09,2017-12-26 19:34:20,119.90,18.09
67baff8b7c789c3e93b6787e4c18a14c,1,3dc485b15eb3f5a61fab4f5ed17cc24d,46dc3b2cc0980fb8ec44634e21d2718e,2017-11-09 17:06:37,149.99,15.80
67c78c07a98cbe27b5acebd87a164192,1,271f1932e906a6f5e59ffbf12cf04e93,cfb1a033743668a192316f3c6d1d2671,2018-03-28 22:55:38,124.90,26.95
67c78c07a98cbe27b5acebd87a164192,2,271f1932e906a6f5e59ffbf12cf04e93,cfb1a033743668a192316f3c6d1d2671,2018-03-28 22:55:38,124.90,26.95
67d2ebed93c8cc0effe172a97762e0a7,1,154e7e31ebfa092203795c972e5804a6,cc419e0650a3c5ba77189a1882b7556a,2017-08-29 07:04:42,23.99,7.78
67e9f4fd5900a3bedf11fd772b376528,1,cb0fe29b88df5b43cb3d434b6b0e8db4,c1f12f926d0ba950578b4fa41115cbb6,2018-08-09 02:35:21,129.90,20.86
67e9f4fd5900a3bedf11fd772b376528,2,cb0fe29b88df5b43cb3d434b6b0e8db4,c1f12f926d0ba950578b4fa41115cbb6,2018-08-09 02:35:21,129.90,20.86
67e9f4fd5900a3bedf11fd772b376528,3,cb0fe29b88df5b43cb3d434b6b0e8db4,c1f12f926d0ba950578b4fa41115cbb6,2018-08-09 02:35:21,129.90,20.86
67ef896d205bafce2b0ce685b7173d43,1,a4fdd00347db855f614a18bf51606df5,6d803cb79cc31c41c4c789a75933b3c7,2017-09-08 01:25:57,179.90,17.02
67f45b915d20c7c02c711e0fbf871a3a,1,38bbdd7cf8ec37b401531aa741bf2394,8b28d096634035667e8263d57ba3368c,2017-09-13 18:35:11,29.90,11.85
68078862fcfa2002707c665997fee311,1,cbbc2be2dd13b09f354a19a987e05924,7c67e1448b00f6e969d365cea6b010ab,2017-06-01 02:32:05,89.99,20.60
681c82d8dee3250b148aaabdd68a59ff,1,8ed094bfe076c568f6bb10feada3f75d,7c67e1448b00f6e969d365cea6b010ab,2018-03-14 15:55:27,186.99,29.68
681c82d8dee3250b148aaabdd68a59ff,2,8ed094bfe076c568f6bb10feada3f75d,7c67e1448b00f6e969d365cea6b010ab,2018-03-14 15:55:27,186.99,29.68
68536e12a3cd7f62b4a5946d541ff083,1,80df62ce491a20d390c9f69402310f0a,85d9eb9ddc5d00ca9336a2219c97bb13,2017-07-03 03:50:19,38.90,15.79
685eaef260332ff45909f2f0a44b60f0,1,abe322c6be89693af3c42ba847966166,febab0275244b9a49a623f0bd613ca2f,2017-11-30 12:31:48,117.80,65.91
685eaef260332ff45909f2f0a44b60f0,2,abe322c6be89693af3c42ba847966166,febab0275244b9a49a623f0bd613ca2f,2017-11-30 12:31:48,117.80,65.91
687360c3a0855ebff512cb8b6ccab95f,1,fe01b643060a6446e59f58e3021e66b3,2dee2ce60de9709b1a24083217181a1f,2017-11-30 00:31:19,129.90,38.46
68873cf91053cd11e6b49a766db5af1a,1,15a9e834e89eab39d973492882c658d6,a673821011d0cec28146ea42f5ab767f,2017-12-07 02:51:18,79.90,11.76
6898fdd117fe6ca4f9b01eb03005d9a9,1,07f381c65e8e66460c07781b9b1b8834,7c67e1448b00f6e969d365cea6b010ab,2017-05-14 22:50:14,239.99,53.23
68a78b552ddca86cb9bb2725c390b28c,1,ac9b6cd9849570634224a1175befc1be,abcd2cb37d46c2c8fb1bf071c859fc5b,2018-01-18 22:49:41,196.80,30.91
68a9fce416cc56ce2950c32b7e70138e,1,0a74b9407eaec9d6c760a1e92c10d96c,f41ce2e25237f9092cd8e6e7516c7a2f,2017-11-30 14:15:27,88.90,9.44
68b333c4526357221cb49747a5a78d06,1,a54f350cdb1f303fe39221171d003852,23613d49c3ac2bd302259e55c06c050c,2017-08-10 02:25:07,39.90,23.22
68dfc0cac13912ba836bc59a40e10509,1,dab2413ead0edda9967edbc9bda2a64e,ea8482cd71df3c1969d7b9473ff13abc,2018-03-07 22:31:10,29.98,7.78
68e8ce771060f901302ac23924bd1400,1,657247f6f60543b93e3cc708a8e6329c,7ddcbb64b5bc1ef36ca8c151f6ec77df,2017-12-29 11:28:25,248.99,105.76
68f47f50f04c4cb6774570cfde3a9aa7,1,e42fc145ca9138f0ccc52d9a8d99e7c8,f8db351d8c4c4c22c6835c19a46f01b0,2017-04-20 15:05:14,49.90,20.80
68fed8c67c135afe92f670687163fafb,1,612333e41128203342c1dc089808f3ad,e9511df20ccd82658a30c37b7fb343af,2018-05-29 08:54:56,86.60,19.95
690fcac48556995b83b79610b6732288,1,25d1ff5db102bfeb95fe4fcefdaca422,066a6914e1ebf3ea95a216c73a986b91,2017-03-28 13:18:46,279.00,16.12
6914acb0f52f56529563f4f97062b90b,1,137464dece73fa2dbb54658dbc7aae58,dbb9b48c841a0e39e21f98e1a6b2ec3e,2017-08-03 20:15:16,69.90,13.51
69480e1078841dadad7c1daa54407ad6,1,a37c4dc2fd88e896e19c74a6b60a0e84,48162d548f5b1b11b9d29d1e01f75a61,2017-06-19 04:25:36,59.80,15.17
6949cb0f930807e75f78dda8da436c81,1,cc971e0365873137b8bef2ebad633e6f,7a67c85e85bb2ce8582c35f2203ad736,2017-09-22 13:30:35,239.99,24.55
694b1193d18ad057554bf13679e6a0b8,1,09c3d39641970009c198caed304ccfc4,5a8e7d5003a1f221f9e1d6e411de7c23,2017-05-25 02:24:21,39.90,11.85
696d4e01a87ead29fa5f8066ed27d4f1,1,17f95aad17a906d34d051b58f2488943,a420f60ff1aa9acc80d0e42959f2b313,2018-05-24 19:17:21,38.80,7.39
699c2650a2382b850eadb96176fcc3ee,1,6d7e2debf23664bba46cd58c906fdf16,c3867b4666c7d76867627c2f7fb22e21,2018-03-06 03:56:03,85.00,20.56
699d148662aa317f3b1ff76239dd102c,1,95ed6e881d471156e430b8546ea76ba5,4b5f66b7adcf57f1ecc0d3c07dd6b177,2017-09-14 13:55:17,89.00,15.37
699d148662aa317f3b1ff76239dd102c,2,95ed6e881d471156e430b8546ea76ba5,4b5f66b7adcf57f1ecc0d3c07dd6b177,2017-09-14 13:55:17,89.00,15.37
699ff12900168a9020bb2487be684cc0,1,bc137217dc0cb0559a1f46e0500f50b6,d673a59aac7a70d8b01e6902bf090a11,2018-06-06 09:30:51,29.99,25.58
69ae6d6493cb6b0420c6e86da2cc3c3f,1,b2fbf8beb178c391c49d80fa8c4435b6,aced59e9b31ef866a94f9e7f29d8d418,2018-05-18 02:53:47,65.00,16.42
69bec49dcedcbf07e8333244796dd70a,1,a020875cf9c4c5bfe783c703db493afe,f5b44895715ddfe3087dc414f30268f3,2018-05-28 23:18:00,19.00,18.23
69cc55eb653cc27eea935e7a0d26b83a,1,5526b1ae9ab2688cf600783cece249df,0b90b6df587eb83608a64ea8b390cf07,2018-05-03 08:31:12,98.44,13.81
69d838677089d135b38310ff74779901,1,ebe4b53f756dfcecfc539faf8ec0df9f,7178f9f4dd81dcef02f62acdf8151e01,2017-09-26 09:50:11,139.00,15.72
69ecf8a73bd1de33c57b060448315a92,1,553e0e7590d3116a072507a3635d2877,1c129092bf23f28a5930387c980c0dfc,2018-01-15 07:17:47,45.90,9.34
69eda667e556fbf004a1c26468e91d35,1,c403e106353e1aa40efe783ecb39ed7a,d2374cbcbb3ca4ab1086534108cc3ab7,2017-12-18 21:31:18,38.90,17.60
69f1e4d5709c13914c309652f82319f8,1,0d4e8d3f34ece63cc5132237ccfc0241,b561927807645834b59ef0d16ba55a24,2018-09-04 00:35:12,98.00,8.46
69f1e4d5709c13914c309652f82319f8,2,e389381479408ccdcdd406d8d3049e45,b561927807645834b59ef0d16ba55a24,2018-09-04 00:35:12,29.30,8.45
69f3b65d77cf7451092f74b61e3bad45,1,23bc9eb1539ad6ea06090076ce1b93b4,3078096983cf766a32a06257648502d1,2018-04-11 02:15:20,89.79,19.97
69f57d3eb1a981a8fd71d99c39bb6109,1,fad4e554c85c77f187ef2c6744495d31,b6e1504972665f739dec4facb9943775,2017-11-03 07:50:08,126.99,15.64
69f8ac735b4a0bbbcdbe4a87e9041a21,1,293547a991162d7b32c55a8482cccf1c,f0b47fbbc6dee9aafe415a6e33051b3f,2018-08-27 10:50:31,49.90,13.01
69fc6a373350bf068caecb8869e4f31a,1,f45992b1a19d4d13c6260492eb703aee,ce27a3cc3c8cc1ea79d11e561e9bebb6,2017-02-27 18:24:18,15.00,16.05
69fe57ea54b1926c309bb133b16f9501,1,f68db1bd8309b0f83c38d83717b390a8,3903c788ded8dc03b5ebab37a2f3e9a1,2018-08-13 04:10:21,22.99,8.91
6a096fcdddba23fd2ee58971dcd1654e,1,f5a7d79f27ac4b76ffb13c8ee63d4f07,f12ff17ad8bbf01ec5c33b17e506649b,2018-05-28 02:15:45,180.00,11.89
6a0bb0ba8a97dd4ed115462820be7e1f,1,9c48f48fd32ee1915d62d3670e2d1ba9,e8b3a3a38279a82f0e5d006d5e5b7d2c,2017-10-22 22:14:19,71.90,16.94
6a1fa0e6aaa492df09c581af143879a8,1,8dfb03487cbe37c4d46e3e372a7df1b7,1c5e4e49b9079480255b49d50aac1aa9,2017-12-12 02:09:32,589.00,40.48
6a2cf11a0f3d4670de5674e795196f14,1,c9fa6a0dbc5b979d8c99f38c3c9c912f,9f505651f4a6abe901a56cdc21508025,2018-03-21 00:50:27,19.99,7.39
6a2cf11a0f3d4670de5674e795196f14,2,c9fa6a0dbc5b979d8c99f38c3c9c912f,9f505651f4a6abe901a56cdc21508025,2018-03-21 00:50:27,19.99,7.39
6a30d0e1fc7dd7c00dc07bcba79c589f,1,24c738bedb5c15ea352ad1a278f95327,609e1a9a6c2539919b8205cf7c4e6ff0,2018-08-15 19:35:20,77.99,23.35
6a3c507660b55ba44c463acc23cc8d68,1,372a2c75b4d5f160e199dee0f342d11b,d9bd94811c3338dceb4181f3dbc0c73e,2018-06-07 21:15:14,109.13,9.12
6a43d3b2cbb42f4e417faa5566a65469,1,59fc88d07b8100b80600e42f3e5ac79d,06579cb253ecd5a3a12a9e6eb6bf8f47,2018-03-20 02:49:03,57.90,17.99
6a4d41fb9165f032ec025794db381fa7,1,601a360bd2a916ecef0e88de72a6531a,7a67c85e85bb2ce8582c35f2203ad736,2017-10-11 12:49:36,119.99,17.09
6a8456c9e88a7b8905c7fede59f25b5d,1,dee07ca8877390638a4f9b9143352284,fa14641f57b655e933124a9ea49cd7a5,2017-05-25 04:15:21,44.99,8.72
6a8677aeb56b8ee0d1a74e0435772e31,1,07dbfabaa4709da14c7e58ca17fe7998,5e49e3a44bdeb5aab2684258bbd4f525,2018-02-13 20:15:28,169.00,14.33
6a93b0cb6a5a2c7732677334a4535a1d,1,0bcc3eeca39e1064258aa1e932269894,1f50f920176fa81dab994f9023523100,2018-04-17 03:55:07,53.90,21.35
6a93b0cb6a5a2c7732677334a4535a1d,2,422879e10f46682990de24d770e7f83d,1f50f920176fa81dab994f9023523100,2018-04-17 03:55:07,53.90,21.35
6a96e0fe44fbaf356a77f9cc21365334,1,1263e0be5fffc8e194d03bee6893eb7c,7142540dd4c91e2237acb7e911c4eba2,2018-01-18 15:31:00,59.90,17.67
6aa2d96a8c7f9d95d8d090842a415a56,1,77a42b3538a80ebe0556a6d9f3a40483,cfb1a033743668a192316f3c6d1d2671,2017-11-29 22:28:27,43.00,12.48
6aa2d96a8c7f9d95d8d090842a415a56,2,77a42b3538a80ebe0556a6d9f3a40483,cfb1a033743668a192316f3c6d1d2671,2017-11-29 22:28:27,43.00,12.48
6aad3bed746944c70143bcbcadb6c5ab,1,aedb09a73deda537456636dad7696b64,17ca9b9e9b9ef8fdb529001b49ebb50f,2018-06-14 17:55:08,99.97,19.67
6ab7e108268118baaf663ad2b3af166a,1,36f60d45225e60c7da4558b070ce4b60,6973a06f484aacf400ece213dbf3d946,2018-02-02 15:30:23,89.49,15.38
6ac314f1970b39cf3b7760803caf3c23,1,4fc38c7dd401191c16f9ced89baf4877,723cd880edaacdb998898b67c8f9da30,2018-07-24 02:55:23,112.99,18.89
6ace7c2a595a57867f443b5d3d1a7607,1,88bcd4cc43e257bf69ac62b2540f1c14,86ccac0b835037332a596a33b6949ee1,2018-05-14 14:29:59,33.50,18.23
6adcecbe14853c4a59e88f497152d83c,1,4520766ec412348b8d4caa5e8a18c464,16090f2ca825584b5a147ab24aa30c86,2018-06-26 02:31:26,27.49,18.29
6ae75885c8ee760ef5d4a9bcf797c788,1,6609d9a71a607da16750629d52615b9e,f80edd2c5aaa505cc4b0a3b219abf4b8,2017-04-12 16:05:22,19.90,26.61
6ae8d599fd407bfba5bce00a72c32544,1,6cdd53843498f92890544667809f1595,ccc4bbb5f32a6ab2b7066a4130f114e3,2017-08-01 13:10:18,349.90,29.30
6aedefde651c239abf93383dd9175022,1,4bffe7ecb920bd4c858f48e9da04dd89,918717417d88a9f9ae9735567e6c7682,2017-12-28 12:09:29,119.90,16.60
6af5d028aa14031c4afa3b5dd2d427ab,1,99f5b2240b82bf9387e5cf2fc0335b08,0b90b6df587eb83608a64ea8b390cf07,2018-05-15 13:37:14,95.00,13.17
6b07198fae1bb61de16e845a92fc876f,1,a1efe4a86746c22541813e22e1d23e33,da8622b14eb17ae2831f4ac5b9dab84a,2017-02-14 21:14:15,129.90,20.99
6b08bac55e7aba141d62c13bc3cb97b0,1,446e4aaabb7fbea797d25845c8ab50f4,1c68394e931a64f90ea236c5ea590300,2017-12-13 04:38:32,98.32,15.44
6b0e4ed8dcbabec5410a8b28f0405cd6,1,5d6bea33648f018dbb563f3a2fab09f3,1025f0e2d44d7041d6cf58b6550e0bfa,2018-07-10 08:32:25,150.00,30.85
6b11ad95451aed510a1ff12346de4a14,1,79c716797a31592b8dbe45b2a93a835f,f262cbc1c910c83959f849465454ddd3,2018-01-26 21:14:34,9.99,7.78
6b1c7130d5aac7f42b53755af58fe82a,1,9b2a0b97c2471793b067f77f2252defa,8f2ce03f928b567e3d56181ae20ae952,2018-07-31 11:04:50,89.90,57.40
6b2b0edb95053b55efeb09177b6510c3,1,f6a84928571f68635beb0f5c9333c6f3,ccb83a794700270fde70898fe9ff368b,2017-06-29 06:42:37,899.00,147.56
6b3138748728fe92cf423b0abf199c8b,1,16d928f7b23b3d30bd5a9ff281eed9b8,8476243f92442881ddd5b578975cf115,2018-03-21 22:55:34,829.00,38.95
6b34bb840d9211dc1a1f94e049a79de4,1,98a8c2fa16d7239c606640f5555768e4,001cca7ae9ae17fb1caed9dfb1094831,2018-03-09 11:56:09,129.00,32.23
6b361f3f4c4dbef6a4e3e6c027eacfc0,1,ed2067a9c1f79553088a3c67b99a9f97,cbd996ad3c1b7dc71fd0e5f5df9087e2,2018-03-28 11:15:34,56.97,18.02
6b4691b98b476dcd37e1dbade28ab62c,1,e0cf79767c5b016251fe139915c59a26,da8622b14eb17ae2831f4ac5b9dab84a,2018-05-08 11:35:19,29.90,9.29
6b4691b98b476dcd37e1dbade28ab62c,2,3cc4b421c1f28dd22e86fc4aaafb600e,da8622b14eb17ae2831f4ac5b9dab84a,2018-05-08 11:35:19,99.90,10.21
6b47aeb5acd9b0fc45cfa4cda0b42c5f,1,c20a3f598c16d77249da67e81caa8317,955fee9216a65b617aa5c0531780ce60,2018-03-06 09:30:56,35.00,16.11
6b52fde341db3472b2e4c787887abc7e,1,50c3b0ec236af400b6113521763e34ce,d91fb3b7d041e83b64a00a3edfb37e4f,2018-08-23 14:47:03,32.00,19.41
6b67ec6cfd19c0a30f91afb6bd431e8f,1,37e7030d6095e672ebf05e2133b1a1bf,3d4b1ae7539303b5704493798893e82c,2018-02-26 10:55:35,107.00,14.50
6b67ec6cfd19c0a30f91afb6bd431e8f,2,37e7030d6095e672ebf05e2133b1a1bf,3d4b1ae7539303b5704493798893e82c,2018-02-26 10:55:35,107.00,14.50
6b67ec6cfd19c0a30f91afb6bd431e8f,3,37e7030d6095e672ebf05e2133b1a1bf,3d4b1ae7539303b5704493798893e82c,2018-02-26 10:55:35,107.00,14.50
6b688d7c200891c0f00b36cbb2156a78,1,7a0686c0403abe1a703aaaa9ecde289b,f5b44895715ddfe3087dc414f30268f3,2018-02-21 02:51:39,19.00,8.27
6b78266e22c19ea2fd49f03f59ef7b47,1,165deaf73f29fe5f4e6c607b40d93d26,7a67c85e85bb2ce8582c35f2203ad736,2018-05-07 22:16:31,216.99,12.14
6b8c07c310d8c6a39e79ed3d38e6578f,1,5f504b3a1c75b73d6151be81eb05bdc9,834f3294fba9f932f56edc879193f925,2017-11-09 11:25:22,610.00,37.54
6b8e33e6751e356214e7b35ad7df83cb,1,99ba5fbf3ae895fe3a9289acd0a5eb91,562fc2f2c2863ab7e79a9e4388a58a14,2018-06-25 19:38:39,39.99,18.38
6ba74355a0bd6d93ae590f6d510958b8,1,0705b33fb285827a578fce4899f1b921,318f287a62ab7ac10b703ac37435a231,2018-06-18 13:31:50,22.50,40.43
6bbafe0017bf2f1c7dd4331a9a742023,1,49650e49c3af7ccc896f634d039cd921,2b3b9ce054da76a7428df143a567b156,2018-07-26 13:04:04,45.00,11.34
6bbc91e028da6d54999b583c9be6e413,1,e456721fdab66b576664c035ad183965,0ea22c1cfbdc755f86b9b54b39c16043,2018-01-18 02:31:46,29.90,17.97
6bc359e26c859e9a1d3d1c157f38c930,1,4413a608a42bd21bbf9d5abbd58c249a,7ddcbb64b5bc1ef36ca8c151f6ec77df,2018-03-22 22:50:43,169.99,20.71
6bdc8831f7f05d0765b0d07c612b731e,1,fa680bff04bea02bfc06fd7feef8d347,dc4a0fc896dc34b0d5bfec8438291c80,2018-08-21 16:35:21,76.11,19.72
6bef43b399ad748e06bfbd0a31efcfb9,1,a27e14cc902719125790cc967be45070,1025f0e2d44d7041d6cf58b6550e0bfa,2017-12-01 00:55:59,32.00,7.78
6bef43b399ad748e06bfbd0a31efcfb9,2,a27e14cc902719125790cc967be45070,1025f0e2d44d7041d6cf58b6550e0bfa,2017-12-01 00:55:59,32.00,7.78
6bef43b399ad748e06bfbd0a31efcfb9,3,a27e14cc902719125790cc967be45070,1025f0e2d44d7041d6cf58b6550e0bfa,2017-12-01 00:55:59,32.00,7.78
6bef43b399ad748e06bfbd0a31efcfb9,4,a27e14cc902719125790cc967be45070,1025f0e2d44d7041d6cf58b6550e0bfa,2017-12-01 00:55:59,32.00,7.78
6bef43b399ad748e06bfbd0a31efcfb9,5,a27e14cc902719125790cc967be45070,1025f0e2d44d7041d6cf58b6550e0bfa,2017-12-01 00:55:59,32.00,7.78
6c1d204da4c5116b68d68a6292d601f1,1,b736ba4727efeae1f506172be7e39905,6560211a19b47992c3666cc44a7e94c0,2017-04-25 12:05:30,57.00,11.01
6c2c28420cb6865ced69f6c260c27c24,1,727a46f0b58a9ef165af9f7ebcfebfa9,9b013e03b2ab786505a1d3b5c0756754,2018-04-17 16:51:02,18.00,7.87
6c2df3329834884b60365f14e084c043,1,f89d2b130b571d24532514dca6fee2a8,8b321bb669392f5163d04c59e235e066,2018-01-24 09:50:10,13.65,11.85
6c45e2d6cf05790573c8247e28c24a91,1,fb2a6e3ef40153f4d8e0296196988bf2,05d2173d43ea568aa0540eba70d2ca76,2018-01-15 03:32:06,114.38,17.24
6c51f58aa6e93a65c7002b68ba2806cd,1,880be32f4db1d9f6e2bec38fb6ac23ab,fa40cc5b934574b62717c68f3d678b6d,2018-02-22 22:26:59,44.90,7.78
6c611d177ef47b4d67080071684f3da3,1,59166cb25207e97d04951200086920b3,0bae85eb84b9fb3bd773911e89288d54,2018-05-15 07:55:10,15.90,18.23
6c6fa28d797aaeb6b8d918dc102129af,1,3f217ac180c743ff2e4b047d4f205d52,83deb69e889cf80f82be1dc6d5f2d486,2018-02-22 15:06:45,175.25,14.98
6c70322204e946ff9b1bb988b305bc9c,1,5c7dfdd3e6d851f08d3cfe8213747ff5,ead2bab70821ea148476ae9bc08548ac,2018-05-09 23:50:21,69.90,15.37
6c82197bc099415d9919ccb609a9c072,1,c7084bc72369a57c93c6edaf0b60b235,59fb871bf6f4522a87ba567b42dafecf,2017-01-17 00:14:27,189.99,12.72
6c8a46db92b71607f9b4b53efe70b28e,1,f225b2857ac11c1ec879e0c81996ed9f,602044f2c16190c2c6e45eb35c2e21cb,2018-07-25 04:35:17,65.99,14.77
6c962a878a13ebc179759b22586cfae5,1,c4f2546fff25a5789819a7b943505bcf,efcd8d2104f1a05d028af7bad20d974b,2017-06-08 15:05:12,24.99,17.97
6c962a878a13ebc179759b22586cfae5,2,06e73ddcb54620a36bfdb2e073c4dc40,0ea22c1cfbdc755f86b9b54b39c16043,2017-06-08 15:05:12,34.90,8.98
6c9c946ae6eb5b5c312bf3b325f4e25c,1,ee406bf28024d97771c4b1e8b7e8e219,7a67c85e85bb2ce8582c35f2203ad736,2017-11-13 22:31:23,144.99,17.26
6ca4871d007ce3c4a6173f53028c28fb,1,ac2c77058e1e5ec1eda726fe7358ef2f,47efca563408aae19bb7206c2d969ea9,2018-01-11 08:47:20,295.00,39.28
6ca4871d007ce3c4a6173f53028c28fb,2,60b8232efc6b30822171dff08d6c439f,9c068d10aca38e85c50202e17b4a7e88,2018-01-11 08:47:20,179.90,39.28
6cad7a7812903a72ae057da0bfb61cce,1,2b4609f8948be18874494203496bc318,cc419e0650a3c5ba77189a1882b7556a,2018-05-04 03:15:29,79.99,16.45
6cb79ca831fc2210fa584592cea3c5f1,1,5a4491fb73ef5c6689be17bfb30642eb,4371b634e0efc0e22b09b52907d9d469,2017-12-21 02:39:35,200.00,16.15
6cbe792e9ab88ffb6579d0b28088a988,1,154e7e31ebfa092203795c972e5804a6,cc419e0650a3c5ba77189a1882b7556a,2017-09-14 19:15:14,23.99,14.10
6cc170c0199d6d09ed3ae398bbfe01af,1,9fcd066d9a5d85dbd05e7d8348539300,a416b6a846a11724393025641d4edd5e,2018-07-30 15:44:47,99.00,23.84
6cd1a4eb4b9a14b5a991a897f096d443,1,f7a17d2c51d9df89a4f1711c4ac17f33,f8db351d8c4c4c22c6835c19a46f01b0,2017-06-08 18:30:19,50.90,11.86
6ceb24a53abed9d619d077dc285fffb8,1,e338f548cda0b52650b9acfd317a74db,cab85505710c7cb9b720bceb52b01cee,2017-04-20 13:45:18,54.90,16.08
6ceec659ff4d6720d0296d133cb49745,1,e1da6ab77f4859eb17950e5df1c0f815,dd7ddc04e1b6c2c614352b383efe2d36,2017-12-05 01:14:01,45.90,20.84
6cf90e1166647c0225253a897567ceb2,1,0e0dec1c30232f86f5076622e9f623b6,b4f8921fcc4ff77b66bea6dda43dcd51,2018-06-18 08:41:55,599.99,47.78
6d07ebee9c7fa9c4749c7265c987bf0a,1,fc3e972df7e263b301e2bee77ac2a6d3,38e679b9e0064cd94c6f035707344dae,2017-05-26 09:22:28,67.91,19.72
6d0f0280ebfb3b857b70731c9df2158c,1,cb81df0e3ccece253557f2a07df4727e,669ae81880e08f269a64487cfb287169,2018-05-16 15:51:52,45.00,13.61
6d1832bd42dccbd91d1ce32da7f54492,1,10698a66d71ebd12be9e8c39302c74b3,c3e1abd72a42fe690fcd89cf5720fe29,2018-07-09 07:30:58,129.97,8.49
6d335a14529f4ffa4219793d5b5a9772,1,13fd915e499b787f1f4c9dbb231d0d4c,b499c00f28f4b7069ff6550af8c1348a,2018-02-22 12:50:33,29.99,15.10
6d37c2777465f819544099f0ec5a6b25,1,9dfb2984ab775b6175202b9e9e678641,4830e40640734fc1c52cd21127c341d4,2018-05-16 13:11:52,50.00,15.23
6d4616de4341417e17978fe57aec1c46,1,3c40f1198e8e92e3c84c84bf8a8e1f0e,d2374cbcbb3ca4ab1086534108cc3ab7,2017-05-08 12:02:55,31.90,15.56
6d4fbffb6862725cc8485066b8aca192,1,08574b074924071f4e201e151b152b4e,001cca7ae9ae17fb1caed9dfb1094831,2017-05-21 21:42:54,99.00,35.06
6d6a99c4cfaa3381cbd4e86237bf699d,1,947638090b86dc69c90b29261178a338,70a12e78e608ac31179aea7f8422044b,2018-04-13 16:50:20,90.00,37.32
6d785f644bb980fb780ae00dcac90210,1,1fce7b244f4a45431713165a869f5f32,17e34d8224d27a541263c4c64b11a56b,2018-03-15 19:31:34,146.21,19.99
6d82fb84caeb4867e10314d00ee91ca1,1,99a4788cb24856965c36a24e339b6058,4a3ca9315b744ce9f8e9374361493884,2018-04-09 05:10:34,86.90,24.82
6d86a700fbdfec909998eefa9110f3e9,1,4949bc7693f27596ca18cfe03c5a83b2,fffd5413c0700ac820c7069d66d98c89,2018-05-10 11:51:35,191.40,75.07
6d9ccb29372292701006df0d44b858c3,1,5a1a5bb0e9e3dbd18e6d8d3c326d3fed,da8622b14eb17ae2831f4ac5b9dab84a,2017-11-23 02:28:42,74.90,16.28
6d9da1dcc8d05c588e4ea617d0fe9465,1,6e263657e75994ff623356f9cff692db,7681ef142fd2c19048da7430856b5588,2018-08-14 14:26:21,730.00,30.09
6db058553902cd2054887f510d4ecf28,1,631304377d9ae9aa0a4c1f21b571a502,1c129092bf23f28a5930387c980c0dfc,2018-01-21 22:16:22,89.90,11.83
6dcacad3b7f099fe3502426b5abb9cc5,1,154e7e31ebfa092203795c972e5804a6,cc419e0650a3c5ba77189a1882b7556a,2018-01-23 18:36:21,23.99,7.78
6dd018ddbabb3e2395f292cb1f2b3ba8,1,368c6c730842d78016ad823897a372db,1f50f920176fa81dab994f9023523100,2017-09-19 03:35:22,59.90,17.67
6ddda171d214be5f13055479d8b41364,1,d285360f29ac7fd97640bf0baef03de0,fa1c13f2614d7b5c4749cbc52fecda94,2017-10-17 22:49:28,348.80,16.19
6ddfbf514959b49b6410c01ad93054bb,1,363a9f5b97bf194da23858be722a7aa5,9596c870880d900012f2e8e6e30d06d7,2017-11-30 15:10:57,1045.00,314.40
6df84b84d593ebbd9922b07135002bee,1,2cbc1ae9dc8c4d81b096db0ee01ae0e6,6560211a19b47992c3666cc44a7e94c0,2018-05-21 05:14:44,29.00,18.23
6e0a631dd4ced6d6f1bb087e0f9a648b,1,3117617b81eeaddd6d5a788a3d4230f1,4c18691b6037662be2df78a765d98ab5,2018-05-10 02:53:51,15.00,12.79
6e0b92bf7f849a26ecbd65716cf5d610,1,28153a494455c0488b2afa71fa6ea98e,4e922959ae960d389249c378d1c939f5,2017-08-25 00:44:23,110.00,26.05
6e0eaecee9bbc83b77b4632e6c592963,1,cb92637d91f8267856d2143b6fc7bd9e,376a891762bbdecbc02b4b6adec3fdda,2018-03-21 23:11:02,55.00,22.89
6e3e15bde53821ada4e7c475f2f98dcc,1,3c6be4372f013b15ef6c2d0f89452998,3d871de0142ce09b7081e2b9d1733cb1,2017-06-06 18:10:11,89.00,17.87
6e424a06931a556c15b962b40017f690,1,2814b5e91ca5da1c238fc3ddf9616832,955fee9216a65b617aa5c0531780ce60,2018-08-21 11:35:12,12.00,22.06
6e56fd377b9d1f816af128295e5c1003,1,fce1a7007f115fe2b900a7592ee87c47,22c32ec35d0116ef02c281798a25bf8b,2018-02-21 08:50:40,18.00,16.79
6e56fd377b9d1f816af128295e5c1003,2,fce1a7007f115fe2b900a7592ee87c47,22c32ec35d0116ef02c281798a25bf8b,2018-02-21 08:50:40,18.00,16.79
6e56fd377b9d1f816af128295e5c1003,3,fce1a7007f115fe2b900a7592ee87c47,22c32ec35d0116ef02c281798a25bf8b,2018-02-21 08:50:40,18.00,16.79
6e5fc24bede0e47389f2042dc5f8473f,1,f3c5707e7c539ab6533e3611da02b648,d1c281d3ae149232351cd8c8cc885f0d,2018-05-02 23:55:15,144.99,31.66
6e60f42eb32450c23ec4595056312745,1,9a046f988c3d7d4bf592c4f7cb40bf01,5f1dc28029d2c244352a68107ec2b542,2017-08-31 19:24:05,45.90,14.10
6e63dcc83ec280b72783617737ce886d,1,52c80cedd4e90108bf4fa6a206ef6b03,a1043bafd471dff536d0c462352beb48,2017-12-05 21:56:57,179.99,45.72
6e6527028de694ccade37f5a15a6d84a,1,53759a2ecddad2bb87a079a1f1519f73,1f50f920176fa81dab994f9023523100,2017-11-29 23:59:27,49.00,17.67
6e6bacc052a79d14a6e7d015188bef50,1,3344f3ccc35b04b81d8cc2aefabcbcdd,46dc3b2cc0980fb8ec44634e21d2718e,2018-03-06 17:50:42,499.99,22.99
6e717532e0002abd1bdb69428673bbce,1,53759a2ecddad2bb87a079a1f1519f73,1f50f920176fa81dab994f9023523100,2017-10-30 10:07:13,59.90,28.82
6e798bc06e940adb731741796285a267,1,14dffa241a078aeaebaef48a49e807ca,fa40cc5b934574b62717c68f3d678b6d,2017-12-18 03:50:08,64.90,16.89
6ea4cd6f1ec3ef5b3dfeb0c90093a5d0,1,a3010804ffeb7111c30565419ff2824b,aced59e9b31ef866a94f9e7f29d8d418,2018-08-28 03:25:29,32.00,8.97
6eb1445131218c4f6a6ef2d4960e4f51,1,aa53b7499856e6df13008f34100cc336,1025f0e2d44d7041d6cf58b6550e0bfa,2018-06-11 13:10:49,75.00,15.43
6eb1445131218c4f6a6ef2d4960e4f51,2,aa53b7499856e6df13008f34100cc336,1025f0e2d44d7041d6cf58b6550e0bfa,2018-06-11 13:10:49,75.00,15.43
6eb1445131218c4f6a6ef2d4960e4f51,3,aa53b7499856e6df13008f34100cc336,1025f0e2d44d7041d6cf58b6550e0bfa,2018-06-11 13:10:49,75.00,15.43
6eb56be25b30e83ab182da6a5d616cf8,1,05bbe113b2037f89552c644c5cb33ecf,b32be1695eb7ec5f10f72d9610a12527,2018-02-27 14:29:22,149.00,31.79
6ec1c5688688bee3df9dd2202ac41a7e,1,ba4a91633739ceceb2b73b627e2cfbc3,7c67e1448b00f6e969d365cea6b010ab,2018-03-22 18:55:56,139.99,16.85
6ee27e2aa69517789049416f0c9d4580,1,8973ef2da217ed7a8e15dc3c7c5c96aa,f63d8f293af3a6454377546bd9dd19ff,2018-01-29 03:37:24,45.99,17.60
6f03abb3b9fdecea11093c52dfd8155e,1,f2d649f157cebee085ed738f23d5d6b7,d673a59aac7a70d8b01e6902bf090a11,2018-06-11 20:49:54,29.99,50.85
6f0a7c01d397ce3f7c6df65823350890,1,27a7e832bcfcd69ff687d611c3e79cbd,d57e18d5f73c7ccb7f7339b61166898d,2018-05-22 04:31:11,37.90,16.32
6f0dfb5b5398b271cc6bbd9ee263530e,1,000b8f95fcb9e0096488278317764d19,40ec8ab6cdafbcc4f544da38c67da39a,2018-08-07 22:15:19,58.90,19.60
6f103e04419629871125495a575f26f7,1,1817be76e48588632c33c4f112a79426,fa1c13f2614d7b5c4749cbc52fecda94,2017-09-06 19:44:55,309.90,16.92
6f17dbe0baf3d45a1ddf91bf756dc359,1,b0868ddc5f282e1e482593315aa0643d,23a0ffca143a15b9b5bbdb7d552f626a,2018-07-10 04:50:14,379.99,20.76
6f199c0873866afaadffaa53f4808a21,1,5dfc84369c7457e1bd188be86a7563f0,1464afc72f696af775557a821c2e253f,2017-08-16 07:24:49,29.90,15.10
6f1d91f81a2241dbf2e7544364d75f2c,1,00fefaf41156bb4b0d850fb27da97897,e9779976487b77c6d4ac45f75ec7afe9,2018-05-03 16:15:16,15.49,18.23
6f2de71049be12a7261059378f59e229,1,b74d57e3377dd78aace6d070fc48cc88,4a3ca9315b744ce9f8e9374361493884,2017-05-26 19:35:10,65.90,18.03
6f46d796b9d7089d7d0a78e0d254f38f,1,ceea7d6ebaeb5a3620c2b43ff85dc13f,4c18691b6037662be2df78a765d98ab5,2018-07-25 14:44:10,23.50,13.75
6f51907687d51529d5d0a147cf761f0c,1,c9f715b64f3ef33d99418422fdacd013,850913d59ce317156b00f3705f1c3edb,2018-04-23 08:55:36,65.00,12.89
6f5a2dbe5ccce73a9d053a542baabd1c,1,a630323d497e2acc89574e8b792c6936,e9bc59e7b60fc3063eb2290deda4cced,2018-07-09 11:18:28,139.50,14.32
6f5a2dbe5ccce73a9d053a542baabd1c,2,a630323d497e2acc89574e8b792c6936,e9bc59e7b60fc3063eb2290deda4cced,2018-07-09 11:18:28,139.50,14.32
6f6665c1d76e55561978ccb45bdcafc6,1,d86db9a9e478ff057c0541537639a10e,cca3071e3e9bb7d12640c9fbe2301306,2017-03-05 08:03:00,21.90,14.52
6f6665c1d76e55561978ccb45bdcafc6,2,d86db9a9e478ff057c0541537639a10e,cca3071e3e9bb7d12640c9fbe2301306,2017-03-05 08:03:00,21.90,14.52
6f6665c1d76e55561978ccb45bdcafc6,3,d86db9a9e478ff057c0541537639a10e,cca3071e3e9bb7d12640c9fbe2301306,2017-03-05 08:03:00,21.90,14.52
6f678401da533b025aedf90ee59ab1d6,1,907215e5a3f79b3afa2d846c6209760e,bba74270a87732727b5a3b4fd9ac1c39,2017-10-23 15:07:19,53.99,19.62
6f748695717d537b882406da58acefec,1,05fca08b4d54ab5d1d371db7d5534136,d03698c2efd04a549382afa6623e27fb,2017-01-16 20:28:10,161.55,21.58
6f748695717d537b882406da58acefec,2,05fca08b4d54ab5d1d371db7d5534136,d03698c2efd04a549382afa6623e27fb,2017-01-16 20:28:10,161.55,21.58
6f75ffc4f296c878f6d66178f5684825,1,a88124e0b1d42ca7b0813a78ff630437,0b35c634521043bf4b47e21547b99ab5,2018-02-06 13:32:14,99.90,15.45
6f7ba3220bb8de6edb65083fa352ebae,1,150c699262a053229e89213dc9c358d2,cd68562d3f44870c08922d380acae552,2017-10-05 14:33:59,116.00,12.31
6f836daf60e4b6e978d737f822dab814,1,d537e54e990d95194a5733e79f1af1aa,4305fe92735c8a43d154ff6dd2b8d927,2017-10-13 20:24:54,139.90,34.78
6f91e4738284a9312089fd89f0d61648,1,0a57f7d2c983bcf8188589a5fea4a8da,4342d4b2ba6b161468c63a7e7cfce593,2018-01-09 04:12:34,129.90,9.28
6fa3706fe8cb643a03e2c14e2ecd8799,1,694e58e56c74114ee0628c25f3f26f8c,7008613ea464bad5cb9b83456e1e6a8f,2017-06-28 21:02:44,52.50,17.94
6fa3dea5574c5757ec985783489bd49d,1,b47f5cf2e99655cfc404520cb7553e2a,891071be6ba827b591264c90c2ae8a63,2018-05-04 20:53:23,29.99,7.39
6fb6e809fba02aa50058be7a0e3ad532,1,b83738ac1903f7c8f0ed378cb085909c,c003204e1ab016dfa150abc119207b24,2018-03-13 16:30:44,139.90,58.84
6fc43344397e467b002e0255391ffc12,1,345ebf31824c3871cbb94c377190d6f9,ede0c03645598cdfc63ca8237acbe73d,2018-03-09 15:31:23,59.00,1.72
6fc43344397e467b002e0255391ffc12,2,3743820de2227103b72b029a352fb98b,ede0c03645598cdfc63ca8237acbe73d,2018-03-09 15:31:23,60.00,28.60
6fd1dd6138481494d4b90327ceca7dee,1,f43207084859ad72eeadb819a7314a4e,d12c926d74ceff0a90a21184466ce161,2017-07-18 02:24:56,39.90,14.10
6fdd6ca7bdcce986b6a442588af840a3,1,4c841517250c8eeafc917a63bc78acae,994f04b3718c2bab35c2adfa8afecd2a,2018-03-15 12:10:31,54.90,18.26
6fdd6ca7bdcce986b6a442588af840a3,2,4c841517250c8eeafc917a63bc78acae,994f04b3718c2bab35c2adfa8afecd2a,2018-03-15 12:10:31,54.90,18.26
6fe3414012f04c290481f594b854e6e1,1,50847e645fcb3d38dee50e39e4c68c22,b566ab0ef88016e00422755e305103c6,2018-05-13 23:12:40,648.00,53.66
70009c6d985dfa16754461cff33c10dc,1,6e1b14d3cbb5fb3a2c00351007127dfd,7a67c85e85bb2ce8582c35f2203ad736,2017-08-16 22:44:12,229.99,14.16
701b6152f4772bf004cad6741981b060,1,53b36df67ebb7c41585e8d54d6772e08,7d13fca15225358621be4086e1eb0964,2018-05-15 12:35:19,99.90,0.00
70265e39902a914077a038864209d3c6,1,d6fe3b4ddecd4a8393c6a1385de3bfb6,7c67e1448b00f6e969d365cea6b010ab,2017-08-09 09:50:15,199.97,53.41
702c89659fd2b244cf06f052e886bdf6,1,746c36df2702006bac777bbb9bf8a0a5,cb3dd9ce66268c7a3ca7241ac70ab58c,2017-04-23 21:30:24,58.90,11.80
7059c2afa0f74d0d09b1a8bd04ed2f7f,1,2f178dc91b792930e1ff40a77a123506,75d34ebb1bd0bd7dde40dd507b8169c3,2017-06-20 11:55:22,399.99,23.60
7063584ebd960be71a883b756429f2e4,1,35afc973633aaeb6b877ff57b2793310,4a3ca9315b744ce9f8e9374361493884,2017-09-05 11:04:24,89.90,17.88
706f426a3e276fbc171e2d3aafbf2e1a,1,4af41a3530a95522cbfcff5ad13522eb,c963a25b8671419c6ce9eebe8fd03218,2018-05-07 03:53:59,49.00,19.32
7073be83c3247747c26a69d5a689edbf,1,69fb24f0cd077f460768e66b89c3565e,5b0cc932433fa5184b5b94bfe6bcc256,2018-07-20 15:45:17,45.00,17.45
70b3137c66efb2783c73b76b78215401,1,d61cb9070ed7de8a2478eca9c8fc3d93,6235903333ba7de1928c869e268e5964,2018-05-17 18:31:22,94.06,41.42
70cd45f4715c8840b197efee2b9d533c,1,e16045eef2ff02ee2a6469e167958bb0,c6381d2d013342748761e906d45aff76,2017-11-10 00:05:57,67.99,16.68
70cd45f4715c8840b197efee2b9d533c,2,e16045eef2ff02ee2a6469e167958bb0,c6381d2d013342748761e906d45aff76,2017-11-10 00:05:57,67.99,16.68
70dd6272528235d8324f3d154b94861f,1,020a80cb704bf65f38761fcedf2af192,ef2fbc2b607d8492bcffe657a4645434,2018-08-02 04:05:55,46.90,9.26
70e38e6c6f3ff404a97ab901da03db56,1,7fb04722aba7a2b632bac8f9819796f3,f3b80352b986ab4d1057a4b724be19d0,2017-08-02 10:25:10,79.00,17.80
70e6517f1dbbc45684b77b43123539be,1,c6336fa91fbd87c359e44f5dca5a90ed,4c2b230173bb36f9b240f2b8ac11786e,2017-06-29 23:22:52,39.90,14.10
70eaa52116958c2e734172d6ed51015e,1,2948658cb6abc82847412be7201bfc4c,955fee9216a65b617aa5c0531780ce60,2018-03-22 14:10:58,120.00,13.75
70eaa52116958c2e734172d6ed51015e,2,2948658cb6abc82847412be7201bfc4c,955fee9216a65b617aa5c0531780ce60,2018-03-22 14:10:58,120.00,13.75
713631547f1e4dbf7d1a05eb38012815,1,4b38bdd9c0c4bbf9f7f1408b06ec1816,955fee9216a65b617aa5c0531780ce60,2017-10-02 21:14:19,48.00,16.11
713eda1fb337fff2cccfae60fd0b411e,1,781afe929e3016a667f5f439afd55fce,08633c14ef2db992c11f840f04fad4cd,2018-02-15 16:20:20,109.90,12.27
713eda1fb337fff2cccfae60fd0b411e,2,781afe929e3016a667f5f439afd55fce,08633c14ef2db992c11f840f04fad4cd,2018-02-15 16:20:20,109.90,12.27
713eda1fb337fff2cccfae60fd0b411e,3,781afe929e3016a667f5f439afd55fce,08633c14ef2db992c11f840f04fad4cd,2018-02-15 16:20:20,109.90,12.27
713eda1fb337fff2cccfae60fd0b411e,4,781afe929e3016a667f5f439afd55fce,08633c14ef2db992c11f840f04fad4cd,2018-02-15 16:20:20,109.90,12.27
71435a06cf53842e055368f881a38b61,1,23905e2fed49239bf63e416ba24bd556,e8dba4d70f7f2b20e775d09cae01142d,2018-07-27 15:53:10,239.99,20.87
714e87e589c74ad0e8ddb6b9c9706abf,1,dd47440cb56de3ab674f9208ff0edc3e,3bdff180c7e1f6551a643b99c265a120,2017-02-17 10:26:59,76.90,20.62
71564d5e5450bf310e411bc3087b2903,1,e2bb00220a167d9e60b6776ac33717bc,6560211a19b47992c3666cc44a7e94c0,2018-06-21 03:36:56,56.00,15.49
718216cd5a2cbb1cf695c655788c2aab,1,07fd41c7a725529fe1213508557e0f4b,620c87c171fb2a6dd6e8bb4dec959fc6,2018-05-17 15:59:48,199.90,51.90
719beedd6c2193b3e1e1ea1d2706eaf1,1,fd7d446e2582c5bbc8be63f9179e98ac,99cd94252748d2bdde08e17858233602,2018-06-26 14:18:42,79.90,8.30
719d3e99ac9883643ff9a790a2efe206,1,53da2e917302c9e5e834b9968ea829a7,955fee9216a65b617aa5c0531780ce60,2018-01-31 15:31:38,47.99,12.69
71b7a76e413b9a5ac20a14d89ba2b681,1,45ade111a241eb94d71890c6fcd2a0e0,51e4e89242cbb846c2deff3dc015650e,2018-08-22 17:29:28,29.90,18.31
71b91036973ff7a67b9a17a8a20d3b9c,1,fbce4c4cb307679d89a3bf3d3bb353b9,c33847515fa6305ce6feb1e818569f13,2018-08-09 08:44:45,149.00,44.84
71bdcc58db48fbd3f6aa39889aab2e8c,1,66077cc774ac8ba7c7fcb45fd8e03474,01cf7e3d21494c41fb86034f2e714fa1,2017-08-14 19:15:16,99.90,19.94
71c1725420f3c980356bbdeea6abec9a,1,cd48f265a63e13b762601f5f794c5fca,e9779976487b77c6d4ac45f75ec7afe9,2018-02-01 09:30:27,47.49,16.11
71c1a607d67393d01bef51c097368feb,1,ddfaa1c2e19f82a47043c5f5ee1376d1,59b22a78efb79a4797979612b885db36,2018-02-05 10:14:51,299.00,14.22
71c2f084ed7e2c16263645a8e9d81a7c,1,f8c2617f62d3371e14acbe60d9483482,f3da5b2ff499efb8d4a6d371d175d7dd,2018-04-09 17:35:12,11.04,8.88
71d33900d3db33c09ceff19ffc7ec460,1,9575c58d6ba5856589c410cef0b3f0e0,f0e103c63864d5405b958d984b6e94c9,2017-05-18 11:55:10,159.80,14.87
71d7141d917163379d3bd485bb9a4265,1,3ea344b27741300cc4724d2a5af94460,54965bbe3e4f07ae045b90b0b8541f52,2018-06-18 23:30:58,111.90,23.58
71df40458537292f7d7fb3a95e0d3786,1,4f094d03e0acd9b1259fc846321e85b7,715bbd5ba4e6b74cb0d2f29eb45058b0,2018-04-12 18:10:10,55.00,13.75
71e077cdb8aba5646817189b9aed6b44,1,5b8a5a9417210b1b84b67b9a7aefb935,8e6d7754bc7e0f22c96d255ebda59eba,2018-03-01 10:15:27,74.90,8.27
72002d46bebcafbe621c662f1ad3cc45,1,3b0f7951038b105522c2d566b54421f7,ea8482cd71df3c1969d7b9473ff13abc,2018-04-05 09:07:58,29.98,15.23
72002d46bebcafbe621c662f1ad3cc45,2,f0b543161e745b6c80a79c368db167a5,ea8482cd71df3c1969d7b9473ff13abc,2018-04-05 09:07:58,21.99,15.23
72169ffd15efc268ce012f931a368c4e,1,0705b33fb285827a578fce4899f1b921,318f287a62ab7ac10b703ac37435a231,2017-07-18 16:05:25,22.50,15.11
723ac9c5a1b83772c9e9cdfe4d94f5fc,1,389d119b48cf3043d311335e499d9c6b,1f50f920176fa81dab994f9023523100,2017-12-20 11:18:11,59.00,17.66
723e240c9c7fab76e64b2c232afb8bd8,1,5a0146a47009000363e3ceeade37c54b,955fee9216a65b617aa5c0531780ce60,2018-04-12 14:50:23,120.00,11.47
7248d76d3e1ffa83c3c2cf9774657f76,1,27a7e832bcfcd69ff687d611c3e79cbd,d57e18d5f73c7ccb7f7339b61166898d,2018-02-23 19:10:35,37.90,15.11
724d9ea2df2a8c8c93254d43a1016cb5,1,7020952e39b390bfe87c475d4c99b3d7,099095b050cfe8eb1ddff5317587e96e,2018-08-15 18:55:22,429.99,43.99
725bc6e0462790b11f170e3729723857,1,ba4d4408f422ce8b42de69cbf879f5f9,52a50b42accf164f9f019941e5759d9b,2018-08-24 12:44:30,29.99,12.87
726050586b99cf152bd2d7ea5065b7dc,1,da21de83c22b0b56be14738b1bd6348f,609e1a9a6c2539919b8205cf7c4e6ff0,2018-05-04 10:29:35,28.90,22.06
7263db988c07c61845869e0708739119,1,4f1a7a45b6d43fa7e4958e013923d9e5,ce248b21cb2adc36282ede306b7660e5,2017-07-27 11:25:11,46.90,16.11
727d6f1c0f045a1a301ea6484e83697c,1,d017a2151d543a9885604dc62a3d9dcc,6560211a19b47992c3666cc44a7e94c0,2017-08-08 03:04:01,49.00,7.78
728795566669c2f36ab5118fcde3af33,1,3a0a670620f51d9287a85a9d81474dc0,ad273c9eb54ecb4532de4bf75bae9e4e,2018-08-15 01:25:15,89.00,18.42
72897812c44d785964be11c5266c5c28,1,2ada8214e59b86de70b03d8f03894c93,0b64bcdb0784abc139af04077d49a20e,2018-04-12 20:09:29,35.90,15.23
729bf6aed8c44bca10dba0fc98328fd0,1,a5341e3f8155dbb3e62323d3ea289729,ff063b022a9a0aab91bad2c9088760b7,2018-02-08 02:53:57,93.00,21.14
729c445f5f350f88d5c9a3911d6e9bc0,1,08e3404b623856c35ed541708cf05915,6aa3928696eab49a19a466e665a649fd,2018-05-08 18:31:24,89.00,9.16
729c445f5f350f88d5c9a3911d6e9bc0,2,08e3404b623856c35ed541708cf05915,6aa3928696eab49a19a466e665a649fd,2018-05-08 18:31:24,89.00,9.16
72aac576696a046d89aa7ac132ecd3d6,1,5131368354b35ed441caa8ca27244f16,e9779976487b77c6d4ac45f75ec7afe9,2018-02-05 14:35:44,97.49,12.64
72b9d86fe4e984d9879013b9ecbb25db,1,7f4e034245e45549110139d1de248f83,4b9750c8ad28220fe6702d4ecb7c898f,2018-04-19 12:35:27,48.90,52.48
72be45eab146087612b9ee932e825574,1,dbedc5c46934d0708dd37cccef1c2184,cca3071e3e9bb7d12640c9fbe2301306,2018-04-19 18:30:32,108.82,19.73
72c8f22acc8e3ccdb8fd335aef2c00a2,1,4c1e109ecdf58453de365d217cefa64c,4e922959ae960d389249c378d1c939f5,2017-08-31 15:35:29,120.00,16.60
72e2c4bbd8ad5d2eec29b795d95afbe2,1,ffd2365fb8224dc66883df9351d65deb,2bf6a2c1e71bbd29a4ad64e6d3c3629f,2018-05-22 15:31:24,948.00,58.77
72e300729f4020d73fe590991e104c15,1,c429a719cac9a29bfb5749d8f9043dae,808d4348b916efa08e766ebad39f61eb,2018-08-16 12:25:09,69.90,18.59
72e57d0b326731ddd25d0d44212a42cb,1,1055db476dfbed87313ac8481c2597c0,508808d438fe2ff972ed13bb8f4a82e2,2018-08-21 16:10:18,43.99,22.90
72e57d0b326731ddd25d0d44212a42cb,2,226b714574d308927d79827c0c7f9972,1c40343cc5d18c2d8248ac2f3366de34,2018-08-22 16:10:18,58.90,22.90
72ec88002ed159da398333164be7f876,1,2ba4f78910f6fe61e7ae7bfa4efe2726,7ad32824caee82087b3e2e5f33b1bf32,2018-07-02 11:31:13,56.00,19.58
72ee4a26e767e55282ac10e63c7b1227,1,9ccf11289147e5277b022439b4ea1f20,955fee9216a65b617aa5c0531780ce60,2018-06-26 19:31:39,60.00,52.77
72f13434d0258f5c25927d2b4d5b2c1e,1,73554174c2dccb01cade8d0ce976b791,fe2032dab1a61af8794248c8196565c9,2017-06-16 15:50:11,189.90,26.36
7323d8e601f88123554e4d9bdb617b79,1,3dd2a17168ec895c781a9191c1e95ad7,de722cd6dad950a92b7d4f82673f8833,2018-04-30 04:31:03,149.90,23.98
7325b4b6f6e7fecbd8450965f4bae948,1,80d94e8b1c573406cd537684045cc87a,276677b5d08786d5dce7c2149dcce48b,2018-04-12 15:08:03,69.90,18.37
732a77c453f0b9ea3a2665a575f3ecd3,1,e7f85e7f0203b7b95cc1b4c21b4b070c,ceaec5548eefc6e23e6607c5435102e7,2018-08-13 20:10:19,259.99,118.87
732f26c55f8366066c096f572cb73854,1,06a7a571bc9fbb103a9c2eb90f89432c,2a1348e9addc1af5aaa619b1a3679d6b,2017-10-24 01:35:20,29.90,5.57
732f26c55f8366066c096f572cb73854,2,3e7ec3672e5549ba74cf635752bfc70b,5a8e7d5003a1f221f9e1d6e411de7c23,2017-10-24 01:35:20,59.90,22.28
733abca4b3372182a6c955ed064b0929,1,f5131289ca7eab9700015f6e8bfa8e41,4125d9385a25e82d2f72d3a0fd55bc3f,2018-08-07 16:44:08,42.90,18.40
735cd7df0237de24454fd5b5b4195515,1,1cc5f038fa8645580602fb2423d3a50a,17e34d8224d27a541263c4c64b11a56b,2017-10-25 14:27:02,107.15,17.19
736a8a3d8b9cde5dd9b1f985fc523c0e,1,c56400aa5823575d5a92a8f98077490a,a7f13822ceb966b076af67121f87b063,2017-05-10 13:10:11,139.96,21.29
736d9580e48fa6a156f60f5341acd2da,1,e5897f494af72d083f3899808f341659,fb3cfbc8a86f5d7fbb4d36b8df63f60d,2018-08-07 16:05:14,69.90,18.64
737b63f784a8e20dbc2a9abd527f3923,1,4a8388d725082add032c3a248d515142,7b07b3c7487f0ea825fc6df75abd658b,2017-03-28 12:58:27,56.90,8.79
7384cdc62fcd832cd6c6026440c42821,1,9ab817d90bc61ed772ffea01b4cdcdb6,db2956745b3a8e9f3785c99f34b5d25e,2018-07-18 09:05:27,159.00,38.02
7388c6ff667e30b4ba78bdca9dccd818,1,423a6644f0aa529e8828ff1f91003690,e59aa562b9f8076dd550fcddf0e73491,2018-06-13 18:31:45,479.00,27.48
738a72a43a2a56d21dbe8874ffddd1af,1,242edc6b84c00f0d48c664a020a92c52,6cd68b3ed6d59aaa9fece558ad360c0a,2017-08-24 11:45:07,54.90,15.14
73950eeeb87a86705a2e3c7f42f1b4bc,1,8d7d29e5fb9ff5333009326c87fc04e9,7c67e1448b00f6e969d365cea6b010ab,2018-04-04 02:49:08,119.94,57.10
739677eada57f8079787189697f71d74,1,3dd2a17168ec895c781a9191c1e95ad7,de722cd6dad950a92b7d4f82673f8833,2018-03-14 12:15:25,149.90,21.10
739ee9313185c60eb018bf03f642fc61,1,60a82b9f55ecd2035ad8d9c61e2afe18,cfb1a033743668a192316f3c6d1d2671,2017-10-26 19:25:30,25.50,15.10
73a1b2c642b36dc0c5930e4b654ce46f,1,2b4609f8948be18874494203496bc318,cc419e0650a3c5ba77189a1882b7556a,2017-08-23 03:25:21,89.99,21.43
73b1e5c9d05c96ee6d19a6bf2f79e2d0,1,ab1f9387c0627dd24000bfbc54fdeee0,8b321bb669392f5163d04c59e235e066,2018-02-16 14:27:37,12.25,14.10
73c67371d275029330214fcd2b439fcd,1,121f7f44c9e25be4873ca9296542ebd3,6b90f847357d8981edd79a1eb1bf0acb,2018-06-29 10:53:50,65.50,19.37
73d70dce05cb08ecad51b47c4fd26925,1,646ce272adff96b1ace27e81c9bdf29d,dbc22125167c298ef99da25668e1011f,2017-11-03 18:10:15,126.90,14.62
73d7cec3155fd7d97f4e7bd0c996002e,1,036734b5a58d5d4f46b0616ddc047ced,ea8482cd71df3c1969d7b9473ff13abc,2018-02-14 07:49:51,44.99,14.10
73da42c497d6ab85df4446d41addabdd,1,bb90206fa281c20f0b4c42a2393b54dd,8e6d7754bc7e0f22c96d255ebda59eba,2018-01-09 09:57:23,189.88,17.09
73df19345d0de1ae473fdfd37070f16c,1,6cdd53843498f92890544667809f1595,ccc4bbb5f32a6ab2b7066a4130f114e3,2017-10-30 09:28:12,349.90,19.02
73e0c0e9d14c86750d2df4a0d74eff29,1,d5b703c271f43f9c588a6f512a00f77e,fa40cc5b934574b62717c68f3d678b6d,2017-02-15 19:26:46,34.90,14.52
73eb2dbe87f00c86931e3ef008935806,1,af51d485dc5255ba2e18b21b550156e6,5dceca129747e92ff8ef7a997dc4f8ca,2017-05-05 11:50:22,259.90,44.62
73ef343c9dbf2f6d45362c9bc150f4b7,1,ce99c3515272dee739f2d3eddae0f2cf,26d8a1c7c75d513045798992ead43aa2,2018-08-16 03:45:08,2150.00,33.15
741219cefb77a5c6acbbecafb6d0e6f5,1,0d85c435fd60b277ffb9e9b0f88f927a,f457c46070d02cadd8a68551231220dd,2018-07-04 13:50:18,67.90,18.58
741a088353f3774474ff3b2d7da8f0de,1,df10a782c44fcfb00afa5bba65777d74,bacb1f0ed56ad24198f5810d2b3fe9a5,2017-05-12 04:50:16,182.90,18.53
7436f90385ad44df26975c86ee59e085,1,b72dc9d458ca694e434d1436566693cf,db4350fd57ae30082dec7acbaacc17f9,2017-08-28 16:20:20,21.99,7.78
743d02b8213067631ae00120303b4ab0,1,abc3432ff825d8e524db1d4eac6d2099,8d956fec2e4337affcb520f56fd8cbfd,2018-04-05 14:15:16,39.99,15.23
743d02b8213067631ae00120303b4ab0,2,abc3432ff825d8e524db1d4eac6d2099,8d956fec2e4337affcb520f56fd8cbfd,2018-04-05 14:15:16,39.99,15.23
7446025306e883cf5f81d6a59b52a77a,1,2de5c479fb0c490a0f2a2f3ab36e71b6,dfc5fb7259bb2b599ca565e6e9448f0f,2018-06-14 10:30:46,174.99,11.85
745865dd655cbb9dc84b1ee5a872fbf9,1,c741b4e884aadcb383abe964529d76ce,093805f8f2aeb63881444571e1f48f30,2017-09-15 17:43:51,35.00,8.72
745e2506fb647deca4669e1c88ce9783,1,73f835584b88d706c12bb3e9298a733c,da8622b14eb17ae2831f4ac5b9dab84a,2018-01-26 13:50:07,74.90,7.19
745e2506fb647deca4669e1c88ce9783,2,8d944f9367ba7f153e0ab5b6dc7d063b,da8622b14eb17ae2831f4ac5b9dab84a,2018-01-26 13:50:07,114.90,21.58
745e2506fb647deca4669e1c88ce9783,3,8d944f9367ba7f153e0ab5b6dc7d063b,da8622b14eb17ae2831f4ac5b9dab84a,2018-01-26 13:50:07,114.90,21.58
745e2506fb647deca4669e1c88ce9783,4,8d944f9367ba7f153e0ab5b6dc7d063b,da8622b14eb17ae2831f4ac5b9dab84a,2018-01-26 13:50:07,114.90,21.58
7463f829999f41a9eea1e98f4e52b48d,1,a72209f6ea270769cecf0ed4168d3893,42bde9fef835393bb8a8849cb6b7f245,2017-10-10 02:49:22,59.00,25.69
746c571ef93dfd0c1ee0a6d4e9d983c7,1,25830cd3f917e51e463f79c181a670ae,e26901d5ab434ce92fd9b5c256820a4e,2017-07-18 02:15:42,29.90,7.78
746de2565dea8d35a273e6b7db1764b9,1,af76a54b712e9cab85d2824e96c56ff8,6a8b085f816a1f75f92dbac6eb545f8f,2018-01-25 16:15:35,249.50,13.25
747472f67c6d285c60bd732fc28beaf9,1,8ae1198dd85742fe30b74a96968f250e,3b15288545f8928d3e65a8f949a28291,2017-11-06 15:08:20,115.99,29.21
747472f67c6d285c60bd732fc28beaf9,2,8ae1198dd85742fe30b74a96968f250e,3b15288545f8928d3e65a8f949a28291,2017-11-06 15:08:20,115.99,29.21
747472f67c6d285c60bd732fc28beaf9,3,8ae1198dd85742fe30b74a96968f250e,3b15288545f8928d3e65a8f949a28291,2017-11-06 15:08:20,115.99,29.21
747c10818501d15381c0718ba37eb2da,1,cfd652b39b87b4e06cf4ea106a32db47,7a67c85e85bb2ce8582c35f2203ad736,2017-02-17 20:37:21,129.99,19.50
7485a37669f5475e8f6d0eddd64c71e1,1,1649163ed6805e0d648900a0b2c0fe4d,f5a590cf36251cf1162ea35bef76fe84,2017-11-19 23:10:38,269.00,21.37
748d3b50f6f4b32e9998bb62826d4812,1,394b16cd32e9f883365dd7ebac4edbe0,8b321bb669392f5163d04c59e235e066,2018-01-24 22:50:10,14.40,15.79
749eb4902527dc1a8e81681cd9c1b016,1,15182e412b013f40aa860be89720c91f,3dbbce181edfaa4a597ec858c382d2ec,2017-05-15 13:55:31,29.90,16.11
74ad3397d84521ee94f326aad1a35d14,1,9041a4cde4a900bc259d3b1b6847f6b1,1025f0e2d44d7041d6cf58b6550e0bfa,2017-12-04 02:51:33,140.00,49.51
74d882fe8bdccca5952fbe23321ecfa7,1,9e9a222ec8c28d9ab56658263c17f16c,f12ff17ad8bbf01ec5c33b17e506649b,2018-05-23 08:17:29,136.00,23.53
74f9ee0e66467cc93728042775469e4e,1,154e7e31ebfa092203795c972e5804a6,cc419e0650a3c5ba77189a1882b7556a,2017-12-27 19:54:01,23.99,15.79
74fd3f19e82d4dc348cf34d3870605c1,1,74550f9ab6c8739d66b71d3074ff0c1c,750303a20e9c56b2a6bc45cdce0b897d,2018-08-28 18:10:17,99.90,9.83
752df1d3d4248c9dc8cca21cd6b42675,1,88d6c305d09a6fdc1c34cb51942a280c,e5a3438891c0bfdb9394643f95273d8e,2018-03-16 18:09:36,34.30,18.23
754effa06b71f54d7f439034c128b509,1,7446ea3b3fb292b92d443f6a340bb372,53243585a1d6dc2643021fd1853d8905,2018-07-17 18:25:21,650.00,87.62
755062e6c08cf5b87a6eb6a094eca92b,1,22c5ddc22ea8cae84fc9917def682dc6,cc419e0650a3c5ba77189a1882b7556a,2017-05-25 18:30:17,56.99,25.68
7575d831a96234bf02a093daaf34e375,1,388517f6230f1fdef794b9c075180a0c,85d9eb9ddc5d00ca9336a2219c97bb13,2017-07-31 03:35:25,27.90,14.10
7575f0c5a89cdb0c577224d9efde0266,1,fc158c6d4f95cc9d4c33c5b11b081779,d12c926d74ceff0a90a21184466ce161,2017-07-19 12:45:18,54.90,14.13
7576a97a255ac81433d3932443db8fad,1,7094ed51ce16d5ba737ef483df555c6f,ea8482cd71df3c1969d7b9473ff13abc,2018-01-23 19:49:56,24.99,15.10
757b85709c71afdd65579b82b1f5401c,1,c1848f7c08dcca8335a8e18f2d3f0ff7,e96498ed8daaa3e9c23f7a62da76591c,2018-03-22 13:48:04,219.99,23.25
7581e8b8156b3dee7b8898cd0120ad19,1,9cfb95272c4cd1e98619d3bdea888a7c,7a67c85e85bb2ce8582c35f2203ad736,2017-04-17 18:10:25,199.99,11.58
75b2d5bcaa2ff25faa70a904109d772a,1,48c4ce43e9ae76b92039ed23beaca543,6edacfd9f9074789dad6d62ba7950b9c,2017-06-05 15:55:28,46.90,15.10
75cbdf50ad99f2f1770fca4ef27142fe,1,cac9e5692471a0700418aa3400b9b2b1,7ea5bfa6c340f58f8e71fc1f0412b0d6,2017-11-30 04:30:21,129.99,19.45
75cc0defdf90cda65066ce0ac171e2ab,1,369dfa384d5ad2a0cb97cb4cda846c47,e9779976487b77c6d4ac45f75ec7afe9,2017-10-13 16:56:27,171.00,15.95
75d1b089800a77f3c4b653e297632423,1,a35a9f46dcee0a67c8c7ad8493eb4135,85d9eb9ddc5d00ca9336a2219c97bb13,2018-08-27 11:44:06,24.90,16.36
75e7a7873f5f25594624a750188facc4,1,6a29caa68d4bc5536b4447c25de4c937,16090f2ca825584b5a147ab24aa30c86,2018-06-28 00:31:13,50.49,18.45
75f19ffdc366b3e66a822a7fafa0db05,1,e1f3f6e6cd65169825945c5d696f568a,57e632711dec9ec14ca7546769483e7e,2018-04-10 16:55:27,141.90,22.70
75f227ab43795be91bd8357ab627bab7,1,63eb97106bfe47fe857edcf78f3e3e08,98dac6635aee4995d501a3972e047414,2017-11-30 00:54:58,19.04,20.71
75f227ab43795be91bd8357ab627bab7,2,2eb384017334e47db9ccf364216799df,98dac6635aee4995d501a3972e047414,2017-11-30 00:54:58,21.15,0.14
761d39ded287ade72b1e8bdd95fe0253,1,2078312a2dcf1fcd8a38eabcf5dd033a,30a2f535bb48308f991d0b9ad4a8c4bb,2017-10-26 02:49:36,49.90,17.63
76237b6fd0f721a714d6bb93439858fe,1,afbe1e973aefbf72a330e3bc72d4b476,4a3ca9315b744ce9f8e9374361493884,2018-02-22 00:07:42,68.90,19.72
764784b2e19d54da239286b0757f222c,1,668e8ee8f69c3545109fc40f72336e8f,dee656f0f566ed1aa85bd137c943f08f,2018-07-18 15:50:21,109.90,39.04
7658df283ca8d2e1a258dfc456fd4e74,1,1272db6c9d16e3c3b9878c3462a0f369,9d5a9018aee56acb367ba9c3f05d1d6a,2017-07-13 11:15:21,174.33,22.02
767dd7bdeb5f5d8f1840145a3e898bc2,1,ac3bf6e6f3fc94d003fe0eaa8de7738d,080102cd0a76b09e0dcf55fcacc60e05,2018-05-28 18:23:01,5.18,7.71
7681bce993e841ae140c728b7c8f1b9c,1,263849cef3655e2a54a6f55d4ccad401,6560211a19b47992c3666cc44a7e94c0,2018-02-08 03:50:21,72.00,17.78
76a6cde2f1431bc0834cad44ad2f472f,1,d1c427060a0f73f6b889a5c7c61f2ac4,a1043bafd471dff536d0c462352beb48,2018-02-07 22:49:43,149.00,40.37
76a8a2d403c21555c48ffd596ba88b14,1,a6f2ba5bb6d6d36ac92ed1faf4d123f2,b90e891671cffd9557f33a97dc523645,2018-07-02 16:50:37,215.00,19.61
76b7b4a37af9d49cd67082d0c263aad2,1,e0cf79767c5b016251fe139915c59a26,da8622b14eb17ae2831f4ac5b9dab84a,2018-05-14 10:55:24,29.90,7.71
76bdc8518c9c3ef50f9a240b93f97987,1,84a87daa85c8b432d90bc1baa0cb4388,aafe36600ce604f205b86b5084d3d767,2017-09-12 04:44:22,59.90,16.18
76c4c846aae2dae9e87dfa492c3f5259,1,0bcc3eeca39e1064258aa1e932269894,1f50f920176fa81dab994f9023523100,2018-08-08 14:10:22,49.90,27.52
76c4c846aae2dae9e87dfa492c3f5259,2,dfc9d9ea4c2fbabe7abb0066097d9905,9e6229250fedbe05838fef417b74e7fb,2018-08-14 14:10:22,169.90,34.39
76c4c846aae2dae9e87dfa492c3f5259,3,9d1893083966b9c51109f0dc6ab0b0d9,213b25e6f54661939f11710a6fddb871,2018-08-17 14:10:22,119.85,34.40
76ca2de6bcacf629bbc125255becc15b,1,3fbc0ef745950c7932d5f2a446189725,06a2c3af7b3aee5d69171b0e14f0ee87,2018-05-09 04:13:01,64.99,22.95
76ccfd1f50385cff04dc3ba521500b47,1,8171a6838a6c6eec7d768990eb7ecd42,a3e9a2c700480d9bb01fba070ba80a0e,2018-02-01 16:19:25,30.00,15.10
76cd8bdf29b1ad8f6dad715d6ad8fe90,1,2b28903240e8ae0f0c45a14e769d9431,744dac408745240a2c2528fb1b6028f3,2017-05-16 13:30:16,198.00,16.83
76df43658d302b7e5418f9c5b366b4bd,1,89e30d3452ed2e7f8d86803da7954f05,fa1c13f2614d7b5c4749cbc52fecda94,2018-03-15 18:10:02,284.80,19.87
771c4f1f521f462e4b95619e648aaeab,1,a695ab8413ea83619cde9b18292d6aa1,1da366cade6d8276e7d8beea7af5d4bf,2017-03-28 20:15:15,50.00,15.04
771c4f1f521f462e4b95619e648aaeab,2,dd8c2302e75b8c69bfde7a67d2500a3a,6e0908ef4d4efadbc3cc2b74ea477cb0,2017-03-28 20:15:15,39.00,10.03
7729dd457f2649c804b02f610b54acc7,1,eef398550dd9575d23eb2d8be74bd45a,0c8380b62e38e8a1e6adbeba7eb9688c,2017-04-10 05:55:31,44.90,22.28
773632f583feeda7d9b063496b6526a2,1,fb7a74777a6afa91445275b19024a722,56e361f411e38dcef17cdc2a3d99628b,2018-07-09 05:31:40,62.00,23.58
773e520cc5e67e4d6f8af15926317a36,1,48619586c9a058ad8640a4e53185a9e0,1025f0e2d44d7041d6cf58b6550e0bfa,2017-10-04 02:49:34,54.00,14.13
775130c792f4c6460c63162e994a1114,1,99b4596b82b6f75d453160c9c75e01f4,6bbcb8924baf70b7fe2fe2097e8cd407,2017-12-15 18:04:01,257.60,15.67
77603d935cbcfcb914df523f1fc1316d,1,5199c64bddaad759e3cc82d7fa449570,cca3071e3e9bb7d12640c9fbe2301306,2018-03-29 18:15:22,41.14,13.71
777bf4670edce6de8fa9aa0b68b57b28,1,179527fe0673815dff87ca83539b0c58,e5e33c0d8e7e002f398f5dc4cbbb338f,2017-07-16 21:45:16,259.00,16.56
777e1991a17b077dc363745bbaf05e2f,1,94a6c010ef78e62cab34c6caf0a69b5f,080102cd0a76b09e0dcf55fcacc60e05,2018-06-11 12:10:27,11.50,7.71
7787da2148a7cb3d33fb258e674f8a3e,1,a94036c0bb4dfce8d5762777c07b7be2,8160255418d5aaa7dbdc9f4c64ebda44,2017-11-30 00:52:55,119.90,18.09
7792343581cd5fc0e1956c59b543afc8,1,ee667ef9c46d1444ebde2f0ea9c6b4c3,723cd880edaacdb998898b67c8f9da30,2018-04-19 18:55:14,181.99,18.18
77af7c0b651686586766ad39c110536a,1,ae7d8348fbef50928a680454fffbca00,a3a38f4affed601eb87a97788c949667,2017-09-14 17:30:17,69.90,15.24
77baa217632fcbf3656de4ec4a66b0c4,1,69455f41626a745aea9ee9164cb9eafd,7d13fca15225358621be4086e1eb0964,2018-05-10 02:55:14,185.00,19.17
77ce7f33b46e4a158d452e6ccf0dff14,1,5ee245f4f514e8937aa7a5ef3ec2c8b7,a3e9a2c700480d9bb01fba070ba80a0e,2018-03-29 17:08:04,42.00,19.32
77ce8174ece613ac99bd6506f3d679d8,1,a4c27cf9767fe2b589251c764b891eda,17e34d8224d27a541263c4c64b11a56b,2017-11-01 11:16:18,312.84,13.69
77de74763ac99bedb50deb68da4b981d,1,49eeae59754cbcf1abeeffb8f51184ee,972d0f9cf61b499a4812cf0bfa3ad3c4,2018-07-11 08:30:30,70.25,12.22
77f786b616f184da30df78a7eb228d92,1,ad1363e145be3de4efec013051b14322,513a54369b6a8a6602fcb0e129c6d78d,2018-08-23 00:30:09,19.90,7.40
7803d0f984dfa8078247ba07d2645bef,1,ae6b739ab6e9d7991fb2ddd70f9c0b6b,53e4c6e0f4312d4d2107a8c9cddf45cd,2018-02-04 22:30:20,42.00,16.60
7806407a20e7d38caef6b35ea7757142,1,ea3da91e6ba865972f9344cb9265296b,ec4608a1f76453166bb312b2968aeaf4,2017-11-22 22:30:52,35.99,0.03
7806407a20e7d38caef6b35ea7757142,2,3c5ba90e09547db90868e803d139de30,ec4608a1f76453166bb312b2968aeaf4,2017-11-22 22:30:52,34.99,14.99
7806407a20e7d38caef6b35ea7757142,3,3c5ba90e09547db90868e803d139de30,ec4608a1f76453166bb312b2968aeaf4,2017-11-22 22:30:52,34.99,14.99
7806407a20e7d38caef6b35ea7757142,4,ea3da91e6ba865972f9344cb9265296b,ec4608a1f76453166bb312b2968aeaf4,2017-11-22 22:30:52,35.99,0.03
7806407a20e7d38caef6b35ea7757142,5,3c5ba90e09547db90868e803d139de30,ec4608a1f76453166bb312b2968aeaf4,2017-11-22 22:30:52,34.99,14.99
7806407a20e7d38caef6b35ea7757142,6,ea3da91e6ba865972f9344cb9265296b,ec4608a1f76453166bb312b2968aeaf4,2017-11-22 22:30:52,35.99,0.03
780d06f3d4a6cf29181986194b9c23bd,1,a5f51ebc52e3337c55235f2e9d3e3acc,0adac9fbd9a2b63cccaac4f8756c1ca8,2017-04-07 11:02:43,76.90,14.71
7818864c8604b6c6114235d245908ad6,1,6adab229374835b551f6402e0dc53267,f8db351d8c4c4c22c6835c19a46f01b0,2018-03-08 09:08:35,45.90,34.15
78319eed3d0e14a32693dcb23db4c0d6,1,c1f5307decb89342351bec53668cffd9,ea8482cd71df3c1969d7b9473ff13abc,2018-04-18 15:35:25,29.99,12.79
7844d2f4784ca5e03bf47dd1ac050bc2,1,b571def4f66990cf63527c1d81874b2d,6b3bd31ad8fcda4b2635ec9f3ff2ecdf,2018-08-13 13:10:26,25.90,8.52
7844d2f4784ca5e03bf47dd1ac050bc2,2,b571def4f66990cf63527c1d81874b2d,6b3bd31ad8fcda4b2635ec9f3ff2ecdf,2018-08-13 13:10:26,25.90,8.52
785b7455ab5bec2f5e04de3cf829209d,1,8db4ee0e7e76083bd7d2d8ba3085b3a2,ececbfcff9804a2d6b40f589df8eef2b,2017-12-07 19:33:52,27.99,15.10
785ceb77eb42e247a85b8e65c7724ac8,1,fbce4c4cb307679d89a3bf3d3bb353b9,c33847515fa6305ce6feb1e818569f13,2018-06-05 22:55:25,129.00,22.61
785e5848b43e60ee92f14e0e20dca105,1,5a09313e3a42d69ab0b9fe5cb5e45341,f262cbc1c910c83959f849465454ddd3,2018-03-30 16:30:23,14.99,7.39
78a1892a741bea2ea3695fe515c811f7,1,0b0172eb0fd18479d29c3bc122c058c2,5656537e588803a555b8eb41f07a944b,2018-02-08 14:51:44,24.89,8.11
78af4d32fa98a1435686699030cbc1bf,1,417d9668b1146c16947abb8c344996e8,d50d79cb34e38265a8649c383dcffd48,2017-09-13 02:55:23,93.99,15.42
78b9793627cb45328b53a69cc525fd22,1,715c4b03fc180db258f11f6808749674,abe42c5d03695b4257b5c6cbf4e6784e,2018-05-04 12:30:35,169.00,19.06
78d1ad5b65aecc8f61c0fab7b28e8281,1,2edc5e6012ad882462d116ed5a9e3085,c4fabeea6e569d42d02993bb1f4f1cbc,2018-03-27 11:55:49,99.90,27.25
78dd421c4700121100bb1297168a05d6,1,cd46a885543f0e169a49f1eb25c04e43,710e3548e02bc1d2831dfc4f1b5b14d4,2018-02-15 17:27:27,99.99,14.43
78dec59f50d90e8c0cb22eff4dac7b07,1,54b755678728b84472c2b654ac4de777,a3dd39f583bc80bd8c5901c95878921e,2017-08-29 08:45:37,53.89,21.18
78e2e121092766f1dd16d8570944bca0,1,1b58ea6b563c9841db97e6923d18cc69,7a67c85e85bb2ce8582c35f2203ad736,2018-08-13 15:25:13,59.99,18.22
78e9bbe6fc21f7945284233b6be94154,1,746d236f81b4ae9d259030ace2833590,6ec1a01e866584bb679eb9b098345919,2018-02-14 11:50:35,199.99,18.65
78ed31442f1dba103a38d372eff51503,1,422879e10f46682990de24d770e7f83d,1f50f920176fa81dab994f9023523100,2017-08-22 02:45:07,59.90,17.67
78f08da30e84bed8ec2f91fa7566d314,1,28a652ff04e43c1bc57937a9f8770f9b,3d871de0142ce09b7081e2b9d1733cb1,2017-07-31 21:45:15,95.00,16.43
790512cc033ced5f8fe1f9158eb8f2fe,1,59f09deeea7c839a9212a19f3416b892,729f06993dac8e860d4f02d7088ca48a,2018-03-06 22:47:44,379.90,124.45
790d7fdb41e9a2457520208c7a7eb0ca,1,fb1c85ab4adb8f0fd63d3e2156e51f4b,3fd1e727ba94cfe122d165e176ce7967,2018-01-19 10:30:28,59.90,15.17
79177aaac7c3c0dd8e8a84db027512a4,1,550dc4417c636abc04c71404342de695,25c5c91f63607446a97b143d2d535d31,2017-10-25 03:15:05,149.89,18.30
79177aaac7c3c0dd8e8a84db027512a4,2,550dc4417c636abc04c71404342de695,25c5c91f63607446a97b143d2d535d31,2017-10-25 03:15:05,149.89,18.30
7937987ff13bd22aa39304d525e1eafe,1,6eea749bfe9c1ab74295bad84d786e06,7e93a43ef30c4f03f38b393420bc753a,2017-11-30 13:16:26,899.00,22.05
793a100cf28df6888d0a77ae91032263,1,64e77a6fb5b8e01019106773518b5a71,3d871de0142ce09b7081e2b9d1733cb1,2018-03-21 10:30:43,109.00,14.85
793c97a0188117b9b0aad84f6cc8883e,1,2ffdf10e724b958c0f7ea69e97d32f64,4869f7a5dfa277a7dca6462dcf3b52b2,2018-04-20 16:30:54,209.00,13.90
7940121491c0b1c3b7dae6f2b1f77e4b,1,dd4c3b4ab7e001aaf385ea2e68952030,d673a59aac7a70d8b01e6902bf090a11,2018-02-13 02:55:55,29.90,15.10
7960d74e96a2fc6a608c4bb2d622f456,1,b5aebb467d9a92162173cbd234e00d99,d9e8c084b68fe958861d8f2c21202e6b,2018-07-26 16:25:22,35.00,9.00
7960d74e96a2fc6a608c4bb2d622f456,2,b5aebb467d9a92162173cbd234e00d99,d9e8c084b68fe958861d8f2c21202e6b,2018-07-26 16:25:22,35.00,9.00
7977e42154b045239288569dc9336adc,1,ec2d43cc59763ec91694573b31f1c29a,1c129092bf23f28a5930387c980c0dfc,2017-11-30 14:55:57,39.50,16.29
7977e42154b045239288569dc9336adc,2,665aa1d687284a4d2d2b74c0c6724625,8160255418d5aaa7dbdc9f4c64ebda44,2017-11-30 14:55:57,99.90,16.28
7991b363c057a520b3ffa9dd2919cff5,1,2028bf1b01cafb2d2b1901fca4083222,cc419e0650a3c5ba77189a1882b7556a,2018-02-07 21:55:31,56.99,11.90
799e53347e276d82f68872b6741bf731,1,811f973313e8219988a69cc140c447f0,dd2bdf855a9172734fbc3744021ae9b9,2017-09-28 18:30:09,99.90,16.95
79a29a6cac0403ad0d0b5390f5bbf1fa,1,c2849941c090e1ee1732b25aaf01b397,4869f7a5dfa277a7dca6462dcf3b52b2,2018-08-03 17:15:18,294.90,14.72
79b15d097ccbb1f4c75763ad07a8d543,1,381169576b9f3c083a1c3261da161a3b,8c16d1f32a54d92897cc437244442e1b,2017-02-18 19:49:42,46.86,14.52
79b5579acdaecb745610365f3f181fce,1,be0e6c61c2bcdd9a4d022ba67fd66189,e62b2d6ac10570a035a30bafcf01d263,2018-02-13 23:10:25,65.90,11.73
79b64ea5b697b2e014789fe969dd50a0,1,7600ad0c8b6aec897862eb7944ae0856,bfd27a966d91cfaafdb25d076585f0da,2017-05-29 10:35:14,189.00,17.08
79e5ae80172f5697f2402439382f2d77,1,af51d485dc5255ba2e18b21b550156e6,5dceca129747e92ff8ef7a997dc4f8ca,2017-08-14 10:43:28,289.90,70.39
79e6c42fdba43c9005ec3407a878e1b5,1,d1c427060a0f73f6b889a5c7c61f2ac4,a1043bafd471dff536d0c462352beb48,2018-02-28 12:01:28,149.00,40.37
79e843f791612177a6bb9f948f96f904,1,75fd4b482095ed05dd23030260e65300,5dceca129747e92ff8ef7a997dc4f8ca,2018-06-22 16:31:12,69.90,13.79
79f7d697719bb0bd65cf1a1c5fc67348,1,97478538ef6ed323f4ed85e2139d4a24,951e8cef368f09bb3f3d03c00ca4702c,2018-06-12 17:30:33,105.99,18.62
7a00da9515dc144e302458e696d61943,1,0c5bb07e9638a9c1f2616db08eb0318f,7299e27ed73d2ad986de7f7c77d919fa,2018-01-23 13:50:06,200.00,16.15
7a04f1c505fcb55b00384ea037f73f24,1,f0f9486bd96130088e93b7a3b3c08ebc,1bb2bdb95f4841f1bba2c0d2cd83d3c9,2018-08-15 15:10:17,44.95,7.58
7a0698ce87fc4cd3e171e7361f0bc0b5,1,88fb259945a739dec6cdd001e2cbad55,634964b17796e64304cadf1ad3050fb7,2018-06-26 13:21:08,120.00,18.94
7a06f1e596e63eac60cd9f3085ea501f,1,e2bb00220a167d9e60b6776ac33717bc,6560211a19b47992c3666cc44a7e94c0,2018-02-23 19:07:23,56.00,11.89
7a2a2633b023ac3ee1dc583d44181b2a,1,3ff3656bf4f81c36e63687fefe2ecca7,157c3e4b42f81ac4a44e8b1ca2fe9876,2018-08-30 11:50:15,67.50,21.11
7a422b767b8a7f3738b95534a89f534c,1,2f13d1dc8b4e1d9d8027be50339546a9,1025f0e2d44d7041d6cf58b6550e0bfa,2018-06-20 13:20:14,105.00,18.54
7a485479dbdf94502e471dbd3329a4e4,1,fc8595227785863846b7daa2ae3f2c9b,db2956745b3a8e9f3785c99f34b5d25e,2018-08-21 17:25:14,139.00,19.07
7a485479dbdf94502e471dbd3329a4e4,2,fc8595227785863846b7daa2ae3f2c9b,db2956745b3a8e9f3785c99f34b5d25e,2018-08-21 17:25:14,139.00,19.07
7a490afdd127d5a584b98fd097425124,1,99a4788cb24856965c36a24e339b6058,4a3ca9315b744ce9f8e9374361493884,2017-06-14 23:22:38,89.90,17.88
7a502e545ea55a7ff2a035abd83c6d84,1,2bb11ef7e7d20cb8a80932979464e7ce,0725b8c0f3f906e58f70cbe76b7c748c,2017-03-28 10:34:48,34.07,18.94
7a502e545ea55a7ff2a035abd83c6d84,2,2bb11ef7e7d20cb8a80932979464e7ce,0725b8c0f3f906e58f70cbe76b7c748c,2017-03-28 10:34:48,34.07,18.94
7a502e545ea55a7ff2a035abd83c6d84,3,2bb11ef7e7d20cb8a80932979464e7ce,0725b8c0f3f906e58f70cbe76b7c748c,2017-03-28 10:34:48,34.07,18.94
7a5941b80b56b7d80e8e695e1c88eed4,1,0ecad0adea69d2b6331c84db4876d15f,f41ce2e25237f9092cd8e6e7516c7a2f,2017-12-14 11:52:59,38.00,11.85
7a727e7d4fd27ecc265e8415030811c5,1,422879e10f46682990de24d770e7f83d,1f50f920176fa81dab994f9023523100,2017-06-06 06:55:34,59.90,17.67
7a76b222b6be79748cd291410b57c160,1,bdc3291ab242ec1effc8eb0987850268,dbd66278cbfe1aa1000f90a217ca4695,2018-05-15 19:56:47,26.90,8.29
7a76b222b6be79748cd291410b57c160,2,bdc3291ab242ec1effc8eb0987850268,dbd66278cbfe1aa1000f90a217ca4695,2018-05-15 19:56:47,26.90,8.29
7a76fba56e5e78997c15b4e7a3a7e760,1,9e10ae46a3021a02f1692448ef9fa1db,8b28d096634035667e8263d57ba3368c,2017-09-29 17:44:42,37.90,15.10
7a94606a015a9feffa3b4ac23e84d132,1,b99e4f4fa3f421e0ffbd512d9f152dec,128639473a139ac0f3e5f5ade55873a5,2018-02-06 13:31:08,19.90,12.48
7aad0379bac4fe5dcb0a97650eaf957d,1,9b37a918bcf2c8e1064e867cf1df4637,f27e33c6d29b5138fa9967bcd445b6d5,2017-11-03 02:50:13,34.90,16.11
7aaf9721911fe977bb8e6640c442aeb4,1,3931aaf38ba4cc928100541ff51b82ff,9f505651f4a6abe901a56cdc21508025,2018-04-19 02:31:34,129.00,19.59
7ab1a9babde2a1355e3075d07ea895e3,1,bdc3291ab242ec1effc8eb0987850268,dbd66278cbfe1aa1000f90a217ca4695,2018-05-17 04:30:40,26.90,8.29
7ab31af36d3bbf466b048fe0e1dd0dde,1,0d12d1b700e15453260b6cbc961c04e8,6a8b085f816a1f75f92dbac6eb545f8f,2018-03-12 04:30:21,16.90,12.79
7ab608f5a744c8f9c9c449fe54de96de,1,11a0fdc4251f15bb96dbfff7ef5475eb,77530e9772f57a62c906e1c21538ab82,2018-04-10 20:08:44,299.00,25.74
7ad9577a964cfb13c1f4875c1fd025ff,1,978859c6048ded0fa8bf3b9ea8236387,813348c996469b40f2e028d5429d3495,2017-11-09 02:16:00,15.30,11.85
7aeba3591c40b6adabbaa598d84ea144,1,eddecafe978fc89774f82f552197bb08,d93b8458c6fe139d85cfa5eadbf55bd2,2017-11-23 19:46:18,19.90,14.10
7aec7aea70b4d42cdb349810c4475051,1,a6a5c394a9908ba4b34f50ce6bbb3465,77530e9772f57a62c906e1c21538ab82,2017-11-16 02:50:35,49.00,15.10
7b039bcfd98f73afd5973f8ba56c5987,1,e247f48915b89b25f03d91a433495640,cab85505710c7cb9b720bceb52b01cee,2017-12-01 15:58:53,49.90,21.15
7b1250fe66e9056df3b6eeb2659dfb22,1,9bb8ca338e5588c361e34eae02e8fad6,620c87c171fb2a6dd6e8bb4dec959fc6,2018-02-13 17:52:13,59.90,17.67
7b186487147f406839316cb0a719d4b1,1,b5c4b2c6b8c342b7740e46797bec3ef1,39a5005f2605cbdb4f9ac14485cabfd1,2018-08-09 06:15:13,42.01,19.48
7b186487147f406839316cb0a719d4b1,2,b5c4b2c6b8c342b7740e46797bec3ef1,39a5005f2605cbdb4f9ac14485cabfd1,2018-08-09 06:15:13,42.01,19.48
7b186487147f406839316cb0a719d4b1,3,b5c4b2c6b8c342b7740e46797bec3ef1,39a5005f2605cbdb4f9ac14485cabfd1,2018-08-09 06:15:13,42.01,19.48
7b186487147f406839316cb0a719d4b1,4,b5c4b2c6b8c342b7740e46797bec3ef1,39a5005f2605cbdb4f9ac14485cabfd1,2018-08-09 06:15:13,42.01,19.48
7b186487147f406839316cb0a719d4b1,5,b5c4b2c6b8c342b7740e46797bec3ef1,39a5005f2605cbdb4f9ac14485cabfd1,2018-08-09 06:15:13,42.01,19.48
7b186487147f406839316cb0a719d4b1,6,b5c4b2c6b8c342b7740e46797bec3ef1,39a5005f2605cbdb4f9ac14485cabfd1,2018-08-09 06:15:13,42.01,19.48
7b1e7ecf29040bd9581a1577a522548d,1,06dce482ace017e78349b6f1fa83a022,f7ccf836d21b2fb1de37564105216cc1,2018-04-30 18:30:57,39.00,12.79
7b1e7ecf29040bd9581a1577a522548d,2,730937a8c78836ad923291765cbd8b38,f7ccf836d21b2fb1de37564105216cc1,2018-04-30 18:30:57,39.00,12.79
7b29aa7d6508036d7400781ca593b58f,1,f177b434709ecb652dbee4f4b19aef2f,d98eec89afa3380e14463da2aabaea72,2017-06-01 02:42:34,24.99,15.79
7b3821e2a5cb30052dde08403418c349,1,ed4eef5d2197b2950e6eec648488909d,271c58a1d139c45eaf3316107c6d3a3b,2018-05-15 11:55:25,99.99,16.67
7b42f564d505ea0c0783bb273062ca8b,1,0ecade74f3c3fb56a9256d425e7d535c,85d9eb9ddc5d00ca9336a2219c97bb13,2017-11-29 09:15:55,27.90,21.15
7b539e31732dcb7e50afa35e6042717b,1,882ae61d3259507f5c3ce5313f433651,e5a3438891c0bfdb9394643f95273d8e,2018-01-23 14:52:31,55.30,15.14
7b5b2437395186ef1d461d39bdee1621,1,d3060c543b1b88a647cc284ed7a9dd4a,f67efa3f0b6761102a7f8c6b7b571f5d,2017-02-17 19:26:29,109.99,20.26
7b6900f9a0d0ecc69d4ac5bdc8b3ffd3,1,0081787b18cce4acc2d1adec4520d7ba,71592660bbcb6a4664e97b6f8b68babc,2018-03-12 11:15:35,521.90,26.52
7b75f8f560e99f2ae0446d1369bf2ebf,1,e03102efbc2229024c89be731f0aedcb,2c9e548be18521d1c43cde1c582c6de8,2018-01-12 16:54:51,39.90,9.34
7b7aa18c12be9bec06ecb74c33609bcf,1,11dc4053871ff53ff79fb1fc7e6b160f,b1ac6ea7895bc3dd6f0f6f4abbdd2821,2017-06-29 14:55:21,99.00,21.09
7b7d41ed4a08974cabec08405b527b18,1,bff799c85e5634f63ec5c505220d1cde,fd386aa7bed2af3c7035c65506c9b4a3,2018-07-17 14:26:09,39.00,18.37
7b80eb102c74259844e5a4fc17cc7c26,1,5328338cfaa16ba10561cd970c73ca11,12b9676b00f60f3b700e83af21824c0e,2017-11-01 10:46:25,199.00,29.79
7b9783133bb4a92b0c131b1b4f7657ea,1,43cc8e4d981bc04b9d78b12e8a908d41,6061155addc1e54b4cfb51c1c2a32ad8,2018-08-14 03:05:10,1240.00,72.67
7b9c0feafeaa7c82184c86177f18b4e6,1,31639956e7fac87ecfd9d608040638bd,aac29b1b99776be73c3049939652091d,2017-09-13 12:55:13,70.90,26.82
7bbc66a921e0671f689e2bb419d3cf09,1,d017a2151d543a9885604dc62a3d9dcc,6560211a19b47992c3666cc44a7e94c0,2018-03-27 11:55:44,49.00,7.39
7bda7fb1e596f90f607376af2ca647cd,1,8ac47b3ab13c68f49f10dde899674149,ba143b05f0110f0dc71ad71b4466ce92,2018-07-19 17:31:37,83.99,12.89
7be3bc8a993254a45f536cd9b418f275,1,72f78c618c8f81c2b8f0ffd2a51293b4,f8db351d8c4c4c22c6835c19a46f01b0,2018-07-31 02:45:21,74.90,11.54
7beece85fb714c481300a516c9fb1ade,1,83ecdffd5afc36321b868838c447c44e,1f1bb1f0859883505541bdd6606193e5,2018-05-18 07:52:13,599.00,22.07
7c0a8e739e7de73b6258885fc6fc32d1,1,054515fd15bc1a2029f10de97ffa9120,e9779976487b77c6d4ac45f75ec7afe9,2018-07-26 18:30:15,43.00,8.04
7c1c60f422c242e539075d9b9edca95c,1,d55d2479e56093f23ebcf313ceb3bcfe,2138ccb85b11a4ec1e37afbd1c8eda1f,2018-05-21 07:55:08,39.99,15.23
7c1c60f422c242e539075d9b9edca95c,2,d55d2479e56093f23ebcf313ceb3bcfe,2138ccb85b11a4ec1e37afbd1c8eda1f,2018-05-21 07:55:08,39.99,15.23
7c28cd51bc7b7b5b8e81ae0bb7f17340,1,5a4ec7366f4a5fddd269c4d9a047c6c3,2a1348e9addc1af5aaa619b1a3679d6b,2017-01-29 18:55:31,16.90,10.96
7c333b73033a5b03379b9587a92685dd,1,06f0e85c7892d5df893f332706340af1,3d871de0142ce09b7081e2b9d1733cb1,2017-11-30 11:14:56,179.00,57.92
7c333b73033a5b03379b9587a92685dd,2,06f0e85c7892d5df893f332706340af1,3d871de0142ce09b7081e2b9d1733cb1,2017-11-30 11:14:56,179.00,57.92
7c4281b08578a1e5e13e56814b3c6123,1,3458b4c1fcbe46e2eedb48e00960a60e,cfb1a033743668a192316f3c6d1d2671,2017-07-25 14:15:18,157.00,18.00
7c6a400b3bbaff6cff070e8c6cdd17aa,1,19c91ef95d509ea33eda93495c4d3481,06a2c3af7b3aee5d69171b0e14f0ee87,2018-05-16 03:36:58,119.99,39.61
7c6de5f0eea0d2f823e3dc3dc6e3ef4c,1,cee13c9267bd4ee40fed850b5a4ecfa6,f789d2c4f2c2eb38fc4373e7a4b35264,2018-04-05 13:10:10,59.99,8.43
7c6de5f0eea0d2f823e3dc3dc6e3ef4c,2,fcf6ad274391aea29f5d6e5ef9da5050,5cf13accae3222c70a9cac40818ae839,2018-04-05 13:10:10,89.70,23.61
7c71c859e83e35ab16a4bd8c418a5cb8,1,0e2d365a247d105fefc31b17ab8706d9,ef0ace09169ac090589d85746e3e036f,2018-03-05 00:30:42,119.90,15.59
7c91c3456c73201bef537307835f6ac4,1,a78e2e8f49106bb2123fe7541fa86640,ea8482cd71df3c1969d7b9473ff13abc,2017-10-26 07:45:15,21.99,7.78
7c921161980003eac272f619f2fa5776,1,2a4d7470cdcf5e02f7ad83e56971bb80,e067ad2c1c0b48758eb1b5228bcf7a68,2017-08-23 00:30:16,115.90,53.41
7cab0843cb15d0cab47c402e5ec63d22,1,13da041c237c948a2d42da8bcd7c329d,d93919c944be9cff128f6c9cb899eacb,2018-07-30 14:50:22,79.90,35.91
7cb5fd41ca3412b19772e1cbfd716952,1,a646939770b864f77ca0e16b99a8f526,c37b2059d4f90d4feead554e5246565e,2017-12-08 16:06:16,54.00,14.13
7cba85540e273d2d75f23ee6e88c3214,1,53b36df67ebb7c41585e8d54d6772e08,4869f7a5dfa277a7dca6462dcf3b52b2,2018-04-26 21:30:53,106.90,0.00
7cd7446904e8e1b7bf7ca80444f1dffa,1,cf67ebdec22e11186b2129b5852f981b,c8b0e2b0a7095e5d8219575d5e7e1181,2017-08-31 18:41:25,169.99,16.95
7cd9f4c5a26e353b50e10cc165ef40d2,1,c50ca07e9e4db9ea5011f06802c0aea0,9b013e03b2ab786505a1d3b5c0756754,2018-07-05 02:53:16,15.49,7.39
7cd9f4c5a26e353b50e10cc165ef40d2,2,c50ca07e9e4db9ea5011f06802c0aea0,9b013e03b2ab786505a1d3b5c0756754,2018-07-05 02:53:16,15.49,7.39
7cd9f4c5a26e353b50e10cc165ef40d2,3,c50ca07e9e4db9ea5011f06802c0aea0,9b013e03b2ab786505a1d3b5c0756754,2018-07-05 02:53:16,15.49,7.39
7cdaa17ad10c7724ac707e1a2fd3a3ae,1,8b50a72d52d7a91fb19d19fbe069e2f2,9f505651f4a6abe901a56cdc21508025,2018-03-28 14:11:50,44.99,7.39
7ced17eac048bb56b535174eae0bcb7d,1,7340a3839a1de1e99d149b8cf052a2ec,4a3ca9315b744ce9f8e9374361493884,2017-05-11 17:55:19,69.90,16.25
7cf743c2c2f5595bf3780b5b379cbab5,1,58f82cc5bebd588e5cde0b3a89059da6,9f505651f4a6abe901a56cdc21508025,2018-04-12 09:09:18,79.00,15.43
7cfdf7265c9572fc7b7cbd3b9cc438b7,1,bdef7736f61a507f68b31bd86ddaf69d,3db66a856d18a9cba7c9241fc5221c50,2018-08-27 12:30:56,69.90,19.25
7cfdf7265c9572fc7b7cbd3b9cc438b7,2,17e18b0c88a853dd6de3e48a7cfa9d9a,cee48807215b30a12ca2ca10ffb5f250,2018-09-14 12:30:56,20.00,19.25
7d0a48a75ea94fb27cbb514b6bd406b4,1,1166bc797ddf5fb009c376d133f61204,5cbbd5a299cab112b7bf23862255e43e,2018-06-06 14:15:10,59.20,19.38
7d0c53f67b84e94a751d09f03fe58e99,1,f2d649f157cebee085ed738f23d5d6b7,d673a59aac7a70d8b01e6902bf090a11,2018-08-07 20:44:07,29.99,18.31
7d0c53f67b84e94a751d09f03fe58e99,2,f2d649f157cebee085ed738f23d5d6b7,d673a59aac7a70d8b01e6902bf090a11,2018-08-07 20:44:07,29.99,18.31
7d2e63c38de7969859ec3eee027b043f,1,5c2696e18040dd69ca61f8f7c4207114,da8622b14eb17ae2831f4ac5b9dab84a,2018-08-01 18:55:16,219.90,13.84
7d3ee0bd440416eb22946dad24f7e4c2,1,1a96bfd3ef9221f2775d1eccd98a7f17,f8db351d8c4c4c22c6835c19a46f01b0,2018-07-11 08:30:11,22.90,7.90
7d49a1c0abbfb267942abc717ed81422,1,d1b14769ad38ee9ef08409cc3ecbb778,83353a83fd769dfafa4f21a72b15e3e5,2017-12-19 18:10:43,69.90,20.98
7d5ab17890987effd9d8a3224a8935fa,1,21a95b5525c6d658ff4e5e1b50f7c02d,f615fe7efbef0f4f08fd3086bc7a3e60,2017-07-28 13:02:54,119.90,16.60
7d5f037cd90e278069b2d0fd0d060543,1,566a4f2c4385f36d15c00dfcaae132d1,8b321bb669392f5163d04c59e235e066,2018-04-17 05:50:42,21.90,15.23
7d69596773fda163751de780f18ad9f3,1,63649d34b09e8bbcc41a6e770d9be55d,99002261c568a84cce14d43fcffb43ea,2018-03-22 14:55:24,125.00,46.22
7d962b9178f5ecd3d31dd69811311e65,1,ec2d43cc59763ec91694573b31f1c29a,1c129092bf23f28a5930387c980c0dfc,2017-10-18 23:07:09,45.90,15.11
7d962b9178f5ecd3d31dd69811311e65,2,ec2d43cc59763ec91694573b31f1c29a,1c129092bf23f28a5930387c980c0dfc,2017-10-18 23:07:09,45.90,15.11
7d962b9178f5ecd3d31dd69811311e65,3,ec2d43cc59763ec91694573b31f1c29a,1c129092bf23f28a5930387c980c0dfc,2017-10-18 23:07:09,45.90,15.11
7d9ccfd5b1183560523d8351e2e22aa2,1,29427de7f8a9ee983d9dbc51cec569b4,7a67c85e85bb2ce8582c35f2203ad736,2017-09-25 23:10:22,99.99,16.95
7d9ce17cffaae5fd7a74b0b5621f7ee4,1,d7d5562fce331ad958ca6f57057b3526,7a67c85e85bb2ce8582c35f2203ad736,2017-07-18 12:30:11,59.99,11.73
7d9dad1ac923f80a77b7a8fdd10a7201,1,abad2a82d0a25653323cec918ba3e54c,900ba814c251a692506d7834c1218441,2018-03-29 16:15:30,141.64,13.70
7dc8379a32999985a71e0653836c7f91,1,f00f7669eb9a3712d500fe96759bb02b,ff063b022a9a0aab91bad2c9088760b7,2018-06-13 23:35:54,75.00,11.55
7dc8487f60263dbf289600757f5c6f99,1,154e7e31ebfa092203795c972e5804a6,cc419e0650a3c5ba77189a1882b7556a,2017-05-31 22:30:16,19.99,17.63
7dcc6df2be2e64c78a83397fceadea30,1,fdc1340be043a0e6807741d687fc1cd4,fa1c13f2614d7b5c4749cbc52fecda94,2018-01-02 14:37:27,149.80,8.30
7de03e8d15c7de252f740627b5f666a0,1,d66c729cd3b64c98515a18898c6b65c3,d91fb3b7d041e83b64a00a3edfb37e4f,2017-08-01 15:30:21,19.90,11.85
7dfbacd668c23f1d45720c457f2aaa70,1,4ddaadd618ebc681d6730057c360ab8e,aafe36600ce604f205b86b5084d3d767,2017-06-02 11:02:25,110.00,19.01
7e028aff656f744dceb30501de14ddd7,1,3b60d513e90300a4e9833e5cda1f1d61,c826c40d7b19f62a09e2d7c5e7295ee2,2018-02-28 23:10:28,159.77,15.88
7e39c7f737bbf597868c912bb9d2bb48,1,54d9ac713e253fa1fae9c8003b011c2a,955fee9216a65b617aa5c0531780ce60,2018-01-17 13:38:24,29.50,13.08
7e3df478d7ab6ef28c022acd6bc4df2f,1,56a332a91c4fb30091bc24e82ecbea29,13f57c12a00ed4610db646b913a7f5c6,2018-02-06 14:50:10,37.90,8.30
7e3df478d7ab6ef28c022acd6bc4df2f,2,4bbaec4be577b56985a8fef3237b7551,13f57c12a00ed4610db646b913a7f5c6,2018-02-06 14:50:10,84.00,8.30
7e460703dd3adb450213b20170a237f6,1,9b1e33523029f6bde0a3fbe99d793cf4,3e8bd881d92466e63ba9e3e809cd3c50,2018-03-08 13:29:23,34.90,12.35
7e491390b96f345321d7c43a4acfcc40,1,e80898f7fa43bab01ca59564aa5f1bb0,f262cbc1c910c83959f849465454ddd3,2018-02-14 13:48:17,44.99,11.85
7e5821896794f7ee1e792ef610915f78,1,cffa43acc63e8225bb6889f3c3bd74e3,cbd996ad3c1b7dc71fd0e5f5df9087e2,2017-09-21 03:26:00,35.79,15.10
7e64edc21c29eb4ab27967e6462683b3,1,edd087ed331c3ce178ec3489b9ecf117,1bb2bdb95f4841f1bba2c0d2cd83d3c9,2018-06-28 17:00:59,274.95,14.23
7ea599036acba8c4d180c9e2bedc6e9f,1,057229db0353dff9e12e298e8f6429b9,4b0fdb526525f9890eb145bf1534640e,2018-05-21 00:55:24,129.90,15.00
7eb2b4aee9ff7ba835df2aed76fb9c4b,1,905434463b9e660873f4c2833b75ae07,232a6014e7b10cba61c6c2b2ea6bb4b0,2018-01-30 23:16:07,196.80,58.90
7eb947ee7c01b2d8872bc456302687ac,1,4945f34d8df378693f6b84c437b414dc,0241d4d5d36f10f80c644447315af0bd,2018-02-12 04:31:35,199.00,27.71
7ec00b7266a2e8826ba86a7509fb7939,1,b4b48db403b9792d92330c4a79262763,79ebd9a61bac3eaf882805ed4ecfa12a,2018-07-05 09:51:09,129.90,43.71
7ec740ecb9d6f73b2e80bbc93dd784ca,1,96d80c8b6c6545a30eb5bdc4961455f3,c9c7905cffc4ef9ff9f113554423e671,2018-05-14 20:31:11,119.99,7.70
7ecfe10bb4477fa530dbbcca49916468,1,6421588f55f75de28cb3357e07723d14,1900267e848ceeba8fa32d80c1a5f5a8,2018-04-19 13:30:47,69.00,13.53
7ecfe10bb4477fa530dbbcca49916468,2,7efd7d1a1a985eae9fecdb134fd657d3,a673821011d0cec28146ea42f5ab767f,2018-04-25 13:30:47,69.90,12.18
7ede340903c485e891cba5b1064ecf5c,1,c6dd917a0be2a704582055949915ab32,7a67c85e85bb2ce8582c35f2203ad736,2018-04-24 10:11:07,89.99,23.21
7ede7940d99eca2cca79e5120a63f3f3,1,7dd3fec3502f7ef333da2a73e00db394,fe2032dab1a61af8794248c8196565c9,2018-01-04 23:38:20,277.00,16.70
7eee039d49ee815e69350a021cae95fc,1,b03f486273ee4263286c00383ef34f37,656591be56071d4c9ef4e5fee78a578a,2017-05-04 06:35:32,95.00,22.00
7eee039d49ee815e69350a021cae95fc,2,b03f486273ee4263286c00383ef34f37,656591be56071d4c9ef4e5fee78a578a,2017-05-04 06:35:32,95.00,22.00
7ef3a4439f550deadd7bc3891b2f6242,1,991dc21288b4d582f86f85f7af02aba5,1dfe5347016252a7884b694d4f10f5c4,2017-11-09 14:46:03,60.00,12.76
7f02d70013ec3fbf6a7f5791f936d832,1,18661ef1d69f1bd07e334d1fc498d40d,ebd2d60905fb58271facef5596b620d3,2018-05-10 20:54:51,19.90,13.14
7f02d70013ec3fbf6a7f5791f936d832,2,9b056287fe05c2dfb1394ff376621eca,ebd2d60905fb58271facef5596b620d3,2018-05-10 20:54:51,60.00,13.14
7f02d70013ec3fbf6a7f5791f936d832,3,1a4247b6eddc27c68f7995dcc68b01e2,ebd2d60905fb58271facef5596b620d3,2018-05-10 20:54:51,58.00,13.14
7f1e6c8280634faf3e57ac93f781b98b,1,11fd9d7ba552e1d28872e008acf1e050,cb8bcce248bb1fb274ba762d8b971456,2017-06-19 13:15:16,139.90,15.73
7f3572310e595ebd4a32c7124b1d9766,1,921d31a1daa51460b7a95ea5f3ab64d5,0df3984f9dfb3d49ac6366acbd3bbb85,2018-02-28 13:28:22,88.90,12.75
7f36414d61095a13bb7965c9dcebef06,1,5956cad5849f642bfdf5d50303952beb,4d6d651bd7684af3fffabd5f08d12e5a,2018-05-10 13:50:08,249.90,14.19
7f73071c538cbb2b10e41a3041db481d,1,83e5adb51c0d54eff80057f064f808d2,e8b3a3a38279a82f0e5d006d5e5b7d2c,2018-03-12 21:15:40,164.90,47.68
7f8627b25121727150b46207617a168a,1,4fad4b56635e58d6f0534f39b5614512,63272377184e969942f7fff221be858d,2017-05-24 22:55:18,79.80,39.49
7fa917593c3ed7bd80f35dcb6e1aefbb,1,3795823a832215210d81bb4f8fafc95b,85d9eb9ddc5d00ca9336a2219c97bb13,2017-10-09 10:30:19,31.90,12.48
7fb9a8071a075a78c82420971e66dd77,1,5fb0955cb683eb6f65a1f613e502eef5,6bd69102ab48df500790a8cecfc285c2,2018-01-10 16:56:25,1330.00,24.06
7fbe250d2d22b8976024eee98fef9cef,1,a59fb60fddcc72a9878b7ed5cb69d8e4,7040e82f899a04d1b434b795a43b4617,2018-06-29 13:58:44,14.90,15.23
7fbe250d2d22b8976024eee98fef9cef,2,a59fb60fddcc72a9878b7ed5cb69d8e4,7040e82f899a04d1b434b795a43b4617,2018-06-29 13:58:44,14.90,15.23
7fc163ae2a200d57c1118812221bcf8e,1,4e6506f33f7d3a6b813c618ccedb8270,cac4c8e7b1ca6252d8f20b2fc1a2e4af,2018-08-08 13:10:20,29.99,8.96
80000ae9d118d79953522e35cce34f13,1,a95c77f369c8486c3ca5d101c49be836,30a2f535bb48308f991d0b9ad4a8c4bb,2017-03-03 11:45:10,49.90,10.96
80000ae9d118d79953522e35cce34f13,2,a95c77f369c8486c3ca5d101c49be836,30a2f535bb48308f991d0b9ad4a8c4bb,2017-03-03 11:45:10,49.90,10.96
800ebc071b1dcbab630e96af15a7a1ef,1,97c2f81082289198f18c18dd5d936971,a3e9a2c700480d9bb01fba070ba80a0e,2017-05-29 04:10:26,210.00,115.12
8013932c4c00036478bea6424e783117,1,d0fe4295267f15ccaceac4fb233d8c9a,0db783cfcd3b73998abc6e10e59a102f,2018-03-01 02:10:52,44.90,15.10
80234ed83f65ba58f3424c43b86f8bd3,1,6fd08d44046ab994b96ff38ad6fcfba1,768a86e36ad6aae3d03ee3c6433d61df,2018-08-28 03:15:18,27.00,8.35
802a16d8b5c3a74a38cf9216f429c469,1,b70722d88b1dddd6ecbb159db90faf61,a218df5c097b0ca409cfaac1488cc7f6,2018-05-30 18:31:31,14.90,12.79
802d0f108d32ef094401c8cd4e965680,1,fe7f10e5c9d36a294333b0c35ccc24ad,cc63f0dd2acba93ffed4fe9f8e0321fa,2018-05-28 23:17:56,85.50,23.18
803d9be249d7c523418ceffa07d99724,1,02a97df83a8a100c7d2b14a02aea6a3d,620c87c171fb2a6dd6e8bb4dec959fc6,2018-06-22 11:19:46,69.90,8.82
8046235d64b3479dfce835281a85c0d6,1,856b55eef75569bf5ec655e857bf84f7,955fee9216a65b617aa5c0531780ce60,2018-03-07 21:35:29,36.00,15.10
8051026f0cea5b93df6bf42cdf1aaa74,1,67eadd97b6db18d9681c7939c91c98e3,271b8923c6a549e02d3c9fd1f8c0422b,2018-08-07 02:45:17,105.19,13.40
805610c9f9b57b3900d462627b7ce062,1,00ba6d766f0b1d7b78a5ce3e1e033263,53e4c6e0f4312d4d2107a8c9cddf45cd,2017-06-12 12:42:06,47.99,16.11
8057ce8ffded1481446ada68f97941d6,1,f80214fd7d681d1dcf12b3acaf4f0da7,7c67e1448b00f6e969d365cea6b010ab,2017-07-18 08:55:11,209.99,53.48
806d19127814e557e910ad0c90891886,1,f422d0d9f8b5f7c27289382b14b61248,1554a68530182680ad5c8b042c3ab563,2017-05-29 15:55:15,66.99,38.02
80b2fb2d49f96b2a3ee411ede91361e2,1,345ebf31824c3871cbb94c377190d6f9,6c6e3d67f969468f3bfd33f827a31222,2018-04-02 10:30:10,62.00,13.55
80d25aa9f66c2d419bc422687bb41b85,1,7d603b9650fad957621945c193cc2df3,dee656f0f566ed1aa85bd137c943f08f,2018-04-11 22:10:13,69.50,19.46
80da866a2f8257c4878f249ffa36390f,1,4ee931ba1980085a969d498d63e69f72,d1c281d3ae149232351cd8c8cc885f0d,2018-06-28 22:13:51,44.99,13.90
80dbbd6f2282898dbf912a2ec668175f,1,167752e318335bf6bdd6906c4c470266,7e1fb0a3ebfb01ffb3a7dae98bf3238d,2018-04-09 13:48:55,160.00,19.00
810233b1d86cfaff1b46b1458f7d0a41,1,da37b1e69fd193ddbdb8721c9079656b,71039d19d4303bf9054d69e9a9236699,2017-11-05 22:25:16,189.90,22.13
811155730c44e9b55e98d5bfc5e521d7,1,518ef5de2c2b3a255e326a4594ba15d9,28ea411b354f14b1a494be4e79f0ce02,2017-03-06 13:50:16,145.00,15.18
81161411335afb1d9c6dfd1b42a63eb3,1,5f24a2c5fe04fac8072d899fffa77540,23a0ffca143a15b9b5bbdb7d552f626a,2018-07-03 20:55:21,49.99,13.93
8135d95a571b0c0529ad5624a7f72ddc,1,53b36df67ebb7c41585e8d54d6772e08,7d13fca15225358621be4086e1eb0964,2018-07-02 15:57:54,119.00,18.93
814449e266f5cbff53f6e336abd1dd5a,1,80665d04b7d8216835a0ad52625c7039,3d871de0142ce09b7081e2b9d1733cb1,2017-09-21 13:50:23,75.00,27.07
814a3fa64843bab063063a18603efd53,1,65769f6fabbfd7d399bb5851d9af3fba,a36b125ac6d5fdbc7f50de85c9157bdc,2017-07-06 11:30:21,29.99,15.10
816d8c857c3f15aa8b8dd70be0744d20,1,0f6e2c3bbb97980782ed6cb1506f5d95,1caf283236cd69af44cbc09a0a1e7d32,2018-07-10 10:31:26,29.89,18.36
818080c38c17ec4bdcb39798ccb51b4e,1,69d3ff4f45d52d69e4b06760e0e154e2,7b0df942f46435babab05d49b744b2c4,2017-09-14 11:24:48,1146.00,21.04
8194f59689e6129d3bd13dce90d86c2b,1,21e72a490cbe93ed7aa675d2b1ae105a,1588ac4010787100dddef64568f0ae35,2018-02-01 17:03:36,199.99,14.42
81a1711311a8709f7d6522bd98d36745,1,389d119b48cf3043d311335e499d9c6b,1f50f920176fa81dab994f9023523100,2018-05-07 05:30:51,53.90,16.07
81a9ef6a0791099bb5859d0104f94dc9,1,236c8998f9a6e6150cdfb75fed83c15d,d05ae8f7a5bd1d2a690a44cd079e4e27,2018-06-08 15:12:10,252.00,19.64
81b1ecf11d38a0654a13192ce0fc2e5f,1,a4c1d75f5db22319df894cf3f4609b81,66922902710d126a0e7d26b0e3805106,2017-11-29 21:27:47,95.00,16.92
81b1fd6b50d083d07912773bb6c8095c,1,481aad97c80d6786a7c6096991003274,95e03ca3d4146e4011985981aeb959b9,2017-12-06 01:58:27,29.99,8.90
81c2a9cc7a5d970fa1cb04443002088b,1,42a2c92a0979a949ca4ea89ec5c7b934,813348c996469b40f2e028d5429d3495,2017-12-04 02:58:53,58.90,14.13
81d6ac4e9d7c1c677ea8d5d128e7f659,1,3933e8a85308e9e9e9bc428355ba203e,4a3ca9315b744ce9f8e9374361493884,2018-05-16 10:15:07,90.10,19.60
81e04a215f5131c83423eb5d8d21a9a1,1,368c6c730842d78016ad823897a372db,1f50f920176fa81dab994f9023523100,2017-11-28 02:50:23,59.90,17.67
81edaf58687cb71cecc077db78dd57ec,1,703d742887bb9267f89b675608ba7aa0,640e21a7d01df7614a3b4923e990d40c,2018-06-21 22:58:54,56.10,19.58
81fe59dfdb8538cc9b604380742323e4,1,68bf2e76db1d8e846042e54da87399ca,1a3df491d1c4f1589fc2b934ada68bf2,2017-07-20 02:15:28,69.90,17.74
820749211528f2ac3c371469c8dcff94,1,2b3b11d70c32fbfc8e850fb68985a000,70849ca4f400aaabb62cb7462a6f1428,2018-08-08 20:35:14,89.99,38.43
8209537dd24f5c7e5cd13be3928312d5,1,16cb37c8d7713ae295b4c1a92a3f338c,2f4b0d3b9634b647d4edee577d7ebb7e,2018-02-01 17:22:59,34.90,7.78
821ab83aee62992191306118d37fcb3c,1,1026a916e88dfbc27528445d448619b2,d13e50eaa47b4cbe9eb81465865d8cfc,2018-08-29 09:05:15,98.48,9.44
821b1d19ba63b3109388a4bbc84d3f43,1,29b18b99ca3c94cea05efa9e11465440,aced59e9b31ef866a94f9e7f29d8d418,2018-01-11 17:07:04,295.00,26.91
82330e7226e957715bc2f39fde738f6b,1,9c7ce59c96e74dfdfc51f13a4a6c3869,6560211a19b47992c3666cc44a7e94c0,2018-05-04 03:11:20,29.00,7.39
82330e7226e957715bc2f39fde738f6b,2,2136c70bbe723d338fab53da3c03e6dc,6560211a19b47992c3666cc44a7e94c0,2018-05-04 03:11:20,29.00,7.39
823e959449ab09141875541d427a1581,1,29a6e18f17f36ac05a93d24c2c0e7146,3d4b1ae7539303b5704493798893e82c,2018-02-26 20:10:25,58.00,15.16
824a8fc017adc80f979335a8477eb7cb,1,978d2315d672718ad7235114a71bc2c6,daeb5653dd96c1b11860f72209795012,2017-12-04 11:31:20,29.90,16.92
826a9236d33be907c46cf80986795f73,1,88dd63919fc9ab693803578a04a20209,7ddcbb64b5bc1ef36ca8c151f6ec77df,2017-08-17 17:23:46,34.99,15.10
828999d80d891785ff88623835515884,1,a9a7d44cbdf7c47c958a585d66a0c3e1,67883baaae6134ee81b271a542613728,2018-08-10 14:30:23,399.00,18.98
829f21ada22c20b2a15c75f8b63a0533,1,0e2d52789a024cfd6f9204778320a8e5,f181738b150df1f37cb0bd72e705b193,2018-07-02 01:11:19,219.00,51.61
829f21ada22c20b2a15c75f8b63a0533,2,c8078bb7927143cdb008e3563230ca61,5a8e7d5003a1f221f9e1d6e411de7c23,2018-07-02 01:11:19,19.90,5.16
82a3a8f173b1bc8e3b7da00ce95509e0,1,7fda46e6f8996ebe3acf684cca0124c2,3b15288545f8928d3e65a8f949a28291,2017-12-04 02:31:50,99.99,17.41
82b0f8f974cc6e92e6bae6cd7714b712,1,53759a2ecddad2bb87a079a1f1519f73,1f50f920176fa81dab994f9023523100,2018-08-02 03:44:38,49.90,20.99
82bdf2be6cd75f6a34999c235f18948f,1,4aecca9430af7a8c0debefeed7b7607f,b2ba3715d723d245138f291a6fe42594,2018-02-07 09:53:13,89.90,14.38
82bfafb84a5843f06b8c3983edb1883b,1,8eed5d27f5b8c6248731efb4782f6141,2a1348e9addc1af5aaa619b1a3679d6b,2017-02-01 19:10:46,229.90,18.00
82c25f5fe611fe504eca8e2ded507842,1,e5da60b217874889dd4becf29412d793,2138ccb85b11a4ec1e37afbd1c8eda1f,2017-07-04 12:10:12,29.99,34.15
82d62e8dbebf85af5c2873e07fe0721e,1,9680867d27bf4f20ac82adbe4dbae9ec,44073f8b7e41514de3b7815dd0237f4f,2017-04-05 21:45:48,277.00,20.64
82e098e90be56ba3b67aca2e1ba26fdb,1,0a57f7d2c983bcf8188589a5fea4a8da,4869f7a5dfa277a7dca6462dcf3b52b2,2018-03-01 22:10:29,109.90,21.26
82fb8895a278d7ff122edb5df3e4abed,1,ca873fc3d2a6186b92f8c32d685012a6,70a12e78e608ac31179aea7f8422044b,2017-10-23 07:05:47,65.00,15.20
8304f049f874798b19276d475a0b1851,1,7ce94ab189134e2d3c05f496d635419c,8b321bb669392f5163d04c59e235e066,2017-12-13 23:54:39,13.65,14.10
83078eacae0feb71b78ec731be836ab4,1,d65a890d49d3bb0209e3e727b1830cf0,a09a13f18ed27932d08438aa6f12756e,2017-11-03 19:35:13,29.90,16.11
830e4884081b78d304b38eebe75f4732,1,389d119b48cf3043d311335e499d9c6b,1f50f920176fa81dab994f9023523100,2017-10-19 09:49:42,59.90,13.44
831f3205c78da9d0b68f53e483eb3e08,1,2446edad7ab4cfedebb8728497ac4575,ce27a3cc3c8cc1ea79d11e561e9bebb6,2017-06-06 11:10:21,59.49,9.34
832e0a03685bfc20477ea18436e023a2,1,5d790355cbeded0cd60e25cbc4c527a2,229c3efbfb0ea2058de4ccdfbc3d784a,2017-06-01 16:55:08,97.00,15.43
8333c49adbe3515e032c472789e8201e,1,2669a9fe1aaf6cb29071f8f866014afc,4869f7a5dfa277a7dca6462dcf3b52b2,2018-08-17 19:25:12,129.00,19.00
833915009f90346b046a4f6cc9df0497,1,add32d15ff7c76396b982686227d9553,7e93a43ef30c4f03f38b393420bc753a,2017-07-04 18:50:14,1349.00,24.19
8339a4963d8b1727c15465ff154ce74e,1,4606f0b0bceceb75e7a887e6b57cae3e,25c5c91f63607446a97b143d2d535d31,2018-01-03 17:31:57,154.88,10.50
8339a4963d8b1727c15465ff154ce74e,2,4606f0b0bceceb75e7a887e6b57cae3e,25c5c91f63607446a97b143d2d535d31,2018-01-03 17:31:57,154.88,10.50
837a1123bdacb7ea470ca4843c33aee9,1,d04bbac48960ecb7ea311b00ca6e1cb7,0dd184061fb0eaa7ca37932c68ab91c5,2018-03-20 13:55:36,104.00,20.99
837b75362f8a7c08c85182dfd16cb72d,1,5861217c6b00a886e28a101167dbb1e1,fd386aa7bed2af3c7035c65506c9b4a3,2018-08-09 04:15:33,15.55,8.29
838134390df33aab81a8bfaf7260b61b,1,87290188bdd2822babc1331bb6bca5e2,5cbbd5a299cab112b7bf23862255e43e,2018-08-02 12:04:44,198.67,19.19
8382255ca7fdc3ec278ab4c83aef9122,1,905b384ac5667170689505bbf30f1d07,1900267e848ceeba8fa32d80c1a5f5a8,2018-01-15 14:29:37,80.00,12.90
8385aedfa19a31e7d4871586bd47de2c,1,3eeb9c7bc48cbf70ee22b1b1361bd0c3,866558b3bccef2dbc6d29a2b5995016f,2018-01-22 21:32:02,189.90,23.47
8389e56bf17964405109e56799563a03,1,cc99f9e6673b4a99658d70f73c3bf1e6,a3a38f4affed601eb87a97788c949667,2017-02-20 20:51:20,99.90,15.91
8399f290ca1022f41024468f3864dac5,1,dd9b00fa5df89d6f25ccdb11d98b0f51,dbec9a0a7efeff029d4d9dce7dc4cc95,2018-08-20 18:50:14,410.00,49.92
839f4f226f1d843a3922ddb8b3637cc3,1,f908d3bf313a1308bfb2a46ea2685347,25e6ffe976bd75618accfe16cefcbd0d,2017-08-01 02:23:55,35.00,14.10
83b38224c814740db730aad1c72c7a3f,1,a72d9b5dc60e2abd5063eba3b18d1e86,218f991754f360af9c2daa5e0b8e990c,2018-08-10 10:30:14,189.90,16.43
83b730ab4cac58471d803672a6688b5e,1,30ac6df06dc59ad72cf2f158fc2d904c,0dd184061fb0eaa7ca37932c68ab91c5,2018-03-15 11:10:15,120.00,13.75
83d8f70418eefd96f37b483dff430305,1,3fc00af0f0a8d4ac2933d3900416c977,7a241947449cc45dbfda4f9d0798d9d0,2017-09-14 10:10:17,99.00,18.31
83dbd41b4ce2547156c5b288e6fa7e9d,1,cc5447118c174dcc6456c84ccb29e6f7,ef0ace09169ac090589d85746e3e036f,2018-04-04 21:07:54,117.70,15.70
83eee67c21d596a653687afe2c8ebad8,1,171b509779ad4fe0cbed2a3d95d10c68,76d5af76d0271110f9af36c92573f765,2018-04-30 13:32:20,38.70,11.40
83eee67c21d596a653687afe2c8ebad8,2,ed2067a9c1f79553088a3c67b99a9f97,cbd996ad3c1b7dc71fd0e5f5df9087e2,2018-04-30 13:32:20,56.97,3.42
83eee67c21d596a653687afe2c8ebad8,3,171b509779ad4fe0cbed2a3d95d10c68,76d5af76d0271110f9af36c92573f765,2018-04-30 13:32:20,38.70,11.40
83ef226cf3b661d1cc190b0a983e2619,1,154e7e31ebfa092203795c972e5804a6,cc419e0650a3c5ba77189a1882b7556a,2017-12-05 13:57:36,23.99,11.85
840d56f863cce183ed7b2340fe33a3b6,1,4713819035a9ef628d084f8ff4fa71f2,c70c1b0d8ca86052f45a432a38b73958,2018-06-21 04:16:51,110.32,8.03
840fba0867d6686cd4a428f76d01f97e,1,7aa1ab866537ff58ef91e90e3df92134,17e34d8224d27a541263c4c64b11a56b,2017-10-17 09:26:21,217.01,17.28
84100b23fba8756e8a776f96e110c04d,1,87283a98b24f9f1ac3a31b631073cf47,cab85505710c7cb9b720bceb52b01cee,2018-02-27 03:31:12,49.90,14.10
84163f7d458a14345eac02a371e544de,1,187359f629249d5333ce31f87136a802,7722b1df1b0e383e000397b2c11e3e19,2017-09-01 13:55:23,89.90,16.39
841a1c15177c6184088d268bc0f263f4,1,0b48dc720b9a40d75ce14eda10be0922,715bbd5ba4e6b74cb0d2f29eb45058b0,2018-03-01 09:28:18,139.00,27.29
841d2f58ddbae5e6d1230dbbbae2c0aa,1,2669a9fe1aaf6cb29071f8f866014afc,4869f7a5dfa277a7dca6462dcf3b52b2,2018-08-22 22:30:11,127.00,18.99
841f22552ef7bc21e205df35283025c4,1,fa2d929efb6b3c378099488dd6b02ca5,79ebd9a61bac3eaf882805ed4ecfa12a,2018-06-15 12:58:09,129.90,43.84
842b04782c3190ba1cb33fb384592455,1,d9a51912372ce82133d91ad4dccba508,bbaff50f3b708fda865918715276cd87,2017-11-28 13:46:28,18.60,15.10
84300a0c4b27875cb77c89f5383df360,1,3c28d10ea65fbafd9792027334cf4544,f27e33c6d29b5138fa9967bcd445b6d5,2017-11-27 04:09:32,54.90,7.78
8433606149b115b9f6e1916bdbe08dc4,1,9275e1f75faf1d3d1f54e4cb63d12a36,70a12e78e608ac31179aea7f8422044b,2018-04-09 20:30:14,45.00,18.23
843b7dada8b84daa895c7978c62f9e43,1,ee6c49af1a2de55aa0e076257ab4ab99,e9bc59e7b60fc3063eb2290deda4cced,2018-08-02 14:31:06,125.00,14.22
844b7b992358a3a30d677ea0025e7471,1,92f1f77b7f3c73831fef53406c195302,ea566164622c6b439516ab18062c42cd,2018-06-07 19:30:47,79.99,7.42
8455db911d020aad3cc78b9fad423695,1,c59b59b99633517061514b986fd0a481,1127b7f2594683f2510f1c2c834a486b,2018-01-17 02:35:53,23.21,16.79
8486f414a491ce27cbb5e501739d2d04,1,f2d649f157cebee085ed738f23d5d6b7,d673a59aac7a70d8b01e6902bf090a11,2018-02-16 21:15:24,27.90,9.27
849c91eae9d79b010c5dbba0d30e42fe,1,694e58e56c74114ee0628c25f3f26f8c,7008613ea464bad5cb9b83456e1e6a8f,2017-04-27 12:35:49,52.50,24.86
849c91eae9d79b010c5dbba0d30e42fe,2,694e58e56c74114ee0628c25f3f26f8c,7008613ea464bad5cb9b83456e1e6a8f,2017-04-27 12:35:49,52.50,24.86
849eace12a4c38cc5d4647af9f942eff,1,f196248e8b5d060cca414a664ea9a76f,91f0eec23d4a61d7d7caeefa3f0ad1ca,2017-02-13 12:48:59,199.00,21.71
84c8463c1a2278e211ebf4472126d92a,1,a3394de35879ea62967d01d3d93b2cc1,391fc6631aebcf3004804e51b40bcf1e,2017-11-30 11:54:26,118.75,21.32
84cec4f65c7a4f2f54c294a30224a594,1,e5da60b217874889dd4becf29412d793,2138ccb85b11a4ec1e37afbd1c8eda1f,2017-06-21 07:15:11,29.99,15.10
84d21eead7694f99925e7e056ca88832,1,f889fb87b505b73de10c18b93352469f,c70c1b0d8ca86052f45a432a38b73958,2018-08-02 17:15:14,110.32,15.87
84d27863cf4593bdc358f6b17240a3c5,1,617186c3d97ea56c9c683a8a3974e8c1,cc419e0650a3c5ba77189a1882b7556a,2017-10-04 03:49:22,84.99,14.34
84e407da1f6a0299466bfa129b7311c3,1,6ab6d9589ae19abcee458918d4779fae,6039e27294dc75811c0d8a39069f52c0,2018-02-14 03:51:30,189.90,17.03
8508367ffb93fbcdea00997ea565ad6f,1,f083f237cbf95dd0a5185e902f385dd5,bdf0d02d36a1d839d0c39c4a887cdd49,2018-01-22 08:35:29,14.00,15.10
852278c3a52996ebc578a49c8249d350,1,835d8502d265ddeb4bdd39591d55fa2b,59fb871bf6f4522a87ba567b42dafecf,2017-04-06 12:32:16,129.99,15.67
852586974b34f22595f8bcc918b48040,1,9c48f48fd32ee1915d62d3670e2d1ba9,e8b3a3a38279a82f0e5d006d5e5b7d2c,2017-10-20 03:21:01,71.90,16.94
85314e23a8d6ca48d54dd3a235b2a25d,1,e0d64dcfaa3b6db5c54ca298ae101d05,7e93a43ef30c4f03f38b393420bc753a,2017-03-16 10:29:46,255.61,17.00
8533051a3ddfba857f39aa28d5b7a8f1,1,1501b0033c68a37fa9560033a440e529,82cb9f452fe8334df74b22d37824b431,2018-06-13 04:12:45,49.70,18.23
853e167f64c749528b3b531bef12850c,1,c5abb4a7296fc26dc57bccbe8ae2d677,6bd503a8230299c9316fb0f726933927,2018-07-19 19:15:13,89.10,37.53
853e167f64c749528b3b531bef12850c,2,8b6f0c846cb5adca6c2fcd927038ac72,6bd503a8230299c9316fb0f726933927,2018-07-19 19:15:13,89.10,37.53
8543d2d86c69647af5e2d957c3d21b85,1,d86963242e7dda7eed04f57e492ed655,a3a38f4affed601eb87a97788c949667,2017-10-11 16:14:26,74.90,18.09
855c2d10e8d3135c6cd5af5dd14d080e,1,410dd36335e15d089a9668e9bb5b2cd7,7142540dd4c91e2237acb7e911c4eba2,2017-11-29 23:31:41,69.90,17.74
8563039e855156e48fccee4d611a3196,1,bff2010b28e8fbcff5a9db9d3fea5ac4,955fee9216a65b617aa5c0531780ce60,2018-02-22 15:15:34,78.00,28.95
856d6b7354ca57ce6a2865c9c5e9e6e7,1,6db41bd5a650ed247a5690c0e78c3969,7722b1df1b0e383e000397b2c11e3e19,2018-08-21 13:35:16,19.90,13.72
85770deee3205a161f62a227bd92f7ab,1,d04857e7b4b708ee8b8b9921163edba3,9f505651f4a6abe901a56cdc21508025,2018-06-13 04:15:10,67.99,16.45
85a0b57d401cf8eabdad7f818e087799,1,f65464750198350b78735037a9b35dd2,4a3ca9315b744ce9f8e9374361493884,2017-08-04 12:43:13,210.00,12.97
85ae4ead3b37285b1e538a206b99b67a,1,216ac797639b7734f0b125861ea845ae,b561927807645834b59ef0d16ba55a24,2018-04-05 03:27:04,44.00,18.23
85b8899fd1383f7177fe622d29f09272,1,3279fec9ed308116c0546336bf7741f6,dc8798cbf453b7e0f98745e396cc5616,2017-10-01 23:07:59,24.90,15.10
85b8899fd1383f7177fe622d29f09272,2,f10163ef5dd01ee5f3622b750b64091c,dc8798cbf453b7e0f98745e396cc5616,2017-10-01 23:07:59,24.90,15.10
85f2d1d18951198c1beca750c4df59b1,1,f2e2678188e0f3bc983dd3935f69b746,05d2173d43ea568aa0540eba70d2ca76,2017-12-12 13:31:38,69.00,26.10
85f8ad45e067abd694b627859fa57453,1,09ff539a621711667c43eba6a3bd8466,8b8cfc8305aa441e4239358c9f6f2485,2017-02-03 21:40:02,1934.00,27.00
8616397296bf3ac1cc07c21a5c457894,1,154e7e31ebfa092203795c972e5804a6,cc419e0650a3c5ba77189a1882b7556a,2017-11-30 08:06:27,23.99,15.79
86200deb58eb0b29e666114e87e76302,1,19629b1460e380638d4b9263bd31547a,b4a476fbd28de64b1e347abf9089366a,2017-12-07 21:55:19,308.50,32.46
8624ba83187b6280c6d8b7664a5f5607,1,3ef69437b2ca2234de7ad9165bebfe43,f45122a9ab94eb4f3f8953578bc0c560,2018-04-11 19:09:27,49.99,22.06
862a507705acaf4976559515b7b78908,1,ad2037645597db38527fe3afbe226af2,e9779976487b77c6d4ac45f75ec7afe9,2018-06-14 14:32:08,29.49,9.44
86309254ed4a0698cf9b97e5d28637df,1,5fb1e24560c31b0eaa1911d4247187ed,e0878efa0e0b7e5313ac0b43bc04c081,2017-12-01 10:30:14,259.90,16.57
865632b4b7bd773e94d482105b596672,1,10e7b44b01fc53988df2b73395cec6fb,6d66611d7c44cc30ce351abc49a68421,2018-08-15 15:05:19,65.90,19.65
8681115ee9073763981721e9e4cadbe3,1,cae79e3b5c787c231543fa415a20b5cc,56642bcb79900e777d68e91915cb4267,2018-03-06 17:50:34,28.00,11.85
8681115ee9073763981721e9e4cadbe3,2,cae79e3b5c787c231543fa415a20b5cc,56642bcb79900e777d68e91915cb4267,2018-03-06 17:50:34,28.00,11.85
8681115ee9073763981721e9e4cadbe3,3,cae79e3b5c787c231543fa415a20b5cc,56642bcb79900e777d68e91915cb4267,2018-03-06 17:50:34,28.00,11.85
8681115ee9073763981721e9e4cadbe3,4,cae79e3b5c787c231543fa415a20b5cc,56642bcb79900e777d68e91915cb4267,2018-03-06 17:50:34,28.00,11.85
8681115ee9073763981721e9e4cadbe3,5,cae79e3b5c787c231543fa415a20b5cc,56642bcb79900e777d68e91915cb4267,2018-03-06 17:50:34,28.00,11.85
8681115ee9073763981721e9e4cadbe3,6,cae79e3b5c787c231543fa415a20b5cc,56642bcb79900e777d68e91915cb4267,2018-03-06 17:50:34,28.00,11.85
869f303aa6f137c9295a0c115de2f771,1,a0abcee0132a5aed003d98e459b37698,004c9cd9d87a3c30c522c48c4fc07416,2017-12-14 17:10:43,117.99,12.33
86cafb8794cb99a9b1b77fc8e48fbbbb,1,9dc1a7de274444849c219cff195d0b71,0be8ff43f22e456b4e0371b2245e4d01,2018-04-17 01:30:23,37.90,8.29
86ccb38f30e2df75998a24bc06860169,1,e9b2560544c293e02f2b966041e10f24,8e2b3afb420011ef0c88c9d5f11ea526,2018-01-10 17:28:11,140.90,17.24
87064d517041a71950b9f0cf6d34b211,1,47ed9bf58ec9b274dd4effeb9c75f117,0df3984f9dfb3d49ac6366acbd3bbb85,2017-05-11 16:55:17,35.90,14.52
87230abed36d9ec9a1dafd369948b4df,1,f6691c7e7a0c12d28003c97608dfe605,a3a38f4affed601eb87a97788c949667,2018-05-03 17:52:44,195.00,39.42
87317718d67eda6146e87be5a4688d63,1,209f718c43a6b301bd760948b9342b7a,6806dad1da97bfb5a9038eac6881f706,2018-01-04 19:07:39,99.00,15.44
875457c60d42163f5d8bc4b4e94b2412,1,ef66e63137bdd1b2e44aa968646fc1e3,1025f0e2d44d7041d6cf58b6550e0bfa,2018-05-24 16:31:31,35.00,18.74
875457c60d42163f5d8bc4b4e94b2412,2,d678178aa4291cd25a755a90188375c8,1025f0e2d44d7041d6cf58b6550e0bfa,2018-05-24 16:31:31,35.00,18.74
875457c60d42163f5d8bc4b4e94b2412,3,322083bacc83416f56c4110e0216c2e1,1025f0e2d44d7041d6cf58b6550e0bfa,2018-05-24 16:31:31,35.00,18.76
875457c60d42163f5d8bc4b4e94b2412,4,b4693721011686a49e4b8fac4e527dde,1025f0e2d44d7041d6cf58b6550e0bfa,2018-05-24 16:31:31,35.00,18.74
875ab1a09eb128fa4a3bcedabfb42df6,1,813a30050677eb6996e12eea9ad400bf,01fdefa7697d26ad920e9e0346d4bd1b,2017-12-07 16:31:07,439.00,33.41
8774d6fb5a8c64bbb720a8271eb207c0,1,b17110b2eaee2f703cc79fca95fd624e,ffdd9f82b9a447f6f8d4b91554cc7dd3,2017-03-09 16:30:20,99.90,17.13
8774dccac317f54e3e9b3c6096a9b2c6,1,f1ca789b4694dd683c4cb0c2ed74768e,17e34d8224d27a541263c4c64b11a56b,2017-10-31 06:28:11,223.64,16.32
877893a9d335938c3fdaeed687b3f6e9,1,1c21c1ed398eae61184065889ca3d4b0,a3e9a2c700480d9bb01fba070ba80a0e,2017-10-02 21:07:21,65.00,17.70
87850ccd83d669cf004ea32dd917d6c4,1,953439fbf9090e2362532905d89b991f,7040e82f899a04d1b434b795a43b4617,2018-07-25 03:05:11,169.90,22.99
878c411445b7128a9715f6f06ca14bea,1,a5a7c5c2be6edf0b10ce28ba5c6b4a69,12b9676b00f60f3b700e83af21824c0e,2017-05-24 22:55:13,199.00,18.64
8798b3a8e3d4a597bcde0dab8ad1de17,1,341687b53eae81d74a13127e8e23bd0a,4d6d651bd7684af3fffabd5f08d12e5a,2018-04-10 13:10:03,119.90,20.18
879ed1a79b3970f510fdb4b4aa3f86e1,1,fb1c85ab4adb8f0fd63d3e2156e51f4b,3fd1e727ba94cfe122d165e176ce7967,2018-03-12 17:30:56,59.90,18.30
87a99c9be1a72ccd14a90ce72e2544c3,1,1c57458e824ca3d974ec1831a1a55e72,2e90cb1677d35cfe24eef47d441b7c87,2017-03-28 16:32:14,99.90,16.85
87b314ae9dc134ce22cac9d7d3be2678,1,12f066474dfa3c415c169051c5e1967e,7040e82f899a04d1b434b795a43b4617,2018-02-08 16:09:43,19.90,7.78
87b476f53da12dbaf8b42ba931985c93,1,64090c2cdb0259629a3584edeb23181e,c3867b4666c7d76867627c2f7fb22e21,2018-03-12 07:15:30,125.00,14.96
87b732d9778eda3d298cbd97c22aba48,1,8516ee98a593fbd30f6ab57f3d3477bd,5058e8c1e82653974541e83690655b4a,2018-04-12 03:35:43,209.99,46.48
87cbf27ac970c7423f11157c2ef6ec26,1,90f39a309a8c05fa7aa4ef02178059cb,b2ba3715d723d245138f291a6fe42594,2018-01-26 13:56:45,289.90,17.79
87df71eb46077c66a8e53d4e92bc71ef,1,a0b7d5a992ccda646f2d34e418fff5a0,95f83f51203c626648c875dd41874c7f,2018-05-02 03:15:20,69.90,28.80
87ebcd73de7c03e3ba13f9e9466c15c5,1,d2b0f9cd5e31ed47dbf92b157c0cda96,70eea00b476a314817cefde4aad4f89a,2018-08-22 16:35:21,228.90,32.47
880818864a5b124a7e8784b03caa1d84,1,6413f7a28e149a324c4a914000399fb2,7a67c85e85bb2ce8582c35f2203ad736,2017-09-21 18:30:10,149.99,18.30
880d05a97ca1886faf05a9315d0a3073,1,211293b50935ced8d4370f552c482d74,e9779976487b77c6d4ac45f75ec7afe9,2017-11-20 18:35:24,33.00,9.27
8810a5e7c83bd0f3fd59dec5491fbb2f,1,e41a6ac2f57a273eb0d214c7cbab5db9,a7f13822ceb966b076af67121f87b063,2017-03-24 14:42:18,139.97,29.17
8818ff7a81f4751daa9dcd455f1c9379,1,978859c6048ded0fa8bf3b9ea8236387,813348c996469b40f2e028d5429d3495,2018-03-20 16:20:23,15.30,8.29
8826b56d45c25577190e5c91fdca2a61,1,083ffd30820b592e294de7ed668ff975,f8db351d8c4c4c22c6835c19a46f01b0,2017-11-07 22:45:15,45.90,11.85
883be96e55d6e19b2ceef5cdd735d8fd,1,6cd57d91d76b7cb14085f9655d5e2ebb,4c4d546adf3c3868fe19c9ec6e9ffda9,2018-06-13 09:31:54,30.90,13.47
883be96e55d6e19b2ceef5cdd735d8fd,2,6cd57d91d76b7cb14085f9655d5e2ebb,4c4d546adf3c3868fe19c9ec6e9ffda9,2018-06-13 09:31:54,30.90,13.47
884245b62173977a377007d7c62cf9f2,1,9bbe6c774ab3a4f9c5a0385e78c9641c,3078096983cf766a32a06257648502d1,2017-10-10 14:14:10,73.39,17.76
8844a6f4804668ce97f0423a434a74f6,1,47a3fbd41bb53db64dacc4562ba3aa52,cce6ab8d1682639fe45ab70234f1665f,2017-10-26 15:27:47,40.00,16.60
885ae5d5896b9a5f3bd2a626876ace12,1,2fea0f2cec6b6324a277d4a61c2ed2c6,beadbee30901a7f61d031b6b686095ad,2018-07-17 02:51:06,70.00,13.15
8864a2d847bb201242e03cab4d54994c,1,69455f41626a745aea9ee9164cb9eafd,bce6a5ecf98e99fd2a8868b15c51f04b,2018-07-31 09:19:21,110.00,15.87
886554d6a49f10154eb12b81a6c4ef4b,1,75d3880783e696c130527f026ee302d4,066a6914e1ebf3ea95a216c73a986b91,2018-03-26 13:29:59,40.50,18.23
886554d6a49f10154eb12b81a6c4ef4b,2,75d3880783e696c130527f026ee302d4,066a6914e1ebf3ea95a216c73a986b91,2018-03-26 13:29:59,40.50,18.23
8866ae65c875985acc6fd5772fa8e4a9,1,e070a61270050c4b1b704300f331cca6,66922902710d126a0e7d26b0e3805106,2017-12-04 03:26:10,56.00,12.23
88765c7c25c8dd40cefcd887f3c8cd8e,1,63bfa27a0cee21fd896dc27f58b6d656,612170e34b97004b3ba37eae81836b4c,2018-07-24 12:45:39,184.90,34.67
88791555f9832d0bee1f87f2074392ef,1,4b7528d093f5acaec2a072366a4106bc,d2374cbcbb3ca4ab1086534108cc3ab7,2017-12-07 02:31:30,67.90,17.73
8881dc280b8de23e6913aaee6bf61bb5,1,d1c427060a0f73f6b889a5c7c61f2ac4,a1043bafd471dff536d0c462352beb48,2018-06-15 18:55:58,109.99,63.92
88898f25ecf940d6929b37dc7ccd3578,1,781afe929e3016a667f5f439afd55fce,08633c14ef2db992c11f840f04fad4cd,2018-02-28 09:29:29,111.90,14.53
88986b613097da641340bc366a2d91d4,1,6c578f7117cc4f3ebc5bfd8a674e7ff4,75d34ebb1bd0bd7dde40dd507b8169c3,2017-12-14 15:52:51,74.99,15.96
8899770c263136aaa6768f75189d996a,1,e2c329a4516937ef4828102690ae669a,751bdc4d83a466c7206cd42e8f426b03,2018-03-26 00:35:25,189.99,11.95
88a2f6f5ddd57a8da3f5ecbba9bede1d,1,9d6580f17a0cba74324ce82874fbbe13,4e922959ae960d389249c378d1c939f5,2017-11-17 20:26:30,145.00,14.41
88a2f6f5ddd57a8da3f5ecbba9bede1d,2,9d6580f17a0cba74324ce82874fbbe13,4e922959ae960d389249c378d1c939f5,2017-11-17 20:26:30,145.00,14.41
88a63f5cd80c851070a20452bd83d4d7,1,b74d57e3377dd78aace6d070fc48cc88,4a3ca9315b744ce9f8e9374361493884,2017-04-13 20:23:19,65.90,17.30
88a78af246c6c2db88e72b384796c98c,1,a11998d0de02ca907c060119dabe8ead,0dd184061fb0eaa7ca37932c68ab91c5,2018-06-04 18:30:28,59.99,7.39
88ae9b9dc65aa9f22722800a34d865c3,1,143f3709e0b16bb2f1f5737e74ec15bc,c4d51195486dc781531876a7d00453d8,2018-05-18 03:30:43,231.54,38.31
88c4fe503028fe735969053f5459584f,1,4525c06a9be3578a113250b8dec95353,138dbe45fc62f1e244378131a6801526,2018-06-15 13:32:24,76.90,7.40
88e2adba13194300be8cfaeee4512133,1,8c10db7e2bc84a4697eaed54db164c7d,2379bdc3888025689a9deb7b141507d5,2018-07-24 01:45:10,175.00,13.89
88f9a494012e4b7e7ddbfe1bf56cf41c,1,0bcc3eeca39e1064258aa1e932269894,1f50f920176fa81dab994f9023523100,2018-07-10 02:51:16,49.90,20.99
88fdf07e2e8bcf581835191551224be7,1,61c9ce380f22395eecde18d76d118c47,70a12e78e608ac31179aea7f8422044b,2017-07-13 06:45:15,105.00,12.23
890617d30098dc78a28e27cfc7d6ccec,1,8babfe496d325893ecf4a9ddefb1b31c,0885aaf116795758dfeb5f1032487bcd,2018-04-30 08:31:29,18.90,7.39
89124696e3e799665a6b844c18325cf5,1,3f3695c50cf443bfc1058ce0c8ab6a46,8b321bb669392f5163d04c59e235e066,2018-04-09 17:10:15,13.30,22.06
89165e6d4c28047da0adf13ac8b3e1b3,1,5f42d57952b7815098979a5c4fa6f82a,c70c1b0d8ca86052f45a432a38b73958,2018-07-24 13:50:14,110.32,8.03
891e419a9019fb81b67212a708cb5f83,1,03b10f5e3ef07cfc27a025adca3fd0be,54065e9aef7e9e9c2dc23b7594db021a,2017-07-18 12:25:20,425.00,17.72
893164a028d4c803fb8a597327b48488,1,7b35ccd93a2184646c03b70326626923,d05ae8f7a5bd1d2a690a44cd079e4e27,2018-01-16 16:36:00,179.00,16.00
894e3de9f4244f5113bf5b97627330d8,1,f264c1d9b20b5e4a340254d0405e613b,7a67c85e85bb2ce8582c35f2203ad736,2017-05-05 11:35:19,69.99,17.23
895dce73de79888b14581541cf3a811b,1,0e839be47c2dc028ca3d90e65732b14c,eed78ac17f7f795a19a709745f00cd4e,2017-11-03 13:48:09,59.90,2.31
895dce73de79888b14581541cf3a811b,2,0e839be47c2dc028ca3d90e65732b14c,eed78ac17f7f795a19a709745f00cd4e,2017-11-03 13:48:09,59.90,2.31
895dce73de79888b14581541cf3a811b,3,0e839be47c2dc028ca3d90e65732b14c,eed78ac17f7f795a19a709745f00cd4e,2017-11-03 13:48:09,59.90,2.31
895dce73de79888b14581541cf3a811b,4,0e839be47c2dc028ca3d90e65732b14c,eed78ac17f7f795a19a709745f00cd4e,2017-11-03 13:48:09,59.90,2.31
895dce73de79888b14581541cf3a811b,5,0e839be47c2dc028ca3d90e65732b14c,eed78ac17f7f795a19a709745f00cd4e,2017-11-03 13:48:09,59.90,2.31
895dce73de79888b14581541cf3a811b,6,0e839be47c2dc028ca3d90e65732b14c,eed78ac17f7f795a19a709745f00cd4e,2017-11-03 13:48:09,59.90,2.31
895dce73de79888b14581541cf3a811b,7,0e839be47c2dc028ca3d90e65732b14c,eed78ac17f7f795a19a709745f00cd4e,2017-11-03 13:48:09,59.90,2.31
89625d9fd5cbcff8ed1de2eab6ab1498,1,c0a933a473d7482b1ae218c7f3a0c743,83e197e95a1bbabc8c75e883ed016c47,2017-06-26 09:30:20,139.90,19.22
896b228e1623e6b8f20f2b3782750d48,1,4520766ec412348b8d4caa5e8a18c464,16090f2ca825584b5a147ab24aa30c86,2018-07-31 18:44:10,29.49,7.47
897ed337ed4c3fba920924b9143c2ea0,1,46cc07237660346018f8838ae0b7ed2b,8cbac7e12637ed9cffa18c7875207478,2017-01-31 17:31:45,45.00,50.00
899b8d92e1bdaece69745ffcc3c47d08,1,ea546947e2412f88a20ac74103592b42,c70c1b0d8ca86052f45a432a38b73958,2018-05-15 19:16:36,110.32,18.75
899b8d92e1bdaece69745ffcc3c47d08,2,2e2b9bfa91068239d5fb2b39764b92a5,c70c1b0d8ca86052f45a432a38b73958,2018-05-15 19:16:36,137.90,18.75
899da82c1aeee8fe315db6826cd9a5ee,1,443686a203341f24c2cead2297359568,f45122a9ab94eb4f3f8953578bc0c560,2017-09-14 05:24:13,119.99,27.38
89a6292b97c0dd8f29261b64ad8aabf7,1,db8c9fec8be4ec050d0cee6a1e06a3c6,080102cd0a76b09e0dcf55fcacc60e05,2018-07-10 11:30:09,88.90,23.34
89ad9301604c76e365ba9b9db109bcaa,1,92144cc00a16129494387f172aa54198,6b243f80ed07b10f0e8aa0f21a205f3c,2018-07-23 08:50:17,124.90,20.82
89b229dc09711327ecea7f124b029557,1,4c0f00c6b8f193c1cb9459e6b97e0320,888faa8bfb0b159c37de6d898b961c31,2018-07-25 15:24:23,49.90,26.65
89da573364809995840e3546344a0113,1,41cd333a4af5e36df81fc0b83ccf8e2d,5dceca129747e92ff8ef7a997dc4f8ca,2017-11-23 18:55:31,388.00,15.27
89daf16ca38d1dca141ca4b225351c02,1,5237c554fade603fbb83dcbcdadcdaac,3db66a856d18a9cba7c9241fc5221c50,2018-07-06 08:35:15,129.90,23.71
8a01f46a3c2541b03ba737f3c83a7bd1,1,3eef0cb94ba82de806bb30ab743c7655,7c67e1448b00f6e969d365cea6b010ab,2018-03-30 10:09:01,79.99,35.69
8a0ab628dfb76b8bd7688ac87d051391,1,31c1d1dfbb4b2730140b8bd9248bcd58,da8622b14eb17ae2831f4ac5b9dab84a,2018-01-08 17:08:45,24.90,6.32
8a0ab628dfb76b8bd7688ac87d051391,2,8a443635fdf9759915c9be5be2e3b862,da8622b14eb17ae2831f4ac5b9dab84a,2018-01-08 17:08:45,99.90,15.16
8a1173c84bbf754f61daf556a62fe1ed,1,e9a69340883a438c3f91739d14d3a56d,1b4c3a6f53068f0b6944d2d005c9fc89,2017-04-10 13:15:17,169.90,22.66
8a1a4c9d81475d4f07d558d04598e00c,1,3dd2a17168ec895c781a9191c1e95ad7,de722cd6dad950a92b7d4f82673f8833,2018-05-14 04:35:17,149.90,13.34
8a3086454aae1719e85d336d067a66e1,1,fea7f0c147905a41ca324c0e3234a4c7,18a349e75d307f4b4cc646a691ed4216,2018-05-22 13:11:59,110.00,16.74
8a32f78d59c6aec1ebdfaf5788bc84b1,1,58eaed8e153f27f810f487f2c7ecc57f,4a3ccda38b2129705f3fb522db62ca31,2018-01-30 02:35:46,98.90,15.44
8a354bb43e2659551a9e6abdc9d1e933,1,9e2ce829b01f3d1a0a9d5ddf7ee21864,835f0f7810c76831d6c7d24c7a646d4d,2017-07-27 19:45:09,69.90,9.34
8a4902db3aa7fdf0a39bf75a14697e2d,1,9394a725ee7e3f1da0d6b22b046cc8d4,7aa4334be125fcdd2ba64b3180029f14,2017-11-22 17:11:11,50.70,17.60
8a49984afb76dae66f3810e1b7093ec4,1,64d0feb1bcf9c7fe7b5dad3271c10910,e5a38146df062edaf55c38afa99e42dc,2018-02-22 02:35:43,89.18,27.16
8a601ac58a66e7a37b56294b81c2b373,1,139a8ba50a931c4055ff072ef1817b06,f4c4daa86e30c7e5a553a8d518ac03a5,2017-06-29 16:02:32,209.56,17.91
8a7059f3a26aa6df1579a6c9ccbacc3e,1,323c53e2d6f8bace877b0df931ab58f9,1900267e848ceeba8fa32d80c1a5f5a8,2017-10-01 22:05:24,69.00,17.73
8a723730400b508cbf47fbef4a76ec8e,1,5858f45c20fde7d7e49af37a2166635a,b56906f7fd1696e043f1bcce164c487b,2018-02-22 13:46:36,60.00,20.91
8a80054573ee01a321c77752da93566b,1,6987398dff454a3138231540e2a6ec61,25c5c91f63607446a97b143d2d535d31,2017-11-30 07:56:31,133.90,18.19
8a81337c086e3ab740913c061cf6c2d4,1,6adab229374835b551f6402e0dc53267,f8db351d8c4c4c22c6835c19a46f01b0,2018-03-07 22:29:06,45.90,8.27
8a8fe42973aacdf0b83fb915d722aac6,1,41b821274ec513636f9144375c9f9031,cac63f48c38cd7d002a7e846dcd99a23,2018-07-02 04:59:17,79.90,9.07
8a8ff2c8a82c73abed3c70e90953f0b2,1,f67ad6b3366ae186b8d29087e6d5ebd0,16090f2ca825584b5a147ab24aa30c86,2018-04-05 12:15:09,28.00,7.87
8a90aa7c88256981f18784086121349c,1,8ac47b3ab13c68f49f10dde899674149,ba143b05f0110f0dc71ad71b4466ce92,2018-05-15 10:15:16,83.99,23.17
8a9e4058bd52b1df24af22b9cd604f87,1,ca6d10d1487b13988e0241beaa7fa089,83e197e95a1bbabc8c75e883ed016c47,2017-05-25 09:31:28,119.50,17.09
8aa5449c8eaae72c25e792d938fad002,1,8f8cb7e4a7f16d339f87f8aa2711a003,850f4f8af5ea87287ac68de36e29107f,2017-11-30 11:13:00,79.90,9.37
8ab08a832f16966f270a9bbffe395cfa,1,d2085f7e0f9533605386960fc7e987ec,aac29b1b99776be73c3049939652091d,2018-01-19 02:31:53,12.49,15.10
8ab08a832f16966f270a9bbffe395cfa,2,d2085f7e0f9533605386960fc7e987ec,aac29b1b99776be73c3049939652091d,2018-01-19 02:31:53,12.49,15.10
8ab08a832f16966f270a9bbffe395cfa,3,d2085f7e0f9533605386960fc7e987ec,aac29b1b99776be73c3049939652091d,2018-01-19 02:31:53,12.49,15.10
8ab73774d1bf1ccd52e66b86ccb40ea1,1,8895ac34adda705a5d93c05aa5141205,236585a4ddb5fea9fa40233e2249ed91,2017-11-29 23:13:35,59.99,15.17
8ac3b1365e8a70ae432b2a1ee0f68f23,1,f343690217692891e7a092d5c1e5eef7,7178f9f4dd81dcef02f62acdf8151e01,2018-01-23 08:59:38,28.90,34.15
8ac5b235603eee2e21e36261b2df536c,1,2548af3e6e77a690cf3eb6368e9ab61e,95f83f51203c626648c875dd41874c7f,2017-12-01 11:35:41,9.99,21.96
8ac5b235603eee2e21e36261b2df536c,2,2548af3e6e77a690cf3eb6368e9ab61e,95f83f51203c626648c875dd41874c7f,2017-12-01 11:35:41,9.99,21.96
8ac5b235603eee2e21e36261b2df536c,3,af35be35db4ad0dc288b571453337376,d20b021d3efdf267a402c402a48ea64b,2017-12-01 11:35:41,10.99,2.20
8ac5b235603eee2e21e36261b2df536c,4,5aad359a63cbb4fc35ead44346a3eeb4,d20b021d3efdf267a402c402a48ea64b,2017-12-01 11:35:41,10.99,8.79
8ac5b235603eee2e21e36261b2df536c,5,5aad359a63cbb4fc35ead44346a3eeb4,d20b021d3efdf267a402c402a48ea64b,2017-12-01 11:35:41,10.99,8.79
8ac9d647425b62394b980e70f7d80d6b,1,5aaa1448f415af8897b81e7a1d959284,5d0363b33554b373851fc1622e4d5f3c,2018-03-29 16:15:27,69.90,14.29
8adb87b0bb81da96d28e6cfaa033a40d,1,b736d9a2b8c08167e109d209e97833e0,cab85505710c7cb9b720bceb52b01cee,2017-11-30 10:56:54,74.90,14.27
8ae758e9dfba42257dd89e48380b3d1e,1,9dfb2984ab775b6175202b9e9e678641,4830e40640734fc1c52cd21127c341d4,2018-04-24 16:55:37,50.00,22.85
8ae8b33f63d9924a2db9ec6c1e98fd35,1,74ab21b84ab4ccc188721da75b439526,f5a590cf36251cf1162ea35bef76fe84,2017-04-11 02:35:32,1964.00,147.57
8b02937454ecbf39dea9989375d931e3,1,e4b6f030d5280d30656abaa4ee64ef81,3ab971ce71839580d2ae5b4e40fe8044,2018-07-13 19:06:02,105.00,36.19
8b050d41c0452652c3f1a6cd855005b1,1,c9996076c21558c4878c8d2fed12c45a,6288c69c4ce638e59925e59193f98b16,2017-10-09 22:03:56,209.99,12.67
8b06c6beb946868da80b3d6c18d20917,1,c63ea4621680c1b0fca8864c0564bd78,de722cd6dad950a92b7d4f82673f8833,2018-05-17 18:49:55,179.90,39.87
8b0b0bb16bfbee0b827837e8d27e4a35,1,4052517cac9e78357d895976124f6972,ce27a3cc3c8cc1ea79d11e561e9bebb6,2017-07-13 22:23:38,150.00,9.86
8b54ad5dd057cd34a1308553e2bba5dd,1,66a0a6e02b7f543e5b021ce361f267d4,7a67c85e85bb2ce8582c35f2203ad736,2017-10-26 09:28:15,119.99,12.04
8b57c0e23a2516e0b9a5259c83fc0883,1,58f1f70c378b16f78eff44c7104aa772,3f3486b61f45078d4f31ee5e43d8c5bb,2018-03-09 16:31:15,139.99,16.74
8b5ddca535bbca0d4282b4e82248089e,1,f1c7f353075ce59d8a6f3cf58f419c9c,37be5a7c751166fbc5f8ccba4119e043,2017-09-25 00:50:11,165.99,28.54
8b648f3b8380162bf589d5ea0d49f5b2,1,be9bda3f5667ecd07de6d194b60ddc01,83353a83fd769dfafa4f21a72b15e3e5,2017-12-26 00:31:47,169.90,13.74
8b88af6ab4bcba779184de098d66c9e7,1,e5eadf9be70a4a9fa514019542fc330a,4559697a8f7e637227c2eeaed843baff,2017-06-05 20:24:09,69.90,12.83
8b93f79b1a4d6b3388dab2356493c0b3,1,baeb8e1a680cf9e1f13557d74b6cec3d,a36ac007a4d18f865c8d32c3b2402c2d,2017-01-30 12:49:54,129.99,29.95
8baa038ccba688e5d3c2d087d7ac5ca2,1,3846c262ddb08db0ea2cc1a1685590ff,7bcd7c5f8631701474db233ccf1c094b,2017-04-25 14:41:50,35.00,17.78
8bade36d5fb562974296bcca22a7a064,1,b7edca604f2668c0f41fc7731fe640ba,fa1c13f2614d7b5c4749cbc52fecda94,2017-08-02 20:50:25,279.90,16.71
8bcb04c1ca645d109ed37389fda5dbb0,1,588531f8ec37e7d5ff5b7b22ea0488f8,53243585a1d6dc2643021fd1853d8905,2017-09-07 22:25:37,1300.00,38.51
8bce18fa222d49626263bbbf2413fcca,1,671d1f1a67e731435bc7a91569004038,0509040ea3fe50071181bbc359eb7738,2017-12-14 12:51:02,41.50,13.37
8bd234ce8ee3bfc5da0cf859cd80e414,1,9ac3471b9357338ea8054108a00389e3,0afccdb8a34ee5c79f7c06faf2b4d56e,2017-05-16 15:55:15,51.90,12.49
8be3f8cf0b9c0840f7fc2d6dcd6b9570,1,f8b624d4e475bb8d1bddf1b65c6a64f6,b410bdd36d5db7a65dcd42b7ead933b8,2018-06-15 12:58:30,179.00,13.69
8bf6956999b0861c3191773f28806f40,1,53b36df67ebb7c41585e8d54d6772e08,7d13fca15225358621be4086e1eb0964,2018-05-10 04:11:39,99.90,0.00
8bf8a39f0859c5d00da3d27e8ef39d7f,1,b1bd4278cdf42ce07b61d1a19d1aed07,7d76b645482be4a332374e8223836592,2018-05-07 05:13:57,21.90,18.23
8c06de33065ff82ad2d811b7e81a5f7a,1,3c883b9d3fd2d0ce448d4136349dc0a4,1835b56ce799e6a4dc4eddc053f04066,2018-05-03 22:53:14,59.99,14.51
8c242b06662dd71ddc5251a5b0f62b87,1,66b5f91356d928ae807ab4ee547f5e3e,f45122a9ab94eb4f3f8953578bc0c560,2017-10-04 23:35:08,42.99,25.63
8c2c2b26ae4677e7457b0daaea13a8d3,1,1d994f3116c393f22021e72f17ab5af5,809413606dbfe5deefd2db646693ef67,2017-11-13 04:32:06,44.70,14.10
8c2c2b26ae4677e7457b0daaea13a8d3,2,63de579e88d8a9982d2e279eba56e753,809413606dbfe5deefd2db646693ef67,2017-11-13 04:32:06,44.70,14.10
8c4a924fbaf8e5d685676b7a7269cc07,1,59be0d716996dda6b7d60b3e839efad3,ad420dd0c4f92f8af951ac24b86d0cf5,2018-06-14 13:30:30,160.00,19.00
8c64e3e8dd3f04f78d3b5c994ae506f3,1,d4ed9e130fbb1aca77ea64f08f1b20cc,1e483cc5c76fef08d3ca05f9a8af7d01,2017-05-02 19:05:08,39.90,8.72
8c6a3fab1ed272b02f23bb7dc9061d9a,1,8d12ee985749e3ea570ed7f5c875479a,d91fb3b7d041e83b64a00a3edfb37e4f,2018-04-19 02:30:47,14.30,18.23
8c6dfc3056be4a27212a845d5f2bddc5,1,c2bd03501cf7f4f3a1201e6069155bc0,cca3071e3e9bb7d12640c9fbe2301306,2017-04-13 05:45:22,59.90,11.81
8c7375aeac2efc63f0754588cd9d29e4,1,51ce083cd2b9078656a94655ab45b8a4,da8622b14eb17ae2831f4ac5b9dab84a,2018-06-13 10:53:50,199.90,13.83
8c87396ac0bed9eb7bd138eeef8945c5,1,ba9943916136c9959e24f71bdae28faa,8c16d1f32a54d92897cc437244442e1b,2017-06-01 11:30:15,44.90,15.10
8c8ab4a6c61aaea6eccaed2958c36231,1,57e089e3103f5cda6a4ce23b77399bdb,aafe36600ce604f205b86b5084d3d767,2018-08-22 03:10:22,54.90,19.57
8caa967e048f7c1e27144a219ad123f9,1,631cc372948b89f0211271f2546d9f44,f0e103c63864d5405b958d984b6e94c9,2017-07-24 06:10:36,79.90,12.90
8cda3e06e93016da7b1b99e24398d19f,1,5a4491fb73ef5c6689be17bfb30642eb,4371b634e0efc0e22b09b52907d9d469,2018-05-02 15:12:16,200.00,16.28
8d3b97f37bdd7afa5d348afb305858be,1,3fbc0ef745950c7932d5f2a446189725,06a2c3af7b3aee5d69171b0e14f0ee87,2018-06-27 15:17:53,66.99,23.19
8d45ba0ad212829bdc547dacea18c3a2,1,bda14a918da6a4fa9168277a57d59578,6a0cbc8af2e8abd1bdfb777943d174c6,2017-10-20 13:14:14,115.00,21.30
8d585a78c58bc6ee2c28323cfd8ce6c7,1,64fb265487de2238627ce43fe8a67efc,4a3ca9315b744ce9f8e9374361493884,2017-09-28 08:02:22,99.90,21.19
8d5adba2d82f7af4d944f45a95d5d1c1,1,fc5c33cddd49638580cfe9fec90aa943,a425f92c199eb576938df686728acd20,2018-08-09 12:24:54,97.50,22.61
8d642f469cded3eccfec417ffabc7141,1,23bcd6822a33df5534f9b290216eec1f,ac3508719a1d8f5b7614b798f70af136,2017-06-01 01:22:24,109.90,18.02
8d6708eef8a393c70109de0afb75509d,1,8458f51c49c1af4c4b388dab8810215f,955fee9216a65b617aa5c0531780ce60,2017-09-11 20:55:24,39.99,17.60
8d6793a90c7ed801dbea86d6271e3bfe,1,deb523ac578bc09b1b3ef13e66dc295f,a888faf2d1baececa6baf9c3d603ee1f,2017-03-21 14:41:27,195.90,17.07
8d7e588f9edf5e801cf455bf1961cffb,1,332f9726c0192e9edf59cb7b1fae49df,8fbe2ee446b97e128471be4ce983dc0d,2018-06-25 14:17:44,89.90,19.82
8d866309dfbf9649da64bd53a80c7b7e,1,ab9cf155f8280c3739b09fe341a185e8,92eb0f42c21942b6552362b9b114707d,2017-05-24 02:15:25,13.98,25.63
8d9c408abef22868d40547ecd87d327b,1,fb00f51d564e36645bf7eab56ce5fd43,7586919161935337bf6b6d7ff5779648,2017-07-10 04:55:25,74.80,14.11
8da66baf68f49a58324e0e8297d4f1b8,1,623eb5b692e915575c7392ca5cd5cd53,4c18691b6037662be2df78a765d98ab5,2018-05-18 19:36:28,25.00,16.32
8daeaeb312867695e95090559c5aaaef,1,52e5fdcb5e51164483d584c75bd3a478,92eb0f42c21942b6552362b9b114707d,2018-03-07 15:10:34,37.87,7.78
8dc71d90daff59b6abf5eba2e80fa928,1,88ffcf27478318ba55b1f9d22d65ce97,f3da5b2ff499efb8d4a6d371d175d7dd,2018-05-24 16:58:31,40.80,28.99
8dc71d90daff59b6abf5eba2e80fa928,2,4e41b17f39aabdb1eca7b0af6722ba62,c12b92bf1c350f3e6bf88d3596219c86,2018-05-28 16:58:31,55.99,20.29
8dcaee0f4bbb1d46a5f71c8c575b90dd,1,11dcc970f7a5581e1bf777b6da3f7096,06579cb253ecd5a3a12a9e6eb6bf8f47,2017-12-05 02:20:23,69.90,23.11
8de627d14a078b2047d929756c94546a,1,d493f5a208254fe85b3ab55d898461a1,9b013e03b2ab786505a1d3b5c0756754,2018-01-18 14:48:14,19.49,11.85
8e037d22abe0755825b4a5bd17135b23,1,121f7f44c9e25be4873ca9296542ebd3,6b90f847357d8981edd79a1eb1bf0acb,2018-06-28 13:30:52,65.50,15.56
8e0b0837352d3cdfceceb267c205eeb3,1,a662d99595c3b6054702480cb7382afe,a6fe7de3d16f6149ffe280349a8535a0,2018-02-02 13:35:26,59.90,15.17
8e17072ec97ce29f0e1f111e598b0c85,1,ac20a9614b6db9e7289b85c4f4b6216a,d91fb3b7d041e83b64a00a3edfb37e4f,2018-04-05 15:50:11,40.00,19.32
8e1ded141534096603108f1ee5c27735,1,a59fb60fddcc72a9878b7ed5cb69d8e4,7040e82f899a04d1b434b795a43b4617,2018-01-29 15:15:32,19.90,7.78
8e21294be5e4cba1d069be0f7d4eaae1,1,0aabfb375647d9738ad0f7b4ea3653b1,37515688008a7a40ac93e3b2e4ab203f,2017-12-21 02:51:30,24.50,11.85
8e3944fa77034393e3a23b589af8e3ba,1,dde7139085b54e2ea1771a2f9964d344,c3867b4666c7d76867627c2f7fb22e21,2017-10-22 23:49:21,466.00,18.89
8e5a8b1f6cf7513edaf3bf7c5573ebf4,1,68a61f99e823ef8b90bebd0161b95a0c,48fb026ed7455a42f5d3e9390ed5088e,2017-05-30 13:05:45,85.99,34.40
8e5f329bbfeedab5a25b115446d23d4c,1,389d119b48cf3043d311335e499d9c6b,1f50f920176fa81dab994f9023523100,2017-12-04 03:32:21,49.00,17.67
8e64c8a9ce934e47e871b0a4eaa973f6,1,601a360bd2a916ecef0e88de72a6531a,7a67c85e85bb2ce8582c35f2203ad736,2017-07-25 13:30:12,129.99,18.16
8e65dc9111065511a3429687624b4fd2,1,985bf2af90ac31349ca19417e2752410,48162d548f5b1b11b9d29d1e01f75a61,2017-04-18 13:55:18,620.10,21.08
8e9168f5b8cbf3a8e5d2f6767cefa724,1,10070e29929f7c7d609ee3201f236b8e,8a130737016f838139d31878787a39c9,2018-04-02 22:10:26,95.20,16.64
8ea18c94420645b8bd579dac65636c1d,1,53759a2ecddad2bb87a079a1f1519f73,1f50f920176fa81dab994f9023523100,2017-11-30 16:52:56,49.00,28.82
8ea18c94420645b8bd579dac65636c1d,2,53759a2ecddad2bb87a079a1f1519f73,1f50f920176fa81dab994f9023523100,2017-11-30 16:52:56,49.00,28.82
8ea33c8a1daf30c76ff35b6574d8fe63,1,9bfadd7644ba1f2c902fe81420c53b46,8b321bb669392f5163d04c59e235e066,2018-01-15 15:54:33,12.90,15.10
8ea4a5894120c659405242f39659da6c,1,f1d116eef76f1c526a5f2c5ce1daeaeb,cd68562d3f44870c08922d380acae552,2017-07-16 21:45:12,45.00,11.85
8ec0671b1fcacf329783aefb39813a64,1,d265065154be9a455d6a5b2a4727fe38,1f1bb1f0859883505541bdd6606193e5,2018-07-26 19:23:10,749.00,22.17
8ec34abb2dfd64e47f9336f3b6cab510,1,52e9413ed0d3e64b796aac2bc2291d50,7f2617c58d5d06806987308b45654351,2018-04-17 20:10:59,149.90,16.52
8ee32c0f656d4816294802830cd9c2cd,1,736b01e650e996639d732e4aa356da84,1900267e848ceeba8fa32d80c1a5f5a8,2017-05-26 09:50:17,18.99,11.85
8ee4362f8dfc794ac7cb9b309b4a87b3,1,c1b851dcfa2dd09a9349f396b2daeacb,6c7d50c24b3ccd2fd83b44d8bb34e073,2017-08-31 08:15:09,99.00,25.53
8ee5cab30019132affead27f19959ff2,1,0abc19e41fdc9d6894b8cae651619253,17e34d8224d27a541263c4c64b11a56b,2018-05-31 08:17:49,2470.50,94.15
8ef25ada03b56cd00e4021ea5b98f58e,1,037c68f178aefdd7a880a951dedc04d1,f00e21b1e91a79653163b7fd8f293ff1,2017-10-31 17:49:27,72.90,47.37
8ef9b1e6158c40ee1a00338ed432d6f4,1,45b280868bcc8124d9309f459a42eeaf,4d6d651bd7684af3fffabd5f08d12e5a,2018-01-23 16:55:03,169.00,12.68
8f1d6980e5537dd52cdd222e0794fdf4,1,d7ceaa970defc5f52f1affda0dc32f30,04e38a233f726ef161074ab1c9b0399a,2017-11-30 01:13:41,22.90,9.34
8f1d6980e5537dd52cdd222e0794fdf4,2,d7ceaa970defc5f52f1affda0dc32f30,04e38a233f726ef161074ab1c9b0399a,2017-11-30 01:13:41,22.90,9.34
8f1d6980e5537dd52cdd222e0794fdf4,3,d7ceaa970defc5f52f1affda0dc32f30,04e38a233f726ef161074ab1c9b0399a,2017-11-30 01:13:41,22.90,9.34
8f1d6980e5537dd52cdd222e0794fdf4,4,d7ceaa970defc5f52f1affda0dc32f30,04e38a233f726ef161074ab1c9b0399a,2017-11-30 01:13:41,22.90,9.34
8f21638fa75afaac7bd3062113867201,1,53ea9da485f6aed8a6f03a85831fe021,d650b663c3b5f6fb392b6326366efa9a,2018-05-17 22:35:22,229.00,10.96
8f448432fec521b889d6b87b716cc01d,1,bb4f8cfc76a66cb770208b2c1d2c6269,751bdc4d83a466c7206cd42e8f426b03,2017-10-13 02:44:54,129.99,17.16
8f448432fec521b889d6b87b716cc01d,2,bb4f8cfc76a66cb770208b2c1d2c6269,751bdc4d83a466c7206cd42e8f426b03,2017-10-13 02:44:54,129.99,17.16
8f4af5bc8345e13d9b92eb4d75aec7d1,1,ae4a8a8e8a8f8850c720e68c182b1625,6039e27294dc75811c0d8a39069f52c0,2017-07-25 11:23:47,699.90,83.07
8f66c7fa9b811026d696fc619becd5df,1,c3ba4e8d3cb30049213b682e751e9d00,6560211a19b47992c3666cc44a7e94c0,2017-08-14 03:50:19,95.00,7.92
8f677798a3e80c02adf52911bf8d145d,1,d017a2151d543a9885604dc62a3d9dcc,6560211a19b47992c3666cc44a7e94c0,2017-03-27 17:01:26,49.00,14.52
8f6ac8f0dd2588b2dc8dec2898d6095a,1,135cd53710b2e374b08e9a4609d6c053,ef506c96320abeedfb894c34db06f478,2017-10-23 04:07:30,17.99,15.10
8f7a223cdbc2ea83ac07383d97b46fd6,1,39aa98469aa7460a9764311b3f8efb12,391fc6631aebcf3004804e51b40bcf1e,2017-06-08 02:15:17,45.95,15.10
8f7d470b019f3b33a814cf048df30370,1,62953ad36e6c894ce69fc72d9a5246f3,4a3ca9315b744ce9f8e9374361493884,2018-04-06 08:29:16,230.00,224.34
8f8e4c6e05e4b84707bf0dafc310fc7b,1,15d8ac236009f0d5e74a5033a53ba460,710e3548e02bc1d2831dfc4f1b5b14d4,2017-08-09 16:15:14,309.99,15.90
8f95199a6809023bbfabcd9759bd04a1,1,d29534bc8c74cd3d91e0f175a5c9b366,c731d18cea9bf687ffee82a241c25b11,2017-12-05 18:12:31,137.00,0.11
8f95199a6809023bbfabcd9759bd04a1,2,a8075470f960215ffb67624782f80fec,ff063b022a9a0aab91bad2c9088760b7,2017-12-05 18:12:31,99.00,63.43
8fa3ca81ea5bfd6524490d91832821b1,1,416fad0f58722ac772e8ac9b3e33a0ca,2e1c9f22be269ef4643f826c9e650a52,2017-11-03 07:06:15,33.49,11.85
8faff12af96ce78eba0d5b1597d5baa9,1,e7ce29342574abe2fbf171df97fdb092,7aa538dd6e114e503a2e6154ea352253,2018-08-15 23:04:20,69.90,14.80
8fb030b413de395dcbb7cb1a3c9b256e,1,34b61264ecf24043cc09e6f4dbf6c0f4,cbbd5ae8f53de5f5097cd8217b529e24,2017-02-16 00:02:36,175.90,38.19
8ff6ced519949488b47afc0e5af711f7,1,d19c5ff1a4d4e8b0558536d57cf43cf7,955fee9216a65b617aa5c0531780ce60,2018-03-29 14:15:29,190.00,36.56
90084fb270986d4c0fc78715cc46840e,1,8ced2631a18d2e0814557875b3bb907b,391fc6631aebcf3004804e51b40bcf1e,2018-05-10 13:30:40,49.95,12.79
90084fb270986d4c0fc78715cc46840e,2,9d32095f76b97762307e86cfc18dd7a0,391fc6631aebcf3004804e51b40bcf1e,2018-05-10 13:30:40,49.95,12.79
90176c61fcf0cfd97a3e373c0375ec49,1,bc072f287b475a918c00b3478d1bcef9,1690cada046eb7e92c12f98b1f8a8167,2018-07-25 13:03:48,159.00,18.24
904a8c5eecb566b06d4737b0cde3e0ab,1,a1250bbcaa645885c9165eab1573b5c6,6560211a19b47992c3666cc44a7e94c0,2017-07-20 00:23:56,49.99,15.10
9053a7a342729c317ced50baf9de3040,1,4fcb3d9a5f4871e8362dfedbdb02b064,8581055ce74af1daba164fdbd55a40de,2017-10-04 12:49:23,143.80,15.76
905cf34043925642f36abb99eea3f3d6,1,ecbe401f10ecd3b822d940d63cc3311e,cd68562d3f44870c08922d380acae552,2018-01-31 19:13:19,79.00,16.31
905cf34043925642f36abb99eea3f3d6,2,ecbe401f10ecd3b822d940d63cc3311e,cd68562d3f44870c08922d380acae552,2018-01-31 19:13:19,79.00,16.31
905f99d528bb299e8c62c67657cd8ccc,1,5b4341a1e617e4d33c3305158ff03c69,2089a6d640999f9b9141ac719b2af596,2018-03-05 02:51:41,179.90,12.76
9069cf8008a940efbe703ea943d271a5,1,9b462e55a70e01cfd3f9686d12e11f09,8648b1e89e9b349e32d3741b30ec737e,2018-05-18 15:56:58,32.00,7.87
906aae501a08de5072a4db9471da01a9,1,154e7e31ebfa092203795c972e5804a6,cc419e0650a3c5ba77189a1882b7556a,2018-02-28 23:47:21,23.99,14.10
906f3bc1c109fc6476f1d3002448f260,1,bb50f2e236e5eea0100680137654686c,f7ba60f8c3f99e7ee4042fdef03b70c4,2018-03-12 16:15:43,325.00,38.96
90747e77f1f92c16ef47b7e5aa910e0d,1,caa1675deee5711b3aff1e4f5946266f,8d956fec2e4337affcb520f56fd8cbfd,2018-08-24 03:44:28,74.31,15.62
9089ae7edd24a60e79f8bd277e3c654d,1,d2bea3c01e172037caa99b2d138f39d0,9674754b5a0cb32b638cec001178f799,2018-01-08 16:30:20,19.90,16.11
908e9be16fe93027637f6ffadae3bd15,1,b931645cdc2d9868f01544e8db63f5ab,b14db04aa7881970e83ffa9426897925,2017-03-17 13:33:07,69.00,14.25
908e9be16fe93027637f6ffadae3bd15,2,b931645cdc2d9868f01544e8db63f5ab,b14db04aa7881970e83ffa9426897925,2017-03-17 13:33:07,69.00,14.25
90a0f36026ffd698c58239148a28b412,1,58bf57007fcbbcc3c327d9de8cf5dbf8,ccf8813e5a7d6c84d865cd38bfc2b130,2018-05-07 02:30:57,102.00,19.68
90b27d5506a9be4b5fb162ac5857d2b7,1,942a3f93bb7ecf95f0b901bd89f4acdb,54a1852d1b8f10312c55e906355666ee,2017-02-03 19:43:36,159.99,18.00
90b6617b9e582f286d8b5d1603c292a2,1,3354a4e684f5e7199f9407db70ccd92b,7a67c85e85bb2ce8582c35f2203ad736,2018-05-11 12:56:47,89.99,19.60
90b6cdda02bbf9ef9a404d36e11a8268,1,78efe838c04bbc568be034082200ac20,0241d4d5d36f10f80c644447315af0bd,2018-05-22 07:56:08,99.90,13.31
90b6cdda02bbf9ef9a404d36e11a8268,2,f08b29913c73e394bc8477b1e69f7762,ccf8813e5a7d6c84d865cd38bfc2b130,2018-05-23 07:56:08,102.00,13.31
90bd4466c2905d7b5b56370149e62bcc,1,269e87010f6d5e57015a90b00983e334,0db783cfcd3b73998abc6e10e59a102f,2016-10-14 00:22:45,35.00,16.05
90bf73869f0ae6e4ea3731dcf7e2e620,1,60d60857503b0e721781320f4fa28acf,43402bdf22aa2310e8f99e2f94f78628,2018-06-18 04:12:22,189.99,19.21
90dd995b31d5fdf734e55fab036c4690,1,50147c350ddbaff0646aeac455c7473e,a673821011d0cec28146ea42f5ab767f,2017-04-19 18:02:28,119.90,16.05
90f56b2ed34b8c5f56dd1255faca84e1,1,89321f94e35fc6d7903d36f74e351d40,16090f2ca825584b5a147ab24aa30c86,2018-07-26 12:00:09,27.90,22.13
90fdc874aae30f20d38d3cf1cd9161fb,1,097ca319958c11c2425d2f111f860707,95f83f51203c626648c875dd41874c7f,2017-12-08 17:46:55,39.90,25.19
90feb1846fa42bbfe6d411d2d018d194,1,aca2eb7d00ea1a7b8ebd4e68314663af,955fee9216a65b617aa5c0531780ce60,2018-05-25 12:54:49,69.90,12.43
9105a0f2573fc723a25f05db30a3117a,1,e4985e03cd939f1a9f81c65e949f1688,edb1ef5e36e0c8cd84eb3c9b003e486d,2018-01-10 00:31:18,97.65,8.43
910b6236c4771f905eeb252718b05b6e,1,372645c7439f9661fbbacfd129aa92ec,da8622b14eb17ae2831f4ac5b9dab84a,2017-07-11 17:14:07,99.90,17.95
911a1415223d88db2cb3009539457465,1,3e4176d545618ed02f382a3057de32b4,02f5837340d7eb4f653d676c7256523a,2017-11-27 17:55:23,142.50,12.70
911ac4b6a3d83be295853192aa63fbaa,1,036734b5a58d5d4f46b0616ddc047ced,ea8482cd71df3c1969d7b9473ff13abc,2017-10-13 20:49:32,27.99,7.78
91244521aad278a4f697dfd15d31287b,1,dc751b73cf0f6958dc9c7cabb1a38902,f8db351d8c4c4c22c6835c19a46f01b0,2017-05-11 14:02:32,61.90,17.17
9142a3c29501af1e90aa7eea2a6949b3,1,99f5b2240b82bf9387e5cf2fc0335b08,1c68394e931a64f90ea236c5ea590300,2018-03-13 15:10:31,115.52,18.38
9147e4f91a0a2071875cf411ec60a10d,1,508d5e8ce8e79bb506f9f0c096b295c4,7c67e1448b00f6e969d365cea6b010ab,2018-06-19 15:50:02,79.98,25.14
914ccbb5110ed49b96c301b5fbf8d629,1,9fef57f37ae72292952e73ff9a7a3fee,f8db351d8c4c4c22c6835c19a46f01b0,2018-05-17 10:55:15,449.90,85.47
914ccbb5110ed49b96c301b5fbf8d629,2,9fef57f37ae72292952e73ff9a7a3fee,f8db351d8c4c4c22c6835c19a46f01b0,2018-05-17 10:55:15,449.90,85.47
916176e8ce74772807cfb28860535ae0,1,8c292ca193d326152e335d77176746f0,7e1fb0a3ebfb01ffb3a7dae98bf3238d,2018-06-05 19:16:58,151.00,18.94
9167e0a67d886b453dbb9318f1db42cc,1,76be7b20bf23f866fd105deee7b205c6,cd06602b43d8800bd0afad514919d35c,2017-06-19 18:23:17,37.00,15.10
9167e0a67d886b453dbb9318f1db42cc,2,76be7b20bf23f866fd105deee7b205c6,cd06602b43d8800bd0afad514919d35c,2017-06-19 18:23:17,37.00,15.10
918a23b289e2ce640ef9dc1f1b4043c5,1,94252831daf1ef36429398257ea0450c,70849ca4f400aaabb62cb7462a6f1428,2018-03-23 13:35:40,39.89,17.93
91a5fad6dc3c119cb3dcbc59f22b9f80,1,5f19455f0c3902e89f16a6042bd4221d,900ba814c251a692506d7834c1218441,2018-02-01 10:17:21,414.62,40.74
91c3ea3f720dd9cc12b762347379b0eb,1,601a360bd2a916ecef0e88de72a6531a,7a67c85e85bb2ce8582c35f2203ad736,2017-08-31 02:10:11,107.99,21.16
91c4fb2a013280c780ea608101fcac7c,1,c07d367dd7b78b0558e7a3e1e1a975c8,4a3ca9315b744ce9f8e9374361493884,2017-11-06 22:06:34,422.00,36.31
91c506e966d7f684b4fa307b02341fcc,1,79366d6a24de9351b7ca6e3cf75a68ec,cc3d14116804f7209f3884f6367f1152,2017-12-28 16:32:31,193.00,18.60
91ce1f474cc41b0c5317e79388fe50d5,1,6c3effec7c8ddba466d4f03f982c7aa3,37515688008a7a40ac93e3b2e4ab203f,2018-01-04 02:35:49,24.50,16.79
91da0c6e7a09dfed94e7cdd19982467b,1,7340a3839a1de1e99d149b8cf052a2ec,4a3ca9315b744ce9f8e9374361493884,2017-05-04 12:34:36,69.90,11.88
91e725244b1ed72249f35430530e8bcb,1,ac44def10e24998cdee20a208d691127,8160255418d5aaa7dbdc9f4c64ebda44,2018-06-29 15:32:04,89.90,23.43
91efb21be6a9b69ab5e7f13f7dd74b3a,1,78efe838c04bbc568be034082200ac20,0241d4d5d36f10f80c644447315af0bd,2018-07-02 09:10:39,99.90,24.57
92067448c4d19cbdc8e0f8dd683e63b8,1,eb8c629f70275fd1c4f809116cce1efc,1025f0e2d44d7041d6cf58b6550e0bfa,2018-05-09 22:55:14,35.00,9.60
92067448c4d19cbdc8e0f8dd683e63b8,2,eb8c629f70275fd1c4f809116cce1efc,1025f0e2d44d7041d6cf58b6550e0bfa,2018-05-09 22:55:14,35.00,9.60
92067448c4d19cbdc8e0f8dd683e63b8,3,eb8c629f70275fd1c4f809116cce1efc,1025f0e2d44d7041d6cf58b6550e0bfa,2018-05-09 22:55:14,35.00,9.60
92067448c4d19cbdc8e0f8dd683e63b8,4,eb8c629f70275fd1c4f809116cce1efc,1025f0e2d44d7041d6cf58b6550e0bfa,2018-05-09 22:55:14,35.00,9.60
9215daa2d711ae5055008f444f6688c8,1,425db55cb3b0f5b18a2d9964da31c3c0,2a84855fd20af891be03bc5924d2b453,2018-01-18 19:12:20,49.90,14.10
92295e7114a22f7180b04673e44cda17,1,c07d367dd7b78b0558e7a3e1e1a975c8,4a3ca9315b744ce9f8e9374361493884,2018-01-17 21:19:24,422.00,31.74
923858c3c7a920c2b0ac32ad75bb0280,1,a659cb33082b851fb87a33af8f0fff29,817245bcc3badd82bbd222e0366951a6,2017-12-13 03:12:38,89.90,12.13
923858c3c7a920c2b0ac32ad75bb0280,2,a659cb33082b851fb87a33af8f0fff29,817245bcc3badd82bbd222e0366951a6,2017-12-13 03:12:38,89.90,12.13
923858c3c7a920c2b0ac32ad75bb0280,3,a659cb33082b851fb87a33af8f0fff29,817245bcc3badd82bbd222e0366951a6,2017-12-13 03:12:38,89.90,12.13
923858c3c7a920c2b0ac32ad75bb0280,4,a659cb33082b851fb87a33af8f0fff29,817245bcc3badd82bbd222e0366951a6,2017-12-13 03:12:38,89.90,12.13
923cc27376a32cd0e1252597e42a5586,1,9330504b97ecb321002b3f0af1f0f467,cca3071e3e9bb7d12640c9fbe2301306,2017-08-23 12:10:11,52.64,25.65
9241b8242fcfa16437e5eb1136ff9d1e,1,55c241d4a5f20682cdeaec642cb06fa8,dd55f1bb788714a40e7954c3be6df745,2018-03-27 10:08:09,380.90,22.72
92599308ba8d89889268df82c199bae4,1,d2ff5f62363de6bace21676323900d0d,4a3ca9315b744ce9f8e9374361493884,2017-12-01 10:30:53,119.90,27.39
92744b8bd0b36fe5d9b3ea74a6edf994,1,0bcc3eeca39e1064258aa1e932269894,1f50f920176fa81dab994f9023523100,2017-11-09 09:15:32,59.90,6.72
92744b8bd0b36fe5d9b3ea74a6edf994,2,0bcc3eeca39e1064258aa1e932269894,1f50f920176fa81dab994f9023523100,2017-11-09 09:15:32,59.90,6.72
927b55d4e72a05e5af01fa69bea2a4ac,1,60184212dae4e6b0da32bf54271a8c4a,c60b801f2d52c7f7f91de00870882a75,2018-06-18 00:32:47,285.00,8.86
92ae7ea2c6f759b8aa53b32b59e0d142,1,40e9fb75d3f96d5cca8fe7af35675ed0,4e17c65a516f69d023a2ae78b84f28d6,2018-08-20 15:05:17,81.90,13.23
92af6caa17b88fab18c4c443739e1f13,1,baf13e0439b20cf7b30c07d3657f8145,2ff97219cb8622eaf3cd89b7d9c09824,2018-04-16 10:50:40,109.90,23.35
92b2185ad7819322fe1488669fcb1f31,1,e27e689c4ce425f2fe7e2a270fd4d2db,b2479f944e1b90cf8a5de1bbfde284d6,2018-01-25 19:09:34,35.99,12.69
92b48ee2f99d597171a30fc4a45e81ad,1,9fb9a39f2e393018aaeb432394aff48f,c03121937e54a93fcc1825c3098bbb6e,2017-04-25 20:05:17,149.00,32.64
92bdfe9e203d9d027f9c26b8b39f6ec8,1,0aabfb375647d9738ad0f7b4ea3653b1,37515688008a7a40ac93e3b2e4ab203f,2017-09-13 22:55:14,19.90,11.85
92c10d3fad01ec9df6ccf1fc0461ac60,1,4a69baa66a13d1adeb41cfe3bc0c27be,bbad7e518d7af88a0897397ffdca1979,2017-06-30 15:25:23,99.90,15.46
92e84486f579af569ada10423502d997,1,a1c4213421e6cf98f7167b2086e96ea2,516e7738bd8f735ac19a010ee5450d8d,2018-06-28 02:58:13,49.00,15.44
92ecc22dcdb92188d9866d8b120c5428,1,fd40f3ef9c7fb9c550619a88af47a5de,55d3daac7c404d59e51c2aa2f4dc5a23,2017-11-17 02:55:46,205.00,62.62
932917bf5776b6b41c8184cde607a9bd,1,d63c1011f49d98b976c352955b1c4bea,cc419e0650a3c5ba77189a1882b7556a,2018-03-27 23:31:42,59.99,8.88
932fbcd8ff83452581f2b710115f094e,1,2708ea4fc1340081efeffbf11f14d765,f8db351d8c4c4c22c6835c19a46f01b0,2017-05-11 12:32:00,129.90,26.82
9333298e9cc54a35f22242a9fc3a3ad0,1,10070e29929f7c7d609ee3201f236b8e,8a130737016f838139d31878787a39c9,2018-07-09 22:10:48,95.20,23.47
9345b6d9c1df4782997d1f2157647d63,1,e63e00cfcd91a5b34c13e2134671e842,7c67e1448b00f6e969d365cea6b010ab,2018-02-05 13:47:51,79.99,15.31
934838488a3fc133b3cb9b1f716c5937,1,2028bf1b01cafb2d2b1901fca4083222,cc419e0650a3c5ba77189a1882b7556a,2018-07-26 00:55:21,49.99,18.45
934e266bc66e8ed5bba8266dfde60175,1,e53e557d5a159f5aa2c5e995dfdf244b,88460e8ebdecbfecb5f9601833981930,2018-05-25 14:14:49,79.90,9.71
9365c8c75027cd5e429a9355f1e088b8,1,6c3effec7c8ddba466d4f03f982c7aa3,37515688008a7a40ac93e3b2e4ab203f,2017-11-28 21:53:37,24.50,11.85
9378b5fa3133e86bb44a365e66c24b03,1,8222184819ebec6f4191df347b4166a9,f5b44895715ddfe3087dc414f30268f3,2017-10-10 10:56:28,19.00,34.15
937906bc0b6f522125f9b2a1f39cd358,1,6ebb63a07bf2ac2ba7a17b0e8a4acc3d,fa1c13f2614d7b5c4749cbc52fecda94,2017-11-30 18:15:32,359.90,10.71
937b8c2c23c033f63b1b46e876b2c385,1,fbce4c4cb307679d89a3bf3d3bb353b9,c33847515fa6305ce6feb1e818569f13,2018-07-04 09:10:32,149.00,39.31
937b8c2c23c033f63b1b46e876b2c385,2,f5889057b0c061390ce20f4b7b842ac0,daf565f087a52def0fd5c5825b3661bc,2018-07-04 09:10:32,49.90,39.31
93aa1607392862dacfb4b54774480f1d,1,e70f7c188cd2c0f01a1f6b35411cc481,6560211a19b47992c3666cc44a7e94c0,2018-05-09 12:55:06,78.00,12.99
93aa3771306828f17309cce989a90e5f,1,101db7b4f26cc560363660d06fe980cd,e5a3438891c0bfdb9394643f95273d8e,2018-03-09 15:49:36,55.30,15.14
93ae3d70a721582a8c0a1d28d804f947,1,12f996b4a20f364ff8b53e086e0bff8c,14a08204d03bb6b6bde8029f801ae0eb,2018-08-15 21:04:54,45.00,5.60
93ae3d70a721582a8c0a1d28d804f947,2,d7252737cad49d030f9ce83b50249120,acce39e832338debb07b02385cde5967,2018-08-09 21:04:54,129.90,26.68
93c781a8790c89bac596f6ff7d924c73,1,333789d98505fa09e6e270b62360996e,b499c00f28f4b7069ff6550af8c1348a,2018-07-09 10:30:51,69.99,23.29
93e01af1a5d9d9d64c5668ec037ed020,1,3a12fe499b9342f78cb827ee18393e7f,1900267e848ceeba8fa32d80c1a5f5a8,2017-07-06 17:30:10,39.99,13.37
93ec3e2c9a4beee38c28973d307093e1,1,7ae5c4294636a8ccd3d8574daa6d7d21,17a053fcb14bd219540cbde0df490be0,2018-04-04 14:35:21,179.90,24.55
93f09cc1052604f96116493cbf93606b,1,d37b48918cb999510be8ea3bfded4c94,77a515caa36327151d1cc6c32a9f00e1,2018-07-31 20:50:21,93.60,8.82
93f0b28291bddb8a70034aa5138ddf24,1,426c58d69aa402e5397c4b6471420fbe,e9511df20ccd82658a30c37b7fb343af,2017-12-01 20:07:23,155.60,21.58
940c5c8cc3ea86ca75804a5c8c350533,1,e0f33a3329af6716a0bb47fd7a664439,7e26c750b4cb9f6766f58265ff9ebe95,2017-03-26 21:21:37,49.80,14.52
940f98f306f127ddd621e4a991e03478,1,99a4788cb24856965c36a24e339b6058,4a3ca9315b744ce9f8e9374361493884,2017-08-02 12:50:17,89.90,17.07
94179e454a575df8240e5f5246490129,1,a74d56e3486a7ddc68958695a48277d1,3364a91ec4d56c98e44174de954b94f6,2017-05-05 14:45:14,279.99,75.12
941d226d049bdb705438d2df05047b54,1,1ccef988a8dd457a93b0b4833b8f0724,1ca7077d890b907f89be8c954a02686a,2017-09-28 02:26:18,35.00,15.10
94205d5566885abf3cb4da408bdb1ae9,1,c1f5307decb89342351bec53668cffd9,ea8482cd71df3c1969d7b9473ff13abc,2018-07-18 08:25:10,29.99,18.31
942818fe0196e1b31017bffb40c048ba,1,594381e7d3cde69f13070b6ededd9e46,1da3aeb70d7989d1e6d9b0e887f97c23,2017-11-21 03:46:41,56.99,16.16
9444fa2ab50a3f5af63b48be297eda24,1,83fe1ea6fd12c51fcd341a9968e65cc3,a3a38f4affed601eb87a97788c949667,2017-09-14 15:50:24,44.90,17.60
945cebd7f0d6886e7971663839507ec4,1,f98ab3dc92c46ebabdc8f613acfae537,709e16e2b25c7474d980076c6bfc4806,2017-12-12 13:14:30,37.90,11.85
945fb6d37a9ca75061ff8741ae8c19ab,1,f4f67ccaece962d013a4e1d7dc3a61f7,8581055ce74af1daba164fdbd55a40de,2017-06-12 16:50:27,241.10,31.53
9482fa3487de3e3fec62063176aec6f2,1,ad7beed1d6b41ea967b2724468a23c92,6edacfd9f9074789dad6d62ba7950b9c,2018-03-27 11:48:18,34.90,7.39
948368c5523e4c43acf831fa3353992b,1,33fca9d59532dd4c191217a979346ab9,fe2032dab1a61af8794248c8196565c9,2017-08-24 09:04:24,242.50,9.89
948368c5523e4c43acf831fa3353992b,2,33fca9d59532dd4c191217a979346ab9,fe2032dab1a61af8794248c8196565c9,2017-08-24 09:04:24,242.50,9.89
94876636c0c9ddd3455bffe120d95c68,1,a208b8f91710996b4d3de5d3ee103efb,4e17c65a516f69d023a2ae78b84f28d6,2017-11-30 02:46:13,79.00,9.37
9497fdeba0ce6632e8e88b47fba765fe,1,8d139b1550c8cc91a3babc9cfe9fc147,c9c7905cffc4ef9ff9f113554423e671,2018-04-17 23:50:03,55.00,19.36
94a71bedec852e752e86d530d03d6061,1,3e442d09f9dfef002aadf31960869f65,85d9eb9ddc5d00ca9336a2219c97bb13,2017-02-12 18:31:57,20.90,10.96
94acd425f088b17d675c6f8801f9dcfb,1,d73a7e3009d1b8f498a0ffd3e8ae6565,da8622b14eb17ae2831f4ac5b9dab84a,2017-10-09 03:49:15,39.90,16.11
94c6026e6a2dcfeb6847cef50df19736,1,564f6ff7ae760d6eda6d32c551724036,da8622b14eb17ae2831f4ac5b9dab84a,2018-01-15 14:09:34,199.90,21.89
94ca38619d7e64f94facac403a99682d,1,05df88a280f9c6edca3b2f5f9b3e75ad,7ad32824caee82087b3e2e5f33b1bf32,2018-08-01 16:05:13,91.00,7.78
94ca38619d7e64f94facac403a99682d,2,32dfa38395ccd47d7b320470b0514fee,1900267e848ceeba8fa32d80c1a5f5a8,2018-08-01 16:05:13,13.99,15.55
94ca38619d7e64f94facac403a99682d,3,32dfa38395ccd47d7b320470b0514fee,1900267e848ceeba8fa32d80c1a5f5a8,2018-08-01 16:05:13,13.99,15.55
94d97c26cd5ca2a98749be9e672b44d4,1,d966b3fb4175fb014b8c120ac820a41d,dc4a0fc896dc34b0d5bfec8438291c80,2017-09-04 12:35:28,92.42,17.90
94da085d2799047c766f7df765931c49,1,95ed6f297ce9eff502631d01905cbd9e,808d4348b916efa08e766ebad39f61eb,2018-08-20 04:35:17,19.90,15.24
94df1f9b9ae08c944036a4ef894be868,1,5972ce0f3fcc077f4017b1f7cd9eb9f9,709e16e2b25c7474d980076c6bfc4806,2018-03-09 10:31:06,43.90,15.10
94eadd6bc72a7dde85095b20f33e06e9,1,e8ca1ff2d0a28edb5be8bfbf2964dc3a,6b536a23086fba0d58c08d68814397f6,2017-12-19 02:39:39,49.00,16.92
94eadd6bc72a7dde85095b20f33e06e9,2,e8ca1ff2d0a28edb5be8bfbf2964dc3a,6b536a23086fba0d58c08d68814397f6,2017-12-19 02:39:39,49.00,16.92
94f07507c9b68ea4fd0a02fdba2a6fdb,1,0fe81ae548bfaebcb1efcb38208efa1c,8e6cc767478edae941d9bd9eb778d77a,2017-07-10 02:50:13,25.50,15.10
95287574a39117622fd74f06cadf5eae,1,f731f8587d4088c174397e010cf892a9,cc419e0650a3c5ba77189a1882b7556a,2017-08-15 08:34:29,56.99,21.20
952b0fbb4e6916733377e53f96398051,1,85fcf0af8941e2a6d93bb2df970c1650,c3867b4666c7d76867627c2f7fb22e21,2018-06-19 21:58:47,194.90,48.41
953b30be6cd0f69c4339736550b2dc1c,1,6a8631b72a2f8729b91514db87e771c0,128639473a139ac0f3e5f5ade55873a5,2018-05-02 03:51:18,29.90,18.23
95442deb81a5d91c97c0df96b431634a,1,98eb4ae2cc4f0aa3f5c7762583b71e51,7d456afc660226829370f3173d14520c,2018-07-24 04:45:21,169.00,15.49
95442deb81a5d91c97c0df96b431634a,2,98eb4ae2cc4f0aa3f5c7762583b71e51,7d456afc660226829370f3173d14520c,2018-07-24 04:45:21,169.00,15.49
954ecf032c0fbd43696c6b12baaa293b,1,b6475dae3a2796ed87cabc7b8e8debcf,eb5b6204dde3a6e03b5f1bb8479f055b,2018-02-22 02:47:51,19.90,14.10
9553913bb01853f78a265724d13eda3a,1,d71dee111aab947d8d1216505f130d8e,51702dc2a3e106c76dbff722b5bf0726,2017-03-01 23:49:22,169.90,18.48
9557c06b25706a833b8edf4783ea5661,1,2708ea4fc1340081efeffbf11f14d765,f8db351d8c4c4c22c6835c19a46f01b0,2017-03-22 16:20:49,129.90,14.68
956e905489c92b9c9478e8bd23609261,1,9fe5201316c8185058e8a4056e53cc78,cd68562d3f44870c08922d380acae552,2017-07-13 01:45:06,65.00,12.79
958407f3ab4e9f0d5d03a341f3840ce2,1,b126c36658d4d8ae320a4ad38531cbaf,0be8ff43f22e456b4e0371b2245e4d01,2017-12-07 12:11:58,47.90,8.72
958da7d574d07d1acbcf0c5c0f5ea9b6,1,5d2d01b64b76916f0cbe74e407041187,53e4c6e0f4312d4d2107a8c9cddf45cd,2018-04-19 12:31:43,34.32,9.26
959815491185d6d44b4adfb9caaf3b9f,1,8ce0b48cdcc4b753ae4de64497998338,75d34ebb1bd0bd7dde40dd507b8169c3,2017-03-22 11:12:01,149.99,21.50
95b02752714c6c5c8aab8570ab649d52,1,c3e34cbfe33021ebcb984bc07aef6b73,f7ccf836d21b2fb1de37564105216cc1,2018-04-18 05:11:26,34.90,13.71
95d9d2979d40161be87292ff88563cba,1,634256dbcd184b3757ffd7632c9fe52a,42b729f859728f5079499127a9c2ef37,2018-06-17 23:53:58,24.90,7.39
95d9d2979d40161be87292ff88563cba,2,634256dbcd184b3757ffd7632c9fe52a,42b729f859728f5079499127a9c2ef37,2018-06-17 23:53:58,24.90,7.39
95e07772220c46b29b44d09579d28662,1,5f21301936c11698db6aee5444190da0,fe2032dab1a61af8794248c8196565c9,2017-06-15 20:30:29,149.90,26.33
95e4477d8423c69a93c55d840e02d9ba,1,8d99a7ed81f061ceed740d8900be880a,4a3ca9315b744ce9f8e9374361493884,2017-02-01 23:55:20,48.90,18.00
95efc26128229ac33bfc67d4fce8fa28,1,516a7c0b152777ac153b6ff568582222,a1544b9ea0b2390e020537d4daa89049,2017-08-20 21:30:14,49.90,17.63
95fba842978e008c75e640b1908f1867,1,32e390b4e48d09326cac6e93679160aa,bacb1f0ed56ad24198f5810d2b3fe9a5,2017-07-13 06:43:07,218.90,13.49
95fd02c37f493e9525e3d3c1ed54653a,1,16ed6a6e3fce23b741650437fe58d65b,e5a38146df062edaf55c38afa99e42dc,2018-03-05 13:28:43,89.18,9.44
9621eafd687a505c4f065d9181331a48,1,a42d9c825894f96fc6ed02610891454d,4d6d651bd7684af3fffabd5f08d12e5a,2017-09-25 10:56:09,69.90,20.98
962b2008b2f1e396e0d30b76caa96832,1,1c928305f64aa4a643ca1c969c0abad7,8b321bb669392f5163d04c59e235e066,2018-03-05 04:11:31,15.00,8.72
963030216f9dfae3f21a1660bfed8274,1,41f447e263110b954a7e52f6052ab5e1,b76dba6c951ab00dc4edf0a1aa88037e,2017-02-09 20:21:51,11.97,10.96
9632facd8bd95315d63a23bf616d85b0,1,732bd381ad09e530fe0a5f457d81becb,8b8cfc8305aa441e4239358c9f6f2485,2018-01-18 12:39:24,958.00,27.76
967c49716bb3079dd0f2e8cc27301f92,1,ac2c77058e1e5ec1eda726fe7358ef2f,47efca563408aae19bb7206c2d969ea9,2018-05-03 11:30:40,295.00,28.15
9680f3fdc078a63f1a4d5fca0f7790d8,1,242e1933d9cb1c789d3c6a3f2d083ba0,e48b04bf1aa1ef711caebeb7aede6180,2018-03-29 16:08:46,185.90,28.06
96855425ac02c08fd0467f1fa9186d4d,1,06c6e01186af8b98ee1fc9e01f9471e9,fc906263ca5083d09dce42fe02247800,2017-06-01 02:35:20,39.90,8.11
96908b69c6dfbc8e2c29c2a2142a93a1,1,e205eb6683dbf1812c2338baf0575ed0,76ea5315acb3f5f7ade3cd261faf922a,2018-07-16 04:30:17,29.80,3.16
96908b69c6dfbc8e2c29c2a2142a93a1,2,6fd08d44046ab994b96ff38ad6fcfba1,768a86e36ad6aae3d03ee3c6433d61df,2018-07-16 04:30:17,25.00,12.65
969d261a3f4c639b3acdc0ba090fc039,1,ba4a91633739ceceb2b73b627e2cfbc3,7c67e1448b00f6e969d365cea6b010ab,2017-12-20 10:31:27,139.99,38.50
96a829e0e554c697670638997aadc45b,1,3120b244fb6ccbf5e91a53148ea1bd88,a36b125ac6d5fdbc7f50de85c9157bdc,2017-04-27 02:45:36,44.99,10.96
96ae30a2357a999e6010b2f1401af374,1,20cfa43a881c16cdedaaab83e139d302,45d33f715e24d15a6ccf5c17b3a23e3c,2017-08-04 16:50:17,26.90,11.85
96c85fb240067205674e99425c5df3de,1,30ed2f5bb848bade9d8906ef78dd880a,6fd52c528dcb38be2eea044946b811f8,2018-02-22 15:51:48,129.89,16.67
96c898ec831c5199304b2b5b43157ede,1,817e1c2d22418c36386406ccacfa53e8,624f4ece8da4aafb77699233d480f8ef,2017-08-24 11:45:11,189.00,26.07
96fbf81fa0815632ed37610e1ab103b6,1,f26687a556d96d5ba708b2ae3db5fbed,d4e4b5192cba4e0e66eb12a9d347239d,2017-07-14 18:30:07,54.90,17.66
970390fb495e959776145e1bfe58de8a,1,6513f1270c9ff1de6da7c745ae2910ae,1da3aeb70d7989d1e6d9b0e887f97c23,2017-08-03 22:15:18,23.99,7.78
970a70981a389f6826a1e0427823f9fc,1,e9b75636f87ff4fff561c833726f17c0,febab0275244b9a49a623f0bd613ca2f,2018-05-02 23:15:24,91.50,57.50
972e7938b32b93b78bf5faf4358ad5fe,1,91442659f31ec0f0fc73215e77854fac,6560211a19b47992c3666cc44a7e94c0,2018-07-26 21:05:23,55.00,15.49
9735dec1ed2250c0791871ceed7a0161,1,006baa9a5b8f95895f15273a35bc2664,8f2ce03f928b567e3d56181ae20ae952,2018-01-30 23:16:10,99.90,13.25
97479dca48e26f93b2d370551d4603c5,1,a869ec6209c361ca46dad85a5530e119,c3cfdc648177fdbbbb35635a37472c53,2017-09-15 17:50:11,159.90,21.61
9760a853206ee0cabbd18c7449b4edb2,1,4390e4e834a8679a940d6795b52b5e58,7142540dd4c91e2237acb7e911c4eba2,2018-04-19 09:55:12,59.90,24.61
9760a853206ee0cabbd18c7449b4edb2,2,6cd26b425f717a6d9202bc287c9d5e6d,6a8b085f816a1f75f92dbac6eb545f8f,2018-04-19 09:55:12,51.90,24.61
97629524819bce0eba7d519f19af5810,1,25f86162fee18735fffdb762dcb10d7c,1a3df491d1c4f1589fc2b934ada68bf2,2017-07-07 04:43:28,159.90,29.52
97998b2b2e9a8fdfaa4ed32426a52878,1,c476f7ea19b96cf3e65bd83d88439250,3db66a856d18a9cba7c9241fc5221c50,2018-05-28 00:14:42,99.90,27.43
979fdfc1766453994df684ee9637ec80,1,fabfaca40872eacb2fdd24bc37a01232,855668e0971d4dfd7bef1b6a4133b41b,2018-07-24 02:35:17,45.00,86.21
97a046d5a9aba90849e4279fdd014fb9,1,39aa98469aa7460a9764311b3f8efb12,391fc6631aebcf3004804e51b40bcf1e,2017-03-21 18:39:33,45.95,10.96
97a982d424741dfe24bc1ca5d943ad70,1,b35370362fa3ad4b1976f2a11f146dfd,78744a20ee2f80ba64f6804c25def2b8,2017-12-04 15:58:20,499.00,65.89
97abdc70b137f4f0934fb120debe3b58,1,1491a8ff192d4b5c369b0eaa2fe33ee5,37be5a7c751166fbc5f8ccba4119e043,2018-03-02 02:15:33,219.99,26.38
97ae631fa495a9b1e3a4b4f14379846c,1,f1bc55c22d7212dbec2c6d63e38f577e,70c27847eca8195c983ed7e798c56743,2018-08-24 15:05:28,37.99,15.37
97b7decf3d24b8e8db00cab51c75c372,1,e06f99e79036d681effa3de75989bf22,6560211a19b47992c3666cc44a7e94c0,2018-07-24 03:23:56,59.00,7.67
97b8a149d521ea9fbbbce767a458846e,1,fd0065af7f09af4b82a0ca8f3eed1852,b1b3948701c5c72445495bd161b83a4c,2017-06-26 11:24:00,1999.99,26.55
97bca524044b6fffcdbcc4ced6e2390f,1,aad0c94aa869497ef036b7549451134b,46dc3b2cc0980fb8ec44634e21d2718e,2017-10-09 21:49:42,49.99,8.90
97ce9044c88c7c3bd44f55e78116af2d,1,0fc6914383c2bea767a9562c9d8b43a1,8c16d1f32a54d92897cc437244442e1b,2017-11-21 03:35:30,44.99,42.38
97d0a7726f58ed266c7501929e1ea81d,1,0502d1a36be75bd36b452f31c6ed264a,c826c40d7b19f62a09e2d7c5e7295ee2,2018-01-11 02:34:50,69.77,11.99
97d6ed0a050dac6d990b16908ce0a5fa,1,ba80c9f47a84d1e08465f72e22930c83,70c27847eca8195c983ed7e798c56743,2018-08-02 21:35:15,114.99,17.74
97d6ed0a050dac6d990b16908ce0a5fa,2,ba80c9f47a84d1e08465f72e22930c83,70c27847eca8195c983ed7e798c56743,2018-08-02 21:35:15,114.99,17.74
97eb8123f2508dda8d9234f0aca79572,1,69b45497bec8e36af6fd1a31b2cd8f9f,7ade73f1b9b4e965f9009a4c3a7e2c15,2018-04-19 15:13:22,69.90,13.85
97ed3c46d9b6ed13afaa7d8779322d5b,1,53759a2ecddad2bb87a079a1f1519f73,1f50f920176fa81dab994f9023523100,2018-05-25 19:17:27,53.90,11.86
97f06fe395ce93098b2deafe88e888c4,1,025dcf8f0a969c92d254bc425b380685,b4ffb71f0cb1b1c3d63fad021ecf93e1,2017-12-15 16:16:27,17.50,25.63
980044cb2540e5978dc610bcc47bb9e7,1,0a4093a4af429dc0a9334300e5c13ae5,da8622b14eb17ae2831f4ac5b9dab84a,2018-08-07 03:05:21,29.90,18.31
9804e30eb21a5fe72b152d69138887e9,1,dad114e8bc5146e75d68b6f69867e356,530ec6109d11eaaf87999465c6afee01,2017-07-18 23:35:12,154.90,20.32
981cb41791006b79817f4b05721fbe10,1,f8da9c0748a30346a534634bbdc28bec,30829ded4523ab9224b93bc49a62c95f,2018-04-23 16:30:34,143.36,18.88
982bda28a7b217851c89aec9e7ea5c6d,1,cc3fa983a53e9876a42790033f06a9ad,bacb1f0ed56ad24198f5810d2b3fe9a5,2017-08-04 06:45:09,169.90,21.68
983de0fdf98ff06d6cf1c379f7540f7f,1,5237739bb5fee495dbd337755a138660,966cb4760537b1404caedd472cc610a5,2018-06-17 21:31:39,809.00,56.38
98515e643e7cc228244834ea1b21a345,1,e9def91e99c8ecb7c5cef5e31506a056,850f4f8af5ea87287ac68de36e29107f,2018-01-10 04:07:49,69.99,9.34
9855054362f487c4f25172bd0b8a44cf,1,5c134d92a99c77b568ae488b28a04c45,06e5eefc71ec47ae763c5c6f8db7064f,2018-08-17 17:04:00,112.01,15.88
9857b5a9423566b75667ef0fb926bd5b,1,c312a691cf0af01311be9671eb161a0a,670a9dda115b5a88b18cfadee8de2332,2018-08-20 04:30:20,99.90,19.89
986eb0e0707439d7852369091e0fa8d9,1,f0c1c1d5ec61ce4c4846abd4283631df,a5a1bfcf728ab0e19182959cf0771ee4,2018-05-22 10:12:47,59.90,12.86
988a21449c85e5aab93c446596246149,1,c23381297fa734ea441a15d723199fb5,9646c3513289980f17226a2fc4720dbd,2017-03-16 12:52:31,28.00,24.84
988a21449c85e5aab93c446596246149,2,c23381297fa734ea441a15d723199fb5,9646c3513289980f17226a2fc4720dbd,2017-03-16 12:52:31,28.00,24.84
988a21449c85e5aab93c446596246149,3,c23381297fa734ea441a15d723199fb5,9646c3513289980f17226a2fc4720dbd,2017-03-16 12:52:31,28.00,24.84
988a21449c85e5aab93c446596246149,4,c23381297fa734ea441a15d723199fb5,9646c3513289980f17226a2fc4720dbd,2017-03-16 12:52:31,28.00,24.84
988a21449c85e5aab93c446596246149,5,c23381297fa734ea441a15d723199fb5,9646c3513289980f17226a2fc4720dbd,2017-03-16 12:52:31,28.00,24.84
989c69b80eadc79ccae5fe89c92a35ce,1,930f6ddc396b23f823b6b520fbd528e0,411f3b52d857390502ee4e4d5ceabc2d,2018-06-26 23:31:53,15.27,7.39
98a9159e1817e774888c9252f23283e6,1,8d48ed27eb7397426bd25ee9cb6688ad,0c8380b62e38e8a1e6adbeba7eb9688c,2018-08-17 09:04:27,32.90,19.42
98bd62478f45e100b026c030c5b0b121,1,ee34e3cf023de19e886e2a55f714ddfa,d0d70d21e2234dd7cd3cf63fe414148a,2018-08-07 08:25:09,49.90,27.30
98bd948995276012ef529fe379949f4a,1,685745fc12a6d4344a767bf01fb2d6d1,ef30892870c278497523264be1be2241,2017-12-20 14:50:41,46.20,11.85
98dbf8445c584d2354afd1a0ad55c033,1,4dab5b862124c607243bbaebd2684bcd,b16d3dadc47d4eb18be3d88bad0775ce,2018-07-11 11:31:49,34.90,18.34
98f80eddddaaa6c3e5dea02ff36ad263,1,47cd48073d67f91f09cb5ef9496c920b,00ee68308b45bc5e2660cd833c3f81cc,2018-01-25 20:17:02,85.00,17.84
98ff4145b11d1c215563ee9ca819f5da,1,5027a29c73fb3aa5e93eae6867c9a2e7,323ce52b5b81df2cd804b017b7f09aa7,2018-03-06 17:21:26,49.90,14.10
9941a0a6225e94809b6d9955bb16b594,1,71d22271ee986bf5a46a2c199da0265b,259f7b5e6e482c230e5bfaa670b6bb8f,2018-04-02 10:47:54,39.90,11.15
9966919513b173e92155677f14ec8a67,1,7620a27f1d6747511f1c6f0ddb63c0ef,8bb48dc19fccaa8613b6229bf7f452a2,2017-12-11 21:36:23,22.80,16.11
9973f9740bab3248c510c83fb2a8960f,1,077c1ba3f2e5e4145faf0a12f35ec1d5,76ea5315acb3f5f7ade3cd261faf922a,2018-05-24 10:31:17,62.90,8.88
997e6bea52d4cfdae5cbbf67c2ded47b,1,363218ba55c610b750224f90bdd34be1,33a6f4b1e7cdc205511e76ba1b6e0186,2018-08-15 14:25:17,74.99,11.55
99917575a602235938d9572d18ad0caf,1,8e9ecca4227272deda7212e69c0d7429,1acde099eb406aa220b1169b188b42da,2017-10-19 21:36:35,16.90,26.89
99ca85d0497f1b958fabcd12b46168e6,1,9b77a0a174a0b29b5720de6cfcc17ba9,85d9eb9ddc5d00ca9336a2219c97bb13,2017-10-27 14:45:02,31.90,12.48
99dc6d9fbacb076c3843ffdc647b3c11,1,0705b33fb285827a578fce4899f1b921,318f287a62ab7ac10b703ac37435a231,2018-06-20 23:15:51,22.50,40.43
99f6c1d7b0c56f9baeef70fd96baeb2c,1,6f248e27719f6f299e711e02651b6df6,40d54b51e962dbe09cabbcfd33298dee,2018-03-07 02:48:50,15.50,11.85
9a0a251a3ac90a0e31fe227f08520cb4,1,624a104988a613eba3eae6cd9132d397,33a6f4b1e7cdc205511e76ba1b6e0186,2018-05-04 13:53:04,59.00,15.29
9a0b56e930f6e5cd70a4662400e4e6b5,1,36eece49385945a72f46e8edc9a56e42,13f57c12a00ed4610db646b913a7f5c6,2017-10-19 23:28:12,41.00,15.10
9a0b56e930f6e5cd70a4662400e4e6b5,2,36eece49385945a72f46e8edc9a56e42,13f57c12a00ed4610db646b913a7f5c6,2017-10-19 23:28:12,41.00,15.10
9a0b56e930f6e5cd70a4662400e4e6b5,3,36eece49385945a72f46e8edc9a56e42,13f57c12a00ed4610db646b913a7f5c6,2017-10-19 23:28:12,41.00,15.10
9a14984b8e92e2c06592b0de08ae9fb3,1,64cc57332d82d99ae365b4f5f1048bd0,edb1ef5e36e0c8cd84eb3c9b003e486d,2018-03-08 10:28:32,914.65,40.20
9a1d09360fb93ff8ae57b066fe14bc62,1,2fea0f2cec6b6324a277d4a61c2ed2c6,beadbee30901a7f61d031b6b686095ad,2018-07-10 04:35:20,46.00,23.04
9a1d12fbdb2aa498f08b214188f80b57,1,b667e64d366991432e4c9c45ec4d6d1a,c3cfdc648177fdbbbb35635a37472c53,2017-06-26 03:24:59,55.90,16.15
9a439ff6164772f13fa6a5191be3d29c,1,63649d34b09e8bbcc41a6e770d9be55d,99002261c568a84cce14d43fcffb43ea,2018-05-08 17:18:56,125.00,27.42
9a5d120ae552d50b367cad2bbd87caa0,1,9ce4603565c839785b24a7e95e28f4eb,59fb871bf6f4522a87ba567b42dafecf,2017-05-11 16:30:17,119.99,23.16
9a5d120ae552d50b367cad2bbd87caa0,2,9ce4603565c839785b24a7e95e28f4eb,59fb871bf6f4522a87ba567b42dafecf,2017-05-11 16:30:17,119.99,23.16
9a75fbfdd0e2d8c9285edc0b65879551,1,efcef300fe9b2c558a8ea258127f6e6f,070d165398b553f3b4b851c216b8a358,2018-05-14 19:31:30,59.99,13.78
9aa6637f278e37448385a4293706e8ae,1,47cd48073d67f91f09cb5ef9496c920b,33a6f4b1e7cdc205511e76ba1b6e0186,2018-05-11 14:30:34,78.99,8.91
9aa6e0715c13dfb78529a2fe1a837212,1,6ed0ed10d62b45f3de46933b0b2989a6,c6bda72e4dbf5c5866b13cb1810c6d03,2018-04-03 23:30:15,109.90,23.35
9ab17910110e2869d3b5644d2002eb40,1,c8894c0b162237058026ee80fe6a6f56,30a2f535bb48308f991d0b9ad4a8c4bb,2017-12-12 21:38:26,49.90,8.72
9ab5804f143a0859cfc1b3a0ca126e6f,1,64874a0d6c1ec460c2f59886c51b9711,fe2032dab1a61af8794248c8196565c9,2017-11-30 08:31:18,271.00,10.71
9abcdeded6b253b59272fb76b83b1f6a,1,e7a1555b071186b8184e2fe0e647181a,cd06602b43d8800bd0afad514919d35c,2017-04-05 22:25:13,19.90,10.96
9ac048d7ffebba67d54456aa9ec07d7e,1,0dcb1adbafdcc389972874b01fa249b8,2f74af7a0ee5636f12c2336f9fffed47,2017-11-24 19:09:29,44.90,15.79
9ad9351ae71f76e5eba268bb2f667959,1,595fac2a385ac33a80bd5114aec74eb8,ef0ace09169ac090589d85746e3e036f,2018-02-08 13:12:56,117.90,15.58
9aee4ebad2ec4e0ac243cfd62de682e7,1,dbb4ce89c8ed5fb6fd901e2e51093179,91f848e9f4be368f4318775aac733370,2017-03-23 08:00:10,84.99,18.87
9af45b618745db1a57fbfbeaceedc889,1,a0fe1efb855f3e786f0650268cd77f44,ef506c96320abeedfb894c34db06f478,2017-02-22 15:54:35,21.99,8.72
9b027054a981a89fca1af6a5341e81e2,1,bfa3d6cdc62f90365c2a895263e371a0,a673821011d0cec28146ea42f5ab767f,2018-08-22 14:09:19,199.99,10.15
9b05e5be44c83c64626fb21d4bba7118,1,7a8dac4aaa16bc642e4df33adcf03303,7299e27ed73d2ad986de7f7c77d919fa,2017-11-20 16:30:34,559.99,44.31
9b0f7f462c34c45144ec11e414eccab1,1,a7d06b7704b157e36c45b898fa555dd5,534a01cc6df1e034e05c32028a291fa2,2017-10-30 06:34:50,38.90,15.10
9b189f6cf2ef734a7dd0419ed3c64d99,1,9c60e93e03989cf6e4a7da214723920d,58f1a6197ed863543e0136bdedb3fce2,2018-05-17 11:09:02,169.00,31.45
9b1c817fd98473c0a0dab2a95b5979a6,1,f489f20b3bba5b295fa7d3901c203fce,cca3071e3e9bb7d12640c9fbe2301306,2017-08-10 19:25:17,41.73,15.10
9b2ebe500ef39b85f806d10abada8bc3,1,b944aabf1fc45c01599ee96c7f4d533e,128639473a139ac0f3e5f5ade55873a5,2017-06-05 04:50:25,14.90,12.48
9b32795311e821b3314911f55bb8a327,1,6ee7217ab647f3c2b4a5161c75cadab3,cca3071e3e9bb7d12640c9fbe2301306,2017-06-23 02:50:38,8.90,11.85
9b32795311e821b3314911f55bb8a327,2,6ee7217ab647f3c2b4a5161c75cadab3,cca3071e3e9bb7d12640c9fbe2301306,2017-06-23 02:50:38,8.90,11.85
9b32795311e821b3314911f55bb8a327,3,6ee7217ab647f3c2b4a5161c75cadab3,cca3071e3e9bb7d12640c9fbe2301306,2017-06-23 02:50:38,8.90,11.85
9b32795311e821b3314911f55bb8a327,4,6ee7217ab647f3c2b4a5161c75cadab3,cca3071e3e9bb7d12640c9fbe2301306,2017-06-23 02:50:38,8.90,11.85
9b32795311e821b3314911f55bb8a327,5,6ee7217ab647f3c2b4a5161c75cadab3,cca3071e3e9bb7d12640c9fbe2301306,2017-06-23 02:50:38,8.90,11.85
9b32795311e821b3314911f55bb8a327,6,6ee7217ab647f3c2b4a5161c75cadab3,cca3071e3e9bb7d12640c9fbe2301306,2017-06-23 02:50:38,8.90,11.85
9b4b9dac4727545d6a2a43633e62faf9,1,027cdd14a677a5834bc67a9789db5021,620c87c171fb2a6dd6e8bb4dec959fc6,2017-03-08 03:41:48,99.90,16.40
9b4c32557fa9eadd42717fd0f2e255a9,1,d04857e7b4b708ee8b8b9921163edba3,9f505651f4a6abe901a56cdc21508025,2018-04-04 03:10:33,67.99,24.61
9b4f84a4215a234a6e69b47e77183d4e,1,7340a3839a1de1e99d149b8cf052a2ec,4a3ca9315b744ce9f8e9374361493884,2017-12-20 09:55:23,69.90,12.83
9b73a14423c28802182017b0c3295a4f,1,99e71b776debf2f01a69dce207e3e4f8,c54679b132454625907c773d273d4126,2018-05-04 15:30:44,69.00,7.87
9b75cdaf2d85857ef023980e15d01546,1,0a4f9f421af66d2ea061fbb8883419f7,c70c1b0d8ca86052f45a432a38b73958,2018-06-18 07:57:36,110.32,8.35
9b75cdaf2d85857ef023980e15d01546,2,43b54d1fc56ff394092a3dff6be2d39f,c70c1b0d8ca86052f45a432a38b73958,2018-06-18 07:57:36,110.32,8.35
9b7cadbb92caa7ecc994bc25a7932963,1,53b36df67ebb7c41585e8d54d6772e08,4869f7a5dfa277a7dca6462dcf3b52b2,2017-07-24 03:33:50,163.00,26.42
9b883472f4826d7c694d8c52038a8c67,1,052413504e5295cd66ec4ced0b310062,4869f7a5dfa277a7dca6462dcf3b52b2,2018-04-05 22:10:26,179.00,13.69
9b8f3948f0476494b86f7785f7c1e848,1,acdff5faea9652b2230cbcf4d475a220,ef0ace09169ac090589d85746e3e036f,2018-08-09 11:10:10,108.70,15.86
9b948dcaaa76c166e78628262127e680,1,f77a346fdfdf07e4818efc84d3c084a9,e9729944ba65dc3ce425e0c5a22ae7b2,2018-06-18 16:41:45,189.90,18.97
9ba68602fafba92a21fc48911251ce31,1,fb55982be901439613a95940feefd9ee,3d871de0142ce09b7081e2b9d1733cb1,2018-01-16 10:27:11,89.00,17.87
9bca900557a01da7a51779dd1d2326b9,1,5ccdfc35d9cff8db4fa46b83d5712899,238fac594e170b59c6d228f5a4f4f1d9,2018-04-16 22:29:35,119.00,42.50
9c0776f3465b8aba3e47b9eb0f034360,1,46ca9515def9ceb56e338c86ca765ba1,18a349e75d307f4b4cc646a691ed4216,2017-10-26 01:20:16,48.00,17.60
9c0bb2c7680b4f084fc874b19722fc88,1,7e0dc102074f8285580c9777f79c90cf,e26901d5ab434ce92fd9b5c256820a4e,2017-03-21 11:27:21,34.90,10.96
9c0fc2500f7b845dd500f0a3a2520c2b,1,46b173c179c7e6904a5728959bee5b3a,7299e27ed73d2ad986de7f7c77d919fa,2017-10-13 16:35:16,160.00,16.88
9c3059c9036686226d8c445338bfdcc1,1,dbaeb92cf0908499e8a6f00a9964a6a6,f8db351d8c4c4c22c6835c19a46f01b0,2018-08-23 14:51:56,19.90,12.80
9c440fc86e36452b4288efbf2d65dcf5,1,4b703444923b5e57bb73ba343f5ebab7,42b729f859728f5079499127a9c2ef37,2018-04-05 11:50:17,35.90,7.39
9c475f19f847e47760cdf04217021ab9,1,c6dd917a0be2a704582055949915ab32,7a67c85e85bb2ce8582c35f2203ad736,2017-10-18 21:07:14,99.99,16.95
9c478c10c15e4728df3923eafb5856e0,1,7e6ca847e12c659931b47b31e99361c6,de23c3b98a88888289c6f5cc1209054a,2018-04-02 23:07:14,299.99,10.45
9c7420176504e0322420860db10766e4,1,34502b3a0c6af7c9b8bce8a8af0aa048,cca3071e3e9bb7d12640c9fbe2301306,2017-08-09 03:04:42,99.90,17.95
9c76544bc3be770f1d1577a923ca28c5,1,f4f67ccaece962d013a4e1d7dc3a61f7,8581055ce74af1daba164fdbd55a40de,2017-12-11 08:30:59,229.04,19.32
9c7786ec8d2394cbee42bba833f7c537,1,2136c70bbe723d338fab53da3c03e6dc,6560211a19b47992c3666cc44a7e94c0,2017-05-05 01:33:08,29.00,14.11
9c9a1d9b53c328e1bbb1f0c2c5410257,1,68bf40b3abd5ffc25981c25df9ed9087,3d871de0142ce09b7081e2b9d1733cb1,2017-11-30 20:56:03,79.00,17.09
9c9a1d9b53c328e1bbb1f0c2c5410257,2,c38f6f64a4a1abb154fd4c09070d00a8,bdb3edbaee43a761e2d4f258dc08f348,2017-11-30 20:56:03,89.90,17.09
9c9c501f71dcf81d14d006826972733a,1,dc6fe08afddfeb23ce334ce4cf5890eb,11bfa66332777660bd0640ee84d47006,2018-07-10 21:10:37,30.99,18.32
9ca29d49222112b86ede739f9a9dfbeb,1,059ca09d32720d9adce3ae12e181339d,fe1b067411b8c5066e962aa146ccee03,2018-07-30 20:50:28,92.99,13.31
9ca84d8b801d8d14cf479b5ad04b8139,1,368aefcea6b2454dff5ce8156ea6766b,c3cfdc648177fdbbbb35635a37472c53,2017-07-27 15:43:35,114.90,12.51
9ca84d8b801d8d14cf479b5ad04b8139,2,ec268f069320a08af47861967e4d7bee,c3cfdc648177fdbbbb35635a37472c53,2017-07-27 15:43:35,114.90,12.51
9cb00de5b638536df59a274ce43e811d,1,a5c9c1711f61d2b63cf996b4928092ed,46dc3b2cc0980fb8ec44634e21d2718e,2018-04-01 23:47:07,69.99,18.42
9cbbee2d6fc84610e720368c09517556,1,845f006b4e362c371735a9a64f6a52b8,59b22a78efb79a4797979612b885db36,2018-04-12 03:28:37,489.00,84.51
9cbc9568dccaf53e33a60ed966a8a94c,1,20531b0644a0719b8d506c4db3c56609,ce7d1888639e6fb06b2749cbfdac1ff7,2018-05-09 21:51:05,138.00,24.15
9cf68a98289ead1bb2175c2323255969,1,389d119b48cf3043d311335e499d9c6b,1f50f920176fa81dab994f9023523100,2018-02-19 19:31:26,49.90,17.60
9cf68a98289ead1bb2175c2323255969,2,389d119b48cf3043d311335e499d9c6b,1f50f920176fa81dab994f9023523100,2018-02-19 19:31:26,49.90,17.60
9cf68a98289ead1bb2175c2323255969,3,389d119b48cf3043d311335e499d9c6b,1f50f920176fa81dab994f9023523100,2018-02-19 19:31:26,49.90,17.60
9cffb1e19a2d93d7959976c5d5c11138,1,47ca911aa7f3febfc2478f63fc1aed07,dc4a0fc896dc34b0d5bfec8438291c80,2017-10-10 00:07:20,195.63,27.69
9d10b455f195f1fd74ef4ce42acf747d,1,f5caa36f71f444c6508c84818cab5641,dd533b429f380718b70ad9922c294bae,2017-09-21 12:15:18,21.90,13.37
9d14efbb0c50e58aa2098e5338df7575,1,5bc6f966c95b579fc0982b73007f1917,bb135baca94c82fcb731335ad5b04a03,2017-09-28 09:55:17,95.00,14.27
9d1780c1dba60f1e3fc99e1072979110,1,54d9ac713e253fa1fae9c8003b011c2a,955fee9216a65b617aa5c0531780ce60,2018-03-22 16:16:51,35.00,12.43
9d83ef2eae9001ced10bfc373722a184,1,1b06c90f0a31f14d0f505323b5723a80,f8db351d8c4c4c22c6835c19a46f01b0,2017-09-28 15:29:09,55.90,16.15
9d8b9a9cc92d7f5e907cf13a99a705e9,1,486a70e221cccfbe8225ee9dd580abcb,7e93a43ef30c4f03f38b393420bc753a,2017-04-17 03:55:31,277.85,17.15
9da51871b26e9f5356a2544f6540f900,1,a15b46c05a4d311665eac6750b3e4030,54583ab379489add547fe47b628db589,2018-07-30 10:00:30,250.00,10.50
9da95e5b2fd14284851567baca5a43f5,1,689c51a11e9c5daefc1f9b0782e28fcf,b561927807645834b59ef0d16ba55a24,2018-04-04 20:35:26,24.00,18.23
9dbaf3879dfddfc43171aaf9a9c0a82a,1,ea44caac707f7f1325182a538007f838,855668e0971d4dfd7bef1b6a4133b41b,2017-09-14 05:15:59,50.00,11.73
9dc9cfe8dd61f0e37b0baa3043517059,1,ab5da1daa941470d14366f4e76a99dd2,d91fb3b7d041e83b64a00a3edfb37e4f,2018-03-02 09:35:52,26.00,16.11
9dd30e0b12ab98208e3545d20d88e468,1,764292b2b0f73f77a0272be03fdd45f3,bd23da7354813347129d751591d1a6e2,2018-02-14 21:47:57,99.90,16.95
9dd72a3853b3514932140ba93b5192c9,1,f8e75ec247fd97a5e1abcaa48e9e971d,ea65d8b58316a6f2362f2a9e4b3e86ad,2018-06-15 17:59:58,35.90,15.35
9dd7bd30536daba0afe7e080f4b8a3dd,1,f819f0c84a64f02d3a5606ca95edd272,4869f7a5dfa277a7dca6462dcf3b52b2,2018-01-23 14:35:25,668.00,17.70
9ddd723e703903eeb90abbd2af0ddc24,1,c98f9b6939bc77914b077d6aa93cd97c,75fbb52eda0cbc24f479d3b2fbfa8d3e,2017-11-09 04:30:21,19.90,34.15
9de0f1837aa8fd37e21d4e12faadd2ed,1,5bbcc3770981c2f5ca7228bd8c2ff2ae,44073f8b7e41514de3b7815dd0237f4f,2017-07-04 11:35:16,107.00,19.29
9de125e032c8c74ccbcf9a5b7a3b4faa,1,a1bf559ac1eab015ba992bd76d9d76c7,85d9eb9ddc5d00ca9336a2219c97bb13,2018-02-15 15:11:25,27.90,14.10
9de375e01aa3f39d32001e75abd82b99,1,45746155b8481c23a21eb4645c306438,0a85ebe4e328db81ac9109781205e2f7,2018-07-08 22:10:38,59.00,8.57
9de85e24940c7fd91ec9ee1dd540b3cf,1,9c0f79b9daf5436386477b4e17b94389,1025f0e2d44d7041d6cf58b6550e0bfa,2018-05-13 21:14:01,150.00,7.91
9df975b38ffcb2931968b4949c8b29a2,1,1c5bd6a742367ec4d654a0859523e880,1f9ab4708f3056ede07124aad39a2554,2017-07-20 11:25:15,119.90,18.73
9e0d565b6426f0ec14ee6e1be3047f8d,1,060c17562f97e5bb60bc0dfa4dd5b3f2,9f505651f4a6abe901a56cdc21508025,2018-08-13 09:30:26,24.99,7.44
9e0d565b6426f0ec14ee6e1be3047f8d,2,060c17562f97e5bb60bc0dfa4dd5b3f2,9f505651f4a6abe901a56cdc21508025,2018-08-13 09:30:26,24.99,7.44
9e1c6d5149a241963c2e3a2ddaba98a1,1,98ec655119c24de03b804696821f3955,620c87c171fb2a6dd6e8bb4dec959fc6,2018-06-18 13:03:56,49.90,8.09
9e24613b913b312f009ec05b56b339d4,1,edc388b2ba34de112c918ddcd465f5e9,2138ccb85b11a4ec1e37afbd1c8eda1f,2017-05-11 16:30:20,39.99,14.52
9e2b4837befe1f63cab8e26686e848be,1,2f2eee65fc4cc4a5ee8362730719d290,594f9aaa48e5bf431f011ddc5669b0d5,2018-06-28 11:58:04,119.90,41.82
9e2fbf3b51437bc915ed549c475eef2c,1,ebea98c5fc701994cfef24664f1e3708,7dc8c42cc750eeafea6c85712ffee9bf,2018-08-02 09:32:34,14.99,7.39
9e3a542f51363bda001167b7f5bd8dbd,1,422879e10f46682990de24d770e7f83d,1f50f920176fa81dab994f9023523100,2018-04-10 12:30:15,53.90,39.47
9e4a465874eb1b2bb19bd8e6197615e2,1,e94df75b2e9a8b056be0c144a731f55c,5cf13accae3222c70a9cac40818ae839,2018-03-01 12:09:26,94.90,16.42
9e50d6711cd120b8b6fecc98aca9d306,1,e0f33a3329af6716a0bb47fd7a664439,7e26c750b4cb9f6766f58265ff9ebe95,2017-09-21 07:50:08,49.80,12.48
9e60724a9f4d8f5d169ee0b5bb7a8a46,1,e27c4dd075a521097a085bced0631ce7,701938c450705b8ae65fc923b70f35c7,2017-06-15 02:45:51,103.97,45.19
9e60724a9f4d8f5d169ee0b5bb7a8a46,2,e27c4dd075a521097a085bced0631ce7,701938c450705b8ae65fc923b70f35c7,2017-06-15 02:45:51,103.97,45.19
9e607cec8bd33ad2250970a82dc17011,1,5a848e4ab52fd5445cdc07aab1c40e48,c826c40d7b19f62a09e2d7c5e7295ee2,2018-04-12 17:51:22,122.99,19.55
9e6356cd884202aa5e0d16e033c8c08a,1,7b85e3deef35afd6ebed5461ee8f0641,4e5725ba188db8252977a4f0227bd462,2018-03-12 03:49:05,30.21,16.79
9e6db72ba70b2e5ded35a5919f6329b3,1,b8411dee248601bc460bac8e1fb8a102,1900267e848ceeba8fa32d80c1a5f5a8,2017-06-13 02:45:22,19.99,3.14
9e6db72ba70b2e5ded35a5919f6329b3,2,b3129f40b427408e82987db1b30eefd9,0c8380b62e38e8a1e6adbeba7eb9688c,2017-06-13 02:45:22,24.50,25.33
9e6dbf2535201b87c18bdf90bf117204,1,99c86b937a9cbafc91d89bef3f5b7747,5d0363b33554b373851fc1622e4d5f3c,2018-01-08 10:15:19,79.90,19.44
9e7a2839a1ef01aaec67d94446617f92,1,010c38887e6a41a5acfea2687515b254,cca3071e3e9bb7d12640c9fbe2301306,2017-11-26 22:15:37,59.90,19.66
9e7b4dc19aadc8298e2984986d3bf014,1,9798bc8585b031f32f0ba287ad22f334,855668e0971d4dfd7bef1b6a4133b41b,2017-10-19 18:08:29,159.99,33.57
9e85d73b2a693e5b6dcf56ef2d00d181,1,130482add9fd75ccb6c57ba007694a2d,87142160b41353c4e5fca2360caf6f92,2017-12-08 13:57:18,105.00,21.57
9e9457385ec61a477390b14f317686c2,1,2a97ccde48b4f516a7a76352d03eff88,a673821011d0cec28146ea42f5ab767f,2017-12-21 16:52:58,84.90,11.80
9e97400ef316f1d0209aec475ab50554,1,211293b50935ced8d4370f552c482d74,e9779976487b77c6d4ac45f75ec7afe9,2018-03-01 23:47:29,19.49,11.85
9ea091924b1229de50a0ab7dc63a797c,1,16679d68bdbed3fb97af806424d7f2b7,9b013e03b2ab786505a1d3b5c0756754,2018-05-22 19:31:41,29.00,7.87
9ea3e77998212b1f268aa1753f3d421d,1,601a360bd2a916ecef0e88de72a6531a,7a67c85e85bb2ce8582c35f2203ad736,2017-07-27 19:50:18,129.99,18.16
9eb625cb452456dcf60ac5b2ce2ed445,1,e87c9809c13acca4246dfb2fdcaebbe1,b2ba3715d723d245138f291a6fe42594,2018-03-01 16:15:35,84.90,15.35
9edbcf5056f3301b0fcaf1dfe914873c,1,a8a24b2139731e4be5246104224f0633,25c5c91f63607446a97b143d2d535d31,2017-12-28 15:10:09,186.98,18.56
9f1887ee4f71cd4db972aeac47ca54f7,1,362e37b5c8826ef516a607cb5f99b8f1,6d66611d7c44cc30ce351abc49a68421,2018-08-01 10:25:11,175.90,86.96
9f26e4473c7822a5f7b02dd62ea0519c,1,764292b2b0f73f77a0272be03fdd45f3,bd23da7354813347129d751591d1a6e2,2017-11-17 02:46:47,89.90,13.65
9f28bebb21ed4b8984afe68c7ef6e127,1,5411e9269501a870cabf632f05655131,3d871de0142ce09b7081e2b9d1733cb1,2018-01-30 11:16:28,129.00,13.92
9f2b23380dcf7e8f6984dbbf19bb3e3f,1,ee57070aa3b24a06fdd0e02efd2d757d,f457c46070d02cadd8a68551231220dd,2018-03-08 02:35:40,74.90,12.65
9f2b23380dcf7e8f6984dbbf19bb3e3f,2,ee57070aa3b24a06fdd0e02efd2d757d,f457c46070d02cadd8a68551231220dd,2018-03-08 02:35:40,74.90,12.65
9f2fe2350791b5e9e62610331d125843,1,7adb171e34892acd7b24bcd0c841e221,382229d1e840115ffe3dbf5ff460e417,2018-05-10 02:30:07,59.90,16.39
9f2fe2350791b5e9e62610331d125843,2,7adb171e34892acd7b24bcd0c841e221,382229d1e840115ffe3dbf5ff460e417,2018-05-10 02:30:07,59.90,16.39
9f33a39fe21aa7e49c58d5c16da393a0,1,130cdbc1715f7e1b5d9be728ce04398e,f35becee938e982bd615edf8ef12bcfb,2017-04-07 18:45:21,39.90,14.52
9f353d55cebbc63a3eb1bf5d53774ab5,1,a8d952e8e5436a6fe36d24c402d100de,ea8482cd71df3c1969d7b9473ff13abc,2018-02-09 13:30:37,21.99,7.78
9f3bb89658a46c809fdd407e86914f94,1,c73628b1c3144b2e0c9c88072f21a213,3f995f07c49d0d55a99d5c54957f7d81,2017-06-15 02:55:21,99.00,15.45
9f4dc9b14ebdb349537c57ed4e469c28,1,af63237de5e7f1f9c067f7b7c506287e,c72de06d72748d1a0dfb2125be43ba63,2018-08-17 15:50:22,539.00,71.92
9f5630ff3b1445ec3e06b2cbe5c47258,1,ecb6e29c8e01d5fbc73da1d0f12c088e,ebd2d60905fb58271facef5596b620d3,2017-07-26 12:05:50,97.90,21.18
9f59e3048b31d71c3aeec67a15467426,1,ae52eeb8383b94455f0a08b1f88ad002,f457c46070d02cadd8a68551231220dd,2018-02-13 16:49:38,69.90,21.15
9f59e3048b31d71c3aeec67a15467426,2,e3323b0d3f79bdf85b58561d2218bc12,f457c46070d02cadd8a68551231220dd,2018-02-13 16:49:38,89.90,4.23
9f6e9882bfa36a4ef98e3016c5e59f9f,1,d73378cc66536ea4da8b4026e23ec2cf,07bf9669d84d1f11be443a9dd938f698,2018-04-10 05:48:59,48.00,17.93
9f754867538f26f99df2027b4a154740,1,d8e94b73f80bea3c8c7d5cc257fbd4b1,048c2757535328e0d7dac690ad3c0aae,2017-05-09 06:35:42,157.90,13.69
9f78c08ae4928d0b51b8ec8da9585714,1,7e0dc102074f8285580c9777f79c90cf,e26901d5ab434ce92fd9b5c256820a4e,2017-04-03 22:22:46,34.90,10.96
9f792c846e897702e89fb06829be1b0b,1,68bf2e76db1d8e846042e54da87399ca,1a3df491d1c4f1589fc2b934ada68bf2,2017-09-21 23:55:10,85.90,47.13
9f80c79b3c2260ac4352d49fea965897,1,e70d8bce868310111ec36d96f6d80a9c,b561927807645834b59ef0d16ba55a24,2018-06-21 14:58:44,63.00,15.51
9f80c79b3c2260ac4352d49fea965897,2,91894be08b341b3d6228779d2a80ab94,b561927807645834b59ef0d16ba55a24,2018-06-21 14:58:44,54.00,15.51
9f827631dbbe551d3b830ab61fa3919b,1,e3425df9bd51be69917273c9dd92ed5e,86ccac0b835037332a596a33b6949ee1,2017-04-06 12:32:26,66.89,17.31
9f8d175d959554b7edef8908797f42bc,1,9bb8ca338e5588c361e34eae02e8fad6,620c87c171fb2a6dd6e8bb4dec959fc6,2017-11-30 12:31:32,59.90,17.67
9f8d175d959554b7edef8908797f42bc,2,9bb8ca338e5588c361e34eae02e8fad6,620c87c171fb2a6dd6e8bb4dec959fc6,2017-11-30 12:31:32,59.90,17.67
9f8e1e683e02e3aef599ac6fa4cc6b21,1,11828bf6a0621fec5b783ddb0da1a766,1336efc61c316ddf92c899eb817f7cae,2017-07-26 21:05:16,16.00,11.85
9f8e1e683e02e3aef599ac6fa4cc6b21,2,11828bf6a0621fec5b783ddb0da1a766,1336efc61c316ddf92c899eb817f7cae,2017-07-26 21:05:16,16.00,11.85
9f94d18d96cdee37300256e7284d7de9,1,aca2eb7d00ea1a7b8ebd4e68314663af,955fee9216a65b617aa5c0531780ce60,2018-03-14 02:31:33,69.90,20.98
9fa34daa1767b075c5a2490c9e8b403e,1,b667e64d366991432e4c9c45ec4d6d1a,c3cfdc648177fdbbbb35635a37472c53,2017-05-30 19:55:08,54.85,18.92
9fa477fbd91ee8d606ff71e50ac338df,1,9795a7cdf0e9c1c2b4db0c1ab37e0831,8648b1e89e9b349e32d3741b30ec737e,2018-02-13 09:10:32,27.90,15.10
9fb4185dd9d8f82b6effea11c1555899,1,f65da4eafdfa856de29dc7392408dd0a,f8db351d8c4c4c22c6835c19a46f01b0,2018-03-26 10:28:15,95.90,8.02
9fb578d8a9c6d5c73ea157e45b69d479,1,86133a2151bd98a3ed2ad758709e6d1b,f27e33c6d29b5138fa9967bcd445b6d5,2018-08-08 12:50:18,54.90,17.31
9fb81511dfc1d6959ed1052930efd8a6,1,040fe1cdb263eb2c9b1322875b0afcb7,fe2032dab1a61af8794248c8196565c9,2018-07-23 11:30:21,489.90,21.53
9fbbd9e1516b7cbce439d5f07dd07f98,1,44e086c4a977f37a888627b43880586c,f5a590cf36251cf1162ea35bef76fe84,2018-04-18 19:13:25,69.00,8.29
9fbbd9e1516b7cbce439d5f07dd07f98,2,44e086c4a977f37a888627b43880586c,f5a590cf36251cf1162ea35bef76fe84,2018-04-18 19:13:25,69.00,8.29
9fbe7e5fb8d03b367b8a3b7b995ce6ca,1,a39cc58c1b5926b6f9f378daa89f1315,1025f0e2d44d7041d6cf58b6550e0bfa,2018-07-30 09:04:04,150.00,16.35
9fc6faedaf0973bdddea7d2672e71923,1,d86936d170828ee19b4bac2befe8ab1e,cea729054f157f5870bdd321a958d994,2018-07-20 09:05:16,185.90,20.49
9fcbcb4a0b2d62715ac988b220c621ec,1,e06f99e79036d681effa3de75989bf22,6560211a19b47992c3666cc44a7e94c0,2018-01-30 17:24:26,59.00,17.69
9fcbf999818b2fdac16197fe22bd2bd1,1,63de2743d05ab59d85caa49e49459ac1,cbd996ad3c1b7dc71fd0e5f5df9087e2,2017-12-12 02:37:01,19.90,11.85
9fcd31b22b1d10dea904f5f5d8e3e7ea,1,089245791e0895da94a8791bd68a2085,b87a7ea0c30fad2dd6781b74a0064859,2018-04-10 15:31:38,28.00,19.04
9fe292254834c701a4b05deafecba7b8,1,c3097e07a0a5de0d4b4c836d90c5a284,8b321bb669392f5163d04c59e235e066,2018-03-13 02:10:24,13.70,19.95
9ff8294af4730928d432cd048756c28c,1,be1c4cf8a2d2aade623eb7a646d2a0bc,1900267e848ceeba8fa32d80c1a5f5a8,2018-03-12 16:10:42,70.00,19.46
a009ada42a46d83328c627c1ffc57f56,1,9fc98e39f04be8e382d8aa5e259f5489,d2374cbcbb3ca4ab1086534108cc3ab7,2017-11-10 21:55:35,44.90,16.11
a011e51d26a0679675e2a26be4ffc46a,1,7c1bd920dbdf22470b68bde975dd3ccf,cc419e0650a3c5ba77189a1882b7556a,2017-07-05 10:35:13,54.99,17.63
a017bed18c5f129119f36a92642a1cc0,1,444d53deb5d80250e5e44dd416f20298,5b51032eddd242adc84c38acab88f23d,2018-06-18 03:13:36,259.00,19.64
a02f84215d0352b46e21cd5c8bba24f8,1,af827351cc8287dd464466e8793046b0,ebd2d60905fb58271facef5596b620d3,2017-06-07 06:42:41,66.90,17.72
a03470241e25eb070bf902c2c1914658,1,bc2d6310e5cbd60facb2f9c8d9471597,dc317f341ab0e22f39acbd9dbf9b4a1f,2017-08-15 02:45:21,629.00,59.47
a059bf220c121cd3d48e82b036e831d0,1,3bd016185be10ea4b4b2baa6e7dd9e9b,ff4e2d38692ce827b1a4f4b8196e680d,2018-05-10 09:10:20,35.00,15.23
a05cabeed82a5a2e8078c7e6ed14a03a,1,32b168004f17c743f16bcf5bab0de982,562f8cfc51f265411f487d07e9c40e7f,2017-12-13 22:36:28,49.90,14.10
a05fc37f43df506f00a32f1507e4d360,1,53b36df67ebb7c41585e8d54d6772e08,7d13fca15225358621be4086e1eb0964,2018-03-05 04:11:37,128.89,15.65
a06c43ed81f5c604287461f4d21949ce,1,6994675fdff4377e6e1b738094977cf4,b19f3ca2ea475913750f25a5c37c8d8f,2017-10-30 17:56:20,108.90,28.14
a07d031ec2c5fdaba3a363a4f5a98350,1,5377c9bcdd1b59acf85881d95184f57e,a0415d9b25ede3c4b1e477e9916ffc03,2017-04-24 22:42:08,169.90,15.36
a085154af3d68d11b256a6facc891a56,1,f306d4917efd6c5a46bbb72b640313da,f680f85bee2d253556ac91be391d2c82,2017-11-30 03:10:42,39.90,16.11
a093b99db34ddd74e5c5dd360a44710e,1,764292b2b0f73f77a0272be03fdd45f3,bd23da7354813347129d751591d1a6e2,2017-12-20 18:30:12,89.90,17.88
a09801b9e15eb9aea012ad7d7f3257c4,1,8ed094bfe076c568f6bb10feada3f75d,7c67e1448b00f6e969d365cea6b010ab,2018-05-02 12:53:41,179.90,40.12
a0ac0049119c70e88509f0c8e30564e8,1,bb77135946e78428a7a5634a46113a22,95f83f51203c626648c875dd41874c7f,2018-07-26 05:03:21,29.99,14.51
a0b1ffd30c671f95ed8065ce07d10470,1,e05f6c9ef4c09b0023547314e07c5d64,7a67c85e85bb2ce8582c35f2203ad736,2018-04-19 18:31:18,119.99,18.42
a0ba767f45d100f0a10b9c7c5ffe077e,1,ae90b5cf5c0d5de5936b9843dfe58e02,6c177e38df6d3f34182b1f1d427231bf,2017-06-05 20:45:17,135.00,17.39
a0bb81fda7cf88b07f9a884c1be7ba64,1,656e0eca68dcecf6a31b8ececfabe3e8,e9bc59e7b60fc3063eb2290deda4cced,2018-08-09 23:04:17,65.00,22.39
a0d503b20274a7c654eab441adac695c,1,bee7be9ff27f64fef1afeff03b298cec,6a8b085f816a1f75f92dbac6eb545f8f,2018-03-06 16:10:59,73.80,16.96
a0e0ab62ae4f2dad1ca6f19103dba9a6,1,11182511f8556822085ea032df785dae,4869f7a5dfa277a7dca6462dcf3b52b2,2018-07-27 06:10:17,96.00,18.77
a0eb4b1d3b5e4c29890291cc63a8eb20,1,37f05006248fc8b0d04270ef02d24406,891071be6ba827b591264c90c2ae8a63,2017-12-04 03:23:28,16.99,15.10
a109b4732228abd28233fc31ca544cac,1,7ac92e616265ecb6de1477bd80277509,17908cf9b444ee34047cadd5c0f4a516,2018-08-14 22:15:13,110.00,23.92
a1123c93471aa08ec72dfd5c941edcdc,1,63cf4d771cba1d380af927afe5895d4b,b499c00f28f4b7069ff6550af8c1348a,2018-05-04 10:12:17,34.99,8.64
a1123c93471aa08ec72dfd5c941edcdc,2,63cf4d771cba1d380af927afe5895d4b,b499c00f28f4b7069ff6550af8c1348a,2018-05-04 10:12:17,34.99,8.64
a1123c93471aa08ec72dfd5c941edcdc,3,63cf4d771cba1d380af927afe5895d4b,b499c00f28f4b7069ff6550af8c1348a,2018-05-04 10:12:17,34.99,8.64
a1123c93471aa08ec72dfd5c941edcdc,4,63cf4d771cba1d380af927afe5895d4b,b499c00f28f4b7069ff6550af8c1348a,2018-05-04 10:12:17,34.99,8.64
a1123c93471aa08ec72dfd5c941edcdc,5,63cf4d771cba1d380af927afe5895d4b,b499c00f28f4b7069ff6550af8c1348a,2018-05-04 10:12:17,34.99,8.64
a11a425bf8a1d74271b19f31a3cbe76a,1,aa765c0a9daeb0541a98ff48ea3ac651,271c58a1d139c45eaf3316107c6d3a3b,2018-07-31 11:31:41,130.00,15.22
a12ac41904fb4122fafbd91fbb9230ed,1,6ddcabeba730cb81a3c9570a595a12da,a416b6a846a11724393025641d4edd5e,2017-10-26 02:49:16,77.00,16.79
a133a80b67b2a9f4a8a8e2eb5e1f87e4,1,95e25af33821b9d231e06f1e7cd34d4e,bd4889b5e9133b35b66e42a8665cea5c,2018-02-08 22:09:44,210.00,20.96
a1368e51da9e4e5405710600bbaf7c3e,1,fc935e2845dacecf29f0555465bed91b,7e93a43ef30c4f03f38b393420bc753a,2018-01-18 01:27:20,579.99,19.82
a1370d5fa6508c13787ae000e5d2ad77,1,18b0e642cbae7251e60a64aa07dd9eb9,85d9eb9ddc5d00ca9336a2219c97bb13,2018-07-03 01:17:19,22.32,15.26
a138937aa3e8370a29b43014b9dac5ea,1,e2c3ed9aaddfd2312a6a5fe9b3ddadd3,46dc3b2cc0980fb8ec44634e21d2718e,2017-11-30 16:30:55,99.99,12.15
a1406509a4e81343f4c669ae236fd01c,1,002159fe700ed3521f46cfcf6e941c76,048c2757535328e0d7dac690ad3c0aae,2018-03-01 08:35:27,199.70,29.80
a14a2e543b33add9891cabe38fd844c8,1,25e2023ed83352bde98dc1490d14c3d8,ff1fb4c404b2efe68b03350a8dc24122,2018-04-19 11:10:27,99.00,19.66
a169311914e5fbfba32bae481dd1aa39,1,efa490145b5cc82438b6a6de691535fa,8d956fec2e4337affcb520f56fd8cbfd,2018-03-22 19:50:31,46.99,7.39
a17fd6df400fd04864fc2697bc98cc2d,1,6bc8dadd7731eae110fe2d177361784c,229c3efbfb0ea2058de4ccdfbc3d784a,2018-01-05 12:31:30,187.00,16.06
a1910c13f7264ec8e1b32221debcee26,1,5a6e53c3b4e8684b13388d6aa4afdf12,7299e27ed73d2ad986de7f7c77d919fa,2017-03-30 16:35:24,14.99,14.52
a1a5a93917c05f8f0a018f68e63a8f52,1,200eaffedd57c444ee6cd8ee8644039d,8ae520247981aa06bc94abddf5f46d34,2018-04-05 15:31:53,26.86,18.23
a1a835a7e59148cc5f62243387eb6c14,1,5a6e53c3b4e8684b13388d6aa4afdf12,7299e27ed73d2ad986de7f7c77d919fa,2017-04-12 10:55:09,15.99,14.52
a1a835a7e59148cc5f62243387eb6c14,2,5a6e53c3b4e8684b13388d6aa4afdf12,7299e27ed73d2ad986de7f7c77d919fa,2017-04-12 10:55:09,15.99,14.52
a1c5606e8638ab41b56420e4c1f4bc21,1,a56af7192032f295ac582a2d70e4caba,d71d863e5ef30d94e440c11be17dcd8f,2018-05-31 13:52:38,649.00,11.41
a1cfeb76f1be888dfc371fbd47344141,1,450a44fbb7995e0ace31991a2bb05470,1b8356dabde1d35e17cef975c3f82730,2017-07-04 17:55:07,38.99,17.60
a1e28dc56f8cf4e569b82f93dfe131f3,1,293ee8ac0a45f559cdeba37b938fdb66,4a3ca9315b744ce9f8e9374361493884,2017-10-04 21:04:28,55.60,16.15
a1e3ae78b2bf6dedf2c6a37f96e17900,1,a743efb3ff4bf4f56e265e73e5c23a6c,41b39e28db005d9731d9d485a83b4c38,2017-08-07 04:35:33,184.90,35.46
a1e3ae78b2bf6dedf2c6a37f96e17900,2,a743efb3ff4bf4f56e265e73e5c23a6c,41b39e28db005d9731d9d485a83b4c38,2017-08-07 04:35:33,184.90,35.46
a1e3ae78b2bf6dedf2c6a37f96e17900,3,a743efb3ff4bf4f56e265e73e5c23a6c,41b39e28db005d9731d9d485a83b4c38,2017-08-07 04:35:33,184.90,35.46
a1e862297757e3dc8f3495be144eab3e,1,cde89c19bf58d71bc836b1495a5ff123,855668e0971d4dfd7bef1b6a4133b41b,2018-03-28 17:10:24,50.00,8.88
a1e92d086f682e6d8a328e19e14e0621,1,0bcc3eeca39e1064258aa1e932269894,1f50f920176fa81dab994f9023523100,2018-01-24 12:34:28,49.90,13.37
a1f4cd05945a0b268d626b4183922f03,1,f68980d7981fcc92059f42a4fd82fb38,634964b17796e64304cadf1ad3050fb7,2018-01-22 12:55:50,290.00,27.31
a20191650d84d1d59f72139a87207a3b,1,8c464efd8ef90612cb673a5ce7046e8c,1da3aeb70d7989d1e6d9b0e887f97c23,2018-01-26 17:19:21,89.99,25.66
a206b5b5949384fc699e072ced43192d,1,55c241d4a5f20682cdeaec642cb06fa8,dd55f1bb788714a40e7954c3be6df745,2017-12-13 13:37:26,350.90,17.22
a214ab5dc32ac17a484d2e0f95f8c90b,1,ab89689c2d13440b8152183ddee2ed81,a44fb5a447105f8469bdf16bf9159f25,2018-08-07 13:04:33,299.00,113.02
a21f94aa35415aa7bd905a21f468e688,1,8c71c9f045a49434865c087cff7bfe02,1554a68530182680ad5c8b042c3ab563,2017-12-13 19:16:56,139.90,50.64
a23d281315a434afd0b7bf492ce6a579,1,c62bc42d383a40b285eee3f95240c817,8160255418d5aaa7dbdc9f4c64ebda44,2018-01-30 15:18:24,114.90,18.05
a24fa323cfbec085a10c18369c980b1e,1,15d5088ad671c687e6ee89b9ba4e0766,f9244d45189d3a3605499abddeade7d5,2017-02-23 21:29:03,635.90,38.97
a250e33c3d40fa9dd726391ebc5a4abb,1,781afe929e3016a667f5f439afd55fce,08633c14ef2db992c11f840f04fad4cd,2018-08-09 04:10:21,109.70,37.68
a251664f5760915d29631e4ea0a6f66e,1,ac4005f3f9d2fba6bb8feb0ee1dc1395,5e105f5c9f63f5f1fd75d6cb942e55b1,2018-05-24 11:51:12,159.00,38.02
a2612baf139a2d944224cb87c81d83b1,1,58b0b0b3e6b7f8ecd3874db9c141250d,a673821011d0cec28146ea42f5ab767f,2017-03-28 10:26:28,198.00,16.69
a26774d26cc0d76f63f1df3115529d6c,1,165b395c969ae612f3d4009d829ffd94,77530e9772f57a62c906e1c21538ab82,2018-02-23 17:47:35,125.00,15.63
a271a428c3186d0c7325878c2075a8d8,1,dab2413ead0edda9967edbc9bda2a64e,562fc2f2c2863ab7e79a9e4388a58a14,2018-05-16 03:09:47,29.99,12.76
a28d9d45abc45839d16fa972466353ed,1,00878d953636afec00d3e85d55a12e7f,955fee9216a65b617aa5c0531780ce60,2018-05-11 15:31:32,100.00,12.61
a28f923e467a199f1c999037c871c9b1,1,6a97716560716501532a300ceec3c24f,f0b47fbbc6dee9aafe415a6e33051b3f,2017-12-06 01:21:47,44.99,22.67
a292ffb436f475f98ec53a05994dbd94,1,5f21301936c11698db6aee5444190da0,fe2032dab1a61af8794248c8196565c9,2017-06-29 12:23:42,149.90,34.85
a2a7a8c26f134471a22568ddf011e175,1,d65b6607952f9e0d705b1cbdc92ac027,48436dade18ac8b2bce089ec2a041202,2017-08-17 04:24:58,44.90,16.11
a2bb1bcee7e5d4f4cd507e33d3e2cef9,1,0a4093a4af429dc0a9334300e5c13ae5,da8622b14eb17ae2831f4ac5b9dab84a,2018-08-07 02:05:09,29.90,7.47
a2d83fe753c66711172a6b99df1bafcd,1,8b92139f9270553dc3fefeac3ef69034,dd7ddc04e1b6c2c614352b383efe2d36,2017-05-09 20:30:14,46.90,23.58
a2d8aaf39efc96fe140eda3e8f2e337e,1,f8e75ec247fd97a5e1abcaa48e9e971d,ea65d8b58316a6f2362f2a9e4b3e86ad,2018-03-07 16:55:57,37.90,11.85
a2d8aaf39efc96fe140eda3e8f2e337e,2,f8e75ec247fd97a5e1abcaa48e9e971d,ea65d8b58316a6f2362f2a9e4b3e86ad,2018-03-07 16:55:57,37.90,11.85
a2d8aaf39efc96fe140eda3e8f2e337e,3,f8e75ec247fd97a5e1abcaa48e9e971d,ea65d8b58316a6f2362f2a9e4b3e86ad,2018-03-07 16:55:57,37.90,11.85
a2d8aaf39efc96fe140eda3e8f2e337e,4,f8e75ec247fd97a5e1abcaa48e9e971d,ea65d8b58316a6f2362f2a9e4b3e86ad,2018-03-07 16:55:57,37.90,11.85
a2d8aaf39efc96fe140eda3e8f2e337e,5,f8e75ec247fd97a5e1abcaa48e9e971d,ea65d8b58316a6f2362f2a9e4b3e86ad,2018-03-07 16:55:57,37.90,11.85
a2d8aaf39efc96fe140eda3e8f2e337e,6,f8e75ec247fd97a5e1abcaa48e9e971d,ea65d8b58316a6f2362f2a9e4b3e86ad,2018-03-07 16:55:57,37.90,11.85
a2dbd8a0cd329f7a6850f5f2f1257a53,1,b1d207586fca400a2370d50a9ba1da98,1ca7077d890b907f89be8c954a02686a,2017-12-29 15:51:45,149.00,12.54
a2f11c7013b28222f6c33526257ce2bf,1,ab1f9387c0627dd24000bfbc54fdeee0,8b321bb669392f5163d04c59e235e066,2018-07-24 15:45:16,19.90,18.24
a2f7326351628f773f83d542a9da6851,1,aadff88486740e0b0ebe2be6c09476ae,da8622b14eb17ae2831f4ac5b9dab84a,2018-08-17 04:24:22,29.90,18.31
a3021cb38ee69a87a0cb9cda57f7d72e,1,ac81bacb0ef8c88048ad83765dfeefc1,1099a00e0ee3a50935e6c2447ca090c5,2017-11-16 19:07:00,299.90,29.48
a307c0c56d1c16450005b683913f73a7,1,036734b5a58d5d4f46b0616ddc047ced,ea8482cd71df3c1969d7b9473ff13abc,2018-01-25 19:10:13,34.99,25.63
a30cba7093267abeb0f8489d5c16c7af,1,be62f0c24387eae79f18265ad2a5d8cc,76d5af76d0271110f9af36c92573f765,2017-03-27 09:21:54,24.90,18.10
a30cba7093267abeb0f8489d5c16c7af,2,be62f0c24387eae79f18265ad2a5d8cc,76d5af76d0271110f9af36c92573f765,2017-03-27 09:21:54,24.90,18.10
a30cba7093267abeb0f8489d5c16c7af,3,be62f0c24387eae79f18265ad2a5d8cc,76d5af76d0271110f9af36c92573f765,2017-03-27 09:21:54,24.90,18.10
a31ecde4565b9e5e70a4ac17fb47174c,1,eb15361fe97df32845dd225073d56db3,4c8b8048e33af2bf94f2eb547746a916,2018-02-20 01:55:42,26.80,12.69
a3309e7ee5cbc991563c83bc0c41d694,1,78efe838c04bbc568be034082200ac20,0241d4d5d36f10f80c644447315af0bd,2018-05-21 03:16:16,99.90,29.97
a3316b63c1f065d129b524f658cce198,1,656e0eca68dcecf6a31b8ececfabe3e8,00fc707aaaad2d31347cf883cd2dfe10,2018-03-02 07:27:13,84.00,15.34
a3316b63c1f065d129b524f658cce198,2,656e0eca68dcecf6a31b8ececfabe3e8,00fc707aaaad2d31347cf883cd2dfe10,2018-03-02 07:27:13,84.00,15.34
a33c70384e5369223140d28308cc84a4,1,1d2d3b19f5c3d093d4dbccd3cd963a8f,7ddcbb64b5bc1ef36ca8c151f6ec77df,2017-09-21 15:28:03,194.99,33.81
a35f0b52cacb3c4208d7107bde82f2cf,1,f78b9bb56844b1771bb8be6e8907b1bf,f8db351d8c4c4c22c6835c19a46f01b0,2018-08-22 02:49:58,99.90,8.86
a3761cb6b3883a498fb7fdc5833dcfc7,1,ba5fb4ab9cd70d201b74b5bad9d4ca00,562fc2f2c2863ab7e79a9e4388a58a14,2018-03-19 19:29:26,24.99,22.85
a383762bd79949e1b34878460042cd23,1,f0bbc1bdaf90ddcab4aa862660dfc6d3,f262cbc1c910c83959f849465454ddd3,2018-04-04 21:31:15,19.99,24.48
a383762bd79949e1b34878460042cd23,2,f0bbc1bdaf90ddcab4aa862660dfc6d3,f262cbc1c910c83959f849465454ddd3,2018-04-04 21:31:15,19.99,24.48
a3ab1f6066a1d294342241bbe29e363a,1,9041a4cde4a900bc259d3b1b6847f6b1,1025f0e2d44d7041d6cf58b6550e0bfa,2018-05-21 15:18:00,120.00,30.70
a3ba21f961c9d61f7502766974371616,1,955e839e4a1e8af1dc811f11c4a5cdbc,b499c00f28f4b7069ff6550af8c1348a,2018-03-08 09:09:52,59.99,16.18
a3c299fda1b92fa41de80b43ecc70ddd,1,c033d17d5564326cf7986e7ffda1cf60,01fdefa7697d26ad920e9e0346d4bd1b,2018-08-15 12:45:09,121.00,15.92
a3d09160e24a1850b3ab0d86e6281ab1,1,783caabd539c4079ec08423e30719fba,955fee9216a65b617aa5c0531780ce60,2018-07-30 03:05:15,29.00,8.36
a3e6b4dfa4c321071ce66af89c4903b8,1,4d0ec1e9b95fb62f9a1fbe21808bf3b1,8160255418d5aaa7dbdc9f4c64ebda44,2018-04-10 08:29:32,115.90,19.78
a3ee95a310b51d1715ed8c16b7cd3ffe,1,f819f0c84a64f02d3a5606ca95edd272,4869f7a5dfa277a7dca6462dcf3b52b2,2018-01-22 14:11:15,668.00,21.93
a3f157a067efbb72090189af1f7b78b4,1,d1c427060a0f73f6b889a5c7c61f2ac4,a1043bafd471dff536d0c462352beb48,2018-03-30 18:50:15,139.00,61.35
a3f701e4bf2687d7aa6b807340426a26,1,48de27bd5c8f17adee291f6886cec06f,de23c3b98a88888289c6f5cc1209054a,2017-09-01 14:24:48,159.00,15.87
a400b16a97414ec974f5a6910c28dbe5,1,223d59a37896c34a98384dcbaefc322c,2528513dd95219a6013d4d05176e391a,2018-08-15 20:10:18,199.00,19.19
a402af38a74c44926247db438245d95c,1,25179680ecacb54a036e9cdd27459da3,b7cc6c5e001441ae8cdd5c69a480cbe4,2018-02-05 22:32:39,199.00,83.25
a4101dff2487b4a3d89330b9fe480475,1,c1cf8f51eac90b1ff478250b3d35c37b,bc47d5d1490df2b36add65d733eafaba,2018-06-21 12:32:39,35.00,37.16
a4186d9eb0c08c0618614b111418707a,1,c6dd917a0be2a704582055949915ab32,7a67c85e85bb2ce8582c35f2203ad736,2018-03-14 22:30:22,99.99,18.28
a41c8759fbe7aab36ea07e038b2d4465,1,b72b39418216e944bb34e35f4d3ea8c7,45d33f715e24d15a6ccf5c17b3a23e3c,2016-10-21 16:18:26,36.49,17.24
a41db3ba7cb50a96c768af70cd98e189,1,b1936fadca97f61a4913e6798d50aa27,d93919c944be9cff128f6c9cb899eacb,2017-12-29 20:53:20,69.90,18.38
a4244008bc97ae9cdc3807237fa83229,1,d881c75404b591b0912840f5401ae57a,744dac408745240a2c2528fb1b6028f3,2018-06-20 15:01:10,579.00,64.33
a425d9ae82dd1c3e17ee1ec6e6c0757f,1,45df8892a1d74d2e8f960dc06625fdab,99eaacc9e6046db1c82b163c5f84869f,2017-05-05 15:35:15,290.00,12.64
a4277113bcf10ed364a0182042fc8155,1,573ecac44bc00133b12d7d80ed8f3fa1,994f04b3718c2bab35c2adfa8afecd2a,2018-05-10 17:10:23,44.90,23.28
a427db09dd194740f13a3a2c7bcf38bc,1,f2343d71cb5ff4e6ff456dd9b544b84a,99eaacc9e6046db1c82b163c5f84869f,2017-03-16 16:33:35,124.00,15.04
a4285d97aac2bc967bd5b9f50db5b3c7,1,5ed3835ea6f96c77bdbe416dc1a96850,aba1721a889e04decc910aa13b768ef4,2018-06-29 00:31:25,149.00,8.30
a433f43c39b2899cded8d987e2995c3c,1,4cd429cde8cf80cc5c334eac09b4b965,8c16d1f32a54d92897cc437244442e1b,2018-03-08 16:55:58,56.90,15.15
a438cc4a17bee890885f11fb9a4ee39c,1,c8a3354f3676a68d1d990112ee5f2b5a,f435898e493ba0356019a0b1cb8b55b1,2017-02-24 08:40:21,24.87,14.11
a454983d73207579d61a09fb40ea7ae7,1,adaf9912b6a61877040e1437ec878ef3,1da3aeb70d7989d1e6d9b0e887f97c23,2018-06-26 20:18:10,39.99,15.38
a45d988c5f5764f548ae6fa14a8ee773,1,90b58782fdd04cb829667fcc41fb65f5,7c67e1448b00f6e969d365cea6b010ab,2017-11-08 09:07:43,179.99,64.75
a45d988c5f5764f548ae6fa14a8ee773,2,90b58782fdd04cb829667fcc41fb65f5,7c67e1448b00f6e969d365cea6b010ab,2017-11-08 09:07:43,179.99,64.75
a45d988c5f5764f548ae6fa14a8ee773,3,90b58782fdd04cb829667fcc41fb65f5,7c67e1448b00f6e969d365cea6b010ab,2017-11-08 09:07:43,179.99,64.75
a45d988c5f5764f548ae6fa14a8ee773,4,90b58782fdd04cb829667fcc41fb65f5,7c67e1448b00f6e969d365cea6b010ab,2017-11-08 09:07:43,179.99,64.75
a45d988c5f5764f548ae6fa14a8ee773,5,90b58782fdd04cb829667fcc41fb65f5,7c67e1448b00f6e969d365cea6b010ab,2017-11-08 09:07:43,179.99,64.75
a46dc6a0212b801e6864957e34476ab3,1,407bc2771e1ae0911576de1560d3adcc,1ce3ae5a399804d1a87e706f8a813c3e,2017-11-30 19:56:26,69.90,16.25
a4736d7f64163c9072e4aaeeb18f3aa8,1,461f43be3bdf8844e65b62d9ac2c7a5a,4869f7a5dfa277a7dca6462dcf3b52b2,2018-02-06 23:11:23,148.00,15.79
a477cdebba202e2c15cae2e35dbac3b3,1,2187a2f05e362364c24d44feaeb40243,46dc3b2cc0980fb8ec44634e21d2718e,2017-11-30 21:56:42,99.99,13.53
a483ffe0ce133740ab12ebcba8a3ccf9,1,36f60d45225e60c7da4558b070ce4b60,8e6d7754bc7e0f22c96d255ebda59eba,2018-01-16 14:29:14,109.89,13.11
a483ffe0ce133740ab12ebcba8a3ccf9,10,36f60d45225e60c7da4558b070ce4b60,8e6d7754bc7e0f22c96d255ebda59eba,2018-01-16 14:29:14,109.89,13.11
a483ffe0ce133740ab12ebcba8a3ccf9,2,36f60d45225e60c7da4558b070ce4b60,8e6d7754bc7e0f22c96d255ebda59eba,2018-01-16 14:29:14,109.89,13.11
a483ffe0ce133740ab12ebcba8a3ccf9,3,36f60d45225e60c7da4558b070ce4b60,8e6d7754bc7e0f22c96d255ebda59eba,2018-01-16 14:29:14,109.89,13.11
a483ffe0ce133740ab12ebcba8a3ccf9,4,36f60d45225e60c7da4558b070ce4b60,8e6d7754bc7e0f22c96d255ebda59eba,2018-01-16 14:29:14,109.89,13.11
a483ffe0ce133740ab12ebcba8a3ccf9,5,36f60d45225e60c7da4558b070ce4b60,8e6d7754bc7e0f22c96d255ebda59eba,2018-01-16 14:29:14,109.89,13.11
a483ffe0ce133740ab12ebcba8a3ccf9,6,36f60d45225e60c7da4558b070ce4b60,8e6d7754bc7e0f22c96d255ebda59eba,2018-01-16 14:29:14,109.89,13.11
a483ffe0ce133740ab12ebcba8a3ccf9,7,36f60d45225e60c7da4558b070ce4b60,8e6d7754bc7e0f22c96d255ebda59eba,2018-01-16 14:29:14,109.89,13.11
a483ffe0ce133740ab12ebcba8a3ccf9,8,36f60d45225e60c7da4558b070ce4b60,8e6d7754bc7e0f22c96d255ebda59eba,2018-01-16 14:29:14,109.89,13.11
a483ffe0ce133740ab12ebcba8a3ccf9,9,36f60d45225e60c7da4558b070ce4b60,8e6d7754bc7e0f22c96d255ebda59eba,2018-01-16 14:29:14,109.89,13.11
a49b8f92334f6b3b8eef67010a8e53ce,1,cbf065c6b1569d0a2f384856d3f27dc5,2c4c47cb51acd5ea5db5e0ae0e26542a,2018-07-26 03:15:29,179.17,19.55
a49b8f92334f6b3b8eef67010a8e53ce,2,cbf065c6b1569d0a2f384856d3f27dc5,2c4c47cb51acd5ea5db5e0ae0e26542a,2018-07-26 03:15:29,179.17,19.55
a4b41e795041ff5fb997f1049944e429,1,a213969f10be36f5ef5717a3c2c27952,45ba18c210d42734ec52c0c1c574e9ee,2018-04-30 17:32:26,339.89,24.69
a4ba5f471acc707087cf478a5145f0e7,1,5da831182fe9ba6ab33ab17bbc5d16c7,4d6d651bd7684af3fffabd5f08d12e5a,2018-02-05 21:53:42,169.00,15.93
a4df4e468e42ed5687c3ee2e925239a7,1,58b0b0b3e6b7f8ecd3874db9c141250d,a673821011d0cec28146ea42f5ab767f,2017-12-11 17:55:53,198.00,15.14
a4e4558822ee82b83d241adadffa42db,1,53b36df67ebb7c41585e8d54d6772e08,4869f7a5dfa277a7dca6462dcf3b52b2,2018-03-16 17:09:59,120.00,23.99
a4e90e85913254028e2b816285a11db9,1,cac9e5692471a0700418aa3400b9b2b1,7ea5bfa6c340f58f8e71fc1f0412b0d6,2018-04-20 18:30:24,99.49,18.58
a4f28b3c6ced3a0b8f60b9043bc27f9f,1,83b00325c13c44245b2c3a2befa62a0e,ad781527c93d00d89a11eecd9dcad7c1,2018-01-30 14:31:33,179.99,82.08
a52f7fed96d71ecc9f577e2584e9d938,1,4fe644d766c7566dbc46fb851363cb3b,c31eff8334d6b3047ed34bebd4d62c36,2018-01-15 07:16:33,129.99,21.40
a53d587cedb15e572d3aa67984929be5,1,312deeb177508f3b29f7ea944719b267,79ebd9a61bac3eaf882805ed4ecfa12a,2017-12-18 10:31:58,11.90,15.10
a542babfe6f6339952a1f699ddc1868b,1,0c9ff9d8ed9b9bdd825487b3a66e05f5,8581055ce74af1daba164fdbd55a40de,2017-12-07 18:57:13,226.95,21.56
a54a8115a2feb724778f05afb10f69e5,1,3e4176d545618ed02f382a3057de32b4,02f5837340d7eb4f653d676c7256523a,2018-01-24 19:31:07,129.99,17.16
a5507507d82c1fb664405882ed065af0,1,9431c1bc614592c4c3392c6f9c1a0b89,e06f09ec0a4aca210779cf1cfc63cf19,2017-09-15 11:44:33,535.00,16.30
a5543e119a631f1be4191fbc2c5e1e07,1,5403528d987ad26e8d7cb25940411987,6560211a19b47992c3666cc44a7e94c0,2018-08-20 03:30:22,49.00,19.25
a56a8219728fdbdc71a20c07b77f1328,1,930715d24c2f9780fac2a78636094fd3,95e03ca3d4146e4011985981aeb959b9,2018-04-19 13:51:16,30.00,8.47
a56e37d8a5dac95d919eaff11259c597,1,722dc14e0848efdb771dca6de2929c41,7178f9f4dd81dcef02f62acdf8151e01,2018-04-25 10:50:48,99.00,56.50
a586da019f92d63ea627fb32eba2b776,1,3dd2a17168ec895c781a9191c1e95ad7,de722cd6dad950a92b7d4f82673f8833,2018-04-10 03:15:20,149.90,84.60
a5903a529b9519a24ef2252f50a19cbe,1,300a6327ab13de0f4e0d3ec3270df6a3,0ed6ce5d87fd9c69eaacaeb778d67235,2018-06-11 10:51:14,14.99,15.23
a5963ec55629a3be5270283db13391a6,1,93f5c3a2ca8100b5c02efe3e1b92852f,f0b47fbbc6dee9aafe415a6e33051b3f,2018-08-15 22:04:24,32.49,8.98
a59e5a3085765eccf13872b4529fba3c,1,6eb6c5cb7df0f863538b61a47fcce962,fe2032dab1a61af8794248c8196565c9,2017-08-24 02:30:28,145.00,9.21
a5a2ab9022d563da450076220e56d658,1,524cace8752843f12129d6ecfae9c7cb,4003520d80d0bad1d5623f7aa3c63cda,2017-10-02 21:04:53,70.00,16.74
a5b30f9f44d2413db0b94cd9a3fdcf81,1,c12e49e47562c48e7c81b75e59f91cbf,406822777a0b9eb5c50e442dd4cd3ec5,2017-11-30 21:31:30,99.00,13.71
a5b36a263c9692d52e2243b9ef05c6d6,1,e12f98550d5a1a612066b387f97c1970,a5a1bfcf728ab0e19182959cf0771ee4,2018-06-26 12:58:07,119.70,13.50
a5b65501699091dc28e4499a0b143963,1,a8856d651600289b162f857e26838480,9616352088dcf83a7c06637f4ebf1c80,2017-11-17 01:26:06,59.90,17.99
a5bee526a0ca9f2a66f3704b82ad7833,1,ba572ccfc6c650859ea32461831bed57,1acde099eb406aa220b1169b188b42da,2017-11-09 22:46:15,16.90,9.34
a5cb0c790b2769b76dbd70429cb66d96,1,e899d44e1fbd1131a4c94b9f7bb1ff2a,725c32fa80c2faacc4fc88450d27314e,2017-12-12 14:12:29,99.98,9.51
a5ce51395d295fe2c816182f79c81866,1,3e9fecd898d8fc598fb18399c2af0248,fe2032dab1a61af8794248c8196565c9,2018-08-09 00:44:43,172.50,9.37
a5d81ef92239f2dfe3b2aef1416077aa,1,5a848e4ab52fd5445cdc07aab1c40e48,c826c40d7b19f62a09e2d7c5e7295ee2,2017-12-07 10:13:01,122.99,15.61
a5d865e12e7e0f8952334691874959df,1,d9ea8b9304d5ce0662a97af9337ee871,b494891378bd8f4560abe576c52deacd,2018-08-02 18:00:24,218.90,11.35
a5d865e12e7e0f8952334691874959df,2,5f6b99538b396c18e5e310c2c187dc8d,b494891378bd8f4560abe576c52deacd,2018-08-02 18:00:24,199.90,11.35
a5da284831a584245b8ab3cbce6eea11,1,8c591ab0ca519558779df02023177f44,a1043bafd471dff536d0c462352beb48,2017-03-10 10:02:51,99.99,28.89
a5db68fbdade236961fa0c90c8264898,1,5cebe3c91f03e5d52a1951b3ce8354cd,5563732abe64c3036cb97ad924128dd1,2017-06-29 23:15:12,64.00,15.21
a5de9034056efda4d24346ed92962a22,1,c354569eefd558bf201d0aedf35608ed,822166ed1e47908f7cfb49946d03c726,2018-03-27 17:10:35,74.99,19.49
a5dfe2f94a7c8cb55a435a6ed9fc2c12,1,7c1bd920dbdf22470b68bde975dd3ccf,cc419e0650a3c5ba77189a1882b7556a,2017-05-12 11:25:53,64.99,11.06
a5f588c27a89f3717988ca093e02ba3d,1,7741aeb3317b850cda6eec4627821fad,4a3ca9315b744ce9f8e9374361493884,2017-12-08 17:50:53,193.90,16.11
a5f8c36187658cd37c05515c06cdd941,1,97017430754804328eb9597b7f85da03,ea8482cd71df3c1969d7b9473ff13abc,2018-08-06 22:15:27,29.99,7.47
a61379db8a77b3c23fd2f0f60a5bd564,1,b4bc9f5c59d29ba89f37dcfa9ea53cc1,7040e82f899a04d1b434b795a43b4617,2018-02-13 11:55:55,79.90,13.11
a6264125a9c50827b115847d47c73a13,1,389d119b48cf3043d311335e499d9c6b,1f50f920176fa81dab994f9023523100,2017-10-13 15:14:26,59.90,17.67
a6264125a9c50827b115847d47c73a13,2,389d119b48cf3043d311335e499d9c6b,1f50f920176fa81dab994f9023523100,2017-10-13 15:14:26,59.90,17.67
a6476259927be2539b760baec362ce92,1,6bbe55cf8f85c87b6eebb775a53402f4,0db783cfcd3b73998abc6e10e59a102f,2017-12-20 00:12:44,69.90,9.27
a65123674e1b3ffde2fff9af8c009f30,1,f0c1c1d5ec61ce4c4846abd4283631df,a5a1bfcf728ab0e19182959cf0771ee4,2018-01-11 21:57:23,59.90,15.17
a65123674e1b3ffde2fff9af8c009f30,2,f0c1c1d5ec61ce4c4846abd4283631df,a5a1bfcf728ab0e19182959cf0771ee4,2018-01-11 21:57:23,59.90,15.17
a681c0def1c5f464196b9deaca8d28db,1,72b61ed035f5576359ccf0d2ec7bddf2,6c12e40690c335dbc2f68a4134d30dc1,2017-12-22 20:30:25,59.90,15.17
a681c0def1c5f464196b9deaca8d28db,2,72b61ed035f5576359ccf0d2ec7bddf2,6c12e40690c335dbc2f68a4134d30dc1,2017-12-22 20:30:25,59.90,15.17
a68d55e37069898482bef61866cac7f4,1,880be32f4db1d9f6e2bec38fb6ac23ab,fa40cc5b934574b62717c68f3d678b6d,2017-09-14 01:30:17,44.90,7.78
a68ddd6009f7c4914e2bc86567262d3b,1,4413a608a42bd21bbf9d5abbd58c249a,7ddcbb64b5bc1ef36ca8c151f6ec77df,2017-11-06 15:50:22,146.99,20.52
a698eb7ffd8072c3664a4950b259ff0b,1,24dc9e724587e5bd160e891dc0e3699a,31da954dc0855f2495c6310f70a2f931,2017-12-13 03:12:02,49.00,8.11
a6a5d5673d42186a8b8b94ad29b59897,1,3d77287739b6bf1ac163ce2d77570ada,8c3b533c63cca56240f94f1e3a6b18ef,2017-06-05 01:00:34,449.90,173.78
a6a5d5673d42186a8b8b94ad29b59897,2,3d77287739b6bf1ac163ce2d77570ada,8c3b533c63cca56240f94f1e3a6b18ef,2017-06-05 01:00:34,449.90,173.78
a6aa2d9d0561ad1c39f33d69e3f1277e,1,7daeca72c6dc366e43753e5f9a9b1438,d650b663c3b5f6fb392b6326366efa9a,2018-08-03 20:15:25,999.00,14.25
a6b0569fe3c4f86e7604914120e06df1,1,659c04245988705deac370b5d5ca1db4,fa1c13f2614d7b5c4749cbc52fecda94,2017-09-11 10:50:11,179.90,16.01
a6bf292dae65f520a1f47f4df440654a,1,4182ad8f6fd91b6064f2d1097d8a4291,b56906f7fd1696e043f1bcce164c487b,2017-10-11 18:35:17,34.99,17.60
a6c872862f17570fa0c8d8d39bdd2473,1,fcad6e5643f855de4b616a24e6dd25e4,4a3ca9315b744ce9f8e9374361493884,2017-05-30 15:10:17,286.40,58.67
a6d6282641341836469627a964ade597,1,5ef700515181623872771a16d1371cd4,a369d693961cb93b61ca2cc518872a85,2018-01-18 21:09:28,67.00,20.87
a6d7b2808b32dae3b384222edb93efd0,1,276d4fcbcec8b8cdb8c373d5ee67e9db,7722b1df1b0e383e000397b2c11e3e19,2018-03-29 11:29:14,17.90,8.88
a6eaa4e9d0e172457c2f76bdd1face86,1,165160698dfc8156898999e0be8c4b27,8e6cc767478edae941d9bd9eb778d77a,2017-11-21 18:15:34,137.30,18.21
a6f204a476de5e606ae0188921142f7a,1,d950ce1f38b6772552be4523baf94c7a,ebd2d60905fb58271facef5596b620d3,2017-05-15 09:43:10,74.90,38.07
a710aa239bfbb253f2ecd578893a07bc,1,47277d35dcfa53f5bee3d98ec3031c8a,5d0363b33554b373851fc1622e4d5f3c,2018-06-14 11:15:19,50.90,27.09
a7144d3b7979d21c288cab0a459f7bf0,1,d00af18ab556193d160b6ce26d232a96,41b86b552e54e3a7009596125aa8b167,2017-04-13 18:50:17,399.90,17.91
a71cbf13e7dfa5a074740c8a1efc5a9a,1,25b569d22d25020f8a5d52f8ad129b14,d12c926d74ceff0a90a21184466ce161,2017-04-12 02:43:01,29.00,8.72
a739570c1cd11112aa1fc229a15155ac,1,21d2fdced5c69bfc6539b67908a4ad28,1554a68530182680ad5c8b042c3ab563,2017-03-22 20:25:10,179.99,24.25
a749acbc328952e55d87733a869f2817,1,03a20f79e4c056b48ce29b3e30beb0fb,6fc26fe110feebd80a433e1f012a84f9,2017-08-31 02:50:51,59.00,12.75
a749acbc328952e55d87733a869f2817,2,03a20f79e4c056b48ce29b3e30beb0fb,6fc26fe110feebd80a433e1f012a84f9,2017-08-31 02:50:51,59.00,12.75
a749acbc328952e55d87733a869f2817,3,03a20f79e4c056b48ce29b3e30beb0fb,6fc26fe110feebd80a433e1f012a84f9,2017-08-31 02:50:51,59.00,12.75
a749acbc328952e55d87733a869f2817,4,03a20f79e4c056b48ce29b3e30beb0fb,6fc26fe110feebd80a433e1f012a84f9,2017-08-31 02:50:51,59.00,12.75
a757a56d0e861a38647169019a35ef8d,1,c0350d6ac413eda4641bf92ab687f1b5,f214d28e8d8e3ef068748498ccc2f813,2017-11-24 12:09:22,39.99,15.10
a7586f18de9c78a682d841ea07939673,1,83d199d296c44101c8c3b5c9c0cce9ea,850f4f8af5ea87287ac68de36e29107f,2017-12-15 19:31:03,69.99,9.34
a759ad28933493d22dbaf7c75445cbe5,1,a30c310dda4ad467282787fee075cb69,bd149ed516d4c5d418d5781f8e18919f,2017-11-19 23:35:35,37.90,13.08
a75f9d41f99d675f35ab8b90b2dc9b2f,1,7bdb0c9137fdc67e666061dc0ee2838c,49e7217cfe4e427191c378ec626d8737,2018-06-04 20:55:11,48.90,50.85
a76c1d70a00186ece4d82eba5f387f0a,1,422879e10f46682990de24d770e7f83d,1f50f920176fa81dab994f9023523100,2017-11-30 20:31:40,49.00,17.64
a7737f6d9208dd56ea498a322ed3c37f,1,9cb42a0117f7a4098d69936a6e772481,2138ccb85b11a4ec1e37afbd1c8eda1f,2017-10-29 23:49:29,18.90,15.10
a7737f6d9208dd56ea498a322ed3c37f,2,57fcacc3434a1f2f2b039c1b4e61f5e1,2138ccb85b11a4ec1e37afbd1c8eda1f,2017-10-29 23:49:29,18.90,15.10
a77c9550c32e540e8798334f832b522a,1,dd6a505f83dd3c6326aa9856519e0978,fa40cc5b934574b62717c68f3d678b6d,2017-06-01 10:15:13,49.90,7.78
a7945c880a9ae5ff74905e316695ac77,1,a12c9204f6f9e90ad1d8ba5571fbfed2,f262cbc1c910c83959f849465454ddd3,2018-04-13 16:50:09,29.99,8.29
a794d432d0990aa47220cda510a0a872,1,04af9f3af5c6afc4eece909c25330934,6560211a19b47992c3666cc44a7e94c0,2017-09-21 01:10:38,129.00,15.51
a794d432d0990aa47220cda510a0a872,2,15fdd6032f35d4add5066fb90be28630,6560211a19b47992c3666cc44a7e94c0,2017-09-21 01:10:38,89.00,15.51
a795d23a5dda16a79cabe752ef263cf7,1,a4754d4ccde0d779725e48b8815b7f34,7142540dd4c91e2237acb7e911c4eba2,2018-06-25 02:55:35,59.90,14.73
a7a256d455df2402da6d060321656b20,1,423a6644f0aa529e8828ff1f91003690,e59aa562b9f8076dd550fcddf0e73491,2017-11-21 17:30:40,415.00,27.81
a7b3902a1a640e1f0d4f861d468c588a,1,d2909bb1200f91eae8737b0baef36afb,b2ba3715d723d245138f291a6fe42594,2017-12-07 02:37:29,104.90,9.55
a7c2931e0d164883a0792bdbb8240381,1,e2f1ccf86759df28dd1e9f2e0e3242d4,df0f42bc4c2142eacf0eaf2cffd0cfbb,2018-04-23 09:51:15,104.00,18.61
a7dde6878527f0d1731d370978ba2849,1,57c806e92eec9168ff2065cc65375576,ce27a3cc3c8cc1ea79d11e561e9bebb6,2017-09-22 12:30:19,30.00,11.85
a7de2a15156cab510e1cf5761949255f,1,c829cd4f5382dfc97d9cb71af8619e79,688756f717c462a206ad854c5027a64a,2018-05-10 10:13:54,62.00,18.01
a7de2a15156cab510e1cf5761949255f,2,c829cd4f5382dfc97d9cb71af8619e79,688756f717c462a206ad854c5027a64a,2018-05-10 10:13:54,62.00,18.01
a7de2a15156cab510e1cf5761949255f,3,c829cd4f5382dfc97d9cb71af8619e79,688756f717c462a206ad854c5027a64a,2018-05-10 10:13:54,62.00,18.01
a7f28fe443db7fc7f6f79297e3a18923,1,8c591ab0ca519558779df02023177f44,a1043bafd471dff536d0c462352beb48,2018-02-01 11:56:31,120.00,22.86
a7f28fe443db7fc7f6f79297e3a18923,2,52c80cedd4e90108bf4fa6a206ef6b03,a1043bafd471dff536d0c462352beb48,2018-02-01 11:56:31,179.00,30.47
a8096d0b94faa1314dbd562efc6a0967,1,e9def91e99c8ecb7c5cef5e31506a056,850f4f8af5ea87287ac68de36e29107f,2018-01-31 04:52:09,69.99,17.06
a8097c0d6367263ed08ac7fa6b864235,1,c075b8e131353552218860f1c421e4ef,f80edd2c5aaa505cc4b0a3b219abf4b8,2017-04-25 03:45:48,48.90,26.82
a811439b19bb6909ef492b5840fada1b,1,ba5e8c3caf51c548e15ac48cd838fc5c,cac4c8e7b1ca6252d8f20b2fc1a2e4af,2018-04-24 02:31:11,39.99,22.93
a81957953164f65e49dd6af3972b9db5,1,4e11734666acc305a4649de43f0bd181,7681ef142fd2c19048da7430856b5588,2018-06-11 11:30:34,730.00,53.26
a827a4bb4b7d1623fb232641e491bf02,1,c9af29e8a0c52866bb2c9f5f6344d9b2,77530e9772f57a62c906e1c21538ab82,2017-03-23 23:46:28,68.00,17.32
a82dcbafd23833baa1a6f5328cedf5a2,1,6a057a401eab3b3cb8083d9e42972233,e64d65bc8dbec2accda90c58de5d1246,2018-03-19 19:49:51,149.90,12.14
a85b39b522ebdc78718abeca337444a5,1,6a1c65dbbecc1ece8c22856122a774ac,1025f0e2d44d7041d6cf58b6550e0bfa,2018-07-02 14:30:48,230.00,26.59
a85de20f557d7c93da92888cde9b7aef,1,16bf176650a888512655cc94f61860e3,6560211a19b47992c3666cc44a7e94c0,2018-04-13 15:51:16,39.00,15.23
a878ec01610f77e9f5ddd8bbc33b4468,1,1ab301df9ab26fc25842366a7c68fb96,bafc5aa11e413978be29040f51342e70,2017-12-21 09:16:23,179.99,17.70
a87b1e2e028f2dd7b4f77afd0f1da268,1,1a428b685ede76217c9efb550c4aaa59,d2374cbcbb3ca4ab1086534108cc3ab7,2018-08-28 03:35:13,22.90,18.26
a87b1e2e028f2dd7b4f77afd0f1da268,2,1a428b685ede76217c9efb550c4aaa59,d2374cbcbb3ca4ab1086534108cc3ab7,2018-08-28 03:35:13,22.90,18.26
a880a78363d1f9a76ec3ca2b150de0dc,1,5546b861464398b784d10d8894ac97b0,7d76b645482be4a332374e8223836592,2017-11-23 16:26:12,24.99,21.15
a891f3efca32da79bccc94e6e69fd3e0,1,222efa72a47277d611b8b38d71149afd,cd06602b43d8800bd0afad514919d35c,2017-02-13 21:28:59,6.00,10.96
a89eed32f0011eb66dcf2beb3d0fb255,1,e5a19f25b139394121110bbaab05087c,376a891762bbdecbc02b4b6adec3fdda,2017-05-25 01:25:20,289.50,35.83
a8a29ae9b3f2dc2e650dc520d7842041,1,962a6951154f98f2c8e9a5b8b2bcf4a9,1025f0e2d44d7041d6cf58b6550e0bfa,2018-06-06 03:14:34,75.00,27.08
a8a29ae9b3f2dc2e650dc520d7842041,2,962a6951154f98f2c8e9a5b8b2bcf4a9,1025f0e2d44d7041d6cf58b6550e0bfa,2018-06-06 03:14:34,75.00,27.08
a8a66bacde65e1be704695072691fab7,1,d692d19cee022f7acab76373f297ad6a,00ee68308b45bc5e2660cd833c3f81cc,2018-01-09 04:35:29,127.00,12.09
a8b78b69f09b2a198f5a89c1897f8c72,1,e3c816666a7d2a1e7fbf02651e550b78,afac9f6b0c4e5f0a7ee87e922cd0f873,2018-02-26 16:27:23,20.99,11.85
a8c403407745aac434946d5058faa6a6,1,11e5f8670ab66f75fd2b979a6d2a14b2,4a3ca9315b744ce9f8e9374361493884,2018-02-09 02:29:44,115.50,13.78
a8c403407745aac434946d5058faa6a6,2,bb9b0c89e9d58f5cd33126ab223de642,4c8b8048e33af2bf94f2eb547746a916,2018-02-09 02:29:44,201.40,1.38
a8c403407745aac434946d5058faa6a6,3,bd2c3709849255acdbf5855094cdaa01,cfb1a033743668a192316f3c6d1d2671,2018-02-09 02:29:44,83.25,27.56
a8dca6a1942e9103b78f5aea8b50a884,1,592962829d5a715304344e656e39108a,8160255418d5aaa7dbdc9f4c64ebda44,2017-11-30 15:14:40,116.90,16.58
a8ddfd6f6316a1c31da18f179981ecc6,1,1994792a258088f40af8b4f4bd60d6cf,3903c788ded8dc03b5ebab37a2f3e9a1,2018-07-04 11:55:18,13.00,7.39
a8e46b160afbe222158c657aebb0166c,1,775917a2882dceb1d02aaa6b1abc1b24,0241d4d5d36f10f80c644447315af0bd,2018-03-15 11:49:36,295.00,37.30
a8eed0db5f225dedde3f0edcdf9ee3ed,1,3fc18e3aefe7b9346bd15de863fa0365,53e4c6e0f4312d4d2107a8c9cddf45cd,2017-10-09 03:49:25,71.00,13.08
a8f2de0bd364d148696276ada61777f7,1,ebe9b72c17b25034d971a1609ef8024d,c70c1b0d8ca86052f45a432a38b73958,2018-05-29 08:31:56,95.00,7.53
a8f2de0bd364d148696276ada61777f7,2,ebe9b72c17b25034d971a1609ef8024d,c70c1b0d8ca86052f45a432a38b73958,2018-05-29 08:31:56,95.00,7.53
a8f7154bb991a05d09b8175c2e50364e,1,1ec18a242e7ed004de8161b60f0262b1,7b07b3c7487f0ea825fc6df75abd658b,2018-06-28 10:17:43,54.40,13.04
a8f98802b9d90bc23e0d46ca06b42136,1,f5d7145132f3a1e1bfb220ac72d803c5,2138ccb85b11a4ec1e37afbd1c8eda1f,2017-11-23 20:31:01,18.99,7.78
a92225110bfd8206a036f272ccf0fb1b,1,7f064525eaaa1ce9d22c085f7ff5413a,6560211a19b47992c3666cc44a7e94c0,2018-05-09 14:54:51,49.00,18.23
a92635cfd1b863f3c3c225dcab38d0be,1,59ebd2c07d59483d0855b5b3d5e18728,ea8482cd71df3c1969d7b9473ff13abc,2018-03-28 21:27:53,27.99,15.23
a92dbdbc5549075a9831481180d02575,1,acde6bd0b5f91190e2a123df389b0b47,0db783cfcd3b73998abc6e10e59a102f,2017-06-16 10:22:28,36.90,15.10
a9342834aa696e06f0b243493288351a,1,868b3136c5b206f91b8208fbfdf2cb7c,4a3ca9315b744ce9f8e9374361493884,2018-06-21 18:56:54,93.00,23.80
a94c3f9f786e8db6bb345f6489942a3a,1,7fb04722aba7a2b632bac8f9819796f3,f3b80352b986ab4d1057a4b724be19d0,2018-05-08 21:50:22,90.00,23.21
a97a20383c7664aca72d666d1858be2a,1,e1e0040c906cc890d032092141a9b6de,e9779976487b77c6d4ac45f75ec7afe9,2018-08-09 14:50:22,79.49,18.66
a9884879d65dd954426915174ac439ad,1,652683d85a89f3b134e44989a601bc58,6e864f5c4669eff3d98140a07cc50202,2018-02-22 02:35:59,41.65,17.60
a9b0a7015644d713589e4836e2621897,1,5ccdfc35d9cff8db4fa46b83d5712899,238fac594e170b59c6d228f5a4f4f1d9,2018-03-22 23:47:51,119.00,42.50
a9b929204be626d61a1d60d47e6b52bc,1,d2e1eee81b5ff42f0f1f4693e1182349,0adac9fbd9a2b63cccaac4f8756c1ca8,2018-02-28 19:30:57,29.90,11.85
a9c8ac0c26c178f0ad33618f96225a01,1,66b1f09e746c05761bcaccf6339bde8d,73a63f72308aa20a46f4b1632018f196,2018-07-26 11:23:38,359.00,31.04
a9c8ac0c26c178f0ad33618f96225a01,2,66b1f09e746c05761bcaccf6339bde8d,73a63f72308aa20a46f4b1632018f196,2018-07-26 11:23:38,359.00,31.04
a9c8ac0c26c178f0ad33618f96225a01,3,66b1f09e746c05761bcaccf6339bde8d,73a63f72308aa20a46f4b1632018f196,2018-07-26 11:23:38,359.00,31.04
a9c8ac0c26c178f0ad33618f96225a01,4,66b1f09e746c05761bcaccf6339bde8d,73a63f72308aa20a46f4b1632018f196,2018-07-26 11:23:38,359.00,31.04
a9c8ac0c26c178f0ad33618f96225a01,5,66b1f09e746c05761bcaccf6339bde8d,73a63f72308aa20a46f4b1632018f196,2018-07-26 11:23:38,359.00,31.04
a9cd6c2b2f5fb42940c49246ea7ce08f,1,9749139e09929de55d37e68e64b89706,cbd996ad3c1b7dc71fd0e5f5df9087e2,2018-02-12 12:15:36,59.70,11.92
a9d045793a3a75774ac0fedb5d7d46c6,1,0e53d55e7f56c386b4545fb0e9f4dc6f,9853a239ab7b7ebbdc3a21248d5b8e1f,2017-07-11 11:05:16,139.00,21.81
a9d6b730b2ad516caeb90d9fd52c7300,1,083ffd30820b592e294de7ed668ff975,f8db351d8c4c4c22c6835c19a46f01b0,2017-07-27 20:30:12,49.90,16.79
a9da66f1dfe4cca8956f5e74619c2cb9,1,93ad397044e27dfead96813e2f895acd,86ccac0b835037332a596a33b6949ee1,2018-03-05 04:11:31,45.00,15.10
a9db785c3c219acb88a8a8c594045493,1,830102bc96abe72181372676df005601,3b15288545f8928d3e65a8f949a28291,2018-02-20 18:15:27,159.99,16.75
a9db785c3c219acb88a8a8c594045493,2,830102bc96abe72181372676df005601,3b15288545f8928d3e65a8f949a28291,2018-02-20 18:15:27,159.99,16.75
a9db785c3c219acb88a8a8c594045493,3,830102bc96abe72181372676df005601,3b15288545f8928d3e65a8f949a28291,2018-02-20 18:15:27,159.99,16.75
aa21334313579b3bf1d6e8a10de215af,1,9e56be75b16c105f33d3f033597080a2,6fd52c528dcb38be2eea044946b811f8,2018-08-09 13:30:18,58.67,13.99
aa2e81559d88cca16ac122e7627078c8,1,035a4019c8009b57768aa3c1e1ad63a3,82e0a475a88cc9595229d8029273f045,2017-03-31 14:15:21,99.00,26.43
aa55555c927df6a9f421ab6fab013656,1,57a40ebc5f8a0fdaa5e195b39bbeb2d5,a17f621c590ea0fab3d5d883e1630ec6,2017-09-20 13:37:05,44.32,15.10
aa70246e9f9947e5a9a5e69684afe114,1,f9b1795281ce51b1cf39ef6d101ae8ab,3771c85bac139d2344864ede5d9341e3,2017-08-29 07:30:17,39.90,8.27
aa767f19bb0117b647c1934f348f84a8,1,c445e66ff5aed16191fd41e4d9fcf2aa,0885aaf116795758dfeb5f1032487bcd,2018-06-29 07:31:11,89.90,14.94
aa830d74d3e7d4a392cb7eac51a9c719,1,39e96bf755a2107369e9e9654476d831,cca3071e3e9bb7d12640c9fbe2301306,2017-01-21 17:59:38,89.90,14.40
aa8315492e537030e29f1bc252d26cb1,1,7e0dc102074f8285580c9777f79c90cf,e26901d5ab434ce92fd9b5c256820a4e,2017-02-23 12:37:14,39.90,10.96
aaab824b480222c061bba0fa4886308e,1,7e6bbdc9a339f86e15eb6091c994a1a1,cca3071e3e9bb7d12640c9fbe2301306,2017-09-19 16:35:09,59.90,17.67
aab3b583efdded9a5a8214c4edfc387b,1,3b60d513e90300a4e9833e5cda1f1d61,c826c40d7b19f62a09e2d7c5e7295ee2,2018-02-12 03:51:19,159.77,16.88
aab8c7dc7990b7626dff6f216cf44b99,1,2be2be0a6a5916840503fdf50808ebcb,dfc475d54e1b6dbeeb7d7d9bdaa63827,2018-02-27 14:49:31,24.20,9.09
aae20f94697409584dc57072f8a64d3b,1,64c8bc3ebf6cc99d1a734c908961c8c8,0417b067eeab773d2f7061a726dc477f,2018-05-15 14:11:58,67.99,34.02
aae4a80d679f211688ed391ae747100f,1,cff80bb3d5c12a024ae5860a6475c472,86ccac0b835037332a596a33b6949ee1,2017-11-17 16:30:44,128.99,15.65
aaff827d79b2aca52ee986179a052077,1,8ccda06566781fb3616d798bfe2fa783,6d22a1fcebb6dd08c9cd90b92a93e8d0,2017-12-06 09:07:31,34.90,16.79
ab07b6c48672e9876b9f11c746d98d3e,1,595fac2a385ac33a80bd5114aec74eb8,ef0ace09169ac090589d85746e3e036f,2018-02-12 17:30:52,117.90,14.58
ab09afe5fa58419dc20bca18a0a68fc4,1,0a57f7d2c983bcf8188589a5fea4a8da,4869f7a5dfa277a7dca6462dcf3b52b2,2017-10-26 17:37:11,109.90,12.27
ab0bb51a710692e96d316072209e1c75,1,0e34187d4312b97b5e698836d28ed040,a420f60ff1aa9acc80d0e42959f2b313,2018-04-03 20:48:22,203.00,9.78
ab0e35dd7151f7e3d72931b940b6a335,1,aca71e1fceaea4278f27aab8a3498f60,73b8eb4a9a729d4019b24ed1be748cbf,2018-06-26 12:02:15,42.54,7.56
ab114f47094abcacaf5888844db683ff,1,1efd84ba20d23186f576a37baf64ae9d,b2ba3715d723d245138f291a6fe42594,2017-03-09 10:55:16,19.90,14.11
ab1b312e38647cce491b4c3dd3bdf1ef,1,363218ba55c610b750224f90bdd34be1,00ee68308b45bc5e2660cd833c3f81cc,2017-12-27 11:31:14,85.00,11.80
ab292f6c11a661dd97feca37ffe7b162,1,0603d2d85bcc46beb11bd247870c4841,00ee68308b45bc5e2660cd833c3f81cc,2018-04-12 14:55:09,170.00,9.54
ab2f2b70a35105e169d9fba7a65d3ac0,1,f74eb9bc847b5e5e906e5e214bb451b8,cca3071e3e9bb7d12640c9fbe2301306,2017-02-28 13:47:47,45.90,11.74
ab348b95012031ab6a86594395ad47e1,1,00250175f79f584c14ab5cecd80553cd,b499c00f28f4b7069ff6550af8c1348a,2018-08-14 20:05:22,79.99,9.31
ab4fc7cc026a9ea1a616584f9cfe4b9a,1,bb6b6e173472747c5b94c0b72c4fe56c,fa1c13f2614d7b5c4749cbc52fecda94,2017-10-13 20:45:21,179.90,15.01
ab500cb1d60a0e2ae7ce02ef4e8236d9,1,8473872cbf0ba205b447e8651bd6e03e,14d7985702e72162bbf13b6beb74ab2b,2017-10-24 23:32:39,79.00,15.30
ab5ff0fcd7789a6b96e8f90c47e0ccc9,1,95ffcc544c6a973ef0885c2017b54318,941554c5757b73ba0e50aa7732310afc,2017-04-19 15:25:17,25.90,14.52
ab5ff0fcd7789a6b96e8f90c47e0ccc9,2,95ffcc544c6a973ef0885c2017b54318,941554c5757b73ba0e50aa7732310afc,2017-04-19 15:25:17,25.90,14.52
ab668aaea7f0e48e485474b11f44c582,1,a9ccb9dca11ae8ca804b47417d0411f2,3ab971ce71839580d2ae5b4e40fe8044,2018-06-22 15:17:03,169.90,19.36
ab7668e66b0f2053a4ba0baec415d511,1,11fd9d7ba552e1d28872e008acf1e050,cb8bcce248bb1fb274ba762d8b971456,2017-10-13 02:25:08,139.90,18.55
ab85079cf6e3ab3495bdb5dc789f8b63,1,8c591ab0ca519558779df02023177f44,a1043bafd471dff536d0c462352beb48,2018-01-31 19:52:35,120.00,26.46
ab85b219b698a7d569995ee1ea9b76fe,1,c63ea4621680c1b0fca8864c0564bd78,de722cd6dad950a92b7d4f82673f8833,2018-05-16 13:17:32,179.90,24.76
ab87dc5a5f1856a10640d5f42e4c2fd9,1,f8b624d4e475bb8d1bddf1b65c6a64f6,b410bdd36d5db7a65dcd42b7ead933b8,2018-06-12 12:50:47,179.00,31.90
ab8b6341a925e22523717681a8e26ed6,1,8c292ca193d326152e335d77176746f0,7e1fb0a3ebfb01ffb3a7dae98bf3238d,2018-01-22 10:55:26,150.00,12.55
ab92a98bb35621bd312084351fb238f1,1,095ccd4cb27e35ee43f12dd18fa26c04,5882820ef11c4c068eea0677a7a879b4,2018-03-29 22:47:50,29.90,19.32
ab97ff9b268ca7e6f9f741cd843363e3,1,3647983375e701c3f089068b5fc0cf98,5d0363b33554b373851fc1622e4d5f3c,2017-12-06 09:12:19,69.00,16.25
ab98ff74321e38f5374c79cd84819ec8,1,a62e25e09e05e6faf31d90c6ec1aa3d1,634964b17796e64304cadf1ad3050fb7,2018-03-22 15:55:28,105.00,9.27
ab98ff74321e38f5374c79cd84819ec8,2,a62e25e09e05e6faf31d90c6ec1aa3d1,634964b17796e64304cadf1ad3050fb7,2018-03-22 15:55:28,105.00,9.27
ab98ff74321e38f5374c79cd84819ec8,3,a62e25e09e05e6faf31d90c6ec1aa3d1,634964b17796e64304cadf1ad3050fb7,2018-03-22 15:55:28,105.00,9.27
ab98ff74321e38f5374c79cd84819ec8,4,a62e25e09e05e6faf31d90c6ec1aa3d1,634964b17796e64304cadf1ad3050fb7,2018-03-22 15:55:28,105.00,9.27
ab9de67666ec95b75b273e2905fc7844,1,dd4c3b4ab7e001aaf385ea2e68952030,d673a59aac7a70d8b01e6902bf090a11,2018-03-21 03:29:26,29.90,12.79
aba02e203a50c9dcf7c2b6b210b5f6eb,1,e0d64dcfaa3b6db5c54ca298ae101d05,4869f7a5dfa277a7dca6462dcf3b52b2,2017-11-28 15:06:37,170.00,16.82
abbfe78fd05873101e792fa04bbad963,1,47b8c79d616369fd222f0bb68ea0293b,b2ac621f0d0322434d04a12b078b9369,2017-10-09 02:20:17,205.00,28.28
abd0736f947aa672d9254ad3cfaca4ff,1,fa23bf270fb9880690b07d09b9f9ff20,1b8356dabde1d35e17cef975c3f82730,2017-07-06 16:43:53,59.99,26.96
abd0736f947aa672d9254ad3cfaca4ff,2,fa23bf270fb9880690b07d09b9f9ff20,1b8356dabde1d35e17cef975c3f82730,2017-07-06 16:43:53,59.99,26.96
abd23f048bf60025ad66f8cf56c85379,1,02ce467092b184e71d3967d29110adc1,a7f13822ceb966b076af67121f87b063,2017-03-22 13:37:51,179.96,33.54
abd354c184e0394672290b846384b3b3,1,f175811ea0e0a865f56125dfbb04a8a6,7a67c85e85bb2ce8582c35f2203ad736,2017-06-13 02:50:07,69.99,11.73
abdc66adfb59c21caa145e7791e59a25,1,3b8c4349c3256c61f1c1d7181267fe76,094ced053e257ae8cae57205592d6712,2018-05-06 21:31:32,189.90,64.19
abe4bb0d5f5e83b74e08e54f5aef8c35,1,063595b8c2acd495d650be922916fbff,e0a366315b1b726b6c7832d664c0f530,2017-10-06 01:32:48,179.99,12.46
abefedeaf61ad043302fe9d2837a9772,1,cd4536501f4e8486f233ea0c0e7e1ee8,1da3aeb70d7989d1e6d9b0e887f97c23,2017-09-20 01:05:42,54.99,17.95
abefedeaf61ad043302fe9d2837a9772,2,cd4536501f4e8486f233ea0c0e7e1ee8,1da3aeb70d7989d1e6d9b0e887f97c23,2017-09-20 01:05:42,54.99,17.95
abf95d8f93963d70ab53ff935297c315,1,45df8892a1d74d2e8f960dc06625fdab,99eaacc9e6046db1c82b163c5f84869f,2017-03-27 15:07:48,299.00,22.54
abfb34ed11820c7247adfb30fe5bb7ae,1,6cdd53843498f92890544667809f1595,ccc4bbb5f32a6ab2b7066a4130f114e3,2017-01-27 00:25:39,349.90,21.15
ac046375de5d50de6bb99a9bcdf592d8,1,0a57f7d2c983bcf8188589a5fea4a8da,4869f7a5dfa277a7dca6462dcf3b52b2,2017-10-25 01:06:07,109.90,15.52
ac05edf13466f6c474516cccd781bbd7,1,dddcb6a32cedda766f9011556aa4eebd,1127b7f2594683f2510f1c2c834a486b,2017-12-05 14:31:18,33.89,15.10
ac149cc1646470fa003284a354a2b4f3,1,2028bf1b01cafb2d2b1901fca4083222,cc419e0650a3c5ba77189a1882b7556a,2017-12-05 21:13:19,56.99,8.72
ac17fcdce65beed9ddc7473ff8150528,1,547ef2af00ca493818dd33eb5216b22e,9c7fd21e0aa159b20da593371f08ff7c,2018-08-02 15:50:10,174.90,9.97
ac244956f757aeeb76242334254bf9a5,1,4eeb3431ff29b8867d4f7b817c298a81,4e922959ae960d389249c378d1c939f5,2017-07-21 19:03:33,75.00,15.28
ac416b71ffbc5fbfe4b5cea8a05b0d4d,1,fa92cdb881a2eab7e1f10d0ba6f42fc5,54583ab379489add547fe47b628db589,2018-08-07 16:50:09,120.00,8.10
ac5ff205bf10a5b08e09e552d693cf4c,1,9766ad53f42ee034fbc0e29c85fe626c,41b39e28db005d9731d9d485a83b4c38,2017-03-03 20:05:12,99.90,20.95
ac7838d68577acf6e79c465b25ce9268,1,b532349fe46b38fbc7bb3914c1bdae07,1025f0e2d44d7041d6cf58b6550e0bfa,2018-03-12 20:10:52,38.40,19.32
ac7838d68577acf6e79c465b25ce9268,2,b532349fe46b38fbc7bb3914c1bdae07,1025f0e2d44d7041d6cf58b6550e0bfa,2018-03-12 20:10:52,38.40,19.32
ac7be03875c6dcaf9cbe029dceeaf54c,1,ae5cad88462eb7b7b61401e31c45618e,ce27a3cc3c8cc1ea79d11e561e9bebb6,2017-08-21 22:24:25,15.00,16.79
ac7d1a865466115f5fb92c5437caf6a7,1,8983a3b149303c013fceabef902e835a,9f505651f4a6abe901a56cdc21508025,2018-04-24 12:15:26,99.00,14.05
ac88d96f79bb0884df747b9c38fe48f7,1,aca2eb7d00ea1a7b8ebd4e68314663af,955fee9216a65b617aa5c0531780ce60,2018-03-16 18:28:00,69.90,21.57
ac95b87f13bbd7609c75bfcc17cf3ae7,1,4c809e61a89993ebeb2ad634b8af3c15,d8bf0fc082fd4a77fc2e5679b6c00133,2018-07-26 15:04:22,139.90,9.14
acae143a186daba1a799e24d98f187d4,1,bee2e070c39f3dd2f6883a17a5f0da45,4e922959ae960d389249c378d1c939f5,2018-03-27 21:35:37,180.00,9.56
acb8a8355ba526f10697c17f40dc3352,1,781afe929e3016a667f5f439afd55fce,08633c14ef2db992c11f840f04fad4cd,2018-05-24 17:14:33,109.90,9.12
acc9d9fa3a265bbc6b3411d5e8c5083d,1,c0ea555ff29c50e43c608958cf40880f,725c32fa80c2faacc4fc88450d27314e,2017-03-23 15:17:54,49.70,14.11
accddd3ce343b9c4a7ad6d49ecc3c3d2,1,abc3432ff825d8e524db1d4eac6d2099,8d956fec2e4337affcb520f56fd8cbfd,2018-08-14 02:35:26,38.95,12.93
acd28ef21e6a66f094eebbf1e65e58ae,1,7668f663b32b0678da61622125b39545,1e8b33f18b4f7598d87f5cbee2282cc2,2018-04-16 17:32:21,89.90,8.98
acda113f032ffc47eafcaad99a617bd9,1,0f56d67a1f266a9cf5af6ffd7895bed6,5cf13accae3222c70a9cac40818ae839,2018-06-22 15:31:41,94.90,38.93
acdaa16a13bbe2ca9983c730d0e29c2c,1,d017a2151d543a9885604dc62a3d9dcc,6560211a19b47992c3666cc44a7e94c0,2017-08-03 15:55:16,49.00,7.78
acf02c5ab56a3df0a845ccd5cec4e057,1,fb55982be901439613a95940feefd9ee,3d871de0142ce09b7081e2b9d1733cb1,2018-01-17 11:28:09,89.00,13.64
ad017ea4537bcf364b841c9160b0fa51,1,9fdc434e0c81bc6d990065c2a7efb4de,b561927807645834b59ef0d16ba55a24,2018-03-15 15:25:30,29.30,15.23
ad1d5c46d63588c477f08b1a917e0788,1,1abd8922e3c02c26ce30fc4f627158fe,406822777a0b9eb5c50e442dd4cd3ec5,2018-04-10 07:55:13,134.90,19.02
ad20d0dfe5b91c07df72dff0206aacd9,1,07c055536ebf10dfbb6c6db6dbfc36e5,cca3071e3e9bb7d12640c9fbe2301306,2017-11-08 02:27:03,45.90,6.34
ad20d0dfe5b91c07df72dff0206aacd9,2,07c055536ebf10dfbb6c6db6dbfc36e5,cca3071e3e9bb7d12640c9fbe2301306,2017-11-08 02:27:03,45.90,6.34
ad29d62dc7e0a18661b20a1ad16217bd,1,6f97a895233612b425fbd7ba837a462b,74c7dec0a384d8a05950e629bd23bde9,2017-07-17 10:25:13,28.90,16.11
ad430bc59db52b1f7522b6f19e669bc6,1,1860b96949f9ff0adcd5e2c340d32e12,d65f31d2413268e671989503f6cf9993,2017-03-09 19:50:09,189.90,16.54
ad4725342567809f8d0b8230394585d1,1,24648c567b1a06a750a8042a774ba5c9,8ae520247981aa06bc94abddf5f46d34,2018-07-01 21:31:29,289.00,15.50
ad61bdad0a6d5fac6af829eba1fa4e84,1,9fe172fa8e662ca8572cf12abf8bce23,cab85505710c7cb9b720bceb52b01cee,2018-08-06 15:30:19,49.90,18.45
ad69edd5c027bb8d8647e5ad00cd2857,1,223d34a3d9334039f5ff9511dc044bbb,53243585a1d6dc2643021fd1853d8905,2017-10-09 12:28:19,246.62,28.58
ad6d3a18d2c834c332464ee72c2131cf,1,30ac6df06dc59ad72cf2f158fc2d904c,0dd184061fb0eaa7ca37932c68ab91c5,2018-01-31 02:58:18,94.00,14.26
ad716a0d2ae795dfccfb3afc5d40a6e9,1,317a06884480d645d7f0bc82455ec277,974cf2cb8f4b7add98709c30df02fe10,2018-07-08 21:31:51,79.99,14.14
ad818323f40e1a353eb3a3874d138c51,1,20090bcd0d43eb49feb63d53d387780b,05ff92fedb5be47920fea08e501238b9,2017-01-14 19:43:30,176.00,15.40
ad850e69fce9a512ada84086651a2e7d,1,2196812e80b905c7071389c10ad035d3,77530e9772f57a62c906e1c21538ab82,2017-11-29 02:36:26,99.00,16.62
ad850e69fce9a512ada84086651a2e7d,2,fd471a043ee8b8dd27f4086495e0724c,77530e9772f57a62c906e1c21538ab82,2017-11-29 02:36:26,299.00,33.24
ad850e69fce9a512ada84086651a2e7d,3,b3a397db9c6b4ddfed9d46f6fa03c65e,77530e9772f57a62c906e1c21538ab82,2017-11-29 02:36:26,99.00,16.62
ad850e69fce9a512ada84086651a2e7d,4,d3ceda8c68fb31960dab19adf28e5c6d,77530e9772f57a62c906e1c21538ab82,2017-11-29 02:36:26,99.00,16.61
ad850e69fce9a512ada84086651a2e7d,5,dbe77c6f7f0935b442ef0c4df2ee3efe,77530e9772f57a62c906e1c21538ab82,2017-11-29 02:36:26,99.00,16.62
ad850e69fce9a512ada84086651a2e7d,6,6d0a373c460a041c86167a92a5d3383e,77530e9772f57a62c906e1c21538ab82,2017-11-29 02:36:26,299.00,33.24
ad850e69fce9a512ada84086651a2e7d,7,c858f88f3de50584c39e8b4fafdd7d61,77530e9772f57a62c906e1c21538ab82,2017-11-29 02:36:26,99.00,16.62
ad86b0d3d5cafc39d8b70a248b46cfa6,1,c3002d67c0b8c6449c3a80c1556ad8c5,f80edd2c5aaa505cc4b0a3b219abf4b8,2018-04-19 12:35:19,72.90,23.09
ad8adc3413ef931f82e9cc0e6c1ca009,1,b6c1e56a27659fd3ff8d352d7a24457e,b2ba3715d723d245138f291a6fe42594,2017-05-12 13:50:21,11.90,8.72
ad9462a4da64add20fbc051616035832,1,3daf57226c18abcc95e0172756fc82d8,643214e62b870443ccbe55ab29a4dccf,2018-02-15 14:10:37,19.90,14.10
ad982819d59bc6c0fc50e08c0ee19e05,1,b3da35152fd4ba6d1e3a536235e7a494,f45122a9ab94eb4f3f8953578bc0c560,2017-12-13 22:36:29,26.99,28.75
ad9aa06b7c1aff45bb25d171973fc761,1,4f88323d03ffaf090b8fb0116b33c95e,8160255418d5aaa7dbdc9f4c64ebda44,2017-11-30 01:53:33,116.90,16.58
ad9c035288b84041ed2c530e8e09db8e,1,b623b7cb05ee3248fbe4a6ecbeed79a4,7aa4334be125fcdd2ba64b3180029f14,2017-10-13 11:49:46,74.80,13.54
ada8de3a9486cea2fce7f4b00319cf3c,1,77b00b27cdf648f59626359c392cee1d,7142540dd4c91e2237acb7e911c4eba2,2018-07-16 03:26:03,99.90,23.85
adc5d4b4ff1723e6a68bb73bb1eda4a8,1,99a4788cb24856965c36a24e339b6058,4a3ca9315b744ce9f8e9374361493884,2017-07-20 18:15:18,89.90,12.13
adcc24406dacde218585aa79366ee2d0,1,44a34214a57dc373dcd80f54c919d006,7008613ea464bad5cb9b83456e1e6a8f,2017-06-29 02:15:24,29.50,17.92
add756e3e5d6be09e93f4e5ca22d7b44,1,8e4650bd2f4ffa24c882da51ba7b1a47,5343d0649eca2a983820bfe93fc4d17e,2018-06-13 15:49:03,93.45,31.88
add756e3e5d6be09e93f4e5ca22d7b44,2,daa528ea6aa4a90c32c4a2ce98ee3a9e,213b25e6f54661939f11710a6fddb871,2018-06-13 15:49:03,79.90,31.88
addef08806ad9aecf14f8577435cc798,1,386486367c1f9d4f587a8864ccb6902b,cca3071e3e9bb7d12640c9fbe2301306,2017-07-25 12:25:18,105.90,13.76
adeecc8758fde854ecaaa035e0ae212e,1,368c6c730842d78016ad823897a372db,1f50f920176fa81dab994f9023523100,2017-11-07 04:06:31,59.90,13.44
adf119c06ea77cd7d347b943780c37de,1,3ea344b27741300cc4724d2a5af94460,54965bbe3e4f07ae045b90b0b8541f52,2018-06-13 22:17:21,111.90,27.51
adf1d1f9f725c103056bae5f78d77513,1,d5991653e037ccb7af6ed7d94246b249,25c5c91f63607446a97b143d2d535d31,2017-10-23 03:56:32,137.90,23.11
adf7dde7efb2d3ce93a32ba439bce856,1,d979289e78afc0a6bee40e1f9dabe520,a369d693961cb93b61ca2cc518872a85,2017-11-21 23:50:27,208.00,42.94
adf7dde7efb2d3ce93a32ba439bce856,2,53759a2ecddad2bb87a079a1f1519f73,1f50f920176fa81dab994f9023523100,2017-11-21 23:50:27,59.90,34.35
adfb15b690df8a5aa4c327edfc6ea9f3,1,cae7248e9bdfda82584faea19dbf793f,6560211a19b47992c3666cc44a7e94c0,2018-08-06 13:25:14,49.00,18.44
adfb9e0fb02034c05e4cdf3395bba600,1,9ea970cfea6fc415d0233c4cae13af4e,dfa0c4c6229ab200a4a1336b4d7128ff,2018-06-15 14:18:50,69.00,16.45
adfbf6c2a620196f9a3ec747491c72b7,1,389d119b48cf3043d311335e499d9c6b,1f50f920176fa81dab994f9023523100,2018-02-02 20:12:11,49.90,17.60
adff7b867a7bd97bcf42ddec332f246d,1,4b703444923b5e57bb73ba343f5ebab7,42b729f859728f5079499127a9c2ef37,2018-04-20 17:31:13,35.90,7.39
ae00ce5e73025df933f11dcb23c27104,1,dbb4ce89c8ed5fb6fd901e2e51093179,91f848e9f4be368f4318775aac733370,2017-07-03 12:24:05,89.90,13.18
ae00ce5e73025df933f11dcb23c27104,2,dbb4ce89c8ed5fb6fd901e2e51093179,91f848e9f4be368f4318775aac733370,2017-07-03 12:24:05,89.90,13.18
ae0b67266fec287e49a6bfa534e52d8c,1,d285360f29ac7fd97640bf0baef03de0,4869f7a5dfa277a7dca6462dcf3b52b2,2018-06-20 02:31:08,299.90,14.76
ae27a50cb9ab15aabfe66ad3b4020a91,1,f332a0203f8106d982e2e9dcea4ec7a5,6d1b9c9579132c87d2703ec38c30f2c5,2017-02-25 21:19:19,49.90,15.70
ae430928e30cb683e5b0bd55a74bcc69,1,aa53f25a0966489889cbfa05ad848d4a,bfd27a966d91cfaafdb25d076585f0da,2018-01-11 01:07:54,45.00,12.69
ae68c99e963e1694453bacc5db91513d,1,f1e1861218a3871347e3a9395d88cec8,77530e9772f57a62c906e1c21538ab82,2018-08-16 04:15:11,49.00,15.44
ae76bef74b97bcb0b3e355e60d9a6f9c,1,e24f73b7631ee3fbb2ab700a9acaa258,0cbcee27c791afa0cdcb08587a2013a8,2017-03-09 23:43:26,135.00,15.12
ae83ac701e482df677985b4dfe2960dc,1,e6609e94d7b022fd6abf6142401618f9,e5a3438891c0bfdb9394643f95273d8e,2017-05-21 21:42:55,21.99,8.27
ae8590e2d258155cb303eaac1325e099,1,01847cb3f55acfd629641e58e38e561e,955fee9216a65b617aa5c0531780ce60,2017-09-28 20:50:18,70.00,16.25
ae8a569660d9208ffed48d06824629a3,1,a92930c327948861c015c919a0bcb4a8,6560211a19b47992c3666cc44a7e94c0,2018-07-30 20:24:24,78.00,18.65
ae8f17ccd841c2dcd9c8149a2ac7ae65,1,ee72ae8f6d0b11d7f04230fc894d7e39,8bb48dc19fccaa8613b6229bf7f452a2,2017-11-20 21:27:15,33.60,13.37
aea58826ab6af5bcec0ed22041b7dcfe,1,a87567bdce60de6f901e3d7c6d8df820,318f287a62ab7ac10b703ac37435a231,2017-04-27 09:15:17,85.00,20.08
aeb656e39cc0a83dd545f079f099d7e7,1,95a32290cbf617eef9053042fb61dea3,c12b92bf1c350f3e6bf88d3596219c86,2018-05-15 11:11:47,289.00,20.99
aebae27f4df9c32304566e5b5b44956c,1,b2572a992f6ea1d1a7eb518d54e64620,6edacfd9f9074789dad6d62ba7950b9c,2017-05-02 08:15:59,111.90,17.62
aebed143b42af20da37583ee7e4cb7e0,1,dca8fff28c213d08f5893aeb47b224b7,7142540dd4c91e2237acb7e911c4eba2,2018-05-03 13:11:26,59.90,14.51
aec3389fc7c084e0cd8f8fae90fa52e3,1,3225c54bb2785c33f49f50398fcdb88c,4869f7a5dfa277a7dca6462dcf3b52b2,2017-12-15 19:59:19,299.00,16.84
aec47b9987c836ffee2d7664b0929ec1,1,155815f7173905f1e5cde0b82adfc113,4200ddf1967c5e41e48db62bc6d4b5ac,2017-10-17 19:49:10,16.90,1.68
aec47b9987c836ffee2d7664b0929ec1,2,cebad0ed16ecd450b97d2be843d3da86,4200ddf1967c5e41e48db62bc6d4b5ac,2017-10-17 19:49:10,39.90,14.57
aec47b9987c836ffee2d7664b0929ec1,3,67fc455b96e0908bc5e0d917237b2977,4200ddf1967c5e41e48db62bc6d4b5ac,2017-10-17 19:49:10,16.90,1.75
aec4f3ce724b67ce527d67f7eb60a310,1,32d058f0f2989cd05c927c0f481a1e43,080199a181c46c657dc5aa235411be3b,2018-04-04 23:07:37,179.49,17.23
aec6c9f96db18be9eaa8730d376a916d,1,1f357ab8013614c1df271ebd662dd7a2,7142540dd4c91e2237acb7e911c4eba2,2017-07-20 16:05:21,64.90,17.70
aec9735c10ae64b07f60d33908e5b58a,1,c44fd47f82e429f739693c82c73a43b4,7040e82f899a04d1b434b795a43b4617,2017-11-23 20:10:35,118.90,8.09
aed5554747b457b11b6357881e378195,1,7a10781637204d8d10485c71a6108a2e,4869f7a5dfa277a7dca6462dcf3b52b2,2018-02-12 12:12:55,209.90,14.49
aeeab8637de633de993bd592471e4cf2,1,f40876e0ef3cd5f9132b1f16b04b1346,620c87c171fb2a6dd6e8bb4dec959fc6,2018-05-13 21:14:23,119.90,13.86
aeef7d3d012337cf78f2deec426bb46c,1,e7a1555b071186b8184e2fe0e647181a,cd06602b43d8800bd0afad514919d35c,2017-04-10 06:42:35,19.90,8.72
aef5267a7266e5536db6ea825b9366b8,1,656e0eca68dcecf6a31b8ececfabe3e8,0b90b6df587eb83608a64ea8b390cf07,2018-02-14 02:54:35,87.80,15.36
aefd4f1e5f6dc055f7a57ff5d884071e,1,4ae634441e444ca4bc85903cafe98d73,92eb0f42c21942b6552362b9b114707d,2017-05-02 07:55:19,13.98,15.65
af32211fd3ca6faa65dcf8f3bd3f53bb,1,23384f296aa1bf6461d22912093a9847,891071be6ba827b591264c90c2ae8a63,2017-03-09 02:35:33,20.00,10.96
af42a8855a3f0b15c3878111efa19ba6,1,adae9f96e1647ed7ce3c54b261d4a544,c3fe93ba3085f92855c97e57f38c8c05,2017-06-14 19:20:10,22.50,15.10
af4b97d45b73e6581a7f25603d503efb,1,141b7f1c4036e50d42d9ba4b253d59a0,3db66a856d18a9cba7c9241fc5221c50,2018-06-18 16:20:13,119.90,31.71
af4c6eae672d9b20d881b0ef961bee65,1,0f370babdc8148e1dd9d4bfc3235982a,6560211a19b47992c3666cc44a7e94c0,2018-02-05 04:30:37,49.00,7.78
af516db8ac29ad210281b90ef0a33d19,1,92d9f09c92944e22b74a09f5480be83d,955fee9216a65b617aa5c0531780ce60,2018-06-19 16:31:42,367.00,29.23
af533a27d10b603c1d46186437ed4896,1,777d2e438a1b645f3aec9bd57e92672c,4a3ca9315b744ce9f8e9374361493884,2017-05-02 14:45:16,69.90,15.70
af68048a682392b0cc14f22a8eef5b7e,1,d99526b1e4fa5f57b8bde34a7337b5ee,9b013e03b2ab786505a1d3b5c0756754,2018-04-26 23:30:52,58.00,7.87
af6ed18f03a877659659ed9467c7cd9e,1,61f892cad282d3059bd33ae0eef5b02d,8a32e327fe2c1b3511609d81aaf9f042,2017-03-05 23:32:42,29.99,8.72
af6ed18f03a877659659ed9467c7cd9e,2,61f892cad282d3059bd33ae0eef5b02d,8a32e327fe2c1b3511609d81aaf9f042,2017-03-05 23:32:42,29.99,8.72
af71e9e2ee3f91d619aacab51fe2e75b,1,1f30aacc69904c0d0bf8d05cb2abef72,4a3ca9315b744ce9f8e9374361493884,2017-11-08 03:30:35,135.00,21.44
afa2c425be2efd14c19b4a0aa62f9b59,1,24c66f106f642621e524291a895c9032,620c87c171fb2a6dd6e8bb4dec959fc6,2018-03-09 08:15:31,229.90,18.86
afc0f1669d9ecf0661e3f32efbd2aa5e,1,e7bca943d8e86d7b45c6d24634c55850,6c12e40690c335dbc2f68a4134d30dc1,2017-03-20 16:13:30,1250.00,34.25
afc68d1f35e9dfe8220c9b9e27647065,1,82c3ea364e5480f335f6743ee725a921,9f50216bfd01913736a55a11b55ea842,2018-07-20 16:20:25,49.00,18.44
afd0dbbab8e90d099aaccdd8ed7d5f26,1,8c66104d520634a3b6e20c1f326767de,c864036feaab8c1659f65ea4faebe1da,2018-06-19 17:40:01,229.90,39.56
aff4e35a92033577c37cf3a99f640cd9,1,c7c27b5cbae5f0689560d8d154af7724,91f0eec23d4a61d7d7caeefa3f0ad1ca,2018-03-27 22:50:39,199.90,23.98
b0018957adea4b9acded9df77514b844,1,17878434ca0082537806de545c2f0351,0b90b6df587eb83608a64ea8b390cf07,2018-07-11 13:31:39,140.90,14.33
b02577617dbe17d1ed25d63f6b47c413,1,f251b1f9c5b04284fc1ed9b5dc4169f3,f80edd2c5aaa505cc4b0a3b219abf4b8,2018-05-28 00:17:24,49.90,14.44
b03b82e985b149d61218a7e0111ed6a1,1,7e637e48c425541269e7a45882397f9d,7178f9f4dd81dcef02f62acdf8151e01,2017-10-09 20:28:22,34.90,15.10
b03c3813b79abede0217026999c4fd66,1,93c480c7d11c68ba0a71e850da61b674,70a12e78e608ac31179aea7f8422044b,2018-03-09 20:56:04,149.00,12.54
b047dac5341ea96271595f661f547ede,1,11dcc970f7a5581e1bf777b6da3f7096,06579cb253ecd5a3a12a9e6eb6bf8f47,2017-11-28 02:56:31,69.90,39.42
b07078baf6a1bbbc998cdfa28e7f8230,1,235458528f907463ec55ebb1e16b69f0,dbc22125167c298ef99da25668e1011f,2017-07-30 21:55:22,45.90,13.37
b07244447d6e71d93891e79c556a7fc0,1,7ae50b74ad986c344d970b0d8337d9de,389e45560e33d2d0747f949dcddbc08e,2018-08-22 22:10:12,39.00,8.43
b085981e816dad29812a8972f65d3fc9,1,65cee62426275381ec64d04922ee8a22,26d8a1c7c75d513045798992ead43aa2,2017-10-24 23:49:22,79.99,18.13
b08b60cece524686b12c2201f977ba42,1,39b86f4e3aedf22731990099a660a6f5,6560211a19b47992c3666cc44a7e94c0,2018-01-19 12:50:52,49.00,15.79
b095ce1bfaa02fb7b9e58c39b30c4ae3,1,8e93bf2cbba0420f166afa0c797525b0,b499c00f28f4b7069ff6550af8c1348a,2018-09-05 12:15:15,44.99,12.98
b0a53313f05c1fb7b57eba8c55f35035,1,dd9b786cc81af951a986f65602344848,9646c3513289980f17226a2fc4720dbd,2018-05-22 05:31:07,29.90,19.32
b0a63209dc14e7fb6933c55c5fdaa044,1,6d88fb20983e211be9168534b580c833,f8db351d8c4c4c22c6835c19a46f01b0,2018-01-11 20:47:10,30.90,16.11
b0aab812f60f61971b4695951d09766d,1,a8bf9a06bef0fe4106c1fc0df21a5eb6,cca3071e3e9bb7d12640c9fbe2301306,2017-02-27 09:01:37,45.90,21.38
b0aab812f60f61971b4695951d09766d,2,5ed1d686373e3b3a2ddd9a4ce44f3fb2,cd06602b43d8800bd0afad514919d35c,2017-02-26 09:01:37,19.90,1.33
b0aab812f60f61971b4695951d09766d,3,a8bf9a06bef0fe4106c1fc0df21a5eb6,cca3071e3e9bb7d12640c9fbe2301306,2017-02-27 09:01:37,45.90,21.38
b0aab812f60f61971b4695951d09766d,4,5421431a9abfbdac3006e7aa925c0213,cd06602b43d8800bd0afad514919d35c,2017-02-26 09:01:37,19.90,1.32
b0abfb398741998a8e47cc773b5e0edb,1,5a168adb8f812ea06dbbfaaa3bae7986,cab85505710c7cb9b720bceb52b01cee,2018-08-31 11:35:20,39.90,7.54
b0b49de4bb38c36e7acd74d879631d6f,1,5317355191eb96f3a163cad67055f135,7142540dd4c91e2237acb7e911c4eba2,2018-02-26 18:30:41,69.90,17.20
b0c1eb643cc230efdadc151753e940b5,1,2ccd049c8e7ea210e079a1aa8ad92477,3d871de0142ce09b7081e2b9d1733cb1,2018-06-20 22:01:35,79.00,24.70
b0cc2434ee3727e682222a0f745a5948,1,af9418dfcdd7f19b51906a2f32cd6bc0,da8622b14eb17ae2831f4ac5b9dab84a,2017-04-06 11:30:09,129.00,16.01
b0cd372b41f6018f304af6f43ae39a23,1,a54244559e62c8ef2939e52189d65d4c,282f23a9769b2690c5dda22e316f9941,2017-12-11 04:19:22,54.00,16.63
b0d7b6944026251e2bb069eeef3c647d,1,a62e25e09e05e6faf31d90c6ec1aa3d1,634964b17796e64304cadf1ad3050fb7,2018-01-16 06:18:23,108.00,16.52
b0ed97babdfc249ba9d843fa7eaf907d,1,1c56f826f3a1fdf255e3fb5fa7637d3e,325f3178fb58e2a9778334621eecdbf9,2017-08-17 00:05:22,19.90,7.78
b0ed97babdfc249ba9d843fa7eaf907d,2,1c56f826f3a1fdf255e3fb5fa7637d3e,325f3178fb58e2a9778334621eecdbf9,2017-08-17 00:05:22,19.90,7.78
b0ed97babdfc249ba9d843fa7eaf907d,3,1c56f826f3a1fdf255e3fb5fa7637d3e,325f3178fb58e2a9778334621eecdbf9,2017-08-17 00:05:22,19.90,7.78
b0f4af5c1b06e24fef510703bfe9f0a6,1,595fac2a385ac33a80bd5114aec74eb8,058fd0aa2bfdb2274e05e1ae971dabb6,2017-11-03 15:30:22,142.50,21.80
b0f913cb83681e8a8563b96b641b3e1b,1,e5d860a0fff2e94bd1a406456cc6c4b3,01cf7e3d21494c41fb86034f2e714fa1,2017-02-01 17:59:37,209.90,18.00
b0ff8ff92f8d916fa2e8005cd8e1a135,1,b6e352d888ba31d8999af279cd63aa24,f61c63d13f7cd800549d5acdd390ae72,2017-11-28 02:58:38,59.90,13.44
b100288d2ef3b6e474121c21d2af0678,1,7ae8d9b8eca8a6daf066e53ddc7034d3,128639473a139ac0f3e5f5ade55873a5,2018-01-11 14:57:15,18.90,12.48
b112f026e8295ce7ec84e17bb8ab3988,1,6a1a04054158fe995e1688d8f79605b2,9616352088dcf83a7c06637f4ebf1c80,2017-10-30 13:14:24,59.90,17.99
b1148e3ccf84678b917d3f48cb4223b6,1,60e47589d616c8d62f908800260e102c,a35124e2d763d7ca3fbe3b97d143200f,2017-05-14 21:05:16,67.00,11.95
b11a56abf15c11b6a5c248689c6525af,1,9b968712a8768d8e23318f73476af1a3,7a67c85e85bb2ce8582c35f2203ad736,2017-07-14 14:23:25,9.99,11.73
b124967afcc82ef17ec41020fe2a9136,1,12e6d0f655986ceff00c74658dec97b1,3be634553519fb6536a03e1358e9fdc7,2018-06-06 17:18:09,49.99,8.88
b1290930402d6e29a52dbd6efcab1c3e,1,4da0329350218978429b287440f4b87a,062ce95fa2ad4dfaedfc79260130565f,2017-03-30 11:42:16,41.90,10.96
b12e5d725658a4566286153c51727af2,1,90d0b33a310abf581b6eb73e4f40d0df,0adac9fbd9a2b63cccaac4f8756c1ca8,2017-05-11 13:15:17,8.90,11.85
b14127bfb817fb9d5883aacd257bb447,1,5dec0a1a4dd30fb1ac9031f5dc4e2f5e,4869f7a5dfa277a7dca6462dcf3b52b2,2018-08-07 10:24:14,179.90,19.36
b142ce1c884b7b514639d0ce49c1fa39,1,174475fe56700001a3361e525374c907,bd0389da23d89b726abf911cccc54596,2018-01-31 22:52:04,59.90,34.22
b143aeb37a4d82ae652c5c4ba8461411,1,2dcff90bd6ccaf271aeed159a91f2958,04308b1ee57b6625f47df1d56f00eedf,2017-12-07 21:17:17,1399.90,24.55
b1442c6b35c5a2551a41ac13f2624b10,1,0688d52e92d927814617e26d7702df10,681fce914360217db47784ae28905a96,2018-01-24 00:51:11,65.00,15.20
b14b52f3d9077665df2361f007c8e6ec,1,fb7a100ec8c7b34f60cec22b1a9a10e0,d98eec89afa3380e14463da2aabaea72,2017-11-30 04:30:20,49.99,15.10
b153954b30a6a686b88cf18a599b4382,1,cde3bb853ac754da1e3ab62b7c2593a9,dbd66278cbfe1aa1000f90a217ca4695,2018-06-11 11:50:34,22.00,15.23
b155e2a8589d40bc9c0381ee48e3204f,1,44aadbb26d5c81d9846b0c48bc00d7a3,2528513dd95219a6013d4d05176e391a,2018-02-13 02:52:07,28.90,15.11
b175558ffd938e94b83e3837637604fb,1,7a5d0e89d069c89b2112e9da539343c2,688756f717c462a206ad854c5027a64a,2018-07-04 17:11:53,119.00,13.13
b1980aff89e38cf1fd536ab4c04c7c68,1,d1c427060a0f73f6b889a5c7c61f2ac4,a1043bafd471dff536d0c462352beb48,2017-12-08 18:03:56,149.99,40.38
b19cbdc71dc9913fc6eda58071709aae,1,edea00c530707ee2088b9f7178629f52,ce27a3cc3c8cc1ea79d11e561e9bebb6,2017-08-28 23:25:30,20.00,9.34
b1abc0fe22da191344832b1b462d08c9,1,76c94f57e12befc7be10fd22e96ab0c6,432c37c9dfba871172ec162e20118b8c,2017-10-31 00:56:38,33.00,17.63
b1b5b604a5e207c764779ffb50527018,1,a9008450835cd38eabdf07eb6dd04bdd,f4a04f7be452aa3bb31760bf00055dd0,2017-11-22 02:15:40,104.90,13.07
b1c2e69c9063d5ab5c9fe9138ecb08e0,1,ddceb6eef6af67e9fbbd4c148dbe5fd9,ceaec5548eefc6e23e6607c5435102e7,2018-02-08 13:17:26,215.00,22.00
b1cc9d6366adc60f9810891f491b54f5,1,3003a2841d6a775095317139ed2f7943,240b9776d844d37535668549a396af32,2018-08-29 15:30:16,64.90,18.25
b1ce4c5e6ca283609965c55ad9583d45,1,fb1c85ab4adb8f0fd63d3e2156e51f4b,c3cfdc648177fdbbbb35635a37472c53,2017-11-22 09:07:07,64.90,16.21
b1ce4c5e6ca283609965c55ad9583d45,2,fb1c85ab4adb8f0fd63d3e2156e51f4b,c3cfdc648177fdbbbb35635a37472c53,2017-11-22 09:07:07,64.90,16.21
b22d306e18b3b665d49f2ce7d060742e,1,283dc451ad3918badb976d56ff887289,da8622b14eb17ae2831f4ac5b9dab84a,2017-04-03 17:33:15,79.90,17.30
b24f4b97e574bf36072e9bd1a8fe042c,1,d8a3475446775b8e52583329eaebd38a,87e24fc7052259b1f7f607d61c10d8be,2018-08-24 11:35:17,799.90,12.86
b2634f19a1007fd4a54a9fed9291230c,1,4473f3e5c65952b074ef987fa5c24662,ea8482cd71df3c1969d7b9473ff13abc,2018-02-08 20:56:05,29.99,7.78
b269f9c95ab6ee9fbc0a887627851d9d,1,908c23dd2b637d8ff1a4e593a5b249ee,897060da8b9a21f655304d50fd935913,2018-02-16 13:30:36,39.58,16.79
b26a79020606ef73722d450c8458f9c0,1,f25b4b41194b370120c42e1b19bd2a8a,41b39e28db005d9731d9d485a83b4c38,2017-09-14 17:05:19,144.90,8.27
b26d0e4b269b9370121538ab116bb04a,1,fb20d37a2c78452667f7a347e756727c,e26901d5ab434ce92fd9b5c256820a4e,2017-07-14 18:05:28,34.90,12.69
b27b73e4dc66dd3733d11cd49b3474be,1,5e3555ed62835dd67704d40a72678cfd,bbad7e518d7af88a0897397ffdca1979,2017-06-15 17:10:22,39.90,8.72
b2987cdfb6847c50318e4c268aa8d7c8,1,8c75343253053a2400e289f5192cd5c1,5bffbafbb22daf6d3bfc216a46db8708,2017-03-22 21:37:55,399.00,21.38
b29f546b1ce275afb2a0c39f0ade6bcc,1,61eee7a9f1884caed59c316047c5832f,f8db351d8c4c4c22c6835c19a46f01b0,2017-11-29 02:07:20,141.90,29.39
b2ba6dc36919f6194acddab3c69c65b5,1,0c7e301c5eecc0fe996dd86bc9c290fa,3492e68f37fd1df87f4f2f2ea247f445,2018-08-09 20:50:28,60.99,7.69
b2ce866408709e3ba155f339e97b8405,1,286bcf62e47dfc1e51cf0d525bd4d1bf,9e6229250fedbe05838fef417b74e7fb,2018-05-10 00:13:52,199.90,27.48
b2e0314790dc44ec6a7d96a62c221a5c,1,7fb7c9580222a2af9eb7a95a6ce85fc5,688756f717c462a206ad854c5027a64a,2018-05-02 16:31:06,28.99,12.79
b30a09b85513a03dab6e86a547a73219,1,d017a2151d543a9885604dc62a3d9dcc,6560211a19b47992c3666cc44a7e94c0,2018-07-03 00:10:20,49.00,7.60
b30abf162ff1730f50b6400bdc32550f,1,e53e557d5a159f5aa2c5e995dfdf244b,88460e8ebdecbfecb5f9601833981930,2018-03-06 09:31:15,74.90,16.96
b325a4afad33f2c09ba50df161457bdc,1,dd68bcbc459a7f8b1e8d41efd8e076b3,0be8ff43f22e456b4e0371b2245e4d01,2018-03-29 18:48:00,129.90,8.67
b3424a1c4c3af064d3472b285180bed0,1,6d43aa08ee344527fc3e86b90cfd2379,3d871de0142ce09b7081e2b9d1733cb1,2017-09-05 16:04:13,99.00,17.94
b3448645d567afb9a105a91748a9e2ab,1,832b74a0faa3b602a48e0f20990adaf7,c70c1b0d8ca86052f45a432a38b73958,2018-04-13 13:51:05,110.32,19.46
b34ca5020c5aff14fad4fd0899fb1cfa,1,f40876e0ef3cd5f9132b1f16b04b1346,620c87c171fb2a6dd6e8bb4dec959fc6,2018-03-21 21:10:30,109.90,19.74
b360e877916b9d6b03877df56551e4dc,1,dab2413ead0edda9967edbc9bda2a64e,562fc2f2c2863ab7e79a9e4388a58a14,2018-07-05 13:31:39,29.99,22.14
b37a7be6fbd41461b87deafd8b902cc6,1,aff39c649de8c4e36d325880de8f4338,3ade81dab5a172b88e1871c28ae05260,2018-01-05 20:59:28,185.00,25.60
b37fc42b9b16ca9e092edcf0c06bd1f5,1,183b0c895605218dbd34cdcfcfa8af28,4917cee8d902e13428c3ec4b1ca6f315,2017-11-07 18:35:15,145.00,35.53
b399edffb45924aa34e06ccfab7513bf,1,fe077ec80df6b4ee60bb4498d5ab1962,87142160b41353c4e5fca2360caf6f92,2017-11-23 03:50:39,149.00,16.48
b39de9ed2bb8fd08a970e4517c698824,1,0d85c435fd60b277ffb9e9b0f88f927a,00fc707aaaad2d31347cf883cd2dfe10,2018-04-06 09:30:12,98.90,22.40
b3a70e33f30ddbe86271d2a7e75b62e2,1,c8abdbe349a97073e7aebc795be55bd8,6a0cbc8af2e8abd1bdfb777943d174c6,2017-12-04 01:26:23,115.00,14.20
b3b5d713fc857811f634897062f23bea,1,dd60cac04e6bcbc919cb1c7dcc473211,febab0275244b9a49a623f0bd613ca2f,2017-10-16 15:07:25,29.90,15.11
b3b8133868458b6acf08ea6ffc22e3f2,1,0e621085968d9a9585ed3c2c204825e2,94144541854e298c2d976cb893b81343,2017-08-14 20:20:06,459.90,18.66
b3ba9e96f5d04c8c20e37e9ffd2e79a8,1,bdb4be6ce2f7f2b5be0a16088028c7fc,955fee9216a65b617aa5c0531780ce60,2017-07-31 11:50:19,85.00,11.80
b3bcacdd3b409fff8c57b4cc4f40f4e5,1,e53e557d5a159f5aa2c5e995dfdf244b,88460e8ebdecbfecb5f9601833981930,2018-02-14 18:31:27,74.90,16.96
b3dd5b90145b576a279167630eef9def,1,7d018f8e4f93213ba7ad276e25fe20b1,3d871de0142ce09b7081e2b9d1733cb1,2018-06-25 16:31:30,29.90,12.87
b3dd5b90145b576a279167630eef9def,2,5a883fb296ab66ac6a1e68e6ba2175c3,3d871de0142ce09b7081e2b9d1733cb1,2018-06-25 16:31:30,29.90,12.87
b41055f900d670bae8cfbf3a8df79d8c,1,cb8209d6b80bfeffaef2d1f694aa93a9,6d66611d7c44cc30ce351abc49a68421,2018-08-02 16:10:15,39.90,9.03
b418f47f5f940ca554e3010f3c009c8f,1,99a4788cb24856965c36a24e339b6058,4a3ca9315b744ce9f8e9374361493884,2017-11-30 10:12:42,89.90,21.12
b41c9972504c576d0aef689e13a2df12,1,e1a400ba04961ede3d640207117813fb,c1ed9e3daf6154542826a6996af0fb8c,2017-09-26 02:24:26,22.00,16.11
b42efbd88abf3882f91928b08cf74d6f,1,1789a1b00c33bec9db6e27b4848a5c94,e9d99831abad74458942f21e16f33f92,2017-01-28 17:11:53,99.00,14.86
b431ef5386c1579fc784586883d7ac91,1,3db75f31b76375c502f64d550dcd1166,85d9eb9ddc5d00ca9336a2219c97bb13,2017-07-12 22:03:40,31.90,14.10
b45a5a1ecf16bbfd6254cdb7ef0dc2f7,1,04a2ef44f3ea03a72be6f1f99ee0bfe6,3c487ae8f8d7542beff5788e2e0aea83,2018-03-22 03:30:54,169.90,19.88
b46a585f4ae96d0dec633727953055fe,1,121f7f44c9e25be4873ca9296542ebd3,6b90f847357d8981edd79a1eb1bf0acb,2018-06-28 23:32:17,65.50,8.62
b477500d4ae1723dcb01f4eac28a36ad,1,6490b9f63b0b595e1c1402b46b0f50ad,99eaacc9e6046db1c82b163c5f84869f,2017-10-24 11:35:18,280.00,13.46
b48e71659903550bcf90e87f245cefbb,1,ff817f0901191fbe02933928daa95e6e,7142540dd4c91e2237acb7e911c4eba2,2018-02-22 07:07:10,89.90,19.87
b49180948b6f7e304351b16053fe2f42,1,fc2a10fccd980a626042e02b0948269d,95e03ca3d4146e4011985981aeb959b9,2017-12-26 02:17:16,39.90,15.10
b4a53c6fa9bc78adf59983a160f5470f,1,53b36df67ebb7c41585e8d54d6772e08,7d13fca15225358621be4086e1eb0964,2018-05-09 19:15:24,99.90,0.00
b4b9bb7dcd61983e42bcf0d13ab3f704,1,92e22f96f92bc2dc5d6504f301010a34,5d0363b33554b373851fc1622e4d5f3c,2017-11-13 19:50:50,45.90,15.03
b4c4d00d5455e74ead9715bc1f9e8774,1,a2da86fa759178e9e58e54aa1a144e59,ea8482cd71df3c1969d7b9473ff13abc,2018-06-11 03:31:07,24.99,7.39
b4e154c611973630ea64ad7f8daa133b,1,7cc67695a7648efc5e7a755603402b49,95e03ca3d4146e4011985981aeb959b9,2018-02-09 01:53:31,29.99,8.90
b4f9debbfa5a394d7f4ab610fd8eae11,1,332842d24e84234cd91299a225de76ab,634964b17796e64304cadf1ad3050fb7,2018-03-08 02:50:48,399.00,16.54
b4fc77bdadd28d0ee631208831bc0d49,1,f495f61bdd34742ab23c7fabab99323a,3985a3c45be355a4c57fde108bfabd1c,2017-03-17 00:26:12,44.90,17.78
b513a14f9b8b4de3fe87cadf03715229,1,38ebfc282f610c4b8c8950b634db74e2,3d621842b2ed28e2b474132480edac3c,2017-12-07 13:30:42,399.99,17.55
b523b77f215e6c094c97389acf24ea9c,1,18f6ea7e8cff29f8053baac6762449f9,f80edd2c5aaa505cc4b0a3b219abf4b8,2018-05-04 17:51:36,54.90,17.96
b5247f083ab1483738dc1a173aac237a,1,0364c36f8e845e4d309c0a3accc04b1c,7c67e1448b00f6e969d365cea6b010ab,2017-07-24 00:25:14,209.99,66.28
b52ea8d12cbdea8a6b2be328a2e8ae55,1,b623b7cb05ee3248fbe4a6ecbeed79a4,7aa4334be125fcdd2ba64b3180029f14,2017-12-07 04:38:39,70.97,17.75
b5548f1e1d8138e39efdf8b24c93bbd3,1,45d53108adfd3c40a54c578f431c45cc,70a12e78e608ac31179aea7f8422044b,2018-03-29 16:08:48,95.00,14.76
b5628337dad9ae1f38266f0e22fdae4a,1,757e8df3e7c5c52482db573f5f368e1d,522620dcb18a6b31cd7bdf73665113a9,2018-04-16 22:11:12,79.00,60.61
b563e4c9abf7b930b4bad28a98c22670,1,211293b50935ced8d4370f552c482d74,e9779976487b77c6d4ac45f75ec7afe9,2017-10-24 19:35:34,33.00,15.10
b563e4c9abf7b930b4bad28a98c22670,2,211293b50935ced8d4370f552c482d74,e9779976487b77c6d4ac45f75ec7afe9,2017-10-24 19:35:34,33.00,15.10
b57410d258461ade68673ab75276e66d,1,4981f1410716b81db3808ba1c7d21394,e8f6dc8e6a1dcde89d20e3995c8d90b3,2017-03-02 19:45:10,19.90,14.52
b5839f6ef0df11dd4912bc5bfa299e3f,1,b969a0b5d4b1c5c7458bf16c0ad407ad,8b321bb669392f5163d04c59e235e066,2017-12-07 11:17:29,9.90,15.10
b591d108e5c3f485635223ddaf07dc36,1,dd0dcee76f9c12fff4bc0eb641d57c7f,8b321bb669392f5163d04c59e235e066,2017-11-23 19:50:31,23.70,11.85
b592b39d5b89b9a97358183e80694274,1,9bb64a6bd98df95fcfad9599bfdd1cdf,6338ea67c41078a46ad99cc009654956,2018-02-21 17:46:19,59.90,16.18
b592b39d5b89b9a97358183e80694274,2,9bb64a6bd98df95fcfad9599bfdd1cdf,6338ea67c41078a46ad99cc009654956,2018-02-21 17:46:19,59.90,16.18
b5be0d1904a2ec4994047e07b0104681,1,d3c044bd42d84a79e3b0c42662806a48,4c2b230173bb36f9b240f2b8ac11786e,2017-08-01 02:25:38,25.90,7.78
b5be0d1904a2ec4994047e07b0104681,2,d3c044bd42d84a79e3b0c42662806a48,4c2b230173bb36f9b240f2b8ac11786e,2017-08-01 02:25:38,25.90,7.78
b5e095024706f86e26f9ae88b1d81811,1,2827ebfb043a328a13a06ca9165cad0a,1900267e848ceeba8fa32d80c1a5f5a8,2018-01-10 03:31:50,69.00,13.50
b6007bc0214a24634dff19daab40bf21,1,b9900407a55cb2b306ae612415c3340e,343e716476e3748b069f980efbaa294e,2017-11-21 04:06:43,39.90,11.85
b600d406784f1f3c7f6129e10cae215b,1,f2a1b32f85cad59ff2a8444154ac25f0,fcdd820084f17e9982427971e4e9d47f,2018-04-26 18:30:44,190.00,18.24
b607cddb1d5540b72adbffe3ffa05328,1,1ea0352ad33ece4164c6f98f2c25bc6f,abc015ebac1d283a323ca9db35ede4b9,2017-02-14 10:31:39,109.00,15.97
b61d1cde65fdf2dffc129448698385c1,1,c63aa9195696eccba5bebc6d7a20aedc,ad420dd0c4f92f8af951ac24b86d0cf5,2017-10-04 19:35:19,24.99,15.10
b6369b16620510273273fe0d6be68744,1,02a93c4e95263ca545e9f46ca2b59833,3d871de0142ce09b7081e2b9d1733cb1,2017-06-19 06:35:20,199.00,18.64
b63fff1ef8b6201df68bb611ee41129e,1,aba86c093ccdbac75b09111d57e50004,7c67e1448b00f6e969d365cea6b010ab,2017-04-17 05:55:19,129.60,16.61
b647f540d673c123ae558b52796b5124,1,bc048769f430e8e98c07bae3108a422c,d921b68bf747894be13a97ae52b0f386,2018-07-31 16:25:24,399.90,16.14
b64c467f4c3c4270ca94367a26503be2,1,ae39a60d9d830340edf374b7cb0f6e71,a70e9066dbfd10b6b97a3f54a1356762,2017-12-01 18:26:25,429.00,92.34
b64c467f4c3c4270ca94367a26503be2,2,ae39a60d9d830340edf374b7cb0f6e71,a70e9066dbfd10b6b97a3f54a1356762,2017-12-01 18:26:25,429.00,92.34
b68a6db5c5def0ec7ba68639bf384c82,1,414c53fa9c5cc4a0390682aeb2e25ec1,002100f778ceb8431b7a1020ff7ab48f,2017-11-19 22:15:31,17.90,11.85
b6b375071cc968750ab3deded827b864,1,3c169334e3cd4e710ef729a014d38b2a,5f2684dab12e59f83bef73ae57724e45,2017-07-26 07:10:05,109.90,9.58
b6b4d4aab61035f87291877a9b0a6e25,1,6aa4055e16d1128cc90fc11fb43b7082,0be8ff43f22e456b4e0371b2245e4d01,2018-01-25 19:12:23,59.90,15.17
b6bf0977a04c2f3b84bf63aa0d308b5e,1,b99e4f4fa3f421e0ffbd512d9f152dec,128639473a139ac0f3e5f5ade55873a5,2018-03-07 15:10:31,19.90,16.79
b6c8f27c95a4bcee39ea806f4e059ce9,1,8bf5b1e066d9fb2a639f8f69d55a370d,6338ea67c41078a46ad99cc009654956,2017-12-26 09:33:30,74.90,15.27
b6d8ffb86091833de0d17a93f919a4e8,1,26986dfc8b3cb9f957f2a5cca8920fa7,5058e8c1e82653974541e83690655b4a,2018-02-15 02:31:37,169.99,59.74
b6d8ffb86091833de0d17a93f919a4e8,2,26986dfc8b3cb9f957f2a5cca8920fa7,5058e8c1e82653974541e83690655b4a,2018-02-15 02:31:37,169.99,59.74
b6daec0cfa9a03c5989e15db310e0252,1,1694be93ee57fcedd649a53f11848edb,d9bd94811c3338dceb4181f3dbc0c73e,2018-06-14 15:47:27,161.14,16.01
b6db3da1ed3c1f5a82c7e5456e212d74,1,15c8a0cce7382cf9029bfcb3998cfb7e,fbc14c0cf93505ef89f64665ffa4a7b5,2017-10-10 13:28:18,1156.99,28.59
b6dbd61bb13118766af40ef6a325e303,1,b26309a170c13aac40126a8ef3400e07,4ebdc7e6cd6102a022dadc49156d4ea8,2018-01-18 18:48:50,34.00,15.10
b6e1fc67adee494c3288b775cbae5227,1,b944aabf1fc45c01599ee96c7f4d533e,128639473a139ac0f3e5f5ade55873a5,2017-07-27 02:50:14,14.90,15.10
b6e1fc67adee494c3288b775cbae5227,2,b944aabf1fc45c01599ee96c7f4d533e,128639473a139ac0f3e5f5ade55873a5,2017-07-27 02:50:14,14.90,15.10
b6e5ddeaf2e5b56015e295beb333f305,1,3b17f6528c9e2a01b2f75f844a60ddae,f5a590cf36251cf1162ea35bef76fe84,2017-06-22 14:25:08,485.00,28.87
b6e5ddeaf2e5b56015e295beb333f305,2,4a266296cc64880551c3efad9739fb2e,f5a590cf36251cf1162ea35bef76fe84,2017-06-22 14:25:08,269.00,21.65
b6eaedebebeb4676e1afd5b94b048d52,1,601a360bd2a916ecef0e88de72a6531a,7a67c85e85bb2ce8582c35f2203ad736,2017-06-07 14:42:35,129.99,19.15
b6f543c68b695c88dd2d1e0f5c7528e9,1,060f0122cdc8f25db4a0d7359fdae7b0,6560211a19b47992c3666cc44a7e94c0,2018-01-08 10:13:30,49.00,14.10
b6fbf15260de2095643a4aac7876872c,1,c67b3dcc9c4490a8f7e41abd65cf9eab,9674754b5a0cb32b638cec001178f799,2017-10-26 19:26:04,72.34,16.27
b7063c39fd3396dd0ad64052b0825513,1,813a30050677eb6996e12eea9ad400bf,01fdefa7697d26ad920e9e0346d4bd1b,2017-11-29 19:14:00,439.00,33.41
b7224751323afdaf34d3c285bfe72866,1,8ae1198dd85742fe30b74a96968f250e,3b15288545f8928d3e65a8f949a28291,2018-05-17 10:55:28,115.99,14.39
b7224751323afdaf34d3c285bfe72866,2,301cfe3b10ca8a9e1a1fda2f36bf9142,7ad32824caee82087b3e2e5f33b1bf32,2018-05-15 10:55:28,75.00,14.39
b7276795d572042799508b017fb3cf16,1,ad19bca6e0f1919433d7e21d534ddb50,527801b552d0077ffd170872eb49683b,2018-04-25 02:15:15,39.90,18.23
b72a8622beb9d67af92564bfc0f39dc6,1,0f5332231359f783330b784af1b8c3bd,26785a546900236d66f2e4197c211158,2017-12-20 09:14:26,49.90,7.78
b73183cb490ec16839818660ffc3d832,1,1fb344134cd7164d32dea4d87ba3ec5a,23c38debaffe4a25a30fdbd9b586a13f,2018-05-18 11:15:27,127.27,15.58
b74092206cd29b62907516d95e927fd6,1,57f2bc497c1a3ebe41ba7a06d78ed159,6560211a19b47992c3666cc44a7e94c0,2018-08-16 11:44:12,55.00,18.49
b7441c24c727cdf423f8339a62447193,1,a02d0123079f4ae96001ba2010d1a2df,1025f0e2d44d7041d6cf58b6550e0bfa,2017-12-01 03:10:54,250.00,35.02
b75531d67f9616e9012cea103a187c8c,1,0e87ff05afa3ddd73b7920ff4587e0a4,12b9676b00f60f3b700e83af21824c0e,2017-03-20 22:23:29,238.00,28.14
b77200a7cbfba12d399cea6ab05f0056,1,c403e106353e1aa40efe783ecb39ed7a,d2374cbcbb3ca4ab1086534108cc3ab7,2017-11-09 22:30:51,38.90,17.60
b77c6d3c0334b27a51f220038f0ef8ac,1,e2c49770bf52260e9960ccefdd38e960,516e7738bd8f735ac19a010ee5450d8d,2018-07-24 21:50:15,29.90,15.31
b77c6d3c0334b27a51f220038f0ef8ac,2,e2c49770bf52260e9960ccefdd38e960,516e7738bd8f735ac19a010ee5450d8d,2018-07-24 21:50:15,29.90,15.31
b77c6d3c0334b27a51f220038f0ef8ac,3,e2c49770bf52260e9960ccefdd38e960,516e7738bd8f735ac19a010ee5450d8d,2018-07-24 21:50:15,29.90,15.31
b78c9cad52a105d7e8ec97c7e6d57739,1,3cb39171fd36c50097f2dedbbe0dfe6e,16090f2ca825584b5a147ab24aa30c86,2018-04-02 03:51:11,28.49,7.87
b7a194de2e14ca9f41580f8c6eb13660,1,67cee25aae565b8f1182ea8c37440103,391fc6631aebcf3004804e51b40bcf1e,2017-03-23 14:31:01,49.70,12.93
b7baf4f0b6c65476ea5e4bf388710a09,1,ccdf954ce1d166f00d312d6b461c046f,ff69aa92bb6b1bf9b8b7a51c2ed9cf8b,2018-01-10 07:31:24,774.90,35.73
b7d340862fa4167bf17497298bf8d84b,1,23384f296aa1bf6461d22912093a9847,891071be6ba827b591264c90c2ae8a63,2017-02-12 19:51:19,20.00,14.52
b7f2aa0212addcb6e1194bc50796de24,1,e8f492468d1d405a95e157c7530ae6bf,f7720c4fa8e3aba4546301ab80ea1f1b,2018-04-17 12:10:29,18.75,8.64
b7f2aa0212addcb6e1194bc50796de24,2,e8f492468d1d405a95e157c7530ae6bf,f7720c4fa8e3aba4546301ab80ea1f1b,2018-04-17 12:10:29,18.75,8.64
b7fc42dea7da9916727efa0ab2f3f89d,1,935ecd8480175c412fd8847ccc4eff16,8f2ce03f928b567e3d56181ae20ae952,2017-12-27 01:12:44,99.90,21.19
b800afd0307bcea5536222116e3d7a4b,1,7988cff50cb75e08e6b68640b19e55aa,fa1c13f2614d7b5c4749cbc52fecda94,2018-02-05 22:52:49,848.90,13.20
b80e879030f825a648abffe9d993ff6a,1,1d4de03a6141ce2a2ae5a97f51cabb37,7ad32824caee82087b3e2e5f33b1bf32,2018-03-08 10:15:32,199.00,16.14
b812f8fd67c86d89510590abea7696d1,1,111e742af54b3ee11099c8b396e1eece,53b0300ca793f9834cd69c0678d35ee8,2018-08-03 16:05:01,81.00,18.37
b8145816fba4a277273c08ab21aeb7bb,1,dfe123265435bbc08b40fc418f66d9a3,a7f13822ceb966b076af67121f87b063,2017-02-20 23:03:19,229.96,53.16
b84c178bc4308555f74ed9cdf3a38193,1,5a848e4ab52fd5445cdc07aab1c40e48,c826c40d7b19f62a09e2d7c5e7295ee2,2018-01-31 11:12:33,122.99,15.61
b855a375ca3b96e3b1a106c27e2d339f,1,ada916969296efb7a3f68cced80f60b8,688756f717c462a206ad854c5027a64a,2018-08-24 10:10:26,29.99,12.51
b8730b40b8f9bf7c1d557c083f82a682,1,72d3bf1d3a790f8874096fcf860e3eff,0bae85eb84b9fb3bd773911e89288d54,2018-03-30 16:15:21,42.49,19.32
b87ca4e0ff52f4243bebeb16504f48e5,1,79d93bd70ef865017b4360427aad383e,b127efdabeffb5d559349c7b172eb75d,2017-05-01 23:32:54,32.00,14.52
b87f290b049eb668936a0f94149a1e2f,1,9bc7d25a36d620cf449cfdebe3de132f,01fdefa7697d26ad920e9e0346d4bd1b,2017-05-29 04:15:27,57.99,15.16
b88330a020772cd6f9b2454f307a486d,1,f63729cf4441fe64282cd1b82281792d,70eea00b476a314817cefde4aad4f89a,2018-04-11 02:15:34,209.90,32.12
b884f6bb613dfe8c46e6dbc9285f3fc7,1,706a5e521711344bfd262cb3f2a77a78,537eb890efff034a88679788b647c564,2018-05-11 16:52:53,42.90,15.23
b88ab07fb8df9a5215f630bc0da356f8,1,db5efde3ad0cc579b130d71c4b2db522,4869f7a5dfa277a7dca6462dcf3b52b2,2018-02-25 22:35:34,175.00,12.73
b88bf712c7aa1192376b4dc5bfadb916,1,ef7de0bbb0e0b0110c270e9381719761,2138ccb85b11a4ec1e37afbd1c8eda1f,2017-04-02 22:03:31,18.99,8.72
b899ac30c0df28d003611ad4999aa487,1,a934e0f29d3b0843308564ed3ec07058,13c2ed7698b3ca92dad49e849219da59,2018-08-07 13:04:12,55.00,18.49
b89abfd3664f6d278d90b13536d52364,1,1fad46b84ac1748ff47bf2d703565a7a,10089e9f2fd0c668a8fd4e52e1698888,2017-03-16 17:35:58,430.00,17.18
b89d3f466656d80cfaa4bf9698218c83,1,73a41d74cd46a1c78fe0a50d09920f3a,e067ad2c1c0b48758eb1b5228bcf7a68,2017-02-10 12:44:51,87.90,14.79
b8afeb65bbea252eef3d4a2845dfd6ab,1,4d397d263f26b146e2305cfecf8193ba,b1aaae6b66ad3c40f54b389d7ea4bee0,2017-02-10 15:58:15,30.00,14.52
b8ccf087dea4fc431e71277cf66ed793,1,43216537780cef285c670f2b8437ae58,6b90f847357d8981edd79a1eb1bf0acb,2018-08-17 11:44:13,79.90,8.72
b8ccf087dea4fc431e71277cf66ed793,2,43216537780cef285c670f2b8437ae58,6b90f847357d8981edd79a1eb1bf0acb,2018-08-17 11:44:13,79.90,8.72
b8d8e7c7fe850dd45f9e3762c8b4b940,1,4fe43f61e04cd41cadc3bebf606fe77b,4a3ccda38b2129705f3fb522db62ca31,2018-06-29 20:07:50,139.79,23.78
b90846dbd50e328b0a1b6be47a8e2c0b,1,f7f59e6186e10983a061ac7bdb3494d6,729f06993dac8e860d4f02d7088ca48a,2018-03-22 15:28:17,34.90,31.00
b91b89682b68b44b95f65cd872c65b59,1,4d614d466f2eba2e50e683ebb1460351,4e922959ae960d389249c378d1c939f5,2017-11-05 23:28:09,45.00,16.79
b92aa81f74ab98a2f1a9cc5659f6edcf,1,87feb07adc221a4c6cdf051ea1afd0ff,e882b2a25a10b9c057cc49695f222c19,2018-06-29 10:53:44,2110.00,48.57
b93753633fb990e3c74dc9474c9d9e53,1,3b4ea3aae09e99353a54922da11954c3,3d871de0142ce09b7081e2b9d1733cb1,2018-05-09 04:12:47,89.00,14.71
b96cb3fd98ba13f5a573fc64dfe1ee10,1,8a5bdb0edeb5e2664a2f147198a52b9b,eeb6de78f79159600292e314a77cbd18,2017-06-14 22:25:15,209.00,16.21
b96d1eec0b6f42ab363018c8f68c2254,1,5b3929b3916f45b3e9c016807f0756c4,6560211a19b47992c3666cc44a7e94c0,2018-06-19 15:03:45,59.00,13.07
b979990724c0c6accce90ed2a7bb04e0,1,a5db7a80a8d9c9d49050360fceb6ffd4,8b321bb669392f5163d04c59e235e066,2018-06-11 21:31:49,9.90,7.39
b9a089706e16d5490f7a2feb363e32e9,1,c448475cc4766baebabe30ee6d5f3fb7,3d871de0142ce09b7081e2b9d1733cb1,2017-10-02 06:33:42,45.00,2.31
b9a089706e16d5490f7a2feb363e32e9,2,c5b6cb0ce3279d64025831b972bf5dee,3d871de0142ce09b7081e2b9d1733cb1,2017-10-02 06:33:42,79.00,23.11
b9b690e003beef9acdde2502dfc565e2,1,23bcd6822a33df5534f9b290216eec1f,ac3508719a1d8f5b7614b798f70af136,2017-08-03 18:05:06,109.90,14.50
b9cd12cbf3bc726135ede88877aca4bf,1,fe9dfbe7f974621789683b7b78be2a16,900ba814c251a692506d7834c1218441,2017-07-13 19:25:11,326.16,33.03
b9e60cfd587e2b40cf959a04023247a8,1,dd6a505f83dd3c6326aa9856519e0978,fa40cc5b934574b62717c68f3d678b6d,2018-02-08 13:30:41,49.90,11.85
b9f31e3a32f182587fd629c681118d79,1,4ece875799f8eacb00dc13e93d0a2fd0,522620dcb18a6b31cd7bdf73665113a9,2018-01-17 11:28:36,499.00,18.24
b9fbe26657178b8754633a24a8e066c7,1,ec242882027ee23182f0e790e4117128,4a3ca9315b744ce9f8e9374361493884,2018-08-16 04:45:23,52.90,14.68
b9fc4defdaf807a54f5a0362c764d384,1,731637d822dc03cdbd74407e66c1c443,3078096983cf766a32a06257648502d1,2017-12-13 03:13:59,119.99,13.96
ba1f4cf892df702e9b730cb54d9fb063,1,81b6c7c058add831803fcbba6dcc1df2,da8622b14eb17ae2831f4ac5b9dab84a,2018-06-26 01:30:32,99.90,12.19
ba2a82359a00bf0bd1f5ae32527a5a40,1,ba9943916136c9959e24f71bdae28faa,8c16d1f32a54d92897cc437244442e1b,2018-08-21 09:09:42,59.90,13.90
ba436db3c441f63a8ed34e695ed2e9f4,1,c4baedd846ed09b85f78a781b522f126,a1043bafd471dff536d0c462352beb48,2018-08-03 04:32:27,99.99,23.69
ba57df46d6c7801e304a57084265bd86,1,55b22991373bc1fc844500be10faf60d,0509040ea3fe50071181bbc359eb7738,2017-09-21 13:04:07,110.90,15.54
ba58944fed9eea8a43f9fc3b2cdca75f,1,58f1f70c378b16f78eff44c7104aa772,3f3486b61f45078d4f31ee5e43d8c5bb,2018-06-21 17:58:38,139.99,23.78
ba6599a593f0007d9c2ccba953adf20a,1,4fcb3d9a5f4871e8362dfedbdb02b064,8581055ce74af1daba164fdbd55a40de,2018-03-21 23:08:14,143.80,15.91
ba70922d044f56d4b4cce2010e3f4cd6,1,ad26ad285869ae33f293067b79b9f01e,7142540dd4c91e2237acb7e911c4eba2,2017-06-19 14:10:15,349.90,15.47
ba7ba0ff040d6808492c4456eeb13730,1,89427567da9c9b075c9dca131535104d,3d871de0142ce09b7081e2b9d1733cb1,2017-08-18 20:25:14,25.00,12.69
ba811df8f38f8b18170fa9d29732ed0f,1,7e0dc102074f8285580c9777f79c90cf,e26901d5ab434ce92fd9b5c256820a4e,2017-04-18 03:15:29,34.90,14.52
ba89a3d7d01c8a2a0bbdb514a851e9f1,1,f9af3e675a59ac5c74736e8f6e501f6b,751bdc4d83a466c7206cd42e8f426b03,2017-07-31 06:43:03,35.99,14.10
ba89a3d7d01c8a2a0bbdb514a851e9f1,2,f9af3e675a59ac5c74736e8f6e501f6b,751bdc4d83a466c7206cd42e8f426b03,2017-07-31 06:43:03,35.99,14.10
ba9db9fb21617fd062fee898664e4996,1,53b36df67ebb7c41585e8d54d6772e08,7d13fca15225358621be4086e1eb0964,2018-04-23 23:31:02,110.00,0.00
ba9ec6bfbbe8454a533f194e8cd420f8,1,461f43be3bdf8844e65b62d9ac2c7a5a,7d13fca15225358621be4086e1eb0964,2018-04-03 16:27:50,123.00,13.30
baa356809d65f9a3e5eef9a8a51c1f22,1,be588e939ab09c7ca4d4046266619de5,f97e2b0650c2068227e1d366140eb62f,2017-07-05 06:43:01,265.00,54.45
baa6a79da6b02b2a756bafd22ca73636,1,4a9947ec1fcec2b3321193ed5590e8cb,6560211a19b47992c3666cc44a7e94c0,2017-07-13 23:30:13,59.00,7.78
baaaa6a46bf8f53d113193a6a23efbd4,1,73bcea88583002fe12b7399af4ae60da,4869f7a5dfa277a7dca6462dcf3b52b2,2017-12-14 12:32:25,170.00,15.94
bab4c3b7d9e904b2e991490cd65ccae7,1,bc055ae94989497c0d66bfa4263ccf61,1c68394e931a64f90ea236c5ea590300,2018-02-20 21:08:55,70.90,15.25
babc844d408abfa49b0c875fcc3738d4,1,d04857e7b4b708ee8b8b9921163edba3,9f505651f4a6abe901a56cdc21508025,2018-08-22 11:10:05,79.99,18.66
babcb908e411ea7b016add4ba7928922,1,7b951373f6045db69ff7a2e4d8c40071,7d13fca15225358621be4086e1eb0964,2018-05-16 23:16:38,175.00,13.67
bac4595733cd0e89158cb02bebbf6352,1,8a443635fdf9759915c9be5be2e3b862,da8622b14eb17ae2831f4ac5b9dab84a,2018-04-05 22:27:34,109.90,22.53
bac4595733cd0e89158cb02bebbf6352,2,87d780fa7d2cf3710aa02dc4ca8db985,da8622b14eb17ae2831f4ac5b9dab84a,2018-04-05 22:27:34,109.90,22.53
bac5dc94cc5dbf0810f1919c2aac13cd,1,8cc8c4d7141c82262576156f95ff3907,850f4f8af5ea87287ac68de36e29107f,2017-07-13 17:45:18,69.90,9.34
bad46ed77a751d33a1a1b352075c3cdf,1,08a58dc963320d6073623382b9ceb920,8e8a7ce9f2f970dc00e2acf6f6e199f6,2018-01-17 13:28:35,129.00,14.65
baf1b12b26680071c8851fc697020e62,1,5a848e4ab52fd5445cdc07aab1c40e48,c826c40d7b19f62a09e2d7c5e7295ee2,2018-01-26 13:52:32,122.99,16.30
bafb907417d324de4bc43390ccf3fbed,1,4c2394abfbac7ff59ec7a420918562fa,cc419e0650a3c5ba77189a1882b7556a,2018-01-19 12:28:40,84.99,19.13
bb0254422b24df86bddb238203a16aa4,1,9d12e90dff96cfce78ad02405d6467f4,b17b679f4f5ce2e03ce6968c62648246,2018-03-15 22:30:43,67.90,19.45
bb0a814e4d6cb5373c30a22b6c9fd658,1,05bee157001350b29b1e48395f6736a5,46dc3b2cc0980fb8ec44634e21d2718e,2017-09-08 15:50:11,279.99,22.45
bb18fa095535600a94fd3e6741d53b9d,1,9c5eb07abad39517f560d32066739b5d,9d4db00d65d7760644ac0c14edb5fd86,2018-01-16 03:32:37,86.90,15.36
bb1cb0653f2664a83f30a4bc0b483f94,1,ae083e4a334a4210ae0ef7323f1584c5,0df3984f9dfb3d49ac6366acbd3bbb85,2017-10-02 03:28:30,239.90,15.43
bb299ee4fb79d4056dad3e6bc0aa8a46,1,b000447e24e31a4d7e628ca4d0622131,92eb0f42c21942b6552362b9b114707d,2017-04-05 02:15:58,23.99,9.74
bb299ee4fb79d4056dad3e6bc0aa8a46,2,c4aa0ceec0529a29290c24f2bb490b3d,92eb0f42c21942b6552362b9b114707d,2017-04-05 02:15:58,11.99,12.18
bb3b63f8a09bf476fd524c44fb767a31,1,9cc8a90a8f8b6a7b56a486b612b40efa,c3cfdc648177fdbbbb35635a37472c53,2017-12-29 06:56:44,135.90,17.20
bb4eb3e71b30365a580e5a718bd8d1ae,1,cd442924cc287cda38d9de01d285b263,a416b6a846a11724393025641d4edd5e,2018-07-31 11:23:32,151.72,23.34
bb54e9bf4bdb6c6391a7c6b517748b9f,1,71540d636652fc682032d3b3c0a180c1,213b25e6f54661939f11710a6fddb871,2018-06-04 11:50:16,113.85,11.07
bb5849f8ba21da43ffa31ea52ba81b37,1,c8f7df520102efbaf9927f5acf21b928,a3a38f4affed601eb87a97788c949667,2017-03-20 13:40:28,84.99,14.76
bb5be1811a54b7c516ea8c1eeb48272a,1,e187f69b85487c86a0da79e18ee51982,fa1c13f2614d7b5c4749cbc52fecda94,2018-07-09 15:30:47,199.80,8.66
bb5cce57f8d80c481d1beee24eda6616,1,6ec26b3516fecd18cda3001a9c48a242,c70c1b0d8ca86052f45a432a38b73958,2018-06-29 11:57:21,110.32,8.03
bb724065b1587966bc6e4553aeb0b2c6,1,5696d05d2286b4256e0bd99df47919e7,674207551483fec113276b67b0d871ff,2018-07-11 16:51:01,119.90,13.94
bb83b0d50ebbe83d2d41514296baf238,1,97407223aaefebbaeb89d285e7c64f75,fb3cfbc8a86f5d7fbb4d36b8df63f60d,2018-06-19 02:18:42,59.90,16.61
bb903af0ad020f23de12114a1c74a2aa,1,92503fc18ca14a8f32c182ce3f1b9f05,3586b8580d9c917874e053a1bb37b5ff,2017-05-23 19:35:08,29.90,11.85
bb90b02637daa6d6ea968529eed50699,1,d4a3ae5a2378f3e732a6d3ba73cc22e4,0b90b6df587eb83608a64ea8b390cf07,2018-02-02 10:29:22,293.50,14.18
bba5aa837be7e597e91c6ddedf604cd8,1,12e479f1c2c0417147a3e36302485e30,744dac408745240a2c2528fb1b6028f3,2018-05-22 12:30:53,119.00,15.71
bba5d3c45d232d36995ca63ee0232d7c,1,842f7a72bf72f369c31ba9ff37fb1552,c3867b4666c7d76867627c2f7fb22e21,2017-12-22 13:29:32,105.90,17.99
bbb23eb343ea788460a735b0d5df605d,1,9d38213b04fd8eb9a773f9b2b88ffd0d,cca3071e3e9bb7d12640c9fbe2301306,2018-04-25 16:58:11,26.15,18.23
bbd5315a7667b9537e1cf428fddf09b6,1,f159439c5c382fae366d444e05c590c1,26d8a1c7c75d513045798992ead43aa2,2018-06-15 09:01:57,149.90,14.39
bbe02deb41e96f666660dede6c816276,1,2291d090b69f60fc0ffd95ae394daa77,c847e075301870dd144a116762eaff9a,2017-04-03 16:45:10,99.90,26.96
bbeb3a35e986d6a0f87217b567c99cd0,1,76603a4bccfedb23ac477d3cf1f69ce1,411f3b52d857390502ee4e4d5ceabc2d,2018-04-23 20:15:18,172.04,13.64
bbf7ad105edc929937625364891dc8c6,1,dd47440cb56de3ab674f9208ff0edc3e,3bdff180c7e1f6551a643b99c265a120,2017-06-19 12:50:25,69.90,19.98
bc07f82ae356cbf2177d716646abe61c,1,72a6b7b5ef0cfdf2477f484e2dabfee4,c66dccfb3f109511246da627dd5a2498,2018-05-04 11:50:48,152.00,13.50
bc1407516b972c301cdd874626028952,1,07acd9ac393e5b30aded00de63d80e14,7b07b3c7487f0ea825fc6df75abd658b,2017-10-04 23:49:18,58.00,14.16
bc1e260c14566150f353c716e61215e4,1,5dcceb4689c06ac693117bc4296986ef,609e1a9a6c2539919b8205cf7c4e6ff0,2018-03-01 14:30:28,59.90,16.18
bc1e260c14566150f353c716e61215e4,2,f35013cb05a9538a4428fa6161b2c96b,609e1a9a6c2539919b8205cf7c4e6ff0,2018-03-01 14:30:28,59.90,16.18
bc314ea94634ec397df2b65d3bcb2c1c,1,7703b8cb5b77fbb36518ea91e2ca734f,6560211a19b47992c3666cc44a7e94c0,2017-10-24 16:29:31,39.00,15.10
bc52ee2d28a015510123067432c70c17,1,b84c4c7f1845f068f40e350865b803fa,01fdefa7697d26ad920e9e0346d4bd1b,2017-08-03 19:23:36,118.90,38.38
bc6e9624c0238056251784cf956cd10d,1,84f456958365164420cfc80fbe4c7fab,4a3ca9315b744ce9f8e9374361493884,2018-06-27 12:13:33,84.90,23.39
bca438a94b0b58bd0f7a15666e522042,1,2318cf75da074f0a955f60eda2f9e320,63a79f5a7eb5cb48a7e5787b141c7993,2018-07-20 12:45:15,55.00,18.49
bcaff5892a4def087ea5036d6b89b9db,1,7d681d24b9bad757fb34b0d464c350e4,8b28d096634035667e8263d57ba3368c,2017-12-21 18:31:43,59.80,16.86
bcb0343717a9e0265e156e34c25c3dc0,1,a2307a34b16eb2201ce5206cbd7f9bc7,cb3dd9ce66268c7a3ca7241ac70ab58c,2017-08-15 15:10:14,38.99,27.18
bcb0343717a9e0265e156e34c25c3dc0,2,06484143f7046fc1c2ec000aba13e28a,cb3dd9ce66268c7a3ca7241ac70ab58c,2017-08-15 15:10:14,24.99,20.38
bcc3b9b2b1b0f27be6e2816968b08fc6,1,9ecadb84c81da840dbf3564378b586e9,1025f0e2d44d7041d6cf58b6550e0bfa,2018-01-22 13:49:58,38.40,16.11
bcc3b9b2b1b0f27be6e2816968b08fc6,2,9ecadb84c81da840dbf3564378b586e9,1025f0e2d44d7041d6cf58b6550e0bfa,2018-01-22 13:49:58,38.40,16.11
bcd05b48176dab8d00672b325de126de,1,2a2d22ae30e026f1893083c8405ca522,1a3df491d1c4f1589fc2b934ada68bf2,2018-02-12 15:30:17,148.90,21.53
bcd37480e5f21eaf2b524c8e9724d099,1,154e7e31ebfa092203795c972e5804a6,cc419e0650a3c5ba77189a1882b7556a,2017-12-05 01:53:48,23.99,15.10
bce7047b261dd5116e87384f4fe9afc1,1,d655dc03de9b831ed22639631ab2958f,1bb2bdb95f4841f1bba2c0d2cd83d3c9,2018-02-20 13:07:00,24.97,15.10
bced9d44b71edeb7df9229c6b86fd784,1,a3bb3642ad1170e55d345dbf5953f38d,557f22c76691849db52d2abccf0015d0,2017-09-22 00:15:15,21.99,25.63
bcf8ce1cea8935dbbf537c9caf248f46,1,f86faff2fff9d021e363dc81bfd16930,da8622b14eb17ae2831f4ac5b9dab84a,2017-09-06 02:45:01,34.90,12.69
bcfd112593a122ae1272e80681e2ac72,1,d4fe034cde911805af12724d73fde7e0,dd2bdf855a9172734fbc3744021ae9b9,2017-03-13 13:03:57,69.90,15.25
bd097e5fba6d060c0adb69b8865b1dfe,1,18b0e642cbae7251e60a64aa07dd9eb9,85d9eb9ddc5d00ca9336a2219c97bb13,2018-02-13 04:31:00,31.90,14.10
bd0ece9767b9088d339d9f68ed6a4738,1,cf88e5bfdc37eafcb2130a618e815438,bba74270a87732727b5a3b4fd9ac1c39,2017-10-16 20:49:59,499.99,22.74
bd15e6a6eec338675a42659c3509da35,1,ef38b8a82331e59ba97285e7f531f641,3935fe5fe0f82787a9dcb8deb62be09d,2018-05-21 17:15:18,112.99,23.33
bd15e6a6eec338675a42659c3509da35,2,ef38b8a82331e59ba97285e7f531f641,3935fe5fe0f82787a9dcb8deb62be09d,2018-05-21 17:15:18,112.99,23.33
bd2e72e4a107f535d737c2c2a52a018d,1,c4101d1b4e0fabda6c62a8074e92cbbc,9674754b5a0cb32b638cec001178f799,2018-08-29 02:44:20,34.39,12.90
bd311764a2c2a541c99f90f076923b34,1,c1dfd7dc17df380ed269d0fc905f6e22,4830e40640734fc1c52cd21127c341d4,2018-05-18 09:16:33,49.99,17.06
bd37a8e6c071459b0c45ad8337225d89,1,612fc86af2e1c8927886a7503dcc67a1,c8b0e2b0a7095e5d8219575d5e7e1181,2018-02-08 09:35:28,139.99,18.27
bd4937d306741b31e9a738f0ad9da78f,1,9e47ae55f9327141d2dc2cbca3317e49,18a349e75d307f4b4cc646a691ed4216,2018-06-14 23:13:59,25.00,18.23
bd6b1316314a1f12d58ebf467f3f2d80,1,81c6b0f031d89938fce1df449b3b464b,537eb890efff034a88679788b647c564,2018-07-03 02:52:32,18.90,22.06
bd6c3e07e22039cf9560d3369ea396ee,1,186d7d472f062ca6ef30689faa935d2e,53e4c6e0f4312d4d2107a8c9cddf45cd,2018-08-10 17:10:15,22.00,7.41
bd7328facab3b5c696a8a685b0ddacff,1,313f8ed3413f949a1c0eb1cd6495ae5d,7ad32824caee82087b3e2e5f33b1bf32,2018-06-18 22:30:56,109.00,41.74
bd7a44c3216be67318d6776fa920703d,1,493d26747843694010877d8e73ef335f,3be634553519fb6536a03e1358e9fdc7,2017-08-24 16:45:11,52.65,8.72
bd971b573fb91b8be91c02b0fc251b98,1,2a55bbbba62db632421607d23042a393,9dc79dd988ac42f4d56c340d7048420a,2018-08-16 18:25:17,199.90,16.50
bd982aee32cd290fc0ecf05ec77c326b,1,408dc0e1523c3915352e552a1a23c663,5c6d4016c2a288f074fa0848a2b653d2,2018-08-07 19:24:08,109.80,9.52
bdb9bdd2b7e7f7fa3429262ba9cfeca4,1,aca2eb7d00ea1a7b8ebd4e68314663af,955fee9216a65b617aa5c0531780ce60,2018-01-12 21:48:04,69.90,24.94
bdc386da6334df2a3ed8c51f0fe77c16,1,f8077831f3c3f393fb67b93c5acd8daf,213b25e6f54661939f11710a6fddb871,2018-08-20 11:30:18,79.90,19.75
bdc50bb13e6d041fb5d868ec076072b6,1,f03859e4cc21018569f5ae7a03897ff4,7299e27ed73d2ad986de7f7c77d919fa,2017-09-08 02:15:14,49.99,15.10
bdcf9c2f3ef0c55dc1273dd2c507b0f8,1,24c002cf6aa7f3c184a964064e2a2e5c,df91910b6a03bb2e3358fa6a35e32f6f,2018-08-14 19:15:18,188.90,23.99
be0321747be0efc1c7241a5e985dd299,1,1da5a90b5fbd1e1bc37b7bbb999c7bd3,de66a66f2dd06bb9ec37aa96987466a3,2017-02-06 08:35:36,45.89,14.52
be0321747be0efc1c7241a5e985dd299,2,1da5a90b5fbd1e1bc37b7bbb999c7bd3,de66a66f2dd06bb9ec37aa96987466a3,2017-02-06 08:35:36,45.89,14.52
be128a58459554e47e89d3bc200ba5cc,1,3ae810052cf18d30232367f0b45e284c,5a93f3ab0ef4c84ed5e1b5dbf23978bc,2017-12-27 00:14:14,22.81,13.37
be128a58459554e47e89d3bc200ba5cc,2,3ae810052cf18d30232367f0b45e284c,5a93f3ab0ef4c84ed5e1b5dbf23978bc,2017-12-27 00:14:14,22.81,13.37
be16ab3862dd2927ab1e3cb7434007f6,1,64fb13596caf118c438edc5c6ed2d50a,88460e8ebdecbfecb5f9601833981930,2018-09-04 07:10:36,69.90,18.59
be33f61fd2cab2493c81b0810b31da89,1,d9c2eaccfa617895e2720f212e592de1,c3867b4666c7d76867627c2f7fb22e21,2017-07-10 09:30:16,115.00,13.83
be454ec4b7cf35a9dfdb8489e9b000b1,1,8ed094bfe076c568f6bb10feada3f75d,7c67e1448b00f6e969d365cea6b010ab,2017-11-09 14:56:26,196.99,61.30
be4689494eafff3235986fd4915cdb56,1,aea89e156fe6705b458e900a8790af90,e7df4cd29ab5abab70fb0783ddb53987,2018-01-11 02:08:47,329.00,11.12
be47ea1ee3433ff4f5006ab2c5f9e0a9,1,d04857e7b4b708ee8b8b9921163edba3,9f505651f4a6abe901a56cdc21508025,2017-12-19 19:10:19,68.99,15.28
be4ce210f993d9e26a013ae7e93b6893,1,b230bd784da7f2bb53eaadc273982cda,093805f8f2aeb63881444571e1f48f30,2017-11-17 02:55:41,51.00,9.03
be4ce210f993d9e26a013ae7e93b6893,2,0dce4d890959f0607b58e7475d13fc86,093805f8f2aeb63881444571e1f48f30,2017-11-17 02:55:41,35.70,9.03
be4ce210f993d9e26a013ae7e93b6893,3,a9eea144b709e6d670c9bf03ffc2dc2e,093805f8f2aeb63881444571e1f48f30,2017-11-17 02:55:41,32.55,9.03
be4ce210f993d9e26a013ae7e93b6893,4,b92c0c9a860191befb3f8139aee8c4e1,093805f8f2aeb63881444571e1f48f30,2017-11-17 02:55:41,37.00,9.03
be597ae2dfc955f581832e7430e7e293,1,8b51c6ccc9c0548c951214e1cd1547ff,609e1a9a6c2539919b8205cf7c4e6ff0,2018-07-17 18:55:12,59.90,19.61
be62a7e48d2d0a10e3ce4d03e737843c,1,78108fe8e4d5ccfe8ed10f92f7d73c2a,77530e9772f57a62c906e1c21538ab82,2017-08-24 15:45:13,299.00,21.58
be6343c24d4cd24d3a630c7a8aee1a6b,1,189f163ac190749c553a4835c22aa3a8,33a6f4b1e7cdc205511e76ba1b6e0186,2018-07-12 23:06:01,63.99,9.20
be6e0e5aee2918775fc14dfe68d18a37,1,64fb265487de2238627ce43fe8a67efc,4a3ca9315b744ce9f8e9374361493884,2018-06-15 15:28:57,79.90,26.86
be8825818ef90fa22e25614dad11854d,1,a0b7d5a992ccda646f2d34e418fff5a0,95f83f51203c626648c875dd41874c7f,2018-04-19 13:11:57,69.90,46.60
be8825818ef90fa22e25614dad11854d,2,d801653b991d31a3df73fc859f1ce0ec,2eb70248d66e0e3ef83659f71b244378,2018-04-19 13:11:57,59.90,46.60
be9d88133ac0473fda4ebbdc48d5140c,1,4da69617724180dc2e4aedddd7ef938b,4a3ca9315b744ce9f8e9374361493884,2018-02-21 17:07:08,55.50,15.14
bea4e26a5e3cb0a9eb16c8703a21a7d3,1,abc3432ff825d8e524db1d4eac6d2099,8d956fec2e4337affcb520f56fd8cbfd,2018-08-23 09:10:46,39.99,15.38
bea9b92d7a14b236b96eb9fc71c28e02,1,060c17562f97e5bb60bc0dfa4dd5b3f2,9f505651f4a6abe901a56cdc21508025,2018-05-02 22:15:18,24.99,15.23
bebaff5f4489a8d0b10a929087be21a9,1,1a300f482e35d7eac74b229be067aefd,e9d99831abad74458942f21e16f33f92,2017-12-11 04:12:06,19.99,15.10
bee4fbc438d2d48527e812cb6a1c8166,1,507f37649c32210c0f297c6755cc8305,daeb5653dd96c1b11860f72209795012,2017-12-01 19:02:11,24.90,15.10
beeee30f17612200615fd1ce39b41a43,1,2b4609f8948be18874494203496bc318,cc419e0650a3c5ba77189a1882b7556a,2017-08-24 22:44:42,89.99,7.88
befae3252c7f7ffb6abdeb4d3f4eb668,1,9ac3f8f66132539cb797c44296f1fa27,3d871de0142ce09b7081e2b9d1733cb1,2017-05-22 16:55:19,159.00,14.13
bf013ab8da2ddc44737310fb1f58361e,1,0c6fc9b9317a68d1cda098c063914b72,c847e075301870dd144a116762eaff9a,2017-06-15 14:02:22,419.90,23.43
bf0448def08e9657c8f990eea9bc4057,1,6449ec897c9c3c3bcd296df559f6e746,53e4c6e0f4312d4d2107a8c9cddf45cd,2018-01-09 20:28:22,32.00,11.73
bf0b6e46855aa361a0dab877c439ef93,1,ad0a798e7941f3a5a2fb8139cb62ad78,1835b56ce799e6a4dc4eddc053f04066,2018-01-19 16:58:23,29.99,11.85
bf0d67707bc87fa3fe2cf74a1c2c693f,1,f889fb87b505b73de10c18b93352469f,c70c1b0d8ca86052f45a432a38b73958,2018-07-23 14:50:28,110.32,15.87
bf351cedb18cc34fc1bf14f882156e40,1,93c480c7d11c68ba0a71e850da61b674,70a12e78e608ac31179aea7f8422044b,2017-12-08 14:13:33,139.00,17.41
bf605ab91479a9fb68eadab4406c8064,1,0bcc3eeca39e1064258aa1e932269894,1f50f920176fa81dab994f9023523100,2018-07-27 13:55:18,49.90,20.99
bf60ac45ad533aad56e08608c2fa1f26,1,660c03ec104ffe00c7b8e5a885cbee1e,2a84855fd20af891be03bc5924d2b453,2018-04-20 11:52:24,24.80,17.06
bf63e72c6c17fc3204c0124ce16426d1,1,30ccf4724f5227265f837e9ba0246278,dbc22125167c298ef99da25668e1011f,2017-08-09 03:05:49,84.90,14.32
bf7633822714776cc60f51470f805b92,1,ec7dad92a5f70cbc21297b16d7a2be96,7ad32824caee82087b3e2e5f33b1bf32,2018-06-21 13:57:43,89.00,23.42
bf93a9c9cc2879163c62f43f8fb70cec,1,03ccf3bdaa33497fa04d1e2f746a4555,dd2bdf855a9172734fbc3744021ae9b9,2017-06-07 17:25:18,129.90,10.12
bf941d5fc1bc7b644937b66246ad2150,1,d63c1011f49d98b976c352955b1c4bea,cc419e0650a3c5ba77189a1882b7556a,2017-10-06 14:39:02,59.99,15.18
bfa84c85baf67d4ed4923a3d8d6a18bf,1,d322eb25f02924adba73e58dbc36b29c,fa1c13f2614d7b5c4749cbc52fecda94,2017-12-27 23:14:25,238.99,15.42
bfadb548852a3f28f3beba2245ccd552,1,b49315bbc5fe119fafd17c53f573bfae,95ec4458365c4d11f452ccf538377619,2018-05-24 13:10:31,18.90,7.71
bfaf2a2f0abc56602d3b0fcf99576126,1,99a4788cb24856965c36a24e339b6058,4a3ca9315b744ce9f8e9374361493884,2017-08-03 02:23:32,89.90,25.91
bfb4f8775924839c47fce828a6826d86,1,b8a0d73b2a06e7910d9864dccdb0cda2,620c87c171fb2a6dd6e8bb4dec959fc6,2018-03-22 00:09:24,59.90,22.13
bfb4f8775924839c47fce828a6826d86,2,b8a0d73b2a06e7910d9864dccdb0cda2,620c87c171fb2a6dd6e8bb4dec959fc6,2018-03-22 00:09:24,59.90,22.13
bfc9c6b840e5a8ac6c42347673271b9a,1,5a848e4ab52fd5445cdc07aab1c40e48,c826c40d7b19f62a09e2d7c5e7295ee2,2017-12-28 02:10:50,122.99,14.61
bfca565035711cdb02880c530c383872,1,88de5a4c9a8190df7f9b4a5b4f3f68cd,e067ad2c1c0b48758eb1b5228bcf7a68,2017-04-05 21:22:48,19.50,10.96
bfca565035711cdb02880c530c383872,2,88de5a4c9a8190df7f9b4a5b4f3f68cd,e067ad2c1c0b48758eb1b5228bcf7a68,2017-04-05 21:22:48,19.50,10.96
bfcec6fcc6a68c5505537bb8a0a38039,1,58bef3ad35aed45b92cf03510e6cf5ce,c3867b4666c7d76867627c2f7fb22e21,2018-03-26 19:35:27,125.00,14.96
bfdd803339c3236164d4fda73c95f5c2,1,35afc973633aaeb6b877ff57b2793310,4a3ca9315b744ce9f8e9374361493884,2018-08-01 17:06:24,77.90,23.35
bfe8c448781919b17936bdd844baefc4,1,0eb8e03d4ef83152c4642b606b5bbdec,cac4c8e7b1ca6252d8f20b2fc1a2e4af,2018-08-10 05:23:54,29.99,17.34
bfead39f96afa0a674110835b6677095,1,b1e67d8a817ad0c6d4681dc28be1cb18,6562efe88ce0826a4ca4f189f03b4b84,2017-10-30 12:28:25,59.90,19.66
bff8a4fd45acacd3f3390aed67ed8e91,1,cce679660c66e6fbd5c8091dfd29e9cd,d2374cbcbb3ca4ab1086534108cc3ab7,2017-04-17 22:55:16,17.90,10.96
c003c1face3c31cba0af4ab5314f3332,1,dedb5adefe63796ce6edd624d0ebd8a8,70ee69419916dc13e3aed619061f996c,2017-08-18 11:05:09,45.00,8.72
c00d54903f6f9af108ff7b371a2999e6,1,d1c427060a0f73f6b889a5c7c61f2ac4,a1043bafd471dff536d0c462352beb48,2018-05-09 22:11:09,119.00,25.31
c03349d196d2c2e31e41e29d06396cbf,1,880be32f4db1d9f6e2bec38fb6ac23ab,fa40cc5b934574b62717c68f3d678b6d,2017-09-26 15:10:32,44.90,7.78
c0452c14e00c9d8c3f5f30c189382329,1,c91fd1bf3e75d3b29370483ffda5eee0,ea8482cd71df3c1969d7b9473ff13abc,2018-06-19 22:20:35,27.99,18.30
c05df8b616137f63b7d902415bd94490,1,2fea0f2cec6b6324a277d4a61c2ed2c6,beadbee30901a7f61d031b6b686095ad,2018-06-27 23:59:13,35.00,12.91
c0926505809f1295c7ca6902c2c4d932,1,fc1d8637c0268af3db482c14b7ef8e75,da8622b14eb17ae2831f4ac5b9dab84a,2018-05-25 08:16:22,139.90,19.55
c0bae1d039f9f7459a21f5276b1127f4,1,7127d16c840983cf82440bff9277f6ef,db4350fd57ae30082dec7acbaacc17f9,2017-11-07 04:27:19,21.99,14.10
c0c339f8d69784a8cb6b51f9aa9f85d2,1,c9e0665ea8ce2a04e4db1b53be9fc0d2,b86a47b3366e3b5424a7b225781f4908,2018-01-11 10:31:48,86.50,19.85
c0d74e15535e242afea299f2edb23394,1,eb2d12bc991561d4ca5deff0e60854e4,a416b6a846a11724393025641d4edd5e,2018-03-19 19:20:20,128.90,23.83
c0e1cfdba23aaae17319b780a91978af,1,b3b0bce74668bf355cbd94db1e4d17b9,8c16d1f32a54d92897cc437244442e1b,2017-12-04 02:51:28,21.49,13.50
c0e57db4a4a6ef32aa28911d1c07df81,1,c43e56cd1eb509cca120446a61579ec0,53e4c6e0f4312d4d2107a8c9cddf45cd,2018-06-04 18:57:58,36.00,12.79
c0ecfbe7eb9d8435e0e3ecd0cdb899ce,1,37055d9442bfc227231d5983f329ff9f,1996942dc085d7773ba77a529b163cd0,2018-08-15 07:50:09,134.89,13.60
c0f3e5b46a6f8a899bb3a9de4afd5525,1,f39a8b27ce90ac582103bf36f09690dd,16090f2ca825584b5a147ab24aa30c86,2017-09-28 13:50:18,319.00,36.03
c0fabfdace2df4fbd9e0e958f29a2cd7,1,e03102efbc2229024c89be731f0aedcb,2c9e548be18521d1c43cde1c582c6de8,2017-12-11 17:37:25,37.50,9.34
c10600160de02ce63a426cc0e410e7a7,1,53b36df67ebb7c41585e8d54d6772e08,7d13fca15225358621be4086e1eb0964,2018-02-28 22:30:39,125.00,17.31
c11457253eefe1635e2c7acbf249aa1a,1,d5991653e037ccb7af6ed7d94246b249,25c5c91f63607446a97b143d2d535d31,2017-11-10 14:27:08,137.90,43.34
c11770b0aaeeaf11800205df9b333d78,1,d2f5484cbffe4ca766301b21ab9246dd,36a968b544695394e4e9d7572688598f,2018-07-26 14:30:52,12.88,18.23
c1213e8146aaff37acf16bfef1789d75,1,30ccf4724f5227265f837e9ba0246278,dbc22125167c298ef99da25668e1011f,2018-05-07 20:55:25,78.00,15.40
c124b224a2727ecb4e7c9a378a936d0d,1,8d027132a8818b4d661e9d83778f8bd0,cd3d09fbe6e3e9ff0c0ac0c300e93ae7,2018-08-07 16:04:13,62.90,23.16
c130858ff611f05ccbfbac337cd09cdc,1,e15014500e7941bc3fae1757c3cd48ad,44073f8b7e41514de3b7815dd0237f4f,2018-06-25 11:19:33,147.00,17.96
c142c7ab64bc271555af4edbff4d53b8,1,88edbcd7253153fe0b9b64c8e643ec00,f789d2c4f2c2eb38fc4373e7a4b35264,2018-04-05 07:47:28,249.99,24.25
c14cb154425639c9d91bd601bd5afe89,1,a7aa202585393c58cb1351de084b4dbc,70a12e78e608ac31179aea7f8422044b,2017-07-19 10:50:23,75.00,12.03
c153dd095e8ccdaa7331d24b23bd62a9,1,12ce53b5f757dfcb8e78117caa2d6ac4,128639473a139ac0f3e5f5ade55873a5,2017-10-31 09:26:07,19.90,16.79
c1556665d5eda63ad0a01cb682e2ad6d,1,d6443622b97746fcd40fefeac38a9964,620c87c171fb2a6dd6e8bb4dec959fc6,2018-08-15 17:55:15,44.90,9.24
c15582dfe92312e48613b9cb37caf0c8,1,2b4609f8948be18874494203496bc318,cc419e0650a3c5ba77189a1882b7556a,2017-05-25 04:05:22,89.99,15.38
c1559efbfbb38d83f6280b505bd3e0df,1,e25331bf25687974d6fc419b3bd576dd,f52c2422904463fdd7741f99045fecb6,2018-07-17 18:50:14,27.90,8.36
c155ef1f20c6a210e6ba29644b4d578c,1,8eaa9bab89d7c3af6b8d4c7156573e79,b7d5b4b87af9d42b601865d3f3810bff,2017-05-12 19:05:09,350.00,20.69
c1965eaf39451fdf97e27cb13e5f401e,1,0d77de0f4137ba0f89d3d25191ce4788,7178f9f4dd81dcef02f62acdf8151e01,2017-11-22 18:55:28,21.90,15.10
c1a2ee16a0ebb378f57bdf69fcf45b79,1,7814c273ab16783d73a9863ebfa8b141,1025f0e2d44d7041d6cf58b6550e0bfa,2018-08-27 12:50:35,230.00,26.59
c1b770015e27aaf2b475026989d04fe0,1,72bd0a03987cd55970cb61c661cd90c8,79ebd9a61bac3eaf882805ed4ecfa12a,2017-12-18 03:56:25,124.90,12.83
c1b946b2592023776151752222cd31e7,1,58df80b6468d09d24264a3cbb890c9d0,15fa791d5e017f66402dc28c44480657,2018-04-17 09:30:46,70.00,18.37
c1bb3ffb1aeb6afbe42101499bd15708,1,d159157f1837c548e960ea0e9b00b259,6a0cbc8af2e8abd1bdfb777943d174c6,2017-12-06 02:20:22,115.00,16.44
c1bffb64e9e46207fa132a9a4f4e1307,1,867860cb9f8724722b424497dfe1d491,dd2bdf855a9172734fbc3744021ae9b9,2017-03-09 16:50:17,69.90,22.42
c1ddb9a2ec3bae0156fed0df64910447,1,609b1b50202d276e56b2468006fa82aa,609e1a9a6c2539919b8205cf7c4e6ff0,2018-03-27 06:48:03,73.90,23.10
c1ddb9a2ec3bae0156fed0df64910447,2,8812d73b9937b5bd3648ff9d11f9c3fb,609e1a9a6c2539919b8205cf7c4e6ff0,2018-03-27 06:48:03,73.90,23.10
c1dfbe8a3ce81f3fd38d2d5f50e84be6,1,6b00cb3fe05c73d0acef3fd949a34c0f,1ca7077d890b907f89be8c954a02686a,2018-03-22 03:31:12,45.99,19.04
c1e0ca05590ed1c16d7aaa4c96fdced6,1,dd5e15ecf4e9dc32d28e7cdd000b7434,0ffa40d54288e4f3499b8780dd0f144f,2018-03-12 04:20:29,20.00,16.79
c1efdd2d9175b13e263d77e6ff0803ff,1,b6bdebb92f595f00c73bd42e0e3a8517,ef506c96320abeedfb894c34db06f478,2017-10-23 04:06:55,25.99,7.78
c1f68a068a1e19a39e7f22734b58cca3,1,a04f52ded97b5530e8783e3c002b90f0,da8622b14eb17ae2831f4ac5b9dab84a,2018-01-03 19:26:38,79.90,16.32
c1f9a3a835ab0d3d2975ab179f78ab75,1,e74c906e50417096a9c1fb2c5860b010,70eea00b476a314817cefde4aad4f89a,2017-10-02 19:07:10,219.00,32.28
c20f5cf8451a562b0fc50dd48fc8d68a,1,6a162a899a815ed15db1689e8efc976c,b94cc9f10ddc85e4ba73a6f7974e7101,2017-11-23 17:15:21,649.90,18.14
c22a588780963010739e299de0a9bf51,1,31639956e7fac87ecfd9d608040638bd,aac29b1b99776be73c3049939652091d,2017-05-24 13:10:57,64.90,16.21
c235e3fbe42d171c9177e6664107170d,1,dcb7642f668e09b75d526454940124b9,92eb0f42c21942b6552362b9b114707d,2017-07-07 19:25:13,12.50,7.78
c23e9a555c327fa1d60893394aae9e9e,1,91846781ef75057e134949400768e272,530ec6109d11eaaf87999465c6afee01,2018-03-30 17:47:34,149.90,23.63
c23fa8593c1bb932ba79051a7e201255,1,9c60b810e32e14c3a278742567720634,5058e8c1e82653974541e83690655b4a,2018-04-15 21:55:22,189.98,32.72
c23fa8593c1bb932ba79051a7e201255,2,9c60b810e32e14c3a278742567720634,5058e8c1e82653974541e83690655b4a,2018-04-15 21:55:22,189.98,32.72
c2411b9c7822d227e3e48018405a0594,1,1a0f5bca5c36a68073930270bb47e314,76d5af76d0271110f9af36c92573f765,2018-01-31 23:35:37,1089.00,36.00
c274216562a0ca3b0f14b7b46b8f7f4e,1,c44f25ecf77c3fdd779c0fcac33aef1f,6d66611d7c44cc30ce351abc49a68421,2017-12-21 02:16:05,109.90,38.32
c2792ecd230f2d8f50741f6b37649fb1,1,15fdd6032f35d4add5066fb90be28630,6560211a19b47992c3666cc44a7e94c0,2017-04-18 04:02:06,89.00,8.99
c28475e383b1ded793fe443af4d1efca,1,17c4bd4269902c84acc14c497f282ddb,75d34ebb1bd0bd7dde40dd507b8169c3,2017-10-13 12:35:19,324.99,18.71
c284a43b72cd107402733c5bfe5678bf,1,a7caf970fe61b23afec3d2d0ba545eb8,70a12e78e608ac31179aea7f8422044b,2017-08-25 19:33:39,150.00,13.39
c28c4378f50e09ee967e830dac65634f,1,2839fc3ce459dcf23896d23113470284,9d681c7e12db302cb261e721040dde65,2018-08-07 15:55:13,39.90,19.19
c29831d189569aeda9a401509412d8ba,1,046eee903d62294ffad4e38ae6aa730e,7ad32824caee82087b3e2e5f33b1bf32,2018-04-18 22:52:38,299.00,19.97
c29f77479a4983291796c220560a9646,1,f35927953ed82e19d06ad3aac2f06353,669ae81880e08f269a64487cfb287169,2017-03-10 13:11:08,115.00,11.42
c2b170fa201b85b5a2447365d111af05,1,d285360f29ac7fd97640bf0baef03de0,2eb70248d66e0e3ef83659f71b244378,2018-07-25 16:10:19,155.97,16.19
c2b88e285b675e490d60c733f34c3d7f,1,4cfd7d1aae59a0b4f117e39ccbb0deec,004c9cd9d87a3c30c522c48c4fc07416,2017-12-11 09:16:47,53.99,12.72
c2b98b5cd6c038d9115970d03ecb1f6c,1,2a2d22ae30e026f1893083c8405ca522,1a3df491d1c4f1589fc2b934ada68bf2,2017-11-09 22:25:57,149.90,17.70
c2d3596a04c210110354bc6e84240658,1,df6a5d0fac12bbc9f8655908abb5711f,2a1348e9addc1af5aaa619b1a3679d6b,2017-03-09 02:15:30,69.90,14.66
c2dae969e4d48f3afc69a5503b48bed1,1,43b069f855679eb3d3589e55dcfe968e,79ebd9a61bac3eaf882805ed4ecfa12a,2018-01-05 10:49:24,14.90,27.25
c2dae969e4d48f3afc69a5503b48bed1,2,6ddc8b938d09dc6cdc48aff7252e5f0e,79ebd9a61bac3eaf882805ed4ecfa12a,2018-01-05 10:49:24,14.90,2.94
c2e07c679e4ecc1a5d27c0435e6c8425,1,f71050e65776861c8c3ec7a2d2b0194c,53e4c6e0f4312d4d2107a8c9cddf45cd,2017-12-12 14:52:16,72.00,11.73
c2e3ee5ef901092148e19caccfe10ffb,1,5403528d987ad26e8d7cb25940411987,6560211a19b47992c3666cc44a7e94c0,2018-08-08 21:05:09,49.00,7.60
c2ec803408a0dc72513227acaf96ab43,1,3b42242085259cb66b6e577ae5173c76,972d0f9cf61b499a4812cf0bfa3ad3c4,2018-05-25 11:21:52,70.25,23.07
c2ef540e16617cb62d8c9d0bb874a498,1,ac8d637154b9a2717786c0f933d4c7da,c9c7905cffc4ef9ff9f113554423e671,2018-06-13 20:52:23,79.99,20.61
c2fe713d93a9f489de49d6a79eb7f45c,1,a5bbc554f75cf4afa2cd56791015ec27,955fee9216a65b617aa5c0531780ce60,2018-04-30 02:30:30,55.00,22.97
c3038ab3b07ac682ba60729b1d74b24b,1,99a4788cb24856965c36a24e339b6058,4a3ca9315b744ce9f8e9374361493884,2017-05-14 23:02:12,89.90,25.91
c307181fbf88d38d293774ca900cc802,1,6e7b435ac3c84fc5348dba974e184322,620c87c171fb2a6dd6e8bb4dec959fc6,2018-04-19 20:30:47,119.90,19.81
c3172e32bc52d8dde2aa5c6cb36cddfd,1,af56e0203193f066ed64cbbbbf95ae6a,ef990a83bbea832f36ebe81376335aa8,2018-01-31 02:38:20,99.90,27.55
c31e69041b0da7765a4d79c7dd6242ff,1,fde7de6bf5508a0001da45dbe6c80b22,04e38a233f726ef161074ab1c9b0399a,2017-11-30 01:31:18,32.90,15.11
c3303e89dcbc08a6ba79213095eca5f0,1,47b950932520619f72b6ebc1c4adcaa7,750303a20e9c56b2a6bc45cdce0b897d,2018-01-31 02:58:15,65.00,16.89
c339883c001902289c0283631cfa22f2,1,53b36df67ebb7c41585e8d54d6772e08,4869f7a5dfa277a7dca6462dcf3b52b2,2017-08-03 17:23:16,159.90,15.87
c33a8aa2dd5053d9fc89793f94229ab4,1,e888edddeb449bde570d695c62b27b26,3340ef1913fb70d28420f6ceb685c339,2017-04-06 02:10:27,89.99,11.24
c33a8aa2dd5053d9fc89793f94229ab4,2,e888edddeb449bde570d695c62b27b26,3340ef1913fb70d28420f6ceb685c339,2017-04-06 02:10:27,89.99,11.24
c36b97b242c0409d5f536b647b56256e,1,42749c525c90994bd3d4c74edf047172,d51e0a403fe2e689ece6c73359d96e12,2018-03-01 18:25:33,198.00,18.64
c37d7909bc3c1037311795c9056acfc6,1,3ebd44ce3c5f4ef6af43b9f0b1df1729,26d6bbee02420494d471c9f6436929c0,2018-05-28 13:31:13,35.99,22.06
c38e0a7ecb6d609cc307eb449dbdc4de,1,eb6913790ee61d3d4d8dffcbbedea827,382229d1e840115ffe3dbf5ff460e417,2018-08-14 11:24:57,29.90,15.31
c3c86ecc0f7508ffce2a4662f49d9d8b,1,e35b496654367ba8f9ab8974a23331e6,1da3aeb70d7989d1e6d9b0e887f97c23,2018-05-16 12:55:25,9.99,18.23
c3df9abd148ceaa39d9911b77b041810,1,eee2fb3dceb9ffd8a99dd4bc4b7e860a,36a968b544695394e4e9d7572688598f,2017-11-17 03:26:53,3.90,11.85
c3e4094adfa71210e702f8e3f90b5569,1,d3d2f358e7e92dbbbc0a37d0b7435253,b335c59ab742f751a85db9c411a86739,2017-12-18 19:55:26,188.87,21.81
c3f76f14ce3587ab9df86c8caaac928c,1,5cf32074c765ce825b53e1241b79e544,951e8cef368f09bb3f3d03c00ca4702c,2018-06-05 14:16:44,55.99,7.87
c40e13850994649006f28cc890cc4c64,1,6f28f90ba66cfbdbe2b962446a0bec69,c72de06d72748d1a0dfb2125be43ba63,2018-08-21 15:09:58,890.00,43.14
c442abd5622d3602e7e1951edacfd007,1,d63c1011f49d98b976c352955b1c4bea,cc419e0650a3c5ba77189a1882b7556a,2017-11-30 22:31:37,59.99,9.34
c45408df26d1ce2b64518a9a9d65fd04,1,ae8465400218e5aa54535b74d9138416,7dc8c42cc750eeafea6c85712ffee9bf,2018-08-29 17:29:05,34.99,14.56
c464355f722adad51476d92a1182d3f8,1,6831b5d22263248cd732a13b207fd68a,725c32fa80c2faacc4fc88450d27314e,2018-07-03 18:35:13,85.00,8.76
c4b2b908aab6585b6a3147ac72952242,1,a92930c327948861c015c919a0bcb4a8,6560211a19b47992c3666cc44a7e94c0,2018-08-21 03:10:18,78.00,7.81
c4b9744b03d4c89b98b6847ef0b04321,1,dab2413ead0edda9967edbc9bda2a64e,562fc2f2c2863ab7e79a9e4388a58a14,2018-05-15 09:35:27,29.99,12.76
c4bd023ec3c8f99bdc3a817584217988,1,cdd914e78124a73cc28a165cfc4a0bbc,ba143b05f0110f0dc71ad71b4466ce92,2018-08-06 14:30:57,93.99,11.68
c4c9066b8b703b82bbaa0561244e0e0f,1,7a10781637204d8d10485c71a6108a2e,4869f7a5dfa277a7dca6462dcf3b52b2,2018-03-07 17:55:35,204.00,18.68
c4cac393cb3ff78fe2823fc2222d1f04,1,06f0e85c7892d5df893f332706340af1,3d871de0142ce09b7081e2b9d1733cb1,2017-10-26 15:35:17,179.00,82.07
c4ee04fd6b5632ac5b0b3c6834a9f3cd,1,890b077b34b5d22c8c56d60536ab9e75,e9779976487b77c6d4ac45f75ec7afe9,2018-07-04 07:15:09,27.49,7.93
c5009ef153ccebb4f2dfd12660198737,1,363218ba55c610b750224f90bdd34be1,33a6f4b1e7cdc205511e76ba1b6e0186,2018-05-25 02:15:28,77.99,12.40
c505a1999c5ad6aacc8339242d824073,1,46292acbc08d49b95138891146f7287b,3361277dc30b7cccdb0c286b24219756,2017-03-29 21:31:41,299.00,16.26
c505a1999c5ad6aacc8339242d824073,2,46292acbc08d49b95138891146f7287b,3361277dc30b7cccdb0c286b24219756,2017-03-29 21:31:41,299.00,16.26
c505a1999c5ad6aacc8339242d824073,3,46292acbc08d49b95138891146f7287b,3361277dc30b7cccdb0c286b24219756,2017-03-29 21:31:41,299.00,16.26
c516d2f709c6364f4972d91c96569568,1,7fe14f1d9c5f003f196c92337d12810e,39d61be7a92eb77b7da367bd4845bc0e,2018-08-06 02:05:20,48.99,19.53
c51ed3d77baf76974358a156521bbd16,1,aa70ae9ee9a798d44ae6e00ce6d82cb1,c70c1b0d8ca86052f45a432a38b73958,2018-05-10 12:51:56,110.32,7.64
c51ed3d77baf76974358a156521bbd16,2,d13a4acdb64c202e774e815db547e108,c70c1b0d8ca86052f45a432a38b73958,2018-05-10 12:51:56,110.32,7.64
c52b847a710480721b6c4def72048468,1,c10426af8413edc42015b10a76b43651,7040e82f899a04d1b434b795a43b4617,2017-12-19 20:08:21,79.90,9.37
c535905a60628bab8a2b2a69375180ed,1,e5be5333cb5acab251c28955c22b9fbd,00720abe85ba0859807595bbf045a33b,2018-05-24 16:15:14,84.00,18.17
c5419fa3198a4e2caeb715ce9fe9a6e2,1,c6dd917a0be2a704582055949915ab32,7a67c85e85bb2ce8582c35f2203ad736,2017-03-17 12:58:57,99.99,15.46
c55bbd7d615f5734a0ac469376ff0778,1,d0a672bae47ae7c26b8e1e2ec152edcf,94e93ce877be27a515118dbfd2c2be41,2017-06-20 15:23:06,149.90,34.32
c5625e0deb904fd1ae3c6c4a3a4a55d5,1,e0fddcd9bdfbff9df8a8228f6a6346d7,77e4abfd739aed9c46480f90f81c0eb4,2018-08-02 02:05:11,119.00,8.41
c56ae3a36b8942fb185a2c02c46fba20,1,4c1e109ecdf58453de365d217cefa64c,4e922959ae960d389249c378d1c939f5,2017-05-23 22:22:35,120.00,16.60
c578990a35c5b8748fcd389179d04326,1,3fab9767a48fd2bbbf649feaab5b434a,b2ba3715d723d245138f291a6fe42594,2018-04-13 09:09:56,87.90,19.59
c57d4208bbf0984e623a7f5dc58b99ef,1,e0cf79767c5b016251fe139915c59a26,da8622b14eb17ae2831f4ac5b9dab84a,2018-04-24 14:35:13,29.90,7.71
c583b6157fc73464387efe2ff82ee1a4,1,3e935c981d34489d33ea5c721ab2e14c,044668ccd5316b12a7cf0d54a156e3e9,2018-08-27 21:30:01,35.33,18.40
c58f135d215cadb93a6648e61849ad15,1,5d4259625c11acce3dcc39c169037a9a,fac35d150712afb921ec59ac5f39bb11,2018-07-03 12:55:23,114.00,15.10
c5989f8c23c011b7b23df896a51fa92d,1,c7bcab3a7039340cf46705f43bab3ee2,2d50d6282f8aa2257819a77bfaa0efe0,2018-07-04 21:31:38,45.00,19.51
c5a04e8b14a30499f45857da5edfea7e,1,99c3deeef8923c1036a30a5abed9071c,ac137bac82ffa8548e62bd9d01d2a14f,2017-05-26 20:55:16,49.60,9.34
c5a06d75e7ddf0ed779053a64ee08c7e,1,2b7aa376a6e728560bddb5558cc48e89,7c67e1448b00f6e969d365cea6b010ab,2018-01-29 11:09:38,116.99,14.57
c5bdd8ef3c0ec420232e668302179113,1,134957eeec87be2414ac629ee0b947a4,87142160b41353c4e5fca2360caf6f92,2018-05-04 02:55:22,19.90,11.15
c5bdd8ef3c0ec420232e668302179113,2,8a3254bee785a526d548a81a9bc3c9be,96804ea39d96eb908e7c3afdb671bb9e,2018-05-07 02:55:22,0.85,22.30
c5bed3a385f406c503841fed148952b9,1,b86dc01954a679a35c813184d15c4e8e,c0aff2da32c17759d30b22fb0af6649d,2018-06-27 03:31:46,69.90,17.42
c5bed3a385f406c503841fed148952b9,2,b86dc01954a679a35c813184d15c4e8e,c0aff2da32c17759d30b22fb0af6649d,2018-06-27 03:31:46,69.90,17.42
c5c6c23c10d2df268fd5cd8c107ba622,1,43354a2ac9eca9f50cb31647c6d5516a,f8db351d8c4c4c22c6835c19a46f01b0,2017-10-31 02:14:12,99.90,21.19
c5d41b216e4b42500c5da2be17a74065,1,188d0b148e6d1c86faffe0d73c3f2dad,23613d49c3ac2bd302259e55c06c050c,2018-05-31 12:54:35,45.90,20.13
c5d41b216e4b42500c5da2be17a74065,2,8acbb05460d726307368e3fd43470285,213b25e6f54661939f11710a6fddb871,2018-05-31 12:54:35,129.95,10.06
c5e0223ff36f3c5128010ee14e7ee6d1,1,625dac8156b3157351e7257305148f3f,18a349e75d307f4b4cc646a691ed4216,2018-04-10 13:47:30,23.99,8.88
c5ed4f8b9ee1ac3e8f7711fbe0df3541,1,a6b56b20f93907299eef6ea711338269,729f06993dac8e860d4f02d7088ca48a,2017-08-07 18:50:20,144.90,14.41
c5ed4f8b9ee1ac3e8f7711fbe0df3541,2,3bbacbe586e957acbf26c63b3ed532a3,729f06993dac8e860d4f02d7088ca48a,2017-08-07 18:50:20,144.90,14.41
c5f424c38dfa71a2340c9a98e4d6f48d,1,08208bc1d6a06c114cb662f3b2c95e05,b2a6d334e2833acea353624840e25a0e,2017-08-27 21:45:42,8.90,15.79
c60a42174ebe36481da792fbb7da904f,1,7c0a2a31bc479e366fe9fee1f5bc62b3,5c243662ce92d84573bfaff24c3e3700,2017-04-27 23:50:17,136.90,21.04
c60a42174ebe36481da792fbb7da904f,2,7c0a2a31bc479e366fe9fee1f5bc62b3,5c243662ce92d84573bfaff24c3e3700,2017-04-27 23:50:17,136.90,21.04
c60bade0a2a45f8db2535ad71baf5089,1,f9259c9e7c0f12c70f7a81409680a5ff,3db66a856d18a9cba7c9241fc5221c50,2017-04-27 17:30:13,69.90,15.70
c60c1ff560443153d7f50771e5fe9b92,1,ee3d532c8a438679776d222e997606b3,8e6d7754bc7e0f22c96d255ebda59eba,2018-03-01 02:50:34,100.00,16.46
c61956e742b7b9e644a1f4ed0f6f941d,1,c19d5ba108c34b8255cf9a524da92bc4,4e922959ae960d389249c378d1c939f5,2017-06-12 17:05:12,75.00,12.03
c62b6637a1c509d71c093e1e950c2ece,1,46957faa8ca08af2cb0e35f42fac6141,17e34d8224d27a541263c4c64b11a56b,2017-10-06 18:28:18,149.90,16.68
c6375a52330f2050e91fdca954b2e817,1,4298b7e67dc399c200662b569563a2b2,4b5f66b7adcf57f1ecc0d3c07dd6b177,2017-05-11 19:42:12,169.99,17.63
c645c38b97d82c6a042adcf18df3daf3,1,c853cdc7ab9eab59b04f753cd9a2f27b,8e6cc767478edae941d9bd9eb778d77a,2017-11-30 13:33:46,23.70,16.11
c6697f0b5a341cb2e357e996c100664a,1,ce70f38a331fdfa7ff89181756f091eb,0ed6ce5d87fd9c69eaacaeb778d67235,2017-12-07 02:39:22,114.90,17.05
c6772701a7cff60ffa313b5854c7d503,1,76ce2d2f67361c55ac7b28fc2f10dc8c,16090f2ca825584b5a147ab24aa30c86,2018-08-10 14:04:56,1460.99,17.49
c6945bf7e920d9832c4e4402e57baabf,1,707bca6b5d739372cad12a1694ca7d0b,ececbfcff9804a2d6b40f589df8eef2b,2018-05-07 16:55:32,81.25,18.45
c69e067f9b64eea56517834d123baf0e,1,34dabb8af33b3756cf72df05fb327011,e62b2d6ac10570a035a30bafcf01d263,2018-03-01 17:55:25,52.00,14.11
c6a2bdf8fa25475ae4031f5138c716fc,1,5742ee1a5d941486111ab986f6611735,99a54764c341d5dc80b4a8fac4eba3fb,2018-08-20 17:25:22,39.80,56.61
c6a79749006273a0aa6567ddfd275527,1,ae1d83f17a79da9d43ac1284316cbf2b,95e03ca3d4146e4011985981aeb959b9,2017-12-08 03:34:16,49.90,16.92
c6b91873827689f33c1a45cd4bccd049,1,d04857e7b4b708ee8b8b9921163edba3,9f505651f4a6abe901a56cdc21508025,2018-07-20 02:41:47,69.99,8.65
c6be81e3c1e9e15e5893e19d7ce49647,1,88d524b8b5576da63abf7b16bef48a39,2a1348e9addc1af5aaa619b1a3679d6b,2017-01-30 20:15:14,48.90,14.11
c6bf66e37e4bdab5ad532291c72a1d71,1,06976617d8c5e71de4f3c2d93e788fd5,dbc22125167c298ef99da25668e1011f,2017-06-29 21:15:23,102.90,17.97
c6d53b50b9624bf6575b96607dd5b109,1,a037c98ed926711d7513cf779d788536,16090f2ca825584b5a147ab24aa30c86,2018-05-22 23:50:20,42.49,18.23
c6f02030f6bc633b8073c50178eb2833,1,349ce46a0e2e20054aa9d80c48af8816,d6b1ce66b035a475f00c017792ff9769,2018-06-29 12:31:42,169.99,23.99
c704edad3eab2ddaaabdf3fc283d9b67,1,a7216be504e1ff211b67479ab193a552,a2e874074c877c5a05abae80ad6e488f,2018-08-22 09:04:27,69.90,21.13
c70cb30c4935057ce1fe28f7f1226507,1,6cdd53843498f92890544667809f1595,ccc4bbb5f32a6ab2b7066a4130f114e3,2018-01-15 14:01:27,349.90,19.70
c711d7f26c4563f427379e7ed3bfdc51,1,466d5f5de92846a9674f3b34b3b922ad,cca3071e3e9bb7d12640c9fbe2301306,2018-03-30 11:28:43,89.90,23.21
c724a4299403a06db6a91f12801f845a,1,60495adb1f1a49c8aea75e5e56a47a48,0df3984f9dfb3d49ac6366acbd3bbb85,2017-12-11 17:31:10,92.90,17.22
c72727d29cde4cf870d569bf65edabfd,1,ee2f96cb63d491d963a67285f048775a,fce62094ffe6a4009188ec44e681dfdd,2017-05-12 17:01:15,25.90,26.09
c7550d69fe9004d827208e1e40a32bb0,1,3e0bf199429e16f10824e5fc7dd33213,5656537e588803a555b8eb41f07a944b,2018-05-04 16:31:05,24.89,17.06
c75860f1d422b9efcb29383df98932f7,1,adf591c625cb265c12bc6749d3a2f757,a420f60ff1aa9acc80d0e42959f2b313,2018-05-10 04:11:36,29.90,15.23
c76d2d304f60e2fd258910e47c8dc5f8,1,d8b8e82856a488b2cf5bcf21407efa8d,1f1bb1f0859883505541bdd6606193e5,2018-05-16 21:16:02,299.99,19.98
c782094350460d47f0f37a41f40858ec,1,e4d325bd1eea550509bdbbc5c3301fc1,7178f9f4dd81dcef02f62acdf8151e01,2018-04-24 02:30:47,379.90,20.12
c78b46b9e5371e47b97a2bb7eb4740a3,1,764292b2b0f73f77a0272be03fdd45f3,bd23da7354813347129d751591d1a6e2,2017-12-29 17:29:00,89.90,11.83
c7b50349c671aee4a4e97aff1c8188c5,1,e03102efbc2229024c89be731f0aedcb,2c9e548be18521d1c43cde1c582c6de8,2018-08-28 20:30:44,39.90,29.03
c7ba0cafd5334b18b4103846dfd723d4,1,3eef0cb94ba82de806bb30ab743c7655,7c67e1448b00f6e969d365cea6b010ab,2018-04-19 02:15:13,79.99,19.90
c7c3e79f06b8145a28173b23f581f84f,1,d1c427060a0f73f6b889a5c7c61f2ac4,a1043bafd471dff536d0c462352beb48,2018-07-19 22:35:22,119.99,44.64
c7c5b66918c24322e797d5dc87caebd1,1,e338f548cda0b52650b9acfd317a74db,cab85505710c7cb9b720bceb52b01cee,2017-08-08 19:35:14,54.90,7.78
c7c6ca7db4f3b52d2fd70aeeb13d8e69,1,1dfb36d969d347f56f43590ec42c7b8c,7f152321c60a266edc53af1925ef96c1,2018-04-11 15:09:59,159.99,58.73
c7cd3c19aef809218b54579be10b4209,1,7b975b7dc4f3286d95d68fd499f20cae,744dac408745240a2c2528fb1b6028f3,2017-07-13 19:25:11,278.00,43.98
c7e64bed5496438226ce2932abd058e9,1,e2a874b1b8340b4038172b1925afd914,784ba75dd9d20200c4caed3d7a77141a,2017-04-23 23:50:14,92.90,47.15
c7fbc344dbbad59f3446f56555ed649b,1,0bdd9a52d192d64770e33ae559512478,6560211a19b47992c3666cc44a7e94c0,2018-05-11 17:29:37,55.00,7.39
c80bee063ac8e261dbf244fa3f710329,1,8cce4274f3868305ba6a25454b9cb2fd,65b081a070633e057c462abdd6fb9dd8,2018-03-15 12:48:46,52.99,18.25
c85ea30e9a24abecb353caa26294c81c,1,095cb863f2b04911455ad33f5177062e,2059c39f76271d4ca3f15b5ffaccc8b8,2017-05-03 09:35:23,53.90,19.08
c879afbc0d85767d560c8ba52481a01d,1,952e73f7e8bee61569a32b35c19bc981,7ad32824caee82087b3e2e5f33b1bf32,2018-06-11 14:15:24,50.00,13.71
c87aeaf4ab89100adcaee5b3123408fe,1,d8dd9c0b7decc04a3112159b4e6cf7be,4b9750c8ad28220fe6702d4ecb7c898f,2017-10-24 11:35:26,48.90,12.69
c87d7a80e2ec732b00980f3ea7961603,1,3225c54bb2785c33f49f50398fcdb88c,4869f7a5dfa277a7dca6462dcf3b52b2,2017-12-26 11:16:27,299.00,16.84
c87d92d5c64c70c79d7cadac8d53ee3a,1,0268130c8c3e3cac87b5ec4931348c73,02dcd3e8e25bee036e32512bcf175493,2018-08-31 03:25:20,139.90,16.05
c8bac0f86737c4d00dd169cec03acf71,1,eb7172d8a3c64298d2d767f6603c231e,725c32fa80c2faacc4fc88450d27314e,2017-11-17 10:46:27,44.95,11.85
c8be1a5ee02f0d4bfb401c7194b607e7,1,076e36bd0e2aebb35184d08c8e0f032b,e333046ce6517bd8bb510291d44f0130,2018-02-26 12:45:25,33.00,15.98
c8c288995f09b4167f89687f7535c75a,1,362b773250263786dd58670d2df42c3b,4c2b230173bb36f9b240f2b8ac11786e,2018-02-05 04:30:50,49.90,15.10
c8cf9cd92734a5803265426a94989d0f,1,a92930c327948861c015c919a0bcb4a8,6560211a19b47992c3666cc44a7e94c0,2018-06-28 14:30:48,78.00,15.65
c8dfa9b022c03c9dbfe5e0fc504243e7,1,1600dcf1cea8c0c83702e07b577ab231,6560211a19b47992c3666cc44a7e94c0,2017-12-28 07:58:25,44.00,15.10
c8f21ae0d8ea0dc3d6cbd9ef66d4981f,1,2de5cccebd19a4c9731ebf3a29f8da53,ca3bd7cd9f149df75950150d010fe4a2,2017-05-16 11:03:05,78.00,15.66
c8ff0e33e2f8df953767f28065a3a6e0,1,20531b0644a0719b8d506c4db3c56609,ce7d1888639e6fb06b2749cbfdac1ff7,2018-06-17 22:16:20,138.00,59.98
c91097d5f017e8117c4930db4bc51c66,1,f1d4ce8c6dd66c47bbaa8c6781c2a923,1f9ab4708f3056ede07124aad39a2554,2018-04-29 22:31:11,169.90,48.02
c911e05e122d374b5c4e8af53751f999,1,96d80c8b6c6545a30eb5bdc4961455f3,c9c7905cffc4ef9ff9f113554423e671,2018-06-11 23:30:02,119.99,22.55
c93b7187ba63d7094c9ca0ad7c094f0c,1,fd76f22bf3648e0dd4295e593def7664,6d66611d7c44cc30ce351abc49a68421,2018-03-07 03:10:40,39.90,17.60
c93ff60dbb02e26f340bbca4b680435a,1,224f4ce3262279a31db214df54befe1b,06a2c3af7b3aee5d69171b0e14f0ee87,2018-07-12 21:10:59,64.99,51.18
c942c43e79ea8433aaa067e3c8f0fb75,1,b4b817e5f2c4efc8253b4b679c653847,972d0f9cf61b499a4812cf0bfa3ad3c4,2018-03-21 10:10:26,91.20,27.37
c96bee3fe3caeb224420da7bc815b0fe,1,7fa380056f1fbd883cc80a75e60f207b,7c67e1448b00f6e969d365cea6b010ab,2018-08-09 04:55:27,159.98,49.49
c97e64988f3d2b091838bb2815fc246b,1,2b301a96f8ae692b3157360f621b658f,269c5fc9fcadee614364c3620c30a1f9,2018-08-08 18:35:15,29.90,7.51
c97e64988f3d2b091838bb2815fc246b,2,2b301a96f8ae692b3157360f621b658f,269c5fc9fcadee614364c3620c30a1f9,2018-08-08 18:35:15,29.90,7.51
c981128521975354988b8e88309a898d,1,c615ac0ef96d723029051d29d7cd2d16,a416b6a846a11724393025641d4edd5e,2018-08-09 18:31:15,253.57,38.69
c99ca23474e04e001665cd9439b59dca,1,0aabfb375647d9738ad0f7b4ea3653b1,37515688008a7a40ac93e3b2e4ab203f,2017-10-30 10:05:59,19.90,15.10
c9a88d4905eaf518dd4a6fb776134990,1,e357a8646a17191f03fd9f833a0fa29b,bd23da7354813347129d751591d1a6e2,2017-12-11 04:17:28,99.90,11.90
c9b08bd33d449366d3b89454a3071b98,1,829002c1d5f40820ebbc6ecd4bcdf3ab,1025f0e2d44d7041d6cf58b6550e0bfa,2018-08-15 15:05:17,150.00,42.03
c9b4d99b4e9c827fbf0a40d2aec43d89,1,ba85af910c6f4624929eaf3879d72321,59b22a78efb79a4797979612b885db36,2017-08-03 18:45:18,59.00,15.16
c9b4d99b4e9c827fbf0a40d2aec43d89,2,ba85af910c6f4624929eaf3879d72321,59b22a78efb79a4797979612b885db36,2017-08-03 18:45:18,59.00,15.16
c9bfc156368eb14aae98ebff0ee377da,1,f6fa93875f4a7dac03e0a22143f4d815,391fc6631aebcf3004804e51b40bcf1e,2018-05-25 08:16:14,49.95,19.32
c9cb31bb489f9ed567f42b13d15d8d28,1,8580e348f827bc4699d12de9afc2305f,54a1852d1b8f10312c55e906355666ee,2017-05-25 20:25:15,21.99,17.63
c9e77b39e9de73578b21ef93a26f3905,1,a2f28e3d47bd6d7d334089ebebdd55e2,f45122a9ab94eb4f3f8953578bc0c560,2017-08-25 14:50:15,499.99,35.95
c9f987ae7f8399dffe6db135d4cf9289,1,ea44caac707f7f1325182a538007f838,855668e0971d4dfd7bef1b6a4133b41b,2018-01-29 12:18:01,52.00,16.61
c9facf1957d4cfd6bf178b54fff813f5,1,98d61056e0568ba048e5d78038790e77,8581055ce74af1daba164fdbd55a40de,2017-06-26 14:50:13,169.00,19.07
ca207209c40b29d76714f77acf8189e5,1,7e5fe07db814cff1e50a7561a10e37ef,1900267e848ceeba8fa32d80c1a5f5a8,2018-08-22 11:30:49,32.99,12.89
ca4ced509eae117b7d3823b4ce2467dd,1,2d68dc900969487798076d5f21c1090d,5c853bb56f70f4d14218944bae111d7a,2018-08-14 04:15:26,12.99,18.23
ca568c428649f0aaaf41519c7010f093,1,ccd42132afae2f1f5bfd5e27549c6ece,d566c37fa119d5e66c4e9052e83ee4ea,2018-08-21 15:49:20,65.90,18.56
ca568c428649f0aaaf41519c7010f093,2,ccd42132afae2f1f5bfd5e27549c6ece,d566c37fa119d5e66c4e9052e83ee4ea,2018-08-21 15:49:20,65.90,18.56
ca61d72c0b9e1072b94af79bac8ff610,1,39f3ae59da5b8f220b4a98a157b93af2,4a3ca9315b744ce9f8e9374361493884,2018-04-02 14:28:56,143.00,18.88
ca65e3c6e57d9268c00fd2a65cbd14d0,1,d97f2d7642b06661e99578b3455f5d58,f8db351d8c4c4c22c6835c19a46f01b0,2017-06-12 16:02:49,25.90,9.27
ca674a7cd949c98c9e02bc4c5922836d,1,d6783a6e939059f756562de164efc447,e6a69c4a27dfdd98ffe5aa757ad744bc,2017-02-13 20:19:47,6.57,14.52
ca67ed4e41d10ddfede1632c9ccc1c8b,1,e6b6e13cf71449a457269f425b89dc74,b2ba3715d723d245138f291a6fe42594,2017-10-16 16:14:27,98.90,14.44
ca757dbebcac3d3bbaa4eb7ea0f699c8,1,65c61dcb0156cdde1a197f99b91488e2,66dc1b1632bd6a3e508510c5b3492107,2018-06-15 19:55:29,249.50,39.80
ca823578aa819296a9581dee40fefb60,1,3f98320412a131f7346baa2aa2de7540,e2aee0892199b1d92530e371abd825bf,2017-05-23 09:55:19,119.90,138.91
caa18d06d1387d719412906fd4cb2063,1,777d2e438a1b645f3aec9bd57e92672c,4a3ca9315b744ce9f8e9374361493884,2018-06-26 15:30:55,69.90,14.07
caa6045d366628b2fe9115e7e99bd399,1,6c9e39d79ed78d8a01bd1e8ffc551a40,46dc3b2cc0980fb8ec44634e21d2718e,2017-12-13 15:31:54,249.99,16.51
caae7bbaec61968f200bdb5a27df0d4b,1,6e7068f054aef49b1900247c5c1b752b,b4ffb71f0cb1b1c3d63fad021ecf93e1,2017-07-28 17:55:15,43.70,11.85
cab82738404ec4bf9389ddd56a7aa784,1,58498763fb69f0f0bd09bad43b2ee3f4,bacb1f0ed56ad24198f5810d2b3fe9a5,2017-08-07 00:45:21,159.90,14.51
cac7e309df39d1f200b8ca086c4ab624,1,404a57563d487aecbc2b1a01d9b89aab,4a3ca9315b744ce9f8e9374361493884,2017-05-26 14:05:16,220.00,13.04
caca64f71d73695719939294fa88c791,1,7a054d17dc450583ed639068a9298afd,1025f0e2d44d7041d6cf58b6550e0bfa,2018-08-30 21:44:16,326.00,45.42
cad42b09c7b0a54df0097a65da14d324,1,192f2d6f10ae35f57a57be5fc1ae7d56,25e6ffe976bd75618accfe16cefcbd0d,2017-05-11 19:22:20,78.75,15.11
cad9cc97c8f0878b65c04815fb985252,1,5b226d7c52f86ac72457617f78cff95d,1835b56ce799e6a4dc4eddc053f04066,2018-07-31 02:35:10,80.00,52.91
cb00f9d32f51bf65823f130e9c146173,1,bbaef2eadf31fe3ea6702077398be06c,cc419e0650a3c5ba77189a1882b7556a,2017-05-17 10:02:04,56.99,15.15
cb3fd1d04f967b6c2d2fbb8f50970c8f,1,6030a4783b8f3adc3d0e392b0df67064,2e7ea2aafec5835e781b21d6d1faf1f1,2018-08-28 21:55:17,65.00,13.12
cb51128a709fc24d52f27aa407697411,1,e297db380aba505a729f00cd61b149d9,1976a05ecf2996d6ffb7b5430e635fe7,2017-05-04 12:35:41,89.80,12.02
cb53f0b6e8f9082a9f5a113765dd1236,1,8cfc3506cedc0626364457d254429118,dbb9b48c841a0e39e21f98e1a6b2ec3e,2018-06-11 22:50:09,89.99,7.49
cb599c234fc71be7c137179b6d473a30,1,394e7e390f3282732faa3a73a6033c3a,2a84855fd20af891be03bc5924d2b453,2018-02-05 20:32:15,35.90,15.10
cb667db7bf699e2940c1ccdc16ef7ec7,1,3db75f31b76375c502f64d550dcd1166,85d9eb9ddc5d00ca9336a2219c97bb13,2017-12-15 02:18:30,31.90,16.79
cb6c7e4c5890bba3ee99ad3f97877d9a,1,dee98cc0394b12aefccbad334b415c10,b1fc4f64df5a0e8b6913ab38803c57a9,2017-09-04 17:25:55,55.00,7.94
cb6dff9394d43eeebcff3c8caea9375a,1,c73628b1c3144b2e0c9c88072f21a213,3f995f07c49d0d55a99d5c54957f7d81,2017-06-13 20:02:05,99.00,15.45
cb70b6a0c936ad1d4abaf743ee8f36c5,1,25437c6ccd9cdc28db375f821881224f,530ec6109d11eaaf87999465c6afee01,2018-05-09 04:52:39,89.90,23.21
cb71499c074fd6946adf7562f592ac25,1,da686d15de3ee88de081bd159b031e47,080102cd0a76b09e0dcf55fcacc60e05,2018-05-02 20:55:36,59.99,13.54
cb71dc72237d3c654e1ac60c2ea343e2,1,2b7fd8137a4b6427e3547cd05d3aca49,8b321bb669392f5163d04c59e235e066,2018-06-27 15:18:22,16.50,7.39
cb71dc72237d3c654e1ac60c2ea343e2,2,d272d0921188b0bd91542d704b21404e,8b321bb669392f5163d04c59e235e066,2018-06-27 15:18:22,11.55,7.39
cb740e05716c376f1e99f0509fad75c7,1,df4495e4ea59aae2f22d349cf4b9ab19,4e0d109ccfba9a1151c103049880c857,2018-06-08 17:50:33,180.54,53.39
cb896c46d38595d3eef1b8aacc192997,1,1468c44dd6c3ecaa8e9b12a8a2a7ed0c,7e93a43ef30c4f03f38b393420bc753a,2018-02-27 10:31:45,155.99,34.89
cb9f1593718b376b364bf688ce11d3b6,1,d7e446a8f36339b1a9d059d1237159c1,f76a3b1349b6df1ee875d1f3fa4340f0,2018-03-12 11:50:45,186.00,22.14
cba1b88e10f4504583b2b9750ac67e03,1,70120d2f9b9193aa0030342072d8adec,92eb0f42c21942b6552362b9b114707d,2018-01-19 12:28:19,32.98,7.78
cbd72cbf159870fc637be9db5374ab3d,1,b667e64d366991432e4c9c45ec4d6d1a,c3cfdc648177fdbbbb35635a37472c53,2017-05-29 09:35:10,55.97,9.74
cbdf436a9a9c8213157a125b91ef27b9,1,b5b5a82ce5f1987b7e670f37629be51b,8b28d096634035667e8263d57ba3368c,2017-09-28 02:25:35,59.90,13.44
cc008d324278200689ee451a547b97c3,1,027cdd14a677a5834bc67a9789db5021,620c87c171fb2a6dd6e8bb4dec959fc6,2017-02-05 12:34:54,99.90,11.31
cc0c05a1ab5fad72c351bd0ca1b10fc8,1,64f905cf518f84bfe0fbcc33bf6f0e9a,7b07b3c7487f0ea825fc6df75abd658b,2017-07-05 19:35:20,159.90,12.32
cc2bc03e269a96d61ae2718d55e19350,1,437c05a395e9e47f9762e677a7068ce7,f84fa566034f5e8e880a07ec624c56af,2018-03-15 13:15:27,47.65,7.39
cc39eb27597876b3ad16c246ffcfd8de,1,da6f9d8ce4950ad572b7b4fe7d7e6c90,8b28d096634035667e8263d57ba3368c,2017-10-13 08:49:14,97.90,12.19
cc4262265ee51b6f5d446e6218149391,1,5fa991da1a11c022322b1e732d9f5d6d,382229d1e840115ffe3dbf5ff460e417,2018-07-25 09:19:25,169.99,10.12
cc427984e779c3d1dd7e082f39a98fc6,1,9bc0b0cf5d074be7d532d216a92ec874,731ef20c231d9a7103a425e83fd91271,2017-11-03 21:10:17,564.00,133.88
cc427984e779c3d1dd7e082f39a98fc6,2,9bc0b0cf5d074be7d532d216a92ec874,731ef20c231d9a7103a425e83fd91271,2017-11-03 21:10:17,564.00,133.88
cc5a9c86cbb61d7baebfde35e243a2a9,1,6f67fbf87e4b17a1aa8abfe2a0ffc7e4,7e93a43ef30c4f03f38b393420bc753a,2017-11-21 21:15:21,529.00,17.45
cc5aa8cda6decdb7d61ad7ac55767ec3,1,bbdb487c5f9a780a6a574fe48ed37796,aaed1309374718fdd995ee4c58c9dfcd,2017-08-25 13:15:10,119.50,27.38
cc6c9b89f70b32d7fe075718e0fc58e7,1,9da950e8c8c482441f1b93955b21c827,ceaec5548eefc6e23e6607c5435102e7,2018-02-09 10:52:24,215.00,21.00
cc7a01248e3779979631ce8dea5c8292,1,4f28b40a0f7af9ad723f8787a46a4643,aafe36600ce604f205b86b5084d3d767,2018-03-05 04:20:27,89.90,17.20
cc80504e2db2b7b744e2bfe2450c95d3,1,0fc6914383c2bea767a9562c9d8b43a1,8c16d1f32a54d92897cc437244442e1b,2017-03-14 02:05:08,44.99,14.52
cc91697062f893c9903a248153c34e8d,1,4520766ec412348b8d4caa5e8a18c464,16090f2ca825584b5a147ab24aa30c86,2017-10-19 20:49:13,40.00,25.63
cc97c71d908caa2c0b5754b35ebaccd8,1,722dc14e0848efdb771dca6de2929c41,7178f9f4dd81dcef02f62acdf8151e01,2017-10-11 01:56:15,79.00,42.58
cca5e85092bfd9c1cb6c4d936cd86ecd,1,8562e2c780a345b609e1b802d7e3e4ae,8160255418d5aaa7dbdc9f4c64ebda44,2018-03-22 16:29:23,79.90,19.53
ccafe6201982b2369baac3ad28c67188,1,642247ccf62585635cefa1bf09f59b94,d2374cbcbb3ca4ab1086534108cc3ab7,2017-06-26 22:42:35,65.90,10.31
ccafe6201982b2369baac3ad28c67188,2,8c7fe240bfde64b6a20eec6fdb986b1b,d2374cbcbb3ca4ab1086534108cc3ab7,2017-06-26 22:42:35,76.90,10.31
ccafe6201982b2369baac3ad28c67188,3,4b7528d093f5acaec2a072366a4106bc,d2374cbcbb3ca4ab1086534108cc3ab7,2017-06-26 22:42:35,82.40,15.46
ccb984d3f0888287bc92e0b18bb9527a,1,2eb2543712366c95191841792a725a23,5a05a16bb50629ee31afab8a6d4c2674,2018-07-03 12:35:14,49.90,18.45
ccebf8871fd33d082a64082120ce4e80,1,1c1890ba1779090cd54008a3c3302921,6edacfd9f9074789dad6d62ba7950b9c,2017-08-10 06:45:15,111.90,11.99
ccf9f826a9a2889f396bc19425443c9c,1,606a5b6dec14661643801e2cbf308b04,9674754b5a0cb32b638cec001178f799,2018-02-06 17:30:26,57.90,9.34
cd076ae3646af3e93e3deb91b8454c6e,1,64d0feb1bcf9c7fe7b5dad3271c10910,e5a38146df062edaf55c38afa99e42dc,2017-12-21 19:31:13,89.18,15.38
cd327d6285b9ec84417e1b5e76bd97ff,1,ac32162917f9c1842336f4018493fb1d,f45122a9ab94eb4f3f8953578bc0c560,2017-11-21 02:55:51,69.90,16.25
cd3558a10d854487b4f907e9b326a4fc,1,fa23bf270fb9880690b07d09b9f9ff20,1b8356dabde1d35e17cef975c3f82730,2017-04-18 08:50:12,59.99,11.81
cd408efeda0fdd3fe5f27134bd065001,1,f0f464c1300173b9ed4aeacf16840936,0be8ff43f22e456b4e0371b2245e4d01,2018-02-14 22:30:25,129.90,9.10
cd44196e80474114b859765d62f12ddf,1,caaa713799b547352795c831a14f1c3c,53243585a1d6dc2643021fd1853d8905,2018-04-19 21:55:15,849.99,39.94
cd4949eac210d110de63aa0479dcfba1,1,fd220f6fd5a3f13ef9db07428f9c935d,a3a38f4affed601eb87a97788c949667,2017-05-03 12:34:59,79.90,14.73
cd5b7d5b405a2cee7a15972eaa47f1d3,1,ffc9caf33e2d1e9f44e3e06da19085f7,d06d019f72a04e5497a0b64190af170c,2018-06-01 12:31:45,224.00,9.92
cd5c1268e844dba45efdf51b22570143,1,e294d8786e16a7a67e98e5fd412e2e2e,14d7985702e72162bbf13b6beb74ab2b,2018-04-11 01:47:31,60.00,7.39
cd673cc8b988fac75a5cda1e06e4593d,1,2fd91ba79b5f4f8342b67bd79cb54b3f,a673821011d0cec28146ea42f5ab767f,2018-01-30 19:57:30,49.99,15.11
cd6764d145d06aa99b4d3e54afe203b6,1,83ad269665a5be4f1e69a2f13ab39553,0af977692321d895349eded183341d28,2018-04-05 03:27:26,165.75,10.08
cd6abb02d781babd935ee80555d3972e,1,0b6a32b32a7dc68b12e8a0e0805c44d5,fa1c13f2614d7b5c4749cbc52fecda94,2018-03-07 23:28:38,195.90,8.63
cd74303942bee59edc3379f0a6433c62,1,aaa391b7c35a628a6318851e8e933e0b,e5a3438891c0bfdb9394643f95273d8e,2018-04-13 14:31:02,20.30,18.23
cd747ef99d8317de4ea4eda3de915865,1,060cb19345d90064d1015407193c233d,8581055ce74af1daba164fdbd55a40de,2017-04-13 03:50:13,147.90,18.33
cd866ebb9aa10bfa70f22d11e82bc4e9,1,3258acb04d37e2f91f76c9250f3b80a0,c70c1b0d8ca86052f45a432a38b73958,2018-07-11 16:05:22,110.32,23.49
cdbd981121b82988cdb4bc8229598984,1,70aa499facb0946dc40ff974166fd522,55f7a3319d80f7fdf078b8f03e6725fe,2018-07-30 04:25:23,129.49,22.21
cdcdd974adb1606df89687f10cf130eb,1,7cb2ff3193293db892fd5697aa99a19b,391fc6631aebcf3004804e51b40bcf1e,2017-12-04 03:23:26,24.90,16.11
cdcdd974adb1606df89687f10cf130eb,2,7cb2ff3193293db892fd5697aa99a19b,391fc6631aebcf3004804e51b40bcf1e,2017-12-04 03:23:26,24.90,16.11
cdcdd974adb1606df89687f10cf130eb,3,7cb2ff3193293db892fd5697aa99a19b,391fc6631aebcf3004804e51b40bcf1e,2017-12-04 03:23:26,24.90,16.11
cdd1432a23108f3aff0acc23792b8285,1,d06466afa11453b6450b70992c90ece7,db2956745b3a8e9f3785c99f34b5d25e,2018-05-17 03:15:15,208.00,10.37
cde556d2719b7e857f50e3f235f0460a,1,99a4788cb24856965c36a24e339b6058,4a3ca9315b744ce9f8e9374361493884,2017-04-13 21:25:13,89.90,25.12
cdf0571d960505817e8a525040584ae9,1,867dda95bbba37fe56fa288449fa122f,d2374cbcbb3ca4ab1086534108cc3ab7,2018-06-28 21:58:30,49.90,13.93
cdf746aa8492ace4e8785a606adf00f4,1,71540d636652fc682032d3b3c0a180c1,213b25e6f54661939f11710a6fddb871,2018-08-20 23:50:19,119.85,23.64
cdfdb4e7e805636ed4750f8dc333b01a,1,f819f0c84a64f02d3a5606ca95edd272,4869f7a5dfa277a7dca6462dcf3b52b2,2018-03-20 03:31:39,579.00,18.14
ce243573aa83a8e70bb99ca6133a210e,1,d3796e73f7d260e45f5d5b9dc1c5a7a1,41b39e28db005d9731d9d485a83b4c38,2017-05-29 16:23:09,139.90,25.82
ce2d0e7e8a249b93d3cfadb57113023f,1,2445809bff82fdb8780c5f4e5c0d7686,651fe66032c9520ee5587f694908040d,2018-08-20 18:49:32,59.00,13.75
ce34eeaea4785aa1d4b7004019247aeb,1,37bc5c7b7dca15cfcbe282fb0dd0bab3,7722b1df1b0e383e000397b2c11e3e19,2017-09-14 02:45:31,19.90,15.10
ce44954b3198c35bbf785d9c95e28aa5,1,194d0a84a60aad8916173c4d611f6450,44073f8b7e41514de3b7815dd0237f4f,2017-06-15 16:45:12,230.00,17.05
ce44f44ee93f1deea42e493e84b5cd63,1,53759a2ecddad2bb87a079a1f1519f73,1f50f920176fa81dab994f9023523100,2017-10-12 23:28:07,59.90,17.67
ce44f44ee93f1deea42e493e84b5cd63,2,53759a2ecddad2bb87a079a1f1519f73,1f50f920176fa81dab994f9023523100,2017-10-12 23:28:07,59.90,17.67
ce4d8859d85000477949b11c78144074,1,8058b0067728a211c68874081e7352d4,41da412d33e8da4f22baf55cb1bde82c,2018-03-13 02:10:26,39.50,17.92
ce5586df181549ebde007969801906c8,1,9592ea6bf88d20db726179927bbefeb2,7722b1df1b0e383e000397b2c11e3e19,2017-11-08 03:26:25,49.90,9.34
ce6773b2916ebbc43dcaa762c0c6f9b2,1,f6f1acecb8770430b76a87fae1c522dc,5d0363b33554b373851fc1622e4d5f3c,2018-08-08 19:31:34,23.99,7.43
ce699ae4abc92356538ece036da1045d,1,f302b45f5aa089951788558a689713de,d12c926d74ceff0a90a21184466ce161,2017-10-03 14:56:17,49.90,14.10
ce6ce659b1584fb64a7ee077d764a37c,1,19c91ef95d509ea33eda93495c4d3481,06a2c3af7b3aee5d69171b0e14f0ee87,2018-05-14 17:11:50,119.99,62.87
ce80533c6ef9cf6f226eca01ac2cabb0,1,26e4016b8946bc71f7294154866226df,85d9eb9ddc5d00ca9336a2219c97bb13,2018-06-26 21:32:15,22.32,22.09
ce8157b7dce9a36c6ab802ad73f494e4,1,81f869ddb8b8e77514002be908adbacc,34056b8b55c1775a22af2331670a799c,2018-08-21 03:10:32,64.80,19.64
ce8d55aa1c206156fde37e062c716ea2,1,83b23a333b811855258c5ec9431f6d3e,1da3aeb70d7989d1e6d9b0e887f97c23,2018-03-18 21:10:31,16.00,19.95
ce9348af8cd4c5166a650a1c840f2b28,1,8cc4fe56312075f8c29550fcd66b0fa9,79ebd9a61bac3eaf882805ed4ecfa12a,2018-01-25 02:37:54,49.90,16.11
ce9a38787c8e09ef2239972b3149278c,1,ec2d43cc59763ec91694573b31f1c29a,1c129092bf23f28a5930387c980c0dfc,2017-12-26 06:18:24,45.90,15.11
ce9c02c63ccfd380ecd3ccf5e8894f96,1,ed2067a9c1f79553088a3c67b99a9f97,cbd996ad3c1b7dc71fd0e5f5df9087e2,2017-11-16 16:35:26,56.97,12.74
ceae0f133957c3337b7f630eb8bf80d9,1,829e27d905ccac1f24f6dd5c5898de89,9261d76c62caaf0b24677c2ceb7f8f20,2018-07-19 11:04:08,138.98,24.84
cebe9a3966a2fc8ffd1a3c5996678283,1,a92930c327948861c015c919a0bcb4a8,6560211a19b47992c3666cc44a7e94c0,2018-06-19 09:31:53,78.00,18.65
cecf84099dc3067ec87149ddac39105a,1,437c05a395e9e47f9762e677a7068ce7,7f7b8245c336066a1f9933c359f11d77,2018-05-14 00:12:56,49.99,8.64
cede91ea9b2186e794ef279d9aadd8f5,1,f690f2a1b0ea0a320db18661b6f24b6f,7142540dd4c91e2237acb7e911c4eba2,2017-10-02 13:44:09,84.90,28.99
cee3292f46ede6ea1dfabfcb200fcf47,1,1bfb290d7273a442c874dbe74b4abae6,7c67e1448b00f6e969d365cea6b010ab,2018-07-05 17:18:41,69.99,23.20
cee3292f46ede6ea1dfabfcb200fcf47,2,1bfb290d7273a442c874dbe74b4abae6,7c67e1448b00f6e969d365cea6b010ab,2018-07-05 17:18:41,69.99,23.20
ceecac582f10037ad46fd4fdc529e0f7,1,cd46a885543f0e169a49f1eb25c04e43,710e3548e02bc1d2831dfc4f1b5b14d4,2018-02-15 14:10:36,99.99,17.95
cefe510f726c2a8d6a5f0a8a515ebf50,1,e0f99475a79890b9adaa95ceac17c1cd,ef506c96320abeedfb894c34db06f478,2017-10-27 03:14:09,28.99,15.10
cefe70775d8821c8dcf166f843d38d1d,1,43423cdffde7fda63d0414ed38c11a73,b1fc4f64df5a0e8b6913ab38803c57a9,2017-12-26 12:51:33,59.99,15.17
cf0ace73210bae94d34fa3df6476e623,1,7cd29da0653abeb444703cc5a957f479,620c87c171fb2a6dd6e8bb4dec959fc6,2017-06-12 13:41:42,37.90,15.10
cf0e03e1812c8c676e5f37237bd08af0,1,5d10b3779b68d58be0fcc46a1ee79689,4559697a8f7e637227c2eeaed843baff,2018-04-11 11:30:15,169.90,24.12
cf14f34423154c055c6677b22cbfbf68,1,388ff2c827798649fc2a40fd7af129d5,e62b2d6ac10570a035a30bafcf01d263,2018-06-12 19:30:12,145.90,43.60
cf14f34423154c055c6677b22cbfbf68,2,388ff2c827798649fc2a40fd7af129d5,e62b2d6ac10570a035a30bafcf01d263,2018-06-12 19:30:12,145.90,43.60
cf26282d538d870cf5e212b2f6c572b5,1,154e7e31ebfa092203795c972e5804a6,cc419e0650a3c5ba77189a1882b7556a,2017-11-28 01:15:27,23.99,7.78
cf2cd23374d78a2bb4d6d6058fbc1d04,1,1d2e2390743b4ac67bbd2b5d95577e2f,7d76b645482be4a332374e8223836592,2017-09-27 21:05:58,14.90,15.10
cf34fe44babb9fd001a001acfa43cabf,1,40540b68d7fd077e46c33308fb59c2f5,4c8b8048e33af2bf94f2eb547746a916,2017-11-10 18:51:48,96.40,13.76
cf4b34a6cd499c3d352d90cee37795ef,1,2a2d22ae30e026f1893083c8405ca522,1a3df491d1c4f1589fc2b934ada68bf2,2018-01-15 15:14:19,148.90,21.53
cf56d3d1b65accb1412da2abc22ff4f7,1,65266b2da20d04dbe00c5c2d3bb7859e,2c9e548be18521d1c43cde1c582c6de8,2017-12-07 19:51:30,19.90,8.72
cf5dc40ae925414c07d1a74645ced6c2,1,72ba1b1e37ca92467fe787728625c76a,df91910b6a03bb2e3358fa6a35e32f6f,2018-07-12 14:51:16,219.90,30.41
cf5dc40ae925414c07d1a74645ced6c2,2,2a149f2dc4ecc44e7e34f558886d59e4,9315e491484b1b0081ca166fc164108d,2018-07-12 14:51:16,29.99,30.41
cf5e115a19c54f0457aa4c00fb88ae63,1,7adaa0b5d993f7bb16b13d385d131929,2b1a40c1daabc6ca280c4b815c101841,2018-06-14 12:12:56,220.98,24.13
cf85b1adbeb2de42677013eeabe3befc,1,1347d4320dcd0acd750e37bb3d94a918,ffeee66ac5d5a62fe688b9d26f83f534,2018-02-09 14:31:26,129.99,20.88
cfa24f77a1afcf0827e88b162f7cf0b2,1,9bb2d066e4b33b624cbdfec7d50b3dcb,5cf13accae3222c70a9cac40818ae839,2018-06-13 17:15:13,99.90,14.78
cfac974a41d4273d522456d2840dc2a6,1,2ac41de9b0580f84618e017249626a72,0241d4d5d36f10f80c644447315af0bd,2018-06-21 06:56:58,139.00,13.77
cfac974a41d4273d522456d2840dc2a6,2,156dc15f380f2c6fa999b386a90a8524,0241d4d5d36f10f80c644447315af0bd,2018-06-21 06:56:58,129.90,13.77
cfb3e7072452d771156c3fa588c1db10,1,5f90a946d1d1d997e9f4f85cdf90ecfd,8ae520247981aa06bc94abddf5f46d34,2018-03-27 10:48:27,59.00,18.29
cfc130b608476dd1cc71396ebc483e1b,1,94974b8c613bc6fae9700e6c01f626ae,de23c3b98a88888289c6f5cc1209054a,2017-12-06 22:31:11,165.00,13.49
cfed781f36b83cd848a78200091e54d1,1,04fa587378a8e74c3b0acc00efecc93e,c3251e13f1bbda6c74e37c160f991e19,2017-06-01 16:25:22,289.90,60.47
d00beb3dc9b2e213d9ea5ee30b0541f3,1,4df79064ddcd595b7c0ca80f9729a67b,3d871de0142ce09b7081e2b9d1733cb1,2018-05-11 20:55:35,79.00,23.13
d00d7bc5d6fa2124037aaf4eb5be0a0e,1,80a286e053c52c87a4900fba51ee5b05,79ebd9a61bac3eaf882805ed4ecfa12a,2017-12-21 02:51:33,99.90,18.27
d00fc126358622ba5ae0ba1a334b3bc5,1,5f504b3a1c75b73d6151be81eb05bdc9,834f3294fba9f932f56edc879193f925,2017-10-24 00:08:05,610.00,37.54
d01e880670a9a8612c1ad4ce4b56eb26,1,5a6e53c3b4e8684b13388d6aa4afdf12,7299e27ed73d2ad986de7f7c77d919fa,2017-05-11 06:35:18,16.99,17.78
d0462d19e9c58af6416a06e625c58f13,1,aef95f9d9e323e61a5caecdc41907c79,7c67e1448b00f6e969d365cea6b010ab,2017-07-19 02:45:19,189.99,88.82
d0462d19e9c58af6416a06e625c58f13,2,aef95f9d9e323e61a5caecdc41907c79,7c67e1448b00f6e969d365cea6b010ab,2017-07-19 02:45:19,189.99,88.82
d04f155dd04722bb1691263ccbe5eec0,1,8c591ab0ca519558779df02023177f44,a1043bafd471dff536d0c462352beb48,2018-03-02 18:55:27,120.00,45.30
d051c76aaab0eca195d53f6c3411793e,1,e8316a4667e5870c85e906b1f062bde1,7c67e1448b00f6e969d365cea6b010ab,2018-04-17 22:35:17,79.99,17.37
d053b132c9cab9591737e9754ccf21be,1,5099f7000472b634fea8304448d20825,138dbe45fc62f1e244378131a6801526,2018-05-31 18:58:37,18.90,8.29
d066df43cd1f2f04cc57f289179dd234,1,a6883f92891e256b926bf8b9c40fbe9f,f5f1f2c5f923f36ad79ea1d07185ddc9,2018-04-04 17:15:11,148.47,18.92
d07f143b702491d2a1cd6ed093f2cdee,1,78efe838c04bbc568be034082200ac20,0241d4d5d36f10f80c644447315af0bd,2018-02-15 17:48:03,99.90,23.57
d0917c0a88a601949cde7cec1331de4e,1,c6bf4cdc2fc9ca1189d18f026d95af07,955fee9216a65b617aa5c0531780ce60,2018-08-01 19:00:24,260.00,48.80
d0a1df38173b0296c8cfb65fd0e1e361,1,8215db96a612d69839c27866feabf350,516e7738bd8f735ac19a010ee5450d8d,2018-05-24 01:15:18,25.90,7.55
d0a2ee9c1866926b3d773366fd916e37,1,6ab9d49c399f239bc88ea28c7568213f,5c853bb56f70f4d14218944bae111d7a,2018-07-31 16:30:53,12.99,7.39
d0b4c30f45087d9a9114b3cbe87aee63,1,0e1d6728d42f12978a547564c96bfb03,c3cfdc648177fdbbbb35635a37472c53,2018-08-27 22:25:08,29.99,15.31
d0b8fae6095efc549a71c97c8c6f4f73,1,51914323cc52a90e910d8e833d468a6d,5b179e9e8cc7ab6fd113a46ca584da81,2017-07-13 13:30:17,284.90,44.22
d0caa50d59dd78761abd9c1bdd06bba4,1,42a2c92a0979a949ca4ea89ec5c7b934,813348c996469b40f2e028d5429d3495,2017-12-12 01:30:57,58.90,21.25
d0fc40215ca8a24ee1ad72bdac36c29f,1,fb55982be901439613a95940feefd9ee,3d871de0142ce09b7081e2b9d1733cb1,2018-03-13 11:29:50,79.00,13.57
d0fd185aad137f701270f63d6cab8e42,1,e4a559e4d11658f9979148efee14c535,25e6ffe976bd75618accfe16cefcbd0d,2018-04-18 05:11:27,35.00,50.85
d0fd9595949095f91592a79bd26a2126,1,c904e2f76d44b7aed8979dd9f63f621f,4b9750c8ad28220fe6702d4ecb7c898f,2018-03-27 02:50:49,49.90,18.23
d11450f714cbee2ff7df6b663fb79781,1,920840f7899b13c467d223950c89e9e9,7a67c85e85bb2ce8582c35f2203ad736,2018-02-16 20:28:22,29.99,17.60
d11450f714cbee2ff7df6b663fb79781,2,920840f7899b13c467d223950c89e9e9,7a67c85e85bb2ce8582c35f2203ad736,2018-02-16 20:28:22,29.99,17.60
d12ab5d1454294ce820fd1ccc56d760e,1,35afc973633aaeb6b877ff57b2793310,4a3ca9315b744ce9f8e9374361493884,2018-05-14 09:15:29,86.90,16.23
d131625abf3dd1daa6fd04443cbc6729,1,368c6c730842d78016ad823897a372db,1f50f920176fa81dab994f9023523100,2017-12-12 02:49:56,59.00,19.65
d14a4f8c84ab5018248d47b2170dfbc8,1,fa381a4a9af65ea5fc8f3829214045f9,70eea00b476a314817cefde4aad4f89a,2018-05-07 10:57:23,269.90,13.98
d15310130fe6fbaf70e2c8027c9dd760,1,db34e1e6f14cc3755d9149fe8a1de9fd,850f4f8af5ea87287ac68de36e29107f,2017-08-17 16:23:18,499.90,14.70
d155a1a261652fa30114d2b6c6373e21,1,5131368354b35ed441caa8ca27244f16,e9779976487b77c6d4ac45f75ec7afe9,2017-12-07 21:31:23,97.49,17.93
d15b257b7d9942a18c578ac0b3483139,1,6cdd53843498f92890544667809f1595,ccc4bbb5f32a6ab2b7066a4130f114e3,2018-08-23 12:50:30,364.00,20.70
d1841aabfefc61ddc63d1113e5f766e8,1,53a0380bace091a275d6f6a7e46c07b6,40d54b51e962dbe09cabbcfd33298dee,2018-06-14 19:12:22,26.10,8.29
d1845227bab7e5c1f169cf2a98d742a1,1,85567ceb8a1521a09cdab785ab726b03,5f2684dab12e59f83bef73ae57724e45,2018-03-08 16:31:39,109.90,17.48
d1897146cbeab2b888285ca6264056a1,1,154e7e31ebfa092203795c972e5804a6,cc419e0650a3c5ba77189a1882b7556a,2017-09-18 12:05:38,23.99,15.10
d1897146cbeab2b888285ca6264056a1,2,154e7e31ebfa092203795c972e5804a6,cc419e0650a3c5ba77189a1882b7556a,2017-09-18 12:05:38,23.99,15.10
d18cf3749b7ca5680afdc5f0eb881f09,1,5e55f49fd372a399eda3e1888157c8f3,a3a38f4affed601eb87a97788c949667,2018-05-17 10:54:38,79.90,18.44
d192eacb35dd2f0aa30709fe7560ee4a,1,ae27a5524edb2c8dc4656c670f458fb7,8e6cc767478edae941d9bd9eb778d77a,2017-10-19 21:14:17,60.60,28.82
d19f4ab4bd008d9b26f5eb3afc6cc251,1,d556492cb91418b6a9d9613592b4367f,2138ccb85b11a4ec1e37afbd1c8eda1f,2017-06-05 02:42:42,18.99,7.78
d1da39d6d643a11a4083de84d30996a9,1,e7ca7e339dceadbc564c89d4eb24c91c,c35672b10ad50968f567ea3f4b91e877,2018-04-13 17:51:16,9.99,7.55
d1da39d6d643a11a4083de84d30996a9,2,e7ca7e339dceadbc564c89d4eb24c91c,c35672b10ad50968f567ea3f4b91e877,2018-04-13 17:51:16,9.99,7.55
d1da39d6d643a11a4083de84d30996a9,3,e7ca7e339dceadbc564c89d4eb24c91c,c35672b10ad50968f567ea3f4b91e877,2018-04-13 17:51:16,9.99,7.55
d1da39d6d643a11a4083de84d30996a9,4,e7ca7e339dceadbc564c89d4eb24c91c,c35672b10ad50968f567ea3f4b91e877,2018-04-13 17:51:16,9.99,7.55
d1e7343d9fea35ce6330478c84f0fb7f,1,e2bb00220a167d9e60b6776ac33717bc,6560211a19b47992c3666cc44a7e94c0,2018-07-30 13:15:16,56.00,15.49
d1ee4bc3ffe8a30f23ecc003e76f958f,1,fdb86e192fdd20037175daab38af9656,b2ac621f0d0322434d04a12b078b9369,2018-03-09 10:31:04,359.00,29.36
d1f9a1aec23787e664aa0ccd55fe2fd3,1,33f17ed3c6906f7a7ae17a0843536db4,ea8482cd71df3c1969d7b9473ff13abc,2018-07-19 19:31:18,27.99,37.11
d20d521427100e96eb0298afc19d97f6,1,582eea85bf06659660e2c6101ead3e7a,adcf50477d6a1f5d91bb9d54c4903cb5,2018-06-26 17:00:13,108.34,51.05
d21d7411b251f35ead1b210dc946ca70,1,f18333439cbbfd0ae30acf09ae09c0f0,004c9cd9d87a3c30c522c48c4fc07416,2018-01-23 23:10:45,248.90,28.00
d224c4be964a33d8d803b33661c18d8a,1,b35c3c655d950af9dcd75516879eba67,282f23a9769b2690c5dda22e316f9941,2017-12-13 21:31:18,43.60,12.48
d229d9c8f88ad9cb25a36803dc7a9a90,1,fa2954f5c67b3561a247d4b5329b2cca,bd23da7354813347129d751591d1a6e2,2017-07-24 11:55:27,119.90,16.60
d231fd01d6c8e36e503f1a7f8a9734ea,1,968ada41fd04a1d3221d01f7598db4a2,8f2ce03f928b567e3d56181ae20ae952,2018-06-20 12:19:26,89.90,11.65
d234f846aac643047caabb1171030524,1,6c8b2975a4a05d1f36948b20753b29ca,955fee9216a65b617aa5c0531780ce60,2018-07-20 02:50:14,50.00,14.66
d248a26c7a58d74a85d6baf93e5bf772,1,e1e932dfb67414e80b87ad97688cf2a3,fde0cc9ea29c8ccfc0a2c22256a58c71,2018-03-26 16:10:32,99.00,24.82
d24be64fd6aadd3a06ae6afcf8785cc2,1,85eed6b3f52d601d2a288e2668b888df,7142540dd4c91e2237acb7e911c4eba2,2018-06-29 14:17:16,429.90,56.92
d24be64fd6aadd3a06ae6afcf8785cc2,2,962fcda8dd2506e82cb237b3efb5ba5a,688756f717c462a206ad854c5027a64a,2018-07-02 14:17:16,119.00,56.92
d25091a3e5d9d4a0a83ad9413f8828d2,1,b84520a57891e7a8ae2c68741dcc7146,6560211a19b47992c3666cc44a7e94c0,2018-05-16 07:51:41,45.00,18.23
d258d2c8bdc01ec0aa8a048d723bf427,1,ba2a4b4789f9736851b6a9c98d30f21d,76d5af76d0271110f9af36c92573f765,2017-12-14 12:30:26,24.90,16.11
d2597ccadcbb4bede6cefca892c7094e,1,f6584475ef4b8710cec93be723766326,620c87c171fb2a6dd6e8bb4dec959fc6,2018-03-19 15:31:21,109.90,15.47
d265e2114f019b12adfff1e68a241a8e,1,83caf799100f6f9418e0eb2950b757af,729f06993dac8e860d4f02d7088ca48a,2018-08-29 20:20:08,34.00,7.50
d279acf202b55cb48ca420ecd39105e3,1,bb7a5793447637a7bb096f75dd7e5dbe,a416b6a846a11724393025641d4edd5e,2018-02-28 12:30:34,99.00,17.94
d27c2efd9421cde0945261467fb1a025,1,97bb088389e83ef547d4f736067ada7c,02f623a8eb246f3c5f7c2f96462654e6,2018-08-01 03:15:18,89.00,19.81
d28a0d4aabf9fe1941c36b8d1af9bd5a,1,aaa80d9e907a758e151586557e332acb,e5c84227854980f1db19a58958c551d9,2018-08-13 08:24:07,22.25,17.09
d2aa63ac411996ad85fc0099c47db2df,1,21fecd254a3103704126b28478ea7980,001cca7ae9ae17fb1caed9dfb1094831,2017-05-01 23:45:18,99.00,36.24
d2b9baaec80a1a1d4516a2228b5694d5,1,283dc451ad3918badb976d56ff887289,da8622b14eb17ae2831f4ac5b9dab84a,2017-08-02 08:50:46,89.90,17.88
d2cb7c100806e87a227d413e9157cb76,1,5f2ad53b751662e4c54dceffadb3804d,e7df4cd29ab5abab70fb0783ddb53987,2018-01-11 02:35:44,59.90,15.17
d2d558357a6c69ca47cc4eca7571f593,1,5d6d8d46af864e4241365a5cd4980a53,855668e0971d4dfd7bef1b6a4133b41b,2017-06-12 01:10:28,240.00,22.52
d2d67121a09535b3a7b6a000e58d8625,1,7cd29da0653abeb444703cc5a957f479,620c87c171fb2a6dd6e8bb4dec959fc6,2016-10-10 16:00:43,49.90,15.56
d2e98c2b35f0e9173b4fce9cf61530d3,1,bb50f2e236e5eea0100680137654686c,f7ba60f8c3f99e7ee4042fdef03b70c4,2018-02-12 16:30:17,325.00,10.47
d2f636c21b8c69ea8ceb90f373babd4f,1,aca2eb7d00ea1a7b8ebd4e68314663af,955fee9216a65b617aa5c0531780ce60,2018-01-18 23:47:27,69.90,16.12
d2f6b89578aee72f553aad3c76098e63,1,422879e10f46682990de24d770e7f83d,1f50f920176fa81dab994f9023523100,2018-04-25 14:15:24,53.90,0.00
d301e4651c2fb09b847fce76b3f73885,1,72d6074ef5c81ec3102b3f2a052c5f49,edb1ef5e36e0c8cd84eb3c9b003e486d,2018-03-12 11:31:18,139.65,9.39
d3045e7fe9e2988614cbbaf560c424f7,1,f1c7f353075ce59d8a6f3cf58f419c9c,37be5a7c751166fbc5f8ccba4119e043,2017-08-11 16:10:24,205.00,28.81
d304c1d37685ed533e5e16e8e74ff2c1,1,57a1b8771e227c7730164db309106c98,612170e34b97004b3ba37eae81836b4c,2018-07-27 17:15:18,242.50,19.80
d3085edb0a0b0d550bd72f712de90c09,1,ca5c923962558430573f83661dbe36d6,66922902710d126a0e7d26b0e3805106,2018-05-29 11:31:19,96.00,18.25
d308807f231cc2e9a4e2ee71b86fbebd,1,18670ef035870b452690c54a57e13009,9bc484c87d79cd4874e05ca182658045,2018-05-09 03:55:18,155.00,12.99
d30cce68111e4c4fc146bab365116a17,1,7a49adf051c1e6fc5b639a98d17756f0,128639473a139ac0f3e5f5ade55873a5,2018-02-26 13:15:23,19.90,42.38
d30daca327cb882c3ccccced457f69f8,1,dbb67791e405873b259e4656bf971246,e9bc59e7b60fc3063eb2290deda4cced,2018-08-09 17:15:19,61.40,13.77
d3123a8def350af103d31c2026666c25,1,10ee3576fcc55c71728a897eed8d2f95,f97e2b0650c2068227e1d366140eb62f,2018-09-04 18:15:16,33.00,23.03
d32d584f32319a9b013c05fd83400831,1,7b81c277c7e38dd3e617c88530402dab,fd386aa7bed2af3c7035c65506c9b4a3,2018-08-07 17:04:07,20.39,7.40
d3320c7579b87d355511ba06b4d18aa4,1,d30115c5c4af6437de4bbf9faa668de1,d2374cbcbb3ca4ab1086534108cc3ab7,2018-03-27 12:31:25,19.90,18.23
d3350e3a63b03e10d16463a2e75a5361,1,e527af42fb2b8d253e47fdb6e7af7db9,e9779976487b77c6d4ac45f75ec7afe9,2018-04-06 14:30:37,50.49,18.06
d3350e3a63b03e10d16463a2e75a5361,2,d91ee220c1b5370b26883cd0cee27b86,c3cfdc648177fdbbbb35635a37472c53,2018-04-11 14:30:37,109.00,32.67
d338e94a703f4d7af1612be068a85bb6,1,aa175ef941b5ebc330e96ea4328488b8,bf00385a5f7fc1ef39a13c2e9ee50a5f,2018-08-21 15:24:36,9.90,8.88
d3397f49eba129958cca1d4ed73dba9a,1,3de88091a3ed3699a8e32f77898c6368,17a053fcb14bd219540cbde0df490be0,2017-10-09 04:05:09,211.90,33.09
d339c9a9c019e5beaf1cafb6cf77a23c,1,6177675afbea0665b11380c36caf10bd,4a3ca9315b744ce9f8e9374361493884,2017-09-13 02:45:10,68.45,11.98
d33eeaaa657fd3ae5e7f4e8f92892ea5,1,77da35d9e8023abd25ed7a92d9a65288,e9779976487b77c6d4ac45f75ec7afe9,2018-08-13 11:05:12,64.49,9.14
d33eeaaa657fd3ae5e7f4e8f92892ea5,2,77da35d9e8023abd25ed7a92d9a65288,e9779976487b77c6d4ac45f75ec7afe9,2018-08-13 11:05:12,64.49,9.14
d346a1af31b9f42d7244edcba34fe990,1,dc48747539ed723e73d007b18fa5f45f,52bb00821bcdd358a5a5a27e1f6be5a1,2018-04-18 17:15:19,41.00,18.23
d35a77135cb96df5bdc938dcdbd2d85e,1,0dc88ec6b2635cd62b46f0f1d4c714ee,d9cd369bffa979d1634f8e1318bf2f1b,2018-06-11 04:30:28,288.00,19.90
d3605b7117930d845a75af0d32c3bc7e,1,1d2d3b19f5c3d093d4dbccd3cd963a8f,7ddcbb64b5bc1ef36ca8c151f6ec77df,2017-11-27 04:06:22,194.99,26.40
d3617ef729315e3964c28a7404030da3,1,51ff0a0f61611dfa94e43c834c949dd3,33a17d60c64393351ebf1ef860f4e0f2,2017-09-22 09:05:43,149.97,28.43
d3764fd6a2c04354a8cbde8508cc0ba0,1,253e743996e4439451bbb1137c3e7b6c,b18dc380845b24038cfc48006478f099,2018-04-23 13:31:51,71.99,18.43
d3775e436e60258e62e678a0f68a0f8d,1,6f5a84d79bc9f79ecd9095e91fc47a2d,2a7dc43cecabf23403078e2188437d1d,2018-01-29 01:19:24,199.90,25.95
d37a4faa7cb8cd88246d73aee035a327,1,f8b624d4e475bb8d1bddf1b65c6a64f6,b410bdd36d5db7a65dcd42b7ead933b8,2018-06-13 12:15:57,179.00,47.69
d37e7ffb183809b759828865f66eca59,1,4308439e0d80d5fe03f17ba83b57c493,59fb871bf6f4522a87ba567b42dafecf,2018-01-04 09:07:15,179.99,17.02
d3909d7239431c7132c3aac806ec6507,1,b0c8da302d49498d2ce6be8c631e4e20,0b90b6df587eb83608a64ea8b390cf07,2018-03-09 18:29:08,72.90,12.64
d3909d7239431c7132c3aac806ec6507,2,b0c8da302d49498d2ce6be8c631e4e20,0b90b6df587eb83608a64ea8b390cf07,2018-03-09 18:29:08,72.90,12.64
d3964aaa8f344d16a3367d03e540be9a,1,dd841bf589f05e0948ddb0c8d2c749ab,77530e9772f57a62c906e1c21538ab82,2018-03-20 02:48:49,119.00,23.41
d39e59e93bf34f4b2f6cef3902672a6f,1,3e9b58f1436820c248d3f98d7229bb14,fa1c13f2614d7b5c4749cbc52fecda94,2018-04-25 00:31:43,99.90,15.58
d3b13898a835b480e8ab562071435158,1,422879e10f46682990de24d770e7f83d,1f50f920176fa81dab994f9023523100,2018-05-14 04:54:16,53.90,0.00
d3c64cf55752f7821e85e7ea9b9b3f30,1,44414d55ce2808a7b8f3568a92d1484f,d36b07fd3c5088e477a72d1fccfe29d4,2017-05-12 11:30:19,328.90,10.96
d3cc6a0be5a659e6c515010d99e9c335,1,ab8ba49579d5b0173f85517ce22968c6,620c87c171fb2a6dd6e8bb4dec959fc6,2017-03-28 16:58:07,229.90,15.78
d3e53c591789724dcc2d50d69b06d55a,1,db6677c6f890ba1730c0b75bd8132579,cc419e0650a3c5ba77189a1882b7556a,2018-05-22 21:10:33,59.99,8.88
d3ec40731fe6a0b60cef4f782e7be160,1,2fea0f2cec6b6324a277d4a61c2ed2c6,beadbee30901a7f61d031b6b686095ad,2018-06-27 10:22:51,35.00,15.35
d3fc45461660252856d603ed31eb4e77,1,797897e182469fff3c330560d2fc851f,d63c73efd41eb002280e7ec831424edb,2017-11-27 03:59:21,2899.00,39.17
d405c5b11a649e5825842c4aaf8082ec,1,57e089e3103f5cda6a4ce23b77399bdb,aafe36600ce604f205b86b5084d3d767,2018-03-25 21:50:25,47.90,19.32
d40e7a80365572af2e27d31a9cf79169,1,3758055ab2434bd36ac78e00b15b5cf6,59fb871bf6f4522a87ba567b42dafecf,2017-07-03 14:43:58,249.99,14.09
d413cfcd1406d2d501179c9671b727fd,1,fb61126545fe19cfa0593140a5cc3b13,b499c00f28f4b7069ff6550af8c1348a,2018-07-04 23:55:10,59.99,19.61
d4168014cf49632d19312aa3385b0dbe,1,d272d0921188b0bd91542d704b21404e,8b321bb669392f5163d04c59e235e066,2017-12-26 23:53:15,11.55,15.79
d43e09377465273d9e75ee7a51a6445a,1,562cc921a8887a6be5832fc2db1c3dc8,9bcdfa7b615b3abb9461d9e3ad9886ae,2017-05-31 16:30:15,179.90,17.02
d459a5cd21218ae140bbdf31aea15fa0,1,185c58d7437197ced6450e5cada41d35,c8b0e2b0a7095e5d8219575d5e7e1181,2018-03-28 19:55:21,191.99,27.78
d46a98b33046509aec0ca7142d63b9b1,1,956d19f9b8366d1675cc4ffd0bf10d87,744dac408745240a2c2528fb1b6028f3,2018-03-20 20:55:53,198.00,20.08
d48b61ddc056e387c86d308c28798dec,1,efa244989cf3907d9491f323b000232d,6fd52c528dcb38be2eea044946b811f8,2017-11-20 15:00:19,58.67,14.16
d49132be94be94057aadb0fdd665943b,1,e42ad1ff7ad0843110435858ec10a2c6,87b740daf17b5d1be335a64164ec6842,2018-01-30 09:51:25,1399.99,127.52
d4a82e0a8772db180275f4160d9eb12d,1,1a0e58ba2d1b44924d3d7184ae40e575,59b22a78efb79a4797979612b885db36,2017-07-31 17:15:08,59.00,15.16
d4c1e781e9d24a003cf92fc0ba8384b0,1,f5caa36f71f444c6508c84818cab5641,dd533b429f380718b70ad9922c294bae,2017-12-04 20:57:12,31.90,13.37
d4f742f7a223add48641c06ac0b96a25,1,5d8ad55d3f8971622b53ef88f1229af9,2528513dd95219a6013d4d05176e391a,2017-07-24 05:55:29,229.00,17.23
d5213c494008952344b10bd19e27d9f3,1,08574b074924071f4e201e151b152b4e,001cca7ae9ae17fb1caed9dfb1094831,2017-06-23 08:30:19,89.00,51.75
d54c217781126defeb4a78dc16f5ad39,1,ef5d149e671d0d67a962eceb26d972c8,e5a3438891c0bfdb9394643f95273d8e,2017-12-04 12:14:39,27.30,8.11
d5548ee8b123f1ede666cedd8c0049f2,1,abf005f4791cfbdb0cb9596298eb5f4f,3c4e0452bff7a2a788179488d3d77032,2018-03-12 02:14:06,139.90,16.74
d55b88c264e0cacf41c8f8ce846bc1ee,1,6e135c0c17d87c489e2f89efe42b948a,7681ef142fd2c19048da7430856b5588,2018-06-13 23:30:46,730.00,55.72
d55cd104a6a05987a3b55d39c0e77995,1,53b36df67ebb7c41585e8d54d6772e08,4869f7a5dfa277a7dca6462dcf3b52b2,2017-12-05 18:49:14,133.00,21.42
d55cd104a6a05987a3b55d39c0e77995,2,53b36df67ebb7c41585e8d54d6772e08,4869f7a5dfa277a7dca6462dcf3b52b2,2017-12-05 18:49:14,133.00,21.42
d568db372124bae10404acba43558652,1,72172e982e8b92155069e4201c92c0bb,e9779976487b77c6d4ac45f75ec7afe9,2017-09-08 11:30:13,37.49,15.10
d5a777d0e1c561e945c9eedce2cad80f,1,1ebde342c905182ffc07333fc569c590,640e21a7d01df7614a3b4923e990d40c,2018-07-25 16:24:38,44.85,13.89
d5b1560bb46f4b57510a45569fa41b4c,1,9019140ff0a590950d16c4e5ae5427f6,daeb5653dd96c1b11860f72209795012,2018-06-04 08:30:15,43.90,15.23
d5b95703830a61c73251a8a3dcdb9772,1,9f1c81345a82b501fef3164ba8c937ef,36a968b544695394e4e9d7572688598f,2017-08-31 17:30:23,199.90,18.65
d5baf4bcffbda9d8bb2f9ee4e942c90c,1,cc971e0365873137b8bef2ebad633e6f,7a67c85e85bb2ce8582c35f2203ad736,2017-10-13 17:14:13,239.99,22.17
d5bd0af0e37b739b88fa363a30301220,1,595fac2a385ac33a80bd5114aec74eb8,ef0ace09169ac090589d85746e3e036f,2017-11-21 16:46:15,109.90,14.52
d5c6ccc7f3bf2ffb7dda78c440e18328,1,707ad2b2f447c0b9d0a7da2f8e7621b3,fb89df7f89fd1b8f03fa2acca1ba7364,2018-08-24 04:30:35,48.00,18.44
d5cce452fb90a159a0b02988567a37bc,1,e31c5933157c3e4134a0f536f7bcc14e,594f9aaa48e5bf431f011ddc5669b0d5,2018-08-29 23:44:02,49.90,9.48
d5d6f9b551159c1891545df759887e9e,1,90016d83b9e19d66e40e2c65ae5b31e2,d91fb3b7d041e83b64a00a3edfb37e4f,2018-02-13 22:05:30,208.00,17.90
d5e892687c8916b17cafe284780d01b0,1,a8fe47ad6f852f93cc92c7b408687de3,aaed1309374718fdd995ee4c58c9dfcd,2017-09-14 16:04:48,72.90,16.27
d6000a48fcae57594e206e24ad3db5a8,1,3db75f31b76375c502f64d550dcd1166,85d9eb9ddc5d00ca9336a2219c97bb13,2017-06-29 12:37:32,31.90,14.10
d6241dead130f310711dc2f50927f1e8,1,aede48631330269f65a8d680de491657,dbc22125167c298ef99da25668e1011f,2018-01-08 17:55:31,82.90,14.31
d6290a5294ee8d7eb9b6aafd583e59e3,1,cc3181a81384b6fc34602d49cb6068a6,e882b2a25a10b9c057cc49695f222c19,2018-01-18 14:13:02,1054.00,64.05
d634e78710f26d98ace611f615489774,1,bdc3291ab242ec1effc8eb0987850268,dbd66278cbfe1aa1000f90a217ca4695,2017-11-30 21:59:33,29.00,14.10
d67fdefdd78c824692a1f0cab56e71c5,1,389d119b48cf3043d311335e499d9c6b,1f50f920176fa81dab994f9023523100,2018-04-23 12:30:12,53.90,21.35
d694c1f3e3e0bd20d4673555d43c875a,1,3b60d513e90300a4e9833e5cda1f1d61,c826c40d7b19f62a09e2d7c5e7295ee2,2018-03-15 03:50:34,159.77,20.09
d6a2e1d3b958b6c5cb3af6f1d4d4a203,1,0db4869ac8a908414823d44d742f5ba3,7c67e1448b00f6e969d365cea6b010ab,2017-11-23 17:55:29,196.99,57.05
d6b59aff700e82a5581e74b3856fbaab,1,fa335dcd3999105b8bfb1ce9300de4d1,85d9eb9ddc5d00ca9336a2219c97bb13,2018-07-04 17:31:45,27.90,15.30
d6c0ec2e67adc2163605b7c0eafe3e1c,1,12dc5e5d178b930cf87cf16e812fc2d5,11bfa66332777660bd0640ee84d47006,2017-12-11 04:15:52,10.60,15.10
d6e32818428593eefe8ffd7e15acb83e,1,6dab56beb5263f0d554cae5c55809208,f4aba7c0bca51484c30ab7bdc34bcdd1,2016-10-16 04:01:38,39.70,29.32
d70fd017aef831ae5be08b4a58ad57ea,1,76ac1907588ea63f562f0851bd5a4289,d1b65fc7debc3361ea86b5f14c68d2e2,2017-07-04 22:27:30,279.90,15.35
d719d2c72e0dfc9d994ee85c1d594861,1,b10eba910a974df70b8a12d0665cdb9e,a3e9a2c700480d9bb01fba070ba80a0e,2017-11-30 13:34:00,38.00,16.11
d719d2c72e0dfc9d994ee85c1d594861,2,b10eba910a974df70b8a12d0665cdb9e,a3e9a2c700480d9bb01fba070ba80a0e,2017-11-30 13:34:00,38.00,16.11
d72c87644eeb5b1c8658e9a34ad13f50,1,a52eee5077b52ed1702997bbb36ca4de,b494891378bd8f4560abe576c52deacd,2018-08-08 00:44:35,44.90,15.38
d72c87644eeb5b1c8658e9a34ad13f50,2,80fcb8062aff23a658c4b047a08bec66,b494891378bd8f4560abe576c52deacd,2018-08-08 00:44:35,35.00,15.38
d736797e446b9c7bc072d55b49748180,1,3fbc0ef745950c7932d5f2a446189725,06a2c3af7b3aee5d69171b0e14f0ee87,2018-05-04 12:13:20,64.99,27.51
d73a3a52a8b9b8430deede6d0491ae54,1,88a2af245a615347730a6dcbee581040,77530e9772f57a62c906e1c21538ab82,2017-11-20 23:06:25,49.00,21.19
d73a3a52a8b9b8430deede6d0491ae54,2,88a2af245a615347730a6dcbee581040,77530e9772f57a62c906e1c21538ab82,2017-11-20 23:06:25,49.00,21.19
d74a4114b1ecea21d099a6c7aea88058,1,d2f7e9449566eb0658d4f5092d71e8a4,f214d28e8d8e3ef068748498ccc2f813,2017-12-21 10:10:02,169.99,15.94
d7516b945750658964b64128d3de72de,1,67031f1b5ba68a9997efb630e43ada88,6b3bd31ad8fcda4b2635ec9f3ff2ecdf,2018-05-21 16:13:56,99.90,7.72
d7703c6f32e51dde96ca41e281d4254e,1,2715967684d6991f7501693bfe08c08b,0eaa7e33d73809f1f925f7d07c506cbd,2018-04-13 09:35:23,45.00,13.71
d776bd888cec910433d34b5501ebf2d6,1,02ce467092b184e71d3967d29110adc1,a7f13822ceb966b076af67121f87b063,2017-03-22 10:19:05,179.96,53.67
d77a74efe1dd9a668ec9813f9c3a13c7,1,2d2600c283c0c1af0528fd84c14a2c28,e48b04bf1aa1ef711caebeb7aede6180,2017-10-15 23:14:17,136.50,27.28
d77c5cb217e302146127b857e56ee27e,1,e6a516eb66cb5fa9e8854ed738bea934,4e922959ae960d389249c378d1c939f5,2017-04-20 03:45:27,75.00,25.02
d788474677e79e148bb5cf2c5f0f637a,1,a0dfc64334e89bf3c3762f5ad8b7249c,7c67e1448b00f6e969d365cea6b010ab,2018-04-06 13:15:31,114.99,30.38
d788474677e79e148bb5cf2c5f0f637a,2,a0dfc64334e89bf3c3762f5ad8b7249c,7c67e1448b00f6e969d365cea6b010ab,2018-04-06 13:15:31,114.99,30.38
d79c75050fb130c942055bff27c1be5a,1,389d119b48cf3043d311335e499d9c6b,1f50f920176fa81dab994f9023523100,2018-03-20 21:10:32,53.90,42.44
d7adae346e57bdec9293128a1130a183,1,a6560efcf4467e1e097914a84362b833,6c177e38df6d3f34182b1f1d427231bf,2017-02-13 16:00:46,118.99,24.83
d7aea8cc5c6d288a60d3cc1d0026bfcf,1,3cebb9158a3aa0b3f78ee0f934c9f032,7008613ea464bad5cb9b83456e1e6a8f,2018-02-19 16:55:31,69.90,17.74
d7c88efc86371e81d37eb2cff1c61020,1,f2e53dd1670f3c376518263b3f71424d,4a3ca9315b744ce9f8e9374361493884,2017-05-30 09:02:43,109.90,12.27
d7cc5fcfee9af53fcd78bb47e4e55584,1,f40db27e4f52937182f6294988231376,17e34d8224d27a541263c4c64b11a56b,2018-02-01 10:36:19,171.57,13.54
d7ff97f4c7ab6c9a6ba9cfa8db9b04b9,1,a453b4ccccf554efba31d5ada5a59a60,ea8482cd71df3c1969d7b9473ff13abc,2018-06-15 04:17:34,27.99,15.23
d82cef48824870df9946d57e827ed727,1,6c04a068e5ab37749c980c42a036b9e3,48efc9d94a9834137efd9ea76b065a38,2017-01-09 14:33:39,10.90,8.72
d83e73ca49e7e9ec7ba0154139858fc8,1,5f42d57952b7815098979a5c4fa6f82a,c70c1b0d8ca86052f45a432a38b73958,2018-08-07 17:04:06,110.32,15.87
d83e73ca49e7e9ec7ba0154139858fc8,2,4f0abfbee7569e43b80f9aaa256a9bf8,c70c1b0d8ca86052f45a432a38b73958,2018-08-07 17:04:06,110.32,15.87
d8434c09d07ff98eaf30d4b68b5d6cbf,1,33f41a54822aa8a1ecd90ee3e986a4ce,a3e9a2c700480d9bb01fba070ba80a0e,2018-05-10 14:53:13,175.00,19.31
d844cf5434575b8359b353fe82fb8d67,1,d96cd2197b0be40a66b1279c910e0921,eb4df17aed01d918c65f0f8d650900c0,2018-05-28 19:17:29,318.98,17.11
d8523695fd09e96dd93c94cde119c037,1,c7b434e06698e7a2bef457be15a048d2,750303a20e9c56b2a6bc45cdce0b897d,2018-04-22 21:52:25,66.00,23.39
d8721b9f395286c3b43ff47a250ad40a,1,5d7c23067ed3fc8c6e699b9373d5890b,6560211a19b47992c3666cc44a7e94c0,2018-08-06 22:24:21,59.00,7.70
d8721b9f395286c3b43ff47a250ad40a,2,44d097d59e8430f88a67517cd0c4f865,6560211a19b47992c3666cc44a7e94c0,2018-08-06 22:24:21,69.00,7.71
d87739e1a489341831ec68b0876174f0,1,aa1ae6a4dce8c9a91c5c562d4b84ab3f,620c87c171fb2a6dd6e8bb4dec959fc6,2018-08-24 10:55:22,49.90,9.28
d8a8ca4fa9960f350db09ddea8861f05,1,334995514673fb6bae67885458b52984,53e4c6e0f4312d4d2107a8c9cddf45cd,2017-12-21 17:13:42,15.55,16.11
d8ab6e868995a618b7abea3119b56789,1,58f88ebb71c90b2d46a5b297ae6c3455,01fdefa7697d26ad920e9e0346d4bd1b,2017-07-17 10:10:13,71.90,18.07
d8d0488eb1aa33a391551c5bbe00e93f,1,d1c427060a0f73f6b889a5c7c61f2ac4,a1043bafd471dff536d0c462352beb48,2017-05-03 02:25:17,129.99,33.19
d8d4fd7b15d5b9cb93926c29f7f3066c,1,e53e557d5a159f5aa2c5e995dfdf244b,6973a06f484aacf400ece213dbf3d946,2018-02-02 02:40:02,94.55,16.98
d8d4fd7b15d5b9cb93926c29f7f3066c,2,36f60d45225e60c7da4558b070ce4b60,6973a06f484aacf400ece213dbf3d946,2018-02-02 02:40:02,89.49,13.81
d8e06a0d47d09dae630bf252bbf904b9,1,7770bdde7d6bfd349bfdeabc4ce54c07,db4350fd57ae30082dec7acbaacc17f9,2017-11-01 02:56:25,21.99,7.78
d8e436a94b1158d6fff244c9ae75fccb,1,62b0e890638d64f8e51e7418813fea07,e883aa812c37a7413226856f4579fe91,2018-07-05 04:31:21,349.90,26.80
d908de4c1a0a5ef56f75e404abb7ee10,1,1f30aacc69904c0d0bf8d05cb2abef72,4a3ca9315b744ce9f8e9374361493884,2018-03-09 20:15:32,135.00,17.86
d915ad63f37385cc799d0b5363de302a,1,3dd2a17168ec895c781a9191c1e95ad7,de722cd6dad950a92b7d4f82673f8833,2018-02-12 16:11:45,149.90,23.37
d917b61df82dea35fe77a6dd3f6022e3,1,0bcc3eeca39e1064258aa1e932269894,1f50f920176fa81dab994f9023523100,2017-12-14 17:10:51,59.00,19.65
d917b61df82dea35fe77a6dd3f6022e3,2,0bcc3eeca39e1064258aa1e932269894,1f50f920176fa81dab994f9023523100,2017-12-14 17:10:51,59.00,19.65
d9188a09f83fb2125c314edc1c7c933a,1,0f2550707d4df66cbd9937420497ee8b,53e4c6e0f4312d4d2107a8c9cddf45cd,2018-03-06 23:31:16,32.00,22.67
d91a069afed21a6f7b095b0a908f5008,1,d9bdf643d95cb89844c0da1a0df1d16e,289cdb325fb7e7f891c38608bf9e0962,2018-08-06 13:04:24,118.40,15.93
d91a069afed21a6f7b095b0a908f5008,2,d9bdf643d95cb89844c0da1a0df1d16e,289cdb325fb7e7f891c38608bf9e0962,2018-08-06 13:04:24,118.40,15.93
d946899ce911ebb570750e694994f812,1,ebfe7a4ca40dd34375e373405a114c32,688756f717c462a206ad854c5027a64a,2018-07-09 12:31:30,51.00,23.08
d951a2eceb245c4227c3d633d4a440f2,1,d8bec459af8ceb11a8177037828ad1a2,1f1bb1f0859883505541bdd6606193e5,2017-06-21 02:02:57,575.99,18.79
d95feb184596a27a70144e63e635ed5b,1,d7e446a8f36339b1a9d059d1237159c1,f76a3b1349b6df1ee875d1f3fa4340f0,2018-03-08 21:08:56,186.00,14.91
d9644b981a4d023c5392dd06bfc8cdc0,1,de26d4014234181730a1143f75dad0e7,36a968b544695394e4e9d7572688598f,2017-06-14 04:30:27,12.90,42.38
d96dd69ac1c031310e28e40e22130149,1,53759a2ecddad2bb87a079a1f1519f73,1f50f920176fa81dab994f9023523100,2018-03-22 03:30:59,53.90,14.47
d9773132aa1151c56c6f940c8d29cc0a,1,368c6c730842d78016ad823897a372db,1f50f920176fa81dab994f9023523100,2017-11-30 20:30:58,49.00,17.67
d983124667a44e540ef9ab35c37c486e,1,df0c26d7ddb998e2517658a55e46e48a,e882b2a25a10b9c057cc49695f222c19,2018-02-05 13:10:38,1561.00,67.60
d9a03aaa586760cdcfb4aaddbcfd0767,1,73ae8d8ca7df19a982c92fc1265d9e46,da8622b14eb17ae2831f4ac5b9dab84a,2017-03-22 19:06:15,79.90,13.14
d9a857b8ca6c8ca6a97e6977be3e47bb,1,368c6c730842d78016ad823897a372db,1f50f920176fa81dab994f9023523100,2018-02-15 02:35:55,49.90,17.60
d9b4f2ffa6ecd7c3ba59f13458e3ebb2,1,ff34f05b00e8638201e04d2d0651c663,acadd4d36859671cb635527c6c977533,2018-07-12 20:25:19,514.00,29.90
d9c27eceb93c734d5711f417a691e904,1,f353779abb6114db5f8f79fbad12e375,d379f449f2a3b271bc01c0782020f705,2018-02-06 15:18:50,82.50,49.60
d9ddf675a1e7539367d20a66ba38b168,1,6f86fa71a6aa21f45e317590aacd0c3f,b7ed9fb14c8eadb37adb9c45d67ab0fb,2017-08-28 20:06:19,45.00,8.27
d9fa4ce136debee4083c12f5073aeb79,1,43423cdffde7fda63d0414ed38c11a73,b1fc4f64df5a0e8b6913ab38803c57a9,2018-07-18 03:35:23,74.67,15.62
d9fa5ad719e1732700ccfc765c6ff6a6,1,c3adcd846a294794059da678fb939220,4a3ca9315b744ce9f8e9374361493884,2018-03-27 08:47:55,93.90,23.24
d9fee3504f55226ed8e155bdc0a36a06,1,94edefbf96e14b332fdb1f57f5935734,7f2617c58d5d06806987308b45654351,2017-07-16 22:55:17,179.90,17.70
da01eb83df2aafd16872ab0c5f24d5b6,1,21ee06f7fd37a6fe4841865339411674,7ade73f1b9b4e965f9009a4c3a7e2c15,2018-07-04 09:35:09,39.00,12.93
da0831d4484d6bb80afb9ddc8c12068c,1,2a1e3c9dcf961bc044d917e9358041e4,ef506c96320abeedfb894c34db06f478,2017-05-18 13:10:11,49.99,7.78
da0b6b99f3177153b2d410482eef35cd,1,62c5626fd6b954f27d1766e3f967e549,128639473a139ac0f3e5f5ade55873a5,2017-09-04 04:31:06,16.90,34.15
da0f3ca7a69fe74c208f8cad4b3a42f2,1,2850884dd642010ef2a6238e8ece634d,b74d1c09cb380e1d03a6f859c6f4224b,2018-05-24 07:55:09,14.99,11.31
da0f3ca7a69fe74c208f8cad4b3a42f2,2,c6ce25f40e2feb55d390810e72ee44f0,1da3aeb70d7989d1e6d9b0e887f97c23,2018-05-24 07:55:09,15.99,11.31
da225376046ab771e41a24f84f53f536,1,af51d485dc5255ba2e18b21b550156e6,5dceca129747e92ff8ef7a997dc4f8ca,2017-04-17 22:05:24,259.90,68.52
da225d51cdb2a615ac38734cfdaebab4,1,b52af48deef5c1fb35c99248a5269973,8b8cfc8305aa441e4239358c9f6f2485,2017-02-14 12:13:02,385.00,51.21
da25492a616ea75359094ce9180d2691,1,4c2394abfbac7ff59ec7a420918562fa,cc419e0650a3c5ba77189a1882b7556a,2017-12-08 10:13:07,84.99,9.41
da25492a616ea75359094ce9180d2691,2,4c2394abfbac7ff59ec7a420918562fa,cc419e0650a3c5ba77189a1882b7556a,2017-12-08 10:13:07,84.99,9.41
da286fe249fa752e4b234df260764f06,1,5d98f7de3b78c8dd8d7b62ea22000a65,ea8482cd71df3c1969d7b9473ff13abc,2018-01-05 02:06:54,29.99,14.10
da28a815dd7996590e84c9e51dec1ff4,1,80736543f7c5c511bccb61d1544d9d0b,4a3ca9315b744ce9f8e9374361493884,2018-07-25 16:00:13,107.50,17.88
da2aeb448f7a4f8604a2d56cc3b2e02f,1,d38b4ba2e81db02dbcee8ded3880121c,6d66611d7c44cc30ce351abc49a68421,2017-12-19 19:10:15,79.90,15.32
da44f554b7c4550b0d3cd650f132d1e1,1,0c90f0cece2b9c521af7c85ace4794be,b92e3c8f9738272ff7c59e111e108d7c,2017-09-22 13:24:13,179.90,59.70
da4de3d19e5b90636ab88e1919fdd00e,1,7b35ccd93a2184646c03b70326626923,d05ae8f7a5bd1d2a690a44cd079e4e27,2018-05-17 13:30:34,179.00,9.20
da5d566236538abb69c83b6283383b60,1,dc6217e7f9d8c15039ca95b702ce7e02,855668e0971d4dfd7bef1b6a4133b41b,2017-11-27 16:07:31,34.00,16.92
da627a0b6c0976733e24aac04405eaa6,1,2a788bf848c3357ea72c31e344822aa9,8629c241b3622ac12cd4118afdc8d394,2018-05-15 22:55:25,91.06,14.00
da633678d6fbb684914e7ed5fe73c290,1,8fd57e95e8bf639d562620356071bc23,4869f7a5dfa277a7dca6462dcf3b52b2,2018-02-08 00:15:40,229.00,13.10
da730a4d617d48b8e8d136ef1f86915d,1,8cee1d824765335c48ccc515c2ecf4b8,4a3ca9315b744ce9f8e9374361493884,2018-05-07 12:54:03,96.00,14.03
da7c8d10be75239ed8393bba1dcc4ca0,1,18b0e642cbae7251e60a64aa07dd9eb9,85d9eb9ddc5d00ca9336a2219c97bb13,2018-06-28 22:16:05,22.32,17.09
da95823b29f9ce7bcc4deebe1e568aff,1,e85d91619b497e98754390b6198a9818,4b9750c8ad28220fe6702d4ecb7c898f,2018-08-24 11:30:49,134.90,9.69
da96d28b7700ca5ee77d63d455a9ff9c,1,735ddb7e24835030772ab80675939cf9,f45122a9ab94eb4f3f8953578bc0c560,2018-04-19 17:55:13,99.20,21.11
da9d5d868a28b17116214d1240c22837,1,69898c1a5e170da88769a92f466dac8f,8a40ae794fa3f9892cee24bd5af0488b,2017-08-14 03:04:44,49.99,42.38
dab321037289756354fa98b118f4463b,1,8163c8c2e8dc7cc8c93d1b30a2e7428b,1b4c3a6f53068f0b6944d2d005c9fc89,2017-02-20 16:42:42,159.90,27.59
dab8a6c6bd6ec448df5b3a6b6cb887bc,1,42ec84ace63b58b8c5a7ba7be01d5fb8,2a84855fd20af891be03bc5924d2b453,2018-07-18 12:30:58,99.90,22.00
dabe75dc242585e529fea2c265e70da3,1,e3425df9bd51be69917273c9dd92ed5e,86ccac0b835037332a596a33b6949ee1,2017-07-12 16:55:14,66.89,19.71
dacb857612778747b96d5afcad0adbd4,1,dc74094d7435febe5e0d6a59354f2a52,ae45df84722b1d15c5f32b23a095746c,2018-07-19 07:31:37,38.99,18.37
dacb857612778747b96d5afcad0adbd4,2,dc74094d7435febe5e0d6a59354f2a52,ae45df84722b1d15c5f32b23a095746c,2018-07-19 07:31:37,38.99,18.37
dacb857612778747b96d5afcad0adbd4,3,dc74094d7435febe5e0d6a59354f2a52,ae45df84722b1d15c5f32b23a095746c,2018-07-19 07:31:37,38.99,18.37
dacd9ea86285f197d0b7495e8af14781,1,fa87bc5ccdd8ea6e54117916e485cb48,1900267e848ceeba8fa32d80c1a5f5a8,2018-04-24 21:11:15,44.99,19.32
dadb01b1be2452288cad226dc8deb6d7,1,ca00817d14c90f75f3695ef75030c907,c68fb906c8f4b4b946d8386bfa6e5467,2017-10-19 17:25:46,55.88,16.11
daed9e78d8caf060ecb46125d167dc67,1,f6241aa97cebce38a380a1ac3358c379,3d8fa2f5b647373c8620330c4e077a9f,2018-05-25 16:55:08,24.99,8.88
daf7924c5511a9ba51d2fccbf42305be,1,a54244559e62c8ef2939e52189d65d4c,282f23a9769b2690c5dda22e316f9941,2018-02-26 07:16:11,54.00,16.63
db0c400a715a4ade505cf24a95e5ade3,1,3e28c005e07e71dc007d1f88295ba270,d50d79cb34e38265a8649c383dcffd48,2017-06-13 06:35:10,119.99,17.09
db19ee032409eb975bc529b906bb8298,1,3ac52f93c2299daa201fbb7ff36546f7,7e3f87d16fb353f408d467e74fbd8014,2018-07-17 18:35:24,43.89,18.41
db1cfa492610bccff9d25d439a9ff2b6,1,bfb42d0b9ef73eda575552be54ef53e1,5cbbd5a299cab112b7bf23862255e43e,2018-04-24 12:10:14,17.33,15.23
db3fc84b6b11b4b4c892442161860ca9,1,1b3634881407099b50ee5bca1026ef25,dd2bdf855a9172734fbc3744021ae9b9,2018-01-18 02:50:17,59.90,35.74
db598c672baf941a618fb372941b0c5f,1,7f064525eaaa1ce9d22c085f7ff5413a,6560211a19b47992c3666cc44a7e94c0,2018-03-28 21:10:26,49.00,15.23
db5e341b9a765a33fd41da0b3f0944dc,1,1cbe6092926b24ecacfdeb748bc34105,5d0363b33554b373851fc1622e4d5f3c,2018-02-08 11:55:33,78.00,35.07
db5f60962b917b4dd9d73efd3e121ff6,1,2e64d11879c5bbda600381dbb5452a38,1eade46fba20122dc4aefb379f8c636b,2018-03-22 02:10:28,81.90,22.63
db5ffcf21d69f57af9556fedec62a95a,1,e058b9425edee1d43de03b07e83cd8c9,fffd5413c0700ac820c7069d66d98c89,2018-04-12 16:35:24,39.80,20.77
db6c4c19928d9acc355a54ee897bfdbb,1,cfe6e9c01d0bbb5df9a75f0e3286baa9,1d8dbc4f32378d715c717c1c1fc57bae,2017-11-06 14:15:18,110.00,20.01
db88b6343641816263ce1df8c1ad1b2a,1,4be2adcd3d80c43a90cb97d7efbeedc4,79ebd9a61bac3eaf882805ed4ecfa12a,2017-10-18 03:19:35,19.90,12.48
dbb1353a1b37773612291d7e294ec323,1,761786c69af6094fe760ef42fbceaa1f,643214e62b870443ccbe55ab29a4dccf,2018-04-05 23:47:52,98.80,15.57
dbb56a8ecf60edb17a584daea927824a,1,2e1963427978dab49b4bcb0a07b109cc,2156f2671501a81034d7d07f217609d0,2018-04-09 11:15:27,79.00,23.05
dbbb8658d9a27d2be4cefb9a9a5d9e33,1,55b71bf300a2765a382eaec566df531f,e8dba4d70f7f2b20e775d09cae01142d,2018-06-06 22:31:45,74.99,11.15
dbc94ce4ff22c2daba89640dacc43949,1,34157b9ee376927e58c66e9a69cc8704,f45122a9ab94eb4f3f8953578bc0c560,2018-04-25 21:30:32,49.99,8.64
dbdf0c5c635838a46d0034dce3dc646e,1,ee0c1cf2fbeae95205b4aa506f1469f0,cc419e0650a3c5ba77189a1882b7556a,2017-12-22 09:57:24,53.99,11.88
dbe715996d171c4b2877daa01c0d6aca,1,1b0e39ec889889ea1d492603d8512bfb,e26901d5ab434ce92fd9b5c256820a4e,2017-05-22 03:25:26,32.90,15.10
dbec6fd4540dcda2662baf24a0bc8f0f,1,368c6c730842d78016ad823897a372db,1f50f920176fa81dab994f9023523100,2017-10-03 00:49:49,59.90,12.48
dbf2c0164b592abca90f6c6817f37a9b,1,ee406bf28024d97771c4b1e8b7e8e219,7a67c85e85bb2ce8582c35f2203ad736,2018-05-07 05:30:46,139.99,16.13
dc0109bc73a54e5a94b39f557da4916a,1,24297ae137968498e50c2f283a4f3d9c,41b39e28db005d9731d9d485a83b4c38,2017-08-17 19:03:44,59.90,11.73
dc0109bc73a54e5a94b39f557da4916a,2,7e07898c0f30ec34cc5d255bcc4b3747,41b39e28db005d9731d9d485a83b4c38,2017-08-17 19:03:44,59.90,11.73
dc0e878c900ba40571360f0890a14666,1,130482add9fd75ccb6c57ba007694a2d,87142160b41353c4e5fca2360caf6f92,2017-12-01 17:59:24,105.00,25.57
dc17c17282032d56b1ca7dfbb291cf07,1,9d703ce870d13f6fca072b0fca977fc1,820cc752a266cdc6c1a1e61dd4583330,2017-02-04 20:16:02,109.90,14.94
dc30763d1665f5167ab925fbb51202f9,1,41483859d76267ad9a2c8d0af4a76266,4a3ca9315b744ce9f8e9374361493884,2018-06-18 17:30:46,47.90,22.74
dc30763d1665f5167ab925fbb51202f9,2,70431405f38dc4a0ee25fbfba20dbd16,4a3ca9315b744ce9f8e9374361493884,2018-06-18 17:30:46,58.80,22.75
dc30763d1665f5167ab925fbb51202f9,3,b6665355b9d865e088250a5c8d7b36c1,4a3ca9315b744ce9f8e9374361493884,2018-06-18 17:30:46,66.50,22.74
dc523b270be716d338c2fbc9a4bcdfc3,1,a8856d651600289b162f857e26838480,9616352088dcf83a7c06637f4ebf1c80,2017-08-30 02:05:14,59.90,13.44
dc53168ed84c77eb9eb18a8026bc393b,1,bb50f2e236e5eea0100680137654686c,f7ba60f8c3f99e7ee4042fdef03b70c4,2018-03-08 15:12:18,325.00,23.07
dc608454ac1f85d42db31f7d558afff6,1,e60baffb5636b104f06ecd9aa28e139f,8ff1a9df749e454105c55cda13e79143,2018-04-06 18:35:22,159.90,34.66
dc608454ac1f85d42db31f7d558afff6,2,e60baffb5636b104f06ecd9aa28e139f,8ff1a9df749e454105c55cda13e79143,2018-04-06 18:35:22,159.90,34.66
dc6ad9979090e9f597d6cd0ea5a3feb6,1,593236d0ff46b4299b4787fb8d43f7f0,0dd184061fb0eaa7ca37932c68ab91c5,2018-04-02 07:06:50,79.00,23.09
dc86dc4acc1d71e89538c72f78688caa,1,72a5b2df108f3062ec2731ab68e5b5a9,79ebd9a61bac3eaf882805ed4ecfa12a,2018-07-23 16:10:13,269.90,68.94
dc8e7d66422ec37c6fa1cd4f6d29a85a,1,9fe172fa8e662ca8572cf12abf8bce23,cab85505710c7cb9b720bceb52b01cee,2018-07-17 14:15:14,49.90,17.28
dc9470b246bc5c83e5e72f1897971fcb,1,dcebc51f6a02993ffaa4167c339a3d79,542917da124346b47ea1ac79a93ce454,2017-08-10 09:45:15,19.50,24.50
dc9470b246bc5c83e5e72f1897971fcb,2,7b0319f86ca302954787a58d2b3831da,8444e55c1f13cd5c179851e5ca5ebd00,2017-08-10 09:45:15,19.90,4.90
dcc07c60d0b67d006e3b736ed1c75e69,1,501ba963d8353c19c7f79d8ffc268993,7d76b645482be4a332374e8223836592,2017-10-19 21:28:19,21.99,15.79
dcd9b00fff62919c208f9e424f8b2c13,1,fb7a100ec8c7b34f60cec22b1a9a10e0,d98eec89afa3380e14463da2aabaea72,2018-01-24 12:56:27,49.99,15.79
dcec2b3be8c3d53056fe63381b2a6cfe,1,067e6da1c75010f933e68b76efb2273f,a673821011d0cec28146ea42f5ab767f,2018-01-25 12:56:22,129.90,29.28
dd082c5f38a7001c40cf57a14f1b3b34,1,02ee0862685e90b57cc241b7c9885f95,fe2032dab1a61af8794248c8196565c9,2018-03-22 02:45:45,199.00,14.75
dd129706fb900252b1e9193815d80970,1,084461b396a7e044af9229534fa03b51,e8f6dc8e6a1dcde89d20e3995c8d90b3,2017-02-26 09:47:07,69.90,13.07
dd213d835910436f5fbf274de5f1a5c4,1,20992273fc264d0a559e37c346090fe6,ec8879960bd2221d5c32f8e12f7da711,2018-02-02 02:40:19,34.90,19.84
dd25b9c9ad6b58c1431edea24eeca196,1,22b389f7d49493889ceda26c606ea0af,8a2d12a90e92f012ce5226fc6592b653,2018-06-28 04:59:00,59.90,23.22
dd31111df3c5c93d9be367bb8de6d3ed,1,5a70be99a3cfa4c98cb636c42fc32635,6a8b085f816a1f75f92dbac6eb545f8f,2018-06-25 03:30:58,54.90,13.04
dd5ebf00c3d8b88a41ec9c8450ec59db,1,357a9e8a4b691ffbb0f855b23d490c4e,432c37c9dfba871172ec162e20118b8c,2017-04-18 14:55:20,31.00,8.72
dd65ebf209e7f649ebd0db15a8f61b24,1,5f6906793eb1d554d76c39398ce08693,391fc6631aebcf3004804e51b40bcf1e,2017-07-12 03:15:36,24.75,12.69
dd6e5859df4016efe3a4c9979af4ee90,1,632921e8d6c6b23ae47ff20950a56854,b39d7fe263ef469605dbb32608aee0af,2018-08-13 02:44:20,129.90,15.22
dd7466999a78895066f04b645789deb3,1,491c6b0ec61399a890b22a6ed2d9a4b0,b499c00f28f4b7069ff6550af8c1348a,2017-10-30 17:30:02,29.99,15.10
dd91bcebe3c4f665242db31b800a2b59,1,f71973c922ccaab05514a36a8bc741b8,5dceca129747e92ff8ef7a997dc4f8ca,2017-06-30 16:50:19,89.90,34.79
dd9da3d7a26689e951d0153988f8fb2c,1,36f60d45225e60c7da4558b070ce4b60,00fc707aaaad2d31347cf883cd2dfe10,2018-02-14 20:24:06,89.15,17.06
ddb860efe17d6082630b99db1200b1c0,1,0d954479e7991c06d35202c130844b57,5c6d4016c2a288f074fa0848a2b653d2,2018-08-23 14:31:37,132.00,17.11
ddb9e8975cd9123fd5336811c747faa2,1,7fe3f176f02fbc85e3f9d24e0f34e860,b33aaadd1a8891d2dfef0c4c3bdf0371,2018-03-13 14:35:32,36.00,9.82
ddc75e18227aa517946c2239d18d1300,1,698b3ddae2f0b80c2a48fb40624ca4e4,0241d4d5d36f10f80c644447315af0bd,2018-07-30 22:15:12,199.00,35.47
ddc7e0a6253bc5f668507296a8d17c85,1,5a419dbf24a8c9718fe522b81c69f61a,e26901d5ab434ce92fd9b5c256820a4e,2017-06-09 15:10:17,49.90,8.72
ddce482cc1785da2ee00c010675508d3,1,380aa1e702b7e85375d3d81d893acf73,d29ba1220fb8634fa3a107e54497b8a4,2018-05-10 17:35:17,34.99,18.23
ddcf5361d96d9fccf2ad351bfb96a58f,1,d73a7e3009d1b8f498a0ffd3e8ae6565,da8622b14eb17ae2831f4ac5b9dab84a,2017-03-29 17:41:58,34.90,17.19
dde2fb922a5e542ca84560b67901f351,1,d41e71b34a15f8bc2c7ed84561ebb600,522620dcb18a6b31cd7bdf73665113a9,2017-02-18 15:42:39,529.00,29.96
de02851d6bdb931fe9bc90c4f92648b9,1,28a652ff04e43c1bc57937a9f8770f9b,3d871de0142ce09b7081e2b9d1733cb1,2017-10-31 22:14:16,99.00,27.24
de0d5d6bf2003cc68cddbcbb3783b87d,1,553e0e7590d3116a072507a3635d2877,1c129092bf23f28a5930387c980c0dfc,2018-06-15 12:19:20,47.90,16.32
de11626bdec1c2e2c4f907036e55b981,1,b75a056d7d03227c3a3b60e9ccf518c9,3f995f07c49d0d55a99d5c54957f7d81,2017-08-09 22:23:53,59.90,21.22
de1404a068c6c8c909897886a314bad7,1,f422d0d9f8b5f7c27289382b14b61248,1554a68530182680ad5c8b042c3ab563,2016-10-28 16:27:21,69.99,17.58
de17623947aaed64e2babfa41a212a91,1,75747bce1abad71ec9edfb9ca6dd509c,0ffa40d54288e4f3499b8780dd0f144f,2018-04-02 03:48:31,20.00,18.23
de2884aa8799702e8d242dc4029db3cc,1,51d4c5626abb1963d3cba78871cce415,968ee78631915a63fef426d6733d7422,2017-12-11 02:20:01,230.00,20.47
de31b55d7cafcd6ebb9bc6aa3c28a55c,1,1c63d0a4d75df524d4605a43285925d7,45d33f715e24d15a6ccf5c17b3a23e3c,2017-08-10 21:15:18,52.87,9.94
de38b62136dcb5ff40d44d807c460a8a,1,6e741443e7a0707cb99e552dc844439a,6025c79c035c3d772133b8b8238463b2,2018-07-24 17:05:17,389.00,33.59
de5c0320a3acd9bb7b5acc242d51d54d,1,1528d0673079ce2d79d29753b800d76e,01fdefa7697d26ad920e9e0346d4bd1b,2017-11-21 04:30:36,59.90,16.18
de6db4f3c511147d4ab0a44149a38960,1,c08deb7ccd1916f614546a816fb951f2,1025f0e2d44d7041d6cf58b6550e0bfa,2018-05-18 17:55:33,20.70,11.15
de6db4f3c511147d4ab0a44149a38960,2,c08deb7ccd1916f614546a816fb951f2,1025f0e2d44d7041d6cf58b6550e0bfa,2018-05-18 17:55:33,20.70,11.15
de6ea8b619d37e5f86f1566fb3136a15,1,be4c9d0368829d208573322be600c95c,fa1c13f2614d7b5c4749cbc52fecda94,2017-11-07 10:35:21,123.43,15.61
de72d70497698d2416dc47712bbc7678,1,52c80cedd4e90108bf4fa6a206ef6b03,a1043bafd471dff536d0c462352beb48,2018-02-19 08:27:21,179.00,45.71
de86d7a1250c84c7845795cdcf16a9ad,1,abc3432ff825d8e524db1d4eac6d2099,8d956fec2e4337affcb520f56fd8cbfd,2018-05-22 16:58:01,39.99,7.39
de8f4a82099fe4fa6bcb8952ca51420f,1,f27f3e8b4b3836e4d6cd756dfb83e750,80e6699fe29150b372a0c8a1ebf7dcc8,2016-10-14 16:43:19,39.99,24.84
de96b93d26af6d6a5c3aa622e245b86f,1,d9d3c966af100aeb7047ac8b59a70d4c,004c9cd9d87a3c30c522c48c4fc07416,2017-02-09 12:34:47,109.99,14.54
dea56b3893564838aa0a8b56394f46a4,1,bf53d80c6cb1cbf63ba17e2175d521a5,c6bda72e4dbf5c5866b13cb1810c6d03,2018-02-09 15:16:07,109.90,17.02
deb21a069a630275a86d9f571e371d22,1,a92930c327948861c015c919a0bcb4a8,6560211a19b47992c3666cc44a7e94c0,2017-06-29 01:25:21,78.00,15.30
deb42902805e791b98323850fd5f76d1,1,044f05bc9de36e8a693a83e4bc79dd0d,ea8482cd71df3c1969d7b9473ff13abc,2018-02-22 15:07:06,24.99,7.78
dec187408e75f0e3a10eb475e45e6ab6,1,1e618d311a1b7f88a9d96ec50aa85582,d94a40fd42351c259927028d163af842,2018-01-17 10:48:29,129.00,18.52
dec5dddbabb890eefc4bf9e0b66ad1bc,1,3dd2a17168ec895c781a9191c1e95ad7,de722cd6dad950a92b7d4f82673f8833,2018-02-23 13:51:04,149.90,36.37
dec9169d4f8c2e229d7421e28ef70781,1,719d571299707561c34ba04ab867b32a,0ef83d7d83ed97cd2a0049ac8be5f88a,2018-08-30 13:44:22,49.00,16.53
decd1adc7d738abad2902c966c3ef697,1,f82d1ebd3649e6b83c2d0f611cb5c540,7ad32824caee82087b3e2e5f33b1bf32,2018-04-25 15:49:01,199.00,19.27
def43ca6d79899925ea0c19f4fb63200,1,189f163ac190749c553a4835c22aa3a8,33a6f4b1e7cdc205511e76ba1b6e0186,2018-08-07 20:45:10,63.99,16.64
def6322635f4afb3da8756ad712957c0,1,afd22faefd9584467a374bf7a50f0996,77fccaae319668a8ab6cd0fd16aec48c,2018-05-21 04:12:10,180.00,14.25
df19d1b00a1e07ad04c791d1301baacf,1,ee649ca4e5cd395d0b2ad35f3f6b7d4b,05ff92fedb5be47920fea08e501238b9,2017-11-30 19:53:46,139.84,14.71
df258d3d30d51b9991fe71bb0e4f126c,1,574597aaf385996112490308e37399ce,febab0275244b9a49a623f0bd613ca2f,2017-07-05 13:44:01,49.00,13.37
df258d3d30d51b9991fe71bb0e4f126c,2,574597aaf385996112490308e37399ce,febab0275244b9a49a623f0bd613ca2f,2017-07-05 13:44:01,49.00,13.37
df2b5e7523f6848076e498618e1a00d6,1,96bdf83ce8bcf48510e8a8ab8b5fb660,891071be6ba827b591264c90c2ae8a63,2017-12-04 03:21:13,14.99,7.78
df2fc7ba1ed5d8b9defb1d67ded57fb5,1,c6bf8cc852eee5c4ab264e792a9c23a1,5dceca129747e92ff8ef7a997dc4f8ca,2017-05-25 02:35:14,14.00,8.72
df4b824bd4343d1cb124a2a17a87be00,1,1ec5373950b7877c5de483a123223810,f0e103c63864d5405b958d984b6e94c9,2017-04-10 14:25:18,175.00,22.70
df82ea7ca7f0f799161e0fd92c3ab96a,1,d1c427060a0f73f6b889a5c7c61f2ac4,a1043bafd471dff536d0c462352beb48,2018-05-16 11:58:12,119.00,58.69
df82ea7ca7f0f799161e0fd92c3ab96a,2,d1c427060a0f73f6b889a5c7c61f2ac4,a1043bafd471dff536d0c462352beb48,2018-05-16 11:58:12,119.00,58.69
df832acdcfc236969ab361d4597e6e0a,1,e0714d4d2e52b1fbc8e851dac210333a,d7f1cfc638473be93baedbfd02208016,2018-07-26 05:03:25,30.00,17.14
df9a9799d18fea4a40cc802a44f7c400,1,6ebc84d95d4340324cf0cb525e495eed,e8a85b5f3df47be0984c55fd4064dbb4,2018-07-05 15:50:51,24.00,7.75
df9eb91b90f72e0b73a3b71466a9a44f,1,79b1bbaa733d92414726da0dc53e221c,6e386f64c84e482f0b9abf960797ee1b,2018-06-14 09:00:43,397.00,27.13
dfa133091470b285a434fad21fb4bbd9,1,5233802c90651b80bc4ed98158a68823,eaf6d55068dea77334e8477d3878d89e,2018-08-01 16:25:24,17.00,18.23
dfaa4ce943a8dba10b754befb76fdb49,1,e3dd336775af78a83fc27ed85f0f15da,edb1ef5e36e0c8cd84eb3c9b003e486d,2017-11-30 15:17:28,395.65,17.52
dfe927ca4859176d7377a7543078d4b1,1,b3a3a5bfa5a1ee872afa9c86b8a0d0fa,11bfa66332777660bd0640ee84d47006,2018-08-12 21:25:21,9.90,22.93
dfee6abeb1d68f04563ff2499a4dccfd,1,c1254983bd81d72b96867b6838582cf5,d7485b33791774c36108f8c69602d48d,2018-06-26 18:47:21,34.99,21.55
dff0494b87d4607872757269757c7bb1,1,8301e489165ea0f91dd987fafebbe58c,537eb890efff034a88679788b647c564,2018-02-22 15:07:00,28.90,25.63
dff351d499a7a16d302eb0c77d6fc100,1,e24c96c234ee0f2b0947bd394ec402ca,dbc22125167c298ef99da25668e1011f,2018-08-02 11:24:25,104.60,15.80
e0043b9e113bdc5f84b14893d62e00ac,1,c6e3c9a59b663e36a8b95b2dde81fa33,5b925e1d006e9476d738aa200751b73b,2017-11-30 04:15:21,159.00,12.32
e008eec42c3cdeca3e9b47a91fbc848a,1,422879e10f46682990de24d770e7f83d,1f50f920176fa81dab994f9023523100,2017-10-11 03:04:07,59.90,17.67
e008eec42c3cdeca3e9b47a91fbc848a,2,422879e10f46682990de24d770e7f83d,1f50f920176fa81dab994f9023523100,2017-10-11 03:04:07,59.90,17.67
e02e125437cc2226be342ae222e83a15,1,169837a0e2864f37482261c3d7a2dd80,b0f2a6122a90a93eb03e68653dd960e3,2018-07-25 02:55:28,58.90,15.51
e032067cbea43b5e3d9a4c1ebec40f3d,1,a50b1500d1f7ec62d2f3fba260974613,6c7d50c24b3ccd2fd83b44d8bb34e073,2017-12-18 03:58:21,86.30,23.47
e03802b5209c43fd6ba9d5fefbd664ca,1,0b6a32b32a7dc68b12e8a0e0805c44d5,fa1c13f2614d7b5c4749cbc52fecda94,2018-03-01 02:30:44,195.90,15.12
e03f2a110a3c771d1e0e126f139503d9,1,b24af8bca8813bcde4140ff8562f5e47,ea8482cd71df3c1969d7b9473ff13abc,2018-01-25 02:37:00,49.99,7.78
e04d9eacedc0dca9d83c14fcb0d7276c,1,68bec1af3851f58027db8beadf3914d7,b2ba3715d723d245138f291a6fe42594,2017-01-23 14:04:48,84.90,11.20
e05824bce3b3c69a0632e8e75b1a7e9f,1,610c673331ac3c4fa0f393ce5af9aa2e,8b321bb669392f5163d04c59e235e066,2018-03-15 17:10:29,13.65,15.23
e05832d71fad97ae7744fc444ce72075,1,facd7264a689baabdce2373c4feb2dca,c84592044b180dec206770c38603814b,2018-03-26 08:49:41,20.00,8.29
e05c05475cc96f65f8c34274398840d9,1,0f370babdc8148e1dd9d4bfc3235982a,6560211a19b47992c3666cc44a7e94c0,2017-06-26 22:55:16,49.00,7.78
e05c05475cc96f65f8c34274398840d9,2,7703b8cb5b77fbb36518ea91e2ca734f,6560211a19b47992c3666cc44a7e94c0,2017-06-26 22:55:16,39.00,7.78
e061fd2fe7ac86187875963e906ecaa8,1,9979e4194cc6ffdd0638449218eda062,903037660cf848a717166eb7a06d616e,2017-03-02 13:35:18,86.90,9.60
e06fdebc12c0419b48541e02526f2292,1,7340a3839a1de1e99d149b8cf052a2ec,4a3ca9315b744ce9f8e9374361493884,2018-05-14 19:15:24,69.90,13.85
e06fdebc12c0419b48541e02526f2292,2,7340a3839a1de1e99d149b8cf052a2ec,4a3ca9315b744ce9f8e9374361493884,2018-05-14 19:15:24,69.90,13.85
e0740375ce45558ac111af54a98325e8,1,a855248349fb73a158bae22b79ae955f,1336efc61c316ddf92c899eb817f7cae,2018-04-11 21:08:30,49.99,19.32
e07458f57b68cbe6f13c8b6161aa48ca,1,b1ab3619ae093935fbb0e0033ac2046f,1025f0e2d44d7041d6cf58b6550e0bfa,2018-07-04 23:30:14,120.00,21.28
e077d52f6cbef7bb5e3e3e147e44a189,1,362b773250263786dd58670d2df42c3b,4c2b230173bb36f9b240f2b8ac11786e,2017-11-13 04:26:24,49.90,14.10
e07a6c5dd28e6b5ec4806a1ca8325e3b,1,fe3dd7b13c2aaf66e4fa4132f5c71da3,5b67882648febfb6e1225e6ad7164f6b,2018-04-10 09:48:43,390.99,16.82
e09eca55c225b904c8579bb1c56b77b2,1,5926c58c462b5d1f932ef3f0a9e37d41,c64a2aec32cc408a8a4c6d7c46017f91,2017-12-21 10:31:56,386.75,63.17
e0ba11a8f559fa965f2e848bf086d197,1,f9025647e0a95c843a2d85c23df34c6c,3586b8580d9c917874e053a1bb37b5ff,2017-10-06 04:04:46,48.90,16.11
e0d4f16621f76377959e79ecd61f69cb,1,65b96f012e6206481aeb67d31dd9b146,6560211a19b47992c3666cc44a7e94c0,2018-06-28 20:07:42,69.00,7.64
e0d4f16621f76377959e79ecd61f69cb,2,dc52f0f5d3ec37a93eaf956cde4e5d2c,6560211a19b47992c3666cc44a7e94c0,2018-06-28 20:07:42,49.00,7.64
e0d4f16621f76377959e79ecd61f69cb,3,b84520a57891e7a8ae2c68741dcc7146,6560211a19b47992c3666cc44a7e94c0,2018-06-28 20:07:42,45.00,7.64
e0e2dd62e7153d8f3f03e62b4b476392,1,cb26d15d1b6eabaac7c0803774245884,ccb83a794700270fde70898fe9ff368b,2017-02-25 21:50:47,969.00,128.17
e0e83bdc2be394626d0f9177dcde0889,1,38fbdbd0a9be4733e29cd1afe360e23b,167fd940acebc789debd6eb418c46e38,2018-04-06 15:31:04,149.90,13.49
e0f9722525043b60edddacd46709fea1,1,e5f4167c170ccd8777cbf51841b6f7f3,7722b1df1b0e383e000397b2c11e3e19,2017-05-17 22:50:21,67.90,15.23
e1017b936851c9cfe214af471fa314ac,1,6d7a4492be45dfb8e38e762efe6614a4,ea8482cd71df3c1969d7b9473ff13abc,2017-12-14 16:53:26,27.99,14.10
e102f8dfd6da168838a2d13dfbc3bb10,1,e0d64dcfaa3b6db5c54ca298ae101d05,4869f7a5dfa277a7dca6462dcf3b52b2,2017-08-16 03:25:44,179.90,12.76
e117ced88985de310c55a4f417b2028d,1,0cb9f521598f339ad6e6b41e34a1b169,ea8482cd71df3c1969d7b9473ff13abc,2017-12-04 14:30:41,109.99,8.02
e11b41677b48150784cf28b5c87055e0,1,32d058f0f2989cd05c927c0f481a1e43,080199a181c46c657dc5aa235411be3b,2017-10-09 04:14:26,179.49,9.45
e11e0f810b87b5bcbc4ce90273881f6c,1,5bc5b37461d0d4ee9b6e9507b01fc1d7,d4e12e7884759a14fa0f5f896c791cae,2018-07-24 10:25:16,49.80,18.45
e11e78a150492da775d6acead338315c,1,46737a24b6230ab90d6df497df0a2b43,ed4311e67debd72b8610a5347a743087,2018-01-23 20:30:49,200.00,35.57
e12019a9afee02a4355f3629cc804f9e,1,4b703444923b5e57bb73ba343f5ebab7,42b729f859728f5079499127a9c2ef37,2018-05-21 22:56:08,35.90,15.23
e128a277a345197ba9155d63c2666f99,1,09e90effb944a6866b1d4b058a15f70c,f3da5b2ff499efb8d4a6d371d175d7dd,2018-06-22 02:55:13,19.33,15.24
e147eb86ed23b0e106ce62cec5c6df6a,1,1346e52897253207e49624d96aa60471,d91fb3b7d041e83b64a00a3edfb37e4f,2018-06-12 15:55:24,96.00,42.73
e148d34dad8db4dc18a911c2a74413d7,1,8d578db76b524efa43a961df4ac2d7d9,9c068d10aca38e85c50202e17b4a7e88,2018-05-30 11:53:22,129.90,31.56
e14ca33656133486b155bc46e5b742c1,1,f3c5f7d4a6b87b94a7ce5fa1c1b2ca10,1354d51653f645349064725ed204e85e,2017-06-16 16:50:10,90.00,7.88
e15f1e584322c33341bb95913477ae2a,1,656e0eca68dcecf6a31b8ececfabe3e8,00fc707aaaad2d31347cf883cd2dfe10,2018-04-12 16:13:29,94.00,8.00
e169b880e5f68fbd4500941ac7107168,1,90fe2fe298ee4705129235c33958fea2,1430239a858e7682bbc43b20758af153,2017-09-15 13:35:26,39.90,14.10
e16e5b4572640ddc3de053a9b0f6432b,1,4630317645c09161b7409edb2448a828,7c67e1448b00f6e969d365cea6b010ab,2018-03-19 16:31:05,192.99,37.45
e16fb24453a306d5d6ba1fb3156df7a4,1,8d2b53933a7aae1c8bfc6391385dc069,1da3aeb70d7989d1e6d9b0e887f97c23,2018-08-10 03:24:54,8.99,22.06
e1860ce96baa10d7f08d86aaf5927459,1,99a4788cb24856965c36a24e339b6058,53d00c40e32aeb924a84ce72b1af869d,2018-05-08 18:31:45,83.79,9.27
e19d4bc5b01581909777e6e48cec1e96,1,596e3ace8e8329beb05bb40700a659f7,e9511df20ccd82658a30c37b7fb343af,2018-02-07 04:30:53,16.50,12.69
e1a8489fda3f7a66e003134d7b4e6a59,1,880be32f4db1d9f6e2bec38fb6ac23ab,fa40cc5b934574b62717c68f3d678b6d,2017-06-12 10:50:16,42.99,25.63
e1a8e28c43be15a1b32b5fce8c126594,1,3b4db17ce4f2c8731f83b093db7aa0b1,7d456afc660226829370f3173d14520c,2017-08-14 23:25:06,196.00,17.62
e1bcc5095d07604629d0bce9477d77a9,1,ef4f89f8ee26b84496a7f8e7dc76029d,b566ab0ef88016e00422755e305103c6,2018-04-02 10:35:27,195.00,29.95
e1d476e141862d870436d761b312032d,1,2c42bf0cba650bd08bfeac2412b06ef6,2d50d6282f8aa2257819a77bfaa0efe0,2017-09-14 14:15:13,49.00,16.11
e1d6acaba6d1e84b8514575b9ef6fd71,1,d1c427060a0f73f6b889a5c7c61f2ac4,a1043bafd471dff536d0c462352beb48,2018-04-24 21:11:26,119.00,17.60
e1df35a4d8a73d8ad53be0f5993e6af4,1,34ed9519613c77484479167190ccaf3b,4a3ccda38b2129705f3fb522db62ca31,2018-04-11 02:30:25,54.90,18.26
e1e5a84a3748808d3ff0dcb4b58ac5dd,1,89f59eee27a6a49b9f0d887136c71cd4,edb1ef5e36e0c8cd84eb3c9b003e486d,2018-05-22 00:23:31,1299.65,17.39
e1ecfe26de4293cc0e26bac6c0359f09,1,8a2c3b7ed6d098de813279ade9a1d0de,3b15288545f8928d3e65a8f949a28291,2017-10-02 19:50:20,169.99,34.46
e1f07bd016a804b8e38ba7dcbe65d663,1,2da57168cd8fff36cb88b21369ce7e6d,5bc24d989e71e93c33e50a7782431b0e,2018-06-28 23:17:59,120.00,27.14
e1f693a7777b9f6ff730a9d2b45a56cb,1,2362291929f77eccf5f5cb26029dcf90,8581055ce74af1daba164fdbd55a40de,2017-05-19 10:42:46,78.00,21.04
e2047aaabab2869c1080a51c3e6b64ce,1,99a4788cb24856965c36a24e339b6058,4a3ca9315b744ce9f8e9374361493884,2018-06-12 15:10:33,79.90,34.00
e2047aaabab2869c1080a51c3e6b64ce,2,fdbd77fe1773263558126c16e0b4b67c,8160255418d5aaa7dbdc9f4c64ebda44,2018-06-13 15:10:33,119.90,1.70
e2047aaabab2869c1080a51c3e6b64ce,3,99a4788cb24856965c36a24e339b6058,4a3ca9315b744ce9f8e9374361493884,2018-06-12 15:10:33,79.90,34.00
e218234621ce56589ca6157a7cf827ac,1,0b148966d6d89f4ab8fd3472df4a8648,18a349e75d307f4b4cc646a691ed4216,2017-09-25 09:55:24,24.66,8.72
e218234621ce56589ca6157a7cf827ac,2,0b148966d6d89f4ab8fd3472df4a8648,18a349e75d307f4b4cc646a691ed4216,2017-09-25 09:55:24,24.66,8.72
e21fd08d7e36f975120cb6392ee71ad7,1,f1c7f353075ce59d8a6f3cf58f419c9c,37be5a7c751166fbc5f8ccba4119e043,2017-07-07 16:30:23,205.00,26.27
e22127be7a5664250637f87a4d12410c,1,52e9413ed0d3e64b796aac2bc2291d50,7f2617c58d5d06806987308b45654351,2017-08-30 20:55:41,149.90,9.24
e227bbccb113df7570b250faab62f29b,1,f264c1d9b20b5e4a340254d0405e613b,7a67c85e85bb2ce8582c35f2203ad736,2017-07-14 12:30:20,69.99,17.74
e235f2f2440fa2abd4c0777a2fda1026,1,dd735a55e6c75fb8fbe93e14d1c3bf07,8f78f0903005064036736c7173a5c2ed,2017-10-16 20:49:23,26.90,15.10
e235f2f2440fa2abd4c0777a2fda1026,2,b22be29b1a6f923436642bb5fe433071,8f78f0903005064036736c7173a5c2ed,2017-10-16 20:49:23,26.90,15.10
e2456fa3a339b1e8aa3ea8045a1ead4e,1,6a162a899a815ed15db1689e8efc976c,b94cc9f10ddc85e4ba73a6f7974e7101,2017-11-09 10:25:45,599.90,23.44
e247a0570d308da27cd7f349902e66f8,1,129de02d0ac6adf4f77c41bc157adbeb,1d4587203296c8f4ad134dc286fa6db0,2018-03-19 12:10:28,14.90,12.79
e26e9f6ac81aba6e29fb44def001d695,1,466d263ce8b7bd275003ee2104428127,ef506c96320abeedfb894c34db06f478,2017-06-29 05:03:06,25.99,25.38
e26f55a50645c4ffe8f2278b9c7e05b6,1,a294436012a512193adfae667b8465f8,de23c3b98a88888289c6f5cc1209054a,2018-04-24 10:10:56,139.99,11.60
e271f030943591ad904d1c1ffdfe2a1f,1,54d9ac713e253fa1fae9c8003b011c2a,955fee9216a65b617aa5c0531780ce60,2018-01-22 15:31:10,29.50,20.84
e27b496ee62de9d46e3f1ed56c2c49c3,1,3354a4e684f5e7199f9407db70ccd92b,7a67c85e85bb2ce8582c35f2203ad736,2018-08-15 11:45:11,85.99,23.40
e288fa5f1799464f8ec22b005044bf8a,1,54e68dc384678ee9280afd42a1b7d97d,7040e82f899a04d1b434b795a43b4617,2017-10-06 00:49:25,19.90,15.10
e29da678b1634c56e518d57a3354fbaf,1,f43ac43eb75aca4dac0ce5671b5facb5,ececbfcff9804a2d6b40f589df8eef2b,2018-06-12 19:30:56,88.00,13.06
e2a875ab76ae9c68c532baa517d90363,1,3e5201fe0d1ba474d9b90152c83c706c,8160255418d5aaa7dbdc9f4c64ebda44,2018-03-22 10:24:54,122.90,14.22
e2ae500f28aab47adcb9f215fac99b5b,1,a92930c327948861c015c919a0bcb4a8,6560211a19b47992c3666cc44a7e94c0,2018-06-17 23:18:59,78.00,18.65
e2b7031b8151dd5de69d77a161b19c44,1,8c292ca193d326152e335d77176746f0,7e1fb0a3ebfb01ffb3a7dae98bf3238d,2018-02-19 13:35:50,150.00,12.55
e2b81f0134f91f1be92e48ef39ee0d99,1,c326c16c4e67b3648c8992954d628795,2089a6d640999f9b9141ac719b2af596,2017-06-28 18:55:06,499.49,28.78
e2d728d25671b9cc26c08107fad09654,1,c3b9c5a3a88d5cd18800fb865741d9ad,37be5a7c751166fbc5f8ccba4119e043,2018-05-09 17:12:41,160.00,34.66
e2e85885a15f712ba00eb35cf5be7cfd,1,a448325c57fbf792a2f6ac7d1b730917,5151aea44289d6c6b090ee31c2132508,2017-02-27 11:36:08,187.90,23.61
e2e8773d11f4499f15349b8f613350a0,1,7273e94a33eb07341d5d86a7b815f901,2a1348e9addc1af5aaa619b1a3679d6b,2017-03-02 15:22:14,139.90,11.59
e2ea04401857fff26dea0694a4d1bb99,1,3b60d513e90300a4e9833e5cda1f1d61,c826c40d7b19f62a09e2d7c5e7295ee2,2017-12-28 12:16:24,159.77,18.69
e2ec0a81f014ff5006648b818c33219c,1,53db18171eeeead5f0a7ea398054c298,d5ba419e26d246a0719437cf37d9b46d,2018-06-04 13:49:49,196.00,16.25
e2fa3a143afcfe0dc65730a780af43e1,1,46b0edb9f3206f9c093f3ab71e77710e,6edacfd9f9074789dad6d62ba7950b9c,2018-05-14 13:50:24,118.90,19.80
e2fbe37c6717808ef07b8f2b1cc63c40,1,fb1c85ab4adb8f0fd63d3e2156e51f4b,c3cfdc648177fdbbbb35635a37472c53,2017-11-21 12:06:42,64.90,5.40
e2fbe37c6717808ef07b8f2b1cc63c40,2,fb1c85ab4adb8f0fd63d3e2156e51f4b,c3cfdc648177fdbbbb35635a37472c53,2017-11-21 12:06:42,64.90,5.40
e2fbe37c6717808ef07b8f2b1cc63c40,3,fb1c85ab4adb8f0fd63d3e2156e51f4b,c3cfdc648177fdbbbb35635a37472c53,2017-11-21 12:06:42,64.90,5.40
e2fca022373f1b683cf49d41e76ec1e8,1,e4d34d3dbd367b0021e5d65105870180,23a0ffca143a15b9b5bbdb7d552f626a,2018-04-08 21:28:58,85.50,22.31
e31fbb2860d15276b1e38f43e9423924,1,c37123a4ab536f2b55e1164f5759318a,06e5eefc71ec47ae763c5c6f8db7064f,2018-05-23 19:12:55,156.99,18.27
e31fbb2860d15276b1e38f43e9423924,2,620f37abb44d006ced91c81d81db0412,06e5eefc71ec47ae763c5c6f8db7064f,2018-05-23 19:12:55,289.98,18.27
e339dedb65f3cb8513ffe6dfa54addae,1,96ff741d2c7879406ec3054d6b2a11c8,6560211a19b47992c3666cc44a7e94c0,2017-07-06 15:05:14,49.00,14.10
e34b841641aa07f65aedb6b71194a2e2,1,cd66fdcc09793a54b109fee14eee72cd,c840d3fdbba0790404fdae73d253b253,2018-04-18 16:09:28,129.05,19.87
e35fda43bb9963155d19ccc348e92845,1,cf857bce01d442bb8631a548a4432def,271c58a1d139c45eaf3316107c6d3a3b,2018-06-27 18:21:28,169.90,24.34
e3650ea29ce4ca131ce317a0f291fd56,1,7abbaef823e4f46c3658df45933a06ae,17ca9b9e9b9ef8fdb529001b49ebb50f,2018-07-17 13:30:13,119.97,23.99
e36c63ea06394d310e4b4ce9334c0392,1,583f158587cdecda3e8bdea694021e39,955fee9216a65b617aa5c0531780ce60,2018-04-05 16:27:28,45.00,19.32
e38515b101676663b3f2cff2a323bbb5,1,a31e3a35fb5ac942c137446709379100,f45122a9ab94eb4f3f8953578bc0c560,2017-07-03 21:23:47,59.99,17.67
e393cee11ecbbcc2a9b3dd06a660957c,1,99a4788cb24856965c36a24e339b6058,4a3ca9315b744ce9f8e9374361493884,2018-06-08 14:31:23,79.90,23.14
e3956b68479689ff22eaf1f931ddaa29,1,6647429facfcec3f6bb7162c85985c6b,0b1ca3ef18a63d7eb0c8897fa0849c08,2018-04-19 02:11:31,55.00,7.87
e3986fbe94481f46e166546a83cf8bf0,1,cec09725da5ed01471d9a505e7389d37,4d6d651bd7684af3fffabd5f08d12e5a,2018-02-07 15:31:23,69.90,20.98
e399cbb0337c90fe1809b307fcbe5b36,1,12a5914d1826c08632a428b769a4eb30,ae45df84722b1d15c5f32b23a095746c,2018-06-20 02:31:24,40.00,12.94
e3a641fa10d7f975e743158d69c10ddd,1,2b4609f8948be18874494203496bc318,cc419e0650a3c5ba77189a1882b7556a,2018-03-28 23:30:53,79.99,15.38
e3b5fc6a21524bb02af5c5ae8934c216,1,467c6bb41a33d10e03816f139e7baf85,3c03b12bab54d8b37d79d914bfdb1aa0,2018-03-30 00:48:31,28.70,15.23
e3bcb51f9cf80e278397c1c56d827285,1,0cf41187284d7f099adc8415a743ebbd,bbad7e518d7af88a0897397ffdca1979,2017-12-13 23:12:20,35.90,16.11
e3bdef3908e4c6a22a657b3786f89d4d,1,3a4db42aea95097b7a616b36f21d143f,b2ba3715d723d245138f291a6fe42594,2017-12-12 23:56:36,234.90,17.89
e3c2135c38233042e0bfa35a97882582,1,362917ef32b7ab0660f1d2b1111396ac,344223b2a90784f64136a8a5da012e7f,2018-01-23 22:19:35,10.90,16.79
e3c4e25333597368379529a91b6970a1,1,36d74b6f7d7c0e188328c310f9d9896e,5f2684dab12e59f83bef73ae57724e45,2018-08-07 13:55:13,59.90,8.58
e3c57d0ebff7edcd11f4f15e59ccc852,1,51c3bce480bc653e51d768e09253d6dd,d97df38225e5abadaff1e72cb72b823c,2018-06-11 13:55:21,70.00,18.37
e3c93a72c954974ce7fb82a5f97d8b89,1,bf84efc59aa20236fc3cb0d7a9e7ca44,9646c3513289980f17226a2fc4720dbd,2017-02-21 21:34:14,38.00,10.96
e3d86ff081e92dedbd7b2a87838f0159,1,37a0aa952d52e1141cd6e9b489a82f4e,013900e863eace745d3ec7614cab5b1a,2017-12-29 14:57:29,55.90,44.24
e3f2faf5604308ede614257aeb86ccf8,1,44291e25afe160dfe5f844da1b0f8b15,3c7c4a49ec3c6550809089c6a2ca9370,2018-05-18 15:59:46,13.99,15.23
e3fdb4acd9e17c8b90cb9632990ee786,1,c07d367dd7b78b0558e7a3e1e1a975c8,4a3ca9315b744ce9f8e9374361493884,2018-01-08 08:17:09,422.00,55.55
e40432477b0a9de5823fb1c0fd293a5b,1,6e649da572cb3e7bd20ef7203d43829c,0791d9fc1e30678ecf03d3e55fa108d3,2018-08-01 03:24:23,78.00,21.85
e405bc96c83c1abef95a51cc9e8ca865,1,cd48f265a63e13b762601f5f794c5fca,e9779976487b77c6d4ac45f75ec7afe9,2018-02-22 06:56:22,47.49,16.11
e41e7842fa15d821ce598a8b80915cd8,1,d6897f1dfdc99bbbdfda785158793d45,508808d438fe2ff972ed13bb8f4a82e2,2018-08-29 22:45:14,41.99,8.44
e41e7842fa15d821ce598a8b80915cd8,2,d6897f1dfdc99bbbdfda785158793d45,508808d438fe2ff972ed13bb8f4a82e2,2018-08-29 22:45:14,41.99,8.44
e4309eeca1cfe3c6df5a187c38817a5c,1,ccab0a345f7929a38c73b0f978107e74,f46490624488d3ff7ce78613913a7711,2018-06-14 09:30:38,114.90,44.50
e433edc92cb5e3ae5515301b3309e303,1,4298b7e67dc399c200662b569563a2b2,88460e8ebdecbfecb5f9601833981930,2018-03-05 03:10:38,149.90,13.18
e433edc92cb5e3ae5515301b3309e303,2,4298b7e67dc399c200662b569563a2b2,88460e8ebdecbfecb5f9601833981930,2018-03-05 03:10:38,149.90,13.18
e433edc92cb5e3ae5515301b3309e303,3,4298b7e67dc399c200662b569563a2b2,88460e8ebdecbfecb5f9601833981930,2018-03-05 03:10:38,149.90,13.18
e434f79ea884de16e5a8bf32afee5333,1,93a12c289ca2b78e7069e469f5053ef2,88460e8ebdecbfecb5f9601833981930,2018-08-08 13:05:17,124.90,22.80
e434f79ea884de16e5a8bf32afee5333,2,93a12c289ca2b78e7069e469f5053ef2,88460e8ebdecbfecb5f9601833981930,2018-08-08 13:05:17,124.90,22.80
e43a94e0ef58ee8b2507c9176c7581d1,1,29427de7f8a9ee983d9dbc51cec569b4,7a67c85e85bb2ce8582c35f2203ad736,2017-08-24 02:15:59,99.99,17.95
e441fe4a9a90a9174dcecd88671cd3c3,1,163da86e86f0089de089399c28c3fcbb,9f505651f4a6abe901a56cdc21508025,2018-06-19 15:31:33,99.00,19.60
e444d35248c6b1c8b408719cf0cdae3d,1,e7be84ea9462aac5e2b0b08eb35ba7f1,36a968b544695394e4e9d7572688598f,2017-07-13 16:30:13,4.90,8.27
e494c29003c61332fdf1340bba650cd3,1,e9cd877ece530798c06b7f8d31b631e3,70a12e78e608ac31179aea7f8422044b,2017-11-10 11:47:49,45.00,42.38
e49d2358f7bb8587895c7cb6cd635396,1,dce8ae5ccc379f3de517423fccda65cb,fa1c13f2614d7b5c4749cbc52fecda94,2018-03-01 02:49:36,138.90,21.77
e4a0627e35b5bb50621fc55c9ccc7ea2,1,19421075ae0b585f2dc13ff149e2119d,4c2b230173bb36f9b240f2b8ac11786e,2018-04-13 15:51:07,49.90,14.16
e4b08027ba9629dd5aee79bff0dcf804,1,a62e25e09e05e6faf31d90c6ec1aa3d1,634964b17796e64304cadf1ad3050fb7,2018-07-19 02:50:15,105.00,23.89
e4b6df3eb118302bd304c9d02ca19afd,1,1574ed2c73e4465c572f68dd77528203,17a053fcb14bd219540cbde0df490be0,2017-10-19 20:49:16,379.90,34.26
e4b6df3eb118302bd304c9d02ca19afd,2,1574ed2c73e4465c572f68dd77528203,17a053fcb14bd219540cbde0df490be0,2017-10-19 20:49:16,379.90,34.26
e4b774f7fa2c4ce8052731dfeb5cc3f2,1,e06f99e79036d681effa3de75989bf22,6560211a19b47992c3666cc44a7e94c0,2018-06-28 19:35:26,59.00,22.34
e4c35e0087c99d3416b1d90566f28e3f,1,99ba5fbf3ae895fe3a9289acd0a5eb91,562fc2f2c2863ab7e79a9e4388a58a14,2018-05-08 16:56:59,39.99,12.79
e4c5944219ba806a2c6bc1596facb602,1,e03102efbc2229024c89be731f0aedcb,2c9e548be18521d1c43cde1c582c6de8,2018-02-15 18:30:26,34.90,15.11
e4cf3be0bfaec7868f5c8ac4f977f997,1,154e7e31ebfa092203795c972e5804a6,cc419e0650a3c5ba77189a1882b7556a,2017-09-25 02:45:20,23.99,15.10
e4d23e4aa01e7ed940ad8a6c2e94934e,1,271ce3fc018562e90257af8cd2af06bd,7b07b3c7487f0ea825fc6df75abd658b,2017-11-30 20:11:24,72.62,9.34
e4d61351ce186ccc134b684f991a3abd,1,0a4d993019c68fcc5269dada27c3db6d,1bb3812d5f0747a3ab7348f199001a10,2017-12-06 14:17:12,84.90,17.84
e4dbab8bc2ed64c1bfeb63cf0765c0c1,1,cfbd9afef85eecef5aecf32844d2bc07,3d871de0142ce09b7081e2b9d1733cb1,2018-03-08 12:28:57,105.00,13.07
e4e28f77bd50442ca9e5d0b0fd55c7bc,1,2d4b08af04c0467f37569071672ce199,d79e8478eed9999493990b44955fb22e,2018-08-22 11:35:17,109.90,15.87
e4f5793a41c3b7fc06fc62b75a8ecb47,1,20a3c5e7a7b340a10612559c2a03f68c,7142540dd4c91e2237acb7e911c4eba2,2018-03-15 02:30:36,69.90,23.90
e517f71dc88296f054e8c386ddce3069,1,29427de7f8a9ee983d9dbc51cec569b4,7a67c85e85bb2ce8582c35f2203ad736,2017-10-20 10:06:04,99.99,16.95
e531f04ac27aac6bf0cba03986415776,1,685919d3ededc26c0ec078b32241025a,855668e0971d4dfd7bef1b6a4133b41b,2018-04-19 02:15:26,52.00,22.94
e546da8f5a68e30c67e5cdbb75a3447f,1,ebfe7a4ca40dd34375e373405a114c32,a2e874074c877c5a05abae80ad6e488f,2017-08-10 16:25:16,48.89,15.10
e54ac9a4438ed19f1367717699a2863e,1,30011d8ee44c9842921cbc7c1445544e,4bf2f4ee540798a61f9636d12cd9cc80,2017-09-28 15:50:13,192.00,16.09
e55d5c08b9e26113f2f0b5b9ee191b65,1,c556dfe03a2efef617497a3de58cb44d,7e93a43ef30c4f03f38b393420bc753a,2017-08-31 11:45:39,185.99,19.84
e560cc6069dbeeb38995174a47c13674,1,8c591ab0ca519558779df02023177f44,a1043bafd471dff536d0c462352beb48,2017-12-05 02:16:41,89.99,64.05
e56f72c9203fe285a42e1c21888e44d1,1,24c9d329963373e2fccaa3f3204db19e,7299e27ed73d2ad986de7f7c77d919fa,2018-06-25 15:59:52,69.99,40.06
e56f72c9203fe285a42e1c21888e44d1,2,90d11936871062d5cb6d23175734ea91,7299e27ed73d2ad986de7f7c77d919fa,2018-06-25 15:59:52,40.00,4.57
e5858127da61f07285827883e605254b,1,9bb2d066e4b33b624cbdfec7d50b3dcb,2c43fb513632d29b3b58df74816f1b06,2018-06-27 16:00:04,99.80,15.00
e587da74353d520a30d8a30587229f22,1,c8cfa622661e047ea2499f8bce4731a5,4b9750c8ad28220fe6702d4ecb7c898f,2018-05-15 12:55:57,134.90,19.91
e5989171218c1c7948bcca1c93ec2a6b,1,0f91b6a95a57a43203a9b17de98960d9,ef0ace09169ac090589d85746e3e036f,2018-03-21 19:50:33,119.90,22.55
e5b2ed06cede059b5085e68c5225d993,1,1ec486885049bbb9b79351d150ed18c4,cab85505710c7cb9b720bceb52b01cee,2018-01-11 13:10:28,49.90,17.63
e5c83b9d7049d45d07109c42cb808281,1,0135900191d4383219257d6fde585ccf,070d165398b553f3b4b851c216b8a358,2018-07-16 16:55:30,158.99,37.44
e5c83b9d7049d45d07109c42cb808281,2,0135900191d4383219257d6fde585ccf,070d165398b553f3b4b851c216b8a358,2018-07-16 16:55:30,158.99,37.44
e5ccd8b1ea09c33c4fc4f38dd671cd15,1,b623b7cb05ee3248fbe4a6ecbeed79a4,7aa4334be125fcdd2ba64b3180029f14,2017-06-21 12:23:40,78.80,12.89
e5d5cc62d5d1e1a4e31d7e581247de3d,1,583f158587cdecda3e8bdea694021e39,955fee9216a65b617aa5c0531780ce60,2018-03-06 22:30:23,45.00,15.11
e5d5cc62d5d1e1a4e31d7e581247de3d,2,583f158587cdecda3e8bdea694021e39,955fee9216a65b617aa5c0531780ce60,2018-03-06 22:30:23,45.00,15.11
e5d8cfa5be1c79663c3c10804a02a372,1,b1d207586fca400a2370d50a9ba1da98,1ca7077d890b907f89be8c954a02686a,2018-01-23 08:15:24,149.00,16.48
e5da8f29d47b6f0f3ef8ab33a013a0b3,1,9bc7d25a36d620cf449cfdebe3de132f,01fdefa7697d26ad920e9e0346d4bd1b,2017-11-27 23:06:22,57.99,16.17
e5e002b62cfa5c3917cd18d862778916,1,0296dd002a346e3bbdda4e0bc48a5073,eb3071b9f0b0ddaa2df5ea130f09f26b,2017-11-17 16:50:54,510.00,68.38
e5f3aa7d16fea584333063fee66666b5,1,6addacff5b9a648cf0760f3d943b99b0,2156f2671501a81034d7d07f217609d0,2017-12-07 02:38:05,54.60,14.13
e5f642cd02cde85e17b08c8c1534801e,1,d1c427060a0f73f6b889a5c7c61f2ac4,a1043bafd471dff536d0c462352beb48,2017-11-13 17:47:37,149.99,40.38
e61a7dc1fe0c1e1372543d0de05f809d,1,77ae02eaaa26f680c28c257388c2e1f9,6a8b085f816a1f75f92dbac6eb545f8f,2018-06-11 12:11:47,199.90,19.28
e63535549952058863a162a6c807e0d6,1,4fe43f61e04cd41cadc3bebf606fe77b,4a3ccda38b2129705f3fb522db62ca31,2017-12-28 02:12:39,130.90,34.72
e662e53aebe0a6c5d95652938e2f66d9,1,7fb04722aba7a2b632bac8f9819796f3,f3b80352b986ab4d1057a4b724be19d0,2018-05-24 08:56:47,90.00,18.88
e677b67c28dfc75969bbf0ff515c0983,1,8ed094bfe076c568f6bb10feada3f75d,7c67e1448b00f6e969d365cea6b010ab,2018-06-06 08:30:35,179.90,64.88
e67c5e18a6f322301db55af5c4541aff,1,2a5806f10d0f00e5ad032dd2e3c8806e,7c67e1448b00f6e969d365cea6b010ab,2017-11-28 19:30:59,169.99,56.47
e6ab8245f96b5c84ade5edfb8e0c2753,1,1cc61b32763a4d816212b3507b6b6c59,527801b552d0077ffd170872eb49683b,2018-05-14 04:54:35,524.90,17.76
e6b2afa6b02c9f066002cfdab6d53080,1,ed2067a9c1f79553088a3c67b99a9f97,cbd996ad3c1b7dc71fd0e5f5df9087e2,2017-10-01 22:48:01,56.97,16.16
e6ba7ef3fa398a176291132b06cd519e,1,acac295886c915b0bcb309cb4158c0a7,1d0997ff06b524ce9289ffd75114ecd3,2017-01-31 16:21:48,1999.00,24.00
e6baf197cf97695698df42588f7c0d05,1,6d68112743e7ed2de3932554b033f544,0d33a55da925bbf1ff02af5f6059fc7f,2018-05-07 05:55:20,28.00,8.88
e6e4672e14ca0ff3cbdf2e23e1d6cc30,1,2d6dfe6841db8445d145a67913aec9d2,788e857f317e53de488d393e65a80f45,2018-06-13 04:12:41,110.00,15.65
e6f9a5b68fb526cd3212c1bb62436c83,1,a2e281fad531f293409da05efe8097fa,39d54ff918774174706fb065d7f9dc07,2018-04-30 03:31:26,15.00,7.39
e70079a333e4ddca8787daf05873a6dc,1,630e1e89b84dc36567deec47c7e373b1,dc8798cbf453b7e0f98745e396cc5616,2017-08-17 11:23:56,64.90,7.78
e703f9ab67e765670d62eeec75af5d62,1,7a764d2ad0306a21f83f06ae99b397b7,2528513dd95219a6013d4d05176e391a,2018-02-13 14:55:39,329.00,21.18
e71783fc8cd92f708d13542f6d17ff7f,1,5938705c2fd05674b76e26fd47b7eab4,575df70bde3f9f2b30bf8d2e9910d725,2018-08-09 02:45:20,61.10,23.23
e7336e1648bf13ca6664c8568363dbb3,1,165f86fe8b799a708a20ee4ba125c289,7ddcbb64b5bc1ef36ca8c151f6ec77df,2018-02-22 14:35:34,176.99,23.56
e7374ec864786dbea6a5478d93332e1b,1,152d8bb1e16d0a4f567c7cece5e92b6a,004c9cd9d87a3c30c522c48c4fc07416,2017-08-24 22:30:06,177.99,16.88
e74cddc9bc11794b017044166896d69f,1,2d110366dd24a714cb50dddc30b4101c,9b00ed88b7fdb95d6ff76e27c1b52d16,2017-11-17 16:10:32,24.00,11.85
e7535e2fc78c71f46b16b5331afae90f,1,57fd9b6a2704d7c8c9c82380c2e60f83,53e4c6e0f4312d4d2107a8c9cddf45cd,2017-04-05 02:10:21,69.36,13.07
e75b1f78d337cb36abc23dfd50d649de,1,99a4788cb24856965c36a24e339b6058,4a3ca9315b744ce9f8e9374361493884,2018-05-17 20:30:40,84.00,26.67
e7645f2073cac65748cf53c69d5abea9,1,53759a2ecddad2bb87a079a1f1519f73,1f50f920176fa81dab994f9023523100,2018-01-23 08:51:29,49.90,17.60
e77667e4e913dd81cbd1eb473c01fee0,1,c3e275e10cfd7f3b56f7f657699cfafe,da8622b14eb17ae2831f4ac5b9dab84a,2018-07-09 21:51:41,149.90,12.54
e77b736410809924bdd6ceea09559cfb,1,ff29d8cb1cd0cd5ea37b80dac9939e1c,8b321bb669392f5163d04c59e235e066,2018-02-05 03:50:40,18.90,15.10
e78a6ebf08a820b5ce4a82208d912130,1,9cb3c4a5a0a1c8536b2651af5f73e403,da8622b14eb17ae2831f4ac5b9dab84a,2017-08-03 01:35:15,84.90,17.03
e78ce48c9cd4e84041cfe6bed8be2000,1,6803077179d24889430188e03fafd31a,128639473a139ac0f3e5f5ade55873a5,2018-04-09 08:09:03,19.90,16.95
e78e6c2d9d913cda60562cd825c90374,1,3625fbaf8284047185fb0351f2f84ae3,ef990a83bbea832f36ebe81376335aa8,2018-01-29 07:38:23,169.90,16.99
e78e6c2d9d913cda60562cd825c90374,2,332842d24e84234cd91299a225de76ab,634964b17796e64304cadf1ad3050fb7,2018-01-29 07:38:23,399.00,16.99
e7933ced79cabb10566bfaecb47dd4e3,1,b1acb7e8152c90c9619897753a75c973,cc419e0650a3c5ba77189a1882b7556a,2017-07-07 08:03:34,34.99,14.10
e79e5fa889ba35a56c0155d5a447857c,1,a130d292151d4bc3d785f3404eea8d96,5a425cc503b39b262a847fd6212bf53b,2018-07-12 16:55:23,79.90,13.90
e7ae5aa5c6aee358cae7da910d48fe36,1,89f055104adb9365d7f7b5c475f77742,6b15924333bd1a741595fe981ea04822,2017-06-20 02:22:57,26.90,17.63
e7ce9b9f4c61af74340791cc36964dd8,1,9257d3f01cd400076c63470f92434c7e,768de2a4fc06aacecb9a586ccc30746a,2018-03-01 12:30:17,34.90,21.15
e7d88c2bc8575dcebb7cc0c72c2d22c2,1,d8f1b415091ab79b62ac80443d865ca6,72bc2cce903c872fe376a8faaa81d237,2017-11-08 02:31:13,269.00,22.37
e7df3fcd195fafd25a46f580fc96c9f3,1,7822d1f226e657d5c98ce5a18bd0ad94,582d4f8675b945722eda7c0cb61ba4c7,2017-12-07 00:18:35,14.99,15.10
e7f861ca5d9143d8e586bd85b1aa5bdf,1,aa4383b373c6aca5d8797843e5594415,b33e7c55446eabf8fe1a42d037ac7d6d,2018-07-18 22:05:11,158.90,19.21
e7fc47a9bd5fd8c1d1b566d1553be0f4,1,2bee6706184be07ea6ee4221c1660e85,2a1348e9addc1af5aaa619b1a3679d6b,2017-05-31 10:10:14,89.90,8.21
e80e2d3130b41e2f2771f7b558432ac9,1,648b8a8c89e77c27e1e894e857667f6c,2a5b78b41cd05baeac8df54c6606b92c,2018-02-15 02:36:10,157.50,17.54
e8114ebb6eae4aff63282fef68ad6a4c,1,7cb52b1fc31186f200f2ad70fef8d3e4,e5a3438891c0bfdb9394643f95273d8e,2017-12-28 22:30:32,34.30,15.10
e81515594e8f430f4a7ee18f26777091,1,88646c24f1972c70b1da7ab8ff378d8f,7ad32824caee82087b3e2e5f33b1bf32,2018-05-28 18:23:15,49.00,8.25
e81515594e8f430f4a7ee18f26777091,2,c41eca01a8bceb6c987b2a935a5ad1cb,7ad32824caee82087b3e2e5f33b1bf32,2018-05-28 18:23:15,49.00,20.63
e8157cf4fcea528ade55ec61d5cb074e,1,6b1605ea83cf0568a56ad15afbceb806,5656537e588803a555b8eb41f07a944b,2018-03-29 18:27:56,22.89,17.06
e81a8cb665767198e8d2e17dcd39af87,1,6c712952b8ef62f8d06a0314917400c8,620c87c171fb2a6dd6e8bb4dec959fc6,2017-11-21 03:47:09,79.90,15.31
e82323311535cbac6219860ae75532d3,1,55917ad8d492641d4910c90cc593d896,4e922959ae960d389249c378d1c939f5,2017-12-06 03:32:10,69.90,8.27
e8250a89f967d49af320330c8660a9a2,1,a3ceb95649a48c0c54ae4bd1dd66d035,6c177e38df6d3f34182b1f1d427231bf,2017-04-20 04:02:13,130.00,15.08
e82aad8d522b370541586c367c19a1e3,1,07591f80309eb6393c6af043b234cb83,17a053fcb14bd219540cbde0df490be0,2018-05-24 00:14:50,329.90,47.17
e82d53d269948c3c4b7bdd5f15a5db0f,1,a961143b53bf771400f1bc6bdf396e8d,5011f0d93373a4c5753adf58ca77af8d,2017-12-14 19:16:18,19.90,11.85
e831082804ec0bbebbef04e8b2d8a525,1,44fded21627553d1886d459384bbce06,8b321bb669392f5163d04c59e235e066,2018-03-05 03:51:12,15.00,15.10
e831082804ec0bbebbef04e8b2d8a525,2,44fded21627553d1886d459384bbce06,8b321bb669392f5163d04c59e235e066,2018-03-05 03:51:12,15.00,15.10
e834b1811f1b453f8c3c5823249b852d,1,20e04dcc7b37710b6fe52237cbe2a274,4d6d651bd7684af3fffabd5f08d12e5a,2018-02-07 10:52:09,119.90,15.59
e8470f7ea8b4ca604cef2a97b725c27b,1,908dd61b840a480fa931ef04389c6266,4a3ca9315b744ce9f8e9374361493884,2018-02-21 10:35:35,89.90,15.38
e8474158736fcaca4c7f83b6f610aba1,1,98030fe87f5a7493a33f427054966596,59fb871bf6f4522a87ba567b42dafecf,2017-03-28 19:41:48,168.99,12.57
e849e2829de302019ae8bd9924055171,1,bba0d9c4f470ff541dba7f02d791a4f3,fa1c13f2614d7b5c4749cbc52fecda94,2018-05-22 03:16:20,579.90,26.56
e8570cab2c50d7a922f29d959fa57a2b,1,a7e37a8ca3fcb0a7783fafdf40591f7a,0432ead42b6c8a0bdf68154add917fdf,2017-12-01 20:18:43,79.90,14.31
e86076594f76aaab01e5c99b1863fb50,1,ac7e981115ad47f0e051f1b8b97e73b1,53e4c6e0f4312d4d2107a8c9cddf45cd,2017-11-17 18:46:19,27.00,9.34
e86b1b2dd48839d7351406434afb578d,1,5d66715cc928aadd0074f61332698593,128639473a139ac0f3e5f5ade55873a5,2017-11-30 02:31:41,19.90,12.48
e871719502deacb16343832ef4623a07,1,0eda6e310c91549299a2f97d0354f7fb,57e632711dec9ec14ca7546769483e7e,2017-07-03 23:04:32,104.00,15.48
e8735e0751e0e33b80ae0bac98f65381,1,5db9185f3c52c4c488fd8a8dcea629f1,6d803cb79cc31c41c4c789a75933b3c7,2018-05-08 02:52:54,135.00,19.92
e8a6076acc910f75cb8b149ecc89441e,1,eb6663ccd7aa2159c1f15e557cff4a3a,fa1a9dec3a9940c072684a46728bf1fc,2017-07-10 12:45:19,129.90,16.67
e8a7971efe578b8e5a140c59f190c52b,1,4b96786612ebe7463132fce2c4dca136,d94a40fd42351c259927028d163af842,2018-08-07 14:55:13,129.00,67.49
e8a8221d81dec1257a582b21f3db43fd,1,dc0b50beb0d276fb3eb4c7a5cb177f46,d4910f1cdcfdabd48d6b316e395d4a23,2018-08-03 16:45:23,98.80,11.71
e8ab4523e5661e8945b938ccc4d89553,1,ae52eeb8383b94455f0a08b1f88ad002,f457c46070d02cadd8a68551231220dd,2018-07-02 11:35:15,74.90,13.86
e8b21d9ed9cdf4a4edd7f24e82f65afe,1,0aabfb375647d9738ad0f7b4ea3653b1,37515688008a7a40ac93e3b2e4ab203f,2018-04-13 16:10:13,34.20,11.89
e8b64378ad79a0463f32ec53ecc00881,1,22c5ddc22ea8cae84fc9917def682dc6,cc419e0650a3c5ba77189a1882b7556a,2017-09-26 22:36:48,56.99,8.72
e8c12bea30d2a23cd334b456cf469112,1,471e714759273827991f1746906737d1,cd52a8efd71af3336b14b5039b951cc1,2017-09-15 15:45:38,55.90,20.16
e8c12bea30d2a23cd334b456cf469112,2,d017a2151d543a9885604dc62a3d9dcc,6560211a19b47992c3666cc44a7e94c0,2017-09-15 15:45:38,49.00,8.07
e8c7196e322086d2f22890afc5f7e750,1,7a1fcafd251c9e1014d0e9a88a5fcc46,8160255418d5aaa7dbdc9f4c64ebda44,2018-03-13 11:50:45,114.90,23.38
e8f9c3d144b4f81b7250b660737b1256,1,18f6ea7e8cff29f8053baac6762449f9,f80edd2c5aaa505cc4b0a3b219abf4b8,2018-05-24 19:55:33,54.90,11.15
e905fcbedf011d18698d529c885b7802,1,6c3fc3c928cf7d57418923ffea326d9a,7a67c85e85bb2ce8582c35f2203ad736,2018-07-09 22:31:24,51.99,9.11
e90ec4b6b234181833371ada5474c96b,1,f2b264b1a4602b87d64eebefc899c1d0,1b8356dabde1d35e17cef975c3f82730,2017-04-27 23:02:15,79.99,15.77
e9171e375d76592a7c88e9f155664869,1,8d139b1550c8cc91a3babc9cfe9fc147,c9c7905cffc4ef9ff9f113554423e671,2017-07-20 02:24:30,49.99,9.34
e917a7cb4d175976dd50e47989af2077,1,4c2394abfbac7ff59ec7a420918562fa,cc419e0650a3c5ba77189a1882b7556a,2018-01-08 01:07:57,84.99,22.91
e918a18483ed36b716b6fbc8cf570e83,1,80df62ce491a20d390c9f69402310f0a,85d9eb9ddc5d00ca9336a2219c97bb13,2018-08-01 02:55:21,38.90,13.61
e932edaa6417ab9aba25187f8e6433dd,1,005030ef108f58b46b78116f754d8d38,3c7c4a49ec3c6550809089c6a2ca9370,2018-08-08 04:24:02,18.99,15.23
e94463ec887705d951724d52248d7855,1,564f6ff7ae760d6eda6d32c551724036,da8622b14eb17ae2831f4ac5b9dab84a,2018-06-06 16:51:30,199.90,27.48
e979ae327ab74afbaf6f54421c6e4d74,1,89e4362d74afa10ac57f8d67210132a6,a3f0b55de503387383c7b1de3ad7f678,2018-05-29 02:31:34,89.90,16.60
e97b95303d6054c4c492d83dcd06ac20,1,584c6fe37bfcd52c63fac43e26c71b83,76d5af76d0271110f9af36c92573f765,2018-01-29 03:37:26,15.00,13.08
e97b95303d6054c4c492d83dcd06ac20,2,584c6fe37bfcd52c63fac43e26c71b83,76d5af76d0271110f9af36c92573f765,2018-01-29 03:37:26,15.00,13.08
e97f2ab00999396915482eda86838b33,1,89321f94e35fc6d7903d36f74e351d40,16090f2ca825584b5a147ab24aa30c86,2018-03-05 03:15:40,27.90,15.10
e98ca3f29aa70a0cb19f76d286905f03,1,bb3bac7219d5d0b390326ddf5a562366,b2479f944e1b90cf8a5de1bbfde284d6,2018-04-12 20:09:37,44.99,14.44
e9a18a01a641ece17c11a804a3651208,1,d8c92e2b378d2321b7eb32ba6cf52a66,5275ca25d0358ca73864e0ae41be1320,2018-07-27 13:20:37,98.90,16.96
e9a85222994b1065ed4e23c6426b64a9,1,4520766ec412348b8d4caa5e8a18c464,16090f2ca825584b5a147ab24aa30c86,2018-08-02 04:10:13,29.49,18.31
e9a87f539448764e674a6b96122c3ef3,1,90f39a309a8c05fa7aa4ef02178059cb,b2ba3715d723d245138f291a6fe42594,2018-01-25 09:16:13,289.90,10.84
e9afde34823f289edc4598cfc1280a46,1,2885ab45425766e3ed00f482e247c336,bba74270a87732727b5a3b4fd9ac1c39,2017-10-26 00:35:26,499.99,17.23
e9bc7c86be84f95e01a59c247ddf6208,1,fa928ac86f42e63887184bc28cb452fc,cf654707ed6a99f112c7ec3d6f314b8b,2018-06-20 11:01:53,189.00,8.58
e9c9ec206dfea33f9613e1cac82f575b,1,f6ce2f79a280fa3c1ddc114d34ab273d,4e7c18b98d84e05cbae3ff0ff03846c2,2017-06-21 23:15:07,64.00,13.47
e9ccb8277ecd5374b5a0532b5ee47f7c,1,8bbaacd2cacfabe138774ccbebe689f9,7b07b3c7487f0ea825fc6df75abd658b,2017-03-07 23:22:39,149.90,10.04
e9ef734824864148c2c98d40fa9dcc7f,1,1cc61b32763a4d816212b3507b6b6c59,527801b552d0077ffd170872eb49683b,2018-05-07 11:17:41,524.90,26.25
ea1746bab086c3edea7d06f8cc510bb2,1,276e9ed23a30582d125743aaed57ed22,6288c69c4ce638e59925e59193f98b16,2017-11-06 13:35:15,19.99,7.78
ea2a094b786d1184a3b3cf0e5f549d04,1,2fea0f2cec6b6324a277d4a61c2ed2c6,beadbee30901a7f61d031b6b686095ad,2018-07-06 02:15:07,46.00,15.42
ea70e5a90428412625a4e4167b83a370,1,86da2c247cca57fe5928cc175e2a65e3,b2ba3715d723d245138f291a6fe42594,2017-10-02 14:14:16,104.90,21.57
ea8a923ae9fcd23e6fa17eea177c3cc1,1,6eb6618376baf873225738ce4fe760ac,41b39e28db005d9731d9d485a83b4c38,2017-05-17 17:22:14,34.90,9.34
ea921667f0ab37edbe094d0e67c9d454,1,fdde5bfe43004cc06f12152870b951f4,620c87c171fb2a6dd6e8bb4dec959fc6,2017-04-12 10:02:22,369.90,16.76
eaa96511c925f79170baaff57cd261ec,1,b99e4f4fa3f421e0ffbd512d9f152dec,128639473a139ac0f3e5f5ade55873a5,2017-11-08 03:10:17,19.90,15.10
eaab44d4e74c7fffbef5ea53e34068a1,1,89b121bee266dcd25688a1ba72eefb61,2eb70248d66e0e3ef83659f71b244378,2018-05-29 00:56:16,79.90,7.74
eab0944c40c304c769e5c24309caa8cc,1,4dddd45aa241530edb5412e8846361fa,093805f8f2aeb63881444571e1f48f30,2017-10-02 23:35:17,39.90,8.72
eabb26aeb1ce1147b26952c40f719f0f,1,7cb5b984262835ef46a1ed83d04d0d44,e9779976487b77c6d4ac45f75ec7afe9,2017-12-06 18:50:51,45.00,9.27
eac4ffbe456464bdc3ce5f001b6439c5,1,a298a105818dce6878b787e4af6cff7d,e26901d5ab434ce92fd9b5c256820a4e,2017-04-20 11:35:23,79.90,14.73
eacbe7948aadfac0292211f2f352fdeb,1,30e010e9df8943899f267097d49b5c1a,28fb0829fd777877cdc350d25cb5bd5b,2017-11-06 17:24:56,169.90,24.06
eae87b24ee716eaeed2b3b67eab5e244,1,adcadcaea9138b1888d211693ee2421a,a3f0b55de503387383c7b1de3ad7f678,2018-03-27 20:05:32,39.90,18.23
eaf073079dbf6ebac22213d250816e2b,1,d86a0708a75b7ba0080d94dc632fbc23,f0e103c63864d5405b958d984b6e94c9,2017-08-18 12:24:08,19.90,7.78
eb1c390413604079df388d4093910e74,1,a34ffdd8795ad14708ab74aaba226ec0,c6bda72e4dbf5c5866b13cb1810c6d03,2018-03-06 19:37:08,649.00,25.20
eb2e026bae01f340ff4c0cc9aad6aecd,1,491cc3d85596f60cdc9fac9d202c9fb8,cca3071e3e9bb7d12640c9fbe2301306,2017-07-13 03:25:50,124.67,16.63
eb3fabeabbe68b3abea891b6751aa77f,1,2ba4dc95f18bb2bedbef662cb24de95e,a2b5b6105ea5942300631d2e76f4ffe0,2018-06-21 02:30:30,338.00,50.74
eb529b6aa88196cef958e24a0a8f4086,1,bb5fc9090888f494938ab2b3c90dda7a,b561927807645834b59ef0d16ba55a24,2018-08-09 10:55:13,22.20,18.26
eb56ddfc112b49241ad368f44da00dc3,1,e24f73b7631ee3fbb2ab700a9acaa258,0cbcee27c791afa0cdcb08587a2013a8,2017-11-23 02:29:13,99.00,14.42
eb648c502f9756a959be78b19b069bc3,1,fb55982be901439613a95940feefd9ee,3d871de0142ce09b7081e2b9d1733cb1,2017-12-04 03:23:12,79.00,17.80
eb808f17e12419314395e5309b23258b,1,4c2394abfbac7ff59ec7a420918562fa,cc419e0650a3c5ba77189a1882b7556a,2017-12-01 03:10:53,84.99,15.35
eb89fab6743f52417dec1e885261e10a,1,11c273f63badb1626f41abce9a038587,0e44d110fa6a54e121cb2c095a77762f,2017-12-20 02:12:06,136.68,18.21
eb8f24cf4aa474bfe99c062aff65c4c9,1,490b7f74cbef35be4b6b69bb5f177386,9b00ed88b7fdb95d6ff76e27c1b52d16,2018-03-22 03:25:09,14.20,7.39
eb8f4a89b1e0d647cd917487b06bed58,1,e2e426d1332240070b0a836a854d057b,cce6ab8d1682639fe45ab70234f1665f,2017-08-23 07:05:14,40.00,16.60
ebb615f4359b27e961316b3959532f6c,1,7f457254a89d62960399e075711b3deb,ea8482cd71df3c1969d7b9473ff13abc,2018-07-27 08:05:11,24.99,18.28
ebc45391c3d191ea75a52f6e2201d311,1,261dc97192b478e60fd1318cd0650618,8a432f4e5b471f8da497d7dc517666e2,2018-07-09 14:32:09,39.00,14.58
ebc7576de7c411cd4196d81d312d191e,1,4a1dfb01e40129a3bf4fde8c01d93ff3,33a6f4b1e7cdc205511e76ba1b6e0186,2018-05-14 18:18:24,29.99,7.39
ebe0a2b49f09387ce9e38a8353ae7f27,1,9fe172fa8e662ca8572cf12abf8bce23,cab85505710c7cb9b720bceb52b01cee,2018-08-16 14:50:12,49.90,7.61
ebe6eddebae955b95268b2c70cdc019e,1,84f456958365164420cfc80fbe4c7fab,4a3ca9315b744ce9f8e9374361493884,2018-02-12 12:56:18,92.00,17.89
ebea454f1c906682ce99e01f407a77b4,1,9cafcacd991a72be85d1970013b8204e,715bbd5ba4e6b74cb0d2f29eb45058b0,2018-06-11 17:53:16,55.00,19.36
ec00b687490dbcd07e98596ae801b8cb,1,f9ebdbca177cfdb1be1ea462e9dacb82,49e7217cfe4e427191c378ec626d8737,2017-12-18 19:18:28,52.90,27.04
ec073f2bd759729986c0da65f688ddc8,1,1e8d46e0cdc62c1ffa69cc04a6f2660f,edb1ef5e36e0c8cd84eb3c9b003e486d,2018-02-23 20:15:31,220.00,26.82
ec082d3ffd103096f9274b6247217ff9,1,306e6b5dda3397e4a9312f94d82565b5,1b938a7ec6ac5061a66a3766e0e75f90,2018-08-20 03:24:09,139.90,2.36
ec082d3ffd103096f9274b6247217ff9,2,18f6ea7e8cff29f8053baac6762449f9,f80edd2c5aaa505cc4b0a3b219abf4b8,2018-08-20 03:24:09,56.90,33.65
ec0a4a160c4311f1a8c9d4d79872de75,1,ca38c039b717207dec906f4fa9a21db7,59fb871bf6f4522a87ba567b42dafecf,2017-08-03 02:44:14,189.99,16.08
ec13417c22246237142725ec35601c99,1,20992273fc264d0a559e37c346090fe6,ec8879960bd2221d5c32f8e12f7da711,2017-10-04 13:49:15,34.90,9.34
ec1bf6be538a31d3b13bfa67d87010ce,1,a92930c327948861c015c919a0bcb4a8,6560211a19b47992c3666cc44a7e94c0,2018-07-26 10:03:47,78.00,7.81
ec1ca92aa0c364b34658f56d01e48691,1,b5adf7b72a7eb667aafd446581c35f3f,b33e7c55446eabf8fe1a42d037ac7d6d,2017-12-19 15:50:39,259.99,13.32
ec38e40a750810e337a528576f0090e7,1,555b27dfb2ed94d001c28e5624dd6961,004c9cd9d87a3c30c522c48c4fc07416,2017-09-18 17:50:36,82.99,19.82
ec56d96c2ee83fd3641863f6e7b66d41,1,5373e18844eec682770d139ba29cd32c,efcd8d2104f1a05d028af7bad20d974b,2018-02-01 16:50:04,50.00,11.85
ec6d1b017b14b90d5c60fcfdc2b7216e,1,71aff090388f23854bb21d91cfe11607,f262cbc1c910c83959f849465454ddd3,2018-07-31 10:31:25,19.99,15.24
ec74f95e952a1019fb566fe39c383dfe,1,fb55982be901439613a95940feefd9ee,3d871de0142ce09b7081e2b9d1733cb1,2018-02-26 07:27:37,89.00,17.87
ec7b08d39b75ac7d28c6fda42d3847b1,1,249360ba4e41990fed4dd4398fd1893a,855668e0971d4dfd7bef1b6a4133b41b,2017-11-30 04:54:03,45.00,15.10
ec9a51782b5483ba996ab13bc3bbc30d,1,95203adc728bc74fbd99afc9e303db9f,bd0389da23d89b726abf911cccc54596,2017-11-30 00:20:36,62.40,15.88
eca3ad869826b027ef93cf88ec6c0e44,1,cf92691b3ee30045224020f9ae5ae42c,a7c88262832dfc683781d6a421edefae,2017-03-17 17:02:01,309.00,13.55
ecb7b1b5d15cf872f986f88e7344d9ed,1,d6637aee74ba05e42bc17a047c335209,402916f742e5c740cc751493d9cf5053,2018-08-12 22:35:18,169.00,19.28
ecbdd603d8aaf9ee128285c94a390caa,1,6adab229374835b551f6402e0dc53267,f8db351d8c4c4c22c6835c19a46f01b0,2018-08-29 02:50:09,51.90,11.37
ecdfdb87979ffaab7c1133bf18fdef83,1,852b4b6ded0425a736da9dd818e872b6,e5475dcab1e07b63d7f6e902d8f5eda8,2018-02-08 17:49:08,35.00,11.85
ed130013de4053d7678825d4d8e7deb1,1,72172e982e8b92155069e4201c92c0bb,9b013e03b2ab786505a1d3b5c0756754,2017-11-08 00:55:21,36.49,9.27
ed159f7220fe49164a43fbf4fe3a15d1,1,dd1247b741df1771259ee7beb0e4b8fc,6560211a19b47992c3666cc44a7e94c0,2018-08-13 04:05:17,35.00,7.51
ed1f83ea460fccaadaccff780127db45,1,97017430754804328eb9597b7f85da03,ea8482cd71df3c1969d7b9473ff13abc,2018-03-18 21:55:30,27.99,15.23
ed35f59756edecbfcefb866146f00905,1,a04087ab6a96ffa041f8a2701a72b616,53243585a1d6dc2643021fd1853d8905,2017-12-21 19:50:57,599.00,73.41
ed35f59756edecbfcefb866146f00905,2,a04087ab6a96ffa041f8a2701a72b616,53243585a1d6dc2643021fd1853d8905,2017-12-21 19:50:57,599.00,73.41
ed510933339bd7b6d8e16d6c83026998,1,cec09725da5ed01471d9a505e7389d37,4d6d651bd7684af3fffabd5f08d12e5a,2017-09-08 08:15:21,69.90,16.12
ed547e006a962def50f36ec5cedbe46b,1,9b37a918bcf2c8e1064e867cf1df4637,f27e33c6d29b5138fa9967bcd445b6d5,2017-11-16 20:08:26,34.90,15.11
ed5d4a748b19272af146935199dc6329,1,f353779abb6114db5f8f79fbad12e375,d379f449f2a3b271bc01c0782020f705,2018-02-26 09:55:23,82.50,33.94
ed94f5031833364ef7942a2b0328756f,1,55782cb82e0efe052da0a3da237da3b2,c003204e1ab016dfa150abc119207b24,2018-02-20 20:48:10,199.90,26.24
ed98c37d860890f940e2acd83629fdd1,1,aca2eb7d00ea1a7b8ebd4e68314663af,955fee9216a65b617aa5c0531780ce60,2017-12-22 13:13:05,75.00,13.08
ed98c37d860890f940e2acd83629fdd1,2,aca2eb7d00ea1a7b8ebd4e68314663af,955fee9216a65b617aa5c0531780ce60,2017-12-22 13:13:05,75.00,13.08
edb858219a0b7155ce5b977c044ef9f9,1,429e7401fafb76436f15e86498bd7364,da8622b14eb17ae2831f4ac5b9dab84a,2018-05-24 08:16:15,199.90,13.83
edc13c926d0553c5c63666905a3adb6b,1,ab40c45cb88545d5efa2679b30cec4c3,5075aaa8404020ae6aa8bf4792099b41,2018-01-18 19:30:51,15.99,14.08
edc13c926d0553c5c63666905a3adb6b,2,ab40c45cb88545d5efa2679b30cec4c3,5075aaa8404020ae6aa8bf4792099b41,2018-01-18 19:30:51,15.99,14.08
edc13c926d0553c5c63666905a3adb6b,3,ab40c45cb88545d5efa2679b30cec4c3,5075aaa8404020ae6aa8bf4792099b41,2018-01-18 19:30:51,15.99,14.08
edc13c926d0553c5c63666905a3adb6b,4,ab40c45cb88545d5efa2679b30cec4c3,5075aaa8404020ae6aa8bf4792099b41,2018-01-18 19:30:51,15.99,14.08
edc852e0d271566f7923b10c089c30ec,1,ef25f91f23e39577fa6ddf93103876b1,3d871de0142ce09b7081e2b9d1733cb1,2018-08-10 16:05:22,89.00,44.42
edd5efc0d9d7294fe4bf1636c26cf9d9,1,171352abd66a010ad6039f9f994fd42d,41b39e28db005d9731d9d485a83b4c38,2017-06-13 14:35:45,49.90,15.10
edddb585a5c894ef488568334c567e2e,1,99a4788cb24856965c36a24e339b6058,4a3ca9315b744ce9f8e9374361493884,2018-08-15 14:50:16,74.00,23.32
ee044ff2777c49a97d4be749aa8e24bb,1,6461432b8ed2a147857b1405b71e4dc0,282f23a9769b2690c5dda22e316f9941,2018-04-12 03:10:24,89.36,15.51
ee24e7d976a47cc46be7304fe5654ae9,1,6c50c87e36d8641d67fbcceed5cfec5e,6560211a19b47992c3666cc44a7e94c0,2018-08-02 10:24:28,55.00,7.65
ee3a699807c80432481120cf1deb06c7,1,812f428f6757ab16c46cffc68f2e90c5,eed78ac17f7f795a19a709745f00cd4e,2018-04-25 10:15:17,59.80,23.00
ee49aa5583df0eaab10299357d126386,1,f6e6c65001237d8ad94691b224e17753,d6b1ce66b035a475f00c017792ff9769,2018-07-04 02:53:18,169.99,23.99
ee590d1b6e4571a2c03e30571fef072f,1,4bb72c0d466766c287b67e15fb8121dd,116ccb1a1604bc88e4d234a8c23f33de,2018-06-19 13:31:16,19.00,16.32
ee817f9b5a460a02a218d34e1b6ac26d,1,41c24b8ce92d1a2cac62db5edfd088b2,4869f7a5dfa277a7dca6462dcf3b52b2,2018-06-22 03:57:08,99.90,13.36
ee86b68eb9222b0cad7da50f4f758a35,1,0ab3ab3b2869073aa9afe795fe9151aa,28ea411b354f14b1a494be4e79f0ce02,2017-05-24 17:55:12,110.00,14.52
ee8c69ed1b1fe27af62030f079d647c2,1,0b0172eb0fd18479d29c3bc122c058c2,5656537e588803a555b8eb41f07a944b,2018-02-01 15:58:14,24.89,15.79
eea3254200d621b24b7741950693e956,1,dd231637766e756fd1cf2fd80501fce1,101a3a003516bc11253298b2fad3cb65,2018-08-02 02:45:09,45.00,9.07
eea58982d534991bfd7f844e9ff0e28f,1,d472a70d40f4f72dfd5f6024cfc89a13,62c50c1af4dfdc4149d25c5222043d39,2017-03-29 22:15:25,139.99,17.41
eec1e7170bc88c845bee8ab6ef36721c,1,e53e557d5a159f5aa2c5e995dfdf244b,0b90b6df587eb83608a64ea8b390cf07,2018-02-12 23:10:07,89.30,17.07
eec7f369423b033e549c02f3c5381205,1,29dcc20b00ccb0dd2136eb2f4c5f3847,903037660cf848a717166eb7a06d616e,2018-02-14 10:10:31,252.99,19.02
eecc1b7c0a139c574d4f9f7e707bf083,1,7340a3839a1de1e99d149b8cf052a2ec,4a3ca9315b744ce9f8e9374361493884,2017-07-10 03:45:10,69.90,11.99
eecc2228a558c977d240693c7adf6dc2,1,ea7f23122fd317be5901ac4a467d3c6b,de09d00cfc265b8804c7df34075a68fa,2018-03-27 20:35:37,299.00,9.86
eed169e888ef45d577ec9d8972a597c6,1,0f3777229e40207d248acfd6e1f716b6,e2aee0892199b1d92530e371abd825bf,2017-08-09 09:05:24,189.90,83.59
eeed16ea7d99f4531ac2aefa8dd79368,1,2028bf1b01cafb2d2b1901fca4083222,cc419e0650a3c5ba77189a1882b7556a,2017-11-30 03:56:29,56.99,15.15
ef13a698cf88c9e17ccca0261e0b9e7a,1,b5adf7b72a7eb667aafd446581c35f3f,7d13fca15225358621be4086e1eb0964,2018-08-22 16:05:25,175.00,13.89
ef2d4e1e249df529bd9607d86aac1422,1,f0059d6f29674e2ee22b3d3b4dc560f9,77530e9772f57a62c906e1c21538ab82,2018-03-15 10:30:46,299.00,25.74
ef30a80a52425b419de68e25624a8a9e,1,a4bddd2ee75396cc2e47bdf21343261d,602044f2c16190c2c6e45eb35c2e21cb,2017-12-13 17:10:43,99.99,12.20
ef39e8a01edeec8664b6fa8ebc5f3b9f,1,54d9ac713e253fa1fae9c8003b011c2a,955fee9216a65b617aa5c0531780ce60,2018-03-15 16:50:29,35.00,26.43
ef45721e5184380ab98c58de39230c42,1,8f8cb7e4a7f16d339f87f8aa2711a003,850f4f8af5ea87287ac68de36e29107f,2017-12-07 13:52:22,79.90,9.37
ef690426d84aff4f5560cb63d1092557,1,2b1736cd698222fad698e3c1be9dd4a3,f12ff17ad8bbf01ec5c33b17e506649b,2018-01-12 16:28:17,110.00,20.26
ef8ab3e652b44dfe541199dc0b9f5d09,1,6f3b5b605d91b7439c5e3f5a8dffeea7,4869f7a5dfa277a7dca6462dcf3b52b2,2018-03-04 21:48:15,199.00,16.14
ef94e1ff9bb30d81e5e8c9bf9527bc16,1,c1617123e66d2491ca93ceadfd36203e,b2479f944e1b90cf8a5de1bbfde284d6,2018-05-22 07:15:41,54.99,13.74
efa247c04ccbd33d0ddfdcd3817466a9,1,81cb8d21c3255d5c2143be50785cc2ad,77530e9772f57a62c906e1c21538ab82,2017-11-23 10:50:54,129.00,25.45
efa2e42246bfe580af1b33ae96edc78b,1,51d35e4714b113bccacfe7248a13375a,7ff588a03c2aeae4fbd23f9ae64b760d,2018-08-08 12:50:27,28.56,7.46
efacca5eaae8bd32666ea169089f3e59,1,84b07ca699022a5dde105eddb4aac42c,44073f8b7e41514de3b7815dd0237f4f,2017-05-02 20:05:16,166.00,21.48
efbc31f25e73773a418a59dcd5ee7fee,1,fe01b643060a6446e59f58e3021e66b3,2dee2ce60de9709b1a24083217181a1f,2017-12-20 14:32:05,129.90,38.46
efcd8852328a37fca811747c09c6fb69,1,cf8c83ef74f69705d1bec196473b1b45,520b493b57809f446cb0a233bb3e25c7,2017-05-25 09:31:35,20.00,9.94
efcd8852328a37fca811747c09c6fb69,2,cf8c83ef74f69705d1bec196473b1b45,520b493b57809f446cb0a233bb3e25c7,2017-05-25 09:31:35,20.00,9.94
efd8d1b981913fbc82d5cb85e7e0373f,1,277a12fc4d8cd5dae85d0071015bb745,b83cedfb587e7911540e3f576d6917ce,2017-08-24 16:04:28,109.78,13.32
efdaf1dc3d38b68061394b681ca45ff8,1,ba9f160a6ae1c23f25d690fd06fe4fd8,ac3508719a1d8f5b7614b798f70af136,2017-07-27 18:45:15,109.90,59.94
efe2bd0e4d25b933231492f36a6e1847,1,3877375bc8e2856da0375e2295d32360,a6bd7d1ccdac48c6b33b28596b7eb122,2018-02-27 14:31:03,1350.00,44.77
f01221bdbf37c9c792b4cc3e78dc5dc8,1,bb50f2e236e5eea0100680137654686c,f7ba60f8c3f99e7ee4042fdef03b70c4,2018-08-23 16:30:43,330.00,20.41
f013cb01232922e713ffadcfa3b52368,1,9592cd0b739cc57871c3aecffe15436a,f8db351d8c4c4c22c6835c19a46f01b0,2017-06-13 15:15:16,49.90,15.10
f014aa85d8f495d824d120e9035faacb,1,ac20a9614b6db9e7289b85c4f4b6216a,d91fb3b7d041e83b64a00a3edfb37e4f,2018-04-12 12:28:17,40.00,9.44
f024323e3c3e4f505cd695bc87a9bee9,1,81e864337e4e8fc1d981a01e27a86be1,1025f0e2d44d7041d6cf58b6550e0bfa,2018-01-10 12:07:13,78.00,14.30
f03c93c7441f0edaa7987c4313467110,1,d39421ec4cc2bf52e35f8bf00f1ec314,cc419e0650a3c5ba77189a1882b7556a,2017-08-04 06:43:52,49.99,16.79
f03ff8d4dd01b31194926029790475f4,1,626cba3eb1a1ac40b2f6e3ad4fd1038c,95e03ca3d4146e4011985981aeb959b9,2017-08-28 02:25:26,39.90,14.10
f05e28dab420413c46a8eb509b5767cf,1,bd6e6fce9ada76ea2db0f1912e8e478f,1835b56ce799e6a4dc4eddc053f04066,2017-12-13 22:30:21,56.99,12.74
f05e32e2cc67748c34a77da2ff68841c,1,6c3effec7c8ddba466d4f03f982c7aa3,37515688008a7a40ac93e3b2e4ab203f,2017-12-28 16:30:09,24.50,25.63
f068cf7680252cb38a48b6c831c03342,1,e7be446dd7fa8f165244b63de1b85802,08633c14ef2db992c11f840f04fad4cd,2018-03-19 04:20:28,49.90,22.93
f07ad60eb1e9d4b3be1029f373321408,1,25f86162fee18735fffdb762dcb10d7c,1a3df491d1c4f1589fc2b934ada68bf2,2017-12-06 02:21:47,149.90,17.70
f07ad60eb1e9d4b3be1029f373321408,2,25f86162fee18735fffdb762dcb10d7c,1a3df491d1c4f1589fc2b934ada68bf2,2017-12-06 02:21:47,149.90,17.70
f07ad60eb1e9d4b3be1029f373321408,3,25f86162fee18735fffdb762dcb10d7c,1a3df491d1c4f1589fc2b934ada68bf2,2017-12-06 02:21:47,149.90,17.70
f07ffa8133ca1dcbc015a9c0ee98c872,1,c8cfa622661e047ea2499f8bce4731a5,4b9750c8ad28220fe6702d4ecb7c898f,2018-02-19 09:32:09,134.90,18.51
f090de1b2ed9f4e251662cb31e3c7127,1,63de2743d05ab59d85caa49e49459ac1,cbd996ad3c1b7dc71fd0e5f5df9087e2,2017-02-27 10:10:52,15.75,10.96
f098ba607d20654e7e6edc6be7c742d5,1,151f6da73d1f11e1a75553f0281d19dd,6560211a19b47992c3666cc44a7e94c0,2017-04-24 02:45:29,49.00,16.05
f0a795dac0e5cf6a6f98cdcab173ffb8,1,f3ef6902655917c2db06698cc2d765a0,10076e5788b8ee532724bcd460baf762,2018-03-30 19:15:19,24.00,15.35
f0a795dac0e5cf6a6f98cdcab173ffb8,2,85df978207ed4024ea16570dbb64fd6e,10076e5788b8ee532724bcd460baf762,2018-03-30 19:15:19,24.00,7.67
f0a795dac0e5cf6a6f98cdcab173ffb8,3,f3ef6902655917c2db06698cc2d765a0,10076e5788b8ee532724bcd460baf762,2018-03-30 19:15:19,24.00,15.35
f0ad6b89b7bb4a740b8121a4a69511fc,1,016711f78a6a87696645db0a6a834826,a5cba26a62b8b4d0145b68b841e62e7f,2018-05-10 03:51:50,99.00,15.68
f0b47dadd5f372c41ae2cab6c72877da,1,a9e0a3a894f4bf7844830c090853c3e1,8b321bb669392f5163d04c59e235e066,2018-05-14 04:54:53,15.90,7.39
f0b47dadd5f372c41ae2cab6c72877da,2,a9e0a3a894f4bf7844830c090853c3e1,8b321bb669392f5163d04c59e235e066,2018-05-14 04:54:53,15.90,7.39
f0c00b0c02ed4f14f20fad7c26002b9c,1,338925450cde31710e3fd65b8bac0b1f,17f51e7198701186712e53a39c564617,2018-03-21 09:30:49,760.00,108.15
f0c00b0c02ed4f14f20fad7c26002b9c,2,338925450cde31710e3fd65b8bac0b1f,17f51e7198701186712e53a39c564617,2018-03-21 09:30:49,760.00,108.15
f0c8f501afe22bb7a23e3721bcc6221c,1,aca2eb7d00ea1a7b8ebd4e68314663af,955fee9216a65b617aa5c0531780ce60,2018-01-30 12:33:26,69.90,19.98
f0dd29734578caa3db607e173070e2a9,1,252dc1fbd22786a5305623453f8eaf8b,e9779976487b77c6d4ac45f75ec7afe9,2017-09-27 15:25:36,69.49,15.24
f11844e5101079fad91a7d31842b9ca5,1,c80525a7dab2df6000ca88a2e7197323,2a5b78b41cd05baeac8df54c6606b92c,2017-08-20 21:15:12,157.77,15.10
f11a42c865e929c2b7709f3390d1bc7f,1,551aefc4745dcc77aff9bfa0b4fce507,76d5af76d0271110f9af36c92573f765,2017-03-27 16:47:39,19.90,15.56
f11d5bb456a331aa3df2a83c1bd4af85,1,b1710c76a2b88d24f13cf3afbb18d700,ea8482cd71df3c1969d7b9473ff13abc,2018-05-17 03:10:45,27.99,22.85
f1282227fa785dd8dfdcdb22f99be533,1,5a6e53c3b4e8684b13388d6aa4afdf12,7299e27ed73d2ad986de7f7c77d919fa,2017-05-25 02:30:33,16.99,12.48
f1331ba967671bd1a0cc183d806c57c7,1,4ba501db540524d84cc382bb041ac508,44073f8b7e41514de3b7815dd0237f4f,2018-01-16 13:12:24,189.00,26.60
f1383f0e3f1a27d300b52df20a252be3,1,a2a02ec5b66063b4c3ccdf10a53fc501,4a3ca9315b744ce9f8e9374361493884,2018-01-15 07:21:22,249.00,18.00
f14111b697a9152a18836775aa24ddad,1,511dbadd5cfefd835e705f38eabedd12,ba6b4a237f92479743cf0ca06b67a9ac,2018-08-08 18:30:10,179.00,17.44
f14cabd169ba0d0ecb7433e55c72aca2,1,5a57a59c44429be19e1ce8e69e15c473,729f06993dac8e860d4f02d7088ca48a,2018-06-11 14:35:15,120.00,47.67
f16010e0add047ba483e2b3eefa7c60e,1,685919d3ededc26c0ec078b32241025a,855668e0971d4dfd7bef1b6a4133b41b,2018-01-25 08:15:43,52.00,17.61
f18209d8f562e6e43f73013f3e9aa40c,1,6668e2c5a29f47a016858f28a3673e4a,5b51032eddd242adc84c38acab88f23d,2018-05-04 16:30:57,219.00,27.61
f1849c4f06c0360ebf0862e55c31fa8a,1,ed5122a6a757a4fea8f32a6fb95a5135,00ee68308b45bc5e2660cd833c3f81cc,2018-04-19 20:35:15,110.00,18.35
f18f5dcedf8a6caf530bf0cad9937b4f,1,7c1bd920dbdf22470b68bde975dd3ccf,cc419e0650a3c5ba77189a1882b7556a,2018-03-06 15:15:43,58.99,20.81
f1a96431843abf74cfdda6b6307971fa,1,91b08d34d0ba4db44da2dc382867ba49,b76dba6c951ab00dc4edf0a1aa88037e,2017-04-09 22:50:17,10.99,10.96
f1adecdec113c6c915849913c65ddd59,1,5842161e65d7898eb4aab799289a137e,66e0557ecc2b4dbea057e93f215f68d8,2018-01-02 21:12:16,339.00,16.12
f1b69a785e2f47e44415f46f270f1545,1,943c812216923e4244e83099e0c62a08,5b8154610ebb21fb90eb587365e673df,2018-01-30 02:35:31,153.49,36.39
f1c5f3e9df9be5699de80cb4eec88c04,1,47ce15bd790ba2e089ce44e95c9f1c1d,9a84ba99f5367fdbd4598363496f1ea2,2018-02-28 13:55:28,79.90,27.10
f1e21bf02dd5a9f69c64397ef7bd0433,1,d04857e7b4b708ee8b8b9921163edba3,9f505651f4a6abe901a56cdc21508025,2018-03-23 11:30:57,67.99,14.52
f1e26a3e572b95d4a002309cc2ae18d7,1,595fac2a385ac33a80bd5114aec74eb8,ef0ace09169ac090589d85746e3e036f,2018-02-06 21:35:28,117.90,15.58
f1f77c2644fb432824a8e7183f325b11,1,e0d64dcfaa3b6db5c54ca298ae101d05,7d13fca15225358621be4086e1eb0964,2018-03-08 10:48:57,148.99,15.79
f1f812f73ca332c8951443e6dc2f8d54,1,af026a1d23fa6bede158c62c22ca135c,834f8533b2ecb6598dd004ff3de7203a,2017-09-04 14:50:51,75.00,18.83
f2194f10572bc6bfabc99465a6d3f55d,1,62d8daeee0db3a60c234c2d1bfd10651,d2374cbcbb3ca4ab1086534108cc3ab7,2018-04-12 03:10:30,30.90,12.79
f223b1d420663a0ee1fe062836f32289,1,5dd65915a87e9031993b18e481a3cbe5,f7ba60f8c3f99e7ee4042fdef03b70c4,2018-04-03 02:47:47,106.00,13.18
f22698a00370679c0784aae7c060f87d,1,8c5876b1c7768217964f353bc7e64393,0db783cfcd3b73998abc6e10e59a102f,2017-04-23 21:21:50,49.00,10.96
f22ef2baecb171381117e0ce752cf282,1,c708ba7c6269161f89ce0683cdd7c432,6560211a19b47992c3666cc44a7e94c0,2017-08-07 04:35:22,49.00,21.15
f24afd66659f204e2fe3866ae39f4e20,1,d04857e7b4b708ee8b8b9921163edba3,9f505651f4a6abe901a56cdc21508025,2018-07-24 17:50:20,69.99,15.59
f24cd74db6ccacf156b3f8061a765a38,1,81e686e36e79f0d2612346cefe1379cd,2d518637f53161b973e01f56ea4bb88e,2018-06-15 20:20:22,85.00,23.52
f24e66cdbbf1d7e24f946efbc3b47bb3,1,ac942b3f5756151f9dea022e7058d7c9,7142540dd4c91e2237acb7e911c4eba2,2018-02-13 21:51:36,84.90,17.46
f24e66cdbbf1d7e24f946efbc3b47bb3,2,ea4d546188ec8252ef66cff2f9c9ed9f,7142540dd4c91e2237acb7e911c4eba2,2018-02-13 21:51:36,84.90,17.46
f24e66cdbbf1d7e24f946efbc3b47bb3,3,6167837141fac33cf09874ab78dcca86,7142540dd4c91e2237acb7e911c4eba2,2018-02-13 21:51:36,84.90,18.71
f269a04043c3f398ee0ab759b7af3678,1,259df46ee92a13043ed24ebabb9534fe,d6b1ce66b035a475f00c017792ff9769,2018-07-31 23:24:23,60.00,19.61
f280cc89e43c0261d95d1ee72a78cb8b,1,422879e10f46682990de24d770e7f83d,1f50f920176fa81dab994f9023523100,2018-02-20 23:31:44,49.90,17.60
f282ce44705a84bdcd2784a5c18ffefa,1,76acdd98759c649f3b6ecd0dc8576c8e,cd68562d3f44870c08922d380acae552,2017-10-30 03:15:02,145.00,13.35
f2aa68d062b1d37e398f705a9cfbdb51,1,1a0971a6f39f04118207a7308d451e9d,3d871de0142ce09b7081e2b9d1733cb1,2018-04-03 18:10:23,159.00,23.69
f2be3946c5ae27518a65c37a05b914f9,1,59391e840980a4bb6df5f44d3d734df7,bba74270a87732727b5a3b4fd9ac1c39,2018-02-23 02:50:35,49.99,15.10
f2d16f462937b4496beecdb680e7e199,1,f71973c922ccaab05514a36a8bc741b8,5dceca129747e92ff8ef7a997dc4f8ca,2017-04-06 20:30:09,109.90,37.17
f2dd5f15184c73c0d45c02941c7c23d1,1,b931645cdc2d9868f01544e8db63f5ab,b14db04aa7881970e83ffa9426897925,2017-01-09 22:52:33,65.00,26.92
f2e97c3464ad5fb53d6be7afcd0e3eaa,1,90b86c830114ddc888f6380a223ee285,d2374cbcbb3ca4ab1086534108cc3ab7,2017-08-03 12:35:14,21.90,11.85
f2ef8ad9ee61aaa6334cf0967193a602,1,a24b0a4730a6f5b13a3502fb5065a814,cca3071e3e9bb7d12640c9fbe2301306,2017-03-20 20:08:52,24.90,10.96
f2f6707b2576619925ea0e63103975c0,1,d070415dddac66bcbc0a2e4f253c0f81,712e6ed8aa4aa1fa65dab41fed5737e4,2017-04-23 21:05:11,275.00,74.69
f2f949c0ccde761a4485b5535eae0467,1,e68e6b9f909d74c3b23c3b249c830657,f4c4daa86e30c7e5a553a8d518ac03a5,2017-11-20 22:10:41,341.40,17.14
f31e4f9ef9c06d4ec8fe2cb66c65e384,1,368c6c730842d78016ad823897a372db,1f50f920176fa81dab994f9023523100,2017-10-05 15:28:15,59.90,13.44
f31e4f9ef9c06d4ec8fe2cb66c65e384,2,b0961721fd839e9982420e807758a2a6,1f50f920176fa81dab994f9023523100,2017-10-05 15:28:15,59.90,13.44
f320fe2d0f359c67595c70baaf9ffdef,1,5baf51b71ace9afbb38f0b161f0c098b,b17b679f4f5ce2e03ce6968c62648246,2018-03-02 19:15:41,39.97,16.11
f32297601abbfbf31af1384e85636bac,1,3f24e35922fa51c0626c7c51d2f3a9a4,e38db885400cd35c71dfd162f2c1dbcf,2018-07-26 15:59:46,64.90,27.40
f325a745f44598592ea78a6e64b589b4,1,52e1126012d5713a3e7c701308355457,b4ffb71f0cb1b1c3d63fad021ecf93e1,2017-11-20 15:35:33,19.55,15.10
f32b1e3320d65b3c94140ffe559dda4f,1,85d619318aa201aca57171aabeed0048,cea729054f157f5870bdd321a958d994,2018-07-20 14:22:13,14.00,19.04
f349e78f52cb2d25cffd4cc44f168413,1,58efb9b638561ce132216a9a612513e2,701938c450705b8ae65fc923b70f35c7,2017-02-06 08:58:27,103.99,37.24
f34f5fc0699f22c0ff25056c89074d28,1,7b83c11ac78f11bde67542beb12e8163,431af27f296bc6519d890aa5a05fdb11,2017-08-08 20:23:40,53.90,12.72
f35013d66cfcbe79e1bcedd6fb914278,1,5083416598756311d4bb4ddabd661e25,af3ef48d0e13835e529c29ac573c63e5,2018-08-07 10:50:09,53.00,24.45
f3534c412bf7774091285cb7c57ca373,1,2eb72d11643aaae8f92fafc9296674c8,c3867b4666c7d76867627c2f7fb22e21,2018-02-13 04:11:54,65.00,16.89
f36968a6fff53a64b407f705a0566478,1,3263644ec99e2ccf8b31612ba4f28b5c,c6bda72e4dbf5c5866b13cb1810c6d03,2017-12-21 12:55:49,379.90,16.41
f398a143c0fe171d965db2096cf064cf,1,0c104824e973388d487c67a3d346e96d,bede56095ba33c42038fb85f707b8a42,2017-12-21 09:30:27,3124.00,173.40
f3aa2dd753099c0b69934615c49540c2,1,ec20bfc2bad5031fd6cfd400304841c4,1da3aeb70d7989d1e6d9b0e887f97c23,2017-11-09 18:35:25,13.99,7.78
f3b96845efd71daecf6b331fb3a9f537,1,389d119b48cf3043d311335e499d9c6b,1f50f920176fa81dab994f9023523100,2017-12-01 09:16:13,49.00,13.44
f3c2158661b32530c0482c598745fc61,1,55917ad8d492641d4910c90cc593d896,4e922959ae960d389249c378d1c939f5,2017-12-06 17:55:32,69.90,8.27
f3cb950f0d57842dbbd55317ceaeaa71,1,a02d0123079f4ae96001ba2010d1a2df,1025f0e2d44d7041d6cf58b6550e0bfa,2017-08-01 15:40:12,360.00,41.45
f3f19665e7205700de2a40ff56bf2d28,1,b3cde9c63f334490ef1c3348bb7dfc3c,53e4c6e0f4312d4d2107a8c9cddf45cd,2018-08-24 14:15:13,17.00,13.43
f3f19665e7205700de2a40ff56bf2d28,2,b3cde9c63f334490ef1c3348bb7dfc3c,53e4c6e0f4312d4d2107a8c9cddf45cd,2018-08-24 14:15:13,17.00,13.43
f3f19665e7205700de2a40ff56bf2d28,3,b3cde9c63f334490ef1c3348bb7dfc3c,53e4c6e0f4312d4d2107a8c9cddf45cd,2018-08-24 14:15:13,17.00,13.43
f3fdee8d27166359de2abe05ec16b351,1,53759a2ecddad2bb87a079a1f1519f73,1f50f920176fa81dab994f9023523100,2017-11-30 20:52:18,49.00,19.66
f40af969fcf3d71db248ca5459f0b7ca,1,8ab83b53b9a953395f4f21f0b1a845ef,431050a06a317f2b38168dec3dcd2b46,2018-07-03 09:31:23,83.80,7.85
f40d3749a6d621bb95be74a8ce79e06f,1,d248fe1e952b5b5d62572369cc23ac3c,7e93a43ef30c4f03f38b393420bc753a,2017-02-15 12:53:38,1323.00,24.96
f41b9d67732ba2f147a193ec9d38fd69,1,e0cf79767c5b016251fe139915c59a26,da8622b14eb17ae2831f4ac5b9dab84a,2018-03-15 15:10:49,29.90,7.71
f41f4f0667b69592fa5bef59e5ef7fad,1,3354a4e684f5e7199f9407db70ccd92b,7a67c85e85bb2ce8582c35f2203ad736,2018-06-12 11:51:12,89.99,18.21
f423569a17449da1163fa5de4414338c,1,18b0e642cbae7251e60a64aa07dd9eb9,85d9eb9ddc5d00ca9336a2219c97bb13,2018-08-30 03:30:14,22.32,22.09
f43dce59f4547d6918c7b2360f27698f,1,3a07f82957867a5eb477dc7f2f60c2aa,6560211a19b47992c3666cc44a7e94c0,2018-03-11 22:55:35,38.00,15.23
f44845a8eeec9bf829093ad92c846c09,1,d169836257fb54117a84c70913117d6f,17e34d8224d27a541263c4c64b11a56b,2018-07-23 13:50:22,39.45,22.21
f458316312c3e16919d3eb5f56c95930,1,8aa6223e400af9c97b07c75993142721,1f9ab4708f3056ede07124aad39a2554,2018-05-22 15:37:41,169.90,34.68
f45a9d097cad72a13df7a423d893dab6,1,31b8c37adb9572ed34757d9368d987ac,6560211a19b47992c3666cc44a7e94c0,2018-05-07 21:12:26,49.00,7.39
f4788173ecaa859073b6d2c4a35da40f,1,1e1e594f54aee5d344f0f58b399c7493,16090f2ca825584b5a147ab24aa30c86,2018-07-20 05:55:08,37.99,18.37
f4828ff963f97cbba213b56e3154ef2f,1,6f33a4a09ae1180a0ee1ff4682b2d21f,725c32fa80c2faacc4fc88450d27314e,2017-12-04 03:32:03,139.99,15.74
f494e4f6b6de7aeefe3af00acc8b3426,1,1aa2ed670a95e9f475723707a7c3f386,a3e9a2c700480d9bb01fba070ba80a0e,2017-06-15 19:22:11,40.00,13.37
f49c0fbc31a71d739df8b7c13dd6ffd8,1,ac8cd7b94039a681dafe6f7d664864e7,41b39e28db005d9731d9d485a83b4c38,2018-02-21 15:46:42,13.90,3.55
f49c0fbc31a71d739df8b7c13dd6ffd8,2,b0c89945c034268074f5f80b362bda34,1835b56ce799e6a4dc4eddc053f04066,2018-02-21 15:46:42,29.99,16.07
f4b75a851727133860699dd7a8acda5f,1,201842e46ecc7b96047e78835d973548,e8b3a3a38279a82f0e5d006d5e5b7d2c,2017-12-11 10:18:39,104.90,42.76
f4ce5abb3bd4aac9e9c5f5685604cbcb,1,26b2a480ced2900a62bb9431133e95aa,d6b1ce66b035a475f00c017792ff9769,2018-07-04 15:30:12,113.30,23.59
f4cfe242b2a63f75c59446a0f5a8ee94,1,52c80cedd4e90108bf4fa6a206ef6b03,a1043bafd471dff536d0c462352beb48,2018-03-13 11:15:55,159.00,67.48
f509a7040093f6d9092290c14fb8cdb2,1,65a664671b56435d4b383cdb373f1b94,229c3efbfb0ea2058de4ccdfbc3d784a,2017-12-14 09:19:24,167.00,14.92
f50a129ed971ecf763627e2b2a94be73,1,5a5acb6ac56c50c8e988f2c93cc8b7ef,d91fb3b7d041e83b64a00a3edfb37e4f,2018-02-27 12:30:41,21.50,8.27
f50e54b63f3aef3514497d67977256f5,1,446f791c0261ad0a93d4dced49d5d0bc,b499c00f28f4b7069ff6550af8c1348a,2018-08-07 12:44:15,139.99,16.28
f50e6fe960b68d2b8510cc0cef8ed8dc,1,0f4a3e29a1c122f94fe4c48c49d9cfa9,955fee9216a65b617aa5c0531780ce60,2018-03-08 15:08:48,169.00,23.50
f5147f84d290b6615104539af53179fd,1,6ae7f4ef0ca670ca2609d039af87d057,620c87c171fb2a6dd6e8bb4dec959fc6,2017-02-05 13:21:52,23.90,14.52
f521316c3f7b3dca86fee711afb2ab40,1,7c55ea4aea1acf1ce11440010f5aa298,955fee9216a65b617aa5c0531780ce60,2018-05-22 13:26:06,399.00,27.10
f522ddf23e3ce51e2ad669c0c55f75af,1,34133989d0439e38e03a4a772583d206,bd0389da23d89b726abf911cccc54596,2018-03-14 09:55:31,93.90,22.37
f52ca6450bdbd97aace8dc2d9d711000,1,2ffdf10e724b958c0f7ea69e97d32f64,4869f7a5dfa277a7dca6462dcf3b52b2,2018-03-22 02:50:50,224.00,19.45
f536792a13716fb94028f1c59984763c,1,54b755678728b84472c2b654ac4de777,a3dd39f583bc80bd8c5901c95878921e,2018-03-26 20:50:43,49.90,17.06
f53c55d69ec100514da4915a8a3d72b2,1,ec2d43cc59763ec91694573b31f1c29a,1c129092bf23f28a5930387c980c0dfc,2017-11-08 03:30:27,45.90,9.34
f5508c24aa4418c7069ad5a43b06bdee,1,ab1f9387c0627dd24000bfbc54fdeee0,8b321bb669392f5163d04c59e235e066,2018-05-21 04:52:36,12.25,12.79
f5534d6b1d3258a7ffec513deeeade95,1,6abe34a6ed575743a8803dd6dd7ee5cd,5a8e7d5003a1f221f9e1d6e411de7c23,2017-08-31 17:55:12,59.90,9.74
f55846241ee01e6a5d8401e58d5b6c77,1,e9a69340883a438c3f91739d14d3a56d,1b4c3a6f53068f0b6944d2d005c9fc89,2018-07-10 03:11:22,159.49,27.42
f565be42bf5390f6cd98934cc4c17091,1,53b36df67ebb7c41585e8d54d6772e08,7d13fca15225358621be4086e1eb0964,2018-05-15 15:51:38,99.90,0.00
f5662da1743a5f7589fe85510a24e197,1,84a87daa85c8b432d90bc1baa0cb4388,aafe36600ce604f205b86b5084d3d767,2017-10-26 03:07:31,59.90,15.18
f584750a7d396178965d61cce2bf2c9a,1,ec2d43cc59763ec91694573b31f1c29a,1c129092bf23f28a5930387c980c0dfc,2018-01-22 19:10:51,45.90,9.34
f586f078b428a8fa67820e1606760010,1,cb81df0e3ccece253557f2a07df4727e,669ae81880e08f269a64487cfb287169,2018-03-01 17:15:39,45.00,15.10
f5ab5341b520987fc899c69ec795dc1d,1,ba0aeab8fee0bfc98bb3bfbc321e6d9d,53e4c6e0f4312d4d2107a8c9cddf45cd,2017-11-10 16:50:27,105.00,13.29
f5b364f870f2417bb837200eac7677d6,1,6e1b14d3cbb5fb3a2c00351007127dfd,7a67c85e85bb2ce8582c35f2203ad736,2017-04-19 02:42:25,219.99,15.31
f5c1445b3732010dc5ad14eff121f7d0,1,bdc3291ab242ec1effc8eb0987850268,dbd66278cbfe1aa1000f90a217ca4695,2017-12-04 03:25:05,29.00,8.72
f5c1445b3732010dc5ad14eff121f7d0,2,bdc3291ab242ec1effc8eb0987850268,dbd66278cbfe1aa1000f90a217ca4695,2017-12-04 03:25:05,29.00,8.72
f5c1445b3732010dc5ad14eff121f7d0,3,bdc3291ab242ec1effc8eb0987850268,dbd66278cbfe1aa1000f90a217ca4695,2017-12-04 03:25:05,29.00,8.72
f5eda0ded77c1293b04c953138c8331d,1,00088930e925c41fd95ebfe695fd2655,7142540dd4c91e2237acb7e911c4eba2,2017-12-18 19:32:19,129.90,13.93
f5f15b58af5d98ee482e59fa194a9112,1,36f60d45225e60c7da4558b070ce4b60,88460e8ebdecbfecb5f9601833981930,2018-07-18 23:30:10,78.90,13.89
f605124d27f2e57fff4d4555277d0dbd,1,12717f7dc7e2daec2771d44b39f477b3,951e8cef368f09bb3f3d03c00ca4702c,2018-08-22 03:29:46,39.99,13.86
f614b00ec28e93d421101c1a27369277,1,e0d64dcfaa3b6db5c54ca298ae101d05,4869f7a5dfa277a7dca6462dcf3b52b2,2017-08-16 13:35:14,179.90,16.01
f61f547d212a8e108eb2a928aaa5fb03,1,389d119b48cf3043d311335e499d9c6b,1f50f920176fa81dab994f9023523100,2018-01-22 03:51:09,49.90,19.59
f637d76c398963bc6fd99947a23806f6,1,a1ebb47a48200e6566603de49b83f621,46dc3b2cc0980fb8ec44634e21d2718e,2017-10-20 20:49:59,269.99,26.34
f637db9f107a517712822ef3c44024aa,1,c8c969c3a6423f48df9fde8a13e6770b,b2479f944e1b90cf8a5de1bbfde284d6,2018-03-22 16:30:48,21.99,18.23
f64acc0cecd62080222884dac91d7e81,1,51ce083cd2b9078656a94655ab45b8a4,da8622b14eb17ae2831f4ac5b9dab84a,2018-03-22 22:07:41,199.90,17.03
f64c7fd99793f1416dea0acbf3d9892f,1,b114bf337c0626166abe574eee9e3f32,7c67e1448b00f6e969d365cea6b010ab,2018-02-06 20:39:24,159.94,21.77
f655ae6fff7b523b34ac845cd918b87f,1,3dd2a17168ec895c781a9191c1e95ad7,de722cd6dad950a92b7d4f82673f8833,2018-07-02 02:15:40,149.90,15.50
f65ca26881ac6c0ef00ce00baf3d157b,1,cb61a9727a2f74ec0c80652f4d62e812,7c67e1448b00f6e969d365cea6b010ab,2018-02-08 08:27:39,78.98,17.29
f6661fe3177a741fbfd91547b86a00e9,1,a12ece3f747b6aae747ca17176611aa2,e06f09ec0a4aca210779cf1cfc63cf19,2017-11-30 02:16:36,65.00,23.11
f69425cdf960af0610de624359fd6a04,1,d5a94c75d108fd56ceca390b4ae60e55,41da412d33e8da4f22baf55cb1bde82c,2018-02-08 11:30:46,39.50,16.11
f6a40045364c9ef1f9405ef1d094c389,1,62d41a80c366aa2d8644e3270adf8440,25c5c91f63607446a97b143d2d535d31,2018-01-15 07:21:05,275.00,20.79
f6a40045364c9ef1f9405ef1d094c389,2,62d41a80c366aa2d8644e3270adf8440,25c5c91f63607446a97b143d2d535d31,2018-01-15 07:21:05,275.00,20.79
f6a40045364c9ef1f9405ef1d094c389,3,62d41a80c366aa2d8644e3270adf8440,25c5c91f63607446a97b143d2d535d31,2018-01-15 07:21:05,275.00,20.79
f6a40045364c9ef1f9405ef1d094c389,4,62d41a80c366aa2d8644e3270adf8440,25c5c91f63607446a97b143d2d535d31,2018-01-15 07:21:05,275.00,20.79
f6a40045364c9ef1f9405ef1d094c389,5,62d41a80c366aa2d8644e3270adf8440,25c5c91f63607446a97b143d2d535d31,2018-01-15 07:21:05,275.00,20.79
f6a88b9bb4c26463d70208b8ad03eb28,1,a00a22560435cc439faf6163eabc1ef8,2138ccb85b11a4ec1e37afbd1c8eda1f,2017-04-04 22:42:34,18.99,14.11
f6ab013773ba1820dc3239e7388ab5f1,1,4907ffcd08e217fc8e169a8e9584abc4,25cf099de44674fde97473224f9d59ab,2018-02-02 02:42:26,15.00,15.10
f6bf3b24291e3adaf0840193cedbf844,1,ffc9caf33e2d1e9f44e3e06da19085f7,b18dc380845b24038cfc48006478f099,2018-04-23 16:52:05,199.89,23.46
f6c83f331fa7998140a4cbe44f87b38d,1,f35927953ed82e19d06ad3aac2f06353,669ae81880e08f269a64487cfb287169,2017-09-12 04:35:55,115.00,15.56
f6e3e88cce05228735d1d123916961a8,1,4e46d4d7bdbc358eee60e44df825dd01,b372ee768ed69e46ca8cdbd267aa7a38,2018-02-12 02:55:47,35.00,15.10
f6f20338750875ffa91d23d6d6ff4fb2,1,c55065b87cbfeb89e7714d838d588afd,8160255418d5aaa7dbdc9f4c64ebda44,2017-11-30 21:14:13,115.90,13.15
f6f4658567da4b739eacf70531b041df,1,35582ccc8dcd2cc9841d257c0506b641,4d6d651bd7684af3fffabd5f08d12e5a,2018-01-11 02:08:20,119.80,18.73
f6f4791d4e9af576b54789af41c06f23,1,3b42242085259cb66b6e577ae5173c76,972d0f9cf61b499a4812cf0bfa3ad3c4,2017-12-20 11:17:53,69.20,17.73
f70dff3502fa3fe88532b170cf4f126a,1,208c1210f363c82510f5609d5feb0341,f789d2c4f2c2eb38fc4373e7a4b35264,2018-08-17 18:05:20,119.99,6.31
f70dff3502fa3fe88532b170cf4f126a,2,42ca857208d059f51c317b503000c385,f789d2c4f2c2eb38fc4373e7a4b35264,2018-08-17 18:05:20,119.99,31.57
f71db65486473af693cb9575b5b77acb,1,4c82c8d31845d751d797debc3d03697f,ce27a3cc3c8cc1ea79d11e561e9bebb6,2018-08-28 03:15:21,12.99,7.39
f72467d6531722969a365e9bad203276,1,4027c03e4b0afe1963877d2d164f880b,fe2032dab1a61af8794248c8196565c9,2017-12-14 20:14:20,169.90,15.95
f738ff751aa9c2388f4009d04ada528b,1,b1a72e4db970375eb23425e55df451f3,25e6ffe976bd75618accfe16cefcbd0d,2017-02-25 21:47:14,43.51,14.11
f75517cfb973c21eab8559a870263794,1,952670bc019a73f0933157ec82ff6e4f,37be5a7c751166fbc5f8ccba4119e043,2017-07-12 17:18:36,205.00,26.27
f76722e1f5bbed6240fe01d579139c3f,1,c708ba7c6269161f89ce0683cdd7c432,6560211a19b47992c3666cc44a7e94c0,2017-12-06 02:25:53,49.00,14.10
f769d5778736c059f21be80b520c0b86,1,b99e4f4fa3f421e0ffbd512d9f152dec,128639473a139ac0f3e5f5ade55873a5,2018-02-05 12:31:17,19.90,15.10
f78c8c3b43d996a8ff2d7be6a2eb5e8a,1,be3eb52ad733d7f7fff631a0cad35e81,522620dcb18a6b31cd7bdf73665113a9,2017-06-13 13:35:24,173.20,15.96
f7b7cd620fccb9f2041e9f3b569d49e0,1,9927048351cd36357bd4227c238f478b,0ea22c1cfbdc755f86b9b54b39c16043,2017-10-20 01:28:21,54.90,15.13
f7b820ea870eadff426970af299e9384,1,0d0f2c7fcae108a74c895521c62d46f6,09f952a5f58d2285b0372551ae8f9b01,2017-10-16 17:49:25,89.99,16.88
f7b820ea870eadff426970af299e9384,2,0d0f2c7fcae108a74c895521c62d46f6,09f952a5f58d2285b0372551ae8f9b01,2017-10-16 17:49:25,89.99,16.88
f7b919c0d2c64a38f645de0bb6f20e4e,1,3881e42dae9f77fcbaf9f23020b7ef44,dbc22125167c298ef99da25668e1011f,2017-11-23 13:46:35,61.90,13.45
f7c60481e9597efaf926c7fd126b2483,1,04d7da0499dd7cdfba6ef58c85e70324,7722b1df1b0e383e000397b2c11e3e19,2017-05-28 23:05:17,12.90,8.72
f7c983ea77108633138dd0ff5e2fbd3a,1,218f5d32f520df3b8517cdd86da09466,44f091b5abab8018f682fce8124b85e5,2017-10-10 02:43:39,229.90,26.06
f7d960d092a081a1124e6f27cdeb2130,1,a7c7a8a5ae0e412843068fb8fcc30a86,8a32e327fe2c1b3511609d81aaf9f042,2017-04-17 03:45:19,42.99,22.28
f7f3b76959c6fadfb61d9c5474b885e7,1,df6d00c24fc224b84e9ad17708d0f4d7,f7ccf836d21b2fb1de37564105216cc1,2018-08-13 22:44:36,43.00,19.49
f7f84dc96924f895eeee8f89515012c3,1,2cf9ec82c2ca858baedfb2c2e5c06b6f,57c764b4a836300be881e2ff86e449f9,2017-09-13 02:51:10,9.90,15.10
f80ad99e797d6ae86865bed1ff9483dc,1,f0bbc1bdaf90ddcab4aa862660dfc6d3,f262cbc1c910c83959f849465454ddd3,2018-01-05 17:07:34,19.99,9.34
f80e68b525d4ea7025db2f4648d4007d,1,e966b10d5690d77bfc03cef8f9a26d57,30a81d8cf85fb2ada1b1b094c9583a95,2018-05-29 00:56:19,100.00,7.57
f8269b176544d1f16f51e785046d1785,1,d3e1006ba3735c0d44160026b6e0ced3,c003204e1ab016dfa150abc119207b24,2018-06-27 03:17:29,108.90,23.56
f832a90e0e5f392aa29255b5716b012d,1,163da86e86f0089de089399c28c3fcbb,9f505651f4a6abe901a56cdc21508025,2018-05-04 08:15:19,99.00,8.46
f8337e09908840a3536231a3a198b43a,1,45f68d6b5c1bdaeb13882fdcb62e4e47,95e03ca3d4146e4011985981aeb959b9,2017-10-20 16:15:32,79.90,15.31
f83c8acd504b93200d7313d293a35f31,1,764292b2b0f73f77a0272be03fdd45f3,bd23da7354813347129d751591d1a6e2,2018-06-27 16:30:56,79.90,27.51
f8433ba8190dc8137e3409d466cf90ef,1,f3d7339839e02f580fe8fca5755e0e25,d673a59aac7a70d8b01e6902bf090a11,2018-06-14 21:55:15,36.75,18.23
f849a31dd0dcf26a9af068f40ab197a8,1,516d614a5a8bd8983bf46eaa51fab8eb,f8db351d8c4c4c22c6835c19a46f01b0,2017-05-03 15:03:09,28.90,15.56
f84df8c0d5dd2861dd4b0939c1a9fc27,1,422879e10f46682990de24d770e7f83d,1f50f920176fa81dab994f9023523100,2018-07-20 11:30:16,49.91,83.27
f860c7860a105bb2aba6dbdfbc7f17ef,1,6e0b3bc6a8bcfcca9005f9d220fe4af8,1025f0e2d44d7041d6cf58b6550e0bfa,2018-05-07 22:35:16,70.00,23.07
f86be73e2deb7e4d522ee8922cc02bd7,1,a607011661b3f99887a6717ba7371840,373ee4a3a775a733770ca3f790b8b9ac,2017-12-14 11:15:22,16.70,13.94
f86f6472fa9f395d8d9a6751ca118afb,1,99f265229d46f700208ad7cb1ff48aae,ea8482cd71df3c1969d7b9473ff13abc,2018-04-25 10:11:59,44.99,19.04
f8813be969dfa2d97ee44b025c9bcaf3,1,c7b3cf9de7be95b3e09e7a63315685eb,5dceca129747e92ff8ef7a997dc4f8ca,2018-01-17 23:09:02,99.90,36.21
f8815360ba396d9d7cfa13aa2048041e,1,36ea81e90d1292dcdc3ad8abb09c20fe,a420f60ff1aa9acc80d0e42959f2b313,2017-11-21 13:30:47,74.50,16.77
f8898796f33b7a0741dc0cf4f54c0001,1,363218ba55c610b750224f90bdd34be1,00ee68308b45bc5e2660cd833c3f81cc,2017-10-09 08:07:19,90.00,16.88
f89a86148310b5d6a02fbab8f1c9fb77,1,5e2ba75ad255ff60b1c76c5bf526ae9b,f84a00e60c73a49e7e851c9bdca3a5bb,2017-09-18 04:25:52,69.90,14.24
f8a7ddc8ce9090a2647d48daecae3a24,1,d6fe3b4ddecd4a8393c6a1385de3bfb6,7c67e1448b00f6e969d365cea6b010ab,2017-06-16 12:35:06,219.99,37.05
f8b187febb8635055dee874a1d99aa0c,1,154e7e31ebfa092203795c972e5804a6,cc419e0650a3c5ba77189a1882b7556a,2017-05-16 13:10:28,19.99,7.78
f8b8a77937cd83cba18622b9e1e2681f,1,75d6b6963340c6063f7f4cfcccfe6a30,cc419e0650a3c5ba77189a1882b7556a,2017-10-10 17:14:21,56.99,14.15
f8bbf6bc03d0fb7a5a78e3dadea9f278,1,6e77b89d36e50217e6793780a8ce5c82,ea8482cd71df3c1969d7b9473ff13abc,2018-03-22 16:15:29,37.99,18.23
f8cbe869cc12ad59a53e2efa569d7e34,1,de984954e2e130136bcf8988bc973d90,1dd33b8119b3cb1056ed5dc88cd0aaf4,2018-01-04 23:16:31,199.00,13.73
f8cc09140951893d329b6f1bb9106ab3,1,66421745b3128972e1b0dcb3123e8c1d,1f50f920176fa81dab994f9023523100,2018-08-23 11:31:04,79.90,24.64
f8cc09140951893d329b6f1bb9106ab3,2,66421745b3128972e1b0dcb3123e8c1d,1f50f920176fa81dab994f9023523100,2018-08-23 11:31:04,79.90,24.64
f8d682487207f7eab4caa4ab2f2968f7,1,5b3b5f9ae84ca9ead3138b199420cc94,adbc26658d6c7b4b6219f9d934598091,2018-08-24 12:50:22,129.90,19.86
f8fa646064b580d92a30a5db627a817a,1,483bc1cbabb3fd0c16d82d2f162852c4,7142540dd4c91e2237acb7e911c4eba2,2017-03-27 11:30:03,294.90,24.61
f8fb39acd1750678fd3d2be1d4166cf8,1,f7739485622f3dccbf3c8755adfd76af,8e6cc767478edae941d9bd9eb778d77a,2017-10-18 12:46:44,15.00,16.11
f8fb39acd1750678fd3d2be1d4166cf8,2,f7739485622f3dccbf3c8755adfd76af,8e6cc767478edae941d9bd9eb778d77a,2017-10-18 12:46:44,15.00,16.11
f8fe8d24cb8a4064a82cd795715643a4,1,8060b4a1aeecf25a9ada1fc0f6e142dc,b499c00f28f4b7069ff6550af8c1348a,2018-08-29 01:15:12,44.99,7.58
f90185ee34b0b34c876b408aa6a5686b,1,01b154ceb5457897eb28b9e549f28219,77a515caa36327151d1cc6c32a9f00e1,2018-06-12 12:31:38,78.00,7.41
f9114a9615fd4c8a09fa0768afb4a8f6,1,b188dcf56044f0301917cd129630fd14,1f9ab4708f3056ede07124aad39a2554,2018-03-06 09:31:02,169.90,46.78
f9144beb4a52ad3ca5337e1f9409a3f4,1,587daf296426a63860d1b5d8feddab1f,8f2ce03f928b567e3d56181ae20ae952,2018-07-23 22:45:11,99.90,19.89
f91eb2806b28dec82d98c3973af406c5,1,d1a7965ac8d6ae62c9c1984434227cb6,87142160b41353c4e5fca2360caf6f92,2018-06-25 17:58:17,69.90,23.29
f92658c234d93f1b5e25da234dd2968c,1,55b71bf300a2765a382eaec566df531f,54a1852d1b8f10312c55e906355666ee,2018-03-12 03:48:58,74.99,16.77
f93bdede82a36c75fddda9a509f2298b,1,1eaf224c19e07b6e50bf0119eea1dd26,da8622b14eb17ae2831f4ac5b9dab84a,2018-03-01 20:31:30,109.90,18.02
f94344586ac6663aabd08cbb1381e347,1,d759fd6b0285e54cf1bc5041e2a286bd,8b28d096634035667e8263d57ba3368c,2018-04-26 20:31:40,38.90,18.23
f95bc347226e75c87d4c329d25f64970,1,3eef0cb94ba82de806bb30ab743c7655,7c67e1448b00f6e969d365cea6b010ab,2018-02-19 21:55:31,79.99,15.31
f95e68e0a929684e9e406ad28d6604a3,1,94976cc078d10e74c19c62f0b3b52432,a3e9a2c700480d9bb01fba070ba80a0e,2018-03-01 20:10:25,139.00,18.22
f96b5c312ad850920b6aed06ee8881ad,1,2002fc3ec2d8a30a7588628fe7aff958,e9d99831abad74458942f21e16f33f92,2017-12-19 21:35:32,30.00,15.10
f96c24233b2160cbda61f76e59f81412,1,3c5ba90e09547db90868e803d139de30,ec4608a1f76453166bb312b2968aeaf4,2017-02-28 15:57:47,34.99,36.75
f97038209977e4fcbbbb7ca58e55bc1b,1,7b82c09aeb69b05e0a578a2ea97ed4a9,7bac63f6603d382cc8d0832eb6c100a8,2018-03-27 09:08:16,169.00,13.62
f97b22f43ebe3a849c11dec2d26ad2d9,1,fd97587c26811f6072bacce1484fbf65,537eb890efff034a88679788b647c564,2018-05-02 21:31:41,19.90,15.23
f9847bf9cc7336c6ba07fe2bdbb6cae1,1,3e5201fe0d1ba474d9b90152c83c706c,8160255418d5aaa7dbdc9f4c64ebda44,2018-05-16 18:30:50,125.90,13.30
f98a633c73840753516ca92e24128574,1,407bc2771e1ae0911576de1560d3adcc,1ce3ae5a399804d1a87e706f8a813c3e,2017-09-05 21:45:38,69.90,15.24
f9987d1807253fd86a6152d06bcc46a3,1,1dfb36d969d347f56f43590ec42c7b8c,7f152321c60a266edc53af1925ef96c1,2018-02-19 11:26:57,159.99,16.88
f99f378d18912c456349267972a22691,1,f93213a23c50edc16c27b96333f734dc,46dc3b2cc0980fb8ec44634e21d2718e,2018-05-16 00:14:21,229.99,24.15
f9b70a12018e8fc54ff01781ea794a6b,1,e878662b68e175a58b5951e44574d5c8,14ee35374a7876217954b5fa08e50463,2018-01-18 18:08:58,149.00,18.29
f9b7d4be1a26d7a0017957e6a6f26e01,1,cb81df0e3ccece253557f2a07df4727e,669ae81880e08f269a64487cfb287169,2018-04-16 03:35:27,45.00,18.23
f9c3b3bf31139769a9952d2228555efd,1,acbbaa8cbb7857102ad783c73caa55c5,c8b3445d737de6befde0c88ede534a5e,2018-02-27 17:30:26,29.99,21.15
f9c78e6e58306dc81efbbada1ac11f24,1,1d2d3b19f5c3d093d4dbccd3cd963a8f,7ddcbb64b5bc1ef36ca8c151f6ec77df,2017-09-07 22:23:53,194.99,20.85
f9cda286ca417062ff15bf5d63fbc70c,1,1ac94144a305b4bc370804ca0d290490,138dbe45fc62f1e244378131a6801526,2018-05-25 17:56:47,5.90,18.23
f9d852b1cf2bd8c89bc635849359cb4e,1,6cdd53843498f92890544667809f1595,ccc4bbb5f32a6ab2b7066a4130f114e3,2018-06-15 16:31:26,364.00,54.68
f9e254c56ad8dc27d6fd34b26f94711f,1,d53fa4385b1c7af4bc099d079edd4b32,fd386aa7bed2af3c7035c65506c9b4a3,2018-08-31 14:24:20,19.00,8.29
f9eb516475260ab01f33937aac3cfd40,1,827c4a77226a3e7ef259d61eaa775df9,b14db04aa7881970e83ffa9426897925,2017-12-01 14:19:34,39.90,12.23
f9eb516475260ab01f33937aac3cfd40,2,827c4a77226a3e7ef259d61eaa775df9,b14db04aa7881970e83ffa9426897925,2017-12-01 14:19:34,39.90,12.23
f9eb516475260ab01f33937aac3cfd40,3,827c4a77226a3e7ef259d61eaa775df9,b14db04aa7881970e83ffa9426897925,2017-12-01 14:19:34,39.90,12.23
f9f19aa140c738c064cb3cb17040a30d,1,3f994ee4a0b20760d1b173aa65037c95,ceaec5548eefc6e23e6607c5435102e7,2018-03-20 16:56:13,215.00,27.95
fa0f0d1f0217a8e31b498715069cf94f,1,7c898e0b8ea203dd94ba846627fc34d1,a7f13822ceb966b076af67121f87b063,2017-05-08 17:05:13,179.96,21.57
fa1e2a95826b093d8c6bdee094c13c2b,1,54d9ac713e253fa1fae9c8003b011c2a,955fee9216a65b617aa5c0531780ce60,2018-01-16 19:13:28,29.50,15.98
fa200e49cb5e3ae19cde414d9d9161d4,1,a7216be504e1ff211b67479ab193a552,a2e874074c877c5a05abae80ad6e488f,2018-08-29 15:50:08,69.90,21.13
fa2299624a4957d95dd526fc552d1ff1,1,5727b4e9463bfa0b43bf97397c4b7c44,2199e7fe213c16213bf5d6a7eadc9a5d,2018-06-07 19:51:03,76.00,14.62
fa2c90cc79e4e69f0083fa936998174e,1,a322cb898d31adbe4a4de692f4bc0276,218d46b86c1881d022bce9c68a7d4b15,2018-04-04 21:55:12,148.00,23.62
fa2d13f8e78f4d76a375ddac6b2d4337,1,de92134fd940e9302d27c31af4581fbd,6a8a889bde935bafa76d7848782dfaf9,2018-05-04 20:15:27,30.49,8.29
fa2fd666118d799e8d1872a146839d77,1,29d78eec0b549067b52a07635d049c8b,14f2b3587172b9db894c9bad8dab520b,2018-04-02 13:10:34,122.00,18.68
fa42ca789329fe838b380b2dce4c0307,1,be1be330cf34043d1c40d6114cbd11b5,d921b68bf747894be13a97ae52b0f386,2018-05-09 00:30:36,149.00,22.75
fa4ab8250c20f75f121f9ebbfd0a915a,1,55742882e846f5896e72892678652057,1da3aeb70d7989d1e6d9b0e887f97c23,2017-05-30 18:30:12,9.99,15.10
fa6e00b909d5805dc02b5456fa40778b,1,38ef617a023fc4398829dd8c2b9e8be6,1900267e848ceeba8fa32d80c1a5f5a8,2018-05-22 03:35:24,53.00,12.81
fa82edaf6d788f4a8a80e2f8fc4cb9b7,1,e2c843e2762213223f21e0206e3b9d9d,c013e57c075a06e5b5c48ee03c525719,2018-08-28 19:15:16,63.99,18.76
fa8af66ee11f929d58f95e9a0522d792,1,0630f740d3f05c50f85d7dd7cffc60a3,cad10cc982ab6a391570c211b995c17c,2018-04-26 12:31:10,47.40,12.79
faae3d4acaaab21062794c932248e58b,1,169e1fedd1319ca92e90e057e7123005,e9779976487b77c6d4ac45f75ec7afe9,2017-10-27 00:28:20,69.49,16.25
faae3d4acaaab21062794c932248e58b,2,169e1fedd1319ca92e90e057e7123005,e9779976487b77c6d4ac45f75ec7afe9,2017-10-27 00:28:20,69.49,16.25
fad45938bae3bd8a63fbae03cc8ae040,1,eb45e95b37dfceebc7b740688cff3686,8444e55c1f13cd5c179851e5ca5ebd00,2017-08-30 15:45:16,829.00,23.37
fae78da81b7ad4a5389732f61e0264ef,1,25bf7c5e5f9d008845212122805014e5,d2374cbcbb3ca4ab1086534108cc3ab7,2017-06-26 19:15:15,18.90,15.10
fae78da81b7ad4a5389732f61e0264ef,2,25bf7c5e5f9d008845212122805014e5,d2374cbcbb3ca4ab1086534108cc3ab7,2017-06-26 19:15:15,18.90,15.10
fae78da81b7ad4a5389732f61e0264ef,3,25bf7c5e5f9d008845212122805014e5,d2374cbcbb3ca4ab1086534108cc3ab7,2017-06-26 19:15:15,18.90,15.10
fae78da81b7ad4a5389732f61e0264ef,4,25bf7c5e5f9d008845212122805014e5,d2374cbcbb3ca4ab1086534108cc3ab7,2017-06-26 19:15:15,18.90,15.10
faeeb4eb4150e4e1246627ee36ae6f60,1,af2d506fb01b724e03591349ad36b67e,4b9750c8ad28220fe6702d4ecb7c898f,2018-03-21 03:15:53,48.90,19.32
fafd2c21c936debfbe975488ded4667a,1,90f39a309a8c05fa7aa4ef02178059cb,b2ba3715d723d245138f291a6fe42594,2018-01-12 14:36:24,289.90,19.60
fb12ff6f5be15ffae684b3cc37abdf24,1,50b2ddbf47bd0b8eecabb404613e2a45,259f7b5e6e482c230e5bfaa670b6bb8f,2018-01-17 22:34:24,39.90,17.60
fb14d0b924669f4fedd4109bbbfbb736,1,99a4788cb24856965c36a24e339b6058,4a3ca9315b744ce9f8e9374361493884,2017-05-02 17:22:39,89.90,11.24
fb3d9a7dc344c0c035d8c5c808d428d3,1,1cd876bcbd0907f49bbf28372f86dd32,4c498c7345e89aebad651544829beca0,2018-01-30 22:14:28,55.90,14.14
fb4717856a1a4e0a10b9230a1f4b7e51,1,41c24b8ce92d1a2cac62db5edfd088b2,4869f7a5dfa277a7dca6462dcf3b52b2,2018-08-15 16:44:29,98.00,13.35
fb520e46696d1669a96549c252ed177d,1,d585c50d622ff40b4d69959caa42a5a3,64b87978a11c1ea7501a89eabe8c2c1a,2017-02-19 22:17:29,69.99,16.19
fb7d6ea70e823cfb1afca3524282cbf9,1,53759a2ecddad2bb87a079a1f1519f73,1f50f920176fa81dab994f9023523100,2018-04-09 05:28:15,53.90,21.35
fb7d6ea70e823cfb1afca3524282cbf9,2,53759a2ecddad2bb87a079a1f1519f73,1f50f920176fa81dab994f9023523100,2018-04-09 05:28:15,53.90,21.35
fb7d6ea70e823cfb1afca3524282cbf9,3,53759a2ecddad2bb87a079a1f1519f73,1f50f920176fa81dab994f9023523100,2018-04-09 05:28:15,53.90,21.35
fb7d6ea70e823cfb1afca3524282cbf9,4,53759a2ecddad2bb87a079a1f1519f73,1f50f920176fa81dab994f9023523100,2018-04-09 05:28:15,53.90,21.35
fb7d6ea70e823cfb1afca3524282cbf9,5,53759a2ecddad2bb87a079a1f1519f73,1f50f920176fa81dab994f9023523100,2018-04-09 05:28:15,53.90,21.35
fb7f2bd158ff5c98d1c6f296100b89ee,1,0a4093a4af429dc0a9334300e5c13ae5,da8622b14eb17ae2831f4ac5b9dab84a,2018-01-09 04:32:32,29.90,8.27
fb8d3c9c828695a80f48d03b0675ea08,1,4464ecc5c8cd38eff5beae1484f80166,897060da8b9a21f655304d50fd935913,2017-12-04 17:31:26,56.00,17.96
fbaee591810d3fe0adba011d245616e2,1,73bcea88583002fe12b7399af4ae60da,4869f7a5dfa277a7dca6462dcf3b52b2,2018-04-27 16:31:43,127.00,18.77
fbaf27e77414fafd620939df6eeb37f0,1,0d85c435fd60b277ffb9e9b0f88f927a,88460e8ebdecbfecb5f9601833981930,2018-07-24 22:55:18,64.90,13.79
fbbc0a864330509c41ca4b4f0ff9b780,1,f1c7f353075ce59d8a6f3cf58f419c9c,37be5a7c751166fbc5f8ccba4119e043,2017-07-21 16:30:19,205.00,26.27
fbc0e39ffd844ed939344840824834d5,1,84ecc25f4c77dacc5c0ceb89e09492e9,4b5f66b7adcf57f1ecc0d3c07dd6b177,2017-12-08 15:52:34,269.99,14.91
fbdda663869065b1521bf7be56191f6f,1,1df9ea4c24394047de1837c6f00673b3,897060da8b9a21f655304d50fd935913,2018-02-08 13:50:05,39.90,11.85
fbdf13b5cfcd66dc81e7fc629df1877e,1,10070e29929f7c7d609ee3201f236b8e,8a130737016f838139d31878787a39c9,2018-03-05 11:55:34,95.20,18.24
fbe61ad65fab58d509a6785653636a57,1,f6bd73f359ad6b91076b19cc0b70b44a,557f22c76691849db52d2abccf0015d0,2017-07-10 13:55:11,65.99,27.00
fbff49f23160970478cfc548cf7acde6,1,e61c78a7343d82c0539d27df0f7dfc31,da8622b14eb17ae2831f4ac5b9dab84a,2018-05-07 03:53:44,199.90,27.48
fc0933f59ece039ad7fd014c0464b77e,1,e251ebd2858be1aa7d9b2087a6992580,001cca7ae9ae17fb1caed9dfb1094831,2017-06-08 04:25:25,112.00,17.22
fc0933f59ece039ad7fd014c0464b77e,2,e251ebd2858be1aa7d9b2087a6992580,001cca7ae9ae17fb1caed9dfb1094831,2017-06-08 04:25:25,112.00,17.22
fc22b5be95b78b75981e0941fde2d34c,1,385a33a408e9c35c9fbc2025c12f3784,1c68394e931a64f90ea236c5ea590300,2017-07-26 12:02:50,139.90,15.73
fc3aa05d6850a6420531377b15473f98,1,b5c9804aab5c4cfd555ebfbc609de43d,7e93a43ef30c4f03f38b393420bc753a,2017-09-01 19:55:25,219.99,8.79
fc447b97d47426eaf8ec60d936f96ca9,1,25292482a61cb3298df8dbe15ea69daf,edb1ef5e36e0c8cd84eb3c9b003e486d,2018-02-21 19:15:24,1149.65,16.79
fc44a585a233aa97fd6b95f25e97cc7b,1,5403528d987ad26e8d7cb25940411987,6560211a19b47992c3666cc44a7e94c0,2018-08-22 12:30:04,48.00,7.60
fc4bcada7517f413ad3d38e7404c9b3f,1,0c276318593d4450cf9b178ad5b4a8ce,d91fb3b7d041e83b64a00a3edfb37e4f,2018-07-11 15:30:42,153.75,8.82
fc52f0b6b2799aab381d22c1500ec63e,1,64fb265487de2238627ce43fe8a67efc,4a3ca9315b744ce9f8e9374361493884,2018-07-10 15:11:15,79.90,26.86
fc566a7948095d23a16e8e2fb3c8ffc0,1,347ba21666e27d60475549270486d936,e6a69c4a27dfdd98ffe5aa757ad744bc,2018-03-27 02:50:44,17.89,16.32
fc7638aa60943d049d9b5811c587226e,1,1e946cab712f702ca325f609894b7962,218d46b86c1881d022bce9c68a7d4b15,2018-04-05 03:15:43,39.00,13.71
fc7e0e70546cba116020b8c07f87da04,1,190d9562bfbe9d3ed876c2ac6f2f5894,0ac4201fda2c68ebc0e47cb9423cf3c9,2018-01-30 02:38:28,39.99,7.78
fc84e4c7eef7e91a7cd081a2f273f5b8,1,3eee0fd6b877331481b1ca94b2c77319,f63d8f293af3a6454377546bd9dd19ff,2017-10-19 19:36:15,87.00,16.24
fc84e4c7eef7e91a7cd081a2f273f5b8,2,3eee0fd6b877331481b1ca94b2c77319,f63d8f293af3a6454377546bd9dd19ff,2017-10-19 19:36:15,87.00,16.24
fc84e4c7eef7e91a7cd081a2f273f5b8,3,3eee0fd6b877331481b1ca94b2c77319,f63d8f293af3a6454377546bd9dd19ff,2017-10-19 19:36:15,87.00,16.24
fc84e4c7eef7e91a7cd081a2f273f5b8,4,3eee0fd6b877331481b1ca94b2c77319,f63d8f293af3a6454377546bd9dd19ff,2017-10-19 19:36:15,87.00,16.24
fca7b989b55ec495fc04ef8344bdb7d9,1,56fa78f2a0c7d428e8aaa226dac0fbfb,a0415d9b25ede3c4b1e477e9916ffc03,2017-04-17 03:55:34,179.90,18.69
fcaa22948cf53b9b3ff7de0c67b6391c,1,31240eaae01b43247d878f3e89996e35,8b28d096634035667e8263d57ba3368c,2018-02-14 19:55:28,24.90,11.85
fcaae2ec3667a30a9164785ba78306b9,1,283f243bb09e48e8f324d175182d5cfa,ea8482cd71df3c1969d7b9473ff13abc,2017-09-29 11:30:24,19.90,14.10
fcab81c753507a9453c01a1b9e136d2f,1,e7f85e7f0203b7b95cc1b4c21b4b070c,ceaec5548eefc6e23e6607c5435102e7,2018-02-12 02:55:42,269.00,17.59
fcc0c3371e0af4947b6b4c013ecc6e35,1,0751d46ff778c72973f67da627093303,fa1c13f2614d7b5c4749cbc52fecda94,2018-01-18 00:58:33,179.89,16.01
fcc13f1fc01aacaf59da3b5bbc2e1b9e,1,49c8221f68acec04f84cc22c58be6c5a,f8db351d8c4c4c22c6835c19a46f01b0,2018-05-14 12:31:25,45.90,19.32
fcc92ad75bbb8728d4d4488325ffc907,1,e5989cd466f0714e1439b95bf6a279da,1025f0e2d44d7041d6cf58b6550e0bfa,2018-03-30 11:32:04,54.00,0.12
fcc92ad75bbb8728d4d4488325ffc907,2,e5989cd466f0714e1439b95bf6a279da,1025f0e2d44d7041d6cf58b6550e0bfa,2018-03-30 11:32:04,54.00,0.12
fcc92ad75bbb8728d4d4488325ffc907,3,2584d5fa1ac792c8c26168eca51bb4d0,213b25e6f54661939f11710a6fddb871,2018-03-29 11:32:04,129.95,59.76
fcd173d025d9960fde973eb391a98e0b,1,3006b8f5b476750a03137c1b2755cea1,06e5eefc71ec47ae763c5c6f8db7064f,2018-02-13 11:55:31,126.12,15.63
fcdc3e0003ba241c9a56bcdc32590c38,1,bb5719addb75c18148e1b6aa91e3793f,fa1c13f2614d7b5c4749cbc52fecda94,2017-12-08 21:36:24,1099.90,16.91
fd038d8e957d1407c9928ef57603146e,1,07e1dae59ffce9e47d0f529361d492f6,430315b7bb4b6e4b3c978f9dfa9b0558,2018-01-24 13:57:29,299.00,65.78
fd16cef57164811712478da2f5bf81a3,1,809f2a482cb6abfaa2cc24167538f57c,325f3178fb58e2a9778334621eecdbf9,2018-02-01 20:10:55,15.30,7.78
fd192fd37b66b1d22bfe7b82ace0a064,1,75be6b15a70d22b49d21e9c90ae7c2d6,8b321bb669392f5163d04c59e235e066,2018-05-17 17:31:45,9.00,15.23
fd22d0466cd7c6203111661f9efc93a1,1,e75eb9d7737188be4d7fd8b90b88803e,df560393f3a51e74553ab94004ba5c87,2017-08-11 19:23:28,45.49,16.11
fd3b391929c4fc835fb015acdf8049e2,1,cb8209d6b80bfeffaef2d1f694aa93a9,6d66611d7c44cc30ce351abc49a68421,2018-05-23 12:57:06,39.90,11.15
fd4bcae925b879102eb780d2bfc495a8,1,51d683bed105788944d57dcbba5aa518,3bb548e3cb7f70f28e3f11ee9dce0e59,2017-10-18 04:35:38,399.50,15.82
fd6822aef9479a47f192820b4a22dd96,1,d2239567438e335a463191a43f2f02ff,b94cc9f10ddc85e4ba73a6f7974e7101,2018-05-08 10:29:53,799.90,62.15
fd700d48d34b0b4f75767e4502c3fce2,1,5605e265607c01c1242a18219d7e396e,3771c85bac139d2344864ede5d9341e3,2017-09-21 01:10:11,59.90,19.66
fd8acdf929a762e10cb02698d2116fdd,1,ec16be6dfd2b67c4f576d7c7ccda1358,f9244d45189d3a3605499abddeade7d5,2018-05-18 18:15:39,99.99,21.12
fd8ae066cb36d75d6a3679bb30370c39,1,7148a8f67a1564b5a6c5944398357e18,c9c7905cffc4ef9ff9f113554423e671,2018-08-09 22:05:20,45.00,19.51
fd95ae805c63c534f1a64589e102225e,1,154e7e31ebfa092203795c972e5804a6,cc419e0650a3c5ba77189a1882b7556a,2018-03-05 23:47:53,23.99,7.78
fda5c50c453838651054465df87d595b,1,c5b72065154ec27c2d1ed8a654c3348f,b33e7c55446eabf8fe1a42d037ac7d6d,2017-12-08 20:58:31,190.83,16.09
fdb3ef83ea6f7bef7d13bdd9b38da661,1,cb17b798ba889575385281b7ec2fc22b,ffff564a4f9085cd26170f4732393726,2017-01-27 21:09:40,109.20,13.34
fdb3f8e441b4613d2687df310f3dd318,1,d36078c6a92906c4c3a2b2a72c146230,f8d5c7085db9a4ad2b8c1ffbeb2798c8,2017-11-13 20:15:30,85.00,14.23
fdd0f5240ca014963e5ae66b99423908,1,a237de12bdf0bfe4fe220bae65a89731,6c7d50c24b3ccd2fd83b44d8bb34e073,2017-11-30 01:15:04,37.50,13.37
fdd5c1089ba5eeffbe95fd36269b6d5e,1,ce149636a055d9eded4cde55da9ebd3b,a6fe7de3d16f6149ffe280349a8535a0,2018-02-26 16:08:19,59.90,16.86
fdf3aed22ef0ab57a54765773154b8bd,1,bda14a918da6a4fa9168277a57d59578,6a0cbc8af2e8abd1bdfb777943d174c6,2018-01-09 18:46:33,115.00,14.20
fdfb66d87e905833548d15ef7f08ee60,1,f8ca22f13e0b58c30e9a8822f20d9ba9,710e3548e02bc1d2831dfc4f1b5b14d4,2017-11-08 22:35:47,259.90,43.96
fdfe6a493395db719f0dbe0ff0c40400,1,c2ece64199af7a53793ed9612a89a8cd,6c7d50c24b3ccd2fd83b44d8bb34e073,2018-03-15 03:50:31,88.34,23.90
fe03e808df6c069fbc70b82be411d07e,1,7b9b39b222adc797a65032aea85e3395,a3a38f4affed601eb87a97788c949667,2017-08-27 22:26:01,129.99,14.06
fe168a6c6b0558d8b3767bdb616f87a4,1,815ab08327dd05cc75b2b67311f83239,89f69225956f951295ca4c7fb1266553,2018-05-17 21:31:07,10.90,18.23
fe185068c0d733ffb18fe6636ac8e498,1,3324465da0373199261538db9d035411,02c988090b766852e088c69d7fb3b551,2017-07-20 12:50:13,54.28,11.73
fe206005e41f89f9759ece7fe7acc9c3,1,21767347dfdabbe42b3ca5846a4cdb48,d921b68bf747894be13a97ae52b0f386,2018-06-27 15:18:59,279.90,23.89
fe2eaa51ed9131df5be8b566f10f3772,1,1a0971a6f39f04118207a7308d451e9d,3d871de0142ce09b7081e2b9d1733cb1,2018-04-19 16:55:38,149.00,16.32
fe5934ce67c87c337cf9c8575d7772a0,1,060c17562f97e5bb60bc0dfa4dd5b3f2,9f505651f4a6abe901a56cdc21508025,2018-05-07 21:12:31,24.99,7.39
fe650e72e3f39d6c3a0e3d87da7971cd,1,efa490145b5cc82438b6a6de691535fa,8d956fec2e4337affcb520f56fd8cbfd,2018-04-02 00:07:11,46.99,12.79
fe755232f249d0844951831268c55593,1,59dbefe045e850ce6df6b1fd5dce14ba,f67efa3f0b6761102a7f8c6b7b571f5d,2017-07-24 09:45:18,119.99,86.77
fe755232f249d0844951831268c55593,2,3a156bd35ef75525c9b43dbed71a9734,f789d2c4f2c2eb38fc4373e7a4b35264,2017-07-24 09:45:18,59.99,4.57
fe8557bac7755475950823aa9b15ebb3,1,89b121bee266dcd25688a1ba72eefb61,2eb70248d66e0e3ef83659f71b244378,2018-05-16 22:55:09,79.90,7.42
fe95adc34996ff34a9e162373c058584,1,64fb265487de2238627ce43fe8a67efc,53d00c40e32aeb924a84ce72b1af869d,2018-05-08 23:09:48,87.99,10.30
feafc8e3422f6e1f4c00bd29dd9c2921,1,53759a2ecddad2bb87a079a1f1519f73,1f50f920176fa81dab994f9023523100,2018-08-24 16:45:17,49.90,41.33
feb1bffbc0aa19c5d82a2d326737877d,1,63de2743d05ab59d85caa49e49459ac1,cbd996ad3c1b7dc71fd0e5f5df9087e2,2017-10-10 23:56:15,19.90,11.85
fed6ef6fb04042a3b895df051c11225f,1,18b0e642cbae7251e60a64aa07dd9eb9,85d9eb9ddc5d00ca9336a2219c97bb13,2018-08-15 14:15:12,22.32,15.26
fee65893d04eea449ea85e69ddef8e1a,1,b7d3e30e28d937c46e0a72024c6cdc67,715bbd5ba4e6b74cb0d2f29eb45058b0,2018-06-29 12:56:55,34.90,18.34
feeaaeb6a99fc794212a29c84e6d527e,1,a3fd6c4ecde9035c3e8dd4e0fd8b8048,537eb890efff034a88679788b647c564,2018-08-30 07:05:19,19.90,7.56
ff07ff058c25c993a564127557043c5a,1,43c78a3f875907bf2e94679f591c4724,d2374cbcbb3ca4ab1086534108cc3ab7,2018-03-28 23:30:30,51.90,13.72
ff098b9342213641be5da8163f0fcf2c,1,a5215a7a9f46c4185b12f38e9ddf2abc,53243585a1d6dc2643021fd1853d8905,2017-11-09 05:05:35,1340.00,33.83
ff18b518679a92dcb00e16fae93c6d59,1,461f43be3bdf8844e65b62d9ac2c7a5a,4869f7a5dfa277a7dca6462dcf3b52b2,2017-11-07 16:31:14,146.00,26.30
ff20ee702706d9e407a34de9fe2ff768,1,7b1f55eb9b85b0aa6b1d4c16108eac61,1e8b33f18b4f7598d87f5cbee2282cc2,2018-04-03 12:27:54,159.90,22.20
ff25dab86f7fc3fab00de25bf1489a30,1,a6a86219152d22366ffe68794aa1c219,92eb0f42c21942b6552362b9b114707d,2018-02-01 12:21:32,24.07,7.78
ff2b99df83d1c413829f65efca33da17,1,5f416bfe77190b2f1c9de649d926e56a,7f40d06aa0b5f1aa4f41af8c0480e2ef,2018-08-28 20:30:18,244.99,14.02
ff3cf519c35d0a3c371c62b507838a45,1,55782ee5db5083e1e3bb2dbb054fdf49,ceaec5548eefc6e23e6607c5435102e7,2018-05-18 08:13:57,209.99,18.04
ff73e2e57b5c7d3a1aa7c3ccaacafaa6,1,2239cf6b4421c4bd57f8a87127800929,7c67e1448b00f6e969d365cea6b010ab,2017-07-05 02:15:51,146.99,33.26
ff7cbd73d6ce84294d3d40ec1a7e12f3,1,4d272fe20c57c64dc74b3db191fc31ef,d2374cbcbb3ca4ab1086534108cc3ab7,2017-06-08 20:45:20,24.90,15.10
ff810096eb7a808fce380a6eccf0b746,1,1e595b3b56d00f9d6ad0c3215ae2f56d,7d456afc660226829370f3173d14520c,2018-01-16 03:39:51,40.00,8.72
ff8d0c8b5c1e8bdd6f8e3170f6fd62fd,1,70869aae4d447a8815db20569604a9e7,bccf933e006e9b94a6184af782963e77,2017-11-09 20:15:24,98.99,21.18
ff92b9f4c3333e0e977c4530a2e8d9cb,1,2b4609f8948be18874494203496bc318,cc419e0650a3c5ba77189a1882b7556a,2018-06-19 11:01:05,79.99,18.66
ff9fa3c222a580f6b52c81a08bd4f7dd,1,562970ce0462981e1699d50878a10450,0bae85eb84b9fb3bd773911e89288d54,2018-03-09 16:31:09,49.99,17.92
ffc29f864fd689fab9ae81be82baf8ef,1,68bf2e76db1d8e846042e54da87399ca,1a3df491d1c4f1589fc2b934ada68bf2,2017-08-08 20:43:11,69.90,14.36
fffbee3b5462987e66fb49b1c5411df2,1,6f0169f259bb0ff432bfff7d829b9946,213b25e6f54661939f11710a6fddb871,2018-06-28 09:58:03,119.85,20.03
fffc94f6ce00a00581880bf54a75a037,1,4aa6014eceb682077f9dc4bffebc05b0,b8bc237ba3788b23da09c0f1f3a3288c,2018-05-02 04:11:01,299.99,43.41
