product_id,product_category_name,product_name_lenght,product_description_lenght,product_photos_qty,product_weight_g,product_length_cm,product_height_cm,product_width_cm
00088930e925c41fd95ebfe695fd2655,automotivo,56,752,4,1225,55,10,26
000b8f95fcb9e0096488278317764d19,utilidades_domesticas,25,364,3,550,19,24,12
001b72dfd63e9833e8c02742adf472e3,moveis_decoracao,45,520,3,600,26,8,22
002159fe700ed3521f46cfcf6e941c76,fashion_calcados,55,344,3,1850,36,37,16
00250175f79f584c14ab5cecd80553cd,utilidades_domesticas,53,631,2,750,30,5,35
0030e635639c898b323826589761cf23,ferramentas_jardim,40,437,1,1550,26,6,20
005030ef108f58b46b78116f754d8d38,perfumaria,54,942,1,50,16,5,11
006baa9a5b8f95895f15273a35bc2664,esporte_lazer,33,223,2,950,60,15,15
0081787b18cce4acc2d1adec4520d7ba,construcao_ferramentas_seguranca,56,841,1,1340,32,14,27
00878d953636afec00d3e85d55a12e7f,beleza_saude,59,1631,4,2550,38,42,25
00b4155166f994ba9da3cf001eb80505,utilidades_domesticas,53,786,4,1125,28,15,23
00ba6d766f0b1d7b78a5ce3e1e033263,utilidades_domesticas,52,418,1,7850,28,62,28
00d2fa6f2a87633084c8e0400d41a65a,cama_mesa_banho,41,312,1,18550,54,35,45
00de7f393d962717eeeb2d7131a40dba,telefonia,47,816,2,300,16,5,12
00fefaf41156bb4b0d850fb27da97897,esporte_lazer,12,3231,3,100,20,18,18
010c38887e6a41a5acfea2687515b254,moveis_decoracao,59,438,1,1400,30,5,20
0135900191d4383219257d6fde585ccf,pet_shop,44,348,1,14475,70,28,48
013cc658e88b36989b48b2bd5f7add59,esporte_lazer,55,2871,1,1050,30,25,25
0152f69b6cf919bcdaf117aa8c43e5a2,cama_mesa_banho,40,116,1,250,40,4,30
016711f78a6a87696645db0a6a834826,beleza_saude,14,1366,2,1150,27,22,39
01847cb3f55acfd629641e58e38e561e,ferramentas_jardim,54,1231,6,800,17,10,12
01b154ceb5457897eb28b9e549f28219,papelaria,54,447,1,400,25,10,17
020a80cb704bf65f38761fcedf2af192,automotivo,35,1512,3,800,26,9,24
02475368dfb38934fe55f574024fe1d7,relogios_presentes,55,569,5,250,16,2,11
025dcf8f0a969c92d254bc425b380685,automotivo,60,354,2,150,16,7,16
0268130c8c3e3cac87b5ec4931348c73,papelaria,60,543,1,1400,25,20,20
027cdd14a677a5834bc67a9789db5021,perfumaria,42,544,1,341,20,18,16
0296dd002a346e3bbdda4e0bc48a5073,moveis_quarto,43,1527,4,13450,76,14,56
02a0c276d5a252215b48269dea73a6e7,esporte_lazer,32,963,1,300,20,15,15
02a93c4e95263ca545e9f46ca2b59833,cool_stuff,52,134,6,1700,65,25,25
02a97df83a8a100c7d2b14a02aea6a3d,beleza_saude,46,378,1,400,21,16,18
02ca198b1084a6d8ed9e152d84243bfb,bebes,58,544,3,2650,16,24,24
02ce467092b184e71d3967d29110adc1,moveis_escritorio,40,1187,1,12275,40,54,38
02ee0862685e90b57cc241b7c9885f95,perfumaria,55,784,1,555,24,8,15
02f8dd9b448d3ec2c73e65a22da1121c,relogios_presentes,43,597,1,250,18,9,17
033c52084417b98d716d863d8bd11fba,automotivo,56,1144,1,600,30,20,20
0354c6a8cb8961e29b70e564b93861fe,ferramentas_jardim,59,2407,1,400,38,10,25
03566b85189259c49476f004ad2afd08,beleza_saude,41,216,1,150,20,15,15
035a4019c8009b57768aa3c1e1ad63a3,moveis_decoracao,56,1472,3,1900,53,8,11
0364c36f8e845e4d309c0a3accc04b1c,moveis_escritorio,47,1158,1,16800,63,58,24
036734b5a58d5d4f46b0616ddc047ced,telefonia,58,751,5,300,17,4,12
037c68f178aefdd7a880a951dedc04d1,brinquedos,36,113,1,9567,41,51,47
03a20f79e4c056b48ce29b3e30beb0fb,moveis_decoracao,63,1700,1,700,60,11,20
03aad9707028422f38b0563410912177,cama_mesa_banho,49,591,1,1500,38,11,30
03b10f5e3ef07cfc27a025adca3fd0be,esporte_lazer,44,3364,1,50,16,16,11
03ccf3bdaa33497fa04d1e2f746a4555,eletroportateis,58,1110,2,800,30,21,30
03e931f387c2dd5b006aecdb12515b2e,cama_mesa_banho,55,560,1,650,16,10,16
040fe1cdb263eb2c9b1322875b0afcb7,perfumaria,36,561,1,2303,26,15,23
0414ce6ba3643b59fd1e5c8e146c1d8d,pet_shop,48,466,2,2700,43,39,20
0432203d03868bfe5fdbb86fb2148474,bebes,35,1168,3,7003,52,30,46
0433830caca22b01a0f477d31307b043,portateis_casa_forno_e_cafe,47,2810,7,7450,40,10,40
044f05bc9de36e8a693a83e4bc79dd0d,telefonia,59,734,4,300,17,4,12
046eee903d62294ffad4e38ae6aa730e,cama_mesa_banho,32,219,1,9325,50,18,28
04a2ef44f3ea03a72be6f1f99ee0bfe6,fashion_bolsas_e_acessorios,35,172,4,150,18,9,11
04a67e69edfb208f784da30294f69c5b,esporte_lazer,51,1256,1,1350,26,18,18
04af9f3af5c6afc4eece909c25330934,relogios_presentes,51,475,6,200,16,2,20
04d7da0499dd7cdfba6ef58c85e70324,moveis_decoracao,41,1261,3,450,27,27,33
04e90f954f5fde312ce378b26ddfad13,utilidades_domesticas,58,1901,1,7600,49,40,40
04fa587378a8e74c3b0acc00efecc93e,automotivo,50,829,2,14900,32,47,38
05019bc35fc2ed878c0c0f55346b91c6,beleza_saude,40,344,1,2550,18,16,17
0502d1a36be75bd36b452f31c6ed264a,,,,,100,16,7,11
052413504e5295cd66ec4ced0b310062,relogios_presentes,55,570,1,165,16,10,12
054515fd15bc1a2029f10de97ffa9120,esporte_lazer,50,799,1,150,18,18,18
057229db0353dff9e12e298e8f6429b9,cama_mesa_banho,35,564,1,1900,16,2,11
059ca09d32720d9adce3ae12e181339d,perfumaria,50,676,1,426,20,16,17
05a9ab81472f6bdcd910cb49b636c5b5,instrumentos_musicais,55,2290,5,250,16,9,11
05bbe113b2037f89552c644c5cb33ecf,utilidades_domesticas,57,1366,5,10100,48,30,16
05bee157001350b29b1e48395f6736a5,market_place,43,1234,3,2100,19,27,38
05c693a8085dad009cebdcf2830ab738,telefonia,52,525,2,200,19,4,11
05df88a280f9c6edca3b2f5f9b3e75ad,cama_mesa_banho,56,279,1,525,34,23,43
05e75e2ebb007f6cadbc9925311b014b,moveis_decoracao,63,522,2,500,80,10,60
05fca08b4d54ab5d1d371db7d5534136,informatica_acessorios,47,1009,4,300,20,6,13
05feccd482d35726d6f80e60df25db86,,,,,1400,16,25,15
0603179793e4bf68b9dbdb4ba238a3b7,cama_mesa_banho,58,1290,1,1150,43,7,30
0603d2d85bcc46beb11bd247870c4841,cama_mesa_banho,30,66,1,1450,55,14,43
060890b1af8cc031e9dde49cf544f884,automotivo,57,662,1,2900,61,8,61
060c17562f97e5bb60bc0dfa4dd5b3f2,informatica_acessorios,40,675,1,150,18,6,14
060cb19345d90064d1015407193c233d,automotivo,49,608,1,7150,65,10,65
060f0122cdc8f25db4a0d7359fdae7b0,relogios_presentes,50,835,5,250,16,2,11
0630f740d3f05c50f85d7dd7cffc60a3,construcao_ferramentas_jardim,49,414,1,250,17,7,12
063595b8c2acd495d650be922916fbff,moveis_decoracao,63,744,9,1600,30,21,28
063d853b6d570a9a5d06e8e044658c21,esporte_lazer,63,1777,10,900,22,15,20
0640a217fe729c5b8f61fd475f1fc22c,telefonia,60,786,5,350,17,4,12
06484143f7046fc1c2ec000aba13e28a,esporte_lazer,38,912,1,900,16,20,20
067e6da1c75010f933e68b76efb2273f,utilidades_domesticas,58,451,4,8575,33,48,38
0688d52e92d927814617e26d7702df10,perfumaria,30,238,2,133,21,12,19
06976617d8c5e71de4f3c2d93e788fd5,malas_acessorios,57,444,1,1200,32,10,45
069a004edf898d16c9331bafd6ac7f46,moveis_decoracao,28,929,4,950,25,25,25
06a7a571bc9fbb103a9c2eb90f89432c,moveis_decoracao,36,1426,1,150,16,2,11
06c6e01186af8b98ee1fc9e01f9471e9,informatica_acessorios,53,144,2,200,25,5,15
06c950c36d589b39b34f5dc1d4a75e29,beleza_saude,53,885,4,667,30,14,16
06dce482ace017e78349b6f1fa83a022,cama_mesa_banho,44,452,1,550,30,3,19
06e73ddcb54620a36bfdb2e073c4dc40,fashion_bolsas_e_acessorios,48,357,5,150,16,9,11
06edb72f1e0c64b14c5b79353f7abea3,cama_mesa_banho,39,161,2,350,25,8,19
06f0e85c7892d5df893f332706340af1,papelaria,57,301,3,9850,30,19,60
0705b33fb285827a578fce4899f1b921,esporte_lazer,35,650,1,400,95,6,47
073ed404e3aec5b0a486334c05ee2fe9,relogios_presentes,35,535,1,458,18,11,14
0751d46ff778c72973f67da627093303,relogios_presentes,57,623,2,317,18,13,14
07591f80309eb6393c6af043b234cb83,moveis_escritorio,42,2230,1,16650,58,28,58
07675856c4bfe13a38ddb23da5c3b176,relogios_presentes,34,513,3,500,38,12,38
07691def223b4568e8ecb5a5b30574b1,telefonia,58,1568,1,150,18,6,20
076e36bd0e2aebb35184d08c8e0f032b,utilidades_domesticas,44,154,1,1950,30,20,20
077c1ba3f2e5e4145faf0a12f35ec1d5,automotivo,60,812,4,1050,30,30,30
07821918ef487fd64eb20b3c8aeb897f,informatica_acessorios,52,1873,1,267,16,16,16
07a5b461cd248343de7826334c5a03aa,esporte_lazer,39,637,3,600,40,10,11
07acd9ac393e5b30aded00de63d80e14,esporte_lazer,37,388,4,400,23,11,15
07b90e3c7e287977b2e8cd54a98ddb89,ferramentas_jardim,45,821,2,500,20,20,20
07bcd890d449e493b4ec23d05a9e40ee,esporte_lazer,34,237,3,800,30,15,20
07c055536ebf10dfbb6c6db6dbfc36e5,moveis_decoracao,59,473,1,600,30,3,20
07dbfabaa4709da14c7e58ca17fe7998,esporte_lazer,46,867,1,2250,28,28,28
07e1dae59ffce9e47d0f529361d492f6,utilidades_domesticas,58,706,2,14900,45,75,29
07f381c65e8e66460c07781b9b1b8834,moveis_escritorio,45,1156,2,17050,63,62,24
07fd41c7a725529fe1213508557e0f4b,perfumaria,36,362,1,700,20,20,30
08208bc1d6a06c114cb662f3b2c95e05,construcao_ferramentas_seguranca,33,219,1,400,20,5,20
0820af09ddc75b84841b1fab4da4be9b,eletrodomesticos,60,462,1,100,18,8,13
083ffd30820b592e294de7ed668ff975,informatica_acessorios,49,944,3,300,23,8,19
084461b396a7e044af9229534fa03b51,informatica_acessorios,63,601,5,1200,46,36,11
08574b074924071f4e201e151b152b4e,ferramentas_jardim,36,450,1,9000,42,12,39
08713ad044290890b1373e1bedc8464c,beleza_saude,54,221,1,200,18,13,16
089245791e0895da94a8791bd68a2085,automotivo,57,176,4,150,20,20,20
08a58dc963320d6073623382b9ceb920,informatica_acessorios,56,2590,5,400,17,7,13
08c1754fd6455e4c70a6521f4ed66819,utilidades_domesticas,53,689,1,3800,50,21,37
08d76e49b8206d0cfb7456fe3aa7d3b4,moveis_decoracao,59,963,1,800,24,6,24
08e3404b623856c35ed541708cf05915,beleza_saude,42,637,1,1233,27,21,15
09481a6dfe9eb590dc8b265b54dc4c97,informatica_acessorios,60,240,1,2533,33,30,23
094db48c531e5ce423c4b908ea96535c,relogios_presentes,58,441,3,1700,31,5,31
095cb863f2b04911455ad33f5177062e,livros_interesse_geral,48,1140,1,1000,16,24,16
095ccd4cb27e35ee43f12dd18fa26c04,moveis_decoracao,27,204,1,950,41,16,37
095fc85516c1210e6dbed95ed8041ee0,moveis_decoracao,19,229,1,1050,21,28,21
097ca319958c11c2425d2f111f860707,moveis_decoracao,58,184,2,8550,40,32,40
09c3d39641970009c198caed304ccfc4,bebes,52,1659,1,300,68,7,13
09e90effb944a6866b1d4b058a15f70c,utilidades_domesticas,58,623,1,350,20,30,16
09fbb9fc5bffc1ce6dc2f66289dfcb05,esporte_lazer,57,1666,1,3675,28,33,25
09ff539a621711667c43eba6a3bd8466,bebes,60,865,3,,,,
0a07b2c989441aaec80191da39c79c99,relogios_presentes,51,691,2,250,18,12,12
0a27862bbf658a5b8cf655761bc5c72d,agro_industria_e_comercio,53,642,1,2000,65,22,38
0a4093a4af429dc0a9334300e5c13ae5,beleza_saude,56,389,1,300,16,5,15
0a4d993019c68fcc5269dada27c3db6d,esporte_lazer,57,313,6,750,36,20,26
0a4f9f421af66d2ea061fbb8883419f7,beleza_saude,60,919,1,200,22,3,15
0a57f7d2c983bcf8188589a5fea4a8da,relogios_presentes,33,932,1,396,18,11,14
0a74b9407eaec9d6c760a1e92c10d96c,consoles_games,50,269,1,675,25,14,25
0a783d7ce18a37749c3a059cf829564b,beleza_saude,58,2879,1,200,18,9,14
0a790f2710eab03be4f7793583779874,consoles_games,56,555,2,500,20,15,20
0a7a5763f6ee3b862ca27208f8fbbdb7,,,,,1000,20,15,20
0aabfb375647d9738ad0f7b4ea3653b1,consoles_games,49,100,4,150,16,12,12
0ab3ab3b2869073aa9afe795fe9151aa,fashion_roupa_infanto_juvenil,52,494,4,600,36,10,26
0abc19e41fdc9d6894b8cae651619253,eletronicos,60,3109,6,15750,70,90,20
0b0172eb0fd18479d29c3bc122c058c2,eletronicos,53,265,2,150,22,13,15
0b0c04563408d8d1187cdbd6292a89fa,fashion_bolsas_e_acessorios,34,222,2,3400,20,50,40
0b148966d6d89f4ab8fd3472df4a8648,casa_construcao,53,1427,3,450,32,10,11
0b48dc720b9a40d75ce14eda10be0922,moveis_cozinha_area_de_servico_jantar_e_jardim,59,558,5,6950,47,23,37
0b6a32b32a7dc68b12e8a0e0805c44d5,relogios_presentes,50,542,1,190,16,11,12
0b7fb806fe0194cc7eb473329c680e34,,,,,1000,28,11,28
0ba59273939ff2679f761fcdb05cd74c,utilidades_domesticas,27,739,2,500,17,28,11
0bb7d5c406dd6affef3cd4f5d6744844,,,,,200,16,2,11
0bcc3eeca39e1064258aa1e932269894,ferramentas_jardim,57,339,2,1800,37,22,40
0bdd9a52d192d64770e33ae559512478,relogios_presentes,55,324,5,250,16,2,20
0becf258ac9a4ab1b6b3da6f0ad205fd,cama_mesa_banho,59,395,1,2000,16,10,16
0c03a930e654a5f1ea08f95a5c67d076,beleza_saude,48,589,1,700,20,16,17
0c104824e973388d487c67a3d346e96d,beleza_saude,45,3078,4,19300,26,61,40
0c159d7ce798ebc726ad977f9ade848a,ferramentas_jardim,46,356,1,250,35,7,11
0c276318593d4450cf9b178ad5b4a8ce,eletrodomesticos,46,136,1,1650,29,14,19
0c5bb07e9638a9c1f2616db08eb0318f,consoles_games,27,462,1,200,24,3,19
0c6fc9b9317a68d1cda098c063914b72,instrumentos_musicais,46,692,3,3100,38,99,14
0c71252f37443403376d2008034a7240,pet_shop,41,947,1,156,18,10,14
0c79aab7a6a2449f932887fb3c8d0127,automotivo,43,420,3,250,18,9,14
0c7e301c5eecc0fe996dd86bc9c290fa,automotivo,42,1192,2,175,18,11,14
0c90f0cece2b9c521af7c85ace4794be,moveis_decoracao,41,411,1,4800,62,6,62
0c90ffc8c44fe5d3e020002cc4da9496,livros_tecnicos,46,769,2,150,22,2,15
0c9ff9d8ed9b9bdd825487b3a66e05f5,automotivo,55,620,1,7225,61,13,61
0cb386dab759a2f5e6dc75314cdc68a5,industria_comercio_e_negocios,60,1189,1,6400,42,30,22
0cb9f521598f339ad6e6b41e34a1b169,telefonia,59,348,2,220,20,12,17
0cbeda603059c985268afd35128be303,papelaria,57,320,2,1450,38,30,28
0cd64dc65679876c896236bea326589b,cama_mesa_banho,51,242,1,2100,37,23,35
0cf41187284d7f099adc8415a743ebbd,bebes,60,644,1,300,16,16,16
0cf573090c66bb30ac5e53c82bdb0403,telefonia,26,108,1,128,15,8,13
0d009643171aee696f4733340bc2fdd0,perfumaria,52,150,1,422,21,16,18
0d0f2c7fcae108a74c895521c62d46f6,casa_construcao,56,459,3,750,16,15,15
0d12d1b700e15453260b6cbc961c04e8,automotivo,55,385,2,50,20,4,14
0d16d327b79bf9a0ccc7a4fa02ff7a83,cama_mesa_banho,50,771,1,400,20,10,20
0d3ae9775bb6537884a4cf722b258d83,papelaria,59,672,5,750,25,13,21
0d4e8d3f34ece63cc5132237ccfc0241,papelaria,36,153,1,50,16,6,11
0d5837a2580f92e18e2d1b5f7fa70c2d,utilidades_domesticas,57,1343,10,30000,60,70,60
0d77de0f4137ba0f89d3d25191ce4788,automotivo,58,537,2,200,16,16,11
0d85c435fd60b277ffb9e9b0f88f927a,informatica_acessorios,60,919,1,150,16,13,14
0d90fced28b749fa0468818d98cb8212,beleza_saude,42,534,1,983,41,23,35
0d954479e7991c06d35202c130844b57,informatica_acessorios,39,1105,1,600,16,18,17
0da9ffd92214425d880de3f94e74ce39,construcao_ferramentas_construcao,33,449,3,10900,39,12,42
0dadef6ed70b861b14eddb3a3ca6b73e,construcao_ferramentas_construcao,60,1450,4,300,16,16,16
0db4869ac8a908414823d44d742f5ba3,moveis_escritorio,47,1158,1,17000,63,58,24
0dc88ec6b2635cd62b46f0f1d4c714ee,casa_construcao,57,231,2,4100,27,27,31
0dcb1adbafdcc389972874b01fa249b8,esporte_lazer,39,411,3,350,23,23,23
0dce4d890959f0607b58e7475d13fc86,beleza_saude,33,1230,1,600,20,8,13
0de1e69dff6f40f9f71be7034a8bb8d2,perfumaria,42,388,1,579,21,13,17
0e0dec1c30232f86f5076622e9f623b6,cama_mesa_banho,58,124,2,9850,20,40,40
0e1d6728d42f12978a547564c96bfb03,esporte_lazer,42,499,1,199,19,18,15
0e2d365a247d105fefc31b17ab8706d9,perfumaria,35,503,1,430,21,11,17
0e2d52789a024cfd6f9204778320a8e5,moveis_quarto,43,435,4,9800,86,8,40
0e34187d4312b97b5e698836d28ed040,climatizacao,50,474,2,525,16,17,12
0e482d9064073154832a2311c821c668,moveis_decoracao,32,191,1,450,30,5,30
0e53d55e7f56c386b4545fb0e9f4dc6f,utilidades_domesticas,49,771,1,4200,38,38,38
0e621085968d9a9585ed3c2c204825e2,beleza_saude,52,3939,2,200,20,15,20
0e839be47c2dc028ca3d90e65732b14c,moveis_decoracao,52,2057,2,700,60,7,14
0e87ff05afa3ddd73b7920ff4587e0a4,cool_stuff,48,2067,1,1650,33,44,19
0e9923b15d37f33cac70de6648429148,cama_mesa_banho,58,205,3,2000,40,6,30
0eb5d1d033dcdd7b9b11658ce84ee8e9,pet_shop,54,350,1,350,16,4,11
0eb8e03d4ef83152c4642b606b5bbdec,moveis_decoracao,47,348,1,2900,40,10,35
0ebe8f2e60fadb8f9ebf63a5841f34f1,cama_mesa_banho,49,282,1,2783,65,14,46
0ec96e6d31a1493b0475805c9ae1a0a2,moveis_decoracao,48,409,4,1450,24,18,18
0ecad0adea69d2b6331c84db4876d15f,informatica_acessorios,63,423,2,250,25,5,19
0ecade74f3c3fb56a9256d425e7d535c,informatica_acessorios,32,1074,2,300,41,2,29
0eda670810c42c5fcf92ca8be2a615a9,esporte_lazer,55,365,3,150,18,6,15
0eda6e310c91549299a2f97d0354f7fb,beleza_saude,34,905,2,450,18,13,13
0eef510ccdaf8a53cefc1a8f035f681a,casa_construcao,54,290,1,2600,24,24,27
0efe972876d70927f5099b77f387c6c7,moveis_decoracao,63,418,1,1350,45,15,35
0f0c4960b05d6145bbb4b348423503ef,eletronicos,32,139,3,1700,32,5,26
0f2550707d4df66cbd9937420497ee8b,utilidades_domesticas,54,390,1,500,30,30,30
0f370babdc8148e1dd9d4bfc3235982a,relogios_presentes,57,312,4,200,16,2,11
0f3777229e40207d248acfd6e1f716b6,esporte_lazer,64,640,2,30000,42,105,47
0f398da178a64533d9576940656d23cb,cama_mesa_banho,55,382,1,2600,47,21,41
0f4a3e29a1c122f94fe4c48c49d9cfa9,esporte_lazer,56,661,3,6850,93,6,93
0f5332231359f783330b784af1b8c3bd,consoles_games,40,562,2,200,21,9,17
0f56d67a1f266a9cf5af6ffd7895bed6,pet_shop,53,1024,2,600,21,18,20
0f5d0170c03b333aa1a44fa11e040e75,cama_mesa_banho,33,190,2,900,40,4,30
0f6e2c3bbb97980782ed6cb1506f5d95,brinquedos,40,180,3,750,26,14,26
0f91b6a95a57a43203a9b17de98960d9,beleza_saude,23,274,1,390,19,12,17
0fc6914383c2bea767a9562c9d8b43a1,informatica_acessorios,52,644,4,338,32,6,36
0fe81ae548bfaebcb1efcb38208efa1c,utilidades_domesticas,55,607,1,1000,37,11,34
10070e29929f7c7d609ee3201f236b8e,casa_construcao,44,421,5,1250,23,30,15
10163fabc9375e9bb72a109272730c6b,cama_mesa_banho,56,258,1,400,45,15,35
101db7b4f26cc560363660d06fe980cd,fashion_bolsas_e_acessorios,58,749,2,200,16,2,11
1026a916e88dfbc27528445d448619b2,esporte_lazer,60,994,1,550,16,16,20
1055db476dfbed87313ac8481c2597c0,beleza_saude,58,826,3,1250,28,6,28
10575a1b638283f7cc928d01f29416b2,esporte_lazer,58,139,2,4600,32,37,21
10698a66d71ebd12be9e8c39302c74b3,pet_shop,56,681,2,150,16,11,11
10717ff440b2320081989126e858b220,cama_mesa_banho,52,263,1,4867,70,16,50
10a96b8c9e62f372aaf40bf8ec897a75,automotivo,47,376,1,1100,85,20,20
10be3a54fb1b2a42ee3ed8c9ee32010d,moveis_escritorio,41,2433,1,8200,58,20,58
10be5827cbcb06a81f220d46dafd0af0,beleza_saude,54,1281,1,375,16,3,11
10e7b44b01fc53988df2b73395cec6fb,instrumentos_musicais,57,937,3,650,70,12,25
10ee3576fcc55c71728a897eed8d2f95,ferramentas_jardim,31,227,2,1450,68,3,48
11182511f8556822085ea032df785dae,eletronicos,35,615,1,347,18,12,13
111e742af54b3ee11099c8b396e1eece,construcao_ferramentas_construcao,60,1282,2,1500,54,10,11
11250b0d4b709fee92441c5f34122aed,agro_industria_e_comercio,28,388,2,3000,30,30,20
1139f00effbb6523b59f6e6ebddc6d44,esporte_lazer,60,1628,6,1900,40,18,22
115e606ac8059e4cfa1c6c3310fb365c,informatica_acessorios,57,1525,4,285,17,10,13
1166bc797ddf5fb009c376d133f61204,utilidades_domesticas,55,65,3,1100,36,20,20
11828bf6a0621fec5b783ddb0da1a766,pet_shop,61,796,1,350,20,20,20
1191e61a83c807323c6c1cb5eac9ff3c,telefonia,59,777,6,350,17,4,12
11a0fdc4251f15bb96dbfff7ef5475eb,moveis_decoracao,59,2007,4,2850,69,11,11
11acb40fe03811a7bc40babe5d11c752,relogios_presentes,53,481,1,400,19,13,13
11bbef4e2a44601d9dd471aa1fb433e6,beleza_saude,52,1222,2,838,28,14,21
11c273f63badb1626f41abce9a038587,papelaria,44,386,1,1900,19,15,13
11c3ff6555092bf425ea842a023a7809,cool_stuff,46,507,1,1650,23,68,25
11dc4053871ff53ff79fb1fc7e6b160f,esporte_lazer,29,347,1,1600,100,7,11
11dcc970f7a5581e1bf777b6da3f7096,utilidades_domesticas,42,659,2,1038,41,22,28
11e02f2cd150fa54525a1109f61ea2de,perfumaria,39,270,1,325,21,12,15
11e5f8670ab66f75fd2b979a6d2a14b2,cama_mesa_banho,43,441,1,4600,50,23,36
11fd9d7ba552e1d28872e008acf1e050,cool_stuff,31,1194,3,10225,19,11,11
12109f7ebba06bbaeb6448c770cb716e,cama_mesa_banho,57,729,1,1150,20,30,30
121b9686b9929855d823981fc655a6fe,utilidades_domesticas,55,747,1,6250,53,23,28
121f7f44c9e25be4873ca9296542ebd3,beleza_saude,56,2264,2,1025,23,18,20
1231bc5d1cab6d3f64357eba69240f63,ferramentas_jardim,54,2098,1,11900,30,40,30
1263e0be5fffc8e194d03bee6893eb7c,automotivo,59,651,5,4300,78,4,47
12717f7dc7e2daec2771d44b39f477b3,cama_mesa_banho,49,120,1,650,34,18,44
1272db6c9d16e3c3b9878c3462a0f369,malas_acessorios,29,1095,3,450,28,19,29
12760bcacfaaf1457bc36e601e26dc79,utilidades_domesticas,42,991,3,200,30,10,15
129de02d0ac6adf4f77c41bc157adbeb,automotivo,55,2527,2,250,20,4,16
12a5914d1826c08632a428b769a4eb30,beleza_saude,34,636,1,100,16,2,11
12bc892d6fff0dc42c8177f3665ef00e,beleza_saude,56,3847,10,100,28,13,12
12ce53b5f757dfcb8e78117caa2d6ac4,eletronicos,55,57,1,150,16,7,11
12dc5e5d178b930cf87cf16e812fc2d5,perfumaria,27,1280,1,125,16,14,14
12e479f1c2c0417147a3e36302485e30,relogios_presentes,46,629,1,400,24,8,12
12e6d0f655986ceff00c74658dec97b1,moveis_sala,47,511,1,7875,60,25,25
12f066474dfa3c415c169051c5e1967e,telefonia,60,749,3,200,22,8,15
12f996b4a20f364ff8b53e086e0bff8c,eletronicos,49,1130,1,148,17,15,15
130482add9fd75ccb6c57ba007694a2d,informatica_acessorios,55,60,1,2800,40,15,40
130cdbc1715f7e1b5d9be728ce04398e,casa_conforto,46,519,1,500,18,12,18
133f594a246e5c52489304a4b5a39830,dvds_blu_ray,48,354,1,200,20,2,15
1346e52897253207e49624d96aa60471,eletrodomesticos,57,844,1,1550,30,10,15
1347d4320dcd0acd750e37bb3d94a918,eletrodomesticos,54,780,5,7600,30,50,40
134957eeec87be2414ac629ee0b947a4,informatica_acessorios,57,1370,1,200,20,15,15
135cd53710b2e374b08e9a4609d6c053,telefonia,33,687,1,100,19,4,11
13600956946060355717f613fc076a67,climatizacao,57,792,5,550,18,11,18
137464dece73fa2dbb54658dbc7aae58,artigos_de_festas,53,320,1,1250,35,25,25
139a8ba50a931c4055ff072ef1817b06,relogios_presentes,46,655,1,700,20,12,15
13da041c237c948a2d42da8bcd7c329d,artigos_de_natal,38,748,1,4650,50,8,45
13db47eae724e2848e12b71a617a3a41,audio,34,468,1,425,17,11,14
13fd915e499b787f1f4c9dbb231d0d4c,informatica_acessorios,53,113,3,150,16,5,15
141125957e8b78c5cf939c18077fa2f7,eletronicos,45,88,2,200,22,5,11
141807ad4a13efebac9bbd9609137182,artes,59,1030,1,650,26,30,12
141b7f1c4036e50d42d9ba4b253d59a0,automotivo,49,725,6,1850,31,28,28
143bc7fcaf6929ef5979e58abf39d4ed,moveis_escritorio,40,1189,1,18225,38,54,38
143f3709e0b16bb2f1f5737e74ec15bc,telefonia,33,730,1,500,17,19,14
145978af3e89b318be0b717a0953649a,informatica_acessorios,56,295,3,150,31,3,28
1468c44dd6c3ecaa8e9b12a8a2a7ed0c,relogios_presentes,37,373,2,300,16,9,17
1486ffdf6241755c77f5345b01232361,cama_mesa_banho,57,592,1,1600,40,4,28
1491a8ff192d4b5c369b0eaa2fe33ee5,cama_mesa_banho,46,162,5,4600,60,19,50
14dffa241a078aeaebaef48a49e807ca,bebes,43,746,4,250,16,7,11
1501b0033c68a37fa9560033a440e529,eletroportateis,58,1160,6,410,24,22,17
150c699262a053229e89213dc9c358d2,sinalizacao_e_seguranca,60,480,1,300,16,14,15
15151e8a937f6a4d1a4f0c03c765c6f2,ferramentas_jardim,38,2612,3,50,51,22,22
15182e412b013f40aa860be89720c91f,livros_interesse_geral,30,922,1,800,22,8,16
151f6da73d1f11e1a75553f0281d19dd,fashion_bolsas_e_acessorios,42,78,4,200,16,2,11
1528d0673079ce2d79d29753b800d76e,beleza_saude,58,790,4,800,20,7,20
1529199a7d88ac40cef5b4a508f18f2c,esporte_lazer,38,1043,2,500,17,5,13
152d8bb1e16d0a4f567c7cece5e92b6a,cama_mesa_banho,64,702,1,2700,42,16,36
15348d4e550d520b418c581a2012c0d9,casa_construcao,41,595,4,400,17,20,17
154e7e31ebfa092203795c972e5804a6,beleza_saude,48,575,1,100,20,15,15
155815f7173905f1e5cde0b82adfc113,cama_mesa_banho,26,421,1,200,16,12,11
156dc15f380f2c6fa999b386a90a8524,moveis_decoracao,29,306,1,2750,49,10,38
1574ed2c73e4465c572f68dd77528203,,,,,16000,58,28,58
157ee978f4fcdf8984b0bb33a6687fde,bebidas,54,3077,1,650,19,19,19
159dc4423e5092c3baa443379a458fa9,beleza_saude,55,1165,1,1100,37,12,22
15a9e834e89eab39d973492882c658d6,cama_mesa_banho,52,530,6,949,30,20,26
15ae68f4be12b1e7037da33a1ef9753a,casa_conforto,58,216,3,7600,50,30,40
15c8a0cce7382cf9029bfcb3998cfb7e,telefonia_fixa,59,1809,5,2400,26,26,26
15cf6e60f6f3fc09598470e5d9a6d13c,bebes,49,375,6,200,29,7,16
15d5088ad671c687e6ee89b9ba4e0766,eletroportateis,25,812,1,17325,35,40,40
15d8ac236009f0d5e74a5033a53ba460,pet_shop,60,2582,3,7150,35,35,35
15de022edf1005363381e66bed514528,moveis_decoracao,52,361,2,100,16,3,23
15fdd6032f35d4add5066fb90be28630,relogios_presentes,60,718,5,950,16,2,20
1600dcf1cea8c0c83702e07b577ab231,relogios_presentes,57,181,4,250,16,2,20
16048247166ec654c76c845f308c85f5,perfumaria,45,973,2,400,16,22,16
1629b469d01aadb4f92644039ad17d5c,telefonia,59,776,6,300,17,4,12
163da86e86f0089de089399c28c3fcbb,informatica_acessorios,60,407,3,400,16,3,21
1641c200f3f8a804770370f3be6eb727,beleza_saude,39,845,1,2100,19,19,19
1649163ed6805e0d648900a0b2c0fe4d,instrumentos_musicais,60,802,2,3600,18,30,29
165160698dfc8156898999e0be8c4b27,utilidades_domesticas,58,591,1,1300,30,40,30
165b395c969ae612f3d4009d829ffd94,moveis_decoracao,57,2042,2,3000,69,11,11
165deaf73f29fe5f4e6c607b40d93d26,bebes,60,1196,3,2050,42,25,15
165f86fe8b799a708a20ee4ba125c289,cool_stuff,40,1456,1,2425,29,30,19
16679d68bdbed3fb97af806424d7f2b7,beleza_saude,60,2936,1,83,19,15,18
167752e318335bf6bdd6906c4c470266,esporte_lazer,48,1422,1,200,18,8,14
167b4b8c4bd0c401bea62f5e050d70a4,informatica_acessorios,55,209,1,517,39,11,13
1694be93ee57fcedd649a53f11848edb,perfumaria,44,1255,1,200,16,13,11
1697727d6c82c23c7149c6c773683d2c,esporte_lazer,37,264,2,2600,28,28,20
169837a0e2864f37482261c3d7a2dd80,beleza_saude,53,3826,2,350,20,20,20
169e1fedd1319ca92e90e057e7123005,esporte_lazer,60,3616,5,400,28,10,13
16bf176650a888512655cc94f61860e3,relogios_presentes,50,401,4,200,16,2,11
16cb37c8d7713ae295b4c1a92a3f338c,perfumaria,50,855,1,213,16,12,11
16d928f7b23b3d30bd5a9ff281eed9b8,telefonia,37,1273,1,360,21,10,15
16ed6a6e3fce23b741650437fe58d65b,utilidades_domesticas,49,1226,1,750,35,15,35
171352abd66a010ad6039f9f994fd42d,market_place,42,110,1,600,25,37,36
1718ba9459e147186a7475f116526c99,eletroportateis,40,1313,2,7900,22,36,48
171b509779ad4fe0cbed2a3d95d10c68,pet_shop,44,283,1,400,16,16,16
173c08b531cec70292992396ced22e7d,moveis_decoracao,26,375,1,1600,35,8,35
173e9fe34bfe97f3a5e6dc57fe897b74,livros_tecnicos,36,890,1,950,29,3,21
174475fe56700001a3361e525374c907,informatica_acessorios,49,167,1,100,16,8,11
17878434ca0082537806de545c2f0351,informatica_acessorios,56,287,1,250,16,16,16
1789a1b00c33bec9db6e27b4848a5c94,informatica_acessorios,37,603,4,400,37,6,12
179527fe0673815dff87ca83539b0c58,automotivo,63,437,8,400,24,4,17
17ad6786808ab3fedfb261a70a5932d6,audio,38,2916,1,620,23,15,17
17c4bd4269902c84acc14c497f282ddb,telefonia,51,422,5,300,23,7,15
17c9711cb08dc4757841afc6d4a239d4,consoles_games,43,606,2,530,18,8,14
17e18b0c88a853dd6de3e48a7cfa9d9a,automotivo,54,490,1,700,20,10,11
17f95aad17a906d34d051b58f2488943,utilidades_domesticas,60,1168,1,350,22,20,27
1817be76e48588632c33c4f112a79426,relogios_presentes,50,509,2,283,20,13,20
183b0c895605218dbd34cdcfcfa8af28,moveis_cozinha_area_de_servico_jantar_e_jardim,34,905,5,5400,53,10,67
1846ec5a92ed15d0dbf9e0e86c29085c,eletrodomesticos,60,210,3,300,27,13,17
185c58d7437197ced6450e5cada41d35,automotivo,60,821,1,2850,28,5,30
1860b96949f9ff0adcd5e2c340d32e12,automotivo,51,966,3,800,21,8,14
18661ef1d69f1bd07e334d1fc498d40d,beleza_saude,38,377,1,450,16,16,16
18670ef035870b452690c54a57e13009,construcao_ferramentas_construcao,56,689,1,10050,60,20,50
186d7d472f062ca6ef30689faa935d2e,utilidades_domesticas,55,281,1,250,25,25,25
186fe07c8b8005ec6a498587ffbc1352,relogios_presentes,60,193,3,200,16,2,11
187359f629249d5333ce31f87136a802,utilidades_domesticas,43,1437,7,900,32,15,32
18796df281656da4036dd926561a6030,cama_mesa_banho,57,555,2,500,52,6,40
188d0b148e6d1c86faffe0d73c3f2dad,moveis_decoracao,25,249,2,7650,25,25,25
189863ada55d223aa579c28edd1e2353,cool_stuff,22,1231,1,200,16,10,20
189f163ac190749c553a4835c22aa3a8,bebes,49,1066,2,257,44,12,24
18b0e642cbae7251e60a64aa07dd9eb9,informatica_acessorios,24,718,2,200,41,2,29
18f6ea7e8cff29f8053baac6762449f9,moveis_cozinha_area_de_servico_jantar_e_jardim,44,1313,4,1850,45,15,35
190d9562bfbe9d3ed876c2ac6f2f5894,beleza_saude,51,405,2,150,20,20,20
192406641723dcce37e6181abf9aba18,eletrodomesticos,54,450,2,200,18,8,13
192f2d6f10ae35f57a57be5fc1ae7d56,brinquedos,37,724,1,600,25,12,40
1937b3e587fc766c8d1cef0c11c6aa53,esporte_lazer,44,1675,1,300,18,11,16
19421075ae0b585f2dc13ff149e2119d,esporte_lazer,32,1797,1,150,16,16,11
194d0a84a60aad8916173c4d611f6450,beleza_saude,58,558,1,1200,16,19,15
19600534553df3c5578890657d824296,cool_stuff,45,633,1,20600,30,80,51
19629b1460e380638d4b9263bd31547a,eletronicos,52,1681,1,10900,75,18,70
19783777e6d4d97635348cf8d7caedc5,pet_shop,57,466,3,4800,31,16,26
1994792a258088f40af8b4f4bd60d6cf,beleza_saude,59,275,4,200,16,15,15
19c91ef95d509ea33eda93495c4d3481,beleza_saude,50,1257,1,700,25,12,19
1a0971a6f39f04118207a7308d451e9d,papelaria,57,353,7,5850,60,20,29
1a0e58ba2d1b44924d3d7184ae40e575,utilidades_domesticas,36,179,6,600,18,4,12
1a0f5bca5c36a68073930270bb47e314,esporte_lazer,54,1403,1,15600,55,26,29
1a300f482e35d7eac74b229be067aefd,informatica_acessorios,54,333,4,125,18,7,15
1a4247b6eddc27c68f7995dcc68b01e2,beleza_saude,39,453,1,725,21,23,16
1a428b685ede76217c9efb550c4aaa59,cama_mesa_banho,49,117,1,400,40,4,30
1a7cffdce32ea72085aa94c27b19d01a,perfumaria,58,648,3,450,22,16,16
1a96bfd3ef9221f2775d1eccd98a7f17,construcao_ferramentas_construcao,57,422,4,200,42,12,12
1aa2ed670a95e9f475723707a7c3f386,cama_mesa_banho,50,234,1,1000,38,6,29
1ab301df9ab26fc25842366a7c68fb96,papelaria,51,404,4,1400,35,46,31
1abd8922e3c02c26ce30fc4f627158fe,brinquedos,50,677,5,8963,52,27,33
1ac94144a305b4bc370804ca0d290490,beleza_saude,53,389,3,100,16,3,12
1afba77281863ff27193802145134d47,casa_construcao,58,921,6,1050,16,20,16
1b06c90f0a31f14d0f505323b5723a80,ferramentas_jardim,58,747,4,650,19,17,19
1b0e39ec889889ea1d492603d8512bfb,,,,,400,35,30,20
1b1654fea0a8269f9ba9a1e1258edb61,,,,,150,16,2,11
1b28df0b54809d40f2bd2f2218c601a2,alimentos_bebidas,59,3762,1,875,23,17,17
1b3634881407099b50ee5bca1026ef25,utilidades_domesticas,58,759,1,700,16,38,33
1b58ea6b563c9841db97e6923d18cc69,bebes,38,1207,2,7550,42,25,15
1b8ee158f59c098470fad33f39660964,moveis_sala,32,327,2,6200,55,14,47
1bfb290d7273a442c874dbe74b4abae6,moveis_escritorio,19,883,1,10075,55,64,26
1c1890ba1779090cd54008a3c3302921,moveis_decoracao,27,158,4,2550,29,24,45
1c21c1ed398eae61184065889ca3d4b0,cama_mesa_banho,51,324,1,900,42,8,37
1c33c71830d320620439a3236a1c4ae1,livros_interesse_geral,54,2931,3,2200,19,26,11
1c42962612d557f85753b24c2b97070f,informatica_acessorios,43,493,1,50,20,20,18
1c56f826f3a1fdf255e3fb5fa7637d3e,perfumaria,37,674,1,225,16,7,12
1c57458e824ca3d974ec1831a1a55e72,pet_shop,57,794,3,30000,79,2,63
1c5b28beb34835f960261f45ba22a136,perfumaria,47,609,1,600,30,10,30
1c5bd6a742367ec4d654a0859523e880,bebes,45,821,4,4550,40,10,40
1c63d0a4d75df524d4605a43285925d7,bebes,51,353,3,668,21,25,21
1c928305f64aa4a643ca1c969c0abad7,automotivo,46,431,1,150,25,7,16
1ca99da10c4b800de39096631ed2e773,esporte_lazer,48,1129,4,800,17,105,12
1cab19d5be9a1286428e85aaebf82906,malas_acessorios,58,1057,3,950,35,12,25
1cbe6092926b24ecacfdeb748bc34105,automotivo,52,666,1,4950,65,25,25
1cc5f038fa8645580602fb2423d3a50a,perfumaria,56,681,1,400,22,16,16
1cc61b32763a4d816212b3507b6b6c59,livros_interesse_geral,55,556,1,1050,27,30,16
1ccef988a8dd457a93b0b4833b8f0724,telefonia,38,580,2,100,16,3,11
1cd876bcbd0907f49bbf28372f86dd32,beleza_saude,36,1529,1,150,16,5,11
1ceb0f188c42888c33459e15c22b2c8e,automotivo,60,160,1,250,25,25,25
1cf0c9095608952cb1c65c4789946375,eletronicos,52,293,2,275,28,9,22
1d2d3b19f5c3d093d4dbccd3cd963a8f,esporte_lazer,46,408,1,2050,28,22,20
1d2e2390743b4ac67bbd2b5d95577e2f,telefonia,59,1440,2,100,18,6,11
1d373b3e02a3212aff33054cbf30abf1,ferramentas_jardim,59,394,3,273,23,14,16
1d38e85c3c89665e3c1d5cc5e6a829d6,brinquedos,46,604,2,1133,33,23,21
1d3ecbda18167c766a3381fd16108e4a,esporte_lazer,42,636,1,1700,41,10,35
1d4de03a6141ce2a2ae5a97f51cabb37,cama_mesa_banho,32,253,1,4050,40,15,23
1d52c0fd7c289b6b7e0dc022067d33e8,pet_shop,39,619,1,111,17,10,12
1d6d7be70107889e3193819aca4dc1dc,cama_mesa_banho,54,396,1,900,24,5,20
1d94d1e0c7fb2dcf2811e093d2ca303b,,,,,17150,62,36,46
1d994f3116c393f22021e72f17ab5af5,alimentos_bebidas,58,798,1,200,31,15,26
1d9ec694c5ecfc2d472cf83b1c4891c6,esporte_lazer,35,238,1,950,16,7,12
1da5a90b5fbd1e1bc37b7bbb999c7bd3,moveis_decoracao,45,606,3,1000,29,13,13
1dceebcc5f23c02ea23e16d5bedca000,cds_dvds_musicais,47,117,2,550,35,15,25
1dec4c88c685d5a07bf01dcb0f8bf9f8,automotivo,44,982,3,17600,49,49,23
1df9ea4c24394047de1837c6f00673b3,informatica_acessorios,32,604,1,150,16,15,13
1dfb36d969d347f56f43590ec42c7b8c,esporte_lazer,50,1212,5,900,26,6,13
1e1e594f54aee5d344f0f58b399c7493,automotivo,56,3460,3,50,16,12,12
1e595b3b56d00f9d6ad0c3215ae2f56d,cama_mesa_banho,48,1056,1,300,18,8,18
1e618d311a1b7f88a9d96ec50aa85582,utilidades_domesticas,42,540,4,9950,31,61,31
1e662f768907b55013557beb5ccfbeaa,telefonia,38,2276,5,400,18,13,18
1e7d94ec384eb160b91eb277f13ba1ff,esporte_lazer,40,228,2,3650,60,15,15
1e8d46e0cdc62c1ffa69cc04a6f2660f,beleza_saude,34,617,2,250,24,11,11
1e946cab712f702ca325f609894b7962,esporte_lazer,49,1973,1,500,24,20,20
1ea0352ad33ece4164c6f98f2c25bc6f,climatizacao,57,735,2,800,40,5,20
1eaf224c19e07b6e50bf0119eea1dd26,cama_mesa_banho,58,189,1,1350,48,9,38
1eba879220bd0981a0e2fbab499ed4e1,moveis_escritorio,57,476,1,8950,52,51,17
1ebde342c905182ffc07333fc569c590,cama_mesa_banho,23,416,2,738,38,8,24
1ec18a242e7ed004de8161b60f0262b1,esporte_lazer,59,628,1,250,19,6,16
1ec486885049bbb9b79351d150ed18c4,fashion_bolsas_e_acessorios,36,412,5,100,16,5,20
1ec5373950b7877c5de483a123223810,esporte_lazer,42,2819,1,3700,30,20,20
1efd84ba20d23186f576a37baf64ae9d,cool_stuff,32,133,1,200,18,12,16
1f30aacc69904c0d0bf8d05cb2abef72,cama_mesa_banho,58,293,1,1850,40,10,30
1f357ab8013614c1df271ebd662dd7a2,automotivo,59,651,5,4300,78,4,47
1f5f0f003ce8595ad88fb215ec1409e6,cine_foto,52,1015,5,1950,60,15,15
1f75be631e988bb0ad750e60e18d043b,beleza_saude,29,378,2,200,25,10,15
1f9a992e9e20d544dead76bd2a0560f9,brinquedos,36,492,1,200,16,16,16
1fad46b84ac1748ff47bf2d703565a7a,climatizacao,40,929,1,9300,38,36,35
1fb344134cd7164d32dea4d87ba3ec5a,ferramentas_jardim,57,1160,1,625,23,18,20
1fce7b244f4a45431713165a869f5f32,perfumaria,56,1420,2,575,16,22,16
1fd3bb291e0dba9d6081eb914303993b,utilidades_domesticas,33,247,2,350,30,30,30
2002fc3ec2d8a30a7588628fe7aff958,eletronicos,57,432,1,200,16,6,14
20090bcd0d43eb49feb63d53d387780b,cool_stuff,63,2597,10,300,17,17,20
200eaffedd57c444ee6cd8ee8644039d,relogios_presentes,49,389,1,525,23,6,21
201842e46ecc7b96047e78835d973548,consoles_games,44,482,3,500,20,30,20
2028bf1b01cafb2d2b1901fca4083222,perfumaria,54,1536,2,250,20,8,21
202d6bc7af7609f371b94e032925d314,cama_mesa_banho,54,390,1,550,16,10,16
20518c6950587eb5e8f02dad2fa0d685,market_place,63,1652,3,200,22,4,15
2052b3c5e08893e567c2fb7778476c75,informatica_acessorios,46,227,1,810,16,10,12
20531b0644a0719b8d506c4db3c56609,utilidades_domesticas,55,375,3,10050,31,61,31
205cf43d203186d5eb440a791a5b7404,bebes,50,216,2,300,16,5,16
2078312a2dcf1fcd8a38eabcf5dd033a,moveis_decoracao,54,1045,3,400,50,3,25
208c1210f363c82510f5609d5feb0341,pet_shop,59,530,2,450,27,9,26
20992273fc264d0a559e37c346090fe6,informatica_acessorios,51,1246,1,600,16,16,16
209f718c43a6b301bd760948b9342b7a,automotivo,56,823,4,450,35,5,35
20a2613eb3b1c3819e733de3e91644de,moveis_decoracao,40,789,1,2850,20,35,20
20a3c5e7a7b340a10612559c2a03f68c,automotivo,58,695,6,6325,56,11,32
20c3404e9bea9621d876e152794ba2d1,pet_shop,26,414,1,150,40,15,40
20cfa43a881c16cdedaaab83e139d302,informatica_acessorios,46,339,3,247,29,7,21
20e04dcc7b37710b6fe52237cbe2a274,esporte_lazer,59,1271,2,3150,20,20,20
211293b50935ced8d4370f552c482d74,bebidas,55,1736,3,226,18,16,16
2136c70bbe723d338fab53da3c03e6dc,relogios_presentes,55,167,3,200,16,2,11
216ac797639b7734f0b125861ea845ae,papelaria,57,303,1,250,16,6,11
21767347dfdabbe42b3ca5846a4cdb48,relogios_presentes,54,446,2,277,23,15,23
2187a2f05e362364c24d44feaeb40243,brinquedos,39,740,3,1500,20,20,20
218f5d32f520df3b8517cdd86da09466,esporte_lazer,28,144,1,2456,53,14,16
2196812e80b905c7071389c10ad035d3,moveis_decoracao,59,2010,2,1500,69,11,11
21a95b5525c6d658ff4e5e1b50f7c02d,brinquedos,24,318,2,650,18,25,19
21d2fdced5c69bfc6539b67908a4ad28,moveis_sala,31,363,1,6450,55,15,46
21dd96fd31df21001d8e5b7a3fac9335,,,,,900,29,11,23
21e72a490cbe93ed7aa675d2b1ae105a,informatica_acessorios,53,240,1,650,34,15,15
21ee06f7fd37a6fe4841865339411674,informatica_acessorios,55,1119,4,200,25,8,20
21fd3b391a97c2fedab9d0efdd183a93,utilidades_domesticas,57,983,2,2650,53,15,13
21fecd254a3103704126b28478ea7980,ferramentas_jardim,38,499,1,7400,43,14,33
220bc6afbb138c2e99fffc0f9838afd4,informatica_acessorios,22,716,2,150,39,2,30
221682b067ae8e8460ae2517e7e25e11,beleza_saude,60,528,4,250,19,11,23
222efa72a47277d611b8b38d71149afd,utilidades_domesticas,56,148,1,300,16,12,20
2239cf6b4421c4bd57f8a87127800929,moveis_escritorio,26,989,1,16125,81,7,83
223d34a3d9334039f5ff9511dc044bbb,telefonia,50,1246,1,900,23,7,16
223d59a37896c34a98384dcbaefc322c,casa_conforto,57,217,3,1900,40,20,30
224f4ce3262279a31db214df54befe1b,beleza_saude,56,608,1,350,19,12,13
22594ba8fd9a72ad95d352929c821560,moveis_escritorio,31,1076,1,8450,53,50,16
226b714574d308927d79827c0c7f9972,beleza_saude,36,262,1,3025,21,10,21
228f57b1acb5bdce9401c58653c8cc14,relogios_presentes,39,542,1,433,21,12,16
2291d090b69f60fc0ffd95ae394daa77,cool_stuff,43,743,5,500,18,12,15
22a8168cf1f1c6347da8d29863b7f75e,consoles_games,53,2013,4,155,16,7,14
22b389f7d49493889ceda26c606ea0af,utilidades_domesticas,42,247,1,1250,16,16,25
22bd45d50bed841763d6f7f58cb7b6ac,perfumaria,54,956,1,50,16,5,11
22c5ddc22ea8cae84fc9917def682dc6,perfumaria,24,435,3,350,25,15,15
22d371a03788bba3e56df85011a9e392,eletronicos,28,314,1,200,32,10,25
22f5b63060a1185e5ec7721efd622321,cama_mesa_banho,32,606,2,400,90,6,12
2318cf75da074f0a955f60eda2f9e320,brinquedos,53,996,7,165,19,12,17
23384f296aa1bf6461d22912093a9847,cama_mesa_banho,63,434,8,100,16,10,16
234495ab7809d4517bc1330c439da1bb,bebes,63,659,19,8900,32,49,34
2345a354a6f2033609bbf62bf5be9ef6,telefonia,43,1741,5,150,19,5,11
235458528f907463ec55ebb1e16b69f0,papelaria,38,224,1,1200,16,49,32
2362291929f77eccf5f5cb26029dcf90,automotivo,54,591,1,2400,52,8,52
236c8998f9a6e6150cdfb75fed83c15d,esporte_lazer,39,2055,1,300,20,10,15
23905e2fed49239bf63e416ba24bd556,malas_acessorios,60,2032,6,1100,25,25,25
23bc9eb1539ad6ea06090076ce1b93b4,utilidades_domesticas,40,287,2,5950,36,26,36
23bcd6822a33df5534f9b290216eec1f,brinquedos,56,708,6,7000,20,62,35
2423252b2432f1803e4f29e0974c6cf7,brinquedos,60,919,5,1167,36,20,28
24297ae137968498e50c2f283a4f3d9c,cama_mesa_banho,50,324,2,1500,37,23,35
242e1933d9cb1c789d3c6a3f2d083ba0,brinquedos,51,606,1,8975,60,48,17
242edc6b84c00f0d48c664a020a92c52,malas_acessorios,39,131,1,500,23,45,32
2445809bff82fdb8780c5f4e5c0d7686,fashion_bolsas_e_acessorios,60,601,4,100,16,5,11
2446edad7ab4cfedebb8728497ac4575,informatica_acessorios,34,112,3,500,40,18,30
24648c567b1a06a750a8042a774ba5c9,relogios_presentes,48,460,1,400,16,12,12
246d85d18978e56d249ebaf657bb44bc,cool_stuff,33,677,1,1650,42,25,15
24776376f3b02d27ac141a1bdc46d628,,,,,200,17,14,16
2481a472d98c582b46bc2dfeae6f539f,moveis_decoracao,59,205,1,950,31,11,26
2483416c14aa8d93dad96745a9230bfa,beleza_saude,57,2104,1,500,40,20,30
249360ba4e41990fed4dd4398fd1893a,bebes,53,1286,4,200,16,6,11
24bc2932a12c983f8e76d828b65cf39b,beleza_saude,12,2411,1,380,17,11,13
24c002cf6aa7f3c184a964064e2a2e5c,utilidades_domesticas,50,903,4,3000,22,51,22
24c66f106f642621e524291a895c9032,beleza_saude,37,325,1,792,19,14,16
24c738bedb5c15ea352ad1a278f95327,cama_mesa_banho,57,675,1,1350,19,17,23
24c9d329963373e2fccaa3f3204db19e,consoles_games,58,601,2,100,21,24,23
24dbd57bf68a29e64c462b88087b93ed,musica,58,1351,3,7450,100,12,47
24dc9e724587e5bd160e891dc0e3699a,beleza_saude,59,2910,1,250,25,26,11
24f9bc76d458867944921094745b5473,papelaria,58,322,3,600,25,7,24
24fffbd0188d2b7ceb351214c514b28c,perfumaria,29,616,1,426,18,14,14
2501eb540473502ef149a3a848b2f8f0,informatica_acessorios,57,749,1,570,16,22,17
25179680ecacb54a036e9cdd27459da3,instrumentos_musicais,42,442,4,8450,78,19,49
2527d5ced6628c0e47d84293794bc208,beleza_saude,46,2169,4,200,16,6,11
25292482a61cb3298df8dbe15ea69daf,beleza_saude,53,1865,1,500,24,6,12
252dc1fbd22786a5305623453f8eaf8b,beleza_saude,59,3323,8,100,28,13,12
253e743996e4439451bbb1137c3e7b6c,beleza_saude,50,915,1,850,23,15,21
25437c6ccd9cdc28db375f821881224f,esporte_lazer,56,1381,4,1050,40,20,20
2548af3e6e77a690cf3eb6368e9ab61e,moveis_decoracao,56,184,2,900,40,8,40
25830cd3f917e51e463f79c181a670ae,audio,59,477,1,300,17,17,17
2584d5fa1ac792c8c26168eca51bb4d0,casa_construcao,56,797,5,9950,52,22,52
259df46ee92a13043ed24ebabb9534fe,moveis_decoracao,34,733,1,550,16,13,11
25a2985f8f3f93ddf1c1d26847658dad,informatica_acessorios,57,334,1,300,16,10,11
25b569d22d25020f8a5d52f8ad129b14,papelaria,41,308,2,300,25,10,19
25bf7c5e5f9d008845212122805014e5,cama_mesa_banho,51,121,1,300,40,4,30
25d1ff5db102bfeb95fe4fcefdaca422,esporte_lazer,53,291,1,3900,37,44,34
25e2023ed83352bde98dc1490d14c3d8,brinquedos,30,1024,1,887,30,22,20
25f86162fee18735fffdb762dcb10d7c,cama_mesa_banho,58,2400,2,10800,54,27,36
2604055d4992311bc72b115b6d5adda9,esporte_lazer,60,1971,3,1600,80,20,25
261dc97192b478e60fd1318cd0650618,utilidades_domesticas,47,811,2,1200,36,15,22
2636a9812d151c718b53387171ce08be,beleza_saude,52,2088,1,443,21,13,17
263849cef3655e2a54a6f55d4ccad401,relogios_presentes,56,451,3,200,16,2,11
264afa6d3b31bde30f0f2693c84795d9,beleza_saude,55,1264,1,950,16,16,16
2669a9fe1aaf6cb29071f8f866014afc,audio,60,619,4,450,17,8,12
266bc9a69487d12f125e4af1b5da3d32,utilidades_domesticas,56,613,1,6800,40,19,35
26986dfc8b3cb9f957f2a5cca8920fa7,moveis_escritorio,48,375,2,22500,79,12,40
269e87010f6d5e57015a90b00983e334,informatica_acessorios,63,167,2,250,22,2,14
26b2a480ced2900a62bb9431133e95aa,construcao_ferramentas_iluminacao,41,971,1,1050,16,19,16
26e253f334cf93847fcbf6e9faf51eb4,esporte_lazer,60,660,5,6650,93,6,93
26e4016b8946bc71f7294154866226df,informatica_acessorios,31,1078,2,150,39,2,30
2708ea4fc1340081efeffbf11f14d765,perfumaria,54,571,5,1700,20,24,30
2715967684d6991f7501693bfe08c08b,brinquedos,44,420,1,800,28,35,18
271ce3fc018562e90257af8cd2af06bd,esporte_lazer,28,734,6,825,42,14,26
271f1932e906a6f5e59ffbf12cf04e93,cama_mesa_banho,51,1076,3,9800,65,20,45
276d4fcbcec8b8cdb8c373d5ee67e9db,beleza_saude,30,673,2,575,18,11,16
276e9ed23a30582d125743aaed57ed22,ferramentas_jardim,60,624,3,250,17,7,13
2776dfdf555739816e6987a1f00e9224,esporte_lazer,56,293,2,2650,60,15,15
277a12fc4d8cd5dae85d0071015bb745,beleza_saude,56,1770,1,2200,23,19,21
27a7e832bcfcd69ff687d611c3e79cbd,perfumaria,56,661,2,600,43,16,27
27fdfad2c6a8f91606eb41ea396785c6,eletronicos,39,410,1,200,25,7,16
2814b5e91ca5da1c238fc3ddf9616832,beleza_saude,58,1058,6,350,16,7,20
28153a494455c0488b2afa71fa6ea98e,automotivo,56,1068,4,900,28,3,12
2820a0ee65a765e5dbb7ef1da30d2f4f,automotivo,51,2242,2,1525,27,23,24
2827ebfb043a328a13a06ca9165cad0a,cama_mesa_banho,53,637,1,1350,16,10,16
282dcadbd8c61f52f06a8ae802b54ee6,beleza_saude,59,2751,4,3300,23,23,23
2839fc3ce459dcf23896d23113470284,esporte_lazer,22,655,5,8350,20,5,15
283dc451ad3918badb976d56ff887289,cama_mesa_banho,58,188,1,1650,44,2,35
283f243bb09e48e8f324d175182d5cfa,telefonia,60,1440,4,225,18,5,16
284264387dc92cbf305e75ece3852958,cama_mesa_banho,52,352,2,400,50,11,11
2850884dd642010ef2a6238e8ece634d,ferramentas_jardim,52,1010,1,250,16,2,11
286bcf62e47dfc1e51cf0d525bd4d1bf,cama_mesa_banho,52,852,1,4200,31,43,21
2885ab45425766e3ed00f482e247c336,automotivo,57,1102,2,1900,34,40,19
28a652ff04e43c1bc57937a9f8770f9b,papelaria,55,264,4,7700,28,55,37
28d7da9ebe96bfda54aed060b68b23a1,fashion_bolsas_e_acessorios,50,731,1,350,16,2,11
293547a991162d7b32c55a8482cccf1c,utilidades_domesticas,59,414,2,350,30,12,12
293ee8ac0a45f559cdeba37b938fdb66,cama_mesa_banho,51,290,1,8550,40,32,40
29427de7f8a9ee983d9dbc51cec569b4,cool_stuff,54,995,1,4475,44,24,31
2948658cb6abc82847412be7201bfc4c,beleza_saude,59,1030,5,3500,36,25,21
29a6e18f17f36ac05a93d24c2c0e7146,instrumentos_musicais,42,585,1,300,17,5,13
29b18b99ca3c94cea05efa9e11465440,utilidades_domesticas,55,1869,5,1150,35,15,20
29b85c2f1ec5f4d02b03737a8fd3698b,moveis_decoracao,23,922,1,850,16,19,15
29d6d16a90eb88618b243dc8cf30822a,malas_acessorios,50,389,3,11200,30,56,39
29d78eec0b549067b52a07635d049c8b,utilidades_domesticas,31,1507,3,9900,53,30,34
29dcc20b00ccb0dd2136eb2f4c5f3847,moveis_decoracao,46,192,1,1700,40,10,40
29e95a1298e19d0e48f89702c09c6ab5,informatica_acessorios,43,93,2,153,35,19,10
29f5540c79dd4bb8f156df4e1166b9f4,informatica_acessorios,57,810,1,945,23,13,26
2a149f2dc4ecc44e7e34f558886d59e4,utilidades_domesticas,34,108,2,200,21,17,19
2a15783d3cb601f8d9a6a86806b037b3,bebes,47,1080,1,600,38,5,33
2a1e3c9dcf961bc044d917e9358041e4,telefonia,50,609,3,250,18,4,12
2a209ce7ce3ea3a21cc0b4c36495e9df,eletrodomesticos,60,1419,2,15225,31,14,22
2a21592fa9b5f82a36ec4e151bb31d10,fashion_calcados,40,303,12,500,29,7,16
2a2d22ae30e026f1893083c8405ca522,cama_mesa_banho,60,744,2,8350,50,27,38
2a34e0af5f72ca6cdeb148377a247c86,moveis_escritorio,54,744,6,29700,65,32,82
2a4d7470cdcf5e02f7ad83e56971bb80,pet_shop,60,770,3,12800,45,50,34
2a55bbbba62db632421607d23042a393,beleza_saude,59,2729,5,400,20,8,14
2a5806f10d0f00e5ad032dd2e3c8806e,moveis_escritorio,46,1350,1,11875,57,55,22
2a61ae7c276ed675a0289aee54e2c9b0,relogios_presentes,59,879,5,231,16,11,12
2a788bf848c3357ea72c31e344822aa9,perfumaria,46,183,1,597,21,16,16
2a97ccde48b4f516a7a76352d03eff88,cama_mesa_banho,56,527,5,825,29,17,28
2a9e3d335bbb23ffee8c9da6cecb7bb8,moveis_decoracao,55,1750,3,2400,105,3,70
2ac41de9b0580f84618e017249626a72,moveis_decoracao,37,320,1,2700,47,10,35
2ac7c9339ff85fff3e1aee3eaf7bb315,utilidades_domesticas,43,357,1,217,18,5,14
2ada8214e59b86de70b03d8f03894c93,beleza_saude,57,858,1,300,16,16,11
2ae94d219369eb83f204effd82cb9f31,informatica_acessorios,51,562,4,350,16,4,16
2b0ee2d07306f7c9ac55a43166e9bb4b,cama_mesa_banho,57,504,1,1450,30,15,30
2b1736cd698222fad698e3c1be9dd4a3,automotivo,48,689,5,2550,20,20,20
2b27cb23faa03f71607fcdd1539387f3,malas_acessorios,59,857,7,1100,35,14,29
2b28903240e8ae0f0c45a14e769d9431,relogios_presentes,53,1300,3,400,16,11,12
2b2d4af07dd8444944230535d91bebd1,esporte_lazer,48,635,3,250,17,14,16
2b301a96f8ae692b3157360f621b658f,malas_acessorios,57,605,9,210,17,22,11
2b3b11d70c32fbfc8e850fb68985a000,instrumentos_musicais,57,578,3,1965,51,44,11
2b4609f8948be18874494203496bc318,beleza_saude,59,492,3,250,22,10,18
2b7aa376a6e728560bddb5558cc48e89,moveis_escritorio,59,1296,1,13388,54,47,28
2b7fd8137a4b6427e3547cd05d3aca49,eletronicos,56,305,1,175,22,11,16
2b89194a2977f53d2d61aeeda4165417,telefonia,59,722,6,250,18,4,12
2ba4dc95f18bb2bedbef662cb24de95e,brinquedos,30,698,3,10300,39,49,42
2ba4f78910f6fe61e7ae7bfa4efe2726,cama_mesa_banho,55,225,1,380,34,21,40
2bb11ef7e7d20cb8a80932979464e7ce,utilidades_domesticas,63,334,1,900,16,30,26
2be2be0a6a5916840503fdf50808ebcb,utilidades_domesticas,41,270,1,600,36,6,19
2bee6706184be07ea6ee4221c1660e85,ferramentas_jardim,60,196,1,2400,16,2,11
2c01eb4d04c415d2ddef3a769b61a426,papelaria,60,814,1,400,40,20,20
2c3dfe5b09e660349378f30d628d70bb,construcao_ferramentas_construcao,42,836,1,650,16,11,11
2c42bf0cba650bd08bfeac2412b06ef6,cama_mesa_banho,60,340,1,800,40,7,34
2c6aed9079a451ea112d03a78ccc9235,brinquedos,42,444,1,500,23,25,11
2c925b58c178637d60168ac80cf7f836,brinquedos,56,740,2,483,23,12,19
2cbc1ae9dc8c4d81b096db0ee01ae0e6,relogios_presentes,53,184,6,200,16,2,11
2cc6b9c8353f08189f70b928d2185a9d,cama_mesa_banho,55,394,1,650,16,10,16
2ccd049c8e7ea210e079a1aa8ad92477,papelaria,54,218,3,6900,28,55,37
2cf9ec82c2ca858baedfb2c2e5c06b6f,utilidades_domesticas,60,236,1,100,21,9,13
2d063994ae4667cff3d6841e9d441d1d,eletrodomesticos_2,60,715,2,2750,25,15,25
2d07cb5238b8e2ba12a4b2ac8b6f100a,moveis_escritorio,52,557,2,16100,63,58,26
2d0bbec441acd48f8b643a07dd326281,telefonia,59,1460,2,300,21,11,13
2d110366dd24a714cb50dddc30b4101c,esporte_lazer,32,1961,1,250,16,17,22
2d2600c283c0c1af0528fd84c14a2c28,bebes,32,467,2,4117,60,15,49
2d27434c710806b971a721da337a112a,relogios_presentes,58,401,2,200,16,2,20
2d4086091519b04cd687a38e33dc276c,informatica_acessorios,59,1080,1,200,20,10,15
2d4b08af04c0467f37569071672ce199,informatica_acessorios,46,1228,5,150,28,14,14
2d68dc900969487798076d5f21c1090d,moveis_decoracao,54,688,1,300,22,2,32
2d6dfe6841db8445d145a67913aec9d2,papelaria,31,854,4,1800,53,4,43
2d75cb4f23924fff112f06ef3520c120,brinquedos,28,178,1,400,16,17,11
2da57168cd8fff36cb88b21369ce7e6d,automotivo,45,1014,3,3750,40,15,15
2dcff90bd6ccaf271aeed159a91f2958,beleza_saude,54,1899,2,550,40,21,14
2de5c479fb0c490a0f2a2f3ab36e71b6,ferramentas_jardim,56,511,6,1050,22,21,16
2de5cccebd19a4c9731ebf3a29f8da53,utilidades_domesticas,40,502,1,3000,25,51,25
2e1963427978dab49b4bcb0a07b109cc,informatica_acessorios,52,1000,1,400,25,20,20
2e1b5445dd65296e510e3e8c65ea7071,malas_acessorios,44,224,1,750,46,10,33
2e2b9bfa91068239d5fb2b39764b92a5,beleza_saude,69,918,1,50,22,3,15
2e511b5741ab14e7f5294df6f1310b03,informatica_acessorios,52,2515,1,188,20,16,15
2e513e110e3f95926fa3d1ac44444ff4,eletronicos,56,320,1,150,24,8,16
2e64d11879c5bbda600381dbb5452a38,beleza_saude,47,225,1,1350,26,18,11
2e6f3959fac9a271f1d1610c30d4b95c,relogios_presentes,54,491,5,200,16,2,11
2e8eb076261eb842a7e1bdf64e1facda,fashion_calcados,53,408,3,1400,22,12,33
2ea8ec61f4c1078cdf7b1df620135059,fashion_calcados,60,2015,4,1850,34,38,13
2eb2543712366c95191841792a725a23,utilidades_domesticas,55,236,1,450,54,4,15
2eb384017334e47db9ccf364216799df,utilidades_domesticas,59,887,1,5500,32,32,32
2eb72d11643aaae8f92fafc9296674c8,esporte_lazer,53,484,1,200,21,21,21
2ed52188df2df50745b4f6a9b0fa1c06,esporte_lazer,60,1423,2,6400,20,20,20
2edc5e6012ad882462d116ed5a9e3085,moveis_quarto,57,589,1,1450,50,8,40
2f0ea37228e35c052271f5617038986b,esporte_lazer,58,1484,5,1150,40,20,20
2f13d1dc8b4e1d9d8027be50339546a9,moveis_decoracao,48,895,1,2650,30,30,30
2f178dc91b792930e1ff40a77a123506,telefonia,55,588,2,369,15,13,13
2f2eee65fc4cc4a5ee8362730719d290,papelaria,60,920,9,3100,30,52,20
2f9c2888168b8c2d8e625905f3737057,telefonia,54,169,2,150,20,5,12
2fd91ba79b5f4f8342b67bd79cb54b3f,brinquedos,58,761,3,450,38,12,20
2fe0cccc00239f01484b97ba65408800,cama_mesa_banho,56,500,1,967,28,7,30
2fea0f2cec6b6324a277d4a61c2ed2c6,beleza_saude,57,2026,3,100,11,11,11
2feb83b6c3b3380b8822146538c70f7c,livros_tecnicos,40,971,1,700,22,5,15
2ff17002562478fb03cd44f09e7ca51a,relogios_presentes,52,529,1,283,18,14,14
2ff995aead9c63a1f37a07b3664ead37,moveis_sala,45,353,1,7500,61,11,46
2ffdf10e724b958c0f7ea69e97d32f64,relogios_presentes,59,582,1,263,17,12,13
30011d8ee44c9842921cbc7c1445544e,fashion_underwear_e_moda_praia,60,336,2,400,19,9,27
3003a2841d6a775095317139ed2f7943,utilidades_domesticas,43,309,1,1205,39,24,23
3006b8f5b476750a03137c1b2755cea1,informatica_acessorios,44,2911,5,100,16,16,16
300a6327ab13de0f4e0d3ec3270df6a3,eletronicos,52,610,1,200,21,7,14
301cfe3b10ca8a9e1a1fda2f36bf9142,cama_mesa_banho,57,269,1,875,34,23,42
306e6b5dda3397e4a9312f94d82565b5,brinquedos,54,1213,9,8450,30,26,12
30715b45872148dd5322eb2989228a43,cama_mesa_banho,51,290,1,6050,40,32,40
308a7360ee2e0ecfb6aa7708428692af,eletronicos,56,568,1,150,16,7,11
30a47cc354b9607076272300c899dce9,bebes,26,1594,5,450,26,7,22
30ac6df06dc59ad72cf2f158fc2d904c,utilidades_domesticas,53,1034,2,16550,22,65,40
30c9836b54b1f5702a078b5b6c63db07,relogios_presentes,54,443,1,450,19,13,13
30ccf4724f5227265f837e9ba0246278,malas_acessorios,52,573,1,1450,49,10,33
30e010e9df8943899f267097d49b5c1a,beleza_saude,56,825,1,1300,22,26,20
30ed2f5bb848bade9d8906ef78dd880a,cama_mesa_banho,52,444,2,1400,50,16,16
3117617b81eeaddd6d5a788a3d4230f1,eletroportateis,32,665,1,100,30,5,11
3120b244fb6ccbf5e91a53148ea1bd88,esporte_lazer,55,3677,6,300,20,10,15
31240eaae01b43247d878f3e89996e35,portateis_casa_forno_e_cafe,39,345,1,400,16,17,20
312deeb177508f3b29f7ea944719b267,moveis_decoracao,47,1473,3,200,35,2,25
313f8ed3413f949a1c0eb1cd6495ae5d,cama_mesa_banho,52,222,1,7150,40,20,40
31639956e7fac87ecfd9d608040638bd,cool_stuff,38,500,1,5150,90,4,42
317a06884480d645d7f0bc82455ec277,informatica_acessorios,59,1926,5,650,25,11,15
318026bb905cd235b62c2f2f4eace780,utilidades_domesticas,47,316,1,900,35,32,12
31a2f42a87890f87d77daebdfabc182e,brinquedos,58,419,5,1700,30,35,25
31a70a048673639e07f9c3848b590d8d,eletrodomesticos,47,347,2,100,16,10,11
31b8c37adb9572ed34757d9368d987ac,relogios_presentes,49,577,5,250,16,2,20
31c1d1dfbb4b2730140b8bd9248bcd58,cama_mesa_banho,58,58,1,200,20,2,15
31dc242ed95b9fdccc80ecbc5cecf132,esporte_lazer,53,485,1,400,52,7,12
31e3a259123f3ba71c572f0bc08d9e5b,relogios_presentes,56,781,3,150,16,2,11
3210c94e2542d988d724b0dd72234cdd,fashion_esporte,54,511,2,100,16,12,12
322083bacc83416f56c4110e0216c2e1,moveis_decoracao,43,789,1,1050,20,35,20
3225c54bb2785c33f49f50398fcdb88c,relogios_presentes,47,547,1,269,17,11,13
32267de030005084d4b6af64f22143b8,moveis_decoracao,51,567,1,1150,30,10,30
323aa447dc953b5592e25c37ce6f36e2,perfumaria,50,302,1,350,20,15,20
323c53e2d6f8bace877b0df931ab58f9,cama_mesa_banho,57,635,1,1300,20,16,20
3258acb04d37e2f91f76c9250f3b80a0,beleza_saude,60,919,1,200,22,3,15
3263644ec99e2ccf8b31612ba4f28b5c,cool_stuff,35,906,1,800,30,25,35
327018136fd4a966408df8243383a233,relogios_presentes,60,478,4,200,16,2,11
3279fec9ed308116c0546336bf7741f6,fashion_roupa_masculina,55,1241,2,300,16,2,11
329ee774172a8dec4ae65b229f2c73fa,esporte_lazer,57,3285,4,1225,30,17,17
32b168004f17c743f16bcf5bab0de982,cool_stuff,23,789,1,5250,40,20,40
32d058f0f2989cd05c927c0f481a1e43,automotivo,57,1660,3,550,16,21,18
32d16d374657488a491cf67b33d5fac5,eletronicos,46,111,1,389,17,12,13
32dfa38395ccd47d7b320470b0514fee,cama_mesa_banho,58,505,2,150,16,10,16
32e390b4e48d09326cac6e93679160aa,brinquedos,56,455,2,1800,42,20,40
330144665b875c2b4555f88d9f4ed7c1,beleza_saude,59,410,1,558,21,13,16
33202a8e7a645388c41ed714203d7131,alimentos,45,911,1,3350,20,21,20
3324465da0373199261538db9d035411,sinalizacao_e_seguranca,53,602,2,1250,34,16,27
332842d24e84234cd91299a225de76ab,relogios_presentes,58,1209,1,1750,50,6,19
332f9726c0192e9edf59cb7b1fae49df,beleza_saude,60,1040,1,1400,20,25,20
333789d98505fa09e6e270b62360996e,moveis_decoracao,63,810,6,550,27,15,20
3344f3ccc35b04b81d8cc2aefabcbcdd,bebes,41,1764,2,7700,63,47,18
334995514673fb6bae67885458b52984,utilidades_domesticas,37,261,2,250,25,25,25
3354a4e684f5e7199f9407db70ccd92b,cool_stuff,52,847,3,1200,42,25,15
338925450cde31710e3fd65b8bac0b1f,beleza_saude,50,415,1,29050,55,75,61
339dfa68c25548e53903cd44e090f28f,fashion_bolsas_e_acessorios,53,77,3,150,16,2,11
33caaf7b2444ac27388cc2908a0413b4,utilidades_domesticas,60,836,2,1197,24,36,29
33e535ce5a73b54b75937cd85478b9ae,beleza_saude,46,803,1,200,22,3,15
33f17ed3c6906f7a7ae17a0843536db4,telefonia,59,818,6,300,17,4,12
33f41a54822aa8a1ecd90ee3e986a4ce,cama_mesa_banho,43,303,1,2600,45,15,41
33fac76e7f17367dedaef7954bbb33b4,beleza_saude,63,1113,2,550,20,20,20
33fca9d59532dd4c191217a979346ab9,perfumaria,51,750,1,431,20,11,13
3410cbd7df2130ec3cb9300ef0fe3df1,informatica_acessorios,34,324,1,675,21,13,16
34133989d0439e38e03a4a772583d206,informatica_acessorios,47,118,2,300,38,8,18
34157b9ee376927e58c66e9a69cc8704,pet_shop,48,701,3,850,45,30,30
341687b53eae81d74a13127e8e23bd0a,esporte_lazer,51,914,2,4400,20,20,20
34502b3a0c6af7c9b8bce8a8af0aa048,cama_mesa_banho,54,265,1,1500,38,13,31
3458b4c1fcbe46e2eedb48e00960a60e,cama_mesa_banho,56,1009,2,1700,20,45,35
345ebf31824c3871cbb94c377190d6f9,informatica_acessorios,43,463,2,140,16,13,12
347ba21666e27d60475549270486d936,beleza_saude,24,311,1,500,48,11,11
348209d205939d7ee8112be3ef9a2002,bebes,42,485,1,4970,53,31,32
3488d2ce36e718097c1509444289ef7f,perfumaria,40,1176,1,514,18,12,15
349ce46a0e2e20054aa9d80c48af8816,construcao_ferramentas_iluminacao,41,971,1,1300,16,19,16
34b61264ecf24043cc09e6f4dbf6c0f4,bebes,25,1203,2,9133,48,35,64
34c8873cadb5465f46b7a20b6eb0215b,fashion_bolsas_e_acessorios,15,132,4,50,17,4,13
34dabb8af33b3756cf72df05fb327011,tablets_impressao_imagem,56,512,1,300,26,10,26
34dc9ba20762290886d4d94d07a102e3,esporte_lazer,31,419,2,1650,30,8,30
34dcc2f0a890f961ee6252a1cd6ae3f2,utilidades_domesticas,59,1364,7,30000,60,65,60
34ed9519613c77484479167190ccaf3b,construcao_ferramentas_seguranca,49,342,4,100,20,20,20
35310457211638bcf0670da2cd8ba8be,moveis_decoracao,31,1210,8,525,14,15,19
353356a910b2a42aa75a888a5d348997,relogios_presentes,58,576,1,550,19,13,19
35488a9242f4aa7f9f5c3580f1243512,cool_stuff,58,2272,1,200,16,16,16
35557c68a22ecebcf066e25ca2ddc144,ferramentas_jardim,50,741,3,300,17,7,12
35582ccc8dcd2cc9841d257c0506b641,esporte_lazer,56,1235,1,4250,20,20,20
357a9e8a4b691ffbb0f855b23d490c4e,utilidades_domesticas,56,824,2,390,23,14,17
35afc973633aaeb6b877ff57b2793310,casa_conforto,56,176,1,1825,53,10,40
35ebf08a93899d44e756809e11b14754,eletronicos,55,240,1,150,18,12,15
3606696d19bbcad6cb6c0e985749862f,automotivo,56,882,4,450,16,9,15
3625fbaf8284047185fb0351f2f84ae3,esporte_lazer,55,815,4,1600,25,8,25
362917ef32b7ab0660f1d2b1111396ac,alimentos_bebidas,55,965,1,900,16,2,11
362b773250263786dd58670d2df42c3b,esporte_lazer,51,2526,1,200,16,16,11
362e37b5c8826ef516a607cb5f99b8f1,esporte_lazer,50,1037,5,13350,35,20,95
363218ba55c610b750224f90bdd34be1,cama_mesa_banho,46,279,1,1813,67,12,47
363a9f5b97bf194da23858be722a7aa5,construcao_ferramentas_construcao,44,1455,6,30000,100,50,50
3647983375e701c3f089068b5fc0cf98,automotivo,60,1146,1,4000,65,25,25
368aefcea6b2454dff5ce8156ea6766b,esporte_lazer,28,410,1,1046,27,27,23
368c6c730842d78016ad823897a372db,ferramentas_jardim,57,366,2,1650,30,22,30
36945ab7b40f69883323c9be517b640d,papelaria,59,381,4,5450,26,30,28
369dfa384d5ad2a0cb97cb4cda846c47,esporte_lazer,58,3784,7,225,25,18,18
36ab622c8cb4f831132849c587ba600a,beleza_saude,57,698,3,968,31,8,11
36c63c85321bed52c0f9b359278398e6,moveis_decoracao,57,198,8,750,30,18,21
36d74b6f7d7c0e188328c310f9d9896e,fashion_bolsas_e_acessorios,46,455,6,450,24,10,12
36ea81e90d1292dcdc3ad8abb09c20fe,bebes,59,921,4,350,42,27,42
36eece49385945a72f46e8edc9a56e42,automotivo,32,1214,1,1036,20,11,13
36f60d45225e60c7da4558b070ce4b60,informatica_acessorios,33,300,1,207,19,11,14
37055d9442bfc227231d5983f329ff9f,market_place,33,718,1,300,18,11,14
3718e428a53d75dc322c79a49bdbe3aa,esporte_lazer,53,1709,1,1538,24,22,19
372645c7439f9661fbbacfd129aa92ec,cama_mesa_banho,60,236,1,1500,34,7,32
372a2c75b4d5f160e199dee0f342d11b,beleza_saude,43,718,1,350,16,8,11
3731a08877914ac1dbf9b7c995854f84,papelaria,55,298,1,250,16,6,11
3732271dbc064b3c2c372c5675c914ce,bebes,46,736,2,1467,32,23,30
3733ab31371499cdb860660de819a97f,ferramentas_jardim,57,1038,1,2450,23,9,29
373c022e7383e108569b38098f3ed975,market_place,46,475,4,1800,18,65,35
3743820de2227103b72b029a352fb98b,informatica_acessorios,38,391,1,183,16,16,11
37470d84427730445b3b251bb796d528,eletrodomesticos,53,472,2,125,23,8,13
3758055ab2434bd36ac78e00b15b5cf6,beleza_saude,52,1193,3,600,50,8,105
3777da5a4d01cc856906b449ddb7ffd3,construcao_ferramentas_construcao,55,510,8,7300,35,14,35
378bb6601c068c842ca65be6c5e45ccd,alimentos,40,911,1,1700,16,18,15
3793f9a5cee3d440b31c209500f28743,esporte_lazer,43,721,2,1050,28,9,20
3795823a832215210d81bb4f8fafc95b,informatica_acessorios,24,718,2,200,41,2,29
37a0aa952d52e1141cd6e9b489a82f4e,bebes,55,934,5,400,29,36,15
37bc5c7b7dca15cfcbe282fb0dd0bab3,utilidades_domesticas,55,1117,1,500,25,25,25
37e4c14527273be66b84b8836bba463b,,,,,1155,24,16,16
37e7030d6095e672ebf05e2133b1a1bf,instrumentos_musicais,40,1075,2,600,24,5,20
37f05006248fc8b0d04270ef02d24406,fashion_bolsas_e_acessorios,50,572,5,50,18,18,12
37f582e625d4301ab2d6b200238405d1,fashion_bolsas_e_acessorios,24,503,5,150,16,14,11
380aa1e702b7e85375d3d81d893acf73,moveis_decoracao,24,709,4,550,22,15,11
381169576b9f3c083a1c3261da161a3b,informatica_acessorios,43,677,2,225,25,9,29
38201aa4f47d255ccc9f259c913854a4,esporte_lazer,44,521,2,1750,42,6,40
382132cf96c88a277a65226833af5f61,informatica_acessorios,49,664,3,680,47,7,18
3846c262ddb08db0ea2cc1a1685590ff,,,,,600,18,18,18
385a33a408e9c35c9fbc2025c12f3784,informatica_acessorios,52,967,1,220,22,13,12
386486367c1f9d4f587a8864ccb6902b,cama_mesa_banho,54,120,1,835,40,9,33
3871b7939245ed35ab97c7d3924c6862,informatica_acessorios,45,340,1,300,17,16,12
3877375bc8e2856da0375e2295d32360,relogios_presentes,38,325,8,1000,20,20,20
3881e42dae9f77fcbaf9f23020b7ef44,malas_acessorios,45,218,1,800,46,10,34
388517f6230f1fdef794b9c075180a0c,informatica_acessorios,22,716,2,200,36,2,28
388a6943ef1d99b81f642a0137bfa5da,beleza_saude,44,108,1,400,30,15,20
388ff2c827798649fc2a40fd7af129d5,moveis_decoracao,38,313,1,13800,100,16,16
389711d6c8aa737f6f70e948946de005,eletrodomesticos,59,355,1,1650,50,2,37
389d119b48cf3043d311335e499d9c6b,ferramentas_jardim,59,341,2,1750,37,22,40
38bbdd7cf8ec37b401531aa741bf2394,telefonia,43,292,2,270,16,14,11
38da2dd3fddf4b5eda6d46d781fde41b,cama_mesa_banho,40,698,1,1150,29,15,15
38ebfc282f610c4b8c8950b634db74e2,automotivo,49,382,2,4900,31,31,31
38ef617a023fc4398829dd8c2b9e8be6,cama_mesa_banho,54,559,1,650,16,10,16
38f3677364ecf032090b33915b155161,utilidades_domesticas,52,375,2,9950,31,61,31
38fa750a3a3b3204f169c86a3284d387,esporte_lazer,39,1057,1,183,16,18,16
38fbdbd0a9be4733e29cd1afe360e23b,automotivo,41,603,1,500,26,3,16
39084b68d30ae3ce2bdaf467ed4f3dbc,perfumaria,23,217,2,250,16,11,11
391a014a66920fa0ce468319264e0232,consoles_games,38,880,2,550,33,28,41
3931aaf38ba4cc928100541ff51b82ff,informatica_acessorios,45,554,3,400,16,4,16
3933e8a85308e9e9e9bc428355ba203e,cama_mesa_banho,53,267,2,1900,45,15,35
394b16cd32e9f883365dd7ebac4edbe0,eletronicos,53,377,1,150,25,7,16
394e7e390f3282732faa3a73a6033c3a,papelaria,51,749,2,200,16,7,27
39774ab6b55af4ca99782e23935a97a4,moveis_escritorio,43,1363,1,12050,57,54,22
39aa98469aa7460a9764311b3f8efb12,cama_mesa_banho,47,161,2,350,25,8,19
39af958c865cffb372490d50c207d776,cama_mesa_banho,53,294,1,2850,42,12,40
39b86f4e3aedf22731990099a660a6f5,fashion_bolsas_e_acessorios,59,150,7,200,16,2,20
39c4b45f85d57630198b4da1688c13a0,brinquedos,33,234,1,578,33,19,33
39d5577b413907bf3a1d2f9ab9510863,cama_mesa_banho,54,229,1,1500,40,5,30
39e96bf755a2107369e9e9654476d831,moveis_decoracao,57,470,1,2200,50,20,40
39eef1b4d9ab7a5a121d3436b03ce7d3,papelaria,62,1331,1,1550,25,20,15
39f3ae59da5b8f220b4a98a157b93af2,cama_mesa_banho,55,317,1,2550,40,10,30
3a05a947f28cf46d789adedc107d7595,esporte_lazer,57,652,1,3450,16,15,20
3a07f82957867a5eb477dc7f2f60c2aa,relogios_presentes,53,179,4,250,16,2,11
3a0a670620f51d9287a85a9d81474dc0,utilidades_domesticas,46,829,3,1250,32,18,32
3a12fe499b9342f78cb827ee18393e7f,cama_mesa_banho,54,739,1,1050,25,10,25
3a156bd35ef75525c9b43dbed71a9734,pet_shop,58,502,4,200,27,9,26
3a166c25c4271d3b28fdb6aeadc0897c,cama_mesa_banho,60,715,1,1100,28,5,20
3a362c0e7f9a69276e2d95869a3e143b,beleza_saude,60,919,1,150,22,3,15
3a4113a7009a9fda9cc0021c98b74332,livros_tecnicos,39,465,1,550,24,4,18
3a4776f99a3e55bb2489252ab56253b9,telefonia,57,1356,4,500,25,7,25
3a4db42aea95097b7a616b36f21d143f,papelaria,56,225,1,1000,33,32,38
3a5d57db958f4fec143599e2c7113f17,esporte_lazer,59,737,1,800,20,20,20
3a7d90845985f39048815a6939c56be4,bebidas,50,3065,9,273,21,16,15
3a806ac1ab98107febb4ffcf38bc1fac,bebes,53,704,3,4750,60,20,50
3ac52f93c2299daa201fbb7ff36546f7,informatica_acessorios,60,401,2,150,16,5,15
3ae28b124972bb81eddcb644cd284be9,brinquedos,47,404,1,1550,18,31,25
3ae810052cf18d30232367f0b45e284c,alimentos_bebidas,28,371,2,1200,23,12,19
3af8628b6057e15cb18b8421d7b82533,moveis_decoracao,33,1097,2,700,25,10,25
3b09eb8e2d6bb856f77327ebf539e959,utilidades_domesticas,56,1223,1,10050,30,30,30
3b0f7951038b105522c2d566b54421f7,telefonia,56,341,1,175,17,6,13
3b17f6528c9e2a01b2f75f844a60ddae,instrumentos_musicais,59,326,1,5000,40,9,105
3b2c3b5eca3b8bd45a556828662ac340,beleza_saude,51,2243,4,1400,24,10,16
3b42242085259cb66b6e577ae5173c76,cama_mesa_banho,33,1061,1,1600,26,21,23
3b4db17ce4f2c8731f83b093db7aa0b1,market_place,56,1376,3,1750,32,10,40
3b4ea3aae09e99353a54922da11954c3,brinquedos,57,87,5,5700,39,30,29
3b60d513e90300a4e9833e5cda1f1d61,,,,,450,20,12,15
3b8c4349c3256c61f1c1d7181267fe76,beleza_saude,59,1289,3,23975,80,50,48
3bbacbe586e957acbf26c63b3ed532a3,pet_shop,53,1687,2,8750,50,8,45
3bd016185be10ea4b4b2baa6e7dd9e9b,livros_tecnicos,27,2155,1,650,17,24,11
3bdc103ff400f1e4c1136dfe4ebadbd1,moveis_decoracao,48,593,1,250,16,5,20
3bf95cf337a8c87435a2949c48350fc7,beleza_saude,59,1538,1,2017,28,30,27
3c169334e3cd4e710ef729a014d38b2a,brinquedos,49,1363,2,700,31,6,25
3c242072afadf856cb9471ea7ead620d,brinquedos,40,742,2,400,20,20,20
3c28d10ea65fbafd9792027334cf4544,moveis_decoracao,57,1586,6,228,17,12,15
3c40f1198e8e92e3c84c84bf8a8e1f0e,cama_mesa_banho,44,112,1,450,40,4,30
3c4fa3a3881df35a8f19bec369491d50,beleza_saude,34,426,1,606,19,11,16
3c5ba90e09547db90868e803d139de30,moveis_decoracao,20,262,1,8800,36,47,36
3c6be4372f013b15ef6c2d0f89452998,papelaria,59,303,6,5350,38,30,28
3c883b9d3fd2d0ce448d4136349dc0a4,cama_mesa_banho,49,153,1,550,23,15,23
3cb35b42508b97cb50eb1f1090c9d719,beleza_saude,47,2594,4,600,18,9,12
3cb39171fd36c50097f2dedbbe0dfe6e,automotivo,60,3136,4,100,17,10,15
3cb883c745ef0016bbfc89e032b5a853,beleza_saude,31,485,1,1250,30,10,17
3cc4b421c1f28dd22e86fc4aaafb600e,cama_mesa_banho,57,188,1,1100,44,2,35
3cc842aabeddd8ef0d633a10ef8a51aa,brinquedos,32,582,4,900,44,40,16
3cebb9158a3aa0b3f78ee0f934c9f032,esporte_lazer,41,423,4,1700,28,14,22
3ced865c94d3396f990864fa7aef9104,telefonia,58,584,6,225,18,4,12
3cfbc83ded5aa170816cc18cdb5d4188,relogios_presentes,56,633,1,400,20,13,13
3d13d2c1176a1a94d48df83ac45204bb,cama_mesa_banho,60,558,1,5350,16,50,40
3d37da85f5e66558333fb5daee494736,beleza_saude,59,1828,1,1400,20,20,20
3d75a35ffe2d78d994c7caa66db1c232,perfumaria,19,498,1,2500,30,16,30
3d77287739b6bf1ac163ce2d77570ada,moveis_decoracao,29,233,2,30000,60,70,60
3da76d120922f2c5c94b3ec02db563c9,utilidades_domesticas,56,498,5,4100,31,31,29
3daf57226c18abcc95e0172756fc82d8,fashion_bolsas_e_acessorios,27,352,4,100,16,10,11
3db75f31b76375c502f64d550dcd1166,informatica_acessorios,34,1078,2,200,41,2,29
3dc485b15eb3f5a61fab4f5ed17cc24d,brinquedos,58,614,3,800,16,18,17
3dd2a17168ec895c781a9191c1e95ad7,informatica_acessorios,48,894,1,533,22,11,20
3de88091a3ed3699a8e32f77898c6368,moveis_escritorio,39,2417,1,15200,58,28,58
3e0bf199429e16f10824e5fc7dd33213,eletronicos,60,382,2,1050,18,13,10
3e12358032a6a599d25d9fd630cec2e1,utilidades_domesticas,52,1301,1,975,31,12,21
3e28c005e07e71dc007d1f88295ba270,cool_stuff,61,1451,3,900,20,28,20
3e4176d545618ed02f382a3057de32b4,malas_acessorios,35,468,1,1200,40,22,30
3e442d09f9dfef002aadf31960869f65,informatica_acessorios,33,1084,2,200,41,2,29
3e5201fe0d1ba474d9b90152c83c706c,cama_mesa_banho,56,255,1,1800,30,5,30
3e6d2bde9274ac275013aa90d7e2bf16,relogios_presentes,52,481,2,250,16,11,11
3e7ec3672e5549ba74cf635752bfc70b,moveis_decoracao,59,2262,4,600,65,8,13
3e935c981d34489d33ea5c721ab2e14c,alimentos,54,524,1,550,32,30,27
3e9b58f1436820c248d3f98d7229bb14,relogios_presentes,56,489,2,250,16,11,11
3e9fecd898d8fc598fb18399c2af0248,perfumaria,51,362,1,550,23,8,15
3ea344b27741300cc4724d2a5af94460,cama_mesa_banho,57,729,1,1500,20,30,30
3eb2d78dda82bc83c9b047fbba954dbe,esporte_lazer,51,573,1,500,20,7,14
3ebd44ce3c5f4ef6af43b9f0b1df1729,automotivo,60,317,4,70,19,3,16
3eeb9c7bc48cbf70ee22b1b1361bd0c3,moveis_decoracao,45,2359,2,7600,50,30,30
3eee0fd6b877331481b1ca94b2c77319,automotivo,55,257,3,2400,35,15,35
3eef0cb94ba82de806bb30ab743c7655,moveis_escritorio,26,1177,1,11880,50,60,27
3ef69437b2ca2234de7ad9165bebfe43,pet_shop,37,692,6,250,13,16,16
3ef8d885129ad51b20838faba23825a3,livros_interesse_geral,45,510,1,550,25,5,18
3f14d740544f37ece8a9e7bc8349797e,informatica_acessorios,44,655,1,321,19,14,13
3f217ac180c743ff2e4b047d4f205d52,instrumentos_musicais,57,507,1,200,16,9,11
3f24e35922fa51c0626c7c51d2f3a9a4,cama_mesa_banho,45,179,2,1250,45,10,15
3f26ccc2d547ea9b11e5ef9673fb40dc,telefonia,50,548,2,125,18,4,14
3f31ad7df5482b3e8fcaac6ea060574f,relogios_presentes,48,361,2,200,31,4,13
3f3695c50cf443bfc1058ce0c8ab6a46,eletronicos,39,376,1,175,22,13,17
3f3bb9a9009cafb307bc91e3d8a507b9,moveis_decoracao,63,208,2,7600,100,7,65
3f4269f81421aadbfc643a23d5dbf3ff,automotivo,55,228,1,200,25,10,16
3f98320412a131f7346baa2aa2de7540,esporte_lazer,54,523,2,8450,42,102,47
3f994ee4a0b20760d1b173aa65037c95,cool_stuff,56,708,2,5700,42,21,36
3fab9767a48fd2bbbf649feaab5b434a,esporte_lazer,59,199,1,700,30,30,30
3fae92f8d0ebb3317991934a6d717c47,cama_mesa_banho,60,306,1,1250,16,10,16
3fbc0ef745950c7932d5f2a446189725,beleza_saude,50,1257,1,350,19,12,13
3fc00af0f0a8d4ac2933d3900416c977,climatizacao,59,624,5,2000,20,10,20
3fc18e3aefe7b9346bd15de863fa0365,utilidades_domesticas,43,808,1,2850,30,30,30
3fd04b238d42b022434a07519d30a354,moveis_decoracao,51,567,1,2400,30,10,27
3fddda7e92c16fa45033a4373a116e00,perfumaria,45,650,1,75,11,11,8
3ff3656bf4f81c36e63687fefe2ecca7,moveis_decoracao,39,308,2,2950,40,20,40
4027c03e4b0afe1963877d2d164f880b,perfumaria,51,538,1,500,23,8,15
404a57563d487aecbc2b1a01d9b89aab,cama_mesa_banho,62,313,1,3500,45,15,35
4052517cac9e78357d895976124f6972,eletronicos,31,736,3,800,35,30,40
40540b68d7fd077e46c33308fb59c2f5,cama_mesa_banho,29,296,1,900,60,15,50
407bc2771e1ae0911576de1560d3adcc,moveis_decoracao,54,532,1,600,65,7,11
408dc0e1523c3915352e552a1a23c663,telefonia_fixa,59,1382,2,666,19,17,16
40c7fdb4c192c7df52431d1b079f9026,relogios_presentes,52,192,5,150,16,2,20
40e834fa1961d072be482a772dbba0e1,esporte_lazer,42,394,5,600,32,18,23
40e9fb75d3f96d5cca8fe7af35675ed0,perfumaria,38,673,1,150,16,16,16
40f9d700a4bf5e0d84c70d704147971f,esporte_lazer,56,1335,5,2000,50,17,30
4100a608bd0aa524b06ffefba973707b,beleza_saude,39,798,1,688,17,13,16
410dd36335e15d089a9668e9bb5b2cd7,automotivo,60,703,6,6300,47,19,23
41483859d76267ad9a2c8d0af4a76266,brinquedos,58,245,1,300,40,15,35
414c53fa9c5cc4a0390682aeb2e25ec1,moveis_decoracao,56,646,1,300,16,30,20
416fad0f58722ac772e8ac9b3e33a0ca,esporte_lazer,54,500,1,200,16,3,11
417d9668b1146c16947abb8c344996e8,eletroportateis,55,1240,2,800,21,17,18
4180a49d4b879e727ad2c8e82a9f4d87,esporte_lazer,54,1598,1,250,16,15,16
4182ad8f6fd91b6064f2d1097d8a4291,beleza_saude,38,929,1,1097,18,18,16
41ad56651f07e2f6f66f9372c0e89071,perfumaria,51,273,1,350,19,13,16
41b821274ec513636f9144375c9f9031,brinquedos,44,429,6,400,20,10,20
41c24b8ce92d1a2cac62db5edfd088b2,relogios_presentes,27,178,1,314,18,11,14
41cd333a4af5e36df81fc0b83ccf8e2d,bebes,59,867,3,10750,38,47,44
41db6d8062fcd38410c699743ccc0265,telefonia,49,1438,2,125,19,5,11
41f447e263110b954a7e52f6052ab5e1,telefonia,47,334,2,100,16,4,11
42130cd7a981706499a4d337f2f7f621,telefonia,37,565,1,100,19,3,11
42155695adbe665066ad812855fe523a,eletronicos,60,517,4,200,16,6,14
422879e10f46682990de24d770e7f83d,ferramentas_jardim,56,348,2,1550,30,22,30
422f04883e19f7b9508857ca6bcaeb6a,casa_construcao,57,1493,1,300,23,9,11
423a6644f0aa529e8828ff1f91003690,agro_industria_e_comercio,54,2352,3,5800,30,30,20
425db55cb3b0f5b18a2d9964da31c3c0,papelaria,58,850,2,450,25,15,25
426c58d69aa402e5397c4b6471420fbe,construcao_ferramentas_construcao,54,2312,1,3550,16,105,11
42749c525c90994bd3d4c74edf047172,construcao_ferramentas_jardim,57,1289,1,1300,60,13,23
4298b7e67dc399c200662b569563a2b2,informatica_acessorios,58,420,1,200,21,14,15
4299cf45bc9aa8ef5bd9337035c286e5,perfumaria,60,499,1,700,30,10,30
429e7401fafb76436f15e86498bd7364,cama_mesa_banho,60,233,1,2500,41,8,36
42a2c92a0979a949ca4ea89ec5c7b934,utilidades_domesticas,41,799,1,7000,26,47,27
42ca857208d059f51c317b503000c385,pet_shop,60,525,1,350,27,9,27
42d3ba4dd1a78c5ba05ccc0d3417706c,cama_mesa_banho,60,1344,3,1400,35,5,20
42eb5329dd0ee3d76d135ce04c84451b,alimentos_bebidas,54,920,1,1150,16,17,11
42ec84ace63b58b8c5a7ba7be01d5fb8,cool_stuff,52,1732,10,2550,24,23,27
42fd6f72ca3e6f53b25d7a19b0536630,construcao_ferramentas_seguranca,34,1195,2,1350,29,18,28
4308439e0d80d5fe03f17ba83b57c493,beleza_saude,61,3745,6,600,16,17,17
430f4c8e02bd4e1fe6330c38689b54f3,cama_mesa_banho,57,188,1,950,44,2,36
431d674f9a4fbd0957ecf6ba3fcb6899,telefonia,56,1892,4,450,17,3,11
431dc11c26a67c6a49e81cee84f35b28,consoles_games,47,1338,2,600,18,12,18
43216537780cef285c670f2b8437ae58,esporte_lazer,58,484,1,400,16,9,11
43354a2ac9eca9f50cb31647c6d5516a,brinquedos,50,563,6,8750,30,69,25
43423cdffde7fda63d0414ed38c11a73,relogios_presentes,41,1159,4,350,16,14,11
434487f82b5c35646bd8155cf1946179,alimentos_bebidas,25,385,1,600,16,16,11
437c05a395e9e47f9762e677a7068ce7,beleza_saude,40,409,1,1110,19,11,18
4380015e3e75bf62b57e306d2f4c2827,eletrodomesticos,59,147,1,1250,38,7,63
4390e4e834a8679a940d6795b52b5e58,automotivo,59,695,6,8175,56,11,32
43b069f855679eb3d3589e55dcfe968e,moveis_decoracao,40,1438,3,150,35,2,25
43b54d1fc56ff394092a3dff6be2d39f,beleza_saude,60,919,1,150,22,3,15
43c78a3f875907bf2e94679f591c4724,cama_mesa_banho,49,184,1,900,40,2,30
43cc8e4d981bc04b9d78b12e8a908d41,beleza_saude,44,1793,1,11450,80,26,26
43d6624c213f21168ead351def0ad36a,automotivo,58,2075,1,3000,42,19,25
43d7d26e2969491a49f0f1a376feb6c5,esporte_lazer,38,1658,2,163,18,14,15
43e09fcb6175856e87a4d9b91321addb,brinquedos,43,1505,1,6038,49,19,44
43f88c8353708451babf9bcdd1fda92a,fashion_bolsas_e_acessorios,46,419,4,200,16,5,11
4413a608a42bd21bbf9d5abbd58c249a,cool_stuff,57,1620,1,2350,16,40,16
44291e25afe160dfe5f844da1b0f8b15,perfumaria,54,964,1,50,16,5,11
443686a203341f24c2cead2297359568,pet_shop,31,933,5,1100,20,20,25
44414d55ce2808a7b8f3568a92d1484f,ferramentas_jardim,56,1575,1,3763,49,45,34
444d53deb5d80250e5e44dd416f20298,cama_mesa_banho,58,584,3,2400,33,12,33
4464ecc5c8cd38eff5beae1484f80166,informatica_acessorios,21,181,1,917,21,15,11
446cf7e594fa3103f5d26069356b55e2,cama_mesa_banho,54,797,1,800,16,10,16
446e4aaabb7fbea797d25845c8ab50f4,informatica_acessorios,59,411,1,100,13,10,11
446f791c0261ad0a93d4dced49d5d0bc,moveis_decoracao,49,349,4,6050,30,40,30
4473f3e5c65952b074ef987fa5c24662,telefonia,59,776,6,350,17,4,12
447540e8fcd91fc4f9b1587aed39882c,,,,,1100,35,15,20
44774af511346f08083720dbba61ade0,fashion_bolsas_e_acessorios,25,599,5,1250,30,30,30
44907e5763ed2255fff21e4fb12a635a,cama_mesa_banho,37,888,1,1000,30,5,30
44a34214a57dc373dcd80f54c919d006,esporte_lazer,21,207,2,350,67,15,15
44aadbb26d5c81d9846b0c48bc00d7a3,cama_mesa_banho,46,434,1,575,34,17,28
44c015f31e165a805a0c68a2124e2e90,moveis_decoracao,58,1198,1,7600,52,15,52
44c2baf621113fa7ac95fa06b4afbc68,moveis_decoracao,54,984,2,7000,16,50,55
44d097d59e8430f88a67517cd0c4f865,fashion_bolsas_e_acessorios,55,151,6,350,16,2,20
44e086c4a977f37a888627b43880586c,instrumentos_musicais,60,234,1,600,20,20,20
44fc450365728c413fefc547592626be,eletroportateis,28,1426,1,1833,21,19,22
44fded21627553d1886d459384bbce06,eletronicos,56,280,1,150,25,7,16
450a44fbb7995e0ace31991a2bb05470,moveis_decoracao,50,446,2,1400,45,5,45
4520766ec412348b8d4caa5e8a18c464,automotivo,59,956,1,50,16,16,17
4525c06a9be3578a113250b8dec95353,utilidades_domesticas,56,306,1,4200,37,15,37
455819d0d2ccab9c6041aa8de3ae6b16,,,,,2400,42,15,27
45746155b8481c23a21eb4645c306438,moveis_decoracao,60,2281,1,400,70,11,11
4583e308182e4e78d5b71b5af1804def,bebes,41,565,1,450,16,12,13
45ade111a241eb94d71890c6fcd2a0e0,ferramentas_jardim,60,368,3,550,20,15,20
45b280868bcc8124d9309f459a42eeaf,esporte_lazer,59,902,2,6450,20,20,20
45d53108adfd3c40a54c578f431c45cc,informatica_acessorios,58,1675,1,1700,35,18,34
45df8892a1d74d2e8f960dc06625fdab,telefonia,51,824,1,311,20,11,14
45f176c0bd310b5d35594fc78a8ed5e5,brinquedos,43,1324,4,3625,29,38,26
45f68d6b5c1bdaeb13882fdcb62e4e47,bebes,57,1644,3,500,23,33,11
45f7c48e7ead07eb1afd9aebfe6de326,utilidades_domesticas,60,557,1,3100,48,38,11
4606f0b0bceceb75e7a887e6b57cae3e,informatica_acessorios,43,583,1,814,32,16,15
461f43be3bdf8844e65b62d9ac2c7a5a,relogios_presentes,35,591,3,444,20,14,16
46292acbc08d49b95138891146f7287b,pet_shop,40,961,1,158,18,6,13
462a59e8ce95b0cb4df207fce782648c,livros_interesse_geral,37,1080,3,500,17,5,28
4630317645c09161b7409edb2448a828,moveis_escritorio,45,1156,1,16400,63,60,25
4633dfeb3a2588bdb52af32d504b44eb,telefonia_fixa,46,218,4,150,16,4,11
466d263ce8b7bd275003ee2104428127,telefonia,59,266,2,150,18,4,16
466d5f5de92846a9674f3b34b3b922ad,moveis_decoracao,59,471,1,2100,30,5,20
46737a24b6230ab90d6df497df0a2b43,utilidades_domesticas,56,259,2,2467,38,39,29
467c6bb41a33d10e03816f139e7baf85,esporte_lazer,53,1085,1,250,25,17,19
46957faa8ca08af2cb0e35f42fac6141,perfumaria,55,1018,2,450,22,16,16
46b0edb9f3206f9c093f3ab71e77710e,moveis_decoracao,31,449,4,4350,27,17,46
46b173c179c7e6904a5728959bee5b3a,brinquedos,44,1573,2,550,17,15,22
46ca9515def9ceb56e338c86ca765ba1,instrumentos_musicais,42,409,3,450,27,27,27
46cc07237660346018f8838ae0b7ed2b,bebes,39,609,1,550,40,19,16
46d66b9ad911a2cea5e3c9127aa7fac5,climatizacao,50,295,2,3342,39,26,21
46d6fa3170df63d5372aa59928ba33dd,esporte_lazer,56,244,2,1000,60,15,15
46ded74d8d8e187dabe94a64dd15a7cd,informatica_acessorios,52,116,2,200,50,4,40
47061c529d086395e595208595507aa4,cama_mesa_banho,56,609,1,550,16,10,16
4713819035a9ef628d084f8ff4fa71f2,beleza_saude,60,919,1,200,22,3,15
471e714759273827991f1746906737d1,fashion_bolsas_e_acessorios,51,529,2,300,35,8,35
4724ffa427f315c485e39b02e21859b2,beleza_saude,52,1059,6,550,16,9,11
47277d35dcfa53f5bee3d98ec3031c8a,automotivo,55,840,1,2900,45,20,45
474bb6b54fc608ca71059a6c4f7ecda3,eletronicos,43,538,1,150,30,10,20
475e8a9ddbebf13af503d1c7eccadb1a,moveis_escritorio,54,800,2,3400,27,21,21
476f613bc92f3a20cf80a586fa45a232,cama_mesa_banho,56,207,1,500,50,11,40
47920da896bbd89e851429c78a7a7a8b,moveis_escritorio,55,1086,2,19400,48,45,56
47a3fbd41bb53db64dacc4562ba3aa52,cama_mesa_banho,40,702,1,1000,50,12,12
47b8c79d616369fd222f0bb68ea0293b,beleza_saude,31,867,2,600,20,5,15
47b950932520619f72b6ebc1c4adcaa7,esporte_lazer,58,722,4,600,16,11,16
47ca911aa7f3febfc2478f63fc1aed07,cama_mesa_banho,58,466,1,4200,60,25,40
47cd48073d67f91f09cb5ef9496c920b,cama_mesa_banho,52,248,1,2584,68,17,49
47ce15bd790ba2e089ce44e95c9f1c1d,esporte_lazer,36,917,4,1009,17,14,13
47ed9bf58ec9b274dd4effeb9c75f117,beleza_saude,43,1145,1,300,21,6,14
481aad97c80d6786a7c6096991003274,relogios_presentes,57,441,3,450,16,17,13
483bc1cbabb3fd0c16d82d2f162852c4,fashion_calcados,60,402,2,2000,32,12,37
48401d4a555fd20aa93a202a4ed3b598,industria_comercio_e_negocios,47,896,1,250,16,11,16
485aa17cb179a6624fb0c9e12cc639d1,cool_stuff,51,873,3,900,18,9,27
48619586c9a058ad8640a4e53185a9e0,moveis_decoracao,43,471,1,700,20,20,20
486a70e221cccfbe8225ee9dd580abcb,relogios_presentes,56,1419,2,300,19,9,15
4886ee6eaf4ab72e0e91ed0c42815f49,cama_mesa_banho,58,729,1,1950,40,3,40
48c4ce43e9ae76b92039ed23beaca543,utilidades_domesticas,39,975,3,350,20,12,12
48cf041a87beac458328d395d035515a,telefonia,58,428,2,150,19,4,11
48de27bd5c8f17adee291f6886cec06f,brinquedos,49,466,1,500,25,10,15
48e146e09757f4c6bc13be2f96dd0ec5,utilidades_domesticas,29,466,1,313,21,16,12
48f9072e368f7d7a924a4290c84121a5,relogios_presentes,42,712,1,350,16,12,11
4901f0f8eba79934ba3cdfa1fbc02893,construcao_ferramentas_seguranca,58,3306,1,600,20,20,20
4906d62973cf8df98e77484df13685ac,esporte_lazer,48,1416,1,200,16,16,16
4907ffcd08e217fc8e169a8e9584abc4,automotivo,37,791,1,300,20,15,15
490b7f74cbef35be4b6b69bb5f177386,esporte_lazer,43,1158,1,150,16,17,22
491c6b0ec61399a890b22a6ed2d9a4b0,moveis_decoracao,40,94,4,500,16,5,20
491cc3d85596f60cdc9fac9d202c9fb8,cama_mesa_banho,58,626,2,900,50,7,38
492bcf01a7a40c8fe5c720574dc786b3,cool_stuff,60,1484,4,700,22,6,18
493d26747843694010877d8e73ef335f,fashion_bolsas_e_acessorios,29,306,3,440,31,31,20
4945f34d8df378693f6b84c437b414dc,moveis_decoracao,56,183,1,4150,50,15,40
4949bc7693f27596ca18cfe03c5a83b2,moveis_decoracao,52,535,4,7950,40,40,40
49650e49c3af7ccc896f634d039cd921,moveis_decoracao,58,411,5,1550,54,5,54
49770e2e1a22b61e15a13c2cbfbfcbbd,brinquedos,60,1243,4,7950,52,34,18
4981f1410716b81db3808ba1c7d21394,esporte_lazer,59,849,5,200,20,2,16
49c8221f68acec04f84cc22c58be6c5a,pet_shop,54,947,4,700,36,12,30
49e70ba5085cd95e69fb041635304a0c,fashion_bolsas_e_acessorios,23,77,2,200,16,3,15
49ebaaba28aca545f9a5ff9fc17ae988,papelaria,56,352,1,300,20,5,30
49eeae59754cbcf1abeeffb8f51184ee,cama_mesa_banho,49,1077,1,1575,26,21,23
49f906609418f32ad932aa7a24396268,cama_mesa_banho,43,125,1,250,40,4,30
4a0c2a56e65c941a0bb9874c47dd66d8,cama_mesa_banho,58,2375,6,1400,30,20,26
4a1dfb01e40129a3bf4fde8c01d93ff3,cama_mesa_banho,48,764,2,800,58,12,37
4a266296cc64880551c3efad9739fb2e,instrumentos_musicais,59,802,2,3750,18,30,27
4a300735bc293723103db0d0c1bc1585,telefonia,42,661,4,250,16,4,20
4a52073965ad17f345f579bdbdbabd74,perfumaria,58,301,1,350,16,5,11
4a69baa66a13d1adeb41cfe3bc0c27be,cool_stuff,55,963,2,500,45,8,49
4a69bf67fa5c94b8e301ef9c94950755,cool_stuff,46,595,2,500,16,12,22
4a8388d725082add032c3a248d515142,esporte_lazer,19,423,2,450,32,8,24
4a96de21ccfb22ebe1c56992acbbd7fc,climatizacao,58,655,5,1300,30,10,30
4a9947ec1fcec2b3321193ed5590e8cb,relogios_presentes,42,576,3,300,16,2,20
4aa6014eceb682077f9dc4bffebc05b0,utilidades_domesticas,43,1002,3,10150,89,15,40
4ac50dbde931c0a5ed8c33d3dc047351,beleza_saude,33,1087,1,600,28,11,26
4ae634441e444ca4bc85903cafe98d73,telefonia,54,285,2,275,18,4,12
4ae9bdff117a3fa23f6f9d146a65f698,esporte_lazer,45,382,1,1125,32,15,36
4aecca9430af7a8c0debefeed7b7607f,papelaria,49,612,3,700,45,16,30
4af41a3530a95522cbfcff5ad13522eb,moveis_decoracao,53,927,4,750,22,2,30
4af81c9413dcb40e03e2a1bc15a6448b,automotivo,57,804,7,133,18,2,14
4af84afb6aeb941678e2c3c56ee66343,beleza_saude,57,1123,1,500,26,6,21
4b38bdd9c0c4bbf9f7f1408b06ec1816,telefonia,58,1127,5,600,20,14,12
4b703444923b5e57bb73ba343f5ebab7,cama_mesa_banho,49,204,1,264,17,14,16
4b7528d093f5acaec2a072366a4106bc,cama_mesa_banho,34,304,2,1100,33,9,38
4b7ddf18ef3c5205f6ec288dffcd7c55,cool_stuff,46,588,2,500,16,12,22
4b96786612ebe7463132fce2c4dca136,utilidades_domesticas,42,540,3,10750,31,61,31
4ba4b0ac2133ce048ceedc2355bec253,moveis_sala,52,848,2,10550,60,15,45
4ba501db540524d84cc382bb041ac508,beleza_saude,42,693,1,248,17,20,16
4bb72c0d466766c287b67e15fb8121dd,automotivo,58,705,2,350,17,21,11
4bbaec4be577b56985a8fef3237b7551,automotivo,54,1204,1,700,16,2,11
4bd3f968f30558ee2b17168cd3930fff,pet_shop,47,1530,1,400,16,20,16
4be2adcd3d80c43a90cb97d7efbeedc4,moveis_decoracao,39,1405,3,150,35,2,25
4bffe7ecb920bd4c858f48e9da04dd89,bebes,39,1778,4,380,18,26,18
4c0f00c6b8f193c1cb9459e6b97e0320,cama_mesa_banho,53,1023,1,1625,34,24,24
4c1e109ecdf58453de365d217cefa64c,pet_shop,37,1219,2,974,26,30,28
4c2065301aac51ff9004422acc07765d,ferramentas_jardim,50,204,1,1663,36,14,27
4c2394abfbac7ff59ec7a420918562fa,beleza_saude,49,1495,3,600,33,19,13
4c809e61a89993ebeb2ad634b8af3c15,construcao_ferramentas_construcao,57,1889,3,650,16,20,11
4c82c8d31845d751d797debc3d03697f,informatica_acessorios,51,872,6,145,16,9,13
4c841517250c8eeafc917a63bc78acae,utilidades_domesticas,39,297,1,650,45,13,30
4c88eca6c1faef5911374843849bd577,relogios_presentes,53,838,1,287,18,13,14
4cac1a12a6fe9ffba4a9556dbe582e28,automotivo,46,365,1,200,16,5,20
4cd429cde8cf80cc5c334eac09b4b965,informatica_acessorios,52,630,3,300,36,2,27
4ce8f190d8026353d3d91d907ad68f23,moveis_decoracao,42,312,1,5600,40,20,40
4cfd7d1aae59a0b4f117e39ccbb0deec,cama_mesa_banho,58,663,1,900,29,4,36
4d0ec1e9b95fb62f9a1fbe21808bf3b1,cama_mesa_banho,60,259,1,1550,30,5,30
4d272fe20c57c64dc74b3db191fc31ef,cama_mesa_banho,45,113,1,350,40,4,30
4d397d263f26b146e2305cfecf8193ba,beleza_saude,57,2602,3,300,20,10,15
4d614d466f2eba2e50e683ebb1460351,automotivo,45,562,4,325,25,25,25
4d6214838983b6f8ef242a0326712460,papelaria,52,39,1,300,16,5,16
4d78abeaa9c097b5d6ee602bd5986128,sinalizacao_e_seguranca,59,669,3,290,18,12,15
4d9e8a6d8d07e4f47e093b8c2999ae01,eletronicos,60,517,4,200,16,6,14
4da0329350218978429b287440f4b87a,moveis_decoracao,63,683,1,400,21,5,15
4da69617724180dc2e4aedddd7ef938b,brinquedos,45,217,1,450,45,15,35
4da918a160c19da9bfdf9945d18006ec,instrumentos_musicais,56,1262,2,5600,30,62,45
4dab5b862124c607243bbaebd2684bcd,bebes,49,381,6,150,20,4,15
4db615df108f98bcf521b9ec6c27ba24,casa_construcao,33,484,2,1950,38,28,28
4ddaadd618ebc681d6730057c360ab8e,market_place,23,235,2,1100,30,5,45
4dddd45aa241530edb5412e8846361fa,beleza_saude,57,1661,1,483,19,12,13
4df79064ddcd595b7c0ca80f9729a67b,papelaria,59,206,2,8000,60,20,29
4dfbe01419f983d397ed0439f090541d,cama_mesa_banho,49,729,1,2350,20,30,30
4e0afd86a9a0dc22b20d920808613b19,brinquedos,52,572,2,1904,38,9,35
4e11734666acc305a4649de43f0bd181,pcs,56,3542,1,12650,52,26,52
4e12e2e91e984c0410e9bfe6ce28ba30,automotivo,59,422,3,800,36,16,16
4e191b1e429b88c6eae1a014f823cb7c,casa_conforto,57,162,1,2375,30,60,43
4e1cccfdb088e7e5b74d7a5b1d299364,ferramentas_jardim,56,1175,5,6800,44,28,29
4e41b17f39aabdb1eca7b0af6722ba62,informatica_acessorios,57,988,3,760,44,8,15
4e42337065d8ce68661c6df8b2be58a6,telefonia,53,669,2,100,16,3,11
4e46d4d7bdbc358eee60e44df825dd01,fashion_bolsas_e_acessorios,34,142,1,150,21,9,14
4e6506f33f7d3a6b813c618ccedb8270,brinquedos,60,375,1,800,35,5,35
4ebab6a2135a2477b657bda38646b64b,brinquedos,38,853,3,442,20,16,14
4ece875799f8eacb00dc13e93d0a2fd0,esporte_lazer,42,2300,2,350,16,16,16
4ed8030b452688a37d26044e966eff12,cama_mesa_banho,54,284,2,4200,41,13,13
4ee931ba1980085a969d498d63e69f72,cama_mesa_banho,43,158,1,650,31,13,20
4eeb3431ff29b8867d4f7b817c298a81,telefonia,56,863,1,300,20,8,12
4f094d03e0acd9b1259fc846321e85b7,relogios_presentes,45,589,5,900,48,16,25
4f0abfbee7569e43b80f9aaa256a9bf8,beleza_saude,60,919,1,150,22,3,15
4f1a7a45b6d43fa7e4958e013923d9e5,instrumentos_musicais,41,802,2,617,31,9,31
4f288e27579d68e616d2712ad669f99e,cool_stuff,26,622,1,383,17,9,13
4f28b40a0f7af9ad723f8787a46a4643,bebes,30,2262,1,650,20,8,14
4f88323d03ffaf090b8fb0116b33c95e,cama_mesa_banho,56,255,1,1700,30,5,30
4fa33915031a8cde03dd0d3e8fb27f01,perfumaria,43,116,1,468,23,18,19
4fad4b56635e58d6f0534f39b5614512,utilidades_domesticas,42,2665,1,1850,43,48,48
4fb209073dc2ab6a6d3c259a7c285501,moveis_decoracao,56,623,1,7250,100,25,25
4fb3e6ce442ce9c621ea9509e47ac951,esporte_lazer,40,1023,1,1136,26,29,21
4fc38c7dd401191c16f9ced89baf4877,cama_mesa_banho,45,597,1,3117,44,14,34
4fcb3d9a5f4871e8362dfedbdb02b064,automotivo,53,603,1,5950,65,11,65
4fe43f61e04cd41cadc3bebf606fe77b,construcao_ferramentas_seguranca,58,787,5,1500,20,20,20
4fe644d766c7566dbc46fb851363cb3b,artes,48,1232,1,1700,65,6,50
500870614ddcf5bd84f7d26861026c8a,telefonia,58,434,3,217,18,4,13
50147c350ddbaff0646aeac455c7473e,cama_mesa_banho,58,2331,6,4200,56,37,49
501ba963d8353c19c7f79d8ffc268993,telefonia,48,1360,2,50,18,6,11
5027a29c73fb3aa5e93eae6867c9a2e7,papelaria,53,500,2,550,16,4,11
503a2b62d0d1faa8d1950c483231aeaa,climatizacao,39,132,1,375,24,12,17
50565731f3aeea3f334d15ab5bb98546,utilidades_domesticas,57,399,2,400,20,11,11
50571d0f0f8ffbeec1c64cefeec01135,fashion_bolsas_e_acessorios,58,526,5,350,43,16,27
507f37649c32210c0f297c6755cc8305,brinquedos,47,551,2,633,36,6,26
5083416598756311d4bb4ddabd661e25,pet_shop,54,459,1,9100,37,30,39
50847e645fcb3d38dee50e39e4c68c22,perfumaria,55,591,3,16050,70,102,12
508d5e8ce8e79bb506f9f0c096b295c4,moveis_escritorio,19,930,1,12775,37,65,36
5099f7000472b634fea8304448d20825,beleza_saude,56,635,1,375,26,11,18
50b0e47f8219992ae98677122c483fde,malas_acessorios,53,700,1,9500,76,32,49
50b2ddbf47bd0b8eecabb404613e2a45,cama_mesa_banho,45,486,2,1050,40,10,30
50b671fa06a05828948cd518088eba27,bebes,39,542,2,200,33,10,32
50c3b0ec236af400b6113521763e34ce,eletrodomesticos,59,256,2,600,20,13,15
50d77758742285ff49f340ebdf0df5a7,eletrodomesticos,56,953,3,500,30,12,17
50fd2b788dc166edd20512370dac54df,eletronicos,46,2285,1,150,30,10,20
5101eb75c72eba49b6ab5e3cb721c99b,esporte_lazer,41,754,1,3180,28,22,26
5115d8cd6438c0c4d8abdf38d5d41ebd,fashion_bolsas_e_acessorios,46,128,7,350,16,2,20
511dbadd5cfefd835e705f38eabedd12,automotivo,60,1239,1,758,36,15,17
5131368354b35ed441caa8ca27244f16,beleza_saude,58,1572,1,1383,30,27,28
514261bb564657b9c123325f5af6bf4f,relogios_presentes,56,836,1,450,16,11,20
515848373adcbd9d2fae893d43fb772e,construcao_ferramentas_construcao,53,882,1,700,46,7,24
516a7c0b152777ac153b6ff568582222,fashion_bolsas_e_acessorios,39,565,3,100,17,7,17
516d614a5a8bd8983bf46eaa51fab8eb,esporte_lazer,57,684,4,700,23,8,14
5176d8670222d50ebbe4d4c5dfba2b49,eletronicos,44,86,1,125,18,8,12
518ef5de2c2b3a255e326a4594ba15d9,cama_mesa_banho,27,329,2,800,36,8,16
51914323cc52a90e910d8e833d468a6d,moveis_decoracao,63,182,4,20300,82,42,33
5199c64bddaad759e3cc82d7fa449570,cama_mesa_banho,53,152,1,800,35,7,28
51c3bce480bc653e51d768e09253d6dd,automotivo,52,85,1,250,25,7,20
51ce083cd2b9078656a94655ab45b8a4,cama_mesa_banho,60,264,1,2450,41,8,36
51d35e4714b113bccacfe7248a13375a,automotivo,60,764,1,250,16,10,16
51d4c5626abb1963d3cba78871cce415,cool_stuff,47,766,5,4400,40,36,30
51d646c5c93e0f1de543528d0e24eadc,beleza_saude,46,1305,1,1400,27,10,17
51d683bed105788944d57dcbba5aa518,informatica_acessorios,53,124,1,600,25,15,15
51ff0a0f61611dfa94e43c834c949dd3,utilidades_domesticas,60,312,2,1950,23,65,23
51ff363ff8346f0fb99858f2c0954231,esporte_lazer,49,752,1,200,20,7,14
521a361808bedd9fffb32181e501e09b,utilidades_domesticas,40,220,3,1200,20,25,20
5233802c90651b80bc4ed98158a68823,automotivo,59,1369,2,150,16,6,11
5237739bb5fee495dbd337755a138660,relogios_presentes,39,600,3,645,19,16,18
5237c554fade603fbb83dcbcdadcdaac,automotivo,58,391,3,1900,28,36,28
524cace8752843f12129d6ecfae9c7cb,bebes,37,1322,10,900,20,11,16
5299e0a0336b5839e2a0ccb0d3d589d1,artes,42,198,1,650,50,6,35
52b3af7304d611855714d9b3d1724ea7,moveis_decoracao,72,401,1,1150,45,15,35
52b61d8fa6874704f2c8e96ea62d5535,perfumaria,56,1718,1,250,16,16,15
52c80cedd4e90108bf4fa6a206ef6b03,ferramentas_jardim,33,2188,2,7650,20,20,20
52e1126012d5713a3e7c701308355457,automotivo,56,98,1,250,30,10,18
52e5fdcb5e51164483d584c75bd3a478,telefonia,55,211,1,150,19,8,16
52e9413ed0d3e64b796aac2bc2291d50,esporte_lazer,54,790,6,200,17,10,11
52faaea7e7d55dfe5aa81f0b5f79d7b9,moveis_decoracao,63,702,3,2050,35,10,35
5317355191eb96f3a163cad67055f135,automotivo,59,695,6,7125,56,11,32
5328338cfaa16ba10561cd970c73ca11,cool_stuff,51,330,1,1950,33,44,19
532d7f19b8005e415f5b98a1cf4a8690,utilidades_domesticas,58,172,1,400,16,10,14
5348b1bdd951b67a4d2a58992e2233ed,telefonia,59,818,6,250,17,4,12
5373e18844eec682770d139ba29cd32c,fashion_bolsas_e_acessorios,37,558,1,100,17,3,12
53759a2ecddad2bb87a079a1f1519f73,ferramentas_jardim,58,340,2,1500,30,22,30
537795846d3155fd59b4eb12545b1b2f,perfumaria,54,937,1,50,16,5,11
5377c9bcdd1b59acf85881d95184f57e,relogios_presentes,36,533,1,500,20,11,13
537ac9105a4aeb58599b4e4581fe8f04,cama_mesa_banho,40,485,2,1100,40,6,30
53a0380bace091a275d6f6a7e46c07b6,bebes,46,251,1,213,17,8,12
53ae5df71df97b2b9abee97ce1e1b8f1,cool_stuff,44,3049,3,850,22,22,22
53b36df67ebb7c41585e8d54d6772e08,relogios_presentes,33,523,3,584,16,11,13
53d71d8d9d6878f6f0b9fe0ed79445d5,alimentos,49,217,1,375,20,12,15
53d8ee87caa1a2320c66074ff9c99e61,relogios_presentes,55,1457,5,500,20,19,17
53da2e917302c9e5e834b9968ea829a7,automotivo,57,868,3,500,24,6,26
53db18171eeeead5f0a7ea398054c298,informatica_acessorios,58,1017,3,350,16,10,11
53e2768ef7659279bf2ae3c2526b7b86,pet_shop,63,1148,1,350,20,20,20
53ea9da485f6aed8a6f03a85831fe021,relogios_presentes,33,439,1,346,18,10,13
5403528d987ad26e8d7cb25940411987,relogios_presentes,58,600,3,250,16,2,11
540a93038cc8b4c42ef0821b2cf067d3,moveis_decoracao,60,375,2,4800,20,50,40
5411e9269501a870cabf632f05655131,papelaria,57,396,3,6550,38,30,28
54151de8a5ccf2dc3058b447e1f582f3,moveis_decoracao,54,718,1,300,16,16,16
5421431a9abfbdac3006e7aa925c0213,utilidades_domesticas,48,632,1,700,21,10,17
5477e4aa56c945c4c90faca63a98cb7a,utilidades_domesticas,35,212,3,700,16,14,14
547ef2af00ca493818dd33eb5216b22e,informatica_acessorios,43,1183,5,650,24,10,16
549356446db225e7f67b22ceaf66d159,climatizacao,58,872,1,6250,53,21,36
54b755678728b84472c2b654ac4de777,alimentos_bebidas,26,2427,1,200,20,12,15
54d9ac713e253fa1fae9c8003b011c2a,cool_stuff,57,787,8,1867,36,6,36
54e68dc384678ee9280afd42a1b7d97d,telefonia,54,845,2,250,27,5,20
54f8f27ac6543c074ae5c4e7759b054a,pet_shop,60,872,1,200,16,7,11
550dc4417c636abc04c71404342de695,informatica_acessorios,43,518,1,1238,34,19,24
551aefc4745dcc77aff9bfa0b4fce507,esporte_lazer,56,1434,1,1400,26,9,16
5526b1ae9ab2688cf600783cece249df,informatica_acessorios,49,385,1,200,16,16,16
553e0e7590d3116a072507a3635d2877,cama_mesa_banho,38,735,5,800,20,20,20
5546b861464398b784d10d8894ac97b0,telefonia,52,1311,2,90,19,5,11
55552e80f046fafe13e130e6a07745e2,esporte_lazer,29,1149,8,9950,105,15,25
555b27dfb2ed94d001c28e5624dd6961,cama_mesa_banho,46,372,1,1450,34,12,40
55742882e846f5896e72892678652057,fashion_bolsas_e_acessorios,48,128,1,350,20,10,20
55782cb82e0efe052da0a3da237da3b2,automotivo,60,1159,3,2450,30,30,30
55782ee5db5083e1e3bb2dbb054fdf49,cool_stuff,56,708,2,5400,42,21,36
55917ad8d492641d4910c90cc593d896,automotivo,29,1641,3,100,16,16,16
55b22991373bc1fc844500be10faf60d,esporte_lazer,32,1068,1,1900,23,32,23
55b71bf300a2765a382eaec566df531f,esporte_lazer,50,2164,5,3400,33,25,28
55c241d4a5f20682cdeaec642cb06fa8,cool_stuff,48,1100,1,1400,20,30,20
5605e265607c01c1242a18219d7e396e,,,,,2900,70,15,50
562970ce0462981e1699d50878a10450,utilidades_domesticas,57,1348,9,375,28,11,15
562cc921a8887a6be5832fc2db1c3dc8,esporte_lazer,33,993,5,700,24,28,28
563bbe0d8473acb99ec159079a8352f1,casa_conforto,59,323,1,2200,45,15,35
564f6ff7ae760d6eda6d32c551724036,cama_mesa_banho,60,298,1,2500,33,7,39
566a4f2c4385f36d15c00dfcaae132d1,eletronicos,43,391,1,150,25,7,16
5696d05d2286b4256e0bd99df47919e7,utilidades_domesticas,60,1013,3,2850,67,7,31
56a332a91c4fb30091bc24e82ecbea29,automotivo,55,1180,1,1800,16,2,11
56b8c5868253d83d15e717ad0e027365,automotivo,60,445,4,100,24,2,17
56bebf1fde63ae23809cc2fae7f9574c,automotivo,59,1656,3,850,16,21,18
56ced674bc270d0b2795c254cee81530,informatica_acessorios,45,530,2,150,19,5,13
56f096959d0abfbb601eaf570323d766,beleza_saude,46,638,1,950,20,20,20
56fa78f2a0c7d428e8aaa226dac0fbfb,relogios_presentes,39,648,1,400,23,7,17
5727b4e9463bfa0b43bf97397c4b7c44,moveis_decoracao,33,238,1,2450,53,3,48
573ecac44bc00133b12d7d80ed8f3fa1,utilidades_domesticas,36,296,1,650,30,8,23
5742ee1a5d941486111ab986f6611735,utilidades_domesticas,49,412,1,1875,43,45,40
574597aaf385996112490308e37399ce,utilidades_domesticas,55,499,1,4800,22,63,22
57a1b8771e227c7730164db309106c98,telefonia_fixa,59,737,1,688,30,18,21
57a40ebc5f8a0fdaa5e195b39bbeb2d5,esporte_lazer,40,1041,1,240,16,2,11
57aae7271c7c24614b0d663c6df83f35,esporte_lazer,32,1042,1,200,18,11,13
57c806e92eec9168ff2065cc65375576,informatica_acessorios,52,741,3,500,20,38,30
57cc92900f861f0c72fa1df2cfe85577,moveis_cozinha_area_de_servico_jantar_e_jardim,46,1635,1,3400,16,41,31
57e089e3103f5cda6a4ce23b77399bdb,bebes,18,1194,4,650,20,8,14
57e1815b050566a793e010162f765cdb,beleza_saude,52,173,2,100,20,15,15
57f2bc497c1a3ebe41ba7a06d78ed159,relogios_presentes,55,336,4,250,16,2,20
57fcacc3434a1f2f2b039c1b4e61f5e1,telefonia,39,365,13,50,16,3,11
57fd9b6a2704d7c8c9c82380c2e60f83,utilidades_domesticas,56,410,1,1400,30,30,30
5804729aafca1ebee7b26895d830586e,utilidades_domesticas,42,799,4,9850,31,61,31
582eea85bf06659660e2c6101ead3e7a,ferramentas_jardim,29,443,1,7800,18,18,18
583f158587cdecda3e8bdea694021e39,esporte_lazer,57,1042,7,800,42,8,26
5842161e65d7898eb4aab799289a137e,consoles_games,55,555,2,500,18,12,18
58498763fb69f0f0bd09bad43b2ee3f4,cool_stuff,46,560,4,2800,16,34,48
584c6fe37bfcd52c63fac43e26c71b83,esporte_lazer,57,2214,1,2150,16,5,16
5858f45c20fde7d7e49af37a2166635a,beleza_saude,38,1665,1,2300,17,9,32
585d35af545f17795ce05febd7a474d2,ferramentas_jardim,60,2165,3,3100,32,32,11
5861217c6b00a886e28a101167dbb1e1,utilidades_domesticas,51,150,1,425,23,15,18
586328f570ac0b651d452f1227db4d1c,relogios_presentes,47,434,1,119,17,10,13
58727e154e8e85d84052cd22b0136c84,esporte_lazer,39,190,1,1175,31,22,19
587d1beacdb18e5c1f36147edcec3053,informatica_acessorios,58,1650,6,200,16,5,12
587daf296426a63860d1b5d8feddab1f,esporte_lazer,31,236,2,1150,60,15,15
588531f8ec37e7d5ff5b7b22ea0488f8,pcs,55,3611,4,2750,16,31,39
58b0b0b3e6b7f8ecd3874db9c141250d,brinquedos,58,2876,4,850,25,55,25
58bef3ad35aed45b92cf03510e6cf5ce,esporte_lazer,54,3830,1,1300,31,32,31
58bf57007fcbbcc3c327d9de8cf5dbf8,moveis_decoracao,52,715,4,550,34,6,23
58df80b6468d09d24264a3cbb890c9d0,bebes,30,182,1,600,28,4,37
58eaed8e153f27f810f487f2c7ecc57f,construcao_ferramentas_seguranca,59,580,1,53,18,13,16
58ebe34ff100ca78de11d954b6bede1d,telefonia,60,3053,4,750,16,8,16
58efb9b638561ce132216a9a612513e2,moveis_sala,30,606,2,9700,27,15,92
58f036d3b8f12d9378518f902fb4e226,artes,58,374,3,1650,41,10,13
58f1f70c378b16f78eff44c7104aa772,esporte_lazer,53,985,3,1400,34,16,23
58f82cc5bebd588e5cde0b3a89059da6,informatica_acessorios,51,559,3,250,16,4,19
58f88ebb71c90b2d46a5b297ae6c3455,beleza_saude,60,2089,5,1400,27,12,18
59166cb25207e97d04951200086920b3,audio,55,1506,2,150,20,10,11
591822285d4ea5a75c3afd6f075771dd,utilidades_domesticas,29,516,2,375,18,20,16
5926c58c462b5d1f932ef3f0a9e37d41,casa_construcao,29,869,7,8300,40,30,25
592962829d5a715304344e656e39108a,cama_mesa_banho,56,255,1,1750,30,5,30
592cc6634d2c783d297effc0b828bc37,eletronicos,57,1198,2,250,20,20,20
593236d0ff46b4299b4787fb8d43f7f0,industria_comercio_e_negocios,44,1396,2,7225,16,103,25
5938705c2fd05674b76e26fd47b7eab4,construcao_ferramentas_construcao,47,761,1,550,30,8,11
59391e840980a4bb6df5f44d3d734df7,esporte_lazer,59,1025,4,600,16,4,13
594381e7d3cde69f13070b6ededd9e46,automotivo,59,492,2,750,35,10,35
5956cad5849f642bfdf5d50303952beb,esporte_lazer,55,2165,2,500,17,17,17
595fac2a385ac33a80bd5114aec74eb8,perfumaria,29,178,1,400,19,13,19
596e3ace8e8329beb05bb40700a659f7,construcao_ferramentas_construcao,60,1154,1,450,16,10,11
5972ce0f3fcc077f4017b1f7cd9eb9f9,beleza_saude,58,1080,1,150,18,9,12
59ae536b07c3621a400369e60805398b,cama_mesa_banho,56,281,2,1200,41,13,13
59b51733f8b660874abf04e987218962,utilidades_domesticas,38,414,1,8550,25,65,25
59be0d716996dda6b7d60b3e839efad3,beleza_saude,53,783,7,350,18,11,22
59dbefe045e850ce6df6b1fd5dce14ba,pet_shop,55,678,4,11900,50,37,37
59ebd2c07d59483d0855b5b3d5e18728,telefonia,58,818,6,300,17,4,12
59f09deeea7c839a9212a19f3416b892,utilidades_domesticas,58,1404,4,30000,60,66,29
59fc88d07b8100b80600e42f3e5ac79d,utilidades_domesticas,37,462,1,1350,30,8,22
5a0146a47009000363e3ceeade37c54b,papelaria,54,521,5,1550,18,16,18
5a09313e3a42d69ab0b9fe5cb5e45341,telefonia,50,329,5,200,21,2,15
5a0c21ad6b82a1b61856e48ec959764d,perfumaria,57,1424,1,100,18,10,13
5a168adb8f812ea06dbbfaaa3bae7986,fashion_bolsas_e_acessorios,25,395,2,200,16,12,16
5a1a5bb0e9e3dbd18e6d8d3c326d3fed,cama_mesa_banho,55,249,1,850,38,10,38
5a2a1ef8eda93793f1a4569bcdabd123,eletronicos,37,115,1,350,22,7,16
5a419dbf24a8c9718fe522b81c69f61a,cool_stuff,53,537,2,1800,34,5,34
5a4491fb73ef5c6689be17bfb30642eb,esporte_lazer,60,608,1,300,27,9,14
5a4ec7366f4a5fddd269c4d9a047c6c3,informatica_acessorios,43,205,1,200,16,2,11
5a57a59c44429be19e1ce8e69e15c473,utilidades_domesticas,60,1056,2,8550,27,23,27
5a5acb6ac56c50c8e988f2c93cc8b7ef,eletrodomesticos,60,156,1,100,27,13,17
5a670fea12f6946f0dcb3fbb9728645d,,,,,600,26,3,26
5a6b04657a4c5ee34285d1e4619a96b4,beleza_saude,34,1036,1,1000,16,16,16
5a6e53c3b4e8684b13388d6aa4afdf12,utilidades_domesticas,45,176,2,200,19,9,12
5a70be99a3cfa4c98cb636c42fc32635,automotivo,56,1066,4,100,24,2,17
5a848e4ab52fd5445cdc07aab1c40e48,,,,,400,20,12,15
5a883fb296ab66ac6a1e68e6ba2175c3,relogios_presentes,58,364,2,300,40,10,25
5aaa1448f415af8897b81e7a1d959284,automotivo,57,840,1,5450,45,20,45
5aad359a63cbb4fc35ead44346a3eeb4,moveis_decoracao,24,457,4,100,80,10,60
5ab535a49436f1b34f5b83ca7375c4ef,eletronicos,59,2306,5,1400,25,6,14
5ac4f7986643a944501c66a2257bdd73,moveis_decoracao,45,920,1,600,17,17,17
5ad067c2cc9aa18ee03b9ccb5dbd8f8b,automotivo,60,198,3,200,22,11,16
5ad486e80218c20810521ec57ae5475e,utilidades_domesticas,60,322,2,1450,25,12,35
5ae2f57d379f89f995f9444cdb6d5c60,cool_stuff,53,1621,2,133,16,9,13
5b17fc881ead1246f09b897c7027ae83,automotivo,47,512,6,50,24,2,17
5b226d7c52f86ac72457617f78cff95d,cama_mesa_banho,50,381,1,875,25,18,40
5b2b72f58d212a6e4733884ef0ece564,cama_mesa_banho,54,273,1,3000,45,19,35
5b388e2d3e6204d8a3a6698e122bdc4a,perfumaria,45,650,1,350,18,10,12
5b3929b3916f45b3e9c016807f0756c4,relogios_presentes,60,428,4,200,16,2,11
5b3b5f9ae84ca9ead3138b199420cc94,brinquedos,48,1146,7,5400,20,60,50
5b4341a1e617e4d33c3305158ff03c69,esporte_lazer,36,1581,1,150,18,7,14
5b7c8200bab71ae7cc1a0a7073b6afa1,papelaria,47,231,1,700,46,10,33
5b8423dc7f23089c9c59c5d140eb5a1c,brinquedos,59,1629,3,5250,51,15,52
5b8a5a9417210b1b84b67b9a7aefb935,informatica_acessorios,58,509,1,117,21,12,13
5ba095a19bde52d6c87219061639522f,esporte_lazer,56,1131,1,1100,26,8,21
5baf51b71ace9afbb38f0b161f0c098b,beleza_saude,62,3621,1,800,20,15,15
5bbcc3770981c2f5ca7228bd8c2ff2ae,beleza_saude,37,2638,1,900,16,19,15
5bc5b37461d0d4ee9b6e9507b01fc1d7,cama_mesa_banho,60,1617,4,250,16,22,11
5bc6f966c95b579fc0982b73007f1917,cama_mesa_banho,55,364,2,1200,25,10,25
5bde14b0ba42a788655c3ebf4ba54597,cama_mesa_banho,44,1054,1,1500,31,21,26
5bdfe8e8b816fda68f9f8eb7c0c08e62,cama_mesa_banho,60,213,1,1050,35,10,18
5bfc7506459ae2a7b4b573fe557a58e1,cama_mesa_banho,57,535,1,800,45,15,35
5c087f345e870429ec3ea20a49a79735,moveis_escritorio,48,1159,1,16450,63,62,24
5c134d92a99c77b568ae488b28a04c45,construcao_ferramentas_seguranca,59,1812,4,200,16,16,16
5c221d7a454aa9da974e1685157d8216,beleza_saude,59,2756,1,400,21,6,14
5c2696e18040dd69ca61f8f7c4207114,cama_mesa_banho,56,698,2,2450,35,10,35
5c3aca5c078a343b3b873362e7ac2fcc,relogios_presentes,33,307,1,600,16,2,11
5c692818d313aa12864b48ac0c2472c2,relogios_presentes,56,167,3,200,16,2,11
5c77339ada5044e33450d5c2660692e0,esporte_lazer,33,2146,1,150,16,16,11
5c7dfdd3e6d851f08d3cfe8213747ff5,fashion_bolsas_e_acessorios,46,375,2,150,16,5,15
5c973b4202aac5c372a483e712306f4f,cama_mesa_banho,38,182,2,350,25,9,19
5ccdfc35d9cff8db4fa46b83d5712899,pet_shop,30,764,1,15700,81,19,60
5cebe3c91f03e5d52a1951b3ce8354cd,,,,,1000,22,21,23
5cf32074c765ce825b53e1241b79e544,cama_mesa_banho,38,486,1,1000,36,16,36
5d10b3779b68d58be0fcc46a1ee79689,automotivo,59,857,7,880,49,25,46
5d2d01b64b76916f0cbe74e407041187,utilidades_domesticas,43,297,1,350,25,25,25
5d4259625c11acce3dcc39c169037a9a,construcao_ferramentas_construcao,34,797,1,958,29,18,25
5d5288d3096b9becaa3566f64fe88110,esporte_lazer,33,656,1,300,16,12,12
5d52927f3cf2e3266c5dd6e4d2dd566a,telefonia,52,526,5,200,21,6,13
5d66715cc928aadd0074f61332698593,eletronicos,52,390,1,150,20,13,18
5d686bbd116b2de2ea1a4e1056501240,utilidades_domesticas,36,592,3,300,40,5,40
5d6bea33648f018dbb563f3a2fab09f3,moveis_decoracao,53,616,1,4000,30,35,30
5d6d8d46af864e4241365a5cd4980a53,bebes,53,1428,1,7500,20,30,82
5d790355cbeded0cd60e25cbc4c527a2,informatica_acessorios,38,225,1,115,16,13,11
5d7c23067ed3fc8c6e699b9373d5890b,fashion_bolsas_e_acessorios,54,151,3,250,16,2,20
5d8ad55d3f8971622b53ef88f1229af9,casa_conforto,58,217,3,2300,40,20,30
5d98f7de3b78c8dd8d7b62ea22000a65,telefonia,59,776,6,300,17,4,12
5da831182fe9ba6ab33ab17bbc5d16c7,esporte_lazer,59,1423,2,6500,20,20,20
5db096acdea1d87bfa4d07c1cc70c492,moveis_decoracao,51,595,1,16000,63,40,38
5db9185f3c52c4c488fd8a8dcea629f1,esporte_lazer,46,858,1,1350,30,30,35
5dbf50af9485478b933f1028e108640d,eletronicos,15,359,4,150,17,3,12
5dcceb4689c06ac693117bc4296986ef,cama_mesa_banho,59,679,1,1000,28,14,16
5dd65915a87e9031993b18e481a3cbe5,esporte_lazer,44,2080,2,100,25,6,25
5dec0a1a4dd30fb1ac9031f5dc4e2f5e,telefonia,41,1662,1,300,18,11,15
5dee2c14e1989141e15d341d4c62d72a,esporte_lazer,56,859,1,353,23,15,16
5dfc84369c7457e1bd188be86a7563f0,perfumaria,34,839,1,150,16,2,20
5e2ba75ad255ff60b1c76c5bf526ae9b,beleza_saude,47,1346,2,500,20,8,20
5e3555ed62835dd67704d40a72678cfd,bebes,31,644,1,300,16,16,16
5e3b4b17383b90a3129e552bd71bf2b8,beleza_saude,59,1310,1,1450,20,15,15
5e55f49fd372a399eda3e1888157c8f3,brinquedos,40,529,5,275,20,10,20
5e702ce174d6c9fe3eaea9a5bde40a14,utilidades_domesticas,56,691,3,7100,25,52,37
5e98b7fecc62c3ebeaa8252269b2d6fe,esporte_lazer,16,272,1,1600,80,7,20
5ea13888505d00f6a33b996f70a06e13,perfumaria,54,1425,1,500,22,16,16
5ec665da4518623a3a2d7731d56bfd68,informatica_acessorios,60,543,2,1600,31,14,12
5ed1d686373e3b3a2ddd9a4ce44f3fb2,utilidades_domesticas,41,669,1,500,21,10,17
5ed3835ea6f96c77bdbe416dc1a96850,papelaria,33,197,3,200,24,7,14
5ee245f4f514e8937aa7a5ef3ec2c8b7,cama_mesa_banho,34,184,1,650,52,4,42
5eefc29e3d0cf6cbb58c63fd7e3f815f,cama_mesa_banho,62,929,2,1500,43,4,30
5ef700515181623872771a16d1371cd4,casa_construcao,35,504,1,12250,20,30,20
5f0bdec2fb222061ed8fe52586a5957d,telefonia,42,660,1,113,18,4,11
5f19455f0c3902e89f16a6042bd4221d,beleza_saude,53,1136,4,7600,30,31,38
5f21301936c11698db6aee5444190da0,perfumaria,57,397,1,367,23,12,16
5f24a2c5fe04fac8072d899fffa77540,utilidades_domesticas,49,678,1,934,28,27,17
5f2ad53b751662e4c54dceffadb3804d,fashion_esporte,49,219,2,300,18,12,12
5f416bfe77190b2f1c9de649d926e56a,brinquedos,37,851,2,1150,21,34,29
5f42d57952b7815098979a5c4fa6f82a,beleza_saude,60,919,1,150,22,3,15
5f504b3a1c75b73d6151be81eb05bdc9,cool_stuff,38,1176,3,15350,47,40,47
5f6906793eb1d554d76c39398ce08693,moveis_decoracao,56,297,2,700,100,5,11
5f6b99538b396c18e5e310c2c187dc8d,beleza_saude,28,662,1,1250,16,12,12
5f7403b0168eeb77bd69d462d1150222,cool_stuff,26,539,3,1400,30,30,25
5f90a946d1d1d997e9f4f85cdf90ecfd,relogios_presentes,44,412,2,167,16,10,17
5fa991da1a11c022322b1e732d9f5d6d,utilidades_domesticas,55,1778,2,650,40,11,26
5fb0955cb683eb6f65a1f613e502eef5,agro_industria_e_comercio,36,471,1,4000,50,30,40
5fb1e24560c31b0eaa1911d4247187ed,brinquedos,34,649,3,2600,33,12,26
60184212dae4e6b0da32bf54271a8c4a,relogios_presentes,59,476,2,394,17,11,14
601a360bd2a916ecef0e88de72a6531a,cool_stuff,33,897,1,1600,42,25,15
6030a4783b8f3adc3d0e392b0df67064,beleza_saude,55,3554,2,225,18,19,17
60495adb1f1a49c8aea75e5e56a47a48,beleza_saude,54,2736,1,150,19,7,12
604b7e43b1486fa582ff64b375a5ff4b,esporte_lazer,44,1358,1,1300,20,11,11
605050407239c811cf987c99fbabaf4d,brinquedos,60,562,2,700,24,6,19
60567eaf5cdf794639e94508ec387a82,fashion_bolsas_e_acessorios,55,903,1,3350,62,20,40
606a5b6dec14661643801e2cbf308b04,eletroportateis,50,84,1,600,16,35,25
608b018a4443a457a5cd1e58de213cb2,moveis_decoracao,35,688,1,300,22,4,11
609092e5b5c4a202878eb9ba03b47793,brinquedos,29,507,2,500,20,18,18
609b1b50202d276e56b2468006fa82aa,cama_mesa_banho,60,678,1,1075,29,27,18
609c35bf8122d5ab8186ed7a6bfcd843,beleza_saude,39,345,1,250,18,8,18
60a3aec19dc1a866e9cf6a6b4430916d,cama_mesa_banho,58,208,1,1450,45,15,35
60a82b9f55ecd2035ad8d9c61e2afe18,cama_mesa_banho,47,228,1,200,32,3,23
60b8232efc6b30822171dff08d6c439f,automotivo,60,762,2,2133,17,15,17
60d60857503b0e721781320f4fa28acf,moveis_cozinha_area_de_servico_jantar_e_jardim,47,880,3,11850,64,12,37
60e47589d616c8d62f908800260e102c,ferramentas_jardim,44,153,1,3900,31,6,29
6109d0cae3bcb57d579bc0fab6e61814,malas_acessorios,45,573,1,1250,49,10,34
610c673331ac3c4fa0f393ce5af9aa2e,eletronicos,43,381,1,150,22,11,16
612333e41128203342c1dc089808f3ad,construcao_ferramentas_construcao,60,996,1,3550,16,30,15
612fc86af2e1c8927886a7503dcc67a1,automotivo,54,390,1,1600,33,27,26
614c372933e8129d83b410afdbbb5305,beleza_saude,39,776,1,1400,16,19,15
616042729c11849827291496b18e9ec5,esporte_lazer,45,891,1,300,16,16,16
6167837141fac33cf09874ab78dcca86,fashion_calcados,57,404,3,750,22,12,33
617186c3d97ea56c9c683a8a3974e8c1,perfumaria,59,1071,1,550,21,12,20
6177675afbea0665b11380c36caf10bd,cama_mesa_banho,60,222,1,1700,45,15,35
619d72a5e53d41d7646274a3fa20c2c4,informatica_acessorios,41,493,1,242,22,14,14
61c9ce380f22395eecde18d76d118c47,eletronicos,30,879,2,200,22,16,22
61d01171a3784bab50137290350e5332,utilidades_domesticas,24,49,4,500,25,15,15
61eee7a9f1884caed59c316047c5832f,papelaria,58,778,4,1200,22,13,16
61f892cad282d3059bd33ae0eef5b02d,moveis_decoracao,58,1057,1,500,35,7,27
620f37abb44d006ced91c81d81db0412,construcao_ferramentas_seguranca,60,1796,3,150,17,7,17
62224b433a431310bf27129938ad9f64,esporte_lazer,28,733,6,700,49,12,27
623eb5b692e915575c7392ca5cd5cd53,utilidades_domesticas,53,534,1,350,27,10,27
624a104988a613eba3eae6cd9132d397,cama_mesa_banho,49,330,1,450,59,13,38
625d78433e8cc9aadb5a88b4e45e4a30,livros_tecnicos,42,2115,1,450,16,2,23
625dac8156b3157351e7257305148f3f,telefonia,54,935,1,175,18,12,17
626cba3eb1a1ac40b2f6e3ad4fd1038c,esporte_lazer,56,450,2,1050,25,21,18
62744bf012b60074e5fa0fcd657cbd34,moveis_decoracao,59,595,4,400,50,3,25
62953ad36e6c894ce69fc72d9a5246f3,cama_mesa_banho,59,407,1,13050,45,15,35
62ad9a8972411e333e16347051a98e2a,eletronicos,43,889,2,113,16,10,12
62b0e890638d64f8e51e7418813fea07,eletrodomesticos,37,1632,10,5050,29,37,25
62c5626fd6b954f27d1766e3f967e549,instrumentos_musicais,37,48,1,350,20,8,20
62d41a80c366aa2d8644e3270adf8440,informatica_acessorios,50,512,1,1225,43,15,21
62d8daeee0db3a60c234c2d1bfd10651,cama_mesa_banho,46,113,1,350,40,4,30
630e1e89b84dc36567deec47c7e373b1,fashion_roupa_feminina,36,754,2,600,16,2,20
631304377d9ae9aa0a4c1f21b571a502,cama_mesa_banho,34,715,4,1550,20,20,20
631cc372948b89f0211271f2546d9f44,,,,,700,20,10,20
632921e8d6c6b23ae47ff20950a56854,cama_mesa_banho,50,506,1,25,45,18,35
632ba0c3ace598871c24c49380796d57,informatica_acessorios,51,1245,1,2950,18,25,18
634256dbcd184b3757ffd7632c9fe52a,beleza_saude,49,295,1,150,16,5,17
635041fb8431d6de8a42741bab6caa9f,cama_mesa_banho,56,315,2,1500,30,10,25
63649d34b09e8bbcc41a6e770d9be55d,bebes,41,1201,1,7350,40,25,30
63bfa27a0cee21fd896dc27f58b6d656,eletronicos,59,600,6,475,20,11,19
63bff8e34e5c639696856394be9a9ac1,papelaria,45,209,1,800,16,48,33
63cf4d771cba1d380af927afe5895d4b,fashion_roupa_feminina,42,367,6,350,16,5,20
63de2743d05ab59d85caa49e49459ac1,beleza_saude,51,951,1,178,18,11,17
63de579e88d8a9982d2e279eba56e753,alimentos_bebidas,49,835,1,800,31,15,26
63eb97106bfe47fe857edcf78f3e3e08,utilidades_domesticas,54,890,1,1300,16,18,11
64090c2cdb0259629a3584edeb23181e,esporte_lazer,48,3884,1,1250,22,27,22
6413f7a28e149a324c4a914000399fb2,cool_stuff,53,629,1,975,37,31,17
641a45900528e8324c4848dda4e0a3fa,utilidades_domesticas,55,303,1,250,30,30,30
6421588f55f75de28cb3357e07723d14,cama_mesa_banho,59,641,3,1050,16,10,16
642247ccf62585635cefa1bf09f59b94,cama_mesa_banho,25,180,2,900,30,4,40
642a40d4d73b4b2604968937de13634a,cama_mesa_banho,43,93,1,250,40,4,30
64315bd8c0c47303179dd2e25b579d00,brinquedos,55,889,1,4267,46,39,22
6449ec897c9c3c3bcd296df559f6e746,utilidades_domesticas,43,595,1,1850,30,30,30
6461432b8ed2a147857b1405b71e4dc0,pet_shop,36,1633,2,300,16,3,11
646ce272adff96b1ace27e81c9bdf29d,malas_acessorios,51,275,1,1500,18,53,30
64874a0d6c1ec460c2f59886c51b9711,perfumaria,46,647,2,532,21,12,17
648b8a8c89e77c27e1e894e857667f6c,beleza_saude,58,810,2,225,18,11,13
6490b9f63b0b595e1c1402b46b0f50ad,telefonia,24,820,1,300,18,10,13
64c8bc3ebf6cc99d1a734c908961c8c8,automotivo,53,237,1,4900,69,19,41
64cc57332d82d99ae365b4f5f1048bd0,beleza_saude,53,866,1,300,20,7,15
64d0feb1bcf9c7fe7b5dad3271c10910,moveis_decoracao,58,696,7,750,25,15,35
64e77a6fb5b8e01019106773518b5a71,papelaria,55,300,5,5850,60,20,29
64f905cf518f84bfe0fbcc33bf6f0e9a,esporte_lazer,26,303,1,983,28,15,29
64fb13596caf118c438edc5c6ed2d50a,informatica_acessorios,48,252,1,167,16,11,15
64fb265487de2238627ce43fe8a67efc,cama_mesa_banho,55,329,1,1825,44,14,34
6513f1270c9ff1de6da7c745ae2910ae,brinquedos,58,576,3,650,40,10,40
6516d379bfcdbdc245518a279cee2a7c,artigos_de_natal,60,301,9,3000,40,35,40
65266b2da20d04dbe00c5c2d3bb7859e,papelaria,38,316,4,250,51,15,15
652683d85a89f3b134e44989a601bc58,livros_tecnicos,30,246,1,1100,28,3,21
652cee66eaed09b444b43463eee56cc7,fashion_calcados,55,344,3,1850,36,37,16
653b6b1217fba117599afcc015ffd50a,construcao_ferramentas_seguranca,58,1128,1,800,20,20,20
655110abedc57d73d3b2150d8ba2092a,cama_mesa_banho,60,314,2,1250,30,10,30
656e0eca68dcecf6a31b8ececfabe3e8,informatica_acessorios,45,236,1,173,18,13,12
657247f6f60543b93e3cc708a8e6329c,malas_acessorios,53,526,2,18050,75,20,50
65769f6fabbfd7d399bb5851d9af3fba,esporte_lazer,63,3191,10,300,20,10,15
6592908f0a4f6e2de91310126cd1b08d,telefonia,20,538,4,189,17,15,15
659c04245988705deac370b5d5ca1db4,relogios_presentes,54,555,1,400,16,11,11
65a664671b56435d4b383cdb373f1b94,informatica_acessorios,48,774,1,150,16,5,11
65b96f012e6206481aeb67d31dd9b146,relogios_presentes,58,486,7,250,16,2,11
65c61dcb0156cdde1a197f99b91488e2,informatica_acessorios,58,274,4,500,30,8,30
65cee62426275381ec64d04922ee8a22,perfumaria,47,303,1,350,19,24,16
65e3848513c9ab70bf542e5d694cf072,beleza_saude,46,1001,1,575,25,13,14
65f7d28684bc62da5693c88fbda94ef9,beleza_saude,49,570,1,700,16,10,20
66077cc774ac8ba7c7fcb45fd8e03474,utilidades_domesticas,37,365,2,3121,42,25,30
6609d9a71a607da16750629d52615b9e,moveis_cozinha_area_de_servico_jantar_e_jardim,46,964,5,1100,20,16,30
660c03ec104ffe00c7b8e5a885cbee1e,utilidades_domesticas,60,257,1,465,17,14,19
661bbdcbe54d141b50aeaf9d33384d34,brinquedos,38,1096,2,300,16,15,15
66421745b3128972e1b0dcb3123e8c1d,bebes,57,346,2,8800,45,25,45
6647429facfcec3f6bb7162c85985c6b,beleza_saude,34,966,1,150,21,20,11
665aa1d687284a4d2d2b74c0c6724625,cama_mesa_banho,60,259,1,1550,30,5,30
665adf6cc6e09e6a770ba182ea6a50f1,telefonia_fixa,48,3127,3,441,24,18,20
6668e2c5a29f47a016858f28a3673e4a,cama_mesa_banho,50,627,2,3950,33,14,33
668c66401c7341a09fbde2bcf15c1d55,sinalizacao_e_seguranca,60,331,2,11100,100,73,13
668e8ee8f69c3545109fc40f72336e8f,esporte_lazer,48,626,5,1000,35,10,20
66a0a6e02b7f543e5b021ce361f267d4,cool_stuff,45,798,1,1500,50,40,30
66b1f09e746c05761bcaccf6339bde8d,eletronicos,36,816,1,3050,40,8,40
66b5f91356d928ae807ab4ee547f5e3e,pet_shop,47,115,6,500,20,20,20
66bea887d912474498434fcb72df5a8b,cama_mesa_banho,45,484,3,1000,20,10,15
66d92b0c49af34728904a73c26e9e59a,relogios_presentes,56,582,1,450,16,19,14
66e9fb73e349cba44b29951e558a6780,utilidades_domesticas,50,1087,1,500,16,18,16
66f4a4e7df716d7d67d81496ccc1ccf6,esporte_lazer,58,1221,2,1000,27,15,22
67031f1b5ba68a9997efb630e43ada88,esporte_lazer,35,907,1,288,19,15,16
671d1f1a67e731435bc7a91569004038,esporte_lazer,49,479,1,550,38,28,20
6767719f80aabbbf16ab2491899c32d9,telefonia,56,2569,2,375,16,8,14
6782d593f63105318f46bbf7633279bf,perfumaria,30,487,1,200,16,14,12
679d1a26cc192f14e7e30ae397f8b089,beleza_saude,27,1310,2,350,20,10,15
67af4652c2b8667182c0071f68af84bb,eletronicos,45,239,1,150,24,8,13
67bd616e1ba0d3d3e8545f3113b0140d,beleza_saude,57,3153,1,300,18,18,18
67bd6a1598204895a42b0b3071a398e0,ferramentas_jardim,41,148,1,500,16,2,11
67c6521bb9e469276f84cbb19baff9e3,automotivo,44,301,1,540,24,20,18
67cee25aae565b8f1182ea8c37440103,moveis_decoracao,56,296,3,1650,100,7,15
67e927f7378303fc91ee4c3fc301bf5a,perfumaria,47,2024,1,251,18,11,15
67eadd97b6db18d9681c7939c91c98e3,construcao_ferramentas_construcao,60,962,2,950,16,16,11
67fc455b96e0908bc5e0d917237b2977,cama_mesa_banho,25,865,1,250,16,15,15
6803077179d24889430188e03fafd31a,eletronicos,48,287,1,100,23,8,18
68076570f98ff29f0b1a09085bd85037,utilidades_domesticas,40,466,1,400,16,17,12
6831b5d22263248cd732a13b207fd68a,brinquedos,46,411,5,400,22,22,22
685745fc12a6d4344a767bf01fb2d6d1,papelaria,48,483,1,267,20,7,13
685919d3ededc26c0ec078b32241025a,bebes,48,1369,2,6850,48,25,34
686476adb39d272e27b0dd7c111d3762,livros_tecnicos,57,836,1,950,29,3,21
689c51a11e9c5daefc1f9b0782e28fcf,papelaria,47,127,1,150,20,6,11
68a61f99e823ef8b90bebd0161b95a0c,automotivo,53,1311,3,400,16,7,11
68b7fda28d528d3fc87e60fcafc5830f,moveis_decoracao,55,1977,3,7100,90,4,55
68bec1af3851f58027db8beadf3914d7,informatica_acessorios,41,231,2,350,16,16,16
68bf2e76db1d8e846042e54da87399ca,cama_mesa_banho,55,743,2,6850,59,22,37
68bf40b3abd5ffc25981c25df9ed9087,papelaria,50,201,2,8550,60,20,29
68c923fddf7f83316b53252eaf830724,cool_stuff,33,892,1,1000,42,25,15
68f6a731b70b2042da9f202d75f7ab2f,consoles_games,37,910,4,500,16,22,16
69455f41626a745aea9ee9164cb9eafd,relogios_presentes,41,408,2,501,18,13,14
694e58e56c74114ee0628c25f3f26f8c,esporte_lazer,24,290,2,600,50,12,50
6987398dff454a3138231540e2a6ec61,informatica_acessorios,38,209,1,1033,31,17,22
69898c1a5e170da88769a92f466dac8f,telefonia,44,233,3,200,25,5,16
698b3ddae2f0b80c2a48fb40624ca4e4,moveis_decoracao,55,408,1,8150,52,18,35
6994675fdff4377e6e1b738094977cf4,utilidades_domesticas,47,718,1,6900,24,12,24
69b45497bec8e36af6fd1a31b2cd8f9f,eletrodomesticos,51,3134,8,950,45,14,35
69d3ff4f45d52d69e4b06760e0e154e2,instrumentos_musicais,63,3893,1,1250,26,6,26
69fb24f0cd077f460768e66b89c3565e,moveis_sala,20,275,1,3400,33,13,33
6a057a401eab3b3cb8083d9e42972233,beleza_saude,34,3395,4,1200,28,10,18
6a162a899a815ed15db1689e8efc976c,cool_stuff,47,1801,6,1550,20,50,20
6a1a04054158fe995e1688d8f79605b2,esporte_lazer,59,254,1,1650,40,45,25
6a1c65dbbecc1ece8c22856122a774ac,moveis_decoracao,53,770,1,13650,45,35,45
6a2909ac21d16b721e4795e7e8ff3e68,esporte_lazer,53,618,1,283,24,23,20
6a29caa68d4bc5536b4447c25de4c937,automotivo,59,1018,2,100,16,8,11
6a31191d5ac5852b0478f6e245ac5b02,utilidades_domesticas,51,948,2,1250,28,21,29
6a767a963418d92134920e184e918517,pet_shop,47,652,4,1350,40,20,30
6a8631b72a2f8729b91514db87e771c0,eletronicos,54,614,1,100,17,6,11
6a97716560716501532a300ceec3c24f,livros_interesse_geral,37,1194,1,500,30,5,20
6aa4055e16d1128cc90fc11fb43b7082,cama_mesa_banho,58,544,1,588,24,13,31
6ab6d9589ae19abcee458918d4779fae,eletronicos,58,317,3,5450,16,65,25
6ab9d49c399f239bc88ea28c7568213f,,,,,250,22,2,32
6abe34a6ed575743a8803dd6dd7ee5cd,moveis_decoracao,52,1802,2,1100,65,11,20
6adab229374835b551f6402e0dc53267,pet_shop,56,499,4,1250,35,7,48
6addacff5b9a648cf0760f3d943b99b0,informatica_acessorios,43,460,2,250,16,5,11
6ae7f4ef0ca670ca2609d039af87d057,perfumaria,34,515,1,200,20,15,15
6af5a2183cea4408f4292dd86be5f667,brinquedos,54,457,1,400,30,10,20
6b00cb3fe05c73d0acef3fd949a34c0f,brinquedos,34,254,1,200,16,10,11
6b1605ea83cf0568a56ad15afbceb806,eletronicos,60,805,2,175,27,11,26
6b3c88110203820df52c762cd2d2e80f,brinquedos,57,1647,1,700,16,30,30
6b42b1f7dfb74bb23a01605fbedd5b85,cool_stuff,54,1596,2,1600,60,5,36
6b5170a2d3ae93a38e63f17b356da239,utilidades_domesticas,40,464,1,1200,28,8,13
6bbe55cf8f85c87b6eebb775a53402f4,tablets_impressao_imagem,54,512,1,283,22,12,21
6bc8dadd7731eae110fe2d177361784c,informatica_acessorios,48,591,3,138,16,13,13
6bca83dbf6e081bccb2b23188577ad36,relogios_presentes,45,344,3,250,16,9,12
6bd248f93425ceeb625a8a97e2404112,papelaria,39,217,1,550,46,10,32
6be1edd09e2decfd7bb76220355bc693,moveis_decoracao,54,646,1,250,16,30,20
6beae1a9c914c4e2ca45868d6317a27e,fashion_calcados,54,404,4,1400,22,12,33
6bf1cd252d73626ab181be470f56e07b,moveis_decoracao,63,143,3,1250,16,32,16
6c04a068e5ab37749c980c42a036b9e3,automotivo,52,1367,1,200,16,2,11
6c321ed0f47858a8650f4104771224b5,relogios_presentes,58,509,4,300,16,2,20
6c3effec7c8ddba466d4f03f982c7aa3,consoles_games,56,237,3,100,16,12,12
6c3fc3c928cf7d57418923ffea326d9a,cool_stuff,49,733,3,800,42,25,15
6c50c87e36d8641d67fbcceed5cfec5e,relogios_presentes,57,266,3,200,16,2,20
6c578f7117cc4f3ebc5bfd8a674e7ff4,telefonia,57,523,1,400,23,6,15
6c712952b8ef62f8d06a0314917400c8,beleza_saude,39,608,1,1200,21,13,19
6c7e28016af5eda3ec8765073e907d3e,pet_shop,41,622,1,500,22,14,27
6c8b2975a4a05d1f36948b20753b29ca,ferramentas_jardim,47,895,9,1500,45,10,35
6c9e39d79ed78d8a01bd1e8ffc551a40,esporte_lazer,54,338,1,1750,35,31,19
6cd26b425f717a6d9202bc287c9d5e6d,automotivo,56,520,6,100,24,2,17
6cd57d91d76b7cb14085f9655d5e2ebb,pet_shop,58,278,2,300,25,6,20
6cdd53843498f92890544667809f1595,beleza_saude,51,625,1,900,25,12,38
6cf22bb1523c34ad8da500d1084155a5,relogios_presentes,41,756,4,267,17,12,14
6d0a373c460a041c86167a92a5d3383e,moveis_decoracao,60,2043,5,3000,69,11,11
6d43aa08ee344527fc3e86b90cfd2379,brinquedos,54,66,5,1000,20,31,30
6d68112743e7ed2de3932554b033f544,livros_tecnicos,51,449,2,500,90,11,11
6d7a4492be45dfb8e38e762efe6614a4,telefonia,60,776,6,300,17,4,12
6d7e2debf23664bba46cd58c906fdf16,esporte_lazer,57,654,1,2400,21,21,21
6d88fb20983e211be9168534b580c833,pet_shop,52,896,2,600,36,7,25
6dab56beb5263f0d554cae5c55809208,beleza_saude,56,966,5,175,16,10,18
6db41bd5a650ed247a5690c0e78c3969,utilidades_domesticas,50,979,2,700,30,30,30
6ddc8b938d09dc6cdc48aff7252e5f0e,moveis_decoracao,55,1431,3,200,35,2,25
6ddcabeba730cb81a3c9570a595a12da,beleza_saude,53,386,1,700,30,12,16
6e0b3bc6a8bcfcca9005f9d220fe4af8,moveis_decoracao,42,898,1,1900,35,45,35
6e135c0c17d87c489e2f89efe42b948a,pcs,56,2111,1,11900,52,52,26
6e1b14d3cbb5fb3a2c00351007127dfd,cool_stuff,55,985,1,1625,44,24,32
6e263657e75994ff623356f9cff692db,pcs,59,3913,2,12900,52,27,52
6e59a5107a6102148b438cb33d5a2529,malas_acessorios,49,826,1,800,21,50,33
6e649da572cb3e7bd20ef7203d43829c,utilidades_domesticas,59,391,1,2250,45,21,26
6e7068f054aef49b1900247c5c1b752b,automotivo,57,1087,1,100,20,10,20
6e741443e7a0707cb99e552dc844439a,automotivo,56,492,1,2600,28,10,14
6e77b89d36e50217e6793780a8ce5c82,telefonia,60,777,6,300,17,4,12
6e7b435ac3c84fc5348dba974e184322,perfumaria,42,299,1,280,17,14,14
6e9e036c6017814b391e3059fdc9d315,beleza_saude,55,1200,1,350,37,10,17
6eb6618376baf873225738ce4fe760ac,cama_mesa_banho,44,331,1,300,36,6,26
6eb6c5cb7df0f863538b61a47fcce962,perfumaria,55,226,1,500,23,8,15
6ebb63a07bf2ac2ba7a17b0e8a4acc3d,relogios_presentes,60,601,1,500,16,11,11
6ebc84d95d4340324cf0cb525e495eed,perfumaria,44,355,1,120,12,9,10
6ec26b3516fecd18cda3001a9c48a242,beleza_saude,60,918,1,100,22,3,15
6ed0ed10d62b45f3de46933b0b2989a6,bebes,32,1531,1,700,30,40,50
6ed222ae1a69000a035843cc85964446,ferramentas_jardim,44,504,3,250,20,20,20
6ee1607bacba780139e7f7fcd316c1d0,utilidades_domesticas,51,127,3,2100,43,30,11
6ee7217ab647f3c2b4a5161c75cadab3,moveis_decoracao,49,374,1,600,25,2,17
6eea749bfe9c1ab74295bad84d786e06,relogios_presentes,56,273,1,900,18,12,15
6f0169f259bb0ff432bfff7d829b9946,casa_construcao,58,918,6,1050,16,20,16
6f248e27719f6f299e711e02651b6df6,esporte_lazer,49,816,1,713,17,15,15
6f28f90ba66cfbdbe2b962446a0bec69,telefonia,59,1176,6,400,20,8,12
6f33a4a09ae1180a0ee1ff4682b2d21f,brinquedos,49,426,7,700,44,12,22
6f3b5b605d91b7439c5e3f5a8dffeea7,relogios_presentes,35,640,1,335,17,11,16
6f5a84d79bc9f79ecd9095e91fc47a2d,esporte_lazer,59,261,3,1100,40,2,40
6f67fbf87e4b17a1aa8abfe2a0ffc7e4,relogios_presentes,55,660,2,300,20,13,18
6f86fa71a6aa21f45e317590aacd0c3f,utilidades_domesticas,60,466,4,400,24,10,15
6f97a895233612b425fbd7ba837a462b,beleza_saude,48,620,1,550,33,7,11
6fa8b8abbb489a0abba6ad7b79c7ecd9,livros_tecnicos,38,292,1,700,23,2,16
6fd08d44046ab994b96ff38ad6fcfba1,bebes,60,865,1,500,23,23,23
6fd3f7378cd65325e10cb21733778416,utilidades_domesticas,59,1232,1,800,23,18,23
6fd98945d378fd5d76031095b1ba6523,beleza_saude,53,891,5,300,28,8,18
70120d2f9b9193aa0030342072d8adec,telefonia,40,622,2,263,19,10,15
7020952e39b390bfe87c475d4c99b3d7,utilidades_domesticas,42,299,1,3700,40,34,21
7028a44b0270870c714820467bfd941f,automotivo,55,265,2,900,16,16,16
703d742887bb9267f89b675608ba7aa0,cama_mesa_banho,35,509,2,950,35,6,45
70431405f38dc4a0ee25fbfba20dbd16,brinquedos,58,246,1,550,47,20,30
704ef63ad0ac345842ea734060a83db2,cama_mesa_banho,55,249,1,850,38,10,38
706a5e521711344bfd262cb3f2a77a78,bebes,49,223,3,283,37,20,40
707ad2b2f447c0b9d0a7da2f8e7621b3,beleza_saude,36,836,1,450,16,30,11
707bca6b5d739372cad12a1694ca7d0b,relogios_presentes,56,555,1,150,20,5,15
70825a84db489dd1ab3f3cd35bb67604,informatica_acessorios,60,1109,4,200,16,5,11
70869aae4d447a8815db20569604a9e7,beleza_saude,55,1493,1,2225,37,12,20
7094ed51ce16d5ba737ef483df555c6f,telefonia,59,777,6,350,17,4,12
70aa499facb0946dc40ff974166fd522,automotivo,58,1683,8,2700,46,16,25
70b9fad17d9a6e0fc5cb1f056f9c871d,moveis_decoracao,58,564,1,1050,75,25,25
70d01ae15a5d5ee38388b90c0470d9b0,brinquedos,60,789,2,850,35,6,37
70de339311bbfd116a461e25c9fb79ca,moveis_decoracao,53,553,1,1200,35,9,25
70eb8ec63fd4f2a0bf8607712407727c,moveis_decoracao,29,188,1,2050,20,15,20
70f4c097cdc97babddd3f3bd03c43c26,brinquedos,59,65,1,300,25,25,25
71040c7f50609abf6865f4429f8b1035,beleza_saude,56,3900,1,3450,30,30,16
71191d3e8768745afc1c290c63f6241e,telefonia,58,467,2,150,17,8,14
7127d16c840983cf82440bff9277f6ef,telefonia,57,564,1,200,19,4,11
7148a8f67a1564b5a6c5944398357e18,papelaria,60,688,3,800,23,7,16
7151659c0516da0bb3d9f27312efb652,beleza_saude,49,1729,1,2338,25,23,18
71540d636652fc682032d3b3c0a180c1,casa_construcao,54,923,8,1050,16,27,16
715c4b03fc180db258f11f6808749674,beleza_saude,51,652,3,250,16,25,15
716229078d03301a1341876469a09752,informatica_acessorios,53,192,1,100,16,8,11
7176644f1859de00c3d63b38ba606aee,moveis_decoracao,44,729,1,900,35,10,35
719d571299707561c34ba04ab867b32a,beleza_saude,41,1178,1,434,20,16,18
71a5f1c2a5fd9889ef26b5ac22aec9c6,moveis_decoracao,60,500,3,100,16,3,11
71aff090388f23854bb21d91cfe11607,informatica_acessorios,24,308,2,200,19,5,13
71d22271ee986bf5a46a2c199da0265b,cama_mesa_banho,51,875,4,850,35,10,25
71da6d6632902431cdca2b3a8e681b80,beleza_saude,42,713,2,1225,33,13,30
71fa3ded050dac9c89b71383bbe4df76,fashion_calcados,40,303,12,400,29,7,16
71fc2a7d96a222b04e4131cfc006f265,telefonia,33,712,4,262,17,12,14
72076d150be0b5c03bbff0c07cedeec2,perfumaria,44,980,1,600,16,16,22
72172e982e8b92155069e4201c92c0bb,esporte_lazer,60,3847,5,200,28,10,13
72213b0a540435cfdaf469c415de0082,brinquedos,54,158,1,813,35,20,40
722dc14e0848efdb771dca6de2929c41,beleza_saude,32,397,2,250,16,16,11
7273e94a33eb07341d5d86a7b815f901,consoles_games,25,361,1,500,16,2,11
727a46f0b58a9ef165af9f7ebcfebfa9,esporte_lazer,33,1440,3,200,19,19,19
72a5b2df108f3062ec2731ab68e5b5a9,moveis_decoracao,60,2064,4,5700,85,10,40
72a6b7b5ef0cfdf2477f484e2dabfee4,relogios_presentes,56,680,1,500,21,14,14
72b61ed035f5576359ccf0d2ec7bddf2,esporte_lazer,61,990,5,150,26,2,21
72b95452ea4355dd9f749878759c92d0,moveis_decoracao,60,422,1,6200,52,18,35
72ba1b1e37ca92467fe787728625c76a,utilidades_domesticas,44,833,4,4050,22,51,22
72bd0a03987cd55970cb61c661cd90c8,moveis_decoracao,56,1497,3,2450,105,3,70
72d2aa9f75bba9d406d4c7170d226c6d,moveis_decoracao,56,255,3,100,16,3,23
72d3bf1d3a790f8874096fcf860e3eff,brinquedos,57,341,2,583,20,21,20
72d6074ef5c81ec3102b3f2a052c5f49,beleza_saude,50,216,2,50,20,15,15
72f50924c42f32d9a236b7602686a49f,cama_mesa_banho,52,289,1,3450,36,10,35
72f78c618c8f81c2b8f0ffd2a51293b4,esporte_lazer,49,493,5,1800,52,8,21
730937a8c78836ad923291765cbd8b38,cama_mesa_banho,44,446,1,600,30,3,19
731637d822dc03cdbd74407e66c1c443,eletroportateis,52,1028,2,1325,48,21,29
7329db39e452f3fa1b4f8285055a8e36,papelaria,58,115,1,350,20,20,20
732bd381ad09e530fe0a5f457d81becb,cool_stuff,56,1272,4,18350,70,24,44
7340a3839a1de1e99d149b8cf052a2ec,cama_mesa_banho,56,536,1,800,45,15,35
73554174c2dccb01cade8d0ce976b791,perfumaria,53,128,1,438,20,14,19
735b17533036ee19f4c943704271660a,beleza_saude,49,1188,2,1400,42,11,12
735ddb7e24835030772ab80675939cf9,pet_shop,59,1928,1,5250,45,15,30
736b01e650e996639d732e4aa356da84,cama_mesa_banho,52,636,1,300,16,10,16
73a1c27772beb35c2b0caf9a809570f8,automotivo,58,217,2,150,25,15,15
73a41d74cd46a1c78fe0a50d09920f3a,pet_shop,60,770,3,450,35,22,28
73ae8d8ca7df19a982c92fc1265d9e46,cama_mesa_banho,54,236,1,1150,34,7,32
73bcea88583002fe12b7399af4ae60da,relogios_presentes,42,631,2,459,18,13,14
73c0537a6f1d148275c69a114b2d8bf3,automotivo,59,605,1,450,27,10,17
73db26ba1eb13dd2d0e1991a3ac6943b,beleza_saude,56,3308,1,3900,30,13,26
73f1f4a973ffb99bb0157e38ab33f989,construcao_ferramentas_construcao,23,1177,1,1500,21,19,22
73f835584b88d706c12bb3e9298a733c,cama_mesa_banho,53,228,1,1500,37,10,35
7439223069be0c67de28ae02a2a13810,automotivo,60,1392,3,2800,36,3,24
743c14ed5f01c78944d28320cb2cb8e2,livros_interesse_geral,54,429,5,638,16,18,18
7446ea3b3fb292b92d443f6a340bb372,pcs,55,1101,1,12050,27,50,53
74550f9ab6c8739d66b71d3074ff0c1c,beleza_saude,58,1204,4,803,17,15,19
746c36df2702006bac777bbb9bf8a0a5,esporte_lazer,43,1545,1,700,16,15,15
746d236f81b4ae9d259030ace2833590,beleza_saude,52,1336,1,29100,50,50,11
74824accb4f777403366c8e6b4e32d9b,cama_mesa_banho,54,701,1,1000,50,12,12
7486c1fa8968fae4af4c32882f72dbe6,informatica_acessorios,39,160,3,150,16,4,14
74ab21b84ab4ccc188721da75b439526,market_place,54,394,2,30000,37,52,56
751d70675dda2bae203db325227b8a3c,,,,,3150,17,40,17
753b222871a937957fc477b1810c82f5,brinquedos,34,313,1,633,27,24,23
7564c1759c04fc0a38f2aa84f7a370ee,construcao_ferramentas_construcao,59,2432,3,1200,16,11,11
75747bce1abad71ec9edfb9ca6dd509c,livros_tecnicos,42,492,1,450,29,2,17
757e8df3e7c5c52482db573f5f368e1d,consoles_games,52,574,1,400,21,10,13
75b433ca888fe027b18dfac89a284667,eletronicos,37,374,1,1350,33,12,26
75be6b15a70d22b49d21e9c90ae7c2d6,eletronicos,30,360,1,100,25,7,16
75d3880783e696c130527f026ee302d4,esporte_lazer,41,243,1,400,44,13,44
75d6b6963340c6063f7f4cfcccfe6a30,perfumaria,51,999,2,400,18,11,20
75fd4b482095ed05dd23030260e65300,cama_mesa_banho,55,455,2,3250,37,10,40
7600ad0c8b6aec897862eb7944ae0856,papelaria,29,488,3,700,50,10,40
761786c69af6094fe760ef42fbceaa1f,fashion_bolsas_e_acessorios,31,331,5,200,16,12,14
7620a27f1d6747511f1c6f0ddb63c0ef,flores,52,225,1,850,16,11,11
764292b2b0f73f77a0272be03fdd45f3,moveis_decoracao,56,701,5,750,30,30,11
7650dd3b2dc10798a8cbccc78d9e6e3b,bebes,56,799,2,2300,31,34,21
76603a4bccfedb23ac477d3cf1f69ce1,construcao_ferramentas_construcao,19,450,4,900,20,20,20
7668f663b32b0678da61622125b39545,cama_mesa_banho,59,243,3,1100,37,6,27
7686fe49c98ae1c537b5cc51992f5d20,bebes,38,798,1,600,22,18,19
769083fbf5eb9f3f132a633cc9809388,cool_stuff,58,1419,4,8333,59,31,75
76ac1907588ea63f562f0851bd5a4289,papelaria,41,791,4,4000,40,50,20
76acdd98759c649f3b6ecd0dc8576c8e,esporte_lazer,58,402,1,650,16,7,13
76be7b20bf23f866fd105deee7b205c6,utilidades_domesticas,60,130,1,600,25,20,22
76c94f57e12befc7be10fd22e96ab0c6,utilidades_domesticas,58,876,4,450,19,13,17
76ce2d2f67361c55ac7b28fc2f10dc8c,automotivo,54,1340,3,700,16,20,11
7703b8cb5b77fbb36518ea91e2ca734f,relogios_presentes,54,192,5,250,16,2,11
771a6b6fc2cc294592e31f3c675a091a,automotivo,55,840,1,1700,45,20,45
7736ea239e147291f6adb766c992beb1,cama_mesa_banho,46,128,1,250,40,4,30
7741aeb3317b850cda6eec4627821fad,cama_mesa_banho,58,295,1,3100,50,10,30
774bf54401ea79ee6962d25b605716dc,informatica_acessorios,50,3014,6,350,16,16,16
775917a2882dceb1d02aaa6b1abc1b24,moveis_decoracao,58,408,2,8050,52,18,35
775bca2cd0c1c8165c893062195f9429,moveis_decoracao,44,472,2,2400,19,7,16
776ef0ee36e20757c513e64903f1fa8a,beleza_saude,45,494,3,925,25,6,16
7770bdde7d6bfd349bfdeabc4ce54c07,telefonia,54,581,1,150,19,4,11
777d2e438a1b645f3aec9bd57e92672c,cama_mesa_banho,58,689,1,950,45,15,35
77922dd87928c2cf9225946dac2a27a7,moveis_decoracao,60,600,1,650,25,25,25
779559842fc122d55edbd03153f35e81,esporte_lazer,55,1028,3,200,21,13,26
77a42b3538a80ebe0556a6d9f3a40483,cama_mesa_banho,36,539,1,1500,30,15,20
77ae02eaaa26f680c28c257388c2e1f9,automotivo,55,446,5,50,24,2,17
77b00b27cdf648f59626359c392cee1d,automotivo,60,627,6,650,40,5,40
77b1cb0e43513cea3c9f7546cbc78cba,pet_shop,59,803,1,500,20,50,20
77cc62dc80ebe12a0452d1ce0565acdc,esporte_lazer,45,2950,1,1625,29,21,21
77d58496dfa2a355c62351dd1d3982bd,construcao_ferramentas_construcao,46,1081,2,1050,18,10,15
77da35d9e8023abd25ed7a92d9a65288,beleza_saude,53,3071,2,450,29,14,15
77e1d1347bf761294a7158e1b0b536d5,fashion_bolsas_e_acessorios,22,309,2,100,16,9,12
78018501054dd80dc909eee2f22ddbd4,cool_stuff,51,647,1,1400,45,30,20
78108fe8e4d5ccfe8ed10f92f7d73c2a,moveis_decoracao,59,2043,5,2750,69,11,11
78119fbfa709d07b86f5ccf15043c6d6,cool_stuff,43,447,2,586,18,11,13
7814c273ab16783d73a9863ebfa8b141,moveis_decoracao,51,756,1,12250,45,35,45
781afe929e3016a667f5f439afd55fce,esporte_lazer,42,590,1,400,18,18,18
7822d1f226e657d5c98ce5a18bd0ad94,eletronicos,42,433,3,200,23,5,14
7825a7c4f9edb6b219eb94c29e86e7b9,papelaria,59,504,6,800,22,7,15
783caabd539c4079ec08423e30719fba,construcao_ferramentas_iluminacao,56,1512,6,500,35,14,23
78540167bc14d4024b1aae7adfa2f7c9,beleza_saude,46,1290,1,350,19,12,13
786733d317255508bd4d648585977611,papelaria,55,153,2,7050,30,20,17
7868a64aa111bbb4f41f8e1146c0becb,moveis_decoracao,59,438,1,1200,30,5,20
78efe838c04bbc568be034082200ac20,moveis_decoracao,57,272,1,2500,40,10,30
78f29023586e374cdc3773ce0af6bd2c,construcao_ferramentas_construcao,46,1148,1,2100,16,29,36
79161ecc0839d5d58374918d289ee6c7,beleza_saude,36,551,1,125,17,7,12
7932fcce65e2aee84d6feb4a288f9cb9,fashion_underwear_e_moda_praia,60,981,1,200,16,2,11
7935ddc510afb7d08989660b382b7f26,papelaria,59,246,3,7700,60,20,29
79366d6a24de9351b7ca6e3cf75a68ec,eletroportateis,44,2558,1,1100,34,11,25
793ee3bd01e3ecec7ab94aed9aeee415,informatica_acessorios,40,1076,1,950,36,15,16
797897e182469fff3c330560d2fc851f,beleza_saude,54,1719,3,5300,22,46,32
7988cff50cb75e08e6b68640b19e55aa,relogios_presentes,42,176,1,576,20,13,17
79b1bbaa733d92414726da0dc53e221c,beleza_saude,58,2167,3,850,27,4,11
79c0ace2ccf0da036e787875a49151a4,moveis_cozinha_area_de_servico_jantar_e_jardim,55,1211,5,14150,100,15,15
79c716797a31592b8dbe45b2a93a835f,papelaria,39,198,1,200,16,3,12
79d7da51bcd8d7722a6db7b3c285e218,alimentos_bebidas,59,1562,1,500,20,20,20
79d93bd70ef865017b4360427aad383e,fashion_bolsas_e_acessorios,40,212,1,200,24,9,16
7a054d17dc450583ed639068a9298afd,construcao_ferramentas_iluminacao,58,341,1,5250,50,50,50
7a0686c0403abe1a703aaaa9ecde289b,automotivo,50,701,1,100,32,2,24
7a10781637204d8d10485c71a6108a2e,relogios_presentes,42,236,1,342,18,13,15
7a1fcafd251c9e1014d0e9a88a5fcc46,cama_mesa_banho,56,2507,2,1800,43,8,33
7a49adf051c1e6fc5b639a98d17756f0,eletronicos,46,233,1,175,21,15,20
7a585ae6a8f9d910486651811c79f6b8,automotivo,59,395,1,900,40,40,40
7a5d0e89d069c89b2112e9da539343c2,utilidades_domesticas,60,1018,2,2250,22,22,22
7a764d2ad0306a21f83f06ae99b397b7,casa_conforto,60,249,3,7150,50,20,40
7a8dac4aaa16bc642e4df33adcf03303,cool_stuff,38,1701,2,11750,18,40,79
7a9cf133da2a6494259ffeeab11b6276,telefonia,54,599,1,150,19,4,11
7aa1ab866537ff58ef91e90e3df92134,informatica_acessorios,54,3382,6,825,18,26,22
7aa6e062307255430c735f98b847578e,utilidades_domesticas,44,743,1,100,16,2,11
7abbaef823e4f46c3658df45933a06ae,utilidades_domesticas,55,591,2,1600,30,30,30
7ac0d3f8ac5b60c13d74b02b8cbb4623,pet_shop,40,1110,6,1050,20,17,25
7ac92e616265ecb6de1477bd80277509,automotivo,39,212,2,1000,19,19,14
7adaa0b5d993f7bb16b13d385d131929,automotivo,41,173,1,4100,70,20,20
7adb171e34892acd7b24bcd0c841e221,perfumaria,60,640,1,475,23,9,15
7ae50b74ad986c344d970b0d8337d9de,automotivo,48,1159,1,440,19,9,13
7ae5c4294636a8ccd3d8574daa6d7d21,moveis_escritorio,40,2268,1,12700,58,20,58
7ae8d9b8eca8a6daf066e53ddc7034d3,eletronicos,43,430,1,150,23,8,12
7b024909c999cdbddc27bcd2a1eaf889,bebes,59,556,3,9800,65,60,15
7b0319f86ca302954787a58d2b3831da,perfumaria,56,1140,2,200,16,16,11
7b1f55eb9b85b0aa6b1d4c16108eac61,cama_mesa_banho,59,272,1,1850,46,12,43
7b35be468d9795a7529f65c50ec87668,relogios_presentes,35,765,3,4381,18,14,14
7b35ccd93a2184646c03b70326626923,esporte_lazer,30,2162,1,1563,20,16,17
7b44e5ea770ef06810f5df89006cc8b2,eletronicos,57,989,4,4100,20,15,13
7b5d8be0e04080e4c8ee6a7ec2f1f597,moveis_decoracao,50,830,1,650,20,35,20
7b81c277c7e38dd3e617c88530402dab,papelaria,46,259,1,350,25,10,20
7b82c09aeb69b05e0a578a2ea97ed4a9,esporte_lazer,45,509,2,500,19,12,13
7b83c11ac78f11bde67542beb12e8163,beleza_saude,56,670,1,350,29,20,24
7b85e3deef35afd6ebed5461ee8f0641,informatica_acessorios,56,617,1,1583,18,15,12
7b951373f6045db69ff7a2e4d8c40071,relogios_presentes,46,232,1,184,18,10,13
7b975b7dc4f3286d95d68fd499f20cae,relogios_presentes,60,1332,2,600,16,12,11
7b9b39b222adc797a65032aea85e3395,fashion_roupa_masculina,54,275,2,900,40,6,35
7bb755757b4b21a1abc9cc6e9991a8ad,bebes,60,275,1,320,36,7,23
7bcf2266b78ccc737b8f26f925d3c5d4,perfumaria,37,1209,3,135,17,4,12
7bd043584ab4b147b9b19d9e97b299a9,moveis_decoracao,53,1750,3,2800,105,3,70
7bd36ed8202ac87cd47e1f0128f137a3,informatica_acessorios,53,180,2,100,16,8,11
7bdb0c9137fdc67e666061dc0ee2838c,utilidades_domesticas,27,868,3,500,17,9,17
7c0a2a31bc479e366fe9fee1f5bc62b3,beleza_saude,56,1388,1,2200,25,27,9
7c1bd920dbdf22470b68bde975dd3ccf,beleza_saude,59,492,2,200,22,10,18
7c24503a64637f3ab756ed1b44826747,brinquedos,44,302,2,247,18,12,14
7c467bb2783193fce00e68a53bf05fbd,moveis_quarto,52,344,3,10750,93,63,11
7c55ea4aea1acf1ce11440010f5aa298,utilidades_domesticas,60,1800,7,9900,60,50,20
7c898e0b8ea203dd94ba846627fc34d1,moveis_escritorio,33,1207,1,12650,54,54,18
7c9a2f11f8700d221c0482c045f7c98a,moveis_decoracao,49,1373,2,1500,20,65,20
7cb2ff3193293db892fd5697aa99a19b,moveis_decoracao,56,297,2,950,100,5,20
7cb52b1fc31186f200f2ad70fef8d3e4,,,,,200,16,2,20
7cb5b984262835ef46a1ed83d04d0d44,bebidas,51,824,2,850,16,13,15
7cc67695a7648efc5e7a755603402b49,relogios_presentes,58,442,3,500,16,17,13
7cd29da0653abeb444703cc5a957f479,beleza_saude,23,565,1,1029,20,15,17
7ce94ab189134e2d3c05f496d635419c,eletronicos,39,400,1,200,25,7,16
7d018f8e4f93213ba7ad276e25fe20b1,relogios_presentes,56,361,2,350,40,10,25
7d1a667dbc183583078324f912d42c6b,esporte_lazer,43,2420,1,150,16,6,11
7d23cee1130604fd310cd483d918540f,relogios_presentes,17,345,1,550,37,8,38
7d50930301709838d8e90dcac5cfaa84,esporte_lazer,59,254,1,1650,40,45,25
7d603b9650fad957621945c193cc2df3,utilidades_domesticas,45,1232,2,917,29,16,16
7d681d24b9bad757fb34b0d464c350e4,beleza_saude,59,1271,1,240,18,14,16
7d854ab97c64ef9df2bbfaf332765786,cool_stuff,44,598,4,4100,89,4,42
7daeca72c6dc366e43753e5f9a9b1438,relogios_presentes,45,160,1,225,17,13,13
7dd3fec3502f7ef333da2a73e00db394,perfumaria,54,391,3,479,21,15,17
7dfaf5d5673b7663f59e93262a2e393b,telefonia,51,394,7,150,19,3,11
7e07898c0f30ec34cc5d255bcc4b3747,cama_mesa_banho,50,325,2,1500,37,23,35
7e0dc102074f8285580c9777f79c90cf,ferramentas_jardim,60,1251,2,800,30,10,30
7e5fd19172dd777a98503a8fbb66fa04,malas_acessorios,46,1470,2,900,25,50,30
7e5fe07db814cff1e50a7561a10e37ef,cama_mesa_banho,54,672,2,250,16,10,16
7e637e48c425541269e7a45882397f9d,eletrodomesticos,56,525,2,100,16,16,11
7e6bbdc9a339f86e15eb6091c994a1a1,moveis_decoracao,59,438,1,1200,30,5,20
7e6ca847e12c659931b47b31e99361c6,brinquedos,37,400,1,550,30,10,20
7ea0b63dc9b8264702f2d2c1533fb4ae,telefonia,58,1723,1,100,17,10,17
7eaf66aca1ed54df09b3c864b7416110,construcao_ferramentas_jardim,55,2039,6,190,21,7,15
7efbc2ce01bc5ac5d5390c330f90376e,moveis_decoracao,59,478,1,7550,52,18,35
7efd7d1a1a985eae9fecdb134fd657d3,cama_mesa_banho,55,2373,6,2750,30,20,26
7f064525eaaa1ce9d22c085f7ff5413a,relogios_presentes,50,578,3,250,16,2,20
7f457254a89d62960399e075711b3deb,automotivo,60,558,6,300,17,4,12
7f47a83b83456eab8ebe7dc273b2107e,ferramentas_jardim,50,464,2,1600,16,26,40
7f4e034245e45549110139d1de248f83,bebes,55,1629,1,600,20,13,13
7f601afbca26d221fc2d957b6e211e72,beleza_saude,45,214,1,600,20,30,20
7f72a8900b3d2fc8fa2635b7836d6e6e,brinquedos,38,571,1,147,14,10,12
7f999994d36cd33919418f07aecb7e93,beleza_saude,41,1096,1,150,19,8,13
7f9fb61955b696d843259a8cbdb2261d,informatica_acessorios,54,366,2,725,18,5,11
7fa380056f1fbd883cc80a75e60f207b,moveis_escritorio,42,1188,1,10125,57,55,22
7fb04722aba7a2b632bac8f9819796f3,beleza_saude,48,594,1,1850,24,36,23
7fb7c9580222a2af9eb7a95a6ce85fc5,utilidades_domesticas,59,811,1,825,52,18,74
7fda46e6f8996ebe3acf684cca0124c2,cama_mesa_banho,49,513,1,4825,51,16,36
7fe14f1d9c5f003f196c92337d12810e,moveis_decoracao,39,534,1,650,65,2,13
7fe3f176f02fbc85e3f9d24e0f34e860,utilidades_domesticas,59,427,5,400,27,8,12
802d4aa654f6b24ca4d5bd2c61c0b079,eletronicos,57,911,3,1350,33,25,30
8058b0067728a211c68874081e7352d4,esporte_lazer,56,1720,1,1000,20,20,14
805bf2490cf3dfc00aa1ce921ffde7ef,informatica_acessorios,50,3612,3,13000,66,44,27
8060b4a1aeecf25a9ada1fc0f6e142dc,moveis_decoracao,41,94,5,200,16,5,20
80665d04b7d8216835a0ad52625c7039,papelaria,59,227,3,900,38,30,28
80736543f7c5c511bccb61d1544d9d0b,cama_mesa_banho,60,310,1,4600,36,10,20
809ed6a364a44fcde2a4d20532e6ac70,telefonia,40,1382,2,200,19,3,11
809f2a482cb6abfaa2cc24167538f57c,beleza_saude,28,936,1,300,16,17,11
80a286e053c52c87a4900fba51ee5b05,moveis_decoracao,53,1429,10,650,35,2,25
80cbd9107719ba49c3a02fbd942b4717,consoles_games,55,1476,5,175,20,3,17
80d94e8b1c573406cd537684045cc87a,utilidades_domesticas,48,1649,3,320,15,11,15
80df62ce491a20d390c9f69402310f0a,informatica_acessorios,35,1101,1,300,42,2,30
80fb011fd54fa5e1911a2f80c0fc878d,brinquedos,45,1347,1,400,20,20,20
80fcb8062aff23a658c4b047a08bec66,beleza_saude,46,919,1,200,16,11,11
811f973313e8219988a69cc140c447f0,cama_mesa_banho,50,465,1,13350,20,20,20
81288df52439985f610be64465e53f57,esporte_lazer,53,3189,7,3775,35,30,30
812f428f6757ab16c46cffc68f2e90c5,moveis_decoracao,53,1991,2,600,60,7,14
813329d52f377306fa1614ca9a962cd5,telefonia,53,428,1,225,18,3,12
813a30050677eb6996e12eea9ad400bf,beleza_saude,59,1726,5,12000,65,30,40
815ab08327dd05cc75b2b67311f83239,brinquedos,45,698,3,450,20,12,17
8163c8c2e8dc7cc8c93d1b30a2e7428b,ferramentas_jardim,58,2083,5,2375,33,18,22
8171a6838a6c6eec7d768990eb7ecd42,cama_mesa_banho,42,170,1,300,31,6,26
817e1c2d22418c36386406ccacfa53e8,moveis_decoracao,37,267,1,2750,50,50,16
81b6c7c058add831803fcbba6dcc1df2,cama_mesa_banho,60,235,1,1400,34,7,32
81c6b0f031d89938fce1df449b3b464b,moveis_decoracao,53,470,3,100,16,3,23
81cb8d21c3255d5c2143be50785cc2ad,moveis_decoracao,55,1960,2,3000,69,11,11
81de659bfde3389fc8614bfba92e585a,moveis_decoracao,52,757,1,11450,45,35,45
81e171883f20e3585db28d4ee81bd75c,eletronicos,47,959,1,550,17,17,17
81e686e36e79f0d2612346cefe1379cd,esporte_lazer,37,2007,4,550,16,5,12
81e864337e4e8fc1d981a01e27a86be1,moveis_decoracao,45,489,2,600,30,20,20
81efaa22f3868f00c8ef1879cccc3c03,informatica_acessorios,44,586,1,550,16,14,17
81f869ddb8b8e77514002be908adbacc,automotivo,56,752,2,825,60,8,33
8215db96a612d69839c27866feabf350,beleza_saude,59,555,1,1075,17,13,15
8222184819ebec6f4191df347b4166a9,automotivo,57,701,1,50,32,2,24
826f5b971a308b08c7596b03ae80246f,esporte_lazer,49,891,1,250,16,16,16
827c4a77226a3e7ef259d61eaa775df9,moveis_decoracao,54,439,2,1300,30,25,25
828c579b949972bdea5cf2203faf4563,casa_conforto,34,479,1,800,20,20,20
829002c1d5f40820ebbc6ecd4bcdf3ab,casa_construcao,59,664,1,5150,30,35,30
829e27d905ccac1f24f6dd5c5898de89,utilidades_domesticas,48,659,2,3000,45,13,25
82b73150f90f4fef92913e35b9984bb7,utilidades_domesticas,40,545,3,2200,48,25,25
82c3ea364e5480f335f6743ee725a921,informatica_acessorios,58,419,2,275,16,5,20
82c51c3938503a4ddc096fbed86428d6,construcao_ferramentas_seguranca,58,3530,4,300,16,11,11
82d93a866d059bc63b08da7f955a13f7,relogios_presentes,42,985,1,450,20,12,20
82e4ad16521ca131d95e198d507db370,eletronicos,56,343,1,150,19,12,16
82e58c3610465c0741a584561e7199f3,esporte_lazer,43,544,3,450,22,15,15
830102bc96abe72181372676df005601,cama_mesa_banho,54,411,1,2250,42,16,36
8301e489165ea0f91dd987fafebbe58c,fashion_bolsas_e_acessorios,51,220,2,150,24,4,34
830345ab5d2e365c7c6b91459119ea2d,beleza_saude,50,3352,5,1400,22,29,13
8317b177579dd27ff068b83205e2169b,cool_stuff,43,465,1,400,18,12,14
832b74a0faa3b602a48e0f20990adaf7,beleza_saude,60,919,1,200,22,3,15
835956a0722151405b61a58661a6e5e1,cama_mesa_banho,52,275,1,700,27,10,12
835d8502d265ddeb4bdd39591d55fa2b,beleza_saude,50,3902,7,500,26,19,33
8366b2d52a690d2d4665824069db5d9e,papelaria,50,219,10,450,30,42,20
8370300e444c4394d3c3f878606a9601,relogios_presentes,45,344,2,250,16,9,12
8378dd5a08699f8c95ea6f6c147d4e83,beleza_saude,26,515,3,400,18,8,18
839d890a7312912b071c1d864b8faf0a,automotivo,54,589,4,150,16,5,11
83ad269665a5be4f1e69a2f13ab39553,pet_shop,34,791,2,900,31,19,22
83b00325c13c44245b2c3a2befa62a0e,bebes,56,621,1,10700,40,40,40
83b23a333b811855258c5ec9431f6d3e,beleza_saude,51,247,2,200,25,10,20
83b92639fffd1d55c9e04c77c86d8d2c,informatica_acessorios,56,901,1,280,20,15,14
83ca77d87b187321faaee535adbce26c,climatizacao,47,781,5,5300,26,26,56
83caf799100f6f9418e0eb2950b757af,utilidades_domesticas,55,2334,8,200,40,2,30
83d199d296c44101c8c3b5c9c0cce9ea,brinquedos,26,855,2,500,18,6,21
83e5adb51c0d54eff80057f064f808d2,consoles_games,58,1107,2,817,22,22,25
83ecdffd5afc36321b868838c447c44e,fashion_bolsas_e_acessorios,42,168,1,150,17,7,12
83ee94d59dffaab56d55b5766c6d1211,automotivo,37,498,1,400,20,10,15
83fb98f2457985e6333f2e307adc5864,,,,,1800,21,13,40
83fe1ea6fd12c51fcd341a9968e65cc3,brinquedos,40,403,1,1200,47,7,26
842f7a72bf72f369c31ba9ff37fb1552,esporte_lazer,57,1600,1,1300,31,33,32
8435e69e8ca35cc17d3471e240ea0d44,bebes,49,1694,1,3400,79,11,55
8458f51c49c1af4c4b388dab8810215f,esporte_lazer,54,1214,3,1050,43,19,13
845f006b4e362c371735a9a64f6a52b8,construcao_ferramentas_construcao,60,183,6,11400,44,38,44
8473872cbf0ba205b447e8651bd6e03e,esporte_lazer,60,1142,2,250,16,4,11
8498a9b0c20fa9075241141de7f756fb,esporte_lazer,44,235,2,2100,60,15,15
84a87daa85c8b432d90bc1baa0cb4388,bebes,37,1266,3,700,21,10,15
84b07ca699022a5dde105eddb4aac42c,beleza_saude,35,1830,1,3400,21,25,20
84b5585dfc98bbd06e91c408c91bf226,automotivo,63,1268,1,350,16,27,11
84b6ea77a72c80fa8f23287a4e6c1dc8,fashion_calcados,54,404,4,900,22,12,33
84d2057bc1f88332d0892eea0e997d28,telefonia,60,734,4,300,17,4,12
84ecc25f4c77dacc5c0ceb89e09492e9,informatica_acessorios,50,220,1,5350,21,18,18
84f456958365164420cfc80fbe4c7fab,cama_mesa_banho,55,312,1,1550,44,14,34
84f5c4f480ad6c9998d6a6860f1a2e41,alimentos_bebidas,56,963,1,1100,16,15,15
8516ee98a593fbd30f6ab57f3d3477bd,moveis_escritorio,38,506,2,20050,101,10,62
851e00fe0c1176f5bfc7ddddb3c8021f,papelaria,40,127,2,600,32,10,20
8527a4190bad5e8443739b3cdb19920b,informatica_acessorios,54,1018,3,650,17,15,11
852b4b6ded0425a736da9dd818e872b6,fashion_bolsas_e_acessorios,27,171,4,250,26,12,22
85337022853da10b8f5fd7d1ef180421,consoles_games,37,238,1,200,25,5,15
854dea7019a248cec54711ded4744e30,relogios_presentes,54,506,2,375,16,8,11
85567ceb8a1521a09cdab785ab726b03,brinquedos,45,467,2,650,40,20,20
8562e2c780a345b609e1b802d7e3e4ae,cama_mesa_banho,51,1208,1,1100,45,8,35
856b55eef75569bf5ec655e857bf84f7,beleza_saude,57,1186,5,550,29,7,22
8580e348f827bc4699d12de9afc2305f,market_place,44,1121,4,300,20,22,20
85d619318aa201aca57171aabeed0048,esporte_lazer,34,343,1,150,21,4,19
85df978207ed4024ea16570dbb64fd6e,cool_stuff,33,385,2,100,20,6,15
85eed6b3f52d601d2a288e2668b888df,automotivo,51,719,6,4950,53,43,11
85fcf0af8941e2a6d93bb2df970c1650,esporte_lazer,54,3708,1,4200,31,33,32
85fe203e9890d4e0f8075977b90241ed,moveis_decoracao,63,395,1,450,45,15,35
86032b927304e96f4d4a9aa72104d70f,bebes,49,524,1,250,40,40,30
86133a2151bd98a3ed2ad758709e6d1b,cool_stuff,59,1634,6,1750,20,8,14
86573a992f10e1ad49a669fd151b7abf,moveis_decoracao,53,184,2,13050,40,48,40
866294ab885455ed4543a8be0ddb0b99,cama_mesa_banho,56,704,1,600,30,10,25
867860cb9f8724722b424497dfe1d491,cama_mesa_banho,48,805,1,1100,20,16,20
867dda95bbba37fe56fa288449fa122f,cama_mesa_banho,43,184,1,600,40,4,30
8681797ff43c49b49ee1690deee3f95f,pet_shop,52,717,2,400,20,35,20
8681c71d24e694aaa4c582760736dd00,fashion_bolsas_e_acessorios,53,568,6,700,16,9,11
868b3136c5b206f91b8208fbfdf2cb7c,cama_mesa_banho,57,364,2,800,45,10,34
86a7362af6fc1b61f0e613146b8c4cca,beleza_saude,36,371,3,200,20,5,20
86ace59cc2c5fc5aba374641f4090e54,utilidades_domesticas,59,280,1,500,18,16,16
86da2c247cca57fe5928cc175e2a65e3,bebes,57,273,1,8500,30,64,20
87283a98b24f9f1ac3a31b631073cf47,fashion_bolsas_e_acessorios,50,411,5,150,16,5,20
87290188bdd2822babc1331bb6bca5e2,utilidades_domesticas,42,42,4,1900,24,21,15
87aff1d9a5e94db6840c5b963a5cef90,esporte_lazer,59,1732,5,1500,40,20,20
87cb507e0daa37bbf34956fd59eba832,relogios_presentes,55,167,2,250,16,2,11
87cc2aef12eddf0b170234138b0946e0,informatica_acessorios,58,2455,2,350,28,6,20
87ceed33e1f7fe39fa06b69c9fdf9e53,informatica_acessorios,43,608,2,50,23,12,19
87d780fa7d2cf3710aa02dc4ca8db985,cama_mesa_banho,57,189,1,1350,46,2,36
87feb07adc221a4c6cdf051ea1afd0ff,eletrodomesticos_2,44,402,1,15833,45,45,25
8805dd9f1994bee68f2e1351c5e64f26,relogios_presentes,41,1680,1,500,20,14,18
880be32f4db1d9f6e2bec38fb6ac23ab,brinquedos,45,589,4,200,16,7,11
8812d73b9937b5bd3648ff9d11f9c3fb,cama_mesa_banho,58,679,1,1325,19,17,23
8817f0cda3d5b42e5f949ee3be9dc80c,perfumaria,54,954,1,50,16,5,11
882ae61d3259507f5c3ce5313f433651,,,,,200,16,2,11
88646c24f1972c70b1da7ab8ff378d8f,cama_mesa_banho,53,279,1,850,40,20,20
88774687a8883c2c512e37de090bc725,cool_stuff,55,745,3,7900,44,21,38
8895ac34adda705a5d93c05aa5141205,informatica_acessorios,57,464,1,250,30,6,22
88a2af245a615347730a6dcbee581040,moveis_decoracao,59,2130,2,3000,69,11,11
88bcd4cc43e257bf69ac62b2540f1c14,relogios_presentes,55,384,1,450,25,10,25
88c09dd121ebe0b119a759773d405cc4,,,,,300,22,9,16
88c676304d4d4f0eaafc6ca88308f83b,instrumentos_musicais,60,538,1,3300,20,20,20
88d524b8b5576da63abf7b16bef48a39,informatica_acessorios,29,692,1,300,16,2,11
88d6c305d09a6fdc1c34cb51942a280c,,,,,100,16,2,11
88dd63919fc9ab693803578a04a20209,informatica_acessorios,58,395,1,217,16,14,14
88de5a4c9a8190df7f9b4a5b4f3f68cd,pet_shop,44,430,2,200,16,7,11
88edbcd7253153fe0b9b64c8e643ec00,pet_shop,60,505,5,300,27,9,27
88fb259945a739dec6cdd001e2cbad55,relogios_presentes,58,2025,3,850,35,17,17
88ffcf27478318ba55b1f9d22d65ce97,construcao_ferramentas_seguranca,53,246,1,600,25,31,25
890b077b34b5d22c8c56d60536ab9e75,esporte_lazer,51,2648,1,175,18,16,16
8919fe2519b9ec1fb828896ac4f52959,perfumaria,21,50,1,400,16,16,11
89321f94e35fc6d7903d36f74e351d40,alimentos,59,982,1,150,17,13,13
89411fc3098e56bb679697117c2055af,moveis_decoracao,42,1002,1,1300,17,27,17
89427567da9c9b075c9dca131535104d,brinquedos,45,111,3,550,50,10,25
8973ef2da217ed7a8e15dc3c7c5c96aa,ferramentas_jardim,44,415,2,5650,30,25,45
8974fd022d2eca68246a2f754bd7de23,telefonia,26,345,1,200,27,5,20
8983a3b149303c013fceabef902e835a,informatica_acessorios,39,1193,3,450,16,3,15
89b121bee266dcd25688a1ba72eefb61,informatica_acessorios,54,1169,1,150,16,16,16
89e30d3452ed2e7f8d86803da7954f05,relogios_presentes,51,449,2,300,16,11,11
89e4362d74afa10ac57f8d67210132a6,fashion_bolsas_e_acessorios,30,219,1,1870,27,20,29
89f055104adb9365d7f7b5c475f77742,beleza_saude,38,395,1,114,19,16,17
89f59eee27a6a49b9f0d887136c71cd4,beleza_saude,41,1931,1,700,21,11,15
8a07df3b4a96005496043e667f667beb,fashion_bolsas_e_acessorios,54,480,4,100,18,12,15
8a1e1c6e48f0d275628e3c626d57257f,beleza_saude,34,480,2,400,30,6,12
8a2c3b7ed6d098de813279ade9a1d0de,cama_mesa_banho,50,453,1,15300,40,25,37
8a2fde854a6f41aae89ce99303a847e8,esporte_lazer,25,3679,2,150,20,10,15
8a3254bee785a526d548a81a9bc3c9be,construcao_ferramentas_construcao,25,1041,5,200,16,4,11
8a330ba3cd34d650c45bce0fc21771ac,cool_stuff,44,1611,2,2400,32,25,39
8a443635fdf9759915c9be5be2e3b862,cama_mesa_banho,58,189,1,1400,46,2,36
8a5bdb0edeb5e2664a2f147198a52b9b,ferramentas_jardim,59,330,1,600,20,10,20
8aa6223e400af9c97b07c75993142721,bebes,54,830,4,5000,40,10,40
8ab83b53b9a953395f4f21f0b1a845ef,beleza_saude,38,702,1,150,16,16,11
8ac47b3ab13c68f49f10dde899674149,dvds_blu_ray,46,957,4,2150,30,5,20
8acbb05460d726307368e3fd43470285,casa_construcao,60,907,4,9950,52,22,52
8ae1198dd85742fe30b74a96968f250e,cama_mesa_banho,59,418,1,1700,40,6,30
8b41f2becf919f6177cca1ff15dfd311,livros_tecnicos,41,1362,1,1550,29,5,21
8b50a72d52d7a91fb19d19fbe069e2f2,utilidades_domesticas,54,1754,1,250,20,8,13
8b51c6ccc9c0548c951214e1cd1547ff,cama_mesa_banho,58,678,1,1000,28,14,16
8b5227e28272123eefd613a10ffd7704,relogios_presentes,51,404,3,820,18,12,16
8b52d90d2e8716dad633486c6cc94ecf,telefonia,48,504,3,408,14,16,15
8b6f0c846cb5adca6c2fcd927038ac72,perfumaria,59,563,1,100,16,5,12
8b92139f9270553dc3fefeac3ef69034,pet_shop,38,736,12,4200,49,29,34
8bab563be2e3316280e3990af91da7b7,eletronicos,49,190,1,133,18,11,14
8babfe496d325893ecf4a9ddefb1b31c,cama_mesa_banho,50,568,2,214,22,3,20
8bbaacd2cacfabe138774ccbebe689f9,esporte_lazer,33,522,3,900,27,12,49
8bf5b1e066d9fb2a639f8f69d55a370d,automotivo,55,1440,1,575,20,10,15
8c10db7e2bc84a4697eaed54db164c7d,perfumaria,37,431,1,200,20,10,15
8c292ca193d326152e335d77176746f0,beleza_saude,60,2894,1,200,17,11,15
8c464efd8ef90612cb673a5ce7046e8c,papelaria,59,175,2,400,20,20,20
8c5876b1c7768217964f353bc7e64393,telefonia,61,440,1,250,18,3,28
8c591ab0ca519558779df02023177f44,ferramentas_jardim,47,1893,1,6050,20,20,20
8c66104d520634a3b6e20c1f326767de,esporte_lazer,33,1132,8,9350,105,15,28
8c71c9f045a49434865c087cff7bfe02,moveis_sala,34,329,1,4325,55,17,54
8c75343253053a2400e289f5192cd5c1,informatica_acessorios,53,857,4,993,27,5,27
8c7fe240bfde64b6a20eec6fdb986b1b,cama_mesa_banho,25,209,1,950,30,4,40
8c92109888e8cdf9d66dc7e463025574,brinquedos,36,1156,1,600,17,10,12
8cc4fe56312075f8c29550fcd66b0fa9,moveis_decoracao,44,1460,6,350,35,2,25
8cc8c4d7141c82262576156f95ff3907,brinquedos,11,1349,2,750,20,58,21
8ccda06566781fb3616d798bfe2fa783,beleza_saude,52,1009,1,433,17,17,15
8cce4274f3868305ba6a25454b9cb2fd,perfumaria,34,314,2,450,20,12,14
8cdb9ebdf8dcdd09f8495eec1851b0ae,utilidades_domesticas,43,993,1,860,17,24,17
8ce0b48cdcc4b753ae4de64497998338,telefonia,52,1371,2,600,18,6,15
8ced2631a18d2e0814557875b3bb907b,cama_mesa_banho,37,167,2,450,25,9,19
8cee1d824765335c48ccc515c2ecf4b8,cama_mesa_banho,54,385,2,900,30,9,20
8cefe1c6f2304e7e6825150218ffc58c,telefonia,59,818,6,300,17,4,12
8cfc3506cedc0626364457d254429118,fashion_roupa_infanto_juvenil,47,327,3,300,30,20,20
8d027132a8818b4d661e9d83778f8bd0,automotivo,53,246,1,250,16,16,12
8d12ee985749e3ea570ed7f5c875479a,eletrodomesticos,50,872,2,150,20,13,12
8d139b1550c8cc91a3babc9cfe9fc147,telefonia,53,1017,5,500,16,6,11
8d165e4e114bdd886972a3061c44ebba,esporte_lazer,59,608,4,650,30,16,16
8d2acb5eb701be18bccec69a070fd23d,informatica_acessorios,57,811,1,1100,23,13,26
8d2b53933a7aae1c8bfc6391385dc069,utilidades_domesticas,58,170,1,150,16,10,16
8d39a63db6a98e40571f486e0c711cf7,,,,,450,16,7,11
8d48ed27eb7397426bd25ee9cb6688ad,cama_mesa_banho,56,145,1,767,31,9,26
8d578db76b524efa43a961df4ac2d7d9,automotivo,60,1394,3,2275,33,7,26
8d7d29e5fb9ff5333009326c87fc04e9,moveis_escritorio,56,1070,1,7433,57,68,31
8d944f9367ba7f153e0ab5b6dc7d063b,cama_mesa_banho,59,237,1,1500,37,10,37
8d9468efb665050bd137607b0c8ce680,utilidades_domesticas,41,648,1,963,33,44,33
8d99a7ed81f061ceed740d8900be880a,cama_mesa_banho,55,396,1,3775,35,13,25
8dacc114d37ff4b78075db0d2464022e,malas_acessorios,39,278,1,700,19,48,35
8db4ee0e7e76083bd7d2d8ba3085b3a2,relogios_presentes,58,568,1,100,20,7,15
8de065ea288024906fe52d09d8021df4,cama_mesa_banho,45,1504,2,150,20,2,16
8dfb03487cbe37c4d46e3e372a7df1b7,cama_mesa_banho,38,2119,2,18050,85,23,55
8e14e42d480e0c520d2f8ee0e7d3249d,cama_mesa_banho,55,499,1,700,16,40,30
8e2e2894b4362d92a3682124ca8124e2,moveis_decoracao,43,203,2,383,24,22,21
8e312c483d79e02dbc1d68cce77e26c8,cama_mesa_banho,50,451,1,500,25,5,15
8e4650bd2f4ffa24c882da51ba7b1a47,moveis_decoracao,57,517,2,2950,35,30,35
8e5e831d742acedb1758e90e18974231,automotivo,55,520,1,550,20,15,15
8e7a3ee016b12c87b5e3e7e717620758,industria_comercio_e_negocios,56,2083,4,850,40,30,30
8e8be416148735cd89189a866eaa5925,automotivo,58,719,6,3550,53,43,11
8e93bf2cbba0420f166afa0c797525b0,moveis_decoracao,39,94,5,450,16,5,20
8e9ecca4227272deda7212e69c0d7429,moveis_decoracao,58,1068,1,680,33,4,33
8eaa9bab89d7c3af6b8d4c7156573e79,ferramentas_jardim,56,2645,1,500,21,21,21
8eae309a711208a0e5e41e110cddb1ee,bebidas,40,345,1,2200,16,32,11
8ed094bfe076c568f6bb10feada3f75d,moveis_escritorio,43,1128,1,16133,63,59,25
8eed5d27f5b8c6248731efb4782f6141,automotivo,41,1510,1,2800,16,2,11
8f4e5f5e6323576768b835363a3fb0f1,fashion_roupa_masculina,29,50,1,300,30,40,11
8f8cb7e4a7f16d339f87f8aa2711a003,brinquedos,36,529,2,650,28,13,15
8fc31e1c7f966b5262cfcc89e159d9a7,papelaria,34,740,2,250,20,10,15
8fd57e95e8bf639d562620356071bc23,relogios_presentes,43,585,1,381,17,12,13
8fe3fb275f0151a5bc2e1580d05e0f8f,automotivo,50,993,2,2017,46,8,33
8feb43a054893da80044ad0f693fd0ad,eletronicos,37,368,2,150,22,8,17
90016d83b9e19d66e40e2c65ae5b31e2,eletrodomesticos,57,529,1,250,27,12,17
900d210e9ea6ee40dd0290df76bde9fc,eletrodomesticos,47,2262,1,425,27,12,12
9019140ff0a590950d16c4e5ae5427f6,utilidades_domesticas,60,158,1,475,20,20,20
9041a4cde4a900bc259d3b1b6847f6b1,moveis_decoracao,53,626,1,8500,35,45,45
905434463b9e660873f4c2833b75ae07,pet_shop,55,800,1,11450,42,65,55
905b384ac5667170689505bbf30f1d07,cama_mesa_banho,53,504,1,1600,45,15,30
907215e5a3f79b3afa2d846c6209760e,utilidades_domesticas,60,950,4,1205,35,9,35
907539b8216ca1250e5e974b4047699d,relogios_presentes,60,862,6,500,16,2,11
908c23dd2b637d8ff1a4e593a5b249ee,informatica_acessorios,32,711,1,150,16,14,12
908dd61b840a480fa931ef04389c6266,casa_conforto,52,275,2,1500,45,15,35
9091499533100191c6b89d09e43445e8,beleza_saude,51,191,4,50,19,11,23
90aa2ab699cd0e459be93124aa91c82f,cama_mesa_banho,56,2507,2,2300,43,8,33
90b58782fdd04cb829667fcc41fb65f5,moveis_escritorio,34,794,1,7417,102,46,11
90b86c830114ddc888f6380a223ee285,cama_mesa_banho,48,117,1,300,40,4,30
90d0b33a310abf581b6eb73e4f40d0df,utilidades_domesticas,30,718,3,100,17,28,11
90d11936871062d5cb6d23175734ea91,consoles_games,45,677,1,283,20,10,16
90f39a309a8c05fa7aa4ef02178059cb,papelaria,48,605,5,1000,40,35,28
90f83991bae254d0fd02bdddaa20b340,moveis_decoracao,59,241,1,1400,40,10,34
90f97298579cd20412fdcc9b7a2d4b6b,alimentos_bebidas,31,502,1,475,20,16,13
90fe2fe298ee4705129235c33958fea2,esporte_lazer,45,157,2,350,24,4,14
91442659f31ec0f0fc73215e77854fac,relogios_presentes,60,661,5,300,16,2,11
914997fa7aef743334b7c0da8580fd5e,cama_mesa_banho,57,465,1,5000,42,16,37
914c9e9af640dd56f48764a225b00f89,moveis_escritorio,47,1047,1,7463,56,64,35
91846781ef75057e134949400768e272,esporte_lazer,59,1732,5,1550,40,20,20
91894be08b341b3d6228779d2a80ab94,papelaria,38,251,1,50,16,6,11
9190ce23001d7618017faae67788ea09,cama_mesa_banho,41,627,1,4442,57,36,42
91b08d34d0ba4db44da2dc382867ba49,telefonia,47,137,2,100,16,4,11
91c82ace62e0ca1b69b1a45bcc214b45,relogios_presentes,60,992,1,308,16,11,12
91e6a181c1ebe734ab459822cee89763,relogios_presentes,47,528,3,850,48,16,25
920840f7899b13c467d223950c89e9e9,bebes,26,655,1,250,23,14,28
92144cc00a16129494387f172aa54198,esporte_lazer,55,1392,1,1350,16,16,20
921a192e87274fd48d2e395b0a4facea,eletronicos,42,214,1,300,20,15,18
921d31a1daa51460b7a95ea5f3ab64d5,beleza_saude,40,702,1,210,17,9,12
9223a3da528213e384a176a70d92130a,esporte_lazer,51,759,6,900,55,20,22
924a205abfeafade92cf663f19265e94,livros_tecnicos,28,488,1,700,29,2,21
92503fc18ca14a8f32c182ce3f1b9f05,papelaria,59,140,2,3450,27,29,27
9257d3f01cd400076c63470f92434c7e,cool_stuff,41,349,3,500,16,11,11
9262b60f16a326c81c74275472fbe0ce,cool_stuff,57,1129,6,1550,35,47,48
9275e1f75faf1d3d1f54e4cb63d12a36,automotivo,51,375,2,166,22,7,14
9283d9a045e8cc8a2a7956c5d243362a,esporte_lazer,31,856,1,2200,48,20,38
92d9f09c92944e22b74a09f5480be83d,esporte_lazer,59,1778,10,2700,63,10,21
92e22f96f92bc2dc5d6504f301010a34,automotivo,60,863,1,1500,40,14,40
92f02eda1a2e9693260a62c8af2f73be,esporte_lazer,37,420,1,667,27,8,20
92f1f77b7f3c73831fef53406c195302,telefonia,46,1267,4,350,20,15,20
930715d24c2f9780fac2a78636094fd3,instrumentos_musicais,55,913,3,700,20,12,14
930f6ddc396b23f823b6b520fbd528e0,construcao_ferramentas_construcao,36,490,2,600,20,20,20
9330504b97ecb321002b3f0af1f0f467,cama_mesa_banho,58,624,2,467,45,4,35
9359cb8632f702a16b12ff5464d82d03,cama_mesa_banho,47,169,1,722,33,6,25
935ecd8480175c412fd8847ccc4eff16,esporte_lazer,36,224,2,2300,60,15,15
935f558c04547a5f298f32c65d665c23,cama_mesa_banho,58,444,2,1350,50,16,16
937c825572d26b9e5a723527c6d625c6,cama_mesa_banho,39,169,2,300,25,8,19
937d4dbe97dc4cda39683025976f91ae,moveis_decoracao,58,1037,5,400,35,7,27
9394a725ee7e3f1da0d6b22b046cc8d4,brinquedos,41,807,1,1860,45,20,43
93a12c289ca2b78e7069e469f5053ef2,informatica_acessorios,55,408,1,233,16,14,15
93ad397044e27dfead96813e2f895acd,relogios_presentes,48,445,3,400,16,10,17
93b67da06834e15a3594134d43ee4ebe,eletrodomesticos,39,669,1,1200,28,8,13
93c480c7d11c68ba0a71e850da61b674,informatica_acessorios,42,458,4,300,16,4,20
93c902b021a9e594f658ab1b0351602a,eletronicos,60,390,7,1250,26,10,18
93f5c3a2ca8100b5c02efe3e1b92852f,livros_interesse_geral,54,1876,1,550,31,4,23
94252831daf1ef36429398257ea0450c,moveis_sala,60,493,1,1375,63,11,16
942a3f93bb7ecf95f0b901bd89f4acdb,esporte_lazer,48,2639,4,1250,20,35,26
9431c1bc614592c4c3392c6f9c1a0b89,consoles_games,56,972,1,500,20,20,20
943c812216923e4244e83099e0c62a08,beleza_saude,59,1912,4,1000,16,27,25
9453bde60c4ee52155c963641736cfc5,beleza_saude,44,1056,1,750,30,30,30
945657481c47ca039e25c6b061eb9744,consoles_games,54,595,1,150,19,4,11
947638090b86dc69c90b29261178a338,cool_stuff,55,1540,3,217,20,10,15
94774f52c71a3e4ce084c21c873507cc,automotivo,50,296,2,100,16,10,15
9477e72598d2f21dc53f809bd42cf7a2,casa_conforto,48,159,1,23000,53,76,43
94974b8c613bc6fae9700e6c01f626ae,papelaria,36,198,3,225,20,6,13
94976cc078d10e74c19c62f0b3b52432,cama_mesa_banho,48,262,1,6150,52,16,44
94a6c010ef78e62cab34c6caf0a69b5f,consoles_games,51,113,1,100,20,3,15
94edefbf96e14b332fdb1f57f5935734,esporte_lazer,50,789,10,200,17,10,11
94f3e056fe4489bd919679e1bb343edb,cama_mesa_banho,36,508,1,2975,60,25,28
94f584e1a1158e97314c59b190dfb899,casa_conforto,58,216,3,9650,50,20,40
95203adc728bc74fbd99afc9e303db9f,informatica_acessorios,55,726,2,300,16,8,16
952670bc019a73f0933157ec82ff6e4f,cama_mesa_banho,46,162,5,3300,60,18,50
952e73f7e8bee61569a32b35c19bc981,cama_mesa_banho,53,128,2,950,50,5,50
953439fbf9090e2362532905d89b991f,utilidades_domesticas,47,539,2,8750,35,15,35
95380c355d1a589a9f3e7bfe9e5920d3,cama_mesa_banho,57,663,1,4100,34,10,38
955d159d5f3a5d16c3808fcb7705224f,bebes,25,148,1,50,16,14,14
955e839e4a1e8af1dc811f11c4a5cdbc,moveis_decoracao,49,171,3,350,16,5,20
956d19f9b8366d1675cc4ffd0bf10d87,relogios_presentes,59,870,5,400,16,11,17
9575c58d6ba5856589c410cef0b3f0e0,,,,,1000,20,15,20
9592cd0b739cc57871c3aecffe15436a,cool_stuff,60,933,6,450,34,15,17
9592ea6bf88d20db726179927bbefeb2,utilidades_domesticas,56,1127,2,800,40,15,25
95a32290cbf617eef9053042fb61dea3,brinquedos,35,342,1,799,17,13,16
95e25af33821b9d231e06f1e7cd34d4e,moveis_decoracao,5,267,1,2600,18,40,13
95ed6e881d471156e430b8546ea76ba5,informatica_acessorios,60,501,1,240,20,16,15
95ed6f297ce9eff502631d01905cbd9e,perfumaria,42,931,2,228,18,8,14
95ffcc544c6a973ef0885c2017b54318,ferramentas_jardim,53,291,2,300,20,20,20
962a6951154f98f2c8e9a5b8b2bcf4a9,moveis_decoracao,47,610,1,2550,30,35,30
962fcda8dd2506e82cb237b3efb5ba5a,utilidades_domesticas,50,544,4,18150,50,50,41
964093075b6885bfcc6520dd216e4d8f,utilidades_domesticas,46,157,4,250,24,5,11
964dd0fcba2ca4eff8e31ec74a77d41d,cama_mesa_banho,36,495,3,1250,40,10,30
9680867d27bf4f20ac82adbe4dbae9ec,beleza_saude,60,1089,1,1100,16,19,15
968811b51a38b97a73d9fdf59face469,construcao_ferramentas_construcao,40,783,1,920,35,28,22
968ada41fd04a1d3221d01f7598db4a2,esporte_lazer,47,235,2,1150,60,15,15
96bdf83ce8bcf48510e8a8ab8b5fb660,fashion_bolsas_e_acessorios,42,139,4,50,18,18,12
96d80c8b6c6545a30eb5bdc4961455f3,eletronicos,55,486,3,213,16,7,12
96ea060e41bdecc64e2de00b97068975,utilidades_domesticas,45,1875,4,5150,70,9,40
96ed3b4b62790bd962aac0b317109be4,moveis_decoracao,29,1720,2,600,30,15,15
96ff741d2c7879406ec3054d6b2a11c8,relogios_presentes,49,578,6,200,16,2,11
97017430754804328eb9597b7f85da03,telefonia,60,818,5,300,17,4,12
97407223aaefebbaeb89d285e7c64f75,cama_mesa_banho,56,280,1,1050,41,13,13
97478538ef6ed323f4ed85e2139d4a24,cama_mesa_banho,54,119,1,2250,36,16,36
9749139e09929de55d37e68e64b89706,beleza_saude,53,994,1,650,16,7,13
97593959fc8ee0c67ac6c5a33fe61f4b,relogios_presentes,55,943,4,450,16,11,12
9766505cde62429c3629bb6411cd9dc4,ferramentas_jardim,45,356,1,900,24,13,18
9766ad53f42ee034fbc0e29c85fe626c,cama_mesa_banho,51,385,2,2500,47,21,41
978859c6048ded0fa8bf3b9ea8236387,utilidades_domesticas,59,299,1,350,33,4,20
978d2315d672718ad7235114a71bc2c6,bebes,54,493,2,4033,27,27,27
9795a7cdf0e9c1c2b4db0c1ab37e0831,casa_construcao,55,1627,1,600,40,3,50
9798bc8585b031f32f0ba287ad22f334,bebes,42,321,2,2392,41,20,40
97b1f3f9eeee9126dc8109846aa63ca0,audio,39,283,1,200,16,8,11
97bb088389e83ef547d4f736067ada7c,esporte_lazer,38,319,1,850,35,15,30
97c2f81082289198f18c18dd5d936971,cama_mesa_banho,40,416,1,27500,60,52,52
98030fe87f5a7493a33f427054966596,eletroportateis,54,1369,4,2300,25,7,60
9820e04e332fc450d6fd975befc1bc28,,,,,10800,40,40,30
982cc4c1cdb785c9cb1f2e48c1e4f903,relogios_presentes,34,302,3,700,24,12,16
983b5668afc4aa8777599206fcc8964f,papelaria,47,222,2,1500,60,20,29
985bf2af90ac31349ca19417e2752410,casa_construcao,58,2715,2,1374,29,23,24
98615693c104cb69e8746bdbad198317,esporte_lazer,41,343,1,300,19,2,12
98a8c2fa16d7239c606640f5555768e4,ferramentas_jardim,39,500,1,8325,43,14,33
98d61056e0568ba048e5d78038790e77,automotivo,49,546,1,6400,63,11,63
98eb4ae2cc4f0aa3f5c7762583b71e51,cama_mesa_banho,56,1361,1,1350,32,4,22
98ec655119c24de03b804696821f3955,beleza_saude,46,586,1,200,20,20,30
98fa920be965878f7c44da75d4cb6ddc,fashion_bolsas_e_acessorios,54,650,4,550,43,16,27
99008b78e9206243c95a95cf02a71905,beleza_saude,32,1948,1,1467,33,21,21
991dc21288b4d582f86f85f7af02aba5,cama_mesa_banho,55,844,1,800,25,5,25
9927048351cd36357bd4227c238f478b,musica,48,432,2,150,16,9,11
9979e4194cc6ffdd0638449218eda062,ferramentas_jardim,22,138,1,600,22,28,24
99a4788cb24856965c36a24e339b6058,cama_mesa_banho,54,245,1,1383,50,10,40
99a5870492a7bc363e2098a4bca9d49d,moveis_decoracao,51,2261,2,1600,53,8,11
99a7f15d914ad5f7432f6ccb18f95292,moveis_escritorio,30,886,1,19067,50,50,52
99b4596b82b6f75d453160c9c75e01f4,artigos_de_festas,36,378,1,1550,23,17,18
99ba5fbf3ae895fe3a9289acd0a5eb91,telefonia,55,419,3,150,17,8,14
99c3deeef8923c1036a30a5abed9071c,,,,,1000,40,28,25
99c86b937a9cbafc91d89bef3f5b7747,automotivo,56,290,2,4575,41,10,21
99c97d191bcc87e072acc4521bce44d4,eletrodomesticos_2,33,111,1,7350,44,14,30
99dc7241bbddb1c9da9ee00ed8070f56,papelaria,57,199,1,400,25,15,11
99e6f14f74a00605ad9cfe8c4bb29385,telefonia,54,520,8,300,18,5,12
99e71b776debf2f01a69dce207e3e4f8,perfumaria,52,1891,1,250,16,10,11
99f265229d46f700208ad7cb1ff48aae,telefonia,60,755,6,350,17,4,12
99f5b2240b82bf9387e5cf2fc0335b08,informatica_acessorios,53,422,1,160,19,11,14
9a046f988c3d7d4bf592c4f7cb40bf01,brinquedos,37,737,2,500,26,5,18
9a060643636bd1e41788cb32262ac9ef,livros_interesse_geral,30,456,1,300,21,5,14
9a21c7ce9df5c19b94d2ea715a23a90c,esporte_lazer,46,183,1,800,25,16,16
9a2659459e90b81f2894abe1c615597e,perfumaria,53,258,1,200,30,30,30
9a29b754b7fc0aa8eeb990103fcea4fc,moveis_decoracao,36,687,3,2800,103,8,20
9a442e31dcb07042eca00d73c1933880,fashion_bolsas_e_acessorios,58,719,2,350,16,2,11
9a78fb9862b10749a117f7fc3c31f051,moveis_escritorio,45,527,1,9750,42,41,42
9a98180ffbd0765e89f11cc8dd2385f4,moveis_decoracao,63,639,2,1500,38,7,28
9ab817d90bc61ed772ffea01b4cdcdb6,beleza_saude,57,1262,1,450,20,12,12
9abb00920aae319ef9eba674b7d2e6ff,bebes,35,2395,1,350,19,14,12
9ac3471b9357338ea8054108a00389e3,telefonia,31,324,1,150,17,17,17
9ac3f8f66132539cb797c44296f1fa27,papelaria,59,248,7,2000,30,20,29
9ad75bd7267e5c724cb42c71ac56ca72,cama_mesa_banho,60,259,1,1225,35,15,38
9ad9c8e392ba2c6930a3dd1db3c09ea9,esporte_lazer,24,424,1,150,16,2,11
9b02b650be0a39d8590be7d35be443f9,utilidades_domesticas,35,660,4,1200,25,12,25
9b056287fe05c2dfb1394ff376621eca,beleza_saude,40,657,1,800,21,20,16
9b0ad21bbd4384f9ebc28a688e1e81cd,eletronicos,58,116,1,150,20,12,16
9b1c7bc7cad0519369a5ea04afe303f7,moveis_decoracao,55,829,1,800,34,8,22
9b1e33523029f6bde0a3fbe99d793cf4,cool_stuff,48,728,2,83,22,10,16
9b2a0b97c2471793b067f77f2252defa,esporte_lazer,60,236,2,1250,60,15,15
9b2db9ec16a8a51549f32462bf973523,brinquedos,56,809,1,3110,33,24,43
9b37a918bcf2c8e1064e867cf1df4637,eletronicos,57,1710,6,1207,20,10,20
9b447644d291396340ea3641fc70d132,esporte_lazer,43,163,1,900,25,10,11
9b462e55a70e01cfd3f9686d12e11f09,construcao_ferramentas_construcao,53,302,2,200,17,12,20
9b77a0a174a0b29b5720de6cfcc17ba9,informatica_acessorios,34,1080,2,200,41,2,29
9b968712a8768d8e23318f73476af1a3,bebes,51,524,1,850,23,14,28
9b9d1c4bd979b93c138044e032f99780,cool_stuff,56,1024,1,900,44,24,31
9bb2d066e4b33b624cbdfec7d50b3dcb,pet_shop,53,1494,2,900,26,19,23
9bb64a6bd98df95fcfad9599bfdd1cdf,automotivo,52,2223,1,850,24,18,18
9bb8ca338e5588c361e34eae02e8fad6,beleza_saude,37,314,1,431,19,17,15
9bbe6c774ab3a4f9c5a0385e78c9641c,brinquedos,53,559,1,900,29,30,23
9bc0b0cf5d074be7d532d216a92ec874,moveis_cozinha_area_de_servico_jantar_e_jardim,60,660,3,30000,46,90,46
9bc7d25a36d620cf449cfdebe3de132f,beleza_saude,45,287,4,500,20,7,20
9bfadd7644ba1f2c902fe81420c53b46,eletronicos,50,422,1,175,22,11,16
9bfc55df037ce3ac01bfd84781adf7e5,audio,45,1654,3,530,19,14,15
9bfc587761f18460f4b443495f3588b4,artigos_de_natal,60,298,9,4200,40,35,40
9c0f79b9daf5436386477b4e17b94389,moveis_decoracao,53,616,1,2400,30,35,30
9c422a519119dcad7575db5af1ba540e,informatica_acessorios,56,1306,1,100,20,20,20
9c48f48fd32ee1915d62d3670e2d1ba9,informatica_acessorios,29,1209,2,400,20,30,20
9c5cec867c62c0ec4674b002eb1c3e0c,eletrodomesticos,33,94,1,15875,54,46,32
9c5eb07abad39517f560d32066739b5d,bebes,55,1673,1,371,17,17,12
9c60b810e32e14c3a278742567720634,moveis_escritorio,47,559,1,17400,63,58,26
9c60e93e03989cf6e4a7da214723920d,brinquedos,46,510,5,3675,37,30,18
9c6c775832b5204b41694fcf8ca60aae,informatica_acessorios,59,930,4,200,16,8,11
9c7ce59c96e74dfdfc51f13a4a6c3869,relogios_presentes,59,261,2,250,16,2,20
9c98b59719a74f32903537bc5c9262ce,papelaria,40,892,10,2850,32,52,19
9cafcacd991a72be85d1970013b8204e,relogios_presentes,37,517,3,850,48,16,35
9cb3c4a5a0a1c8536b2651af5f73e403,cama_mesa_banho,59,81,1,700,20,2,15
9cb42a0117f7a4098d69936a6e772481,telefonia,39,365,13,100,16,3,11
9cc8a90a8f8b6a7b56a486b612b40efa,esporte_lazer,55,2835,1,1225,33,28,28
9ccf11289147e5277b022439b4ea1f20,automotivo,59,983,5,600,20,20,20
9ce4603565c839785b24a7e95e28f4eb,cool_stuff,40,1516,2,800,22,15,27
9cf46f1d4af935182cc2fa4690a77a00,relogios_presentes,41,733,3,200,16,13,13
9cfb95272c4cd1e98619d3bdea888a7c,cool_stuff,33,604,1,1700,42,25,15
9d0bb30eed80184666c8acad23921283,livros_interesse_geral,26,2857,1,500,20,22,15
9d12e90dff96cfce78ad02405d6467f4,beleza_saude,63,2454,1,800,16,16,15
9d1893083966b9c51109f0dc6ab0b0d9,construcao_ferramentas_iluminacao,59,976,2,1000,16,20,16
9d32095f76b97762307e86cfc18dd7a0,cama_mesa_banho,38,213,2,400,25,9,19
9d374944ce89ce9afd8c8f79fb7f3bc9,informatica_acessorios,60,337,3,400,16,4,16
9d38213b04fd8eb9a773f9b2b88ffd0d,utilidades_domesticas,50,612,1,300,25,2,17
9d3df566a74fbf502fb8badaa5044e74,moveis_decoracao,58,1659,1,1350,53,16,16
9d641daeb448e6a915e1f81234d4cd33,relogios_presentes,46,659,1,350,21,14,14
9d6580f17a0cba74324ce82874fbbe13,telefonia,57,1239,3,8100,25,25,25
9d703ce870d13f6fca072b0fca977fc1,eletroportateis,51,909,2,350,27,5,12
9d838a7fbaba7fca5f1fad259984063a,informatica_acessorios,47,1076,1,117,16,16,11
9da950e8c8c482441f1b93955b21c827,cool_stuff,51,516,1,5200,37,20,34
9dc1a7de274444849c219cff195d0b71,utilidades_domesticas,37,402,4,625,20,17,13
9dfb2984ab775b6175202b9e9e678641,utilidades_domesticas,41,859,3,750,16,16,16
9e0e152552a1323f7e5dcf63d50cdae3,perfumaria,48,969,3,400,20,11,11
9e104e498448eaafc576278446e9bdd5,fashion_underwear_e_moda_praia,51,1343,4,300,25,16,11
9e10ae46a3021a02f1692448ef9fa1db,beleza_saude,45,2231,3,175,21,3,15
9e2ce829b01f3d1a0a9d5ddf7ee21864,utilidades_domesticas,59,200,4,1300,32,12,32
9e47ae55f9327141d2dc2cbca3317e49,construcao_ferramentas_seguranca,59,551,1,300,20,4,18
9e4a852f41aff52bafff133d9deb5eee,papelaria,55,382,5,5700,38,30,28
9e56be75b16c105f33d3f033597080a2,cama_mesa_banho,46,352,2,900,50,11,11
9e8762176dba8eada7ed0259e69c3423,telefonia,60,296,2,150,16,11,11
9e9a222ec8c28d9ab56658263c17f16c,automotivo,57,740,5,1150,20,20,20
9ea1152d6d52dc57ab2ea49aa626adc1,beleza_saude,49,3037,1,1067,22,19,19
9ea970cfea6fc415d0233c4cae13af4e,brinquedos,55,373,1,1400,45,15,40
9ead3847aad283a0842bde7ad9a9e7b3,informatica_acessorios,56,1173,1,1300,30,16,16
9ecadb84c81da840dbf3564378b586e9,moveis_decoracao,41,789,1,950,20,35,20
9ef8eabf54b45bc606e85fcb4d97e968,automotivo,40,1387,1,2140,38,38,36
9f1c3e71d56894398a42b050b07f1baa,cool_stuff,25,176,1,163,17,11,13
9f1c81345a82b501fef3164ba8c937ef,beleza_saude,54,573,1,1000,60,16,11
9f2d380101b20c5fb31454776800c445,esporte_lazer,63,929,3,1300,80,8,15
9f404f5737d7df22b5dc718b6d73a7fb,pet_shop,30,704,1,12800,74,20,50
9f7fa43dfe21e43d37d65a6f2369c6ed,cool_stuff,47,647,2,400,21,16,16
9f9a7e97e09d403a01120dc5f4ebf36b,construcao_ferramentas_jardim,55,2039,6,215,21,7,15
9fab8bd1f9c69cf2301b8ad3bec47480,automotivo,59,759,6,250,30,11,20
9fb7b543084835bfe56b0094501dee9d,brinquedos,36,589,1,1500,66,18,41
9fb9a39f2e393018aaeb432394aff48f,livros_interesse_geral,34,1151,9,1950,36,5,23
9fc98e39f04be8e382d8aa5e259f5489,cama_mesa_banho,29,200,1,600,40,5,30
9fcd066d9a5d85dbd05e7d8348539300,beleza_saude,58,1091,1,750,30,12,16
9fdc434e0c81bc6d990065c2a7efb4de,papelaria,60,298,1,450,16,6,11
9fe172fa8e662ca8572cf12abf8bce23,fashion_bolsas_e_acessorios,36,412,5,150,16,5,20
9fe5201316c8185058e8a4056e53cc78,eletronicos,47,893,3,550,20,10,14
9fef57f37ae72292952e73ff9a7a3fee,moveis_cozinha_area_de_servico_jantar_e_jardim,59,634,5,27150,100,25,65
9ffab56dff7071396d82c4b372e7f033,casa_conforto,45,328,1,575,48,11,29
a00a22560435cc439faf6163eabc1ef8,telefonia,44,351,3,75,18,3,12
a01df785213c3ea6d2a918f9095af482,moveis_decoracao,63,630,1,18600,56,48,38
a020875cf9c4c5bfe783c703db493afe,automotivo,55,701,1,50,32,2,24
a025e125dc2c294425e91e9cb1a01789,utilidades_domesticas,59,523,2,1900,45,7,35
a02d0123079f4ae96001ba2010d1a2df,construcao_ferramentas_iluminacao,57,771,1,12000,45,35,45
a037c98ed926711d7513cf779d788536,ferramentas_jardim,43,1183,1,250,30,6,11
a04087ab6a96ffa041f8a2701a72b616,pcs,55,1105,1,13700,27,50,53
a04f52ded97b5530e8783e3c002b90f0,cama_mesa_banho,54,192,1,900,44,2,36
a07713fa6def350398642fcb700db2f9,fashion_calcados,52,408,5,1400,22,12,33
a07f07c939807b4c970452eb30a130e6,moveis_decoracao,19,331,5,900,30,20,20
a0abcee0132a5aed003d98e459b37698,cama_mesa_banho,58,223,1,2700,45,13,35
a0b7d5a992ccda646f2d34e418fff5a0,moveis_decoracao,45,67,2,12300,40,40,40
a0dfc64334e89bf3c3762f5ad8b7249c,moveis_escritorio,58,1250,1,12775,53,52,17
a0eef953cb25bc9ae40457e1c3c82946,moveis_decoracao,52,1559,4,700,68,8,13
a0fe1efb855f3e786f0650268cd77f44,agro_industria_e_comercio,35,380,1,125,20,4,13
a11998d0de02ca907c060119dabe8ead,utilidades_domesticas,40,979,2,12050,22,65,40
a1250bbcaa645885c9165eab1573b5c6,fashion_bolsas_e_acessorios,59,179,6,200,16,2,20
a12c9204f6f9e90ad1d8ba5571fbfed2,informatica_acessorios,31,614,2,600,19,13,20
a12ece3f747b6aae747ca17176611aa2,brinquedos,31,1130,1,3000,43,19,37
a130d292151d4bc3d785f3404eea8d96,brinquedos,47,406,3,1875,35,23,28
a152e968e6e943c06ca8ad6fbafc72a0,papelaria,59,315,4,5750,60,20,29
a15b46c05a4d311665eac6750b3e4030,bebes,60,848,6,750,50,5,40
a184d57c818939252af3b5400f55429a,,,,,450,30,20,20
a1a97164f38cfb98511eb68e6b40ad94,informatica_acessorios,60,640,1,100,16,8,11
a1b3a75aaaee5c9a683f2266c088f720,relogios_presentes,53,599,2,350,16,11,11
a1bf559ac1eab015ba992bd76d9d76c7,informatica_acessorios,32,1074,2,200,39,2,30
a1c4213421e6cf98f7167b2086e96ea2,perfumaria,47,402,1,133,16,16,13
a1ca62481619b02ad09535f2b418bb75,telefonia,56,867,3,350,20,16,20
a1d17216996bf0cbba886f91bfd31c77,telefonia,51,1015,1,103,21,6,14
a1ead9010030ade9a219495543cd5c48,informatica_acessorios,54,714,3,1500,17,33,44
a1ebb47a48200e6566603de49b83f621,esporte_lazer,52,474,1,2900,22,28,42
a1efe4a86746c22541813e22e1d23e33,cama_mesa_banho,52,289,1,1950,34,9,33
a1f7dace2a9af48dd48428c12001dc09,eletrodomesticos,59,190,1,300,21,12,12
a208b8f91710996b4d3de5d3ee103efb,beleza_saude,32,899,1,650,45,16,16
a2105c8c0d5d99dbc5a2a9ad94321e5c,esporte_lazer,58,1274,2,4800,58,10,50
a213969f10be36f5ef5717a3c2c27952,bebes,60,441,4,11100,79,23,23
a2307a34b16eb2201ce5206cbd7f9bc7,alimentos_bebidas,54,695,1,700,25,25,25
a237de12bdf0bfe4fe220bae65a89731,moveis_decoracao,57,954,7,1250,60,12,12
a24b0a4730a6f5b13a3502fb5065a814,moveis_decoracao,50,314,1,400,40,15,40
a27e14cc902719125790cc967be45070,moveis_decoracao,40,451,3,450,20,15,20
a294436012a512193adfae667b8465f8,brinquedos,60,804,3,625,33,13,23
a298a105818dce6878b787e4af6cff7d,bebes,55,1158,2,400,30,10,30
a2a02ec5b66063b4c3ccdf10a53fc501,cama_mesa_banho,60,326,1,4350,45,15,35
a2a91fe6d8762e0371abd964cef88ec6,utilidades_domesticas,27,49,3,300,25,10,23
a2da86fa759178e9e58e54aa1a144e59,telefonia,57,777,5,350,17,4,12
a2e281fad531f293409da05efe8097fa,automotivo,59,743,1,350,16,16,18
a2ea7c89ef0c55d5c0a4f7e26752a6a0,perfumaria,26,472,1,300,17,9,20
a2f28e3d47bd6d7d334089ebebdd55e2,pet_shop,36,883,1,4417,27,27,13
a2fc36d2592ba9adb49ad73dd039e434,eletroportateis,59,2916,14,1500,24,8,24
a3010804ffeb7111c30565419ff2824b,utilidades_domesticas,43,372,4,750,20,20,20
a30c310dda4ad467282787fee075cb69,moveis_decoracao,59,589,1,6150,51,16,38
a31e3a35fb5ac942c137446709379100,bebes,55,518,6,1500,46,25,52
a322cb898d31adbe4a4de692f4bc0276,esporte_lazer,50,623,1,1200,19,18,16
a3394de35879ea62967d01d3d93b2cc1,moveis_decoracao,57,184,11,2300,36,21,36
a346944c1cd1e118e4ecc398e51f03a0,informatica_acessorios,57,647,2,117,17,8,12
a34ffdd8795ad14708ab74aaba226ec0,cool_stuff,43,855,4,10700,104,23,27
a35a9f46dcee0a67c8c7ad8493eb4135,informatica_acessorios,33,1084,2,200,41,2,29
a37c4dc2fd88e896e19c74a6b60a0e84,casa_construcao,26,1069,1,450,16,11,14
a37d9bc434c151e3a32418b241a13bf0,perfumaria,56,505,3,400,20,6,20
a38b238734207eeb0388676235cf56ec,relogios_presentes,60,416,2,3200,16,2,11
a38e6346616a8f362c328b9537b1ca4d,fashion_esporte,38,220,2,250,18,12,12
a39cc58c1b5926b6f9f378daa89f1315,casa_construcao,53,646,1,3800,30,35,30
a3bb3642ad1170e55d345dbf5953f38d,informatica_acessorios,55,713,3,500,25,5,15
a3ceb95649a48c0c54ae4bd1dd66d035,telefonia,56,279,2,170,23,5,16
a3e4a417e7dab3de222f227781c2c291,bebes,56,1882,4,10700,35,57,52
a3fd6c4ecde9035c3e8dd4e0fd8b8048,cama_mesa_banho,45,191,2,150,16,6,20
a41d9e51c365f6e2f5eb1f98fa4097eb,beleza_saude,47,405,2,150,20,20,20
a42d9c825894f96fc6ed02610891454d,esporte_lazer,57,1176,1,2200,16,11,11
a448325c57fbf792a2f6ac7d1b730917,climatizacao,63,1729,3,4800,72,5,11
a453b4ccccf554efba31d5ada5a59a60,telefonia,60,818,6,300,17,4,12
a4754d4ccde0d779725e48b8815b7f34,automotivo,57,253,6,6950,47,19,23
a4aa7c1427c31344e5f7cc3d839fe562,pet_shop,52,625,8,2200,50,20,40
a4bddd2ee75396cc2e47bdf21343261d,cama_mesa_banho,56,422,1,15200,16,10,16
a4c1d75f5db22319df894cf3f4609b81,pet_shop,53,1121,5,450,40,20,30
a4c27cf9767fe2b589251c764b891eda,perfumaria,58,1061,2,368,22,15,18
a4ec3aca85c0421e2cd607dc03162791,utilidades_domesticas,27,570,3,3500,51,8,35
a4f46aac5fc5e88c9701aa860c2a957c,fashion_bolsas_e_acessorios,33,365,4,800,30,20,25
a4fa3b8fa5953b0bd18bf4e0b4de499d,cama_mesa_banho,58,189,1,1350,46,2,36
a4fdd00347db855f614a18bf51606df5,esporte_lazer,43,772,1,1300,30,30,35
a50acd33ba7a8da8e9db65094fa990a4,automotivo,53,555,1,4105,67,10,67
a50b1500d1f7ec62d2f3fba260974613,moveis_decoracao,59,955,7,1850,40,12,20
a511bdae1b7671858cdc3398cd601ab1,cama_mesa_banho,56,383,1,600,16,10,16
a5215a7a9f46c4185b12f38e9ddf2abc,pcs,55,3632,4,2800,16,31,39
a52eee5077b52ed1702997bbb36ca4de,alimentos,44,1147,1,200,16,11,11
a5341e3f8155dbb3e62323d3ea289729,moveis_decoracao,50,422,7,2850,40,5,44
a54244559e62c8ef2939e52189d65d4c,alimentos_bebidas,60,1088,8,1300,19,12,12
a54f350cdb1f303fe39221171d003852,moveis_decoracao,24,249,2,5850,25,25,25
a56af7192032f295ac582a2d70e4caba,telefonia,57,1887,2,600,23,18,20
a56fbff66c12c1ef311cac69e7f2d5fb,moveis_decoracao,48,493,2,600,30,20,20
a59fb60fddcc72a9878b7ed5cb69d8e4,audio,48,424,1,200,27,5,20
a5a7c5c2be6edf0b10ce28ba5c6b4a69,cool_stuff,52,330,1,2000,33,44,19
a5b40bfd9d0d065c0e89d203f90fca25,relogios_presentes,57,540,3,675,16,11,11
a5bbc554f75cf4afa2cd56791015ec27,instrumentos_musicais,60,1216,6,800,30,20,25
a5c9c1711f61d2b63cf996b4928092ed,brinquedos,24,669,1,1050,24,29,23
a5cb33fabba1f8cdcd6fdcace71ed02e,eletronicos,48,240,1,175,20,16,20
a5db7a80a8d9c9d49050360fceb6ffd4,papelaria,47,84,1,300,28,16,28
a5e66fadbb9b49dffdbf63675436a332,esporte_lazer,57,2717,2,163,21,12,14
a5f51ebc52e3337c55235f2e9d3e3acc,utilidades_domesticas,37,539,4,493,20,16,16
a5f6ba3fe91a2e73f10b612131cb2404,eletronicos,45,1057,3,138,19,17,16
a60613d36f37a7b27d3344f40f6a7945,beleza_saude,44,696,2,350,19,11,23
a607011661b3f99887a6717ba7371840,esporte_lazer,24,1534,1,1117,22,10,14
a62e25e09e05e6faf31d90c6ec1aa3d1,relogios_presentes,58,3006,2,1000,53,8,18
a630323d497e2acc89574e8b792c6936,informatica_acessorios,56,1803,1,420,22,16,16
a646939770b864f77ca0e16b99a8f526,moveis_decoracao,50,598,2,700,80,20,20
a6560efcf4467e1e097914a84362b833,telefonia,59,167,2,100,20,5,12
a659cb33082b851fb87a33af8f0fff29,automotivo,60,380,1,150,16,6,11
a662d99595c3b6054702480cb7382afe,fashion_underwear_e_moda_praia,52,624,1,200,42,4,14
a668879a637b097eb47536fdb31d3ce1,industria_comercio_e_negocios,56,2083,7,800,40,30,30
a6883f92891e256b926bf8b9c40fbe9f,pet_shop,32,633,1,129,18,11,14
a695ab8413ea83619cde9b18292d6aa1,moveis_decoracao,38,503,4,1700,23,7,23
a6a5c394a9908ba4b34f50ce6bbb3465,moveis_decoracao,59,2434,2,400,69,11,11
a6a86219152d22366ffe68794aa1c219,telefonia,50,500,1,88,19,4,11
a6b56b20f93907299eef6ea711338269,pet_shop,52,1699,2,10150,50,5,45
a6b8385d1008214b2b70342c04e8aafb,beleza_saude,53,1087,1,2500,19,28,17
a6f2ba5bb6d6d36ac92ed1faf4d123f2,beleza_saude,52,1153,1,450,20,15,15
a7216be504e1ff211b67479ab193a552,utilidades_domesticas,42,886,3,5200,50,23,27
a72209f6ea270769cecf0ed4168d3893,brinquedos,44,603,4,400,30,20,20
a72d9b5dc60e2abd5063eba3b18d1e86,utilidades_domesticas,44,314,4,300,27,9,19
a743efb3ff4bf4f56e265e73e5c23a6c,moveis_decoracao,52,224,1,19400,56,48,38
a74d56e3486a7ddc68958695a48277d1,automotivo,39,249,2,17300,57,20,57
a76d6212f99d1253fb7bcfe02ce87d8a,eletronicos,32,376,1,200,25,7,16
a7742a00e1d286b7f7d4d81e90d8acc9,moveis_sala,43,308,4,5500,60,10,40
a78e2e8f49106bb2123fe7541fa86640,telefonia,58,477,5,250,17,4,12
a7961e6620228e0f227361f0668e37ba,cama_mesa_banho,23,415,1,200,20,12,20
a7aa202585393c58cb1351de084b4dbc,audio,60,882,1,400,21,7,11
a7ae89769bab33a607946e0fb4a9c7c9,utilidades_domesticas,56,204,1,3300,36,15,29
a7c7a8a5ae0e412843068fb8fcc30a86,moveis_decoracao,58,1056,3,700,35,7,27
a7c87b1bbdd51e0d68b0307cffd03d47,relogios_presentes,48,249,3,700,19,9,15
a7caf970fe61b23afec3d2d0ba545eb8,cool_stuff,33,1445,2,800,34,10,22
a7d06b7704b157e36c45b898fa555dd5,utilidades_domesticas,33,715,3,450,21,12,12
a7e37a8ca3fcb0a7783fafdf40591f7a,brinquedos,20,234,1,400,17,10,12
a8075470f960215ffb67624782f80fec,ferramentas_jardim,60,361,4,2900,67,3,31
a8115d34a4b7b74388da609692162c37,informatica_acessorios,34,1080,2,250,41,2,29
a855248349fb73a158bae22b79ae955f,moveis_decoracao,53,752,1,550,20,15,15
a869ec6209c361ca46dad85a5530e119,esporte_lazer,49,1313,1,2438,28,31,24
a87567bdce60de6f901e3d7c6d8df820,cama_mesa_banho,30,1328,1,1800,55,10,35
a88124e0b1d42ca7b0813a78ff630437,construcao_ferramentas_construcao,55,338,1,2600,23,8,23
a8856d651600289b162f857e26838480,esporte_lazer,50,255,1,600,20,10,15
a8a24b2139731e4be5246104224f0633,informatica_acessorios,58,571,1,1083,35,22,14
a8bb7885faf316d9a5062d42d2b2fba4,esporte_lazer,50,844,1,875,40,26,20
a8bf9a06bef0fe4106c1fc0df21a5eb6,moveis_decoracao,59,438,1,1100,30,4,20
a8d952e8e5436a6fe36d24c402d100de,telefonia,60,540,6,300,17,4,11
a8fe47ad6f852f93cc92c7b408687de3,esporte_lazer,27,202,5,400,70,10,20
a9008450835cd38eabdf07eb6dd04bdd,perfumaria,37,813,2,526,22,15,17
a91c1a94d83d36316c44e00e738607b1,automotivo,57,2063,1,1500,30,25,30
a92930c327948861c015c919a0bcb4a8,relogios_presentes,59,319,4,250,16,2,20
a934e0f29d3b0843308564ed3ec07058,perfumaria,48,143,1,350,18,8,12
a93582af341a9c4d7e8f150f68cfa595,brinquedos,37,916,3,415,25,27,18
a93cfe142d94a5cd5a24cd5eed21d7eb,beleza_saude,40,789,1,253,34,4,15
a94036c0bb4dfce8d5762777c07b7be2,cama_mesa_banho,57,2473,2,2500,43,8,33
a9410f6e58948e056b9eae0653aa0c75,esporte_lazer,35,964,1,253,16,11,13
a9516a079e37a9c9c36b9b78b10169e8,moveis_escritorio,41,1141,1,8683,54,64,31
a95c77f369c8486c3ca5d101c49be836,moveis_decoracao,43,523,1,500,50,5,30
a961143b53bf771400f1bc6bdf396e8d,alimentos,37,27,1,300,21,11,13
a9a7d44cbdf7c47c958a585d66a0c3e1,relogios_presentes,36,622,2,146,17,12,14
a9b36aaa68ebd315701524c822800f29,moveis_decoracao,54,532,1,550,70,7,11
a9ccb9dca11ae8ca804b47417d0411f2,utilidades_domesticas,46,1021,1,8600,45,35,35
a9e0a3a894f4bf7844830c090853c3e1,telefonia,49,79,1,375,18,10,16
a9e1f2fff48f21f5e6fc9dce739e1160,esporte_lazer,59,834,1,1275,62,16,16
a9eea144b709e6d670c9bf03ffc2dc2e,beleza_saude,27,1384,1,900,20,8,13
aa175ef941b5ebc330e96ea4328488b8,esporte_lazer,53,831,1,800,16,2,11
aa1ae6a4dce8c9a91c5c562d4b84ab3f,beleza_saude,35,210,1,653,19,12,16
aa280035c50ba62c746480a59045eec4,brinquedos,56,678,3,200,16,8,11
aa4383b373c6aca5d8797843e5594415,automotivo,46,232,1,420,24,19,21
aa53b7499856e6df13008f34100cc336,moveis_decoracao,53,629,1,1800,30,35,30
aa53f25a0966489889cbfa05ad848d4a,brinquedos,45,278,1,1223,20,15,19
aa5a88580b8e6e569915aa42f1526dfc,perfumaria,34,1462,1,700,20,20,20
aa5d6a9bd4be367ae1a3a29c323c7c11,esporte_lazer,60,3767,1,120,30,15,15
aa6746e94490239d3d9ee6ab89779aba,eletroportateis,37,90,1,500,16,35,25
aa70ae9ee9a798d44ae6e00ce6d82cb1,beleza_saude,60,919,1,150,22,3,15
aa74ebe862c9061d4272681810675a01,esporte_lazer,43,1236,1,1500,21,26,21
aa765c0a9daeb0541a98ff48ea3ac651,bebes,56,1143,3,1433,39,13,32
aa8bc5595ba5d066c744e14995402cdd,perfumaria,56,680,1,333,20,13,14
aa8d88eb4b9cb38894e33fa624c4287f,relogios_presentes,54,335,4,250,16,2,11
aaa391b7c35a628a6318851e8e933e0b,,,,,200,16,2,11
aaa80d9e907a758e151586557e332acb,utilidades_domesticas,40,617,7,650,16,16,16
aad0c94aa869497ef036b7549451134b,brinquedos,33,278,5,300,16,11,14
aad6f87ee5ffce657b9b3729187be36b,automotivo,53,341,2,100,24,2,17
aadff88486740e0b0ebe2be6c09476ae,beleza_saude,56,390,1,250,16,5,15
aaf821b2000c1b2e28a531d97c405c58,bebes,49,375,6,200,29,7,16
ab1f9387c0627dd24000bfbc54fdeee0,eletronicos,45,456,1,175,22,11,16
ab330e1b64fde92d3b4d4d6980a38576,papelaria,18,346,2,150,16,5,15
ab3d3ea8ca19c82c390aef30a8ac4ff1,bebes,27,462,1,500,46,10,40
ab40c45cb88545d5efa2679b30cec4c3,bebidas,40,472,1,4300,50,20,20
ab4d60f2cff5544a9e5a3d9c7a88373b,malas_acessorios,39,784,3,3800,50,25,40
ab5da1daa941470d14366f4e76a99dd2,eletrodomesticos,57,953,3,100,30,10,15
ab89689c2d13440b8152183ddee2ed81,esporte_lazer,53,483,2,12150,80,38,39
ab8ba49579d5b0173f85517ce22968c6,perfumaria,38,476,2,414,23,15,18
ab9cf155f8280c3739b09fe341a185e8,telefonia,59,409,1,225,18,4,12
aba86c093ccdbac75b09111d57e50004,moveis_escritorio,41,154,1,2600,40,45,39
abad2a82d0a25653323cec918ba3e54c,beleza_saude,54,1207,4,2050,18,8,20
abb9de7600a7ae9a81564692f77fc9f3,moveis_decoracao,41,239,5,200,27,9,18
abc3432ff825d8e524db1d4eac6d2099,telefonia,54,713,4,150,17,10,13
abe322c6be89693af3c42ba847966166,utilidades_domesticas,58,1137,1,22450,43,68,41
abf005f4791cfbdb0cb9596298eb5f4f,brinquedos,39,440,3,1000,26,21,27
ac20a9614b6db9e7289b85c4f4b6216a,eletrodomesticos,59,190,1,1250,65,8,38
ac23312b29784c30304f2ec719891690,esporte_lazer,63,436,2,7800,46,36,36
ac2c77058e1e5ec1eda726fe7358ef2f,automotivo,34,92,1,2238,40,15,14
ac32162917f9c1842336f4018493fb1d,pet_shop,41,606,3,300,16,11,16
ac3bf6e6f3fc94d003fe0eaa8de7738d,consoles_games,39,129,1,50,16,39,11
ac4005f3f9d2fba6bb8feb0ee1dc1395,utilidades_domesticas,30,167,1,2150,21,4,71
ac44def10e24998cdee20a208d691127,cama_mesa_banho,55,1208,1,1175,45,7,35
ac7e981115ad47f0e051f1b8b97e73b1,utilidades_domesticas,42,241,2,500,30,30,30
ac81bacb0ef8c88048ad83765dfeefc1,climatizacao,56,1351,5,4500,55,16,26
ac8cd7b94039a681dafe6f7d664864e7,moveis_decoracao,63,641,1,200,27,10,12
ac8d637154b9a2717786c0f933d4c7da,esporte_lazer,54,1375,3,650,18,8,15
ac942b3f5756151f9dea022e7058d7c9,fashion_calcados,57,404,4,1400,22,12,33
ac9b6cd9849570634224a1175befc1be,beleza_saude,38,2068,1,1200,19,28,17
aca2eb7d00ea1a7b8ebd4e68314663af,moveis_decoracao,44,903,6,2600,50,10,30
aca71e1fceaea4278f27aab8a3498f60,automotivo,57,1331,4,100,16,4,12
acac295886c915b0bcb309cb4158c0a7,informatica_acessorios,30,3412,2,7300,50,35,25
acb4b5ecf253ffb4b641801c37d33899,moveis_decoracao,58,205,1,800,40,10,34
acbbaa8cbb7857102ad783c73caa55c5,bebes,21,618,1,483,17,24,21
acc444eb5ad26f79d5a11baa6a03c439,moveis_decoracao,53,626,1,9400,35,45,45
acc78c9d340dbe682491c9d31ea7e187,bebes,57,2188,1,450,20,15,25
acde6bd0b5f91190e2a123df389b0b47,automotivo,52,545,4,358,16,6,17
acdff5faea9652b2230cbcf4d475a220,perfumaria,45,179,2,313,21,12,15
ace5d86cf1ac63cdb76f49e5cd23d2f8,moveis_decoracao,60,473,1,600,30,4,20
acf64dbad65e99f5bb490d85c59b2636,brinquedos,50,722,2,1168,34,23,27
ad0a798e7941f3a5a2fb8139cb62ad78,cama_mesa_banho,55,617,1,600,16,10,16
ad1363e145be3de4efec013051b14322,informatica_acessorios,60,300,3,150,16,2,16
ad19bca6e0f1919433d7e21d534ddb50,livros_interesse_geral,42,1109,1,900,18,25,16
ad2037645597db38527fe3afbe226af2,bebidas,48,886,2,850,22,17,17
ad26ad285869ae33f293067b79b9f01e,fashion_calcados,60,402,5,2200,32,12,37
ad7beed1d6b41ea967b2724468a23c92,moveis_decoracao,31,370,1,325,33,7,18
ad88641611c35ebd59ecda07a9f17099,,,,,450,16,7,11
ada916969296efb7a3f68cced80f60b8,utilidades_domesticas,54,175,1,950,23,26,20
adae9f96e1647ed7ce3c54b261d4a544,livros_interesse_geral,48,534,3,250,20,10,30
adaf9912b6a61877040e1437ec878ef3,beleza_saude,59,437,6,350,20,5,16
adb1f1939b613f3078806b6afcca0e51,esporte_lazer,57,1235,1,4250,20,20,20
adbcfc3bef885f1c3f1e1335fe32e45f,brinquedos,48,1156,1,500,17,10,12
adcadcaea9138b1888d211693ee2421a,malas_acessorios,50,390,3,200,16,6,12
add32d15ff7c76396b982686227d9553,relogios_presentes,44,654,2,500,23,15,19
adf591c625cb265c12bc6749d3a2f757,beleza_saude,60,1146,6,150,20,24,33
adfcb7a9c5e268522c67ea3ab09c1fc4,moveis_decoracao,24,396,4,2200,40,33,20
ae083e4a334a4210ae0ef7323f1584c5,beleza_saude,53,2789,1,250,19,7,12
ae1d83f17a79da9d43ac1284316cbf2b,utilidades_domesticas,60,644,2,1100,18,9,18
ae27a5524edb2c8dc4656c670f458fb7,utilidades_domesticas,58,364,1,1000,40,28,28
ae39a60d9d830340edf374b7cb0f6e71,moveis_decoracao,63,1747,7,30000,65,50,70
ae4a8a8e8a8f8850c720e68c182b1625,eletronicos,60,300,4,24050,80,30,60
ae52eeb8383b94455f0a08b1f88ad002,informatica_acessorios,60,882,1,167,21,13,12
ae5cad88462eb7b7b61401e31c45618e,informatica_acessorios,44,1428,2,250,30,20,32
ae6b739ab6e9d7991fb2ddd70f9c0b6b,utilidades_domesticas,56,595,1,1200,30,30,30
ae7d8348fbef50928a680454fffbca00,esporte_lazer,30,682,2,304,27,17,27
ae8465400218e5aa54535b74d9138416,cool_stuff,46,81,2,1200,35,25,25
ae90b5cf5c0d5de5936b9843dfe58e02,telefonia,51,245,2,150,22,5,12
aea89e156fe6705b458e900a8790af90,esporte_lazer,45,179,1,1150,16,12,12
aece157b74fa793277ecc4e94bedf9a0,papelaria,59,226,5,8150,35,60,40
aedb09a73deda537456636dad7696b64,cama_mesa_banho,55,1007,1,1150,16,30,40
aede48631330269f65a8d680de491657,malas_acessorios,45,573,1,1400,48,10,33
aef95f9d9e323e61a5caecdc41907c79,moveis_escritorio,35,1168,1,12675,48,49,40
af026a1d23fa6bede158c62c22ca135c,pet_shop,53,794,6,9000,16,16,16
af2d506fb01b724e03591349ad36b67e,bebes,55,1681,2,600,20,13,13
af2f3030914ae3eaf70ebc74ecdb8c1c,esporte_lazer,34,1260,5,825,40,15,15
af35be35db4ad0dc288b571453337376,moveis_decoracao,24,457,4,100,80,10,60
af51d485dc5255ba2e18b21b550156e6,malas_acessorios,57,674,1,22350,32,74,53
af5606ac1cb97d0519a67bd7d9af79b6,sinalizacao_e_seguranca,37,515,1,750,45,21,23
af56e0203193f066ed64cbbbbf95ae6a,esporte_lazer,50,1290,3,750,25,7,25
af63237de5e7f1f9c067f7b7c506287e,informatica_acessorios,60,704,6,6800,28,28,36
af69caef8804ace46d262381e80dd523,eletrodomesticos,53,84,1,100,20,13,15
af76a54b712e9cab85d2824e96c56ff8,automotivo,60,505,3,200,24,2,17
af8033e2e2919480bf64674af8dc453a,moveis_decoracao,58,575,1,300,35,10,25
af827351cc8287dd464466e8793046b0,beleza_saude,50,2278,1,1230,18,18,16
af91083bde899b201798b52ae89babea,beleza_saude,44,937,1,350,19,12,13
af940e731a7251787895cdd64cfc3f21,relogios_presentes,52,542,2,350,16,11,11
af9418dfcdd7f19b51906a2f32cd6bc0,cama_mesa_banho,59,289,1,2150,34,9,33
afbe1e973aefbf72a330e3bc72d4b476,cama_mesa_banho,56,501,3,1450,45,15,35
afd22faefd9584467a374bf7a50f0996,esporte_lazer,59,681,3,150,24,5,16
afeeea6271148ee1bb15173b8187c431,telefonia,52,1885,1,450,17,3,11
aff39c649de8c4e36d325880de8f4338,moveis_quarto,41,573,2,10600,93,63,11
b000447e24e31a4d7e628ca4d0622131,telefonia,33,119,1,250,19,4,11
b0364648b1c062169015d9234d97d306,esporte_lazer,46,233,1,383,20,9,14
b039629191cbc785dd3ebb5def03dd7c,cama_mesa_banho,59,638,1,800,20,16,20
b03f486273ee4263286c00383ef34f37,moveis_escritorio,57,274,1,6400,98,30,15
b06abefe5a65500e5a93851ad2fc8900,esporte_lazer,54,571,3,552,22,16,18
b07c988c725ddd67d0c7572a8099712d,moveis_decoracao,59,586,1,600,24,2,24
b0868ddc5f282e1e482593315aa0643d,ferramentas_jardim,41,306,1,475,18,4,14
b0961721fd839e9982420e807758a2a6,ferramentas_jardim,59,341,2,1850,37,22,40
b09790edda54333116f9cf1decc580a1,cama_mesa_banho,50,148,1,400,40,4,30
b0c89945c034268074f5f80b362bda34,cama_mesa_banho,60,612,1,550,16,10,16
b0c8da302d49498d2ce6be8c631e4e20,informatica_acessorios,24,401,1,213,18,12,13
b0ed7fe63babb3e705115f53fa74b20c,eletrodomesticos,38,928,2,1200,28,8,13
b10eba910a974df70b8a12d0665cdb9e,cama_mesa_banho,46,246,1,550,51,4,41
b114bf337c0626166abe574eee9e3f32,moveis_escritorio,47,1398,1,13350,57,56,22
b126c36658d4d8ae320a4ad38531cbaf,utilidades_domesticas,25,388,2,500,23,23,23
b141c668aca84c5877a5c66bd94fedc8,beleza_saude,55,388,1,200,16,5,15
b1710c76a2b88d24f13cf3afbb18d700,telefonia,60,818,6,250,17,4,12
b17110b2eaee2f703cc79fca95fd624e,utilidades_domesticas,41,715,1,550,16,22,11
b188dcf56044f0301917cd129630fd14,bebes,57,833,4,5300,40,10,40
b192be433004cc1f10b467c0e9ea309b,informatica_acessorios,57,977,1,725,25,8,24
b1936fadca97f61a4913e6798d50aa27,artigos_de_natal,36,1245,1,4450,50,8,45
b1a72e4db970375eb23425e55df451f3,brinquedos,36,908,1,425,16,5,14
b1ab3619ae093935fbb0e0033ac2046f,moveis_decoracao,56,169,1,7300,40,40,40
b1acb7e8152c90c9619897753a75c973,beleza_saude,56,575,1,200,20,15,15
b1bd4278cdf42ce07b61d1a19d1aed07,telefonia,53,879,1,83,18,5,11
b1cbf530dc2a793ced8e0768ffcce501,telefonia,40,580,2,100,16,3,11
b1d1dedf9404cb40c2cb575270828994,moveis_decoracao,57,707,1,7700,45,40,45
b1d207586fca400a2370d50a9ba1da98,,,,,350,16,4,11
b1e099942b15d8851265f7fb2de457cf,esporte_lazer,41,1190,1,550,19,16,16
b1e67d8a817ad0c6d4681dc28be1cb18,moveis_decoracao,48,599,2,1200,65,12,12
b1f32fc9713cf8c0813fff7c9c8262b2,informatica_acessorios,46,644,3,225,30,9,23
b200c3a6dbe2a96c1e2f1904361763db,perfumaria,49,699,2,350,20,16,21
b22be29b1a6f923436642bb5fe433071,utilidades_domesticas,45,528,3,600,25,10,25
b230bd784da7f2bb53eaadc273982cda,beleza_saude,32,676,1,1000,27,14,15
b238cefbf65da115fde8271ad681b640,esporte_lazer,60,1026,1,885,18,14,17
b24af8bca8813bcde4140ff8562f5e47,telefonia,59,314,6,250,17,4,12
b2572a992f6ea1d1a7eb518d54e64620,moveis_decoracao,26,669,4,3600,26,24,50
b26309a170c13aac40126a8ef3400e07,moveis_decoracao,22,425,2,150,16,22,18
b27ff4b438c93e0dbc08bf543dbe31ed,pet_shop,56,1541,2,850,24,20,24
b2a11c072dedfc137aa2393bb4a2c8ea,cool_stuff,53,186,2,650,22,15,22
b2b7d701c1f12d5a0f52ec90b0a8f819,beleza_saude,58,424,1,30000,55,75,61
b2fbf8beb178c391c49d80fa8c4435b6,livros_interesse_geral,52,951,1,700,25,15,20
b3129f40b427408e82987db1b30eefd9,cama_mesa_banho,57,184,1,650,30,8,25
b3132d56d4953f40e977e0534603e148,esporte_lazer,57,787,1,3100,30,42,20
b321301cb912a05624a28cb29c6566a7,esporte_lazer,41,258,2,1150,60,15,15
b35370362fa3ad4b1976f2a11f146dfd,moveis_decoracao,53,191,4,6500,104,6,54
b35c3c655d950af9dcd75516879eba67,alimentos_bebidas,30,407,1,2750,21,22,12
b363ba4802d9eca552da85a1125747eb,moveis_decoracao,41,397,3,6200,62,6,62
b369e02eda28d74a9bd658415b08d7fb,papelaria,42,173,2,700,36,6,29
b3a397db9c6b4ddfed9d46f6fa03c65e,moveis_decoracao,56,2010,2,1500,69,11,11
b3a3a5bfa5a1ee872afa9c86b8a0d0fa,beleza_saude,46,583,1,1050,19,8,12
b3b0bce74668bf355cbd94db1e4d17b9,informatica_acessorios,44,1133,2,200,36,15,21
b3bcd6f54c943fecf8f51e0b988e5cc9,beleza_saude,46,1969,1,683,31,16,16
b3cde9c63f334490ef1c3348bb7dfc3c,moveis_decoracao,51,233,1,700,25,30,35
b3da35152fd4ba6d1e3a536235e7a494,pet_shop,37,393,1,1200,23,21,12
b3f477c2a1fa5dd064834826a5829be2,construcao_ferramentas_iluminacao,39,437,1,600,30,30,30
b40fe421bacf70aea142a25d3ac7737b,construcao_ferramentas_construcao,54,294,6,1150,25,25,25
b423d0e69f19a48cd48305328b8e3f02,cool_stuff,60,179,1,300,19,12,16
b4431ed501beba1c20c06656260d30d5,ferramentas_jardim,45,319,1,800,16,3,19
b4436da747c3a53ab07ac0e71de17dcd,esporte_lazer,42,696,1,24450,105,50,20
b4693721011686a49e4b8fac4e527dde,moveis_decoracao,42,789,1,450,20,35,20
b47f5cf2e99655cfc404520cb7553e2a,market_place,47,508,6,150,20,50,35
b49315bbc5fe119fafd17c53f573bfae,construcao_ferramentas_construcao,53,878,1,150,19,5,25
b4b48db403b9792d92330c4a79262763,moveis_decoracao,52,1492,3,2600,105,3,70
b4b817e5f2c4efc8253b4b679c653847,cama_mesa_banho,37,1049,1,2150,26,26,23
b4bc9f5c59d29ba89f37dcfa9ea53cc1,utilidades_domesticas,28,304,1,2100,50,11,50
b4be8f8fe79a6219017a8de82c24a4ef,beleza_saude,46,440,1,200,17,13,12
b52af48deef5c1fb35c99248a5269973,cool_stuff,59,566,1,15300,98,32,28
b532349fe46b38fbc7bb3914c1bdae07,moveis_decoracao,49,829,1,850,20,25,20
b55d740a9c9a5e4b9d681828a82d28bc,automotivo,58,585,3,750,60,8,33
b571def4f66990cf63527c1d81874b2d,esporte_lazer,37,1228,1,517,23,22,21
b57635031fff59d59857f6e0a18616c1,brinquedos,46,364,2,2900,20,11,11
b596e2d70dd2f5fb5ff9ee2a1c803e5b,esporte_lazer,53,748,2,6300,42,20,32
b59fb744c6f3cd1dc23b10f760848d98,esporte_lazer,45,118,1,200,25,2,17
b5adf7b72a7eb667aafd446581c35f3f,relogios_presentes,44,234,1,483,17,11,13
b5aebb467d9a92162173cbd234e00d99,agro_industria_e_comercio,60,1843,3,550,16,16,16
b5b5a82ce5f1987b7e670f37629be51b,beleza_saude,56,960,1,1000,16,2,11
b5c4b2c6b8c342b7740e46797bec3ef1,automotivo,57,1076,3,725,28,14,28
b5c9804aab5c4cfd555ebfbc609de43d,esporte_lazer,48,1062,3,400,22,12,17
b5e13c9a353102f79c6206ff5cb61a50,brinquedos,59,249,2,1500,40,25,20
b60c241f66e031959b70e1c60725f0bc,cama_mesa_banho,55,555,1,650,16,10,16
b623b7cb05ee3248fbe4a6ecbeed79a4,brinquedos,41,673,1,3008,32,45,32
b627df9914b9bf141437c51b8a749d35,cama_mesa_banho,52,516,1,950,16,10,16
b6475dae3a2796ed87cabc7b8e8debcf,utilidades_domesticas,46,558,1,250,35,13,19
b6665355b9d865e088250a5c8d7b36c1,brinquedos,58,246,1,300,37,20,20
b667e64d366991432e4c9c45ec4d6d1a,esporte_lazer,49,336,1,187,18,16,16
b6b76b074ed0d77d0f3443b12d8adb5e,relogios_presentes,46,531,6,300,16,2,20
b6bdebb92f595f00c73bd42e0e3a8517,telefonia,53,716,2,150,19,4,20
b6c1e56a27659fd3ff8d352d7a24457e,beleza_saude,48,97,2,300,16,16,16
b6d96e7683a87fc151ea589ce97a330d,beleza_saude,18,180,4,150,21,4,16
b6e352d888ba31d8999af279cd63aa24,utilidades_domesticas,42,337,2,1225,27,26,26
b70722d88b1dddd6ecbb159db90faf61,utilidades_domesticas,43,578,3,250,25,15,25
b72b39418216e944bb34e35f4d3ea8c7,esporte_lazer,39,141,1,767,26,8,20
b72dc9d458ca694e434d1436566693cf,telefonia,55,599,1,200,19,4,11
b736ba4727efeae1f506172be7e39905,fashion_bolsas_e_acessorios,56,187,3,100,16,2,11
b736d9a2b8c08167e109d209e97833e0,fashion_bolsas_e_acessorios,24,485,4,200,16,12,16
b74d57e3377dd78aace6d070fc48cc88,cama_mesa_banho,55,556,1,675,40,18,35
b75a056d7d03227c3a3b60e9ccf518c9,automotivo,60,1259,2,450,20,9,14
b7605b5b483063d12bd90a772bff9d21,cama_mesa_banho,45,437,2,550,40,7,50
b770fdfeb3598c315c74c881afdeacd7,automotivo,59,978,3,255,16,12,14
b7d3e30e28d937c46e0a72024c6cdc67,relogios_presentes,36,521,3,550,38,12,38
b7e5e565cf760233e922ed01e122ca8b,relogios_presentes,55,502,2,250,16,11,11
b7edca604f2668c0f41fc7731fe640ba,relogios_presentes,50,527,1,300,16,11,20
b7f9e962dba31973edd059ada998d699,moveis_decoracao,31,215,1,1200,21,28,21
b80921007ed3f68cf6e536e6daf08610,telefonia,58,751,4,300,17,4,12
b811b7a802d2bc88a918a9b785a6c18a,informatica_acessorios,60,240,1,810,34,16,16
b813c88d024da60c2cbdf7a531e4fa77,perfumaria,60,441,1,500,23,8,15
b83738ac1903f7c8f0ed378cb085909c,eletronicos,56,1184,3,5700,20,15,13
b8411dee248601bc460bac8e1fb8a102,cama_mesa_banho,56,471,3,525,24,7,29
b84520a57891e7a8ae2c68741dcc7146,relogios_presentes,56,660,3,250,16,2,20
b84c4c7f1845f068f40e350865b803fa,beleza_saude,55,865,4,1400,42,12,11
b86dc01954a679a35c813184d15c4e8e,papelaria,48,332,2,350,16,8,12
b8762d562d810c2f8d7ad7e9c12957be,utilidades_domesticas,38,130,1,350,20,45,20
b8a0d73b2a06e7910d9864dccdb0cda2,beleza_saude,43,295,1,371,20,16,16
b8ce63487e1d8881dac505b123c8e9b6,bebes,53,715,5,1250,60,20,50
b8d157185e5abaabd9244275aca22a7f,fashion_bolsas_e_acessorios,39,247,5,50,16,6,11
b8eb8663142255eb7ab4526b3ee1c7fd,informatica_acessorios,57,207,1,400,28,6,13
b92c0c9a860191befb3f8139aee8c4e1,beleza_saude,28,733,1,700,27,14,15
b92c9497350a21aafcfe30f2265068d1,moveis_decoracao,60,149,1,300,30,16,26
b931645cdc2d9868f01544e8db63f5ab,ferramentas_jardim,59,398,6,4200,50,28,28
b944aabf1fc45c01599ee96c7f4d533e,eletronicos,60,246,1,150,22,12,14
b969a0b5d4b1c5c7458bf16c0ad407ad,eletronicos,31,369,1,150,25,7,16
b97f763397091be9d344874e6cd31028,perfumaria,60,867,1,700,19,13,16
b98546b83abd474d9517e36a1eddbc22,esporte_lazer,56,617,3,1100,32,9,21
b98992ea80b467987a7fbb88e7f2076a,moveis_cozinha_area_de_servico_jantar_e_jardim,58,576,1,10400,16,68,32
b9900407a55cb2b306ae612415c3340e,livros_interesse_geral,45,646,1,400,26,6,36
b99e4f4fa3f421e0ffbd512d9f152dec,eletronicos,52,240,1,1050,22,9,12
b9c742d2c1b06bc064c7aee11440e5ad,telefonia,58,366,3,125,19,4,11
b9e88d457e276521ccb0b226f2f8f18f,fashion_bolsas_e_acessorios,27,206,4,150,18,9,11
ba0aeab8fee0bfc98bb3bfbc321e6d9d,utilidades_domesticas,48,763,1,8600,35,35,35
ba230fc7bcaa2f503c46d73098caeb66,eletrodomesticos_2,58,722,1,18250,45,95,25
ba2a4b4789f9736851b6a9c98d30f21d,esporte_lazer,42,428,1,350,16,10,16
ba2b57d0310d7cf65e8538089a9e72f4,utilidades_domesticas,51,727,1,800,16,13,12
ba4a91633739ceceb2b73b627e2cfbc3,moveis_escritorio,57,1296,1,8750,52,51,17
ba4d4408f422ce8b42de69cbf879f5f9,alimentos_bebidas,38,916,1,300,21,10,15
ba572ccfc6c650859ea32461831bed57,moveis_decoracao,52,1051,1,680,33,4,33
ba5e8c3caf51c548e15ac48cd838fc5c,bebes,33,360,1,3050,40,15,30
ba5fb4ab9cd70d201b74b5bad9d4ca00,telefonia,42,347,2,125,17,6,13
ba63a82a6a467d4d29dfba52bfeb064a,relogios_presentes,44,1748,2,450,21,14,14
ba80c9f47a84d1e08465f72e22930c83,pet_shop,41,901,1,150,19,10,15
ba85af910c6f4624929eaf3879d72321,utilidades_domesticas,27,179,6,600,18,4,12
ba9943916136c9959e24f71bdae28faa,informatica_acessorios,46,669,3,200,35,2,25
ba9f160a6ae1c23f25d690fd06fe4fd8,brinquedos,56,707,5,7050,20,62,35
bad9d1329b763d5a67f2d5d6b0a5f94d,bebidas,40,423,1,1400,18,34,18
baeb8e1a680cf9e1f13557d74b6cec3d,ferramentas_jardim,20,2751,3,2400,31,28,15
baf13e0439b20cf7b30c07d3657f8145,bebes,54,1385,2,2056,39,22,27
baf7a75881d1a6704d6341161009a0cd,consoles_games,50,555,2,600,20,15,20
bb1378aaa2d6f539069001a8dfda9a58,brinquedos,32,473,1,400,23,18,16
bb3bac7219d5d0b390326ddf5a562366,cama_mesa_banho,59,683,1,1567,32,5,29
bb463a67fa5f529fed44b2a697346c4e,relogios_presentes,44,1445,1,155,17,10,14
bb4f8cfc76a66cb770208b2c1d2c6269,esporte_lazer,55,1987,1,1400,20,32,20
bb50f2e236e5eea0100680137654686c,beleza_saude,60,2644,6,400,34,4,22
bb5142bfd51f0ca814eb6d8c78fa9842,cama_mesa_banho,55,1537,3,550,28,21,23
bb5270be574487250ba3c3b742caa6e0,malas_acessorios,60,2071,6,1150,20,20,20
bb5719addb75c18148e1b6aa91e3793f,relogios_presentes,60,717,2,567,16,12,12
bb5d4ec6e4443ba8589bb940d5b2945f,moveis_cozinha_area_de_servico_jantar_e_jardim,52,705,2,23900,100,20,60
bb5fc9090888f494938ab2b3c90dda7a,papelaria,36,406,1,150,16,6,11
bb6b6e173472747c5b94c0b72c4fe56c,relogios_presentes,55,626,2,250,16,11,11
bb6f30a0d7b5ea35ae9e052d52324002,moveis_decoracao,59,935,3,850,37,8,37
bb7181410b4e02f93f3697f765db53c7,bebes,36,1058,1,14950,77,20,53
bb77135946e78428a7a5634a46113a22,bebes,57,271,1,600,25,15,25
bb7a5793447637a7bb096f75dd7e5dbe,beleza_saude,46,1377,1,1300,25,12,12
bb90206fa281c20f0b4c42a2393b54dd,informatica_acessorios,39,72,1,875,35,14,14
bb97ffd9ad088f593995b5b26dc9c24e,eletronicos,60,692,3,1167,33,6,20
bb9b0c89e9d58f5cd33126ab223de642,cama_mesa_banho,42,463,1,12600,50,28,40
bba0d9c4f470ff541dba7f02d791a4f3,relogios_presentes,59,679,1,400,16,11,11
bbaef2eadf31fe3ea6702077398be06c,perfumaria,45,1003,2,400,18,11,11
bbdb487c5f9a780a6a574fe48ed37796,esporte_lazer,34,447,3,650,60,10,50
bc0246e1fa0a21cfceaed952d3e9cd38,automotivo,56,247,6,850,30,5,20
bc048769f430e8e98c07bae3108a422c,relogios_presentes,44,546,1,475,19,13,20
bc055ae94989497c0d66bfa4263ccf61,informatica_acessorios,49,544,1,150,24,12,13
bc072f287b475a918c00b3478d1bcef9,automotivo,55,3479,4,2500,21,18,16
bc0bfbb69aec0f46d1058bfeb5b973b3,brinquedos,50,476,1,300,22,8,28
bc137217dc0cb0559a1f46e0500f50b6,bebes,38,596,2,300,30,8,12
bc2d6310e5cbd60facb2f9c8d9471597,cool_stuff,23,779,2,7100,36,47,32
bc74f63361c15c1a5baa5b97ac432e62,beleza_saude,42,500,1,4050,17,11,13
bcee6fd62c36b571fc4522eb3aa7138b,utilidades_domesticas,45,1250,1,5900,35,13,55
bcf8ab16f538b2f7bd63ebf67faef909,moveis_decoracao,63,184,4,8200,100,7,70
bd0c8fe7ca76c396baeb6968121eb825,fashion_bolsas_e_acessorios,60,1664,7,150,17,2,19
bd2c3709849255acdbf5855094cdaa01,cama_mesa_banho,41,350,1,1525,50,15,38
bd6e6fce9ada76ea2db0f1912e8e478f,cama_mesa_banho,49,381,1,850,25,18,40
bd6eb9532e448ca538cec41d0b9dc228,instrumentos_musicais,47,182,1,1100,90,20,40
bd7cab8de4d7943286634023cc06f8ff,bebes,59,1226,4,23250,23,50,84
bd8c0934082247e8c53c9b8fe35a4dad,relogios_presentes,37,277,1,483,16,11,16
bda14a918da6a4fa9168277a57d59578,esporte_lazer,60,1569,3,1900,105,15,15
bdb4be6ce2f7f2b5be0a16088028c7fc,utilidades_domesticas,54,851,1,3100,45,28,26
bdc3291ab242ec1effc8eb0987850268,eletronicos,53,830,1,541,19,12,16
bdcf6a834e8faa30dac3886c7a58e92e,beleza_saude,26,394,1,1614,31,16,28
bdef7736f61a507f68b31bd86ddaf69d,automotivo,56,690,5,1400,30,28,28
be0e6c61c2bcdd9a4d022ba67fd66189,flores,54,186,2,250,40,20,25
be15b247cf0071eb495d6aa6d35e6e22,informatica_acessorios,60,198,1,250,50,5,50
be1be330cf34043d1c40d6114cbd11b5,relogios_presentes,51,484,1,317,19,13,16
be1c4cf8a2d2aade623eb7a646d2a0bc,cama_mesa_banho,54,508,1,850,45,15,30
be29276f7c3781b418ca51f707255455,beleza_saude,53,522,1,350,19,12,13
be3b8f91ced393f1ce60aacfb6a04c1d,esporte_lazer,52,479,1,5350,20,42,38
be3eb52ad733d7f7fff631a0cad35e81,informatica_acessorios,29,863,4,500,16,16,16
be4c9d0368829d208573322be600c95c,relogios_presentes,54,728,2,200,16,11,11
be588e939ab09c7ca4d4046266619de5,pet_shop,37,361,2,11750,82,7,72
be62f0c24387eae79f18265ad2a5d8cc,esporte_lazer,60,2214,1,4100,16,10,16
be764855458cd43b36c334faa773f7d5,brinquedos,33,364,1,10925,50,31,48
be837f2e0152a208d4386f4126d5bd7c,eletrodomesticos,60,940,2,950,25,11,15
be8aef10cd8c8a52fa98f5f7f71bb373,cama_mesa_banho,57,381,1,2200,45,15,35
be92bd4ffb2aeb2776beaf42860ce0ce,informatica_acessorios,46,168,1,100,18,9,16
be958064244f19bf11ee270b2feca7a2,moveis_decoracao,60,1701,2,700,60,7,11
be9bda3f5667ecd07de6d194b60ddc01,esporte_lazer,35,713,1,4000,85,13,23
bebd360fe73dc670fd6439e9b943ceb7,relogios_presentes,31,948,2,250,19,14,19
bee2e070c39f3dd2f6883a17a5f0da45,informatica_acessorios,53,871,4,175,20,20,20
bee7be9ff27f64fef1afeff03b298cec,automotivo,58,424,2,50,24,2,17
bef6177f54efb9a6218e124b629fc152,perfumaria,42,850,1,510,20,13,15
bf128b5dced56e2ec0391179eb70443d,bebes,55,728,4,2300,24,26,36
bf53d80c6cb1cbf63ba17e2175d521a5,bebes,32,1531,2,600,30,40,50
bf84efc59aa20236fc3cb0d7a9e7ca44,informatica_acessorios,48,1761,2,300,16,4,18
bf8df11db5850b8590e3cb397f18a916,cama_mesa_banho,42,451,1,1200,70,16,50
bfa3d6cdc62f90365c2a895263e371a0,cama_mesa_banho,45,892,1,1000,35,8,35
bfb42d0b9ef73eda575552be54ef53e1,papelaria,24,32,4,250,16,2,18
bff2010b28e8fbcff5a9db9d3fea5ac4,ferramentas_jardim,58,769,6,850,90,20,20
bff799c85e5634f63ec5c505220d1cde,automotivo,58,408,4,250,25,15,20
bffdb7d6bdb994823039ac983d6d30ec,pet_shop,31,621,1,144,18,12,16
c033d17d5564326cf7986e7ffda1cf60,beleza_saude,55,865,4,1350,42,12,11
c0350d6ac413eda4641bf92ab687f1b5,fashion_bolsas_e_acessorios,29,132,3,50,17,4,13
c04ad94639d284d69b5ca0642a44f445,automotivo,32,347,1,11650,40,30,30
c060e10a2d12cc32962f598397156c20,cama_mesa_banho,34,2770,1,600,16,22,11
c0704b7b41d23540e8576c5e84484dcb,beleza_saude,38,2113,1,250,17,11,13
c072e7b87c8413341505d50d8234fbc2,papelaria,49,151,4,7900,35,55,25
c075b8e131353552218860f1c421e4ef,moveis_cozinha_area_de_servico_jantar_e_jardim,30,1565,4,1750,20,16,30
c07d367dd7b78b0558e7a3e1e1a975c8,cama_mesa_banho,58,293,1,12850,60,20,40
c0874e1265b2428abc4d213e9fa6beb3,beleza_saude,47,770,1,300,19,12,13
c08deb7ccd1916f614546a816fb951f2,moveis_decoracao,43,598,1,800,30,35,30
c0a933a473d7482b1ae218c7f3a0c743,livros_interesse_geral,31,1457,1,1350,26,15,22
c0b2635b5a3c7c81327cbf13d8b39860,beleza_saude,43,1981,1,850,18,10,12
c0c4cfd8255da22de900ac9e613e2a73,ferramentas_jardim,57,361,1,800,24,13,18
c0c5899d3df29722ba3f12be79dfeb10,moveis_decoracao,39,453,1,283,19,12,14
c0ea555ff29c50e43c608958cf40880f,brinquedos,39,400,2,325,27,18,11
c10426af8413edc42015b10a76b43651,perfumaria,50,551,2,2200,35,5,27
c1254983bd81d72b96867b6838582cf5,esporte_lazer,46,565,3,2050,20,20,20
c12e49e47562c48e7c81b75e59f91cbf,brinquedos,47,782,2,1400,40,41,42
c155f6ba0dae0f11299f1e33fafdea65,esporte_lazer,58,1678,1,5800,36,31,31
c1617123e66d2491ca93ceadfd36203e,cama_mesa_banho,54,687,2,1050,32,5,30
c1848f7c08dcca8335a8e18f2d3f0ff7,automotivo,57,527,2,450,23,25,24
c19d5ba108c34b8255cf9a524da92bc4,informatica_acessorios,40,413,5,150,16,16,20
c1ad8ac66c91ad301cefc322ba2adf31,relogios_presentes,44,371,2,757,19,14,15
c1afa44a5a60e2e7cf7280e57eba0597,ferramentas_jardim,60,1486,2,12300,33,20,80
c1b851dcfa2dd09a9349f396b2daeacb,moveis_decoracao,59,955,7,3450,90,12,20
c1cf8f51eac90b1ff478250b3d35c37b,esporte_lazer,57,326,2,280,34,13,13
c1dfd7dc17df380ed269d0fc905f6e22,utilidades_domesticas,53,413,2,600,16,16,16
c1f5307decb89342351bec53668cffd9,telefonia,60,777,4,300,17,4,12
c20a3f598c16d77249da67e81caa8317,utilidades_domesticas,57,529,4,575,16,18,12
c21afe62d4629a660593fd9b5e6223bb,telefonia,40,361,3,150,18,3,16
c230b471b7e21ff9060e68ee154afd70,,,,,200,16,5,11
c23381297fa734ea441a15d723199fb5,informatica_acessorios,60,789,4,200,20,20,20
c23b47bacd44b878e3345d06ab5664dc,beleza_saude,30,342,2,153,14,14,12
c25174e1e4fd7fe5c3420869d61fe2a6,brinquedos,56,77,2,600,39,30,29
c2849941c090e1ee1732b25aaf01b397,relogios_presentes,45,359,1,250,16,9,12
c2a1ff8408a1c857c8730e4d12da714e,utilidades_domesticas,56,1221,3,1450,21,17,22
c2b89f69031e68bf1a02822eea9c155b,esporte_lazer,41,1726,4,400,30,15,15
c2bd03501cf7f4f3a1201e6069155bc0,moveis_decoracao,55,133,1,900,35,4,30
c2ece64199af7a53793ed9612a89a8cd,moveis_decoracao,59,955,7,2500,60,12,20
c2f2d10f8b047f5cffef731479a34432,eletrodomesticos,55,354,1,100,18,8,13
c3002d67c0b8c6449c3a80c1556ad8c5,moveis_cozinha_area_de_servico_jantar_e_jardim,53,1563,3,3300,40,20,60
c3097e07a0a5de0d4b4c836d90c5a284,eletronicos,43,425,1,200,22,11,16
c312a691cf0af01311be9671eb161a0a,moveis_decoracao,54,681,4,450,16,21,16
c316d99c0a8d01fc59bde7e88edf27bd,relogios_presentes,57,634,2,120,17,12,13
c319f453652bff80bc8f9f71d87e56c1,bebes,46,715,6,260,24,19,20
c323aa503973c298f05ba6787af50384,pet_shop,34,413,2,19200,85,10,72
c326c16c4e67b3648c8992954d628795,perfumaria,50,646,2,500,20,14,22
c354569eefd558bf201d0aedf35608ed,cama_mesa_banho,55,166,1,700,49,4,50
c37123a4ab536f2b55e1164f5759318a,cool_stuff,60,1906,4,150,17,8,17
c3798d484fb730f0b5c23af0d5361595,cine_foto,45,150,1,100,16,11,12
c38f6f64a4a1abb154fd4c09070d00a8,papelaria,55,322,3,600,21,7,15
c395a11dd90b985496c100861b7c4710,cama_mesa_banho,42,188,3,150,16,6,20
c3adcd846a294794059da678fb939220,moveis_decoracao,63,394,1,1200,23,18,43
c3b9c5a3a88d5cd18800fb865741d9ad,cama_mesa_banho,47,162,3,2800,35,12,30
c3ba4e8d3cb30049213b682e751e9d00,relogios_presentes,58,737,3,350,16,2,20
c3debb9f3fb28192343a8f757fd3dc0c,esporte_lazer,47,569,1,400,16,10,11
c3e275e10cfd7f3b56f7f657699cfafe,cama_mesa_banho,55,273,1,1250,38,10,38
c3e34cbfe33021ebcb984bc07aef6b73,malas_acessorios,42,348,1,750,25,3,20
c3ee182803f3eddeda33f9b821bf9e21,pet_shop,43,530,2,500,20,35,20
c3f6113d5b61bc95468432072b27e23d,informatica_acessorios,64,676,1,300,36,9,11
c403e106353e1aa40efe783ecb39ed7a,cama_mesa_banho,30,169,1,550,40,5,30
c4101d1b4e0fabda6c62a8074e92cbbc,eletroportateis,53,199,2,250,16,35,25
c413fa08b405af6edb9d49e85e241c08,telefonia,37,326,2,100,18,4,12
c41eca01a8bceb6c987b2a935a5ad1cb,cama_mesa_banho,53,253,1,1550,40,20,20
c429a719cac9a29bfb5749d8f9043dae,perfumaria,40,1389,1,457,25,9,21
c43ab4269cbf91b373263db4c2973cad,cool_stuff,59,734,4,650,33,18,27
c43e56cd1eb509cca120446a61579ec0,utilidades_domesticas,60,413,1,1800,30,30,30
c445e66ff5aed16191fd41e4d9fcf2aa,cama_mesa_banho,54,853,1,1175,29,7,28
c448475cc4766baebabe30ee6d5f3fb7,papelaria,50,105,2,450,20,30,20
c44f25ecf77c3fdd779c0fcac33aef1f,instrumentos_musicais,64,996,10,1400,50,18,45
c44fd47f82e429f739693c82c73a43b4,telefonia,41,749,3,401,17,9,11
c46340bc7e4d674d73196dfc202fb2cc,informatica_acessorios,52,389,8,5200,47,59,12
c4761af5e6a2183cc23c77a8d16f9d09,cool_stuff,58,426,7,23000,60,42,57
c476f7ea19b96cf3e65bd83d88439250,automotivo,57,1187,4,1650,30,30,30
c4aa0ceec0529a29290c24f2bb490b3d,telefonia,49,2200,1,100,19,4,11
c4baedd846ed09b85f78a781b522f126,ferramentas_jardim,58,1893,1,5950,20,20,20
c4cf7c2e1f190d51517eba7e8211c8e6,beleza_saude,50,1077,1,200,17,8,12
c4f2546fff25a5789819a7b943505bcf,fashion_bolsas_e_acessorios,33,353,1,50,17,3,12
c4fde94eab39fba350fee41d60ffd8f9,automotivo,58,1225,1,1100,26,40,20
c50ca07e9e4db9ea5011f06802c0aea0,beleza_saude,59,1782,1,125,25,14,18
c55065b87cbfeb89e7714d838d588afd,cama_mesa_banho,50,256,1,2300,40,7,30
c556dfe03a2efef617497a3de58cb44d,relogios_presentes,38,558,1,500,20,11,15
c56400aa5823575d5a92a8f98077490a,moveis_escritorio,48,1043,1,9150,35,52,35
c59b59b99633517061514b986fd0a481,ferramentas_jardim,53,321,1,250,22,3,20
c59f580bd1844c1f634ce410bda0a6ea,moveis_decoracao,42,1405,3,150,35,2,25
c5abb4a7296fc26dc57bccbe8ae2d677,perfumaria,57,728,1,150,16,5,12
c5b6cb0ce3279d64025831b972bf5dee,papelaria,59,354,3,6050,38,30,28
c5b72065154ec27c2d1ed8a654c3348f,relogios_presentes,36,1116,1,416,18,9,13
c615ac0ef96d723029051d29d7cd2d16,beleza_saude,57,1479,1,100,30,12,16
c62bc42d383a40b285eee3f95240c817,cama_mesa_banho,56,2536,2,1800,43,8,33
c6336fa91fbd87c359e44f5dca5a90ed,esporte_lazer,39,772,1,150,16,16,11
c63aa9195696eccba5bebc6d7a20aedc,beleza_saude,57,388,4,200,19,11,23
c63ea4621680c1b0fca8864c0564bd78,informatica_acessorios,57,918,1,625,25,8,23
c64ff741cd910a276a6c328f95124a4f,brinquedos,19,338,1,200,30,12,12
c67b3dcc9c4490a8f7e41abd65cf9eab,eletroportateis,52,214,1,250,16,35,25
c681df24c54f79b5eab51e15b603abf8,ferramentas_jardim,40,313,1,800,40,3,15
c6bf4cdc2fc9ca1189d18f026d95af07,utilidades_domesticas,58,1237,5,5250,81,13,31
c6bf8cc852eee5c4ab264e792a9c23a1,casa_conforto,37,95,1,2150,52,12,42
c6ce25f40e2feb55d390810e72ee44f0,papelaria,45,286,1,150,16,5,16
c6dd917a0be2a704582055949915ab32,cool_stuff,54,1012,1,1200,42,25,15
c6e3c9a59b663e36a8b95b2dde81fa33,esporte_lazer,30,451,2,1300,30,10,25
c6e513054b982283c1cbbb2a45d02d83,cool_stuff,56,777,5,300,18,7,12
c706d50b57c9e83293c2586d01f32445,papelaria,60,310,3,600,25,7,24
c7084bc72369a57c93c6edaf0b60b235,beleza_saude,37,613,5,600,23,7,48
c708ba7c6269161f89ce0683cdd7c432,relogios_presentes,60,379,3,300,16,2,20
c71a9c53596bf311acd9e298a0b3dc42,eletronicos,60,225,1,167,21,9,14
c72edc98e7d77f0c4c04ec80730c05f5,esporte_lazer,18,370,1,700,26,14,24
c73628b1c3144b2e0c9c88072f21a213,automotivo,60,1892,2,850,20,9,14
c73d6ef7bae692425ef183569ae8f96e,utilidades_domesticas,46,709,1,13000,60,39,58
c741b4e884aadcb383abe964529d76ce,beleza_saude,37,1050,1,475,20,10,12
c76eef5f50220461d23cfc786e6e82b2,moveis_decoracao,56,1493,2,600,68,7,13
c781fcf450227132b560b10bbd2ed26b,bebes,49,375,6,200,29,7,16
c784a651cf319526cc7cf854f83cb941,papelaria,58,125,8,500,30,19,30
c7a3f1a7f9eef146cc499368b578b884,portateis_cozinha_e_preparadores_de_alimentos,52,1372,5,7350,40,30,23
c7b3b8509e06ae21abdd78b541215cda,perfumaria,51,504,2,317,19,15,17
c7b3cf9de7be95b3e09e7a63315685eb,malas_acessorios,49,489,2,16250,18,53,39
c7b434e06698e7a2bef457be15a048d2,esporte_lazer,59,653,5,725,22,14,14
c7bcab3a7039340cf46705f43bab3ee2,cama_mesa_banho,60,341,1,1200,40,7,34
c7c27b5cbae5f0689560d8d154af7724,automotivo,39,1129,2,2050,90,13,18
c80525a7dab2df6000ca88a2e7197323,beleza_saude,56,587,2,275,18,11,13
c8078bb7927143cdb008e3563230ca61,bebes,40,1978,4,250,65,11,11
c829cd4f5382dfc97d9cb71af8619e79,utilidades_domesticas,58,1581,4,3975,41,31,31
c853cdc7ab9eab59b04f753cd9a2f27b,utilidades_domesticas,51,2780,1,400,18,19,14
c857b96593773e940454e76efa8eabb3,moveis_decoracao,55,133,1,700,35,4,30
c858f88f3de50584c39e8b4fafdd7d61,moveis_decoracao,57,2010,2,1450,69,11,11
c87a617241993d71f043ed39858daa43,beleza_saude,59,2141,1,475,36,18,21
c8894c0b162237058026ee80fe6a6f56,moveis_decoracao,55,802,4,400,50,3,25
c8a3354f3676a68d1d990112ee5f2b5a,automotivo,37,182,1,100,21,3,18
c8abdbe349a97073e7aebc795be55bd8,esporte_lazer,59,1569,3,2150,105,15,15
c8c969c3a6423f48df9fde8a13e6770b,cama_mesa_banho,52,662,1,550,28,4,22
c8cfa622661e047ea2499f8bce4731a5,bebes,56,628,2,650,24,14,18
c8d415e06ebd7a37c7a5b4a18641ca11,beleza_saude,53,1267,1,383,17,13,15
c8e7c2ef329fcda4a233e7e2f8bb8b7d,utilidades_domesticas,58,1245,1,200,16,12,11
c8f7df520102efbaf9927f5acf21b928,brinquedos,54,452,6,450,21,9,16
c904e2f76d44b7aed8979dd9f63f621f,bebes,54,756,4,600,24,13,18
c915ddfdd3e9d773e0939691e85f1d38,esporte_lazer,52,1421,1,1054,23,21,20
c91fd1bf3e75d3b29370483ffda5eee0,telefonia,60,751,6,350,17,4,12
c924e005748982a0f58ec549a7b5e353,relogios_presentes,41,224,3,400,19,9,15
c92a761aaccfb831d4220d44648f260a,ferramentas_jardim,55,485,6,100,18,8,12
c92f0e7b9d49a9543558d6532772441b,malas_acessorios,48,485,5,17550,73,20,47
c98f9b6939bc77914b077d6aa93cd97c,dvds_blu_ray,59,1085,1,200,20,2,14
c9996076c21558c4878c8d2fed12c45a,brinquedos,53,465,6,1867,25,18,25
c9af29e8a0c52866bb2c9f5f6344d9b2,moveis_decoracao,58,2037,2,650,69,11,11
c9c455f9fd8ca66d3ff7f90a249753b4,esporte_lazer,63,1599,5,500,25,14,22
c9c6fde711572c1ad99ca12728c6af00,telefonia,51,678,2,150,17,8,14
c9d067f785507045799795719e6e6131,esporte_lazer,57,1260,4,26500,105,70,20
c9dbe2eec19a8093cb5ac57486531c18,cama_mesa_banho,55,124,1,1375,30,6,22
c9e0665ea8ce2a04e4db1b53be9fc0d2,,,,,1683,34,21,23
c9f715b64f3ef33d99418422fdacd013,automotivo,60,1382,8,150,18,5,12
c9fa6a0dbc5b979d8c99f38c3c9c912f,consoles_games,50,481,4,100,16,3,13
ca00817d14c90f75f3695ef75030c907,relogios_presentes,58,427,1,1200,31,5,31
ca1a0f9d5386abb248034b9b18e2c981,eletronicos,43,566,1,215,19,10,14
ca349c4d87c594b4995fcc4fa9c0b77b,beleza_saude,45,374,3,200,20,3,30
ca38c039b717207dec906f4fa9a21db7,beleza_saude,53,3734,5,538,23,12,34
ca3d7d7b66676d1731e2fe13b5243c43,cool_stuff,39,1514,1,1700,28,36,27
ca4fe13c336a5399a892b4afabb17abb,alimentos_bebidas,54,314,1,1650,24,24,24
ca5c923962558430573f83661dbe36d6,pet_shop,59,747,2,1250,40,20,30
ca6d10d1487b13988e0241beaa7fa089,livros_interesse_geral,46,1047,2,1500,25,7,19
ca815d1a82897d9d4503e2e367931d03,cama_mesa_banho,54,204,1,2100,45,20,25
ca873fc3d2a6186b92f8c32d685012a6,telefonia,57,319,3,275,16,5,11
caa1675deee5711b3aff1e4f5946266f,eletronicos,55,1040,4,200,16,5,11
caaa713799b547352795c831a14f1c3c,pcs,60,1949,4,2600,16,31,39
cac9e5692471a0700418aa3400b9b2b1,bebes,57,2440,1,375,29,14,20
cad2db5e318d7283a234c517b2f28a42,cama_mesa_banho,60,259,1,1600,30,5,30
cae4c48440297651e8ff3c2d58d314d2,moveis_escritorio,50,2083,1,20500,58,28,58
cae7248e9bdfda82584faea19dbf793f,relogios_presentes,56,280,3,300,16,2,11
cae79e3b5c787c231543fa415a20b5cc,ferramentas_jardim,36,2213,1,350,45,45,12
caf540627b7914ab734c86495fdc95ee,moveis_decoracao,54,769,1,13300,45,35,45
cb0fe29b88df5b43cb3d434b6b0e8db4,utilidades_domesticas,31,909,4,1525,65,10,25
cb17b798ba889575385281b7ec2fc22b,automotivo,49,1208,4,1300,20,20,20
cb26d15d1b6eabaac7c0803774245884,esporte_lazer,54,1247,7,30000,86,67,35
cb3fe5272f5eb5d9c10f4274866bfc0c,telefonia,55,71,4,150,16,5,11
cb52e6775d816cbdadade36948e81fc8,esporte_lazer,41,2035,2,10000,40,34,44
cb61a9727a2f74ec0c80652f4d62e812,moveis_decoracao,47,1094,1,6833,52,52,17
cb6c1c21ebc9c153a7baf319c515657a,informatica_acessorios,24,718,2,200,41,2,29
cb81df0e3ccece253557f2a07df4727e,esporte_lazer,25,469,1,225,18,15,16
cb8209d6b80bfeffaef2d1f694aa93a9,automotivo,56,870,2,1000,30,15,32
cb92637d91f8267856d2143b6fc7bd9e,esporte_lazer,49,1806,4,250,22,14,11
cbbc2be2dd13b09f354a19a987e05924,moveis_escritorio,60,1252,1,7850,52,51,17
cbcf718a3400ee5b15ac8d78559e6bb6,beleza_saude,50,878,1,350,19,12,13
cbf065c6b1569d0a2f384856d3f27dc5,pet_shop,39,770,1,3875,33,33,33
cc2232dbef2c9fca23f4c7f6a19a42e3,eletroportateis,63,587,3,300,21,11,17
cc30e5a54e83c955899121be1223104e,consoles_games,39,382,3,150,20,2,15
cc3181a81384b6fc34602d49cb6068a6,eletrodomesticos_2,33,94,1,18450,68,21,42
cc3361c59c7af3bd862f41df044549e0,eletroportateis,49,588,1,6600,41,38,28
cc3e0004237b0c02f8fd95f943e1cebf,moveis_decoracao,27,296,1,350,17,26,17
cc3fa983a53e9876a42790033f06a9ad,cool_stuff,60,416,1,6730,34,28,29
cc5447118c174dcc6456c84ccb29e6f7,perfumaria,25,549,1,550,19,13,18
cc971e0365873137b8bef2ebad633e6f,cool_stuff,54,1001,1,2400,42,25,15
cc99f9e6673b4a99658d70f73c3bf1e6,moveis_decoracao,60,782,1,1150,37,5,28
cc9e875c2df286dbed83efe01191162c,la_cuisine,57,429,1,2700,85,7,40
cca44f5c2c4c50a416b7ee155a58b2ba,relogios_presentes,37,536,3,550,21,13,16
cca8e09ba6f2d35e44f05b3c936d644e,consoles_games,34,1413,1,150,20,3,18
ccab0a345f7929a38c73b0f978107e74,beleza_saude,59,879,1,6900,26,26,26
ccadfeab525a9eb1569983b66e5075c4,fashion_bolsas_e_acessorios,35,920,7,100,20,2,25
ccd42132afae2f1f5bfd5e27549c6ece,esporte_lazer,59,756,3,500,50,5,30
ccd686475dbff77b93871eae4754526b,brinquedos,60,528,2,3850,47,15,45
ccdf954ce1d166f00d312d6b461c046f,bebes,52,1578,3,14000,45,84,54
cce679660c66e6fbd5c8091dfd29e9cd,cama_mesa_banho,43,125,1,250,40,4,30
ccf965dc2dedc243ce245610ffcc1e6b,moveis_decoracao,33,106,2,250,20,20,20
cd0c6e2f80f5a0ea7e366b01bcb66154,telefonia,57,598,1,200,19,4,11
cd3f4942e46362adc32589ff1a90e3dc,utilidades_domesticas,19,203,1,4050,26,26,26
cd442924cc287cda38d9de01d285b263,beleza_saude,53,1014,1,200,30,12,16
cd4536501f4e8486f233ea0c0e7e1ee8,esporte_lazer,36,280,2,650,30,10,16
cd46a885543f0e169a49f1eb25c04e43,informatica_acessorios,58,1390,2,3475,54,13,48
cd48f265a63e13b762601f5f794c5fca,bebidas,48,859,3,175,23,21,21
cd594cc360d11f5d9cb49954a618d9bd,esporte_lazer,60,1341,5,7050,20,15,82
cd66fdcc09793a54b109fee14eee72cd,moveis_decoracao,22,792,1,600,16,17,16
cd6efbd49aaf6ab8c3eb9605aae7e942,papelaria,37,276,3,200,20,20,20
cd935d283d47f1050c505e1c39c48b67,esporte_lazer,32,658,5,281,30,14,25
cd98dfe8c9e4a7e14da489ba34f3a845,utilidades_domesticas,35,612,3,300,40,5,40
cdafffbe81c76e4cb8b1270523215c82,perfumaria,47,313,1,500,16,17,15
cdc67f292e1e8ca492ec7b16ab5bf299,cama_mesa_banho,55,117,2,800,60,8,60
cdd914e78124a73cc28a165cfc4a0bbc,livros_tecnicos,34,1580,1,1800,29,3,21
cde3bb853ac754da1e3ab62b7c2593a9,eletronicos,57,1356,2,225,21,11,16
cde89c19bf58d71bc836b1495a5ff123,bebes,58,646,1,550,99,3,65
ce149636a055d9eded4cde55da9ebd3b,fashion_underwear_e_moda_praia,52,624,1,200,42,4,14
ce169d5f9421a6f21e41a7bf54d0b98e,instrumentos_musicais,41,163,1,500,30,20,30
ce235414ec08d34580ffdc4fdb4825b0,esporte_lazer,49,724,1,345,18,15,15
ce582a7aa032280b20a5f169195202e7,bebes,30,309,1,150,16,5,16
ce5a07feea47b22089fc735f70ae4931,,,,,150,16,7,13
ce70f38a331fdfa7ff89181756f091eb,utilidades_domesticas,55,1733,6,4650,25,25,25
ce99c3515272dee739f2d3eddae0f2cf,relogios_presentes,50,687,2,575,37,9,11
ceb9200bc33732558224476d75815c32,utilidades_domesticas,60,922,5,975,41,36,12
cebad0ed16ecd450b97d2be843d3da86,,,,,800,16,20,15
cebff45f1d1558430be0e07ac0df6a68,automotivo,56,960,3,1400,30,30,30
cec09725da5ed01471d9a505e7389d37,esporte_lazer,52,1197,1,2500,20,11,11
cee13c9267bd4ee40fed850b5a4ecfa6,pet_shop,51,422,3,100,27,9,26
ceea7d6ebaeb5a3620c2b43ff85dc13f,construcao_ferramentas_construcao,50,490,2,550,35,8,30
cf262d646b27e22488de0494b5d08da0,utilidades_domesticas,63,807,13,1900,27,23,35
cf36ff4eff95a0e88ade26f685c1f8a1,moveis_decoracao,49,598,2,500,80,20,20
cf5407ad3a5c603fa46d5c2613661a09,pet_shop,49,410,2,8750,45,28,45
cf67ebdec22e11186b2129b5852f981b,automotivo,58,267,2,1550,16,10,20
cf69d780077ed6cd5369b53aa63cd0d3,moveis_decoracao,46,700,2,8500,50,10,41
cf8316c961640d38321241895b7811c2,cama_mesa_banho,56,189,1,1800,46,3,34
cf857bce01d442bb8631a548a4432def,bebes,56,1123,4,1533,39,13,32
cf8587a915960e2a8b57c5db574239ad,relogios_presentes,40,650,2,500,19,9,15
cf88e5bfdc37eafcb2130a618e815438,automotivo,58,1102,2,1800,34,40,19
cf8c83ef74f69705d1bec196473b1b45,cama_mesa_banho,36,183,1,600,20,40,30
cf92691b3ee30045224020f9ae5ae42c,perfumaria,51,632,2,467,18,12,18
cfb763496d9fc48751a27db4fd02aa2d,cama_mesa_banho,38,168,2,350,25,9,19
cfb79bfbdaf59cfe2e9ae0a071451f32,cama_mesa_banho,44,445,1,550,30,3,19
cfbd417c9c7f510b60243124a6489883,telefonia,59,636,2,225,17,4,12
cfbd9afef85eecef5aecf32844d2bc07,brinquedos,60,145,5,4450,39,30,29
cfd652b39b87b4e06cf4ea106a32db47,cool_stuff,33,659,1,1250,42,25,15
cfe6e9c01d0bbb5df9a75f0e3286baa9,bebes,47,224,2,1200,75,15,50
cff80bb3d5c12a024ae5860a6475c472,relogios_presentes,57,612,1,278,14,9,18
cffa43acc63e8225bb6889f3c3bd74e3,beleza_saude,57,991,1,217,17,13,15
d00af18ab556193d160b6ce26d232a96,esporte_lazer,42,2498,1,3000,22,31,22
d017a2151d543a9885604dc62a3d9dcc,fashion_bolsas_e_acessorios,59,93,7,250,16,2,11
d04857e7b4b708ee8b8b9921163edba3,informatica_acessorios,33,1127,2,450,16,4,20
d04bbac48960ecb7ea311b00ca6e1cb7,industria_comercio_e_negocios,52,784,4,11325,18,105,30
d04e48982547095af81c231c3d581cb6,relogios_presentes,56,528,2,292,18,10,15
d06466afa11453b6450b70992c90ece7,beleza_saude,57,821,1,550,20,12,12
d070415dddac66bcbc0a2e4f253c0f81,automotivo,21,2566,1,20100,61,61,37
d07c0177e489e871713b83a518446ac7,utilidades_domesticas,56,869,1,1750,30,30,30
d0a672bae47ae7c26b8e1e2ec152edcf,utilidades_domesticas,42,225,1,6513,64,37,38
d0b92134fa97a1ead038775a821847ea,moveis_decoracao,47,1048,1,400,35,7,27
d0efdc4a1cc12f88f6a290fda8861fa7,cama_mesa_banho,50,234,1,900,38,6,29
d0fe4295267f15ccaceac4fb233d8c9a,informatica_acessorios,52,398,1,350,20,2,26
d0fec025748a38a25d8f8adc72e874de,,,,,1100,26,10,20
d1133fab4bf2da55f3ebdd4de51d8587,relogios_presentes,60,732,2,600,25,6,24
d121a42e2416f999dc353f81efcdd5f4,perfumaria,60,71,1,300,18,9,14
d13a4acdb64c202e774e815db547e108,beleza_saude,60,919,1,150,22,3,15
d159157f1837c548e960ea0e9b00b259,esporte_lazer,59,1571,3,1300,105,15,15
d169836257fb54117a84c70913117d6f,informatica_acessorios,45,229,2,200,16,22,16
d19c5ff1a4d4e8b0558536d57cf43cf7,construcao_ferramentas_ferramentas,57,1430,8,4700,35,25,25
d19e5d8dfe80f249d215c3e5f9a4b6d2,cama_mesa_banho,57,329,1,8550,50,20,45
d1a7965ac8d6ae62c9c1984434227cb6,informatica_acessorios,45,663,2,1100,30,30,20
d1b14769ad38ee9ef08409cc3ecbb778,esporte_lazer,37,420,1,2700,85,6,23
d1b8f5983d9573c8e523b8c56a59497d,fashion_bolsas_e_acessorios,39,582,6,150,16,9,20
d1c427060a0f73f6b889a5c7c61f2ac4,informatica_acessorios,59,1893,1,6550,20,20,20
d1ca56960d19af6d4eccf7fa11ec6fca,moveis_sala,30,510,2,3973,61,28,61
d2085f7e0f9533605386960fc7e987ec,ferramentas_jardim,40,207,4,150,16,2,11
d2239567438e335a463191a43f2f02ff,brinquedos,59,1849,3,2400,16,50,22
d22f287512fb5bda6efc5c8e6216c6db,beleza_saude,27,408,1,1450,41,40,13
d2347fba1e60ea51f533960fc555baff,moveis_decoracao,39,94,5,300,16,5,20
d248fe1e952b5b5d62572369cc23ac3c,relogios_presentes,34,608,3,600,23,19,15
d249623077b8906276b8d77ced95f8c4,fashion_bolsas_e_acessorios,29,40,6,150,16,2,11
d265065154be9a455d6a5b2a4727fe38,fashion_bolsas_e_acessorios,44,160,1,100,16,10,15
d272d0921188b0bd91542d704b21404e,eletronicos,36,420,1,150,25,7,16
d285360f29ac7fd97640bf0baef03de0,relogios_presentes,46,501,4,363,18,13,13
d2909bb1200f91eae8737b0baef36afb,brinquedos,27,261,2,990,32,37,18
d29534bc8c74cd3d91e0f175a5c9b366,la_cuisine,59,748,1,1450,74,12,15
d2b0f9cd5e31ed47dbf92b157c0cda96,esporte_lazer,46,1271,5,2350,62,10,22
d2ba9fb97c0a861f8a62383c434e3e1d,fashion_roupa_masculina,37,439,3,550,18,16,23
d2bea3c01e172037caa99b2d138f39d0,eletroportateis,55,512,1,350,16,35,25
d2e1eee81b5ff42f0f1f4693e1182349,utilidades_domesticas,20,637,1,550,17,28,11
d2f2c2b94c6ac44ece0bd0dd202c7939,moveis_decoracao,54,241,4,1050,32,12,32
d2f5484cbffe4ca766301b21ab9246dd,informatica_acessorios,51,448,1,180,16,9,16
d2f682fdb39628d58f64ca02d3cb580f,moveis_decoracao,63,447,2,900,80,10,60
d2f7e9449566eb0658d4f5092d71e8a4,fashion_bolsas_e_acessorios,47,130,4,425,17,4,13
d2ff5f62363de6bace21676323900d0d,cama_mesa_banho,57,295,1,12050,60,30,40
d30115c5c4af6437de4bbf9faa668de1,cama_mesa_banho,43,124,1,250,40,4,30
d3060c543b1b88a647cc284ed7a9dd4a,pet_shop,38,817,4,6200,69,10,49
d322eb25f02924adba73e58dbc36b29c,relogios_presentes,34,494,1,300,18,9,14
d339b523c298009f15d242a3a99392c7,ferramentas_jardim,51,2559,3,850,24,9,26
d34efb58e1930773fcde9b951892b1b1,utilidades_domesticas,53,1533,1,1050,22,26,22
d359ac1975cd09111b28c63352a88e18,informatica_acessorios,48,238,1,1500,28,13,14
d36078c6a92906c4c3a2b2a72c146230,fashion_bolsas_e_acessorios,57,156,1,150,16,7,11
d3796e73f7d260e45f5d5b9dc1c5a7a1,cama_mesa_banho,38,567,1,2600,37,23,35
d37b48918cb999510be8ea3bfded4c94,papelaria,46,530,1,350,25,10,17
d37c472122b18add1612235b8d907eb8,bebes,25,218,1,500,21,4,26
d38b4ba2e81db02dbcee8ded3880121c,instrumentos_musicais,59,938,3,500,56,11,20
d38b73f9519632415b56acb83abc77fa,utilidades_domesticas,54,620,3,1900,47,11,25
d39421ec4cc2bf52e35f8bf00f1ec314,beleza_saude,56,1534,1,1600,35,25,20
d3a8b40808854363a045f0f4131b0894,cama_mesa_banho,59,1101,1,2726,24,28,28
d3c044bd42d84a79e3b0c42662806a48,esporte_lazer,32,3831,1,150,16,16,11
d3ceda8c68fb31960dab19adf28e5c6d,moveis_decoracao,60,2010,2,3000,69,11,11
d3d2f358e7e92dbbbc0a37d0b7435253,utilidades_domesticas,58,2108,1,2400,34,31,24
d3e1006ba3735c0d44160026b6e0ced3,automotivo,53,2805,3,1850,19,16,17
d3e112316bd3ae29280cec26bd3059fd,bebes,56,1841,1,350,65,11,11
d40ab3a40d37ebabeaf061efefb4a40d,cama_mesa_banho,58,277,2,1100,41,13,13
d41e71b34a15f8bc2c7ed84561ebb600,informatica_acessorios,44,870,2,900,30,6,23
d465fef4e52e46bc9e04996b37789bbd,ferramentas_jardim,57,723,5,880,22,21,19
d46fdf0e0cf02b09e384924d6ba77e57,livros_interesse_geral,47,706,1,450,23,4,16
d472a70d40f4f72dfd5f6024cfc89a13,casa_construcao,56,780,1,1167,22,22,22
d47591e510ca45b6546c65973f772643,relogios_presentes,51,227,4,200,16,2,11
d48bacc1dcd9c86bf1ed4ed2a303336c,brinquedos,52,752,3,1232,38,18,25
d493f5a208254fe85b3ab55d898461a1,alimentos,60,3725,6,675,28,15,15
d49ab5dbfc9329699c524e4f513c5e7f,moveis_decoracao,54,510,2,4400,30,30,30
d4a3ae5a2378f3e732a6d3ba73cc22e4,informatica_acessorios,55,631,1,571,24,25,20
d4a3b5aa064bf44e74f1e71862bea22a,utilidades_domesticas,59,236,1,100,21,9,13
d4d1de9db08cae166ea1a506ea87769b,informatica_acessorios,56,631,1,200,22,22,16
d4ed9e130fbb1aca77ea64f08f1b20cc,utilidades_domesticas,50,424,4,300,16,4,11
d4fe034cde911805af12724d73fde7e0,cama_mesa_banho,53,867,1,1100,20,16,20
d5140e1d258c83a340419c6522c7da22,moveis_decoracao,51,439,1,1500,42,10,32
d52d7fb0d4ea10cd52baa3255c5c0a34,esporte_lazer,58,474,5,1200,20,8,20
d537e54e990d95194a5733e79f1af1aa,esporte_lazer,51,2047,1,50,20,20,20
d53fa4385b1c7af4bc099d079edd4b32,informatica_acessorios,57,377,2,350,30,10,25
d556492cb91418b6a9d9613592b4367f,telefonia_fixa,51,352,1,100,19,3,11
d55d2479e56093f23ebcf313ceb3bcfe,dvds_blu_ray,43,399,1,100,19,3,11
d585c50d622ff40b4d69959caa42a5a3,beleza_saude,50,1580,1,1036,20,19,14
d59349a33fcba18707a61aa852c02c5b,cama_mesa_banho,50,1005,1,850,30,6,26
d5991653e037ccb7af6ed7d94246b249,informatica_acessorios,42,363,1,922,30,15,17
d5a94c75d108fd56ceca390b4ae60e55,esporte_lazer,54,1719,1,975,20,20,14
d5b0a56754200d402145e8527baed7d1,utilidades_domesticas,52,739,1,1500,32,30,24
d5b703c271f43f9c588a6f512a00f77e,brinquedos,27,531,4,150,16,7,20
d5ccbdb97bdcd82d309e35f10adea197,beleza_saude,58,384,2,1100,16,15,30
d5e448e00fb7c59b31e0f3e43c2de0d7,cool_stuff,50,1490,3,850,100,7,50
d5eaad1134bfeff3b2e4a051f652801d,malas_acessorios,59,355,1,600,20,5,20
d5fe61375316d1998d0aac7adbb8b9ab,moveis_decoracao,58,537,4,700,20,35,35
d61cb9070ed7de8a2478eca9c8fc3d93,bebidas,60,3748,1,5900,55,28,28
d63c1011f49d98b976c352955b1c4bea,beleza_saude,57,614,1,950,35,25,20
d6443622b97746fcd40fefeac38a9964,beleza_saude,56,1897,1,293,21,12,17
d655dc03de9b831ed22639631ab2958f,musica,35,1798,1,550,33,6,22
d65a890d49d3bb0209e3e727b1830cf0,ferramentas_jardim,58,655,4,800,35,8,13
d65b6607952f9e0d705b1cbdc92ac027,cool_stuff,57,768,4,500,27,10,15
d65fd7eff38689490b9831828dac8866,telefonia,43,416,3,100,19,3,11
d6637aee74ba05e42bc17a047c335209,beleza_saude,55,1181,1,250,16,11,14
d66c729cd3b64c98515a18898c6b65c3,eletrodomesticos,56,80,1,100,20,13,15
d670c0f6be30a062ebd8f8612ea82d71,telefonia_fixa,39,975,3,450,16,8,16
d678178aa4291cd25a755a90188375c8,moveis_decoracao,43,789,1,950,20,35,20
d6783a6e939059f756562de164efc447,moveis_decoracao,43,442,2,300,20,11,16
d6897f1dfdc99bbbdfda785158793d45,utilidades_domesticas,60,1064,1,390,24,20,24
d68e8addce6282d07c77214c6acc8885,automotivo,50,1224,4,200,16,9,15
d692d19cee022f7acab76373f297ad6a,cama_mesa_banho,56,286,1,1850,70,17,50
d696750e550fd0f733979dd7e5dff921,utilidades_domesticas,44,916,2,950,53,5,13
d69e906470f99256b16bee14a0268fd1,instrumentos_musicais,55,996,3,150,17,17,14
d6c69817b519edddbf1b289631b7160e,perfumaria,38,1813,3,4800,27,20,35
d6fe3b4ddecd4a8393c6a1385de3bfb6,moveis_escritorio,46,1157,1,16650,63,58,24
d71dee111aab947d8d1216505f130d8e,moveis_decoracao,15,856,1,5300,57,15,37
d7252737cad49d030f9ce83b50249120,malas_acessorios,48,883,9,2350,32,52,19
d73378cc66536ea4da8b4026e23ec2cf,moveis_cozinha_area_de_servico_jantar_e_jardim,56,652,2,9200,31,31,31
d73a7e3009d1b8f498a0ffd3e8ae6565,cama_mesa_banho,56,207,1,700,50,11,40
d759fd6b0285e54cf1bc5041e2a286bd,automotivo,52,286,3,375,17,4,14
d7ceaa970defc5f52f1affda0dc32f30,esporte_lazer,41,127,1,600,16,30,15
d7d5562fce331ad958ca6f57057b3526,cool_stuff,33,910,1,700,42,25,15
d7e446a8f36339b1a9d059d1237159c1,utilidades_domesticas,57,1903,1,12050,40,40,45
d801653b991d31a3df73fc859f1ce0ec,beleza_saude,50,902,1,683,22,17,24
d83ccbce75276ea1da5ca97cc4d800d9,esporte_lazer,40,442,1,1000,25,35,30
d86936d170828ee19b4bac2befe8ab1e,esporte_lazer,45,383,1,1300,39,14,37
d86963242e7dda7eed04f57e492ed655,brinquedos,47,453,1,1100,43,6,30
d86a0708a75b7ba0080d94dc632fbc23,beleza_saude,37,634,2,200,16,10,16
d86db9a9e478ff057c0541537639a10e,moveis_decoracao,60,379,1,300,25,2,17
d87815e398ce1204e5981c427c03291f,bebes,55,871,2,200,20,6,15
d881c75404b591b0912840f5401ae57a,relogios_presentes,55,1604,2,220,16,11,12
d883ab699ca4e0634bb63174ec2cfdea,eletroportateis,52,868,3,400,17,10,11
d8a3475446775b8e52583329eaebd38a,telefonia,60,2579,3,303,17,14,16
d8b8e82856a488b2cf5bcf21407efa8d,fashion_bolsas_e_acessorios,34,67,3,100,17,7,12
d8bec459af8ceb11a8177037828ad1a2,fashion_bolsas_e_acessorios,50,142,1,200,16,7,15
d8c92e2b378d2321b7eb32ba6cf52a66,papelaria,60,2019,5,6150,32,35,32
d8cabd83757ecf48a7d2628dee9135c1,perfumaria,38,775,1,553,20,12,16
d8dd9c0b7decc04a3112159b4e6cf7be,bebes,55,1635,1,600,20,13,13
d8e94b73f80bea3c8c7d5cc257fbd4b1,fashion_calcados,54,451,5,1750,36,37,16
d8f1b415091ab79b62ac80443d865ca6,livros_tecnicos,39,2809,1,2400,30,5,23
d91ee220c1b5370b26883cd0cee27b86,esporte_lazer,52,2207,1,1963,29,35,22
d950ce1f38b6772552be4523baf94c7a,beleza_saude,58,2022,1,1400,20,16,16
d952c09021388fd5b1e5f914f559fb10,telefonia,32,366,3,75,18,3,12
d966b3fb4175fb014b8c120ac820a41d,cama_mesa_banho,57,125,2,1200,50,8,50
d96cd2197b0be40a66b1279c910e0921,automotivo,47,2304,4,250,16,6,15
d979289e78afc0a6bee40e1f9dabe520,casa_construcao,44,443,2,13900,40,40,40
d97f2d7642b06661e99578b3455f5d58,utilidades_domesticas,44,883,4,350,17,12,12
d99526b1e4fa5f57b8bde34a7337b5ee,bebidas,45,887,1,250,18,18,18
d9a51912372ce82133d91ad4dccba508,alimentos_bebidas,52,708,1,500,28,15,20
d9bba71d1d1ad35925593d365a2ab43e,eletronicos,58,1473,1,1850,56,12,39
d9bdf643d95cb89844c0da1a0df1d16e,perfumaria,39,572,1,475,20,9,14
d9c01b484ada6a360c2715a08fdf1568,telefonia,33,913,3,325,18,25,21
d9c2eaccfa617895e2720f212e592de1,esporte_lazer,46,3820,1,1400,22,27,22
d9d3c966af100aeb7047ac8b59a70d4c,cama_mesa_banho,51,684,1,1800,30,10,38
d9ea8b9304d5ce0662a97af9337ee871,bebidas,27,560,1,700,18,12,12
da21de83c22b0b56be14738b1bd6348f,cama_mesa_banho,59,596,1,450,27,6,22
da37b1e69fd193ddbdb8721c9079656b,cool_stuff,48,1021,3,2050,70,15,25
da686d15de3ee88de081bd159b031e47,informatica_acessorios,59,229,1,300,50,5,20
da6f9d8ce4950ad572b7b4fe7d7e6c90,beleza_saude,46,2184,3,275,21,3,15
da9278e44c4ae00f02a965792a392ea3,eletrodomesticos_2,54,635,1,5400,26,55,26
daa528ea6aa4a90c32c4a2ce98ee3a9e,casa_construcao,57,1024,7,800,16,27,16
dab2413ead0edda9967edbc9bda2a64e,telefonia,57,680,2,250,17,7,13
dad114e8bc5146e75d68b6f69867e356,esporte_lazer,58,1717,5,1600,40,20,20
dad78ca3a5464684968e4242039b647f,beleza_saude,60,1157,1,1900,16,16,16
db05ec86bc6eba7fe32b9c739d31b10d,casa_conforto,46,406,1,10150,45,30,45
db25a58a5da5dfe2fd19f2604491bd27,eletroportateis,52,1074,1,900,16,10,16
db338cc243c685a907b392a864bebe41,fashion_bolsas_e_acessorios,19,566,7,700,46,5,33
db34e1e6f14cc3755d9149fe8a1de9fd,cool_stuff,38,1513,1,1550,28,36,27
db51982bc43b26164c29605b8ed140d6,telefonia_fixa,20,286,3,100,19,3,11
db5efde3ad0cc579b130d71c4b2db522,audio,40,232,1,6663,17,11,13
db6677c6f890ba1730c0b75bd8132579,beleza_saude,57,615,2,950,35,25,20
db6796aa712a2626572bb3d0b9a039cf,cama_mesa_banho,53,561,3,1350,45,15,35
db8c9fec8be4ec050d0cee6a1e06a3c6,informatica_acessorios,57,123,1,300,50,5,20
db8d62bf1bf1d2dd880c99b88ebff3fb,automotivo,60,705,2,350,17,21,11
dbaeb92cf0908499e8a6f00a9964a6a6,pet_shop,54,444,2,250,16,12,14
dbb4ce89c8ed5fb6fd901e2e51093179,utilidades_domesticas,34,545,3,2200,48,25,25
dbb67791e405873b259e4656bf971246,informatica_acessorios,32,321,1,207,17,12,13
dbe77c6f7f0935b442ef0c4df2ee3efe,moveis_decoracao,59,2010,2,3000,69,11,11
dbedc5c46934d0708dd37cccef1c2184,moveis_decoracao,60,87,1,1500,40,7,34
dbf1bc6f925f7fc97db3fda5c4cbdec8,brinquedos,56,1210,5,175,16,14,16
dc0b50beb0d276fb3eb4c7a5cb177f46,pet_shop,52,1811,3,1150,40,32,20
dc404a1496a08f9f5540c8b5d4b92925,brinquedos,46,753,2,1582,31,31,35
dc48747539ed723e73d007b18fa5f45f,instrumentos_musicais,34,73,1,300,104,4,20
dc52f0f5d3ec37a93eaf956cde4e5d2c,relogios_presentes,60,539,7,400,16,2,20
dc6137fdd9c6f341c65966c89c746bd4,moveis_decoracao,58,292,1,700,30,20,20
dc6217e7f9d8c15039ca95b702ce7e02,bebes,38,488,1,400,55,12,40
dc68f155e986fb3c7550ae1c6800149a,automotivo,60,553,1,450,105,10,16
dc6fe08afddfeb23ce334ce4cf5890eb,beleza_saude,58,1560,1,200,16,4,16
dc74094d7435febe5e0d6a59354f2a52,beleza_saude,58,550,1,200,16,2,11
dc751b73cf0f6958dc9c7cabb1a38902,pet_shop,50,666,5,1700,57,22,47
dc9471db933efad7bf0ce685380578bd,informatica_acessorios,49,579,1,800,28,20,42
dca8fff28c213d08f5893aeb47b224b7,automotivo,59,703,5,6050,47,19,23
dca9904850a1b13faa65450fbd000a3d,esporte_lazer,58,1130,4,250,35,10,15
dcb7642f668e09b75d526454940124b9,telefonia,44,464,1,200,19,4,11
dce8ae5ccc379f3de517423fccda65cb,relogios_presentes,58,1258,3,178,16,12,11
dcebc51f6a02993ffaa4167c339a3d79,beleza_saude,42,856,1,650,16,15,13
dd0dcee76f9c12fff4bc0eb641d57c7f,eletronicos,44,431,1,250,25,7,14
dd1247b741df1771259ee7beb0e4b8fc,relogios_presentes,52,716,4,200,16,2,11
dd231637766e756fd1cf2fd80501fce1,fashion_roupa_masculina,57,222,1,750,30,10,28
dd47440cb56de3ab674f9208ff0edc3e,informatica_acessorios,58,956,3,2550,30,10,22
dd4c3b4ab7e001aaf385ea2e68952030,bebes,23,358,1,450,30,7,20
dd5e15ecf4e9dc32d28e7cdd000b7434,livros_interesse_geral,47,738,1,300,22,3,15
dd60cac04e6bcbc919cb1c7dcc473211,utilidades_domesticas,59,379,1,900,45,20,25
dd61e943598eec72351633dd6a72d5dc,perfumaria,47,1816,2,350,36,6,22
dd68bcbc459a7f8b1e8d41efd8e076b3,papelaria,43,785,3,1825,38,21,38
dd6a505f83dd3c6326aa9856519e0978,brinquedos,43,623,5,200,16,7,11
dd735a55e6c75fb8fbe93e14d1c3bf07,utilidades_domesticas,48,527,2,800,25,10,25
dd841bf589f05e0948ddb0c8d2c749ab,moveis_decoracao,58,2084,2,1350,69,11,11
dd8c2302e75b8c69bfde7a67d2500a3a,moveis_decoracao,37,267,8,2000,30,20,30
dd9b00fa5df89d6f25ccdb11d98b0f51,moveis_decoracao,55,344,2,5300,44,17,44
dd9b786cc81af951a986f65602344848,informatica_acessorios,53,869,2,450,22,11,19
ddc81cd8c7351f13c000bd8294c3201b,pet_shop,38,1540,1,200,20,16,16
ddcb7473fdc5368c019e3ef6fbde816b,automotivo,54,586,1,2950,41,19,41
ddceb6eef6af67e9fbbd4c148dbe5fd9,cool_stuff,52,516,1,4650,37,20,34
dddcb6a32cedda766f9011556aa4eebd,ferramentas_jardim,34,257,1,130,16,11,16
dde21a870db774b452a7286b5e3035c5,brinquedos,46,277,1,800,60,25,35
dde7139085b54e2ea1771a2f9964d344,esporte_lazer,52,2145,1,3400,36,41,36
ddfaa1c2e19f82a47043c5f5ee1376d1,utilidades_domesticas,59,263,5,5700,54,18,35
de26d4014234181730a1143f75dad0e7,beleza_saude,58,288,1,100,39,14,11
de5dafaae0182647bb67d4b81b37f36f,brinquedos,42,571,4,4735,39,43,36
de6702c748c719cbd13bb814f006ba22,,,,,150,16,9,11
de92134fd940e9302d27c31af4581fbd,eletroportateis,50,797,1,438,25,12,15
de984954e2e130136bcf8988bc973d90,instrumentos_musicais,40,234,1,1000,56,9,22
dea837d4f3f30b541725d258c15e4ff1,esporte_lazer,43,722,1,475,23,23,21
deb523ac578bc09b1b3ef13e66dc295f,perfumaria,36,299,1,453,20,11,13
dedb5adefe63796ce6edd624d0ebd8a8,moveis_decoracao,43,642,2,1000,100,11,20
dee07ca8877390638a4f9b9143352284,informatica_acessorios,44,1162,1,700,16,8,20
dee98cc0394b12aefccbad334b415c10,relogios_presentes,44,1112,3,300,22,7,14
deecc62b2db3d87ff4d9fe364fead01f,telefonia,59,2374,3,350,16,10,12
df0c26d7ddb998e2517658a55e46e48a,eletrodomesticos_2,43,122,1,14400,55,15,36
df10a782c44fcfb00afa5bba65777d74,brinquedos,52,962,3,6150,60,17,34
df371be2e5f40ffec4285926ae7ebcd1,fashion_calcados,57,655,3,1150,22,9,22
df4495e4ea59aae2f22d349cf4b9ab19,relogios_presentes,41,866,5,250,16,2,11
df5032e775a51867fcd72f5b742f2f33,,,,,23900,47,34,48
df6a5d0fac12bbc9f8655908abb5711f,telefonia_fixa,63,2219,4,700,16,2,11
df6d00c24fc224b84e9ad17708d0f4d7,cama_mesa_banho,53,495,1,650,30,4,19
df7dd741f55a686edccf22700954e1d5,market_place,63,1108,8,1950,60,15,45
dfb97c88e066dc22165f31648efe1312,automotivo,53,597,1,5417,47,44,44
dfbbf137ccb6af48e66d186a33118579,informatica_acessorios,45,722,2,450,20,30,30
dfc9d9ea4c2fbabe7abb0066097d9905,cama_mesa_banho,54,797,1,3300,19,35,31
dfe123265435bbc08b40fc418f66d9a3,esporte_lazer,43,1120,1,15467,64,62,25
e03102efbc2229024c89be731f0aedcb,papelaria,57,366,4,750,101,15,15
e058b9425edee1d43de03b07e83cd8c9,utilidades_domesticas,46,285,3,650,16,15,12
e05f6c9ef4c09b0023547314e07c5d64,cool_stuff,33,650,1,1450,42,25,15
e06f99e79036d681effa3de75989bf22,relogios_presentes,54,257,5,200,16,2,20
e070a61270050c4b1b704300f331cca6,pet_shop,57,558,1,850,30,20,30
e0714d4d2e52b1fbc8e851dac210333a,flores,56,1650,3,550,16,25,16
e0ad25bc5c1a836e8ce38526c92491a7,telefonia,59,818,6,350,17,4,12
e0ce26ae52c9ab0b8c8e42129d6c1996,moveis_decoracao,56,297,2,1050,100,5,11
e0cf79767c5b016251fe139915c59a26,beleza_saude,55,388,1,250,16,5,15
e0d64dcfaa3b6db5c54ca298ae101d05,relogios_presentes,35,514,2,4338,17,12,14
e0f33a3329af6716a0bb47fd7a664439,,,,,200,16,13,14
e0f99475a79890b9adaa95ceac17c1cd,telefonia,63,474,6,600,19,5,11
e0fddcd9bdfbff9df8a8228f6a6346d7,cine_foto,60,2064,1,200,16,8,11
e12f98550d5a1a612066b387f97c1970,beleza_saude,59,1860,3,275,23,11,13
e15014500e7941bc3fae1757c3cd48ad,brinquedos,41,330,2,700,31,31,26
e15cee02291017f6f12b4115ffb417e6,moveis_decoracao,56,297,2,700,100,5,20
e16045eef2ff02ee2a6469e167958bb0,utilidades_domesticas,59,370,2,900,71,13,11
e187f69b85487c86a0da79e18ee51982,relogios_presentes,53,518,2,333,18,12,17
e1a400ba04961ede3d640207117813fb,informatica_acessorios,47,288,1,1000,36,13,20
e1da6ab77f4859eb17950e5df1c0f815,pet_shop,56,724,2,7050,50,21,21
e1e0040c906cc890d032092141a9b6de,esporte_lazer,60,1416,1,200,18,18,18
e1e932dfb67414e80b87ad97688cf2a3,brinquedos,45,404,5,3850,52,7,55
e1f3f6e6cd65169825945c5d696f568a,perfumaria,36,177,1,400,16,7,12
e205eb6683dbf1812c2338baf0575ed0,brinquedos,53,871,4,325,20,23,20
e236a6527b89f3e6dacab326f7a33fd9,esporte_lazer,53,1833,1,1500,22,30,22
e247b2897e35481b4fd5c1bf7ace0f4e,utilidades_domesticas,43,681,3,200,31,6,33
e247f48915b89b25f03d91a433495640,fashion_bolsas_e_acessorios,42,252,1,150,16,5,20
e24c96c234ee0f2b0947bd394ec402ca,malas_acessorios,55,956,1,1900,48,10,33
e24f73b7631ee3fbb2ab700a9acaa258,fashion_bolsas_e_acessorios,60,1118,6,2250,22,15,20
e251ebd2858be1aa7d9b2087a6992580,ferramentas_jardim,34,511,4,8875,40,14,43
e25331bf25687974d6fc419b3bd576dd,utilidades_domesticas,48,1270,2,350,20,15,15
e27c4dd075a521097a085bced0631ce7,moveis_sala,31,618,2,9750,27,15,92
e27e689c4ce425f2fe7e2a270fd4d2db,cama_mesa_banho,60,683,2,825,28,3,29
e282624d8c82e04983f125e167eb4521,telefonia,45,343,2,117,18,4,11
e28fdc5f658be194523b68dfbeb186cb,beleza_saude,44,421,1,300,16,20,11
e294d8786e16a7a67e98e5fd412e2e2e,esporte_lazer,58,617,2,250,16,3,11
e297db380aba505a729f00cd61b149d9,utilidades_domesticas,54,1414,3,425,41,12,13
e2a874b1b8340b4038172b1925afd914,utilidades_domesticas,54,208,2,4700,35,16,25
e2b02dadb01104e3f9f588311b3f2612,informatica_acessorios,60,589,1,188,16,16,12
e2bb00220a167d9e60b6776ac33717bc,relogios_presentes,60,504,1,300,16,2,20
e2c329a4516937ef4828102690ae669a,esporte_lazer,56,854,1,1500,20,20,20
e2c3ed9aaddfd2312a6a5fe9b3ddadd3,brinquedos,53,579,1,675,22,24,21
e2c49770bf52260e9960ccefdd38e960,beleza_saude,45,1031,1,400,16,16,16
e2c843e2762213223f21e0206e3b9d9d,pet_shop,48,1004,3,8450,53,20,33
e2e426d1332240070b0a836a854d057b,cama_mesa_banho,57,701,2,1100,50,12,12
e2f1ccf86759df28dd1e9f2e0e3242d4,beleza_saude,53,934,3,400,18,9,28
e31c5933157c3e4134a0f536f7bcc14e,utilidades_domesticas,60,185,2,525,25,28,25
e3323b0d3f79bdf85b58561d2218bc12,informatica_acessorios,57,764,1,167,21,10,12
e338f548cda0b52650b9acfd317a74db,fashion_bolsas_e_acessorios,40,444,4,150,16,5,20
e3425df9bd51be69917273c9dd92ed5e,relogios_presentes,53,346,2,733,17,10,18
e357a8646a17191f03fd9f833a0fa29b,moveis_decoracao,52,1348,6,1175,34,20,22
e35b496654367ba8f9ab8974a23331e6,fashion_bolsas_e_acessorios,54,267,1,250,16,10,12
e389381479408ccdcdd406d8d3049e45,papelaria,57,308,1,200,16,6,11
e3c816666a7d2a1e7fbf02651e550b78,,,,,115,16,13,11
e3dd336775af78a83fc27ed85f0f15da,beleza_saude,47,1267,1,300,20,9,15
e3f7b3cbb0ccf1f1e361e6974b22e346,cama_mesa_banho,56,608,1,650,16,10,16
e4176515d2055eb7771645c597f8b40c,utilidades_domesticas,38,250,1,500,16,2,11
e41a6ac2f57a273eb0d214c7cbab5db9,moveis_escritorio,56,1085,1,8975,35,52,36
e42ad1ff7ad0843110435858ec10a2c6,esporte_lazer,49,1236,2,28450,65,105,25
e42fc145ca9138f0ccc52d9a8d99e7c8,esporte_lazer,59,724,6,500,23,12,12
e44f675b60b3a3a2453ec36421e06f0f,esporte_lazer,35,1058,1,350,17,17,17
e456721fdab66b576664c035ad183965,fashion_bolsas_e_acessorios,31,125,4,150,16,9,11
e482ad963bfb9a9abc51b9850aca97b7,utilidades_domesticas,45,293,1,250,19,8,11
e4985e03cd939f1a9f81c65e949f1688,beleza_saude,31,386,1,50,20,10,15
e4a559e4d11658f9979148efee14c535,bebes,29,635,2,200,20,10,15
e4acef9f829635351de593a05d2406da,esporte_lazer,45,40,1,562,20,13,17
e4b6f030d5280d30656abaa4ee64ef81,utilidades_domesticas,49,614,1,5300,35,28,32
e4bc26706c5391433592fc23fecce0c7,moveis_decoracao,58,1750,3,2500,105,3,70
e4ca5b20cfe1a020e15e36fe14e880ee,eletronicos,46,331,1,125,20,13,18
e4d325bd1eea550509bdbbc5c3301fc1,perfumaria,59,874,1,525,16,16,18
e4d34d3dbd367b0021e5d65105870180,ferramentas_jardim,41,288,2,1372,28,12,26
e4e5cbc0077aa2c7aacbe435166df909,fashion_bolsas_e_acessorios,56,918,6,250,16,2,11
e4ef515e041ce5062868aacf106df8b3,utilidades_domesticas,53,997,1,10100,32,75,32
e527af42fb2b8d253e47fdb6e7af7db9,esporte_lazer,54,1281,1,640,18,20,16
e53e557d5a159f5aa2c5e995dfdf244b,informatica_acessorios,33,256,1,180,17,10,13
e53efdeb68fadf8c0cfcd1734bc62d13,relogios_presentes,57,1057,1,300,28,10,18
e57549e5119d3af0cef6f900464dc99c,ferramentas_jardim,48,1103,1,800,16,8,23
e57eb018e37376580079825eb29a3419,relogios_presentes,43,878,1,300,16,14,11
e5841e5f87a255ec40d170b4177d03ce,relogios_presentes,49,534,1,3711,17,12,15
e5897f494af72d083f3899808f341659,cama_mesa_banho,51,275,1,1100,41,13,13
e5989cd466f0714e1439b95bf6a279da,moveis_decoracao,31,471,1,1200,20,20,20
e59dd207c69d86e890febadc796d1078,cool_stuff,54,850,1,125,16,12,12
e5a19f25b139394121110bbaab05087c,cool_stuff,49,527,4,3250,35,23,21
e5bd04e8e3cb77f1a49404d588d3e528,cama_mesa_banho,46,348,1,600,26,2,20
e5be5333cb5acab251c28955c22b9fbd,utilidades_domesticas,43,530,3,1050,25,10,36
e5d6523f4cd63e1347ca8407deda4ba3,moveis_decoracao,60,2138,2,400,69,11,11
e5d860a0fff2e94bd1a406456cc6c4b3,eletrodomesticos_2,38,2030,2,13200,66,19,67
e5da60b217874889dd4becf29412d793,telefonia,53,428,1,100,19,3,11
e5e4c79bce72fc7476860916c1a9dd18,informatica_acessorios,41,1670,5,3750,36,16,36
e5eadf9be70a4a9fa514019542fc330a,eletrodomesticos,48,543,2,1200,35,20,30
e5f4167c170ccd8777cbf51841b6f7f3,moveis_decoracao,58,1400,5,550,47,17,30
e5ff2945f13a69162a72acc5170ba684,cama_mesa_banho,58,303,1,20600,61,52,44
e60baffb5636b104f06ecd9aa28e139f,climatizacao,58,644,2,5000,50,20,20
e611a297d7a9df83f906aab5c746fd06,perfumaria,40,634,1,436,20,13,15
e61c78a7343d82c0539d27df0f7dfc31,cama_mesa_banho,60,268,1,2700,41,8,36
e635e8a5d128d27888d6bf5aace09298,telefonia,59,734,6,200,18,5,12
e63e00cfcd91a5b34c13e2134671e842,moveis_escritorio,41,1071,1,5850,45,55,16
e6609e94d7b022fd6abf6142401618f9,fashion_bolsas_e_acessorios,56,119,1,150,16,2,11
e672fbe634ad07cce9d85f412becb2c0,cool_stuff,41,909,1,1400,42,25,15
e67307ff0f15ade43fcb6e670be7a74c,beleza_saude,47,1474,3,150,43,13,14
e68a5a5626c4b1bfc5ca78202f898300,cool_stuff,53,940,1,2100,42,25,15
e68e6b9f909d74c3b23c3b249c830657,relogios_presentes,60,773,1,600,20,12,15
e6a516eb66cb5fa9e8854ed738bea934,sinalizacao_e_seguranca,37,515,1,400,25,20,15
e6b6e13cf71449a457269f425b89dc74,audio,38,2887,1,588,19,14,17
e708a48b26e6681db248ca125459d365,construcao_ferramentas_construcao,23,451,1,100,30,30,30
e70bc14a36a0d1a0394cc724be815a1b,bebidas,47,858,3,175,23,16,16
e70d8bce868310111ec36d96f6d80a9c,papelaria,35,332,2,100,16,6,11
e70f7c188cd2c0f01a1f6b35411cc481,relogios_presentes,56,742,3,250,16,2,11
e71f3cd0a0ef69b7fd173b32322dc6da,utilidades_domesticas,32,251,1,600,30,30,30
e7342d120adbd81168c43c95f8bd642a,beleza_saude,38,2077,1,1128,20,15,17
e74c906e50417096a9c1fb2c5860b010,utilidades_domesticas,54,698,1,5900,65,12,45
e75eb9d7737188be4d7fd8b90b88803e,moveis_decoracao,63,114,1,500,24,24,16
e788814dbb6e72ac15d42d8651324b56,cama_mesa_banho,45,292,1,1250,41,7,41
e791e580a2421e4471aebb0629c705c1,informatica_acessorios,57,991,4,200,16,4,14
e7a1555b071186b8184e2fe0e647181a,utilidades_domesticas,43,475,1,600,25,8,15
e7bbc0d43d1f5cb09bab95b664236633,informatica_acessorios,38,716,3,833,19,12,17
e7bca943d8e86d7b45c6d24634c55850,ferramentas_jardim,63,333,3,5800,38,34,27
e7be446dd7fa8f165244b63de1b85802,alimentos_bebidas,23,279,1,1150,18,18,18
e7be84ea9462aac5e2b0b08eb35ba7f1,instrumentos_musicais,41,103,1,100,60,16,11
e7ca7e339dceadbc564c89d4eb24c91c,perfumaria,35,954,2,350,27,14,11
e7cc48a9daff5436f63d3aad9426f28b,telefonia,58,1500,4,700,32,15,21
e7ce29342574abe2fbf171df97fdb092,utilidades_domesticas,53,1524,1,1100,30,10,30
e7db7c40ea6647c808d48581f1308d88,bebes,59,235,2,9400,75,15,50
e7f85e7f0203b7b95cc1b4c21b4b070c,cool_stuff,42,582,1,5575,60,22,47
e80898f7fa43bab01ca59564aa5f1bb0,informatica_acessorios,55,328,1,400,28,10,23
e8316a4667e5870c85e906b1f062bde1,moveis_escritorio,58,1135,1,9200,53,52,17
e834949329e7a91948b7c8a01f508b6d,papelaria,51,59,1,100,16,5,16
e84d1a4a08db13e8dea6d400a1c6a3f0,alimentos,34,926,2,700,24,15,24
e85d91619b497e98754390b6198a9818,bebes,56,624,2,700,24,14,18
e878662b68e175a58b5951e44574d5c8,,,,,2000,33,8,23
e87c9809c13acca4246dfb2fdcaebbe1,papelaria,35,189,1,733,43,31,28
e888edddeb449bde570d695c62b27b26,informatica_acessorios,60,501,1,300,16,16,16
e899d44e1fbd1131a4c94b9f7bb1ff2a,brinquedos,29,1049,1,700,43,7,30
e89d73f0944595de1d84663f975ae7b4,relogios_presentes,50,708,2,325,19,8,14
e8ac111f2d0b0e9a43d2980d387d0e7c,beleza_saude,40,2521,1,3100,19,16,19
e8ad45ffa4260bf3a9cb60de28341924,cama_mesa_banho,59,309,1,2050,60,10,40
e8b0fa506cda44528a15318cef8a27a0,informatica_acessorios,41,726,2,1240,15,5,9
e8bf29c4bfb2d46faeba76ed3db7f44f,eletroportateis,56,1099,3,9300,33,29,41
e8c389b93037dc27ba9eb2b1270ad55c,utilidades_domesticas,48,1544,1,9750,30,48,27
e8ca1ff2d0a28edb5be8bfbf2964dc3a,esporte_lazer,52,320,1,450,42,10,25
e8f492468d1d405a95e157c7530ae6bf,moveis_decoracao,54,372,1,850,40,5,11
e94df75b2e9a8b056be0c144a731f55c,pet_shop,56,1538,2,625,23,17,19
e95fb3a80ca294f39de925b6428f3a32,cama_mesa_banho,29,263,1,1300,33,9,38
e966b10d5690d77bfc03cef8f9a26d57,pet_shop,49,712,1,150,18,18,15
e98e429fc8f0c5a7bec057cca4f3b6ca,beleza_saude,58,2665,1,300,17,11,13
e9a69340883a438c3f91739d14d3a56d,utilidades_domesticas,60,1912,5,3000,33,12,34
e9b2560544c293e02f2b966041e10f24,esporte_lazer,51,639,1,1143,24,22,19
e9b75636f87ff4fff561c833726f17c0,utilidades_domesticas,59,745,1,18750,44,93,30
e9cd877ece530798c06b7f8d31b631e3,automotivo,54,488,3,367,17,12,12
e9def91e99c8ecb7c5cef5e31506a056,brinquedos,34,867,2,500,19,11,20
e9edbdef7d4c22a8507cf7e05d93d96e,brinquedos,56,309,1,300,18,18,18
ea2999d120b8644995f93e02aa9660c3,utilidades_domesticas,46,786,4,2550,53,25,20
ea3da91e6ba865972f9344cb9265296b,moveis_decoracao,19,262,1,10500,36,47,36
ea44caac707f7f1325182a538007f838,bebes,59,809,5,6600,45,25,35
ea4d546188ec8252ef66cff2f9c9ed9f,fashion_calcados,57,404,4,1400,22,12,33
ea546947e2412f88a20ac74103592b42,beleza_saude,60,918,1,200,22,3,15
ea7f23122fd317be5901ac4a467d3c6b,fashion_bolsas_e_acessorios,38,840,3,1150,41,13,42
eaa26a34984cbfedc19b1e45f09f3c9a,cool_stuff,49,214,2,422,18,12,15
eaee6d611cea1d76f3fe3a49d567b59c,utilidades_domesticas,47,1438,1,700,26,22,21
eb0e8515502d5d125d0d9c6ad4b49a60,relogios_presentes,56,1151,1,950,44,12,36
eb15361fe97df32845dd225073d56db3,bebes,32,298,1,500,33,8,31
eb2d12bc991561d4ca5deff0e60854e4,beleza_saude,48,333,1,675,23,15,14
eb45e95b37dfceebc7b740688cff3686,bebes,52,1547,1,1100,20,16,20
eb54d6afabdf1f96c248b81dec8f180f,consoles_games,26,2385,1,175,24,3,17
eb6663ccd7aa2159c1f15e557cff4a3a,pet_shop,63,1450,3,3250,35,20,45
eb6913790ee61d3d4d8dffcbbedea827,pet_shop,57,1268,2,102,20,6,13
eb6b6f708fb1a57720d0734f30c3b31e,esporte_lazer,63,1436,3,1900,70,14,17
eb7172d8a3c64298d2d767f6603c231e,brinquedos,51,296,2,250,23,11,22
eb883e95b710f252cb15d0fb41d8bbe9,sinalizacao_e_seguranca,54,908,1,3000,30,30,30
eb8c629f70275fd1c4f809116cce1efc,moveis_decoracao,51,831,1,1400,20,30,20
eba7488e1c67729f045ab43fac426f2e,perfumaria,43,259,1,610,22,14,16
ebc76392dcafcf451f626382c71680cf,cama_mesa_banho,60,298,1,3250,33,8,40
ebe4b53f756dfcecfc539faf8ec0df9f,informatica_acessorios,56,906,2,200,16,16,11
ebe731afbcf530cfaa1e5260be512e9b,esporte_lazer,45,941,1,1300,100,8,15
ebe9b72c17b25034d971a1609ef8024d,beleza_saude,46,803,1,200,22,3,15
ebea98c5fc701994cfef24664f1e3708,utilidades_domesticas,44,102,1,300,30,2,13
ebee6703e867082f455a058a8bd04092,consoles_games,53,321,2,200,25,5,15
ebf19d90623587fde1eff2a222d8b177,brinquedos,53,495,2,1874,38,38,26
ebf7d9b8166c02eb72e573eebd630458,cama_mesa_banho,55,185,2,526,44,6,33
ebfe7a4ca40dd34375e373405a114c32,utilidades_domesticas,49,79,2,417,19,11,18
ec16be6dfd2b67c4f576d7c7ccda1358,ferramentas_jardim,38,273,1,5200,30,15,40
ec20bfc2bad5031fd6cfd400304841c4,esporte_lazer,34,542,1,350,25,25,20
ec242882027ee23182f0e790e4117128,cama_mesa_banho,60,872,1,1400,45,15,35
ec268f069320a08af47861967e4d7bee,esporte_lazer,30,410,1,1207,24,25,21
ec2d43cc59763ec91694573b31f1c29a,cama_mesa_banho,38,735,5,800,20,20,20
ec3a3abf1c577856f4dafa59c126dccd,moveis_decoracao,51,1941,4,2400,105,3,70
ec5b5cce0b8464a1c618325f35c779dc,moveis_decoracao,60,2084,3,1300,69,11,11
ec65faa314338306f45b04be616eed53,livros_interesse_geral,41,618,1,1525,19,14,19
ec7dad92a5f70cbc21297b16d7a2be96,cama_mesa_banho,31,211,3,1400,35,20,48
ecb6e29c8e01d5fbc73da1d0f12c088e,beleza_saude,43,1679,1,2150,33,20,17
ecbe401f10ecd3b822d940d63cc3311e,eletronicos,60,915,4,700,16,7,12
ed1d57799b8b974641a1acb3fd994016,utilidades_domesticas,48,143,3,2700,41,36,31
ed2067a9c1f79553088a3c67b99a9f97,alimentos,52,919,1,750,16,12,15
ed38e11473775cde0d65f698aa0a4d27,papelaria,50,317,4,1600,60,20,29
ed39023ccad37336e78bdacb2e20fa69,beleza_saude,31,604,1,2500,31,16,21
ed4eef5d2197b2950e6eec648488909d,bebes,45,891,1,3050,28,33,45
ed5122a6a757a4fea8f32a6fb95a5135,cama_mesa_banho,25,250,1,1938,48,11,41
ed559580d7be0449d8211dc4addc4108,esporte_lazer,43,2161,3,2700,30,25,25
ed5f0d58e27cf65a07283c251747936f,consoles_games,55,864,6,350,18,18,21
ed6d2fe9a24cfdfd0f4c40094db5145b,livros_interesse_geral,23,727,1,1000,11,15,20
ed6e17c5f34a20c7569b6ac2597ee223,automotivo,53,611,1,30000,105,20,50
ed9d81a5043f74cbe0e3db315770af45,consoles_games,50,2020,2,1300,30,13,20
edc388b2ba34de112c918ddcd465f5e9,telefonia,47,723,1,100,19,3,11
edd087ed331c3ce178ec3489b9ecf117,livros_tecnicos,55,2138,1,2450,20,30,22
eddecafe978fc89774f82f552197bb08,esporte_lazer,44,152,3,500,40,10,15
edea00c530707ee2088b9f7178629f52,cool_stuff,58,416,4,400,20,22,18
edfad7f99606f1d6beb6de0cf0ce60fa,informatica_acessorios,35,1101,1,250,42,2,30
ee0c1cf2fbeae95205b4aa506f1469f0,perfumaria,44,334,1,200,16,16,13
ee232674616de808d98d869168d6217f,esporte_lazer,53,897,1,300,16,16,16
ee2f96cb63d491d963a67285f048775a,market_place,62,1044,1,700,20,20,20
ee34e3cf023de19e886e2a55f714ddfa,cama_mesa_banho,56,365,1,1250,38,20,25
ee3d532c8a438679776d222e997606b3,informatica_acessorios,43,452,1,360,19,18,15
ee406bf28024d97771c4b1e8b7e8e219,cool_stuff,54,629,1,1050,36,24,22
ee5329ffbe604bebcf84b2fd7792024e,beleza_saude,53,84,1,250,23,7,15
ee57070aa3b24a06fdd0e02efd2d757d,informatica_acessorios,55,937,1,107,19,13,13
ee649ca4e5cd395d0b2ad35f3f6b7d4b,cool_stuff,59,1657,4,942,29,26,13
ee667ef9c46d1444ebde2f0ea9c6b4c3,cama_mesa_banho,57,335,4,1667,43,14,37
ee6c49af1a2de55aa0e076257ab4ab99,informatica_acessorios,47,956,1,140,22,14,14
ee72ae8f6d0b11d7f04230fc894d7e39,construcao_ferramentas_jardim,46,1077,1,1700,22,22,14
ee7de8d5e813bc4c5f9f1c38ba41e7e5,moveis_decoracao,58,585,1,350,24,2,24
eebbed5ed3b134eceb717496c47652ba,cama_mesa_banho,56,111,1,1750,30,20,25
eed5cbd74fac3bd79b7c7ec95fa7507d,,,,,5900,40,40,40
eee2fb3dceb9ffd8a99dd4bc4b7e860a,informatica_acessorios,40,363,1,100,75,11,11
eef398550dd9575d23eb2d8be74bd45a,,,,,1100,35,15,20
ef25f91f23e39577fa6ddf93103876b1,papelaria,53,317,3,5350,38,30,28
ef38b8a82331e59ba97285e7f531f641,informatica_acessorios,55,312,5,4450,19,23,19
ef4f89f8ee26b84496a7f8e7dc76029d,casa_construcao,36,971,2,9150,50,105,15
ef5d149e671d0d67a962eceb26d972c8,,,,,200,16,2,20
ef61eac41af4d480bf8e6c728136397d,brinquedos,58,626,3,1250,30,8,30
ef66e63137bdd1b2e44aa968646fc1e3,moveis_decoracao,41,789,1,750,20,35,20
ef7de0bbb0e0b0110c270e9381719761,telefonia,49,346,3,100,19,3,11
ef92defde845ab8450f9d70c526ef70f,utilidades_domesticas,36,558,1,450,24,8,15
ef9ae4fb9a9005e8e463cc2616084276,esporte_lazer,48,730,2,9000,44,35,23
efa244989cf3907d9491f323b000232d,cama_mesa_banho,53,352,2,600,50,11,11
efa490145b5cc82438b6a6de691535fa,informatica_acessorios,57,938,2,500,30,10,11
efcef300fe9b2c558a8ea258127f6e6f,pet_shop,43,480,1,7300,25,25,25
efefc6ae386eed5b7286cdae6168d55b,bebes,46,414,1,300,16,3,18
effd1d6e0c3a3b8e3e164a2ec33ff523,esporte_lazer,48,619,1,2500,24,18,18
f0059d6f29674e2ee22b3d3b4dc560f9,moveis_decoracao,60,2007,4,2750,69,11,11
f00f7669eb9a3712d500fe96759bb02b,ferramentas_jardim,35,172,3,1700,67,2,31
f0228b7d0afd1deb81112d8e39023bdf,esporte_lazer,31,236,2,1050,60,15,15
f03859e4cc21018569f5ae7a03897ff4,consoles_games,47,458,2,150,18,2,16
f083f237cbf95dd0a5185e902f385dd5,eletrodomesticos,40,125,1,1800,25,14,23
f08b29913c73e394bc8477b1e69f7762,moveis_decoracao,49,709,4,550,34,6,23
f08d9c15742df022236141f83e0a8a22,beleza_saude,42,271,1,1267,23,18,19
f0b543161e745b6c80a79c368db167a5,telefonia,60,540,2,300,17,4,12
f0bbc1bdaf90ddcab4aa862660dfc6d3,malas_acessorios,60,993,3,650,65,7,11
f0c1c1d5ec61ce4c4846abd4283631df,alimentos,16,3139,1,125,16,8,11
f0cdabacd05bdca526b43e72376521ee,market_place,27,320,2,527,16,14,14
f0ea71b6e2ab4cb3bd8f5ba522a25a56,,,,,1300,30,20,30
f0f464c1300173b9ed4aeacf16840936,malas_acessorios,42,340,4,550,16,20,15
f0f9486bd96130088e93b7a3b3c08ebc,livros_interesse_geral,48,1255,1,110,33,6,22
f10163ef5dd01ee5f3622b750b64091c,fashion_roupa_masculina,55,1241,2,300,16,2,11
f102842fbe436027eeeb7fc76d3063aa,consoles_games,59,434,3,350,20,20,20
f109f04ad95889f2f041a91afe3d894e,beleza_saude,47,189,1,2033,22,12,17
f12a26f5ddd49ba9e1bf0ec9d0239326,beleza_saude,31,229,2,250,16,5,20
f159439c5c382fae366d444e05c590c1,perfumaria,52,365,1,400,18,18,12
f175811ea0e0a865f56125dfbb04a8a6,cool_stuff,46,882,1,1050,42,25,15
f177b434709ecb652dbee4f4b19aef2f,fashion_bolsas_e_acessorios,56,197,5,200,16,16,16
f18333439cbbfd0ae30acf09ae09c0f0,,,,,23300,56,48,40
f196248e8b5d060cca414a664ea9a76f,automotivo,58,1167,1,1900,90,14,18
f1bc55c22d7212dbec2c6d63e38f577e,pet_shop,52,484,1,450,20,20,17
f1c7f353075ce59d8a6f3cf58f419c9c,cama_mesa_banho,56,162,5,9750,35,12,30
f1ca789b4694dd683c4cb0c2ed74768e,consoles_games,47,1259,3,500,17,25,17
f1d116eef76f1c526a5f2c5ce1daeaeb,telefonia,26,137,1,200,16,14,15
f1d3e7a4605f6cd5f2a3cf9bde5c7845,market_place,40,565,3,1000,31,6,33
f1d4ce8c6dd66c47bbaa8c6781c2a923,bebes,52,828,4,4950,40,10,40
f1d52f5898b4fa4f26ffd82aa0147044,automotivo,58,3255,1,100,17,10,15
f1e0c91e748d3ddfb2728c51078c2b08,cama_mesa_banho,58,330,1,200,40,10,30
f1e1861218a3871347e3a9395d88cec8,moveis_decoracao,57,1972,4,450,69,11,11
f1fe595ee7ef768b41bd9b246d13432d,ferramentas_jardim,52,1292,7,1900,17,13,31
f205a345ee16cad441a50241e820286b,automotivo,60,651,5,5500,78,4,47
f225b2857ac11c1ec879e0c81996ed9f,cama_mesa_banho,51,308,1,950,16,10,16
f2343d71cb5ff4e6ff456dd9b544b84a,telefonia,64,668,3,300,17,8,13
f2399cabe080029634d12cec4f60dbf0,moveis_escritorio,50,1117,6,2100,16,26,26
f251b1f9c5b04284fc1ed9b5dc4169f3,esporte_lazer,43,1253,3,1450,45,16,35
f25b4b41194b370120c42e1b19bd2a8a,cama_mesa_banho,59,288,3,1600,37,23,35
f264c1d9b20b5e4a340254d0405e613b,cool_stuff,48,874,1,1050,42,25,15
f26687a556d96d5ba708b2ae3db5fbed,telefonia,35,538,1,100,16,6,15
f27f3e8b4b3836e4d6cd756dfb83e750,esporte_lazer,48,1322,2,550,26,16,21
f2a1b32f85cad59ff2a8444154ac25f0,climatizacao,51,2959,4,7800,105,10,40
f2b264b1a4602b87d64eebefc899c1d0,ferramentas_jardim,42,790,2,1000,30,15,30
f2d649f157cebee085ed738f23d5d6b7,bebes,42,596,1,350,32,9,16
f2e2678188e0f3bc983dd3935f69b746,automotivo,55,620,1,13900,40,40,40
f2e53dd1670f3c376518263b3f71424d,cama_mesa_banho,53,236,2,1975,41,13,31
f2ee381460f893efb6f459e95cd57695,fashion_bolsas_e_acessorios,50,180,1,200,16,8,11
f302b45f5aa089951788558a689713de,moveis_decoracao,46,783,4,350,22,5,15
f306d4917efd6c5a46bbb72b640313da,bebes,45,759,3,425,25,19,17
f30bede207296a97f28cebe71037e67a,papelaria,46,55,6,600,29,3,25
f32415d23c358ef1e387a7d329d9ce9f,papelaria,59,276,2,550,66,12,12
f332a0203f8106d982e2e9dcea4ec7a5,brinquedos,44,368,3,756,32,21,24
f33bfcc8610360bf8b4d2831c7f4488e,beleza_saude,42,1576,1,425,22,14,18
f343690217692891e7a092d5c1e5eef7,beleza_saude,60,344,2,250,16,16,11
f35013cb05a9538a4428fa6161b2c96b,cama_mesa_banho,60,680,1,1275,19,17,23
f353779abb6114db5f8f79fbad12e375,utilidades_domesticas,63,3771,2,4000,46,9,32
f35692adbe05fa7ed058875df5ea9f99,pet_shop,55,1547,2,2950,24,31,25
f35927953ed82e19d06ad3aac2f06353,livros_interesse_geral,39,724,1,450,20,20,20
f361fccba568fabe00db466f80626d1e,automotivo,20,908,1,75,17,8,13
f392159099324f7f068dbc69e456562b,moveis_decoracao,39,607,1,900,35,10,25
f39a8b27ce90ac582103bf36f09690dd,consoles_games,59,1914,5,300,16,16,16
f3c5707e7c539ab6533e3611da02b648,cama_mesa_banho,57,204,1,2250,35,20,30
f3c5f7d4a6b87b94a7ce5fa1c1b2ca10,artes,53,927,1,200,16,5,11
f3d7339839e02f580fe8fca5755e0e25,bebes,21,358,1,400,35,5,25
f3ef6902655917c2db06698cc2d765a0,cool_stuff,33,386,2,50,20,6,15
f40876e0ef3cd5f9132b1f16b04b1346,beleza_saude,42,250,1,427,15,17,14
f40db27e4f52937182f6294988231376,perfumaria,54,1176,1,600,22,16,16
f422d0d9f8b5f7c27289382b14b61248,brinquedos,63,361,3,1800,38,12,35
f42b6d7b1de09b0216895a6dd9621c79,esporte_lazer,49,279,3,900,22,5,50
f43207084859ad72eeadb819a7314a4e,moveis_decoracao,58,296,4,300,22,6,15
f43ac43eb75aca4dac0ce5671b5facb5,beleza_saude,60,751,2,150,20,10,15
f45992b1a19d4d13c6260492eb703aee,telefonia_fixa,50,908,6,300,19,6,15
f46098048d1a0c30ce1495246b8fd752,esporte_lazer,43,3306,6,700,18,34,14
f489f20b3bba5b295fa7d3901c203fce,moveis_decoracao,59,566,2,367,50,3,35
f48eb5c2fde13ca63664f0bb05f55346,esporte_lazer,60,1153,2,100,20,11,11
f495f61bdd34742ab23c7fabab99323a,consoles_games,58,951,6,300,21,7,16
f49e985b4cb2d0543890d6dd00077663,portateis_casa_forno_e_cafe,55,1345,8,9050,45,33,35
f4a38926843e01497a3f63a5d5740c72,eletronicos,38,375,1,150,22,13,17
f4f67ccaece962d013a4e1d7dc3a61f7,automotivo,52,603,1,7625,61,14,61
f5131289ca7eab9700015f6e8bfa8e41,utilidades_domesticas,47,1848,3,500,25,6,20
f521813909e310116b6b2f0b11f3dd44,moveis_decoracao,54,576,4,750,17,20,17
f5889057b0c061390ce20f4b7b842ac0,cama_mesa_banho,59,392,1,1100,25,20,20
f5a7d79f27ac4b76ffb13c8ee63d4f07,automotivo,41,707,2,1150,20,20,20
f5badee8a0e679f057ec0ca4f0f32dcb,construcao_ferramentas_construcao,59,427,8,450,20,10,15
f5caa36f71f444c6508c84818cab5641,brinquedos,46,435,4,1600,20,5,18
f5d7145132f3a1e1bfb220ac72d803c5,telefonia,39,375,4,267,19,4,12
f5ea43ddacb6538655583a8f51a12799,relogios_presentes,54,345,4,1650,42,10,42
f5f1ce81676b7ce780092a7b8d9135b4,relogios_presentes,43,886,1,275,18,9,12
f6129fe69e08f8a94a3ab1e72d9394b6,beleza_saude,44,299,1,867,17,27,16
f6241aa97cebce38a380a1ac3358c379,bebes,37,796,1,650,20,13,19
f63623e4b513b69f115a2b34b9667938,eletronicos,41,292,1,100,22,8,12
f63729cf4441fe64282cd1b82281792d,esporte_lazer,60,1358,7,2150,42,10,22
f65464750198350b78735037a9b35dd2,cama_mesa_banho,61,398,1,20100,45,15,35
f6584475ef4b8710cec93be723766326,beleza_saude,38,334,1,527,18,16,13
f65da4eafdfa856de29dc7392408dd0a,brinquedos,60,940,3,4600,70,10,38
f6691c7e7a0c12d28003c97608dfe605,fashion_roupa_masculina,47,1026,2,950,40,6,40
f67ad6b3366ae186b8d29087e6d5ebd0,automotivo,55,998,2,100,17,4,17
f67d6f74c4699f7ccf3bd1c0786901c8,ferramentas_jardim,40,187,1,1000,55,3,11
f68980d7981fcc92059f42a4fd82fb38,esporte_lazer,56,1531,1,650,34,15,12
f68db1bd8309b0f83c38d83717b390a8,utilidades_domesticas,54,246,5,700,16,17,16
f690f2a1b0ea0a320db18661b6f24b6f,fashion_calcados,54,404,4,650,22,12,33
f6a84928571f68635beb0f5c9333c6f3,esporte_lazer,60,1247,6,30000,86,66,36
f6af9afab66b4968cf9c27dcdfc42047,automotivo,45,197,2,200,16,18,11
f6bd73f359ad6b91076b19cc0b70b44a,informatica_acessorios,60,878,5,1050,29,16,18
f6ce2f79a280fa3c1ddc114d34ab273d,eletroportateis,52,1074,1,1150,16,16,16
f6e6c65001237d8ad94691b224e17753,moveis_decoracao,41,1001,1,1300,17,27,17
f6f1acecb8770430b76a87fae1c522dc,eletronicos,47,568,2,83,13,9,11
f6fa93875f4a7dac03e0a22143f4d815,cama_mesa_banho,37,212,2,450,25,9,19
f71050e65776861c8c3ec7a2d2b0194c,utilidades_domesticas,49,506,1,3050,30,30,30
f71973c922ccaab05514a36a8bc741b8,malas_acessorios,47,482,2,16100,35,65,44
f71f42e2381752836563b70beb542f80,informatica_acessorios,34,1078,2,250,41,2,29
f731f8587d4088c174397e010cf892a9,perfumaria,47,963,1,375,21,11,17
f73e87b204f0a4bcfa8edda38d11b334,automotivo,58,425,2,150,16,6,11
f74eb9bc847b5e5e906e5e214bb451b8,moveis_decoracao,59,438,1,900,30,4,20
f7739485622f3dccbf3c8755adfd76af,utilidades_domesticas,55,355,1,300,18,9,12
f77a346fdfdf07e4818efc84d3c084a9,ferramentas_jardim,58,595,3,2350,28,8,25
f77dd338d9f75229a09cbb9a18fd0c9a,cama_mesa_banho,42,734,5,400,20,20,20
f78b9bb56844b1771bb8be6e8907b1bf,esporte_lazer,51,2268,7,350,20,8,14
f7a17d2c51d9df89a4f1711c4ac17f33,utilidades_domesticas,56,1245,5,350,22,8,19
f7bb503725fb4d7bb55301d5bceba728,esporte_lazer,48,1781,1,400,22,18,12
f7f59e6186e10983a061ac7bdb3494d6,utilidades_domesticas,59,459,1,3700,32,22,46
f80214fd7d681d1dcf12b3acaf4f0da7,moveis_escritorio,45,1156,1,12250,63,58,24
f8077831f3c3f393fb67b93c5acd8daf,casa_construcao,57,921,7,750,16,20,16
f811e4e8228504bcdd34f2fe9f502c92,bebes,52,708,1,200,18,8,24
f819f0c84a64f02d3a5606ca95edd272,relogios_presentes,59,452,1,710,19,13,14
f82d1ebd3649e6b83c2d0f611cb5c540,cama_mesa_banho,60,162,1,4625,40,15,23
f83c9874b5b5044ea58fef1be68c1ea8,cool_stuff,52,791,6,5200,63,2,79
f86faff2fff9d021e363dc81bfd16930,cool_stuff,53,304,1,900,25,10,25
f889fb87b505b73de10c18b93352469f,beleza_saude,60,919,1,150,22,3,15
f89d2b130b571d24532514dca6fee2a8,eletronicos,41,383,1,150,25,7,16
f8a9ed2d85e69c00f817d88ee3de7333,esporte_lazer,36,264,2,2850,28,28,20
f8b624d4e475bb8d1bddf1b65c6a64f6,utilidades_domesticas,46,323,1,2841,40,23,26
f8c2617f62d3371e14acbe60d9483482,beleza_saude,29,455,1,450,20,6,15
f8ca22f13e0b58c30e9a8822f20d9ba9,moveis_decoracao,59,601,3,12200,51,56,36
f8cc518b0812bb0ee889350296f284e4,cool_stuff,59,1428,1,700,16,2,11
f8da9c0748a30346a534634bbdc28bec,informatica_acessorios,59,576,1,100,16,8,12
f8e75ec247fd97a5e1abcaa48e9e971d,construcao_ferramentas_construcao,47,475,1,370,44,21,12
f8ea5fcf9c628485e01b9c3cf52728c2,moveis_decoracao,49,868,2,1200,40,8,40
f8f93700c26007f74716eca57d217cfd,fashion_bolsas_e_acessorios,58,631,3,400,43,16,27
f9025647e0a95c843a2d85c23df34c6c,papelaria,60,298,2,700,66,12,12
f908d3bf313a1308bfb2a46ea2685347,brinquedos,21,587,2,100,20,20,20
f908df99196805b5bc4ada9ef510b11b,esporte_lazer,57,245,2,1950,60,15,15
f9259c9e7c0f12c70f7a81409680a5ff,esporte_lazer,45,407,2,925,52,21,33
f93213a23c50edc16c27b96333f734dc,esporte_lazer,52,482,1,7550,28,40,40
f961683d82cf9021acfcd05a6c9e38d0,esporte_lazer,48,997,1,3025,35,22,17
f96ff9b997681965689f78bef092fdd9,beleza_saude,26,1064,1,250,20,10,15
f9812ff329fb8141750f67a3e6551907,informatica_acessorios,57,236,2,300,36,5,15
f98ab3dc92c46ebabdc8f613acfae537,beleza_saude,58,1419,1,210,33,8,19
f9a09e5ecddf77ede4cade6a11624ac9,moveis_escritorio,57,2172,1,20500,58,28,58
f9af3e675a59ac5c74736e8f6e501f6b,esporte_lazer,59,3445,1,400,18,18,18
f9b1795281ce51b1cf39ef6d101ae8ab,,,,,400,32,15,15
f9cce3e19235fa7d11942f69caaa22c7,telefonia,49,1715,4,300,20,38,30
f9ebdbca177cfdb1be1ea462e9dacb82,utilidades_domesticas,28,854,4,800,23,10,23
fa23bf270fb9880690b07d09b9f9ff20,esporte_lazer,60,475,4,800,50,15,25
fa28f114992077c601cdb9810c5108a4,utilidades_domesticas,58,605,1,2500,33,31,23
fa2954f5c67b3561a247d4b5329b2cca,moveis_decoracao,52,902,4,1000,20,20,11
fa2d929efb6b3c378099488dd6b02ca5,moveis_decoracao,53,1749,3,2600,105,3,70
fa335dcd3999105b8bfb1ce9300de4d1,informatica_acessorios,32,1074,2,200,39,2,30
fa381a4a9af65ea5fc8f3829214045f9,esporte_lazer,60,1351,7,3050,62,10,22
fa64259a73edf6f724b7ddf23aac1bb0,eletroportateis,60,179,2,350,16,35,25
fa680bff04bea02bfc06fd7feef8d347,cama_mesa_banho,47,161,1,525,37,7,31
fa7be99321f2dbb1e518d2139ccb1d39,esporte_lazer,63,1908,5,500,27,15,20
fa814ebf85f1640b2acea3c4378d40f9,cama_mesa_banho,60,284,1,1150,41,13,13
fa87bc5ccdd8ea6e54117916e485cb48,cama_mesa_banho,54,634,1,1000,16,10,16
fa928ac86f42e63887184bc28cb452fc,fashion_bolsas_e_acessorios,59,1469,3,150,25,8,18
fa92cdb881a2eab7e1f10d0ba6f42fc5,relogios_presentes,55,498,3,300,16,11,15
fa9cf28beaafe4f4bec59550f6c76481,moveis_decoracao,47,470,3,400,35,6,15
fa9d34c32a70b4e50a4c2c8c2c42051f,tablets_impressao_imagem,54,145,1,100,16,6,14
fabfaca40872eacb2fdd24bc37a01232,bebes,31,162,1,19700,81,24,50
facd7264a689baabdce2373c4feb2dca,eletronicos,60,1005,1,100,16,6,16
fad4e554c85c77f187ef2c6744495d31,ferramentas_jardim,59,455,1,400,18,12,15
faec279ddbbce3de75d2adf10f612a5e,utilidades_domesticas,55,589,2,2600,50,30,32
fb00f51d564e36645bf7eab56ce5fd43,cool_stuff,26,2532,1,2035,27,13,15
fb060ad9a8625b626189641799bccf89,esporte_lazer,63,569,3,275,24,8,12
fb0f28746a21895329509c8b45f9382e,telefonia,46,556,4,150,19,3,11
fb18a1cb28af3e0832439bde416a3407,cama_mesa_banho,53,164,1,300,27,9,20
fb1c85ab4adb8f0fd63d3e2156e51f4b,esporte_lazer,33,2213,1,217,20,20,20
fb20d37a2c78452667f7a347e756727c,ferramentas_jardim,59,1251,2,800,30,12,30
fb2a6e3ef40153f4d8e0296196988bf2,automotivo,58,818,1,3100,32,12,22
fb32a0ce23fd67b9db45a4fbd9dde211,esporte_lazer,35,631,3,1900,50,15,50
fb55982be901439613a95940feefd9ee,papelaria,52,211,2,7000,60,20,30
fb61126545fe19cfa0593140a5cc3b13,fashion_bolsas_e_acessorios,57,457,2,550,16,5,30
fb6d1c0e458a83fe774bbdf52d704287,livros_interesse_geral,37,1087,1,600,17,5,28
fb7a100ec8c7b34f60cec22b1a9a10e0,brinquedos,58,321,2,150,16,16,16
fb7a74777a6afa91445275b19024a722,informatica_acessorios,54,882,4,500,20,30,30
fb8e60e1a3c247d3a2e17f6986e71a40,moveis_decoracao,58,858,1,3250,31,43,21
fb8ec7f3124032e812713f60633e6167,cama_mesa_banho,60,875,1,1050,35,3,30
fbce4c4cb307679d89a3bf3d3bb353b9,cama_mesa_banho,53,597,1,6550,30,30,30
fbecfbe44e34c5291e5499870cd5db2e,market_place,20,43,2,5000,40,40,40
fc158c6d4f95cc9d4c33c5b11b081779,esporte_lazer,22,499,6,450,30,12,15
fc17dfdde3d4bd5a186b417704775d06,utilidades_domesticas,43,1716,1,13450,54,35,45
fc1d8637c0268af3db482c14b7ef8e75,cama_mesa_banho,60,269,1,1700,34,7,32
fc2a10fccd980a626042e02b0948269d,perfumaria,53,375,4,450,27,7,13
fc2edee55f4118969f4dc49f7a717605,automotivo,47,1548,3,500,16,12,17
fc3e972df7e263b301e2bee77ac2a6d3,esporte_lazer,55,981,6,1600,24,13,16
fc5c33cddd49638580cfe9fec90aa943,bebes,16,978,1,300,16,8,11
fc5dd987f12a7b823a76a44aa1ba88f6,,,,,250,21,3,16
fc8595227785863846b7daa2ae3f2c9b,beleza_saude,60,886,1,400,20,12,12
fc931a514a3e080c336911cccd59145b,automotivo,22,721,1,679,20,17,16
fc935e2845dacecf29f0555465bed91b,relogios_presentes,45,437,3,600,19,9,15
fc9f8ce7c9be6295161b8c8fccb26b6b,bebes,57,291,1,500,40,15,35
fcaab5d7f656094e49fbe4ee3a506658,papelaria,60,234,4,7650,28,55,37
fcad6e5643f855de4b616a24e6dd25e4,cama_mesa_banho,53,334,1,15150,63,30,43
fce1a7007f115fe2b900a7592ee87c47,esporte_lazer,32,1823,2,200,18,8,14
fcf4c9a897ae906e5a467ebf4589dffd,bebes,60,262,1,987,25,25,25
fcf6ad274391aea29f5d6e5ef9da5050,pet_shop,51,1592,2,513,19,15,18
fcf8767deaa2d325a3150d5bcb8acbea,beleza_saude,43,812,1,350,19,12,13
fd0065af7f09af4b82a0ca8f3eed1852,automotivo,56,3896,7,3000,35,20,30
fd15dec337d57a332d25ec667eb5e859,relogios_presentes,49,471,2,725,26,6,27
fd1eb7fd67e76cf3283618735a57cbcd,perfumaria,57,2670,3,1600,45,10,24
fd220f6fd5a3f13ef9db07428f9c935d,bebes,51,1438,6,280,17,6,11
fd40f3ef9c7fb9c550619a88af47a5de,sinalizacao_e_seguranca,52,513,2,22550,85,85,26
fd471a043ee8b8dd27f4086495e0724c,moveis_decoracao,56,2043,5,3000,69,11,11
fd76f22bf3648e0dd4295e593def7664,automotivo,56,1383,2,1000,33,15,30
fd7d446e2582c5bbc8be63f9179e98ac,pet_shop,45,414,1,150,23,23,23
fd97587c26811f6072bacce1484fbf65,bebes,57,322,4,50,16,6,11
fdb86e192fdd20037175daab38af9656,beleza_saude,50,1410,2,800,28,5,18
fdbd77fe1773263558126c16e0b4b67c,cama_mesa_banho,59,349,2,1500,30,10,30
fdc1340be043a0e6807741d687fc1cd4,relogios_presentes,57,452,1,200,16,11,20
fdd06e4d9669d1f11992a3973a0fdd7b,beleza_saude,36,654,1,1400,31,21,31
fdde5bfe43004cc06f12152870b951f4,perfumaria,37,1470,2,475,20,16,16
fde7de6bf5508a0001da45dbe6c80b22,utilidades_domesticas,44,242,3,900,25,15,15
fe01b643060a6446e59f58e3021e66b3,perfumaria,40,659,2,1250,26,21,20
fe06d596708c590bf178cdb82aa7d48d,instrumentos_musicais,64,569,5,850,26,4,22
fe077ec80df6b4ee60bb4498d5ab1962,informatica_acessorios,56,195,1,200,16,15,15
fe3dd7b13c2aaf66e4fa4132f5c71da3,esporte_lazer,48,901,3,750,19,36,24
fe75529a267b76ac6e96f0c322a899a4,beleza_saude,33,374,1,304,20,15,15
fe7f10e5c9d36a294333b0c35ccc24ad,utilidades_domesticas,41,786,4,1150,30,25,20
fe8b0ea4a95d3a6488d8e23b41720e46,bebes,32,589,2,450,55,6,19
fe9dfbe7f974621789683b7b78be2a16,beleza_saude,54,1131,3,5300,30,24,38
fea7f0c147905a41ca324c0e3234a4c7,informatica_acessorios,60,2127,1,225,18,10,16
fecf6223a3494f35362f670e571d2a04,esporte_lazer,49,403,2,800,42,36,25
ff26009ac6b838dc6cffa2d589cdbefb,moveis_decoracao,45,318,1,3500,40,20,40
ff26b56ca9aba312af54ea3f368af943,automotivo,31,574,1,500,45,30,11
ff29d8cb1cd0cd5ea37b80dac9939e1c,eletronicos,47,485,1,200,30,10,20
ff34f05b00e8638201e04d2d0651c663,ferramentas_jardim,43,452,1,2350,30,12,15
ff55834c0b3272853dfe62340f2bb91b,relogios_presentes,52,150,4,250,16,2,11
ff5d87897ed26d564711df324b98ebee,relogios_presentes,49,443,2,350,19,13,19
ff7fccf8513f360157f0660fe51d1d88,esporte_lazer,59,1313,2,1500,80,14,16
ff817f0901191fbe02933928daa95e6e,automotivo,60,587,2,725,60,8,33
ffade53cc6541c89321fff351e04751a,brinquedos,47,390,2,1050,49,25,36
ffaf0af7eebb57c7f262b51ebb05dfd6,beleza_saude,47,808,1,1255,18,17,16
ffc9caf33e2d1e9f44e3e06da19085f7,beleza_saude,22,279,1,2134,25,22,16
ffd2365fb8224dc66883df9351d65deb,relogios_presentes,60,630,2,333,16,12,13
